t,alpha,alpha_dot
0,-3.14159,-0
0.001,-3.14159,-0
0.002,-3.14159,-0
0.003,-3.14159,-0
0.004,-3.14159,-0
0.005,-3.14159,-0
0.006,-3.14159,-0
0.007,-3.14159,-0
0.008,-3.14159,-0
0.009,-3.14159,-0
0.01,-3.14159,-0
0.011,-3.14159,-0
0.012,-3.14159,-0
0.013,-3.14159,-0
0.014,-3.14159,-0
0.015,-3.14159,-0
0.016,-3.14159,-0
0.017,-3.14159,-0
0.018,-3.14159,-0
0.019,-3.14159,-0
0.02,-3.14159,-0
0.021,-3.14159,-0
0.022,-3.14159,-0
0.023,-3.14159,-0
0.024,-3.14159,-0
0.025,-3.14159,-0
0.026,-3.14159,-0
0.027,-3.14159,-0
0.028,-3.14159,-0
0.029,-3.14159,-0
0.03,-3.14159,-0
0.031,-3.14159,-0
0.032,-3.14159,-0
0.033,-3.14159,-0
0.034,-3.14159,-0
0.035,-3.14159,-0
0.036,-3.14159,-0
0.037,-3.14159,-0
0.038,-3.14159,-0
0.039,-3.14159,-0
0.04,-3.14159,-0
0.041,-3.14159,-0
0.042,-3.14159,-0
0.043,-3.14159,-0
0.044,-3.14159,-0
0.045,-3.14159,-0
0.046,-3.14159,-0
0.047,-3.14159,-0
0.048,-3.14159,-0
0.049,-3.14159,-0
0.05,-3.14159,-0
0.051,-3.14159,-0
0.052,-3.14159,-0
0.053,-3.14159,-0
0.054,-3.14159,-0
0.055,-3.14159,-0
0.056,-3.14159,-0
0.057,-3.14159,-0
0.058,-3.14159,-0
0.059,-3.14159,-0
0.06,-3.14159,-0
0.061,-3.14159,-0
0.062,-3.14159,-0
0.063,-3.14159,-0
0.064,-3.14159,-0
0.065,-3.14159,-0
0.066,-3.14159,-0
0.067,-3.14159,-0
0.068,-3.14159,-0
0.069,-3.14159,-0
0.07,-3.14159,-0
0.071,-3.14159,-0
0.072,-3.14159,-0
0.073,-3.14159,-0
0.074,-3.14159,-0
0.075,-3.14159,-0
0.076,-3.14159,-0
0.077,-3.14159,-0
0.078,-3.14159,-0
0.079,-3.14159,-0
0.08,-3.14159,-0
0.081,-3.14159,-0
0.082,-3.14159,-0
0.083,-3.14159,-0
0.084,-3.14159,-0
0.085,-3.14159,-0
0.086,-3.14159,-0
0.087,-3.14159,-0
0.088,-3.14159,-0
0.089,-3.14159,-0
0.09,-3.14159,-0
0.091,-3.14159,-0
0.092,-3.14159,-0
0.093,-3.14159,-0
0.094,-3.14159,-0
0.095,-3.14159,-0
0.096,-3.14159,-0
0.097,-3.14159,-0
0.098,-3.14159,-0
0.099,-3.14159,-0
0.1,-3.14159,-0
0.101,-3.14159,-0
0.102,-3.14159,-0
0.103,-3.14159,-0
0.104,-3.14159,-0
0.105,-3.14159,-0
0.106,-3.14159,-0
0.107,-3.14159,-0
0.108,-3.14159,-0
0.109,-3.14159,-0
0.11,-3.14159,-0
0.111,-3.14159,-0
0.112,-3.14159,-0
0.113,-3.14159,-0
0.114,-3.14159,-0
0.115,-3.14159,-0
0.116,-3.14159,-0
0.117,-3.14159,-0
0.118,-3.14159,-0
0.119,-3.14159,-0
0.12,-3.14159,-0
0.121,-3.14159,-0
0.122,-3.14159,-0
0.123,-3.14159,-0
0.124,-3.14159,-0
0.125,-3.14159,-0
0.126,-3.14159,-0
0.127,-3.14159,-0
0.128,-3.14159,-0
0.129,-3.14159,-0
0.13,-3.14159,-0
0.131,-3.14159,-0
0.132,-3.14159,-0
0.133,-3.14159,-0
0.134,-3.14159,-0
0.135,-3.14159,-0
0.136,-3.14159,-0
0.137,-3.14159,-0
0.138,-3.14159,-0
0.139,-3.14159,-0
0.14,-3.14159,-0
0.141,-3.14159,-0
0.142,-3.14159,-0
0.143,-3.14159,-0
0.144,-3.14159,-0
0.145,-3.14159,-0
0.146,-3.14159,-0
0.147,-3.14159,-0
0.148,-3.14159,-0
0.149,-3.14159,-0
0.15,-3.14159,-0
0.151,-3.14159,-0
0.152,-3.14159,-0
0.153,-3.14159,-0
0.154,-3.14159,-0
0.155,-3.14159,-0
0.156,-3.14159,-0
0.157,-3.14159,-0
0.158,-3.14159,-0
0.159,-3.14159,-0
0.16,-3.14159,-0
0.161,-3.14159,-0
0.162,-3.14159,-0
0.163,-3.14159,-0
0.164,-3.14159,-0
0.165,-3.14159,-0
0.166,-3.14159,-0
0.167,-3.14159,-0
0.168,-3.14159,-0
0.169,-3.14159,-0
0.17,-3.14159,-0
0.171,-3.14159,-0
0.172,-3.14159,-0
0.173,-3.14159,-0
0.174,-3.14159,-0
0.175,-3.14159,-0
0.176,-3.14159,-0
0.177,-3.14159,-0
0.178,-3.14159,-0
0.179,-3.14159,-0
0.18,-3.14159,-0
0.181,-3.14159,-0
0.182,-3.14159,-0
0.183,-3.14159,-0
0.184,-3.14159,-0
0.185,-3.14159,-0
0.186,-3.14159,-0
0.187,-3.14159,-0
0.188,-3.14159,-0
0.189,-3.14159,-0
0.19,-3.14159,-0
0.191,-3.14159,-0
0.192,-3.14159,-0
0.193,-3.14159,-0
0.194,-3.14159,-0
0.195,-3.14159,-0
0.196,-3.14159,-0
0.197,-3.14159,-0
0.198,-3.14159,-0
0.199,-3.14159,-0
0.2,-3.14159,-0
0.201,-3.14159,-0
0.202,-3.14159,-0
0.203,-3.14159,-0
0.204,-3.14159,-0
0.205,-3.14159,-0
0.206,-3.14159,-0
0.207,-3.14159,-0
0.208,-3.14159,-0
0.209,-3.14159,-0
0.21,-3.14159,-0
0.211,-3.14159,-0
0.212,-3.14159,-0
0.213,-3.14159,-0
0.214,-3.14159,-0
0.215,-3.14159,-0
0.216,-3.14159,-0
0.217,-3.14159,-0
0.218,-3.14159,-0
0.219,-3.14159,-0
0.22,-3.14159,-0
0.221,-3.14159,-0
0.222,-3.14159,-0
0.223,-3.14159,-0
0.224,-3.14159,-0
0.225,-3.14159,-0
0.226,-3.14159,-0
0.227,-3.14159,-0
0.228,-3.14159,-0
0.229,-3.14159,-0
0.23,-3.14159,-0
0.231,-3.14159,-0
0.232,-3.14159,-0
0.233,-3.14159,-0
0.234,-3.14159,-0
0.235,-3.14159,-0
0.236,-3.14159,-0
0.237,-3.14159,-0
0.238,-3.14159,-0
0.239,-3.14159,-0
0.24,-3.14159,-0
0.241,-3.14159,-0
0.242,-3.14159,-0
0.243,-3.14159,-0
0.244,-3.14159,-0
0.245,-3.14159,-0
0.246,-3.14159,-0
0.247,-3.14159,-0
0.248,-3.14159,-0
0.249,-3.14159,-0
0.25,-3.14159,-0
0.251,-3.14159,-0
0.252,-3.14159,-0
0.253,-3.14159,-0
0.254,-3.14159,-0
0.255,-3.14159,-0
0.256,-3.14159,-0
0.257,-3.14159,-0
0.258,-3.14159,-0
0.259,-3.14159,-0
0.26,-3.14159,-0
0.261,-3.14159,-0
0.262,-3.14159,-0
0.263,-3.14159,-0
0.264,-3.14159,-0
0.265,-3.14159,-0
0.266,-3.14159,-0
0.267,-3.14159,-0
0.268,-3.14159,-0
0.269,-3.14159,-0
0.27,-3.14159,-0
0.271,-3.14159,-0
0.272,-3.14159,-0
0.273,-3.14159,-0
0.274,-3.14159,-0
0.275,-3.14159,-0
0.276,-3.14159,-0
0.277,-3.14159,-0
0.278,-3.14159,-0
0.279,-3.14159,-0
0.28,-3.14159,-0
0.281,-3.14159,-0
0.282,-3.14159,-0
0.283,-3.14159,-0
0.284,-3.14159,-0
0.285,-3.14159,-0
0.286,-3.14159,-0
0.287,-3.14159,-0
0.288,-3.14159,-0
0.289,-3.14159,-0
0.29,-3.14159,-0
0.291,-3.14159,-0
0.292,-3.14159,-0
0.293,-3.14159,-0
0.294,-3.14159,-0
0.295,-3.14159,-0
0.296,-3.14159,-0
0.297,-3.14159,-0
0.298,-3.14159,-0
0.299,-3.14159,-0
0.3,-3.14159,-0
0.301,-3.14159,-0
0.302,-3.14159,-0
0.303,-3.14159,-0
0.304,-3.14159,-0
0.305,-3.14159,-0
0.306,-3.14159,-0
0.307,-3.14159,-0
0.308,-3.14159,-0
0.309,-3.14159,-0
0.31,-3.14159,-0
0.311,-3.14159,-0
0.312,-3.14159,-0
0.313,-3.14159,-0
0.314,-3.14159,-0
0.315,-3.14159,-0
0.316,-3.14159,-0
0.317,-3.14159,-0
0.318,-3.14159,-0
0.319,-3.14159,-0
0.32,-3.14159,-0
0.321,-3.14159,-0
0.322,-3.14159,-0
0.323,-3.14159,-0
0.324,-3.14159,-0
0.325,-3.14159,-0
0.326,-3.14159,-0
0.327,-3.14159,-0
0.328,-3.14159,-0
0.329,-3.14159,-0
0.33,-3.14159,-0
0.331,-3.14159,-0
0.332,-3.14159,-0
0.333,-3.14159,-0
0.334,-3.14159,-0
0.335,-3.14159,-0
0.336,-3.14159,-0
0.337,-3.14159,-0
0.338,-3.14159,-0
0.339,-3.14159,-0
0.34,-3.14159,-0
0.341,-3.14159,-0
0.342,-3.14159,-0
0.343,-3.14159,-0
0.344,-3.14159,-0
0.345,-3.14159,-0
0.346,-3.14159,-0
0.347,-3.14159,-0
0.348,-3.14159,-0
0.349,-3.14159,-0
0.35,-3.14159,-0
0.351,-3.14159,-0
0.352,-3.14159,-0
0.353,-3.14159,-0
0.354,-3.14159,-0
0.355,-3.14159,-0
0.356,-3.14159,-0
0.357,-3.14159,-0
0.358,-3.14159,-0
0.359,-3.14159,-0
0.36,-3.14159,-0
0.361,-3.14159,-0
0.362,-3.14159,-0
0.363,-3.14159,-0
0.364,-3.14159,-0
0.365,-3.14159,-0
0.366,-3.14159,-0
0.367,-3.14159,-0
0.368,-3.14159,-0
0.369,-3.14159,-0
0.37,-3.14159,-0
0.371,-3.14159,-0
0.372,-3.14159,-0
0.373,-3.14159,-0
0.374,-3.14159,-0
0.375,-3.14159,-0
0.376,-3.14159,-0
0.377,-3.14159,-0
0.378,-3.14159,-0
0.379,-3.14159,-0
0.38,-3.14159,-0
0.381,-3.14159,-0
0.382,-3.14159,-0
0.383,-3.14159,-0
0.384,-3.14159,-0
0.385,-3.14159,-0
0.386,-3.14159,-0
0.387,-3.14159,-0
0.388,-3.14159,-0
0.389,-3.14159,-0
0.39,-3.14159,-0
0.391,-3.14159,-0
0.392,-3.14159,-0
0.393,-3.14159,-0
0.394,-3.14159,-0
0.395,-3.14159,-0
0.396,-3.14159,-0
0.397,-3.14159,-0
0.398,-3.14159,-0
0.399,-3.14159,-0
0.4,-3.14159,-0
0.401,-3.14159,-0
0.402,-3.14159,-0
0.403,-3.14159,-0
0.404,-3.14159,-0
0.405,-3.14159,-0
0.406,-3.14159,-0
0.407,-3.14159,-0
0.408,-3.14159,-0
0.409,-3.14159,-0
0.41,-3.14159,-0
0.411,-3.14159,-0
0.412,-3.14159,-0
0.413,-3.14159,-0
0.414,-3.14159,-0
0.415,-3.14159,-0
0.416,-3.14159,-0
0.417,-3.14159,-0
0.418,-3.14159,-0
0.419,-3.14159,-0
0.42,-3.14159,-0
0.421,-3.14159,-0
0.422,-3.14159,-0
0.423,-3.14159,-0
0.424,-3.14159,-0
0.425,-3.14159,-0
0.426,-3.14159,-0
0.427,-3.14159,-0
0.428,-3.14159,-0
0.429,-3.14159,-0
0.43,-3.14159,-0
0.431,-3.14159,-0
0.432,-3.14159,-0
0.433,-3.14159,-0
0.434,-3.14159,-0
0.435,-3.14159,-0
0.436,-3.14159,-0
0.437,-3.14159,-0
0.438,-3.14159,-0
0.439,-3.14159,-0
0.44,-3.14159,-0
0.441,-3.14159,-0
0.442,-3.14159,-0
0.443,-3.14159,-0
0.444,-3.14159,-0
0.445,-3.14159,-0
0.446,-3.14159,-0
0.447,-3.14159,-0
0.448,-3.14159,-0
0.449,-3.14159,-0
0.45,-3.14159,-0
0.451,-3.14159,-0
0.452,-3.14159,-0
0.453,-3.14159,-0
0.454,-3.14159,-0
0.455,-3.14159,-0
0.456,-3.14159,-0
0.457,-3.14159,-0
0.458,-3.14159,-0
0.459,-3.14159,-0
0.46,-3.14159,-0
0.461,-3.14159,-0
0.462,-3.14159,-0
0.463,-3.14159,-0
0.464,-3.14159,-0
0.465,-3.14159,-0
0.466,-3.14159,-0
0.467,-3.14159,-0
0.468,-3.14159,-0
0.469,-3.14159,-0
0.47,-3.14159,-0
0.471,-3.14159,-0
0.472,-3.14159,-0
0.473,-3.14159,-0
0.474,-3.14159,-0
0.475,-3.14159,-0
0.476,-3.14159,-0
0.477,-3.14159,-0
0.478,-3.14159,-0
0.479,-3.14159,-0
0.48,-3.14159,-0
0.481,-3.14159,-0
0.482,-3.14159,-0
0.483,-3.14159,-0
0.484,-3.14159,-0
0.485,-3.14159,-0
0.486,-3.14159,-0
0.487,-3.14159,-0
0.488,-3.14159,-0
0.489,-3.14159,-0
0.49,-3.14159,-0
0.491,-3.14159,-0
0.492,-3.14159,-0
0.493,-3.14159,-0
0.494,-3.14159,-0
0.495,-3.14159,-0
0.496,-3.14159,-0
0.497,-3.14159,-0
0.498,-3.14159,-0
0.499,-3.14159,-0
0.5,-3.14159,-0
0.501,-3.14159,-0
0.502,-3.14159,-0
0.503,-3.14159,-0
0.504,-3.14159,-0
0.505,-3.14159,-0
0.506,-3.14159,-0
0.507,-3.14159,-0
0.508,-3.14159,-0
0.509,-3.14159,-0
0.51,-3.14159,-0
0.511,-3.14159,-0
0.512,-3.14159,-0
0.513,-3.14159,-0
0.514,-3.14159,-0
0.515,-3.14159,-0
0.516,-3.14159,-0
0.517,-3.14159,-0
0.518,-3.14159,-0
0.519,-3.14159,-0
0.52,-3.14159,-0
0.521,-3.14159,-0
0.522,-3.14159,-0
0.523,-3.14159,-0
0.524,-3.14159,-0
0.525,-3.14159,-0
0.526,-3.14159,-0
0.527,-3.14159,-0
0.528,-3.14159,-0
0.529,-3.14159,-0
0.53,-3.14159,-0
0.531,-3.14159,-0
0.532,-3.14159,-0
0.533,-3.14159,-0
0.534,-3.14159,-0
0.535,-3.14159,-0
0.536,-3.14159,-0
0.537,-3.14159,-0
0.538,-3.14159,-0
0.539,-3.14159,-0
0.54,-3.14159,-0
0.541,-3.14159,-0
0.542,-3.14159,-0
0.543,-3.14159,-0
0.544,-3.14159,-0
0.545,-3.14159,-0
0.546,-3.14159,-0
0.547,-3.14159,-0
0.548,-3.14159,-0
0.549,-3.14159,-0
0.55,-3.14159,-0
0.551,-3.14159,-0
0.552,-3.14159,-0
0.553,-3.14159,-0
0.554,-3.14159,-0
0.555,-3.14159,-0
0.556,-3.14159,-0
0.557,-3.14159,-0
0.558,-3.14159,-0
0.559,-3.14159,-0
0.56,-3.14159,-0
0.561,-3.14159,-0
0.562,-3.14159,-0
0.563,-3.14159,-0
0.564,-3.14159,-0
0.565,-3.14159,-0
0.566,-3.14159,-0
0.567,-3.14159,-0
0.568,-3.14159,-0
0.569,-3.14159,-0
0.57,-3.14159,-0
0.571,-3.14159,-0
0.572,-3.14159,-0
0.573,-3.14159,-0
0.574,-3.14159,-0
0.575,-3.14159,-0
0.576,-3.14159,-0
0.577,-3.14159,-0
0.578,-3.14159,-0
0.579,-3.14159,-0
0.58,-3.14159,-0
0.581,-3.14159,-0
0.582,-3.14159,-0
0.583,-3.14159,-0
0.584,-3.14159,-0
0.585,-3.14159,-0
0.586,-3.14159,-0
0.587,-3.14159,-0
0.588,-3.14159,-0
0.589,-3.14159,-0
0.59,-3.14159,-0
0.591,-3.14159,-0
0.592,-3.14159,-0
0.593,-3.14159,-0
0.594,-3.14159,-0
0.595,-3.14159,-0
0.596,-3.14159,-0
0.597,-3.14159,-0
0.598,-3.14159,-0
0.599,-3.14159,-0
0.6,-3.14159,-0
0.601,-3.14159,-0
0.602,-3.14159,-0
0.603,-3.14159,-0
0.604,-3.14159,-0
0.605,-3.14159,-0
0.606,-3.14159,-0
0.607,-3.14159,-0
0.608,-3.14159,-0
0.609,-3.14159,-0
0.61,-3.14159,-0
0.611,-3.14159,-0
0.612,-3.14159,-0
0.613,-3.14159,-0
0.614,-3.14159,-0
0.615,-3.14159,-0
0.616,-3.14159,-0
0.617,-3.14159,-0
0.618,-3.14159,-0
0.619,-3.14159,-0
0.62,-3.14159,-0
0.621,-3.14159,-0
0.622,-3.14159,-0
0.623,-3.14159,-0
0.624,-3.14159,-0
0.625,-3.14159,-0
0.626,-3.14159,-0
0.627,-3.14159,-0
0.628,-3.14159,-0
0.629,-3.14159,-0
0.63,-3.14159,-0
0.631,-3.14159,-0
0.632,-3.14159,-0
0.633,-3.14159,-0
0.634,-3.14159,-0
0.635,-3.14159,-0
0.636,-3.14159,-0
0.637,-3.14159,-0
0.638,-3.14159,-0
0.639,-3.14159,-0
0.64,-3.14159,-0
0.641,-3.14159,-0
0.642,-3.14159,-0
0.643,-3.14159,-0
0.644,-3.14159,-0
0.645,-3.14159,-0
0.646,-3.14159,-0
0.647,-3.14159,-0
0.648,-3.14159,-0
0.649,-3.14159,-0
0.65,-3.14159,-0
0.651,-3.14159,-0
0.652,-3.14159,-0
0.653,-3.14159,-0
0.654,-3.14159,-0
0.655,-3.14159,-0
0.656,-3.14159,-0
0.657,-3.14159,-0
0.658,-3.14159,-0
0.659,-3.14159,-0
0.66,-3.14159,-0
0.661,-3.14159,-0
0.662,-3.14159,-0
0.663,-3.14159,-0
0.664,-3.14159,-0
0.665,-3.14159,-0
0.666,-3.14159,-0
0.667,-3.14159,-0
0.668,-3.14159,-0
0.669,-3.14159,-0
0.67,-3.14159,-0
0.671,-3.14159,-0
0.672,-3.14159,-0
0.673,-3.14159,-0
0.674,-3.14159,-0
0.675,-3.14159,-0
0.676,-3.14159,-0
0.677,-3.14159,-0
0.678,-3.14159,-0
0.679,-3.14159,-0
0.68,-3.14159,-0
0.681,-3.14159,-0
0.682,-3.14159,-0
0.683,-3.14159,-0
0.684,-3.14159,-0
0.685,-3.14159,-0
0.686,-3.14159,-0
0.687,-3.14159,-0
0.688,-3.14159,-0
0.689,-3.14159,-0
0.69,-3.14159,-0
0.691,-3.14159,-0
0.692,-3.14159,-0
0.693,-3.14159,-0
0.694,-3.14159,-0
0.695,-3.14159,-0
0.696,-3.14159,-0
0.697,-3.14159,-0
0.698,-3.14159,-0
0.699,-3.14159,-0
0.7,-3.14159,-0
0.701,-3.14159,-0
0.702,-3.14159,-0
0.703,-3.14159,-0
0.704,-3.14159,-0
0.705,-3.14159,-0
0.706,-3.14159,-0
0.707,-3.14159,-0
0.708,-3.14159,-0
0.709,-3.14159,-0
0.71,-3.14159,-0
0.711,-3.14159,-0
0.712,-3.14159,-0
0.713,-3.14159,-0
0.714,-3.14159,-0
0.715,-3.14159,-0
0.716,-3.14159,-0
0.717,-3.14159,-0
0.718,-3.14159,-0
0.719,-3.14159,-0
0.72,-3.14159,-0
0.721,-3.14159,-0
0.722,-3.14159,-0
0.723,-3.14159,-0
0.724,-3.14159,-0
0.725,-3.14159,-0
0.726,-3.14159,-0
0.727,-3.14159,-0
0.728,-3.14159,-0
0.729,-3.14159,-0
0.73,-3.14159,-0
0.731,-3.14159,-0
0.732,-3.14159,-0
0.733,-3.14159,-0
0.734,-3.14159,-0
0.735,-3.14159,-0
0.736,-3.14159,-0
0.737,-3.14159,-0
0.738,-3.14159,-0
0.739,-3.14159,-0
0.74,-3.14159,-0
0.741,-3.14159,-0
0.742,-3.14159,-0
0.743,-3.14159,-0
0.744,-3.14159,-0
0.745,-3.14159,-0
0.746,-3.14159,-0
0.747,-3.14159,-0
0.748,-3.14159,-0
0.749,-3.14159,-0
0.75,-3.14159,-0
0.751,-3.14159,-0
0.752,-3.14159,-0
0.753,-3.14159,-0
0.754,-3.14159,-0
0.755,-3.14159,-0
0.756,-3.14159,-0
0.757,-3.14159,-0
0.758,-3.14159,-0
0.759,-3.14159,-0
0.76,-3.14159,-0
0.761,-3.14159,-0
0.762,-3.14159,-0
0.763,-3.14159,-0
0.764,-3.14159,-0
0.765,-3.14159,-0
0.766,-3.14159,-0
0.767,-3.14159,-0
0.768,-3.14159,-0
0.769,-3.14159,-0
0.77,-3.14159,-0
0.771,-3.14159,-0
0.772,-3.14159,-0
0.773,-3.14159,-0
0.774,-3.14159,-0
0.775,-3.14159,-0
0.776,-3.14159,-0
0.777,-3.14159,-0
0.778,-3.14159,-0
0.779,-3.14159,-0
0.78,-3.14159,-0
0.781,-3.14159,-0
0.782,-3.14159,-0
0.783,-3.14159,-0
0.784,-3.14159,-0
0.785,-3.14159,-0
0.786,-3.14159,-0
0.787,-3.14159,-0
0.788,-3.14159,-0
0.789,-3.14159,-0
0.79,-3.14159,-0
0.791,-3.14159,-0
0.792,-3.14159,-0
0.793,-3.14159,-0
0.794,-3.14159,-0
0.795,-3.14159,-0
0.796,-3.14159,-0
0.797,-3.14159,-0
0.798,-3.14159,-0
0.799,-3.14159,-0
0.8,-3.14159,-0
0.801,-3.14159,-0
0.802,-3.14159,-0
0.803,-3.14159,-0
0.804,-3.14159,-0
0.805,-3.14159,-0
0.806,-3.14159,-0
0.807,-3.14159,-0
0.808,-3.14159,-0
0.809,-3.14159,-0
0.81,-3.14159,-0
0.811,-3.14159,-0
0.812,-3.14159,-0
0.813,-3.14159,-0
0.814,-3.14159,-0
0.815,-3.14159,-0
0.816,-3.14159,-0
0.817,-3.14159,-0
0.818,-3.14159,-0
0.819,-3.14159,-0
0.82,-3.14159,-0
0.821,-3.14159,-0
0.822,-3.14159,-0
0.823,-3.14159,-0
0.824,-3.14159,-0
0.825,-3.14159,-0
0.826,-3.14159,-0
0.827,-3.14159,-0
0.828,-3.14159,-0
0.829,-3.14159,-0
0.83,-3.14159,-0
0.831,-3.14159,-0
0.832,-3.14159,-0
0.833,-3.14159,-0
0.834,-3.14159,-0
0.835,-3.14159,-0
0.836,-3.14159,-0
0.837,-3.14159,-0
0.838,-3.14159,-0
0.839,-3.14159,-0
0.84,-3.14159,-0
0.841,-3.14159,-0
0.842,-3.14159,-0
0.843,-3.14159,-0
0.844,-3.14159,-0
0.845,-3.14159,-0
0.846,-3.14159,-0
0.847,-3.14159,-0
0.848,-3.14159,-0
0.849,-3.14159,-0
0.85,-3.14159,-0
0.851,-3.14159,-0
0.852,-3.14159,-0
0.853,-3.14159,-0
0.854,-3.14159,-0
0.855,-3.14159,-0
0.856,-3.14159,-0
0.857,-3.14159,-0
0.858,-3.14159,-0
0.859,-3.14159,-0
0.86,-3.14159,-0
0.861,-3.14159,-0
0.862,-3.14159,-0
0.863,-3.14159,-0
0.864,-3.14159,-0
0.865,-3.14159,-0
0.866,-3.14159,-0
0.867,-3.14159,-0
0.868,-3.14159,-0
0.869,-3.14159,-0
0.87,-3.14159,-0
0.871,-3.14159,-0
0.872,-3.14159,-0
0.873,-3.14159,-0
0.874,-3.14159,-0
0.875,-3.14159,-0
0.876,-3.14159,-0
0.877,-3.14159,-0
0.878,-3.14159,-0
0.879,-3.14159,-0
0.88,-3.14159,-0
0.881,-3.14159,-0
0.882,-3.14159,-0
0.883,-3.14159,-0
0.884,-3.14159,-0
0.885,-3.14159,-0
0.886,-3.14159,-0
0.887,-3.14159,-0
0.888,-3.14159,-0
0.889,-3.14159,-0
0.89,-3.14159,-0
0.891,-3.14159,-0
0.892,-3.14159,-0
0.893,-3.14159,-0
0.894,-3.14159,-0
0.895,-3.14159,-0
0.896,-3.14159,-0
0.897,-3.14159,-0
0.898,-3.14159,-0
0.899,-3.14159,-0
0.9,-3.14159,-0
0.901,-3.14159,-0
0.902,-3.14159,-0
0.903,-3.14159,-0
0.904,-3.14159,-0
0.905,-3.14159,-0
0.906,-3.14159,-0
0.907,-3.14159,-0
0.908,-3.14159,-0
0.909,-3.14159,-0
0.91,-3.14159,-0
0.911,-3.14159,-0
0.912,-3.14159,-0
0.913,-3.14159,-0
0.914,-3.14159,-0
0.915,-3.14159,-0
0.916,-3.14159,-0
0.917,-3.14159,-0
0.918,-3.14159,-0
0.919,-3.14159,-0
0.92,-3.14159,-0
0.921,-3.14159,-0
0.922,-3.14159,-0
0.923,-3.14159,-0
0.924,-3.14159,-0
0.925,-3.14159,-0
0.926,-3.14159,-0
0.927,-3.14159,-0
0.928,-3.14159,-0
0.929,-3.14159,-0
0.93,-3.14159,-0
0.931,-3.14159,-0
0.932,-3.14159,-0
0.933,-3.14159,-0
0.934,-3.14159,-0
0.935,-3.14159,-0
0.936,-3.14159,-0
0.937,-3.14159,-0
0.938,-3.14159,-0
0.939,-3.14159,-0
0.94,-3.14159,-0
0.941,-3.14159,-0
0.942,-3.14159,-0
0.943,-3.14159,-0
0.944,-3.14159,-0
0.945,-3.14159,-0
0.946,-3.14159,-0
0.947,-3.14159,-0
0.948,-3.14159,-0
0.949,-3.14159,-0
0.95,-3.14159,-0
0.951,-3.14159,-0
0.952,-3.14159,-0
0.953,-3.14159,-0
0.954,-3.14159,-0
0.955,-3.14159,-0
0.956,-3.14159,-0
0.957,-3.14159,-0
0.958,-3.14159,-0
0.959,-3.14159,-0
0.96,-3.14159,-0
0.961,-3.14159,-0
0.962,-3.14159,-0
0.963,-3.14159,-0
0.964,-3.14159,-0
0.965,-3.14159,-0
0.966,-3.14159,-0
0.967,-3.14159,-0
0.968,-3.14159,-0
0.969,-3.14159,-0
0.97,-3.14159,-0
0.971,-3.14159,-0
0.972,-3.14159,-0
0.973,-3.14159,-0
0.974,-3.14159,-0
0.975,-3.14159,-0
0.976,-3.14159,-0
0.977,-3.14159,-0
0.978,-3.14159,-0
0.979,-3.14159,-0
0.98,-3.14159,-0
0.981,-3.14159,-0
0.982,-3.14159,-0
0.983,-3.14159,-0
0.984,-3.14159,-0
0.985,-3.14159,-0
0.986,-3.14159,-0
0.987,-3.14159,-0
0.988,-3.14159,-0
0.989,-3.14159,-0
0.99,-3.14159,-0
0.991,-3.14159,-0
0.992,-3.14159,-0
0.993,-3.14159,-0
0.994,-3.14159,-0
0.995,-3.14159,-0
0.996,-3.14159,-0
0.997,-3.14159,-0
0.998,-3.14159,-0
0.999,-3.14159,-0
1,-3.14159,-0
1.001,-3.14159,-0
1.002,-3.14159,-0
1.003,-3.14159,-0
1.004,-3.14159,-0
1.005,-3.14159,-0
1.006,-3.14159,-0
1.007,-3.14159,-0
1.008,-3.14159,-0
1.009,-3.14159,-0
1.01,-3.14159,-0
1.011,-3.14159,-0
1.012,-3.14159,-0
1.013,-3.14159,-0
1.014,-3.14159,-0
1.015,-3.14159,-0
1.016,-3.14159,-0
1.017,-3.14159,-0
1.018,-3.14159,-0
1.019,-3.14159,-0
1.02,-3.14159,-0
1.021,-3.14159,-0
1.022,-3.14159,-0
1.023,-3.14159,-0
1.024,-3.14159,-0
1.025,-3.14159,-0
1.026,-3.14159,-0
1.027,-3.14159,-0
1.028,-3.14159,-0
1.029,-3.14159,-0
1.03,-3.14159,-0
1.031,-3.14159,-0
1.032,-3.14159,-0
1.033,-3.14159,-0
1.034,-3.14159,-0
1.035,-3.14159,-0
1.036,-3.14159,-0
1.037,-3.14159,-0
1.038,-3.14159,-0
1.039,-3.14159,-0
1.04,-3.14159,-0
1.041,-3.14159,-0
1.042,-3.14159,-0
1.043,-3.14159,-0
1.044,-3.14159,-0
1.045,-3.14159,-0
1.046,-3.14159,-0
1.047,-3.14159,-0
1.048,-3.14159,-0
1.049,-3.14159,-0
1.05,-3.14159,-0
1.051,-3.14159,-0
1.052,-3.14159,-0
1.053,-3.14159,-0
1.054,-3.14159,-0
1.055,-3.14159,-0
1.056,-3.14159,-0
1.057,-3.14159,-0
1.058,-3.14159,-0
1.059,-3.14159,-0
1.06,-3.14159,-0
1.061,-3.14159,-0
1.062,-3.14159,-0
1.063,-3.14159,-0
1.064,-3.14159,-0
1.065,-3.14159,-0
1.066,-3.14159,-0
1.067,-3.14159,-0
1.068,-3.14159,-0
1.069,-3.14159,-0
1.07,-3.14159,-0
1.071,-3.14159,-0
1.072,-3.14159,-0
1.073,-3.14159,-0
1.074,-3.14159,-0
1.075,-3.14159,-0
1.076,-3.14159,-0
1.077,-3.14159,-0
1.078,-3.14159,-0
1.079,-3.14159,-0
1.08,-3.14159,-0
1.081,-3.14159,-0
1.082,-3.14159,-0
1.083,-3.14159,-0
1.084,-3.14159,-0
1.085,-3.14159,-0
1.086,-3.14159,-0
1.087,-3.14159,-0
1.088,-3.14159,-0
1.089,-3.14159,-0
1.09,-3.14159,-0
1.091,-3.14159,-0
1.092,-3.14159,-0
1.093,-3.14159,-0
1.094,-3.14159,-0
1.095,-3.14159,-0
1.096,-3.14159,-0
1.097,-3.14159,-0
1.098,-3.14159,-0
1.099,-3.14159,-0
1.1,-3.14159,-0
1.101,-3.14159,-0
1.102,-3.14159,-0
1.103,-3.14159,-0
1.104,-3.14159,-0
1.105,-3.14159,-0
1.106,-3.14159,-0
1.107,-3.14159,-0
1.108,-3.14159,-0
1.109,-3.14159,-0
1.11,-3.14159,-0
1.111,-3.14159,-0
1.112,-3.14159,-0
1.113,-3.14159,-0
1.114,-3.14159,-0
1.115,-3.14159,-0
1.116,-3.14159,-0
1.117,-3.14159,-0
1.118,-3.14159,-0
1.119,-3.14159,-0
1.12,-3.14159,-0
1.121,-3.14159,-0
1.122,-3.14159,-0
1.123,-3.14159,-0
1.124,-3.14159,-0
1.125,-3.14159,-0
1.126,-3.14159,-0
1.127,-3.14159,-0
1.128,-3.14159,-0
1.129,-3.14159,-0
1.13,-3.14159,-0
1.131,-3.14159,-0
1.132,-3.14159,-0
1.133,-3.14159,-0
1.134,-3.14159,-0
1.135,-3.14159,-0
1.136,-3.14159,-0
1.137,-3.14159,-0
1.138,-3.14159,-0
1.139,-3.14159,-0
1.14,-3.14159,-0
1.141,-3.14159,-0
1.142,-3.14159,-0
1.143,-3.14159,-0
1.144,-3.14159,-0
1.145,-3.14159,-0
1.146,-3.14159,-0
1.147,-3.14159,-0
1.148,-3.14159,-0
1.149,-3.14159,-0
1.15,-3.14159,-0
1.151,-3.14159,-0
1.152,-3.14159,-0
1.153,-3.14159,-0
1.154,-3.14159,-0
1.155,-3.14159,-0
1.156,-3.14159,-0
1.157,-3.14159,-0
1.158,-3.14159,-0
1.159,-3.14159,-0
1.16,-3.14159,-0
1.161,-3.14159,-0
1.162,-3.14159,-0
1.163,-3.14159,-0
1.164,-3.14159,-0
1.165,-3.14159,-0
1.166,-3.14159,-0
1.167,-3.14159,-0
1.168,-3.14159,-0
1.169,-3.14159,-0
1.17,-3.14159,-0
1.171,-3.14159,-0
1.172,-3.14159,-0
1.173,-3.14159,-0
1.174,-3.14159,-0
1.175,-3.14159,-0
1.176,-3.14159,-0
1.177,-3.14159,-0
1.178,-3.14159,-0
1.179,-3.14159,-0
1.18,-3.14159,-0
1.181,-3.14159,-0
1.182,-3.14159,-0
1.183,-3.14159,-0
1.184,-3.14159,-0
1.185,-3.14159,-0
1.186,-3.14159,-0
1.187,-3.14159,-0
1.188,-3.14159,-0
1.189,-3.14159,-0
1.19,-3.14159,-0
1.191,-3.14159,-0
1.192,-3.14159,-0
1.193,-3.14159,-0
1.194,-3.14159,-0
1.195,-3.14159,-0
1.196,-3.14159,-0
1.197,-3.14159,-0
1.198,-3.14159,-0
1.199,-3.14159,-0
1.2,-3.14159,-0
1.201,-3.14159,-0
1.202,-3.14159,-0
1.203,-3.14159,-0
1.204,-3.14159,-0
1.205,-3.14159,-0
1.206,-3.14159,-0
1.207,-3.14159,-0
1.208,-3.14159,-0
1.209,-3.14159,-0
1.21,-3.14159,-0
1.211,-3.14159,-0
1.212,-3.14159,-0
1.213,-3.14159,-0
1.214,-3.14159,-0
1.215,-3.14159,-0
1.216,-3.14159,-0
1.217,-3.14159,-0
1.218,-3.14159,-0
1.219,-3.14159,-0
1.22,-3.14159,-0
1.221,-3.14159,-0
1.222,-3.14159,-0
1.223,-3.14159,-0
1.224,-3.14159,-0
1.225,-3.14159,-0
1.226,-3.14159,-0
1.227,-3.14159,-0
1.228,-3.14159,-0
1.229,-3.14159,-0
1.23,-3.14159,-0
1.231,-3.14159,-0
1.232,-3.14159,-0
1.233,-3.14159,-0
1.234,-3.14159,-0
1.235,-3.14159,-0
1.236,-3.14159,-0
1.237,-3.14159,-0
1.238,-3.14159,-0
1.239,-3.14159,-0
1.24,-3.14159,-0
1.241,-3.14159,-0
1.242,-3.14159,-0
1.243,-3.14159,-0
1.244,-3.14159,-0
1.245,-3.14159,-0
1.246,-3.14159,-0
1.247,-3.14159,-0
1.248,-3.14159,-0
1.249,-3.14159,-0
1.25,-3.14159,-0
1.251,-3.14159,-0
1.252,-3.14159,-0
1.253,-3.14159,-0
1.254,-3.14159,-0
1.255,-3.14159,-0
1.256,-3.14159,-0
1.257,-3.14159,-0
1.258,-3.14159,-0
1.259,-3.14159,-0
1.26,-3.14159,-0
1.261,-3.14159,-0
1.262,-3.14159,-0
1.263,-3.14159,-0
1.264,-3.14159,-0
1.265,-3.14159,-0
1.266,-3.14159,-0
1.267,-3.14159,-0
1.268,-3.14159,-0
1.269,-3.14159,-0
1.27,-3.14159,-0
1.271,-3.14159,-0
1.272,-3.14159,-0
1.273,-3.14159,-0
1.274,-3.14159,-0
1.275,-3.14159,-0
1.276,-3.14159,-0
1.277,-3.14159,-0
1.278,-3.14159,-0
1.279,-3.14159,-0
1.28,-3.14159,-0
1.281,-3.14159,-0
1.282,-3.14159,-0
1.283,-3.14159,-0
1.284,-3.14159,-0
1.285,-3.14159,-0
1.286,-3.14159,-0
1.287,-3.14159,-0
1.288,-3.14159,-0
1.289,-3.14159,-0
1.29,-3.14159,-0
1.291,-3.14159,-0
1.292,-3.14159,-0
1.293,-3.14159,-0
1.294,-3.14159,-0
1.295,-3.14159,-0
1.296,-3.14159,-0
1.297,-3.14159,-0
1.298,-3.14159,-0
1.299,-3.14159,-0
1.3,-3.14159,-0
1.301,-3.14159,-0
1.302,-3.14159,-0
1.303,3.13852,-0
1.304,3.13852,-0
1.305,3.13852,-0
1.306,3.13852,-0
1.307,3.13852,-0
1.308,3.13852,-0
1.309,3.13852,-0
1.31,3.13852,-0
1.311,3.13852,-0
1.312,3.13546,-0
1.313,3.13546,-0
1.314,3.13546,-0
1.315,3.13546,-0
1.316,3.13546,-0
1.317,3.13546,-0
1.318,3.13546,-0
1.319,3.13239,-0
1.32,3.13239,-0
1.321,3.13239,-0
1.322,3.13239,-0
1.323,3.13239,-0
1.324,3.12932,-0
1.325,3.12932,-0
1.326,3.12932,-0
1.327,3.12932,-0
1.328,3.12932,-0
1.329,3.12625,-0.459002
1.33,3.12625,-0.459002
1.331,3.12625,-0.459002
1.332,3.12625,-0.459002
1.333,3.12625,-0.459002
1.334,3.12318,-0.459002
1.335,3.12318,-0.459002
1.336,3.12318,-0.459002
1.337,3.12318,-0.459002
1.338,3.12012,-0.459002
1.339,3.12012,-0.459002
1.34,3.12012,-0.459002
1.341,3.11705,-0.459002
1.342,3.11705,-0.459002
1.343,3.11705,-0.459002
1.344,3.11398,-0.842156
1.345,3.11398,-0.842156
1.346,3.11398,-0.842156
1.347,3.11091,-0.842156
1.348,3.11091,-0.842156
1.349,3.11091,-0.842156
1.35,3.10785,-0.842156
1.351,3.10785,-0.842156
1.352,3.10478,-0.842156
1.353,3.10478,-0.842156
1.354,3.10171,-1.17361
1.355,3.10171,-1.17361
1.356,3.10171,-1.17361
1.357,3.09864,-1.17361
1.358,3.09864,-1.17361
1.359,3.09557,-1.17361
1.36,3.09557,-1.17361
1.361,3.09251,-1.17361
1.362,3.09251,-1.17361
1.363,3.08944,-1.40407
1.364,3.08944,-1.40407
1.365,3.08637,-1.40407
1.366,3.08637,-1.40407
1.367,3.0833,-1.40407
1.368,3.0833,-1.40407
1.369,3.08023,-1.40407
1.37,3.08023,-1.40407
1.371,3.07717,-1.60059
1.372,3.07717,-1.60059
1.373,3.0741,-1.60059
1.374,3.07103,-1.60059
1.375,3.07103,-1.60059
1.376,3.06796,-1.60059
1.377,3.06796,-1.60059
1.378,3.06489,-1.76296
1.379,3.06183,-1.76296
1.38,3.06183,-1.76296
1.381,3.05876,-1.76296
1.382,3.05876,-1.76296
1.383,3.05569,-1.76296
1.384,3.05262,-1.90135
1.385,3.05262,-1.90135
1.386,3.04955,-1.90135
1.387,3.04649,-1.90135
1.388,3.04649,-1.90135
1.389,3.04342,-1.90135
1.39,3.04035,-1.9924
1.391,3.04035,-1.9924
1.392,3.03728,-1.9924
1.393,3.03421,-1.9924
1.394,3.03421,-1.9924
1.395,3.03115,-1.9924
1.396,3.02808,-2.03968
1.397,3.02808,-2.03968
1.398,3.02501,-2.03968
1.399,3.02194,-2.03968
1.4,3.02194,-2.03968
1.401,3.01887,-2.03968
1.402,3.01581,-2.04526
1.403,3.01581,-2.04526
1.404,3.01274,-2.04526
1.405,3.00967,-2.04526
1.406,3.00967,-2.04526
1.407,3.0066,-2.04526
1.408,3.00353,-2.00367
1.409,3.00353,-2.00367
1.41,3.00047,-2.00367
1.411,3.00047,-2.00367
1.412,2.9974,-2.00367
1.413,2.99433,-2.00367
1.414,2.99433,-2.00367
1.415,2.99126,-1.94766
1.416,2.98819,-1.94766
1.417,2.98819,-1.94766
1.418,2.98513,-1.94766
1.419,2.98513,-1.94766
1.42,2.98206,-1.94766
1.421,2.97899,-1.87004
1.422,2.97899,-1.87004
1.423,2.97592,-1.87004
1.424,2.97592,-1.87004
1.425,2.97285,-1.87004
1.426,2.97285,-1.87004
1.427,2.96979,-1.87004
1.428,2.96672,-1.76108
1.429,2.96672,-1.76108
1.43,2.96365,-1.76108
1.431,2.96365,-1.76108
1.432,2.96058,-1.76108
1.433,2.96058,-1.76108
1.434,2.95751,-1.76108
1.435,2.95751,-1.70213
1.436,2.95445,-1.63237
1.437,2.95445,-1.63237
1.438,2.95138,-1.63237
1.439,2.95138,-1.63237
1.44,2.94831,-1.63237
1.441,2.94831,-1.63237
1.442,2.94524,-1.63237
1.443,2.94524,-1.59662
1.444,2.94218,-1.49016
1.445,2.94218,-1.49016
1.446,2.93911,-1.49016
1.447,2.93911,-1.49016
1.448,2.93604,-1.49016
1.449,2.93604,-1.49016
1.45,2.93604,-1.49016
1.451,2.93297,-1.49016
1.452,2.93297,-1.45501
1.453,2.9299,-1.40276
1.454,2.9299,-1.40276
1.455,2.92684,-1.40276
1.456,2.92684,-1.40276
1.457,2.92377,-1.40276
1.458,2.92377,-1.40276
1.459,2.9207,-1.40276
1.46,2.9207,-1.40276
1.461,2.9207,-1.40276
1.462,2.91763,-1.40022
1.463,2.91763,-1.40022
1.464,2.91456,-1.40022
1.465,2.91456,-1.40022
1.466,2.9115,-1.40022
1.467,2.9115,-1.40022
1.468,2.90843,-1.40022
1.469,2.90843,-1.40022
1.47,2.90536,-1.44253
1.471,2.90536,-1.44253
1.472,2.90229,-1.44253
1.473,2.90229,-1.44253
1.474,2.89922,-1.44253
1.475,2.89922,-1.44253
1.476,2.89616,-1.44253
1.477,2.89616,-1.44253
1.478,2.89309,-1.51411
1.479,2.89309,-1.51411
1.48,2.89002,-1.51411
1.481,2.89002,-1.51411
1.482,2.88695,-1.51411
1.483,2.88695,-1.51411
1.484,2.88388,-1.51411
1.485,2.88388,-1.51411
1.486,2.88082,-1.58365
1.487,2.88082,-1.58365
1.488,2.87775,-1.58365
1.489,2.87775,-1.58365
1.49,2.87468,-1.58365
1.491,2.87468,-1.58365
1.492,2.87161,-1.58365
1.493,2.86854,-1.64504
1.494,2.86854,-1.64504
1.495,2.86548,-1.64504
1.496,2.86548,-1.64504
1.497,2.86241,-1.64504
1.498,2.86241,-1.64504
1.499,2.85934,-1.64504
1.5,2.85934,-1.64504
1.501,2.85627,-1.69087
1.502,2.85627,-1.69087
1.503,2.8532,-1.69087
1.504,2.85014,-1.69087
1.505,2.85014,-1.69087
1.506,2.84707,-1.69087
1.507,2.84707,-1.69087
1.508,2.844,-1.709
1.509,2.844,-1.709
1.51,2.84093,-1.709
1.511,2.84093,-1.709
1.512,2.83786,-1.709
1.513,2.8348,-1.709
1.514,2.8348,-1.709
1.515,2.83173,-1.69756
1.516,2.83173,-1.69756
1.517,2.82866,-1.69756
1.518,2.82866,-1.69756
1.519,2.82559,-1.69756
1.52,2.82559,-1.69756
1.521,2.82252,-1.69756
1.522,2.81946,-1.66241
1.523,2.81946,-1.66241
1.524,2.81639,-1.66241
1.525,2.81639,-1.66241
1.526,2.81332,-1.66241
1.527,2.81332,-1.66241
1.528,2.81025,-1.66241
1.529,2.81025,-1.66241
1.53,2.80718,-1.59239
1.531,2.80718,-1.59239
1.532,2.80412,-1.59239
1.533,2.80412,-1.59239
1.534,2.80105,-1.59239
1.535,2.80105,-1.59239
1.536,2.79798,-1.59239
1.537,2.79798,-1.59239
1.538,2.79798,-1.46622
1.539,2.79491,-1.44321
1.54,2.79491,-1.44321
1.541,2.79185,-1.44321
1.542,2.79185,-1.44321
1.543,2.79185,-1.44321
1.544,2.78878,-1.44321
1.545,2.78878,-1.44321
1.546,2.78571,-1.44321
1.547,2.78571,-1.38374
1.548,2.78571,-1.24645
1.549,2.78264,-1.23261
1.55,2.78264,-1.23261
1.551,2.78264,-1.23261
1.552,2.77957,-1.23261
1.553,2.77957,-1.23261
1.554,2.77957,-1.23261
1.555,2.77651,-1.23261
1.556,2.77651,-1.23261
1.557,2.77651,-1.23261
1.558,2.77344,-1.23261
1.559,2.77344,-1.1249
1.56,2.77344,-1.0307
1.561,2.77344,-0.950742
1.562,2.77037,-0.916924
1.563,2.77037,-0.916924
1.564,2.77037,-0.916924
1.565,2.77037,-0.916924
1.566,2.77037,-0.916924
1.567,2.7673,-0.916924
1.568,2.7673,-0.916924
1.569,2.7673,-0.916924
1.57,2.7673,-0.916924
1.571,2.7673,-0.916924
1.572,2.7673,-0.916924
1.573,2.7673,-0.916924
1.574,2.76423,-0.916924
1.575,2.76423,-0.907278
1.576,2.76423,-0.845065
1.577,2.76423,-0.790285
1.578,2.76423,-0.742678
1.579,2.76423,-0.700463
1.58,2.76423,-0.662804
1.581,2.76423,-0.628521
1.582,2.76117,-0.597833
1.583,2.76117,-0.570199
1.584,2.76117,-0.544764
1.585,2.76117,-0.521601
1.586,2.76117,-0.500425
1.587,2.76117,-0.480869
1.588,2.76117,-0.462655
1.589,2.76117,-0.445916
1.59,2.76117,-0.43035
1.591,2.76117,-0.415628
1.592,2.7581,-0.405418
1.593,2.7581,-0.405418
1.594,2.7581,-0.405418
1.595,2.7581,-0.405418
1.596,2.7581,-0.405418
1.597,2.7581,-0.405418
1.598,2.7581,-0.405418
1.599,2.7581,-0.405418
1.6,2.7581,-0.405418
1.601,2.7581,-0.405418
1.602,2.75503,-0.405418
1.603,2.75503,-0.405418
1.604,2.75503,-0.405418
1.605,2.75503,-0.405418
1.606,2.75503,-0.405418
1.607,2.75503,-0.405418
1.608,2.75503,-0.405418
1.609,2.75503,-0.405418
1.61,2.75503,-0.405418
1.611,2.75196,-0.405418
1.612,2.75196,-0.405418
1.613,2.75196,-0.405418
1.614,2.75196,-0.405418
1.615,2.75196,-0.405418
1.616,2.75196,-0.405418
1.617,2.75196,-0.405418
1.618,2.75196,-0.405418
1.619,2.75196,-0.405418
1.62,2.74889,-0.405418
1.621,2.74889,-0.405418
1.622,2.74889,-0.405418
1.623,2.74889,-0.392724
1.624,2.74889,-0.380537
1.625,2.74889,-0.369037
1.626,2.74889,-0.358312
1.627,2.74889,-0.348192
1.628,2.74889,-0.338494
1.629,2.74583,-0.329448
1.63,2.74583,-0.329279
1.631,2.74583,-0.329279
1.632,2.74583,-0.329279
1.633,2.74583,-0.329279
1.634,2.74583,-0.329279
1.635,2.74583,-0.329279
1.636,2.74583,-0.329279
1.637,2.74583,-0.329279
1.638,2.74276,-0.329279
1.639,2.74276,-0.329279
1.64,2.74276,-0.329279
1.641,2.74276,-0.329279
1.642,2.74276,-0.329279
1.643,2.74276,-0.329279
1.644,2.74276,-0.329279
1.645,2.73969,-0.329279
1.646,2.73969,-0.329279
1.647,2.73969,-0.329279
1.648,2.73969,-0.329279
1.649,2.73969,-0.329279
1.65,2.73662,-0.329279
1.651,2.73662,-0.329279
1.652,2.73662,-0.329279
1.653,2.73662,-0.329279
1.654,2.73662,-0.329279
1.655,2.73355,-0.478767
1.656,2.73355,-0.478767
1.657,2.73355,-0.478767
1.658,2.73355,-0.478767
1.659,2.73355,-0.478767
1.66,2.73049,-0.478767
1.661,2.73049,-0.478767
1.662,2.73049,-0.478767
1.663,2.73049,-0.478767
1.664,2.73049,-0.478767
1.665,2.72742,-0.478767
1.666,2.72742,-0.478767
1.667,2.72742,-0.478767
1.668,2.72742,-0.478767
1.669,2.72435,-0.478767
1.67,2.72435,-0.478767
1.671,2.72435,-0.478767
1.672,2.72435,-0.478767
1.673,2.72435,-0.478767
1.674,2.72128,-0.663863
1.675,2.72128,-0.663863
1.676,2.72128,-0.663863
1.677,2.72128,-0.663863
1.678,2.72128,-0.663863
1.679,2.71821,-0.663863
1.68,2.71821,-0.663863
1.681,2.71821,-0.663863
1.682,2.71821,-0.663863
1.683,2.71821,-0.663863
1.684,2.71821,-0.663863
1.685,2.71821,-0.663863
1.686,2.71515,-0.663863
1.687,2.71515,-0.663863
1.688,2.71515,-0.663863
1.689,2.71515,-0.663863
1.69,2.71515,-0.663863
1.691,2.71515,-0.663863
1.692,2.71515,-0.650138
1.693,2.71515,-0.617545
1.694,2.71515,-0.588082
1.695,2.71515,-0.561034
1.696,2.71208,-0.536613
1.697,2.71208,-0.514222
1.698,2.71208,-0.493341
1.699,2.71208,-0.474353
1.7,2.71208,-0.456614
1.701,2.71208,-0.440306
1.702,2.71208,-0.425124
1.703,2.71208,-0.41088
1.704,2.71208,-0.397499
1.705,2.71208,-0.385069
1.706,2.71208,-0.373301
1.707,2.71208,-0.362328
1.708,2.71208,-0.351931
1.709,2.71208,-0.342069
1.71,2.71208,-0.332784
1.711,2.71208,-0.324036
1.712,2.71208,-0.315737
1.713,2.71208,-0.307849
1.714,2.71515,0.300266
1.715,2.71515,0.293274
1.716,2.71515,0.286256
1.717,2.71515,0.279723
1.718,2.71515,0.273538
1.719,2.71515,0.267533
1.72,2.71515,0.261817
1.721,2.71515,0.256342
1.722,2.71515,0.25109
1.723,2.71515,0.246094
1.724,2.71515,0.241227
1.725,2.71515,0.236568
1.726,2.71515,0.232125
1.727,2.71515,0.227815
1.728,2.71515,0.223683
1.729,2.71515,0.219642
1.73,2.71515,0.215773
1.731,2.71515,0.212053
1.732,2.71515,0.208512
1.733,2.71515,0.205025
1.734,2.71515,0.201622
1.735,2.71515,0.198341
1.736,2.71515,0.195179
1.737,2.71515,0.192119
1.738,2.71515,0.189181
1.739,2.71515,0.186332
1.74,2.71515,0.183503
1.741,2.71515,0.180819
1.742,2.71515,0.178191
1.743,2.71515,0.175638
1.744,2.71515,0.173156
1.745,2.71515,0.170766
1.746,2.71515,0.168405
1.747,2.71515,0.166122
1.748,2.71515,0.163941
1.749,2.71515,0.161785
1.75,2.71515,0.159631
1.751,2.71515,0.157595
1.752,2.71208,-0.1556
1.753,2.71208,-0.153643
1.754,2.71208,-0.151752
1.755,2.71208,-0.149907
1.756,2.71208,-0.148078
1.757,2.71208,-0.146319
1.758,2.71208,-0.144592
1.759,2.70901,-0.144026
1.76,2.70901,-0.144026
1.761,2.70901,-0.144026
1.762,2.70901,-0.144026
1.763,2.70901,-0.144026
1.764,2.70901,-0.144026
1.765,2.70594,-0.144026
1.766,2.70594,-0.144026
1.767,2.70594,-0.144026
1.768,2.70594,-0.144026
1.769,2.70594,-0.144026
1.77,2.70287,-0.144026
1.771,2.70287,-0.144026
1.772,2.70287,-0.144026
1.773,2.70287,-0.144026
1.774,2.70287,-0.144026
1.775,2.69981,-0.144026
1.776,2.69981,-0.144026
1.777,2.69981,-0.144026
1.778,2.69981,-0.144026
1.779,2.69981,-0.144026
1.78,2.69981,-0.144026
1.781,2.69674,-0.562688
1.782,2.69674,-0.562688
1.783,2.69674,-0.562688
1.784,2.69674,-0.562688
1.785,2.69674,-0.562688
1.786,2.69674,-0.562688
1.787,2.69367,-0.562688
1.788,2.69367,-0.562688
1.789,2.69367,-0.562688
1.79,2.69367,-0.562688
1.791,2.69367,-0.562688
1.792,2.69367,-0.562688
1.793,2.69367,-0.562688
1.794,2.69367,-0.562688
1.795,2.6906,-0.562688
1.796,2.6906,-0.562688
1.797,2.6906,-0.562688
1.798,2.6906,-0.562688
1.799,2.6906,-0.562688
1.8,2.6906,-0.562688
1.801,2.6906,-0.562688
1.802,2.6906,-0.561901
1.803,2.6906,-0.537405
1.804,2.6906,-0.514653
1.805,2.68753,-0.493827
1.806,2.68753,-0.474804
1.807,2.68753,-0.457354
1.808,2.68753,-0.440616
1.809,2.68753,-0.425411
1.81,2.68753,-0.411211
1.811,2.68753,-0.397812
1.812,2.68753,-0.385375
1.813,2.68753,-0.373678
1.814,2.68753,-0.362531
1.815,2.68753,-0.352167
1.816,2.68753,-0.342303
1.817,2.68753,-0.33308
1.818,2.68753,-0.324238
1.819,2.68753,-0.315891
1.82,2.68753,-0.308
1.821,2.68753,-0.300492
1.822,2.68753,-0.293273
1.823,2.68753,-0.286388
1.824,2.68753,-0.279855
1.825,2.68447,-0.273556
1.826,2.68447,-0.273556
1.827,2.68447,-0.273556
1.828,2.68447,-0.273556
1.829,2.68447,-0.273556
1.83,2.68447,-0.273556
1.831,2.68447,-0.273556
1.832,2.68447,-0.273556
1.833,2.68447,-0.273556
1.834,2.68447,-0.273556
1.835,2.68447,-0.273556
1.836,2.68447,-0.273556
1.837,2.68447,-0.273556
1.838,2.68447,-0.273556
1.839,2.68447,-0.273556
1.84,2.68447,-0.273556
1.841,2.68447,-0.273556
1.842,2.68447,-0.273556
1.843,2.68447,-0.273556
1.844,2.6814,-0.273556
1.845,2.6814,-0.273556
1.846,2.6814,-0.273556
1.847,2.6814,-0.273556
1.848,2.6814,-0.273556
1.849,2.6814,-0.273556
1.85,2.6814,-0.273556
1.851,2.6814,-0.273556
1.852,2.6814,-0.273556
1.853,2.6814,-0.273556
1.854,2.67833,-0.273556
1.855,2.67833,-0.273556
1.856,2.67833,-0.273556
1.857,2.67833,-0.273556
1.858,2.67833,-0.273556
1.859,2.67833,-0.273556
1.86,2.67833,-0.273556
1.861,2.67833,-0.273556
1.862,2.67833,-0.273556
1.863,2.67526,-0.273556
1.864,2.67526,-0.273556
1.865,2.67526,-0.273556
1.866,2.67526,-0.273556
1.867,2.67526,-0.273556
1.868,2.67526,-0.273556
1.869,2.67526,-0.273556
1.87,2.67526,-0.27282
1.871,2.67219,-0.272483
1.872,2.67219,-0.272483
1.873,2.67219,-0.272483
1.874,2.67219,-0.272483
1.875,2.67219,-0.272483
1.876,2.67219,-0.272483
1.877,2.67219,-0.272483
1.878,2.66913,-0.272483
1.879,2.66913,-0.272483
1.88,2.66913,-0.272483
1.881,2.66913,-0.272483
1.882,2.66913,-0.272483
1.883,2.66913,-0.272483
1.884,2.66913,-0.272483
1.885,2.66606,-0.272483
1.886,2.66606,-0.272483
1.887,2.66606,-0.272483
1.888,2.66606,-0.272483
1.889,2.66606,-0.272483
1.89,2.66606,-0.272483
1.891,2.66299,-0.272483
1.892,2.66299,-0.272483
1.893,2.66299,-0.272483
1.894,2.66299,-0.272483
1.895,2.66299,-0.272483
1.896,2.65992,-0.476966
1.897,2.65992,-0.476966
1.898,2.65992,-0.476966
1.899,2.65992,-0.476966
1.9,2.65992,-0.476966
1.901,2.65992,-0.476966
1.902,2.65685,-0.476966
1.903,2.65685,-0.476966
1.904,2.65685,-0.476966
1.905,2.65685,-0.476966
1.906,2.65685,-0.476966
1.907,2.65379,-0.476966
1.908,2.65379,-0.476966
1.909,2.65379,-0.476966
1.91,2.65379,-0.476966
1.911,2.65072,-0.476966
1.912,2.65072,-0.476966
1.913,2.65072,-0.476966
1.914,2.65072,-0.476966
1.915,2.64765,-0.656086
1.916,2.64765,-0.656086
1.917,2.64765,-0.656086
1.918,2.64765,-0.656086
1.919,2.64458,-0.656086
1.92,2.64458,-0.656086
1.921,2.64458,-0.656086
1.922,2.64458,-0.656086
1.923,2.64151,-0.656086
1.924,2.64151,-0.656086
1.925,2.64151,-0.656086
1.926,2.63845,-0.656086
1.927,2.63845,-0.656086
1.928,2.63845,-0.656086
1.929,2.63845,-0.656086
1.93,2.63538,-0.826099
1.931,2.63538,-0.826099
1.932,2.63538,-0.826099
1.933,2.63538,-0.826099
1.934,2.63231,-0.826099
1.935,2.63231,-0.826099
1.936,2.63231,-0.826099
1.937,2.62924,-0.826099
1.938,2.62924,-0.826099
1.939,2.62924,-0.826099
1.94,2.62924,-0.826099
1.941,2.62618,-0.826099
1.942,2.62618,-0.826099
1.943,2.62618,-0.826099
1.944,2.62311,-0.844654
1.945,2.62311,-0.844654
1.946,2.62311,-0.844654
1.947,2.62311,-0.844654
1.948,2.62311,-0.844654
1.949,2.62004,-0.844654
1.95,2.62004,-0.844654
1.951,2.62004,-0.844654
1.952,2.62004,-0.844654
1.953,2.61697,-0.844654
1.954,2.61697,-0.844654
1.955,2.61697,-0.844654
1.956,2.61697,-0.844654
1.957,2.6139,-0.844654
1.958,2.6139,-0.844654
1.959,2.6139,-0.81085
1.96,2.6139,-0.760368
1.961,2.6139,-0.716189
1.962,2.61084,-0.69899
1.963,2.61084,-0.69899
1.964,2.61084,-0.69899
1.965,2.61084,-0.69899
1.966,2.61084,-0.69899
1.967,2.61084,-0.69899
1.968,2.60777,-0.69899
1.969,2.60777,-0.69899
1.97,2.60777,-0.69899
1.971,2.60777,-0.69899
1.972,2.60777,-0.69899
1.973,2.60777,-0.69899
1.974,2.6047,-0.69899
1.975,2.6047,-0.69899
1.976,2.6047,-0.69899
1.977,2.6047,-0.69899
1.978,2.6047,-0.69899
1.979,2.6047,-0.698135
1.98,2.6047,-0.660539
1.981,2.60163,-0.626899
1.982,2.60163,-0.59632
1.983,2.60163,-0.568803
1.984,2.60163,-0.543556
1.985,2.60163,-0.520695
1.986,2.60163,-0.499373
1.987,2.60163,-0.479758
1.988,2.60163,-0.461787
1.989,2.59856,-0.4578
1.99,2.59856,-0.4578
1.991,2.59856,-0.4578
1.992,2.59856,-0.4578
1.993,2.59856,-0.4578
1.994,2.59856,-0.4578
1.995,2.59856,-0.4578
1.996,2.59856,-0.4578
1.997,2.59856,-0.4578
1.998,2.5955,-0.4578
1.999,2.5955,-0.4578
2,2.5955,-0.4578
2.001,2.5955,-0.4578
2.002,2.5955,-0.4578
2.003,2.5955,-0.4578
2.004,2.5955,-0.4578
2.005,2.5955,-0.4578
2.006,2.5955,-0.4578
2.007,2.59243,-0.4578
2.008,2.59243,-0.4578
2.009,2.59243,-0.4578
2.01,2.59243,-0.4578
2.011,2.59243,-0.4578
2.012,2.59243,-0.4578
2.013,2.59243,-0.4578
2.014,2.59243,-0.4578
2.015,2.58936,-0.4578
2.016,2.58936,-0.441947
2.017,2.58936,-0.426788
2.018,2.58936,-0.412131
2.019,2.58936,-0.398799
2.02,2.58936,-0.386302
2.021,2.58936,-0.374549
2.022,2.58629,-0.370525
2.023,2.58629,-0.370525
2.024,2.58629,-0.370525
2.025,2.58629,-0.370525
2.026,2.58629,-0.370525
2.027,2.58629,-0.370525
2.028,2.58629,-0.370525
2.029,2.58322,-0.370525
2.03,2.58322,-0.370525
2.031,2.58322,-0.370525
2.032,2.58322,-0.370525
2.033,2.58322,-0.370525
2.034,2.58322,-0.370525
2.035,2.58016,-0.370525
2.036,2.58016,-0.370525
2.037,2.58016,-0.370525
2.038,2.58016,-0.370525
2.039,2.58016,-0.370525
2.04,2.58016,-0.370525
2.041,2.57709,-0.370525
2.042,2.57709,-0.370525
2.043,2.57709,-0.370525
2.044,2.57709,-0.370525
2.045,2.57709,-0.370525
2.046,2.57402,-0.513886
2.047,2.57402,-0.513886
2.048,2.57402,-0.513886
2.049,2.57402,-0.513886
2.05,2.57402,-0.513886
2.051,2.57095,-0.513886
2.052,2.57095,-0.513886
2.053,2.57095,-0.513886
2.054,2.57095,-0.513886
2.055,2.57095,-0.513886
2.056,2.56788,-0.513886
2.057,2.56788,-0.513886
2.058,2.56788,-0.513886
2.059,2.56788,-0.513886
2.06,2.56482,-0.513886
2.061,2.56482,-0.513886
2.062,2.56482,-0.513886
2.063,2.56482,-0.513886
2.064,2.56175,-0.663705
2.065,2.56175,-0.663705
2.066,2.56175,-0.663705
2.067,2.56175,-0.663705
2.068,2.56175,-0.663705
2.069,2.55868,-0.663705
2.07,2.55868,-0.663705
2.071,2.55868,-0.663705
2.072,2.55868,-0.663705
2.073,2.55561,-0.663705
2.074,2.55561,-0.663705
2.075,2.55561,-0.663705
2.076,2.55561,-0.663705
2.077,2.55561,-0.663705
2.078,2.55254,-0.663705
2.079,2.55254,-0.663705
2.08,2.55254,-0.663705
2.081,2.55254,-0.663705
2.082,2.54948,-0.678566
2.083,2.54948,-0.678566
2.084,2.54948,-0.678566
2.085,2.54948,-0.678566
2.086,2.54948,-0.678566
2.087,2.54948,-0.678566
2.088,2.54641,-0.678566
2.089,2.54641,-0.678566
2.09,2.54641,-0.678566
2.091,2.54641,-0.678566
2.092,2.54641,-0.678566
2.093,2.54641,-0.678566
2.094,2.54641,-0.678566
2.095,2.54641,-0.678566
2.096,2.54334,-0.678566
2.097,2.54334,-0.678566
2.098,2.54334,-0.678566
2.099,2.54334,-0.678566
2.1,2.54334,-0.675243
2.101,2.54334,-0.639018
2.102,2.54334,-0.607367
2.103,2.54334,-0.579358
2.104,2.54334,-0.552982
2.105,2.54334,-0.52903
2.106,2.54334,-0.507261
2.107,2.54334,-0.486924
2.108,2.54334,-0.468424
2.109,2.54334,-0.451118
2.11,2.54334,-0.435197
2.111,2.54334,-0.42027
2.112,2.54334,-0.406279
2.113,2.54334,-0.393362
2.114,2.54334,-0.381089
2.115,2.54334,-0.369661
2.116,2.54334,-0.358831
2.117,2.54334,-0.348929
2.118,2.54334,-0.339009
2.119,2.54334,-0.329934
2.12,2.54334,-0.321336
2.121,2.54334,-0.313091
2.122,2.54334,-0.305338
2.123,2.54334,-0.29785
2.124,2.54334,-0.290824
2.125,2.54334,-0.284058
2.126,2.54334,-0.277661
2.127,2.54334,-0.271544
2.128,2.54334,-0.265663
2.129,2.54334,-0.260056
2.13,2.54334,-0.254605
2.131,2.54334,-0.249446
2.132,2.54334,-0.244499
2.133,2.54334,-0.239677
2.134,2.54334,-0.235147
2.135,2.54334,-0.230721
2.136,2.54334,-0.226482
2.137,2.54641,-0.224689
2.138,2.54641,-0.224689
2.139,2.54641,-0.224689
2.14,2.54641,-0.224689
2.141,2.54641,-0.224689
2.142,2.54641,-0.224689
2.143,2.54641,-0.224689
2.144,2.54641,-0.224689
2.145,2.54641,-0.224689
2.146,2.54641,-0.224689
2.147,2.54641,-0.224689
2.148,2.54641,-0.224689
2.149,2.54948,-0.224689
2.15,2.54948,-0.224689
2.151,2.54948,-0.224689
2.152,2.54948,-0.224689
2.153,2.54948,-0.224689
2.154,2.54948,-0.224689
2.155,2.54948,-0.224689
2.156,2.54948,-0.224689
2.157,2.54948,-0.224689
2.158,2.54948,-0.224689
2.159,2.54948,-0.224689
2.16,2.54948,-0.224689
2.161,2.54948,-0.224689
2.162,2.54948,-0.224689
2.163,2.54948,-0.224689
2.164,2.55254,-0.224689
2.165,2.55254,-0.224689
2.166,2.55254,-0.224689
2.167,2.55254,-0.224689
2.168,2.55254,-0.224689
2.169,2.55254,-0.224689
2.17,2.55254,-0.224689
2.171,2.55254,-0.224689
2.172,2.55254,-0.224689
2.173,2.55254,-0.224689
2.174,2.55254,-0.224689
2.175,2.55254,-0.224689
2.176,2.55254,-0.224689
2.177,2.55254,-0.224689
2.178,2.55561,-0.224689
2.179,2.55561,-0.224689
2.18,2.55561,-0.224689
2.181,2.55561,-0.224689
2.182,2.55561,-0.224689
2.183,2.55561,-0.224689
2.184,2.55868,0.259018
2.185,2.55868,0.259018
2.186,2.55868,0.259018
2.187,2.55868,0.259018
2.188,2.56175,0.259018
2.189,2.56175,0.259018
2.19,2.56175,0.259018
2.191,2.56175,0.259018
2.192,2.56482,0.259018
2.193,2.56482,0.259018
2.194,2.56788,0.259018
2.195,2.56788,0.259018
2.196,2.56788,0.259018
2.197,2.57095,1.00059
2.198,2.57095,1.00059
2.199,2.57402,1.00059
2.2,2.57402,1.00059
2.201,2.57709,1.00059
2.202,2.58016,1.00059
2.203,2.58016,1.00059
2.204,2.58322,1.64648
2.205,2.58322,1.64648
2.206,2.58629,1.64648
2.207,2.58936,1.64648
2.208,2.58936,1.64648
2.209,2.59243,1.64648
2.21,2.5955,2.08196
2.211,2.59856,2.08196
2.212,2.59856,2.08196
2.213,2.60163,2.08196
2.214,2.6047,2.08196
2.215,2.60777,2.42631
2.216,2.61084,2.42631
2.217,2.6139,2.42631
2.218,2.61697,2.42631
2.219,2.62004,2.71961
2.22,2.62311,2.71961
2.221,2.62311,2.71961
2.222,2.62618,2.71961
2.223,2.62924,2.71961
2.224,2.63231,2.98264
2.225,2.63538,2.98264
2.226,2.64151,2.98264
2.227,2.64458,3.21887
2.228,2.64765,3.21887
2.229,2.65072,3.21887
2.23,2.65379,3.21887
2.231,2.65685,3.43156
2.232,2.65992,3.43156
2.233,2.66299,3.43156
2.234,2.66913,3.62762
2.235,2.67219,3.62762
2.236,2.67526,3.62762
2.237,2.67833,3.62762
2.238,2.68447,3.80867
2.239,2.68753,3.80867
2.24,2.6906,3.80867
2.241,2.69674,3.98832
2.242,2.69981,3.98832
2.243,2.70287,3.98832
2.244,2.70901,4.14257
2.245,2.71208,4.14257
2.246,2.71821,4.28337
2.247,2.72128,4.28337
2.248,2.72435,4.28337
2.249,2.73049,4.43734
2.25,2.73355,4.43734
2.251,2.73969,4.43734
2.252,2.74276,4.56754
2.253,2.74889,4.56754
2.254,2.75196,4.56754
2.255,2.7581,4.68066
2.256,2.76423,4.68066
2.257,2.7673,4.81611
2.258,2.77344,4.81611
2.259,2.77651,4.81611
2.26,2.78264,4.91149
2.261,2.78878,4.91149
2.262,2.79185,5.02544
2.263,2.79798,5.02544
2.264,2.80412,5.13296
2.265,2.80718,5.13296
2.266,2.81332,5.13296
2.267,2.81946,5.22052
2.268,2.82252,5.22052
2.269,2.82866,5.30117
2.27,2.8348,5.30117
2.271,2.84093,5.4065
2.272,2.844,5.4065
2.273,2.85014,5.4065
2.274,2.85627,5.48146
2.275,2.86241,5.48146
2.276,2.86854,5.54381
2.277,2.87468,5.54381
2.278,2.87775,5.6257
2.279,2.88388,5.6257
2.28,2.89002,5.68708
2.281,2.89616,5.68708
2.282,2.90229,5.73525
2.283,2.90843,5.73525
2.284,2.91456,5.82697
2.285,2.9207,5.82697
2.286,2.92684,5.82697
2.287,2.9299,5.84211
2.288,2.93604,5.84211
2.289,2.94218,5.82928
2.29,2.94831,5.82928
2.291,2.95445,5.80282
2.292,2.96058,5.80282
2.293,2.96672,5.72285
2.294,2.97285,5.72285
2.295,2.97899,6.16943
2.296,2.98513,6.16943
2.297,2.99126,6.04615
2.298,2.9974,6.04615
2.299,3.00353,6.14236
2.3,3.00967,6.14236
2.301,3.01581,6.19308
2.302,3.02194,6.19308
2.303,3.02808,6.22243
2.304,3.03421,6.22243
2.305,3.04035,6.2401
2.306,3.04649,6.2401
2.307,3.05262,6.27792
2.308,3.05876,6.27792
2.309,3.06489,6.28323
2.31,3.07103,6.28323
2.311,3.07717,6.31326
2.312,3.0833,6.31326
2.313,3.08944,6.3305
2.314,3.09557,6.3305
2.315,3.10171,6.32669
2.316,3.11091,6.35719
2.317,3.11705,6.35719
2.318,3.12318,6.35522
2.319,3.12932,6.35522
2.32,3.13546,6.345
2.321,-3.14159,6.345
2.322,-3.13546,6.37609
2.323,-3.12932,6.37609
2.324,-3.12318,6.35362
2.325,-3.11705,6.35362
2.326,-3.11091,6.33899
2.327,-3.10478,6.33899
2.328,-3.09864,6.36695
2.329,-3.09251,6.36695
2.33,-3.0833,6.32425
2.331,-3.07717,6.32425
2.332,-3.07103,6.31462
2.333,-3.06489,6.31462
2.334,-3.05876,6.31471
2.335,-3.05262,6.31471
2.336,-3.04649,6.27417
2.337,-3.04035,6.27417
2.338,-3.03421,6.26203
2.339,-3.02808,6.26203
2.34,-3.02194,6.23543
2.341,-3.01581,6.23543
2.342,-3.00967,6.20984
2.343,-3.00353,6.20984
2.344,-2.9974,6.17779
2.345,-2.99126,6.17779
2.346,-2.98513,6.13793
2.347,-2.97899,6.13793
2.348,-2.97285,6.09794
2.349,-2.96672,6.09794
2.35,-2.96058,6.06616
2.351,-2.95445,6.06616
2.352,-2.94831,6.01373
2.353,-2.94218,6.01373
2.354,-2.93604,5.96868
2.355,-2.9299,5.96868
2.356,-2.92377,5.92648
2.357,-2.91763,5.92648
2.358,-2.91456,5.86523
2.359,-2.90843,5.86523
2.36,-2.90229,5.80744
2.361,-2.89616,5.80744
2.362,-2.89002,5.75142
2.363,-2.88388,5.75142
2.364,-2.87775,5.67397
2.365,-2.87468,5.67397
2.366,-2.86854,5.67397
2.367,-2.86241,5.61473
2.368,-2.85627,5.61473
2.369,-2.85014,5.54642
2.37,-2.84707,5.54642
2.371,-2.84093,5.45254
2.372,-2.8348,5.45254
2.373,-2.82866,5.38308
2.374,-2.82559,5.38308
2.375,-2.81946,5.38308
2.376,-2.81332,5.29968
2.377,-2.80718,5.29968
2.378,-2.80412,5.20248
2.379,-2.79798,5.20248
2.38,-2.79185,5.10869
2.381,-2.78878,5.10869
2.382,-2.78264,5.10869
2.383,-2.77651,5.00619
2.384,-2.77344,5.00619
2.385,-2.7673,4.9006
2.386,-2.76423,4.9006
2.387,-2.7581,4.9006
2.388,-2.75503,4.79291
2.389,-2.74889,4.79291
2.39,-2.74583,4.79291
2.391,-2.73969,4.66334
2.392,-2.73662,4.66334
2.393,-2.73049,4.53903
2.394,-2.72742,4.53903
2.395,-2.72128,4.53903
2.396,-2.71821,4.41319
2.397,-2.71515,4.41319
2.398,-2.70901,4.41319
2.399,-2.70594,4.267
2.4,-2.69981,4.267
2.401,-2.69674,4.267
2.402,-2.69367,4.10628
2.403,-2.6906,4.10628
2.404,-2.68447,4.10628
2.405,-2.6814,3.95854
2.406,-2.67833,3.95854
2.407,-2.67219,3.95854
2.408,-2.66913,3.77829
2.409,-2.66606,3.77829
2.41,-2.66299,3.77829
2.411,-2.65992,3.77829
2.412,-2.65685,3.59449
2.413,-2.65379,3.59449
2.414,-2.64765,3.59449
2.415,-2.64458,3.39569
2.416,-2.64151,3.39569
2.417,-2.63845,3.39569
2.418,-2.63538,3.39569
2.419,-2.63231,3.17734
2.42,-2.62924,3.17734
2.421,-2.62618,3.17734
2.422,-2.62311,3.17734
2.423,-2.62004,2.93527
2.424,-2.61697,2.93527
2.425,-2.61697,2.93527
2.426,-2.6139,2.93527
2.427,-2.61084,2.93527
2.428,-2.60777,2.67395
2.429,-2.6047,2.67395
2.43,-2.6047,2.67395
2.431,-2.60163,2.67395
2.432,-2.59856,2.67395
2.433,-2.5955,2.36763
2.434,-2.5955,2.36763
2.435,-2.59243,2.36763
2.436,-2.58936,2.36763
2.437,-2.58936,2.36763
2.438,-2.58629,2.28799
2.439,-2.58322,2.00903
2.44,-2.58322,2.00903
2.441,-2.58016,2.00903
2.442,-2.58016,2.00903
2.443,-2.57709,2.00903
2.444,-2.57709,2.00903
2.445,-2.57402,1.96553
2.446,-2.57402,1.69612
2.447,-2.57095,1.55921
2.448,-2.57095,1.55921
2.449,-2.57095,1.55921
2.45,-2.56788,1.55921
2.451,-2.56788,1.55921
2.452,-2.56788,1.55921
2.453,-2.56482,1.55921
2.454,-2.56482,1.55921
2.455,-2.56482,1.46651
2.456,-2.56175,1.30786
2.457,-2.56175,1.1817
2.458,-2.56175,1.07866
2.459,-2.56175,0.991405
2.46,-2.56175,0.917235
2.461,-2.56175,0.853081
2.462,-2.56175,0.798056
2.463,-2.55868,0.778673
2.464,-2.55868,0.778673
2.465,-2.55868,0.778673
2.466,-2.55868,0.778673
2.467,-2.55868,0.778673
2.468,-2.55868,0.778673
2.469,-2.55868,0.778673
2.47,-2.55868,0.778673
2.471,-2.56175,0.778673
2.472,-2.56175,0.778673
2.473,-2.56175,0.778673
2.474,-2.56175,0.778673
2.475,-2.56175,0.778673
2.476,-2.56175,0.778673
2.477,-2.56482,0.778673
2.478,-2.56482,0.778673
2.479,-2.56482,-0.738574
2.48,-2.56482,-0.697197
2.481,-2.56788,-0.689317
2.482,-2.56788,-0.689317
2.483,-2.56788,-0.689317
2.484,-2.57095,-0.689317
2.485,-2.57095,-0.689317
2.486,-2.57402,-0.689317
2.487,-2.57402,-0.689317
2.488,-2.57709,-0.689317
2.489,-2.57709,-0.689317
2.49,-2.58016,-1.25772
2.491,-2.58016,-1.25772
2.492,-2.58322,-1.25772
2.493,-2.58322,-1.25772
2.494,-2.58629,-1.25772
2.495,-2.58629,-1.25772
2.496,-2.58936,-1.25772
2.497,-2.59243,-1.79921
2.498,-2.59243,-1.79921
2.499,-2.5955,-1.79921
2.5,-2.59856,-1.79921
2.501,-2.59856,-1.79921
2.502,-2.60163,-1.79921
2.503,-2.6047,-2.19383
2.504,-2.60777,-2.19383
2.505,-2.61084,-2.19383
2.506,-2.61084,-2.19383
2.507,-2.6139,-2.19383
2.508,-2.61697,-2.51638
2.509,-2.62004,-2.51638
2.51,-2.62311,-2.51638
2.511,-2.62618,-2.51638
2.512,-2.62924,-2.79832
2.513,-2.63231,-2.79832
2.514,-2.63538,-2.79832
2.515,-2.63845,-2.79832
2.516,-2.64151,-3.0482
2.517,-2.64458,-3.0482
2.518,-2.64765,-3.0482
2.519,-2.65072,-3.0482
2.52,-2.65379,-3.27782
2.521,-2.65685,-3.27782
2.522,-2.65992,-3.27782
2.523,-2.66606,-3.48198
2.524,-2.66913,-3.48198
2.525,-2.67219,-3.48198
2.526,-2.67526,-3.48198
2.527,-2.67833,-3.67723
2.528,-2.68447,-3.67723
2.529,-2.68753,-3.67723
2.53,-2.6906,-3.84634
2.531,-2.69674,-3.84634
2.532,-2.69981,-3.84634
2.533,-2.70287,-4.01584
2.534,-2.70594,-4.01584
2.535,-2.71208,-4.01584
2.536,-2.71515,-4.17933
2.537,-2.72128,-4.17933
2.538,-2.72435,-4.17933
2.539,-2.72742,-4.30999
2.54,-2.73355,-4.30999
2.541,-2.73662,-4.30999
2.542,-2.74276,-4.45163
2.543,-2.74583,-4.45163
2.544,-2.75196,-4.58851
2.545,-2.75503,-4.58851
2.546,-2.76117,-4.58851
2.547,-2.7673,-4.70303
2.548,-2.77037,-4.70303
2.549,-2.77651,-4.8211
2.55,-2.77957,-4.8211
2.551,-2.78571,-4.8211
2.552,-2.79185,-4.92603
2.553,-2.79491,-4.92603
2.554,-2.80105,-5.03248
2.555,-2.80412,-5.03248
2.556,-2.81025,-5.03248
2.557,-2.81639,-5.13401
2.558,-2.82252,-5.13401
2.559,-2.82559,-5.22111
2.56,-2.83173,-5.22111
2.561,-2.83786,-5.2993
2.562,-2.84093,-5.2993
2.563,-2.84707,-5.2993
2.564,-2.8532,-5.39751
2.565,-2.85934,-5.39751
2.566,-2.86548,-5.47162
2.567,-2.86854,-5.47162
2.568,-2.87468,-5.53461
2.569,-2.88082,-5.53461
2.57,-2.88695,-5.61841
2.571,-2.89309,-5.61841
2.572,-2.89922,-5.68024
2.573,-2.90229,-5.68024
2.574,-2.90843,-5.68024
2.575,-2.91456,-5.73879
2.576,-2.9207,-5.73879
2.577,-2.92684,-5.80912
2.578,-2.93297,-5.80912
2.579,-2.93911,-5.84815
2.58,-2.94524,-5.84815
2.581,-2.95138,-5.9077
2.582,-2.95751,-5.9077
2.583,-2.96365,-5.9601
2.584,-2.96979,-5.9601
2.585,-2.97592,-5.99093
2.586,-2.98206,-5.99093
2.587,-2.98513,-6.03451
2.588,-2.99126,-6.03451
2.589,-2.9974,-6.0776
2.59,-3.00353,-6.0776
2.591,-3.00967,-6.11681
2.592,-3.01581,-6.11681
2.593,-3.02194,-6.13912
2.594,-3.02808,-6.13912
2.595,-3.03421,-6.17624
2.596,-3.04342,-6.17624
2.597,-3.04649,-6.19521
2.598,-3.05569,-6.19521
2.599,-3.06183,-6.22704
2.6,-3.06796,-6.22704
2.601,-3.0741,-6.23657
2.602,-3.08023,-6.23657
2.603,-3.08637,-6.24367
2.604,-3.09251,-6.24367
2.605,-3.09864,-6.29016
2.606,-3.10478,-6.29016
2.607,-3.11091,-6.27163
2.608,-3.11705,-6.27163
2.609,-3.12318,-6.28591
2.61,-3.12932,-6.28591
2.611,-3.13546,-6.3106
2.612,-3.14159,-6.3106
2.613,3.13546,-6.28234
2.614,3.12932,-6.28234
2.615,3.12318,-6.292
2.616,3.11705,-6.292
2.617,3.11091,-6.30169
2.618,3.10171,-6.27155
2.619,3.09557,-6.27155
2.62,3.08944,-6.27676
2.621,3.0833,-6.27676
2.622,3.07717,-6.2663
2.623,3.07103,-6.2663
2.624,3.06489,-6.23275
2.625,3.05876,-6.23275
2.626,3.05262,-6.23486
2.627,3.04649,-6.23486
2.628,3.04035,-6.20217
2.629,3.03421,-6.20217
2.63,3.02808,-6.17931
2.631,3.02194,-6.17931
2.632,3.01581,-6.16069
2.633,3.00967,-6.16069
2.634,3.00353,-6.11554
2.635,2.9974,-6.11554
2.636,2.99126,-6.09096
2.637,2.98513,-6.09096
2.638,2.97899,-6.05295
2.639,2.97285,-6.05295
2.64,2.96672,-6.0051
2.641,2.96058,-6.0051
2.642,2.95445,-5.97845
2.643,2.95138,-5.97845
2.644,2.94524,-5.97845
2.645,2.93911,-5.91331
2.646,2.93297,-5.91331
2.647,2.92684,-5.86577
2.648,2.9207,-5.86577
2.649,2.91456,-5.82724
2.65,2.90843,-5.82724
2.651,2.90229,-5.7473
2.652,2.89616,-5.7473
2.653,2.89309,-5.69573
2.654,2.88695,-5.69573
2.655,2.88082,-5.63906
2.656,2.87468,-5.63906
2.657,2.86854,-5.55759
2.658,2.86548,-5.55759
2.659,2.85934,-5.55759
2.66,2.8532,-5.49011
2.661,2.84707,-5.49011
2.662,2.844,-5.41631
2.663,2.83786,-5.41631
2.664,2.83173,-5.32892
2.665,2.82559,-5.32892
2.666,2.82252,-5.32892
2.667,2.81639,-5.23832
2.668,2.81025,-5.23832
2.669,2.80718,-5.16434
2.67,2.80105,-5.16434
2.671,2.79491,-5.04928
2.672,2.79185,-5.04928
2.673,2.78571,-5.04928
2.674,2.77957,-4.94921
2.675,2.77651,-4.94921
2.676,2.77037,-4.85621
2.677,2.7673,-4.85621
2.678,2.76117,-4.85621
2.679,2.7581,-4.72113
2.68,2.75196,-4.72113
2.681,2.74889,-4.72113
2.682,2.74276,-4.61654
2.683,2.73969,-4.61654
2.684,2.73355,-4.48293
2.685,2.73049,-4.48293
2.686,2.72435,-4.48293
2.687,2.72128,-4.34092
2.688,2.71821,-4.34092
2.689,2.71208,-4.34092
2.69,2.70901,-4.20639
2.691,2.70594,-4.20639
2.692,2.69981,-4.20639
2.693,2.69674,-4.05921
2.694,2.69367,-4.05921
2.695,2.68753,-4.05921
2.696,2.68447,-3.87794
2.697,2.6814,-3.87794
2.698,2.67833,-3.87794
2.699,2.67526,-3.83863
2.7,2.66913,-3.71519
2.701,2.66606,-3.71519
2.702,2.66299,-3.71519
2.703,2.65992,-3.53435
2.704,2.65685,-3.53435
2.705,2.65379,-3.53435
2.706,2.65072,-3.53435
2.707,2.64765,-3.31861
2.708,2.64458,-3.31861
2.709,2.64151,-3.31861
2.71,2.63845,-3.28509
2.711,2.63538,-3.09262
2.712,2.63231,-3.09262
2.713,2.62924,-3.09262
2.714,2.62618,-3.09262
2.715,2.62311,-2.851
2.716,2.62004,-2.851
2.717,2.61697,-2.851
2.718,2.61697,-2.851
2.719,2.6139,-2.75923
2.72,2.61084,-2.51006
2.721,2.60777,-2.51006
2.722,2.60777,-2.51006
2.723,2.6047,-2.51006
2.724,2.60163,-2.51006
2.725,2.60163,-2.20363
2.726,2.59856,-2.13479
2.727,2.5955,-2.13479
2.728,2.5955,-2.13479
2.729,2.59243,-2.13479
2.73,2.59243,-2.13479
2.731,2.58936,-2.10593
2.732,2.58629,-1.86545
2.733,2.58629,-1.86545
2.734,2.58322,-1.86545
2.735,2.58322,-1.86545
2.736,2.58016,-1.86545
2.737,2.58016,-1.86545
2.738,2.58016,-1.86545
2.739,2.57709,-1.69451
2.74,2.57709,-1.48704
2.741,2.57402,-1.37702
2.742,2.57402,-1.37702
2.743,2.57402,-1.37702
2.744,2.57402,-1.37702
2.745,2.57095,-1.37702
2.746,2.57095,-1.37702
2.747,2.57095,-1.37702
2.748,2.57095,-1.37702
2.749,2.56788,-1.37702
2.75,2.56788,-1.31695
2.751,2.56788,-1.18702
2.752,2.56788,-1.08275
2.753,2.56788,-0.995343
2.754,2.56788,-0.920982
2.755,2.56788,-0.856676
2.756,2.56788,-0.80051
2.757,2.56788,-0.751446
2.758,2.56788,-0.707853
2.759,2.56788,-0.669753
2.76,2.56788,-0.634457
2.761,2.56788,-0.603403
2.762,2.56788,-0.575244
2.763,2.56788,-0.549366
2.764,2.56788,-0.525817
2.765,2.56788,-0.504291
2.766,2.56788,-0.484364
2.767,2.57095,-0.476523
2.768,2.57095,-0.476523
2.769,2.57095,-0.476523
2.77,2.57095,-0.476523
2.771,2.57402,-0.476523
2.772,2.57402,-0.476523
2.773,2.57402,-0.476523
2.774,2.57709,-0.476523
2.775,2.57709,-0.476523
2.776,2.57709,-0.476523
2.777,2.58016,-0.476523
2.778,2.58016,-0.476523
2.779,2.58322,1.00925
2.78,2.58322,1.00925
2.781,2.58629,1.00925
2.782,2.58629,1.00925
2.783,2.58936,1.00925
2.784,2.58936,1.00925
2.785,2.59243,1.00925
2.786,2.59243,1.00925
2.787,2.5955,1.64757
2.788,2.59856,1.64757
2.789,2.59856,1.64757
2.79,2.60163,1.64757
2.791,2.6047,1.64757
2.792,2.60777,2.07008
2.793,2.60777,2.07008
2.794,2.61084,2.07008
2.795,2.6139,2.07008
2.796,2.61697,2.07008
2.797,2.61697,2.07008
2.798,2.62004,2.40897
2.799,2.62311,2.40897
2.8,2.62618,2.40897
2.801,2.62924,2.40897
2.802,2.63231,2.70346
2.803,2.63538,2.70346
2.804,2.63845,2.70346
2.805,2.64151,2.70346
2.806,2.64458,2.96373
2.807,2.64765,2.96373
2.808,2.65072,2.96373
2.809,2.65379,2.96373
2.81,2.65685,3.19244
2.811,2.65992,3.19244
2.812,2.66299,3.19244
2.813,2.66606,3.19244
2.814,2.66913,3.40577
2.815,2.67526,3.40577
2.816,2.67833,3.40577
2.817,2.6814,3.59751
2.818,2.68447,3.59751
2.819,2.68753,3.59751
2.82,2.69367,3.78436
2.821,2.69674,3.78436
2.822,2.69981,3.78436
2.823,2.70594,3.94874
2.824,2.70901,3.94874
2.825,2.71208,3.94874
2.826,2.71821,4.0964
2.827,2.72128,4.0964
2.828,2.72435,4.0964
2.829,2.73049,4.25515
2.83,2.73355,4.25515
2.831,2.73969,4.25515
2.832,2.74276,4.38857
2.833,2.74889,4.38857
2.834,2.75196,4.38857
2.835,2.7581,4.51139
2.836,2.76117,4.51139
2.837,2.7673,4.64515
2.838,2.77037,4.64515
2.839,2.77651,4.64515
2.84,2.77957,4.74697
2.841,2.78571,4.74697
2.842,2.78878,4.74697
2.843,2.79491,4.85947
2.844,2.80105,4.85947
2.845,2.80412,4.973
2.846,2.81025,4.973
2.847,2.81639,5.06244
2.848,2.81946,5.06244
2.849,2.82559,5.06244
2.85,2.83173,5.14516
2.851,2.8348,5.14516
2.852,2.84093,5.25208
2.853,2.84707,5.25208
2.854,2.8532,5.25208
2.855,2.85627,5.326
2.856,2.86241,5.326
2.857,2.86854,5.39715
2.858,2.87468,5.39715
2.859,2.87775,5.48299
2.86,2.88388,5.48299
2.861,2.89002,5.53302
2.862,2.89616,5.53302
2.863,2.90229,5.59301
2.864,2.90536,5.59301
2.865,2.9115,5.59301
2.866,2.91763,5.68364
2.867,2.92377,5.68364
2.868,2.9299,5.70515
2.869,2.93604,5.70515
2.87,2.94218,5.74372
2.871,2.94831,5.74372
2.872,2.95445,5.83436
2.873,2.95751,5.83436
2.874,2.96365,5.85217
2.875,2.96979,5.85217
2.876,2.97592,5.84207
2.877,2.98206,5.84207
2.878,2.98819,5.7872
2.879,2.99433,5.7872
2.88,3.00047,5.86367
2.881,3.0066,5.86367
2.882,3.01274,6.01926
2.883,3.01887,6.01926
2.884,3.02501,6.09251
2.885,3.03115,6.09251
2.886,3.03728,6.11072
2.887,3.04342,6.11072
2.888,3.04955,6.15147
2.889,3.05569,6.15147
2.89,3.06183,6.15743
2.891,3.06796,6.15743
2.892,3.0741,6.18458
2.893,3.08023,6.18458
2.894,3.08637,6.20325
2.895,3.09251,6.20325
2.896,3.09864,6.20086
2.897,3.10478,6.20086
2.898,3.11091,6.23235
2.899,3.11705,6.23235
2.9,3.12318,6.23095
2.901,3.12932,6.23095
2.902,3.13546,6.22107
2.903,-3.14159,6.22107
2.904,-3.13546,6.25096
2.905,-3.12932,6.25096
2.906,-3.12318,6.22945
2.907,-3.11705,6.22945
2.908,-3.11091,6.21587
2.909,-3.10478,6.21587
2.91,-3.09864,6.24261
2.911,-3.09251,6.24261
2.912,-3.08637,6.20147
2.913,-3.08023,6.20147
2.914,-3.0741,6.19013
2.915,-3.06796,6.19013
2.916,-3.06183,6.19156
2.917,-3.05569,6.19156
2.918,-3.04955,6.15147
2.919,-3.04342,6.15147
2.92,-3.03728,6.13831
2.921,-3.03115,6.13831
2.922,-3.02501,6.11089
2.923,-3.01887,6.11089
2.924,-3.01274,6.08458
2.925,-3.0066,6.08458
2.926,-3.00047,6.05166
2.927,-2.99433,6.05166
2.928,-2.98819,6.01041
2.929,-2.98206,6.01041
2.93,-2.97592,5.97093
2.931,-2.96979,5.97093
2.932,-2.96365,5.93759
2.933,-2.95751,5.93759
2.934,-2.95138,5.88315
2.935,-2.94524,5.88315
2.936,-2.93911,5.83694
2.937,-2.93604,5.83694
2.938,-2.9299,5.83694
2.939,-2.92377,5.79255
2.94,-2.91763,5.79255
2.941,-2.9115,5.73112
2.942,-2.90536,5.73112
2.943,-2.89922,5.67142
2.944,-2.89616,5.67142
2.945,-2.89002,5.61302
2.946,-2.88388,5.61302
2.947,-2.87775,5.53492
2.948,-2.87161,5.53492
2.949,-2.86854,5.53492
2.95,-2.86241,5.47246
2.951,-2.85627,5.47246
2.952,-2.85014,5.40217
2.953,-2.84707,5.40217
2.954,-2.84093,5.30569
2.955,-2.8348,5.30569
2.956,-2.82866,5.27151
2.957,-2.82559,5.23329
2.958,-2.81946,5.23329
2.959,-2.81332,5.14717
2.96,-2.81025,5.14717
2.961,-2.80412,5.04734
2.962,-2.80105,5.04734
2.963,-2.79491,5.04734
2.964,-2.78878,4.9496
2.965,-2.78571,4.9496
2.966,-2.77957,4.84346
2.967,-2.77651,4.84346
2.968,-2.77037,4.84346
2.969,-2.7673,4.7336
2.97,-2.76117,4.7336
2.971,-2.7581,4.7336
2.972,-2.75196,4.6217
2.973,-2.74889,4.6217
2.974,-2.74276,4.48829
2.975,-2.73969,4.48829
2.976,-2.73355,4.48829
2.977,-2.73049,4.35792
2.978,-2.72742,4.35792
2.979,-2.72128,4.35792
2.98,-2.71821,4.22623
2.981,-2.71515,4.22623
2.982,-2.70901,4.22623
2.983,-2.70594,4.07252
2.984,-2.70287,4.07252
2.985,-2.69674,4.07252
2.986,-2.69367,3.90555
2.987,-2.6906,3.90555
2.988,-2.68753,3.90555
2.989,-2.6814,3.74767
2.99,-2.67833,3.74767
2.991,-2.67526,3.74767
2.992,-2.67219,3.74767
2.993,-2.66913,3.55836
2.994,-2.66606,3.55836
2.995,-2.66299,3.55836
2.996,-2.65992,3.41908
2.997,-2.65379,3.36164
2.998,-2.65379,3.36164
2.999,-2.64765,3.36164
3,-2.64458,3.14838
3.001,-2.64151,3.14838
3.002,-2.64151,3.14838
3.003,-2.63845,3.14838
3.004,-2.63538,3.03886
3.005,-2.63231,2.91234
3.006,-2.62924,2.91234
3.007,-2.62618,2.91234
3.008,-2.62311,2.91234
3.009,-2.62004,2.64679
3.01,-2.62004,2.64679
3.011,-2.61697,2.64679
3.012,-2.6139,2.64679
3.013,-2.61084,2.64679
3.014,-2.61084,2.3645
3.015,-2.60777,2.35164
3.016,-2.6047,2.35164
3.017,-2.6047,2.35164
3.018,-2.60163,2.35164
3.019,-2.59856,2.35164
3.02,-2.59856,2.06058
3.021,-2.5955,1.99636
3.022,-2.59243,1.99636
3.023,-2.59243,1.99636
3.024,-2.58936,1.99636
3.025,-2.58936,1.99636
3.026,-2.58629,1.99636
3.027,-2.58629,1.79823
3.028,-2.58629,1.56889
3.029,-2.58322,1.55083
3.03,-2.58322,1.55083
3.031,-2.58016,1.55083
3.032,-2.58016,1.55083
3.033,-2.58016,1.55083
3.034,-2.57709,1.55083
3.035,-2.57709,1.55083
3.036,-2.57709,1.55083
3.037,-2.57709,1.37727
3.038,-2.57402,1.23816
3.039,-2.57402,1.12552
3.04,-2.57402,1.03027
3.041,-2.57402,0.950381
3.042,-2.57402,0.88224
3.043,-2.57402,0.823004
3.044,-2.57095,0.800521
3.045,-2.57095,0.800521
3.046,-2.57095,0.800521
3.047,-2.57095,0.800521
3.048,-2.57095,0.800521
3.049,-2.57095,0.800521
3.05,-2.57095,0.800521
3.051,-2.57095,0.800521
3.052,-2.57095,0.800521
3.053,-2.57095,0.800521
3.054,-2.57402,0.800521
3.055,-2.57402,0.800521
3.056,-2.57402,0.800521
3.057,-2.57402,0.800521
3.058,-2.57402,0.800521
3.059,-2.57709,-0.788096
3.06,-2.57709,-0.740498
3.061,-2.57709,-0.698334
3.062,-2.57709,-0.660878
3.063,-2.58016,-0.646666
3.064,-2.58016,-0.646666
3.065,-2.58016,-0.646666
3.066,-2.58322,-0.646666
3.067,-2.58322,-0.646666
3.068,-2.58629,-0.646666
3.069,-2.58629,-0.646666
3.07,-2.58629,-0.646666
3.071,-2.58936,-0.646666
3.072,-2.58936,-0.646666
3.073,-2.59243,-1.26024
3.074,-2.59243,-1.26024
3.075,-2.5955,-1.26024
3.076,-2.59856,-1.26024
3.077,-2.59856,-1.26024
3.078,-2.60163,-1.26024
3.079,-2.6047,-1.78898
3.08,-2.6047,-1.78898
3.081,-2.60777,-1.78898
3.082,-2.60777,-1.78898
3.083,-2.61084,-1.78898
3.084,-2.6139,-1.78898
3.085,-2.61697,-2.17539
3.086,-2.61697,-2.17539
3.087,-2.62004,-2.17539
3.088,-2.62311,-2.17539
3.089,-2.62618,-2.17539
3.09,-2.62924,-2.49804
3.091,-2.63231,-2.49804
3.092,-2.63538,-2.49804
3.093,-2.63845,-2.49804
3.094,-2.64151,-2.77563
3.095,-2.64151,-2.77563
3.096,-2.64458,-2.77563
3.097,-2.64765,-2.77563
3.098,-2.65072,-2.77563
3.099,-2.65379,-3.02539
3.1,-2.65992,-3.02539
3.101,-2.66299,-3.02539
3.102,-2.66606,-3.24639
3.103,-2.66913,-3.24639
3.104,-2.67219,-3.24639
3.105,-2.67526,-3.24639
3.106,-2.67833,-3.45537
3.107,-2.6814,-3.45537
3.108,-2.68753,-3.45537
3.109,-2.6906,-3.63521
3.11,-2.69367,-3.63521
3.111,-2.69674,-3.63521
3.112,-2.70287,-3.8152
3.113,-2.70594,-3.8152
3.114,-2.70901,-3.8152
3.115,-2.71208,-3.8152
3.116,-2.71821,-3.9855
3.117,-2.72128,-3.9855
3.118,-2.72742,-3.9855
3.119,-2.73049,-4.12443
3.12,-2.73355,-4.12443
3.121,-2.73969,-4.27136
3.122,-2.74276,-4.27136
3.123,-2.74889,-4.27136
3.124,-2.75196,-4.41402
3.125,-2.75503,-4.41402
3.126,-2.76117,-4.41402
3.127,-2.76423,-4.53338
3.128,-2.77037,-4.53338
3.129,-2.77651,-4.53338
3.13,-2.77957,-4.65489
3.131,-2.78571,-4.65489
3.132,-2.78878,-4.76435
3.133,-2.79491,-4.76435
3.134,-2.79798,-4.76435
3.135,-2.80412,-4.87343
3.136,-2.81025,-4.87343
3.137,-2.81332,-4.97863
3.138,-2.81946,-4.97863
3.139,-2.82559,-5.06921
3.14,-2.82866,-5.06921
3.141,-2.8348,-5.06921
3.142,-2.84093,-5.1499
3.143,-2.844,-5.1499
3.144,-2.85014,-5.25027
3.145,-2.85627,-5.25027
3.146,-2.86241,-5.32642
3.147,-2.86548,-5.32642
3.148,-2.87161,-5.32642
3.149,-2.87775,-5.39129
3.15,-2.88388,-5.39129
3.151,-2.88695,-5.47735
3.152,-2.89309,-5.47735
3.153,-2.89922,-5.54152
3.154,-2.90536,-5.54152
3.155,-2.9115,-5.60166
3.156,-2.91456,-5.60166
3.157,-2.9207,-5.60166
3.158,-2.92684,-5.67189
3.159,-2.93297,-5.67189
3.16,-2.93911,-5.71411
3.161,-2.94524,-5.71411
3.162,-2.95138,-5.77416
3.163,-2.95751,-5.77416
3.164,-2.96058,-5.8262
3.165,-2.96672,-5.8262
3.166,-2.97285,-5.85931
3.167,-2.97899,-5.85931
3.168,-2.98513,-5.90336
3.169,-2.99126,-5.90336
3.17,-2.9974,-5.94666
3.171,-3.00353,-5.94666
3.172,-3.00967,-5.98627
3.173,-3.01581,-5.98627
3.174,-3.02194,-6.01037
3.175,-3.02808,-6.01037
3.176,-3.03421,-6.0469
3.177,-3.04035,-6.0469
3.178,-3.04649,-6.06725
3.179,-3.05262,-6.06725
3.18,-3.05876,-6.09819
3.181,-3.06489,-6.09819
3.182,-3.07103,-6.10793
3.183,-3.07717,-6.10793
3.184,-3.0833,-6.11596
3.185,-3.08944,-6.11596
3.186,-3.09557,-6.16069
3.187,-3.10171,-6.16069
3.188,-3.10785,-6.14347
3.189,-3.11398,-6.14347
3.19,-3.12012,-6.15649
3.191,-3.12625,-6.15649
3.192,-3.13239,-6.18164
3.193,-3.13852,-6.18164
3.194,3.13852,-6.15434
3.195,3.13239,-6.15434
3.196,3.12625,-6.1616
3.197,3.12012,-6.1616
3.198,3.11398,-6.17042
3.199,3.10785,-6.17042
3.2,3.10171,-6.14172
3.201,3.09557,-6.14172
3.202,3.08944,-6.14544
3.203,3.0833,-6.14544
3.204,3.07717,-6.1346
3.205,3.07103,-6.1346
3.206,3.06489,-6.10076
3.207,3.05876,-6.10076
3.208,3.05262,-6.1003
3.209,3.04649,-6.1003
3.21,3.04035,-6.06891
3.211,3.03421,-6.06891
3.212,3.02808,-6.04491
3.213,3.02194,-6.04491
3.214,3.01581,-6.02595
3.215,3.00967,-6.02595
3.216,3.00353,-5.97922
3.217,3.00047,-5.97922
3.218,2.99433,-5.97922
3.219,2.98819,-5.95363
3.22,2.98206,-5.95363
3.221,2.97592,-5.91513
3.222,2.96979,-5.91513
3.223,2.96365,-5.86784
3.224,2.95751,-5.86784
3.225,2.95138,-5.83957
3.226,2.94524,-5.83957
3.227,2.94218,-5.77318
3.228,2.93604,-5.77318
3.229,2.9299,-5.72422
3.23,2.92377,-5.72422
3.231,2.91763,-5.68642
3.232,2.9115,-5.68642
3.233,2.90536,-5.60472
3.234,2.90229,-5.60472
3.235,2.89616,-5.60472
3.236,2.89002,-5.55364
3.237,2.88388,-5.55364
3.238,2.87775,-5.49359
3.239,2.87468,-5.49359
3.24,2.86854,-5.41256
3.241,2.86241,-5.41256
3.242,2.85627,-5.34297
3.243,2.8532,-5.34297
3.244,2.84707,-5.34297
3.245,2.84093,-5.26736
3.246,2.83786,-5.26736
3.247,2.83173,-5.1789
3.248,2.82559,-5.1789
3.249,2.82252,-5.1789
3.25,2.81639,-5.08517
3.251,2.81025,-5.08517
3.252,2.80718,-5.00906
3.253,2.80105,-5.00906
3.254,2.79491,-4.91281
3.255,2.79185,-4.89078
3.256,2.78571,-4.89078
3.257,2.78264,-4.78375
3.258,2.77651,-4.78375
3.259,2.77344,-4.78375
3.26,2.7673,-4.69464
3.261,2.76423,-4.69464
3.262,2.7581,-4.54702
3.263,2.75503,-4.54702
3.264,2.74889,-4.54702
3.265,2.74583,-4.44123
3.266,2.74276,-4.44123
3.267,2.73662,-4.44123
3.268,2.73355,-4.28457
3.269,2.73049,-4.28457
3.27,2.72435,-4.28457
3.271,2.72128,-4.15024
3.272,2.71821,-4.15024
3.273,2.71208,-4.15024
3.274,2.70901,-4.02145
3.275,2.70594,-4.02145
3.276,2.69981,-4.02145
3.277,2.69674,-3.85968
3.278,2.69367,-3.85968
3.279,2.6906,-3.85968
3.28,2.68753,-3.72647
3.281,2.6814,-3.67211
3.282,2.67833,-3.67211
3.283,2.67526,-3.67211
3.284,2.67219,-3.49988
3.285,2.66913,-3.49988
3.286,2.66606,-3.49988
3.287,2.66299,-3.49988
3.288,2.65992,-3.26901
3.289,2.65685,-3.26901
3.29,2.65379,-3.26901
3.291,2.65072,-3.26901
3.292,2.64765,-3.07347
3.293,2.64458,-3.07347
3.294,2.64151,-3.07347
3.295,2.63845,-3.07347
3.296,2.63538,-2.83118
3.297,2.63231,-2.83118
3.298,2.63231,-2.83118
3.299,2.62924,-2.83118
3.3,2.62618,-2.81275
3.301,2.62311,-2.49839
3.302,2.62311,-2.49839
3.303,2.62004,-2.49839
3.304,2.61697,-2.49839
3.305,2.6139,-2.49839
3.306,2.6139,-2.26331
3.307,2.61084,-2.12718
3.308,2.60777,-2.12718
3.309,2.60777,-2.12718
3.31,2.6047,-2.12718
3.311,2.6047,-2.12718
3.312,2.60163,-2.12718
3.313,2.59856,-1.85195
3.314,2.59856,-1.85195
3.315,2.59856,-1.85195
3.316,2.5955,-1.85195
3.317,2.5955,-1.85195
3.318,2.59243,-1.85195
3.319,2.59243,-1.85195
3.32,2.58936,-1.74209
3.321,2.58936,-1.52633
3.322,2.58629,-1.37191
3.323,2.58629,-1.37191
3.324,2.58629,-1.37191
3.325,2.58629,-1.37191
3.326,2.58322,-1.37191
3.327,2.58322,-1.37191
3.328,2.58322,-1.37191
3.329,2.58322,-1.37191
3.33,2.58016,-1.37191
3.331,2.58016,-1.34858
3.332,2.58016,-1.21362
3.333,2.58016,-1.1048
3.334,2.58016,-1.01315
3.335,2.58016,-0.936459
3.336,2.58016,-0.869763
3.337,2.58016,-0.812149
3.338,2.58016,-0.761951
3.339,2.58016,-0.717204
3.34,2.58016,-0.677561
3.341,2.58016,-0.642216
3.342,2.58016,-0.610411
3.343,2.58016,-0.581477
3.344,2.58016,-0.555031
3.345,2.58016,-0.531112
3.346,2.58016,-0.509063
3.347,2.58016,-0.48869
3.348,2.58016,-0.470053
3.349,2.58322,-0.460651
3.35,2.58322,-0.460651
3.351,2.58322,-0.460651
3.352,2.58322,-0.460651
3.353,2.58629,-0.460651
3.354,2.58629,-0.460651
3.355,2.58629,-0.460651
3.356,2.58936,-0.460651
3.357,2.58936,-0.460651
3.358,2.58936,-0.460651
3.359,2.59243,-0.460651
3.36,2.59243,-0.460651
3.361,2.5955,1.02521
3.362,2.5955,1.02521
3.363,2.59856,1.02521
3.364,2.59856,1.02521
3.365,2.60163,1.02521
3.366,2.60163,1.02521
3.367,2.6047,1.02521
3.368,2.60777,1.64108
3.369,2.60777,1.64108
3.37,2.61084,1.64108
3.371,2.61084,1.64108
3.372,2.6139,1.64108
3.373,2.61697,1.64108
3.374,2.62004,2.0553
3.375,2.62004,2.0553
3.376,2.62311,2.0553
3.377,2.62618,2.0553
3.378,2.62924,2.0553
3.379,2.62924,2.0553
3.38,2.63231,2.39389
3.381,2.63538,2.39389
3.382,2.63845,2.39389
3.383,2.64151,2.39389
3.384,2.64458,2.68095
3.385,2.64765,2.68095
3.386,2.65072,2.68095
3.387,2.65379,2.68095
3.388,2.65685,2.93
3.389,2.65992,2.93
3.39,2.66299,2.93
3.391,2.66606,2.93
3.392,2.66913,3.16416
3.393,2.67219,3.16416
3.394,2.67526,3.16416
3.395,2.67833,3.16416
3.396,2.6814,3.36979
3.397,2.68447,3.36979
3.398,2.6906,3.36979
3.399,2.69367,3.56354
3.4,2.69674,3.56354
3.401,2.69981,3.56354
3.402,2.70287,3.56354
3.403,2.70901,3.74162
3.404,2.71208,3.74162
3.405,2.71515,3.74162
3.406,2.72128,3.90052
3.407,2.72435,3.90052
3.408,2.72742,3.90052
3.409,2.73355,4.06136
3.41,2.73662,4.06136
3.411,2.73969,4.06136
3.412,2.74583,4.20147
3.413,2.74889,4.20147
3.414,2.75503,4.33283
3.415,2.7581,4.33283
3.416,2.76117,4.33283
3.417,2.7673,4.47046
3.418,2.77037,4.47046
3.419,2.77651,4.47046
3.42,2.77957,4.57777
3.421,2.78571,4.57777
3.422,2.78878,4.57777
3.423,2.79491,4.69269
3.424,2.80105,4.69269
3.425,2.80412,4.81443
3.426,2.81025,4.81443
3.427,2.81332,4.81443
3.428,2.81946,4.90288
3.429,2.82559,4.90288
3.43,2.82866,4.98887
3.431,2.8348,4.98887
3.432,2.84093,5.09681
3.433,2.844,5.09681
3.434,2.85014,5.09681
3.435,2.85627,5.17545
3.436,2.85934,5.17545
3.437,2.86548,5.25192
3.438,2.87161,5.25192
3.439,2.87775,5.33881
3.44,2.88082,5.33881
3.441,2.88695,5.33881
3.442,2.89309,5.38787
3.443,2.89922,5.38787
3.444,2.90229,5.45466
3.445,2.90843,5.45466
3.446,2.91456,5.54221
3.447,2.9207,5.54221
3.448,2.92684,5.56178
3.449,2.9299,5.56178
3.45,2.93604,5.56178
3.451,2.94218,5.62323
3.452,2.94831,5.62323
3.453,2.95445,5.70758
3.454,2.96058,5.70758
3.455,2.96672,5.73235
3.456,2.97285,5.73235
3.457,2.97592,5.75359
3.458,2.98206,5.75359
3.459,2.98819,5.71467
3.46,2.99433,5.71467
3.461,3.00047,5.62534
3.462,3.0066,5.62534
3.463,3.01274,5.93372
3.464,3.01887,5.93372
3.465,3.02501,5.92346
3.466,3.02808,5.92346
3.467,3.03421,5.92346
3.468,3.04035,5.98055
3.469,3.04649,5.98055
3.47,3.05262,6.02735
3.471,3.05876,6.02735
3.472,3.06489,6.03257
3.473,3.07103,6.03257
3.474,3.07717,6.06055
3.475,3.0833,6.06055
3.476,3.08944,6.07902
3.477,3.09557,6.07902
3.478,3.10171,6.07709
3.479,3.10785,6.07709
3.48,3.11398,6.10738
3.481,3.12012,6.10738
3.482,3.12625,6.10548
3.483,3.13239,6.10548
3.484,3.13852,6.09466
3.485,-3.13852,6.09466
3.486,-3.13239,6.12495
3.487,-3.12625,6.12495
3.488,-3.12012,6.10287
3.489,-3.11398,6.10287
3.49,-3.10785,6.08764
3.491,-3.10171,6.08764
3.492,-3.09557,6.11359
3.493,-3.08944,6.11359
3.494,-3.0833,6.07254
3.495,-3.07717,6.07254
3.496,-3.07103,6.0603
3.497,-3.06489,6.0603
3.498,-3.05876,6.06229
3.499,-3.05262,6.06229
3.5,-3.04649,6.02053
3.501,-3.04035,6.02053
3.502,-3.03421,6.00759
3.503,-3.02808,6.00759
3.504,-3.02194,5.98023
3.505,-3.01581,5.98023
3.506,-3.01274,5.95319
3.507,-3.0066,5.95319
3.508,-3.00047,5.92068
3.509,-2.99433,5.92068
3.51,-2.98819,5.8792
3.511,-2.98206,5.8792
3.512,-2.97592,5.83922
3.513,-2.96979,5.83922
3.514,-2.96365,5.80637
3.515,-2.95751,5.80637
3.516,-2.95445,5.80637
3.517,-2.94831,5.75232
3.518,-2.94218,5.75232
3.519,-2.93604,5.70419
3.52,-2.9299,5.70419
3.521,-2.92377,5.65921
3.522,-2.91763,5.65921
3.523,-2.91456,5.5967
3.524,-2.90843,5.5967
3.525,-2.90229,5.53579
3.526,-2.89616,5.53579
3.527,-2.89002,5.47582
3.528,-2.88695,5.47582
3.529,-2.88082,5.47582
3.53,-2.87468,5.39596
3.531,-2.86854,5.39596
3.532,-2.86548,5.33146
3.533,-2.85934,5.33146
3.534,-2.8532,5.2582
3.535,-2.85014,5.2582
3.536,-2.844,5.2582
3.537,-2.83786,5.16124
3.538,-2.8348,5.16124
3.539,-2.82866,5.08566
3.54,-2.82252,5.08566
3.541,-2.81946,5.08566
3.542,-2.81332,4.99668
3.543,-2.81025,4.99668
3.544,-2.80412,4.89292
3.545,-2.79798,4.89292
3.546,-2.79491,4.89292
3.547,-2.78878,4.79197
3.548,-2.78571,4.79197
3.549,-2.77957,4.68351
3.55,-2.77651,4.68351
3.551,-2.77037,4.68351
3.552,-2.7673,4.56894
3.553,-2.76117,4.56894
3.554,-2.7581,4.56894
3.555,-2.75196,4.45235
3.556,-2.74889,4.45235
3.557,-2.74583,4.45235
3.558,-2.73969,4.31474
3.559,-2.73662,4.31474
3.56,-2.73355,4.28395
3.561,-2.72742,4.17905
3.562,-2.72435,4.17905
3.563,-2.72128,4.17905
3.564,-2.71515,4.04176
3.565,-2.71208,4.04176
3.566,-2.70901,4.04176
3.567,-2.70594,3.88245
3.568,-2.69981,3.88245
3.569,-2.69674,3.88245
3.57,-2.69367,3.70776
3.571,-2.6906,3.70776
3.572,-2.68753,3.70776
3.573,-2.68447,3.58399
3.574,-2.67833,3.54102
3.575,-2.67526,3.54102
3.576,-2.67219,3.54102
3.577,-2.66913,3.34077
3.578,-2.66606,3.34077
3.579,-2.66299,3.34077
3.58,-2.65992,3.34077
3.581,-2.65685,3.13046
3.582,-2.65379,3.13046
3.583,-2.65072,3.13046
3.584,-2.64765,3.13046
3.585,-2.64458,2.90024
3.586,-2.64151,2.90024
3.587,-2.64151,2.90024
3.588,-2.63845,2.90024
3.589,-2.63538,2.90024
3.59,-2.63231,2.64203
3.591,-2.62924,2.64203
3.592,-2.62924,2.64203
3.593,-2.62618,2.64203
3.594,-2.62311,2.64203
3.595,-2.62004,2.34549
3.596,-2.62004,2.34549
3.597,-2.61697,2.34549
3.598,-2.6139,2.34549
3.599,-2.6139,2.34549
3.6,-2.61084,2.33231
3.601,-2.60777,2.00413
3.602,-2.60777,2.00413
3.603,-2.6047,2.00413
3.604,-2.6047,2.00413
3.605,-2.60163,2.00413
3.606,-2.60163,2.00413
3.607,-2.59856,2.00089
3.608,-2.59856,1.71936
3.609,-2.5955,1.56979
3.61,-2.5955,1.56979
3.611,-2.5955,1.56979
3.612,-2.59243,1.56979
3.613,-2.59243,1.56979
3.614,-2.59243,1.56979
3.615,-2.58936,1.56979
3.616,-2.58936,1.56979
3.617,-2.58936,1.47538
3.618,-2.58629,1.3161
3.619,-2.58629,1.18879
3.62,-2.58629,1.08378
3.621,-2.58629,0.995727
3.622,-2.58629,0.921163
3.623,-2.58322,0.879592
3.624,-2.58322,0.879592
3.625,-2.58322,0.879592
3.626,-2.58322,0.879592
3.627,-2.58322,0.879592
3.628,-2.58322,0.879592
3.629,-2.58322,0.879592
3.63,-2.58322,0.879592
3.631,-2.58322,0.879592
3.632,-2.58322,0.879592
3.633,-2.58322,0.879592
3.634,-2.58322,0.879592
3.635,-2.58322,0.879592
3.636,-2.58322,0.879592
3.637,-2.58629,-0.855985
3.638,-2.58629,-0.798654
3.639,-2.58629,-0.750054
3.64,-2.58629,-0.706805
3.641,-2.58629,-0.668455
3.642,-2.58936,-0.633594
3.643,-2.58936,-0.602621
3.644,-2.58936,-0.574781
3.645,-2.59243,-0.555059
3.646,-2.59243,-0.555059
3.647,-2.59243,-0.555059
3.648,-2.5955,-0.555059
3.649,-2.5955,-0.555059
3.65,-2.5955,-0.555059
3.651,-2.59856,-0.555059
3.652,-2.59856,-0.555059
3.653,-2.60163,-0.555059
3.654,-2.60163,-0.555059
3.655,-2.6047,-1.29142
3.656,-2.6047,-1.29142
3.657,-2.60777,-1.29142
3.658,-2.61084,-1.29142
3.659,-2.61084,-1.29142
3.66,-2.6139,-1.29142
3.661,-2.6139,-1.29142
3.662,-2.61697,-1.80035
3.663,-2.62004,-1.80035
3.664,-2.62004,-1.80035
3.665,-2.62311,-1.80035
3.666,-2.62618,-1.80035
3.667,-2.62924,-2.18149
3.668,-2.62924,-2.18149
3.669,-2.63231,-2.18149
3.67,-2.63538,-2.18149
3.671,-2.63845,-2.18149
3.672,-2.64151,-2.49576
3.673,-2.64458,-2.49576
3.674,-2.64765,-2.49576
3.675,-2.65072,-2.49576
3.676,-2.65072,-2.49576
3.677,-2.65379,-2.77107
3.678,-2.65685,-2.77107
3.679,-2.65992,-2.77107
3.68,-2.66299,-2.77107
3.681,-2.66606,-3.01095
3.682,-2.66913,-3.01095
3.683,-2.67219,-3.01095
3.684,-2.67833,-3.23319
3.685,-2.6814,-3.23319
3.686,-2.68447,-3.23319
3.687,-2.68753,-3.23319
3.688,-2.6906,-3.42494
3.689,-2.69367,-3.42494
3.69,-2.69674,-3.42494
3.691,-2.70287,-3.61363
3.692,-2.70594,-3.61363
3.693,-2.70901,-3.61363
3.694,-2.71208,-3.61363
3.695,-2.71821,-3.79284
3.696,-2.72128,-3.79284
3.697,-2.72435,-3.79284
3.698,-2.72742,-3.93802
3.699,-2.73355,-3.93802
3.7,-2.73662,-3.93802
3.701,-2.73969,-4.09168
3.702,-2.74583,-4.09168
3.703,-2.74889,-4.09168
3.704,-2.75503,-4.24169
3.705,-2.7581,-4.24169
3.706,-2.76423,-4.36119
3.707,-2.7673,-4.36119
3.708,-2.77037,-4.36119
3.709,-2.77651,-4.49068
3.71,-2.77957,-4.49068
3.711,-2.78571,-4.49068
3.712,-2.78878,-4.60233
3.713,-2.79491,-4.60233
3.714,-2.80105,-4.71432
3.715,-2.80412,-4.71432
3.716,-2.81025,-4.71432
3.717,-2.81332,-4.82408
3.718,-2.81946,-4.82408
3.719,-2.82559,-4.91641
3.72,-2.82866,-4.91641
3.721,-2.8348,-4.91641
3.722,-2.83786,-5.00154
3.723,-2.844,-5.00154
3.724,-2.85014,-5.10323
3.725,-2.8532,-5.10323
3.726,-2.85934,-5.10323
3.727,-2.86548,-5.18392
3.728,-2.87161,-5.18392
3.729,-2.87468,-5.24855
3.73,-2.88082,-5.24855
3.731,-2.88695,-5.33829
3.732,-2.89002,-5.33829
3.733,-2.89616,-5.33829
3.734,-2.90229,-5.40253
3.735,-2.90843,-5.40253
3.736,-2.91456,-5.46627
3.737,-2.91763,-5.46627
3.738,-2.92377,-5.53624
3.739,-2.9299,-5.53624
3.74,-2.93604,-5.58104
3.741,-2.94218,-5.58104
3.742,-2.94831,-5.64126
3.743,-2.95138,-5.64126
3.744,-2.95751,-5.64126
3.745,-2.96365,-5.69584
3.746,-2.96979,-5.69584
3.747,-2.97592,-5.73042
3.748,-2.98206,-5.73042
3.749,-2.98819,-5.77567
3.75,-2.99433,-5.77567
3.751,-2.9974,-5.81891
3.752,-3.00353,-5.81891
3.753,-3.00967,-5.86048
3.754,-3.01581,-5.86048
3.755,-3.02194,-5.8855
3.756,-3.02808,-5.8855
3.757,-3.03421,-5.92263
3.758,-3.04035,-5.92263
3.759,-3.04649,-5.9441
3.76,-3.05262,-5.9441
3.761,-3.05876,-5.97481
3.762,-3.06489,-5.97481
3.763,-3.07103,-5.9857
3.764,-3.07717,-5.9857
3.765,-3.0833,-5.99516
3.766,-3.08944,-5.99516
3.767,-3.09557,-6.04037
3.768,-3.09864,-6.04037
3.769,-3.10478,-6.04037
3.77,-3.11091,-6.0232
3.771,-3.11705,-6.0232
3.772,-3.12318,-6.03859
3.773,-3.12932,-6.03859
3.774,-3.13546,-6.06237
3.775,-3.14159,-6.06237
3.776,3.13546,-6.03604
3.777,3.12932,-6.03604
3.778,3.12318,-6.04462
3.779,3.11705,-6.04462
3.78,3.11091,-6.05469
3.781,3.10478,-6.05469
3.782,3.09864,-6.02463
3.783,3.09251,-6.02463
3.784,3.08637,-6.0285
3.785,3.08023,-6.0285
3.786,3.0741,-6.01676
3.787,3.06796,-6.01676
3.788,3.06183,-5.98452
3.789,3.05569,-5.98452
3.79,3.04955,-5.98221
3.791,3.04342,-5.98221
3.792,3.03728,-5.95115
3.793,3.03421,-5.95115
3.794,3.02808,-5.92596
3.795,3.02194,-5.92596
3.796,3.01581,-5.90628
3.797,3.00967,-5.90628
3.798,3.00353,-5.85982
3.799,2.9974,-5.85982
3.8,2.99126,-5.83305
3.801,2.98513,-5.83305
3.802,2.97899,-5.79426
3.803,2.97285,-5.79426
3.804,2.96979,-5.79426
3.805,2.96365,-5.74465
3.806,2.95751,-5.74465
3.807,2.95138,-5.71522
3.808,2.94524,-5.71522
3.809,2.93911,-5.64923
3.81,2.93604,-5.64923
3.811,2.9299,-5.59712
3.812,2.92377,-5.59712
3.813,2.91763,-5.55801
3.814,2.9115,-5.55801
3.815,2.90536,-5.47541
3.816,2.89922,-5.47541
3.817,2.89309,-5.47541
3.818,2.88695,-5.42039
3.819,2.88082,-5.42039
3.82,2.87775,-5.35973
3.821,2.87161,-5.35973
3.822,2.86548,-5.2767
3.823,2.86241,-5.2767
3.824,2.85627,-5.2767
3.825,2.85014,-5.20554
3.826,2.84707,-5.20554
3.827,2.84093,-5.12793
3.828,2.8348,-5.12793
3.829,2.83173,-5.12793
3.83,2.82559,-5.03756
3.831,2.81946,-5.03756
3.832,2.81639,-4.94248
3.833,2.81025,-4.94248
3.834,2.80718,-4.94248
3.835,2.80105,-4.86097
3.836,2.79798,-4.86097
3.837,2.79185,-4.7387
3.838,2.78878,-4.7387
3.839,2.78264,-4.7387
3.84,2.77957,-4.63363
3.841,2.77344,-4.63363
3.842,2.77037,-4.61731
3.843,2.76423,-4.53479
3.844,2.76117,-4.53479
3.845,2.75503,-4.38019
3.846,2.75196,-4.38019
3.847,2.74583,-4.38019
3.848,2.74276,-4.26845
3.849,2.73969,-4.26845
3.85,2.73355,-4.26845
3.851,2.73049,-4.13051
3.852,2.72742,-4.13051
3.853,2.72128,-4.13051
3.854,2.71821,-3.98063
3.855,2.71515,-3.98063
3.856,2.71208,-3.98063
3.857,2.70594,-3.8235
3.858,2.70287,-3.8235
3.859,2.69981,-3.8235
3.86,2.69674,-3.8235
3.861,2.69367,-3.66721
3.862,2.6906,-3.66721
3.863,2.68447,-3.66721
3.864,2.6814,-3.47884
3.865,2.67833,-3.47884
3.866,2.67526,-3.47884
3.867,2.67219,-3.47884
3.868,2.66913,-3.2628
3.869,2.66606,-3.2628
3.87,2.66299,-3.2628
3.871,2.65992,-3.2628
3.872,2.65685,-3.05814
3.873,2.65379,-3.05814
3.874,2.65072,-3.05814
3.875,2.64765,-3.05814
3.876,2.64458,-2.82774
3.877,2.64458,-2.82774
3.878,2.64151,-2.82774
3.879,2.63845,-2.82774
3.88,2.63538,-2.82774
3.881,2.63231,-2.5513
3.882,2.63231,-2.5513
3.883,2.62924,-2.5513
3.884,2.62618,-2.5513
3.885,2.62311,-2.5513
3.886,2.62311,-2.34594
3.887,2.62004,-2.1874
3.888,2.62004,-2.1874
3.889,2.61697,-2.1874
3.89,2.6139,-2.1874
3.891,2.6139,-2.1874
3.892,2.61084,-2.18267
3.893,2.61084,-1.85165
3.894,2.60777,-1.78887
3.895,2.60777,-1.78887
3.896,2.6047,-1.78887
3.897,2.6047,-1.78887
3.898,2.60163,-1.78887
3.899,2.60163,-1.78887
3.9,2.59856,-1.78887
3.901,2.59856,-1.5797
3.902,2.5955,-1.41209
3.903,2.5955,-1.41209
3.904,2.5955,-1.41209
3.905,2.5955,-1.41209
3.906,2.59243,-1.41209
3.907,2.59243,-1.41209
3.908,2.59243,-1.41209
3.909,2.58936,-1.41209
3.91,2.58936,-1.41209
3.911,2.58936,-1.35149
3.912,2.58936,-1.21784
3.913,2.58936,-1.10778
3.914,2.58936,-1.01643
3.915,2.58629,-0.939007
3.916,2.58629,-0.871615
3.917,2.58629,-0.813758
3.918,2.58629,-0.763353
3.919,2.58629,-0.718612
3.92,2.58629,-0.679035
3.921,2.58629,-0.643579
3.922,2.58629,-0.611159
3.923,2.58629,-0.582287
3.924,2.58629,-0.556024
3.925,2.58629,-0.532026
3.926,2.58936,0.509895
3.927,2.58936,0.489434
3.928,2.58936,0.470633
3.929,2.58936,0.453227
3.93,2.58936,0.437127
3.931,2.58936,0.422073
3.932,2.59243,0.419495
3.933,2.59243,0.419495
3.934,2.59243,0.419495
3.935,2.5955,0.419495
3.936,2.5955,0.419495
3.937,2.5955,0.419495
3.938,2.59856,0.419495
3.939,2.59856,0.419495
3.94,2.59856,0.419495
3.941,2.60163,0.419495
3.942,2.60163,0.419495
3.943,2.6047,1.08008
3.944,2.6047,1.08008
3.945,2.60777,1.08008
3.946,2.60777,1.08008
3.947,2.61084,1.08008
3.948,2.61084,1.08008
3.949,2.6139,1.08008
3.95,2.61697,1.6602
3.951,2.61697,1.6602
3.952,2.62004,1.6602
3.953,2.62004,1.6602
3.954,2.62311,1.6602
3.955,2.62618,1.6602
3.956,2.62924,2.06669
3.957,2.62924,2.06669
3.958,2.63231,2.06669
3.959,2.63538,2.06669
3.96,2.63845,2.06669
3.961,2.64151,2.39587
3.962,2.64151,2.39587
3.963,2.64458,2.39587
3.964,2.64765,2.39587
3.965,2.65072,2.39587
3.966,2.65379,2.67632
3.967,2.65685,2.67632
3.968,2.65992,2.67632
3.969,2.66299,2.67632
3.97,2.66606,2.92512
3.971,2.66913,2.92512
3.972,2.67219,2.92512
3.973,2.67526,2.92512
3.974,2.67833,3.1501
3.975,2.6814,3.1501
3.976,2.68447,3.1501
3.977,2.68753,3.1501
3.978,2.6906,3.35846
3.979,2.69367,3.35846
3.98,2.69981,3.35846
3.981,2.70287,3.54395
3.982,2.70594,3.54395
3.983,2.70901,3.54395
3.984,2.71208,3.54395
3.985,2.71821,3.70992
3.986,2.72128,3.70992
3.987,2.72435,3.70992
3.988,2.73049,3.88162
3.989,2.73355,3.88162
3.99,2.73662,3.88162
3.991,2.73969,4.02858
3.992,2.74583,4.02858
3.993,2.74889,4.02858
3.994,2.75503,4.16285
3.995,2.7581,4.16285
3.996,2.76117,4.16285
3.997,2.7673,4.30728
3.998,2.77037,4.30728
3.999,2.77651,4.42043
4,2.77957,4.42043
4.001,2.78571,4.42043
4.002,2.78878,4.53705
4.003,2.79491,4.53705
4.004,2.79798,4.53705
4.005,2.80412,4.66197
4.006,2.80718,4.66197
4.007,2.81332,4.75627
4.008,2.81639,4.75627
4.009,2.82252,4.75627
4.01,2.82866,4.84827
4.011,2.83173,4.84827
4.012,2.83786,4.95763
4.013,2.84093,4.95763
4.014,2.84707,4.95763
4.015,2.8532,5.03656
4.016,2.85627,5.03656
4.017,2.86241,5.11842
4.018,2.86854,5.11842
4.019,2.87468,5.20343
4.02,2.87775,5.20343
4.021,2.88388,5.20343
4.022,2.89002,5.2562
4.023,2.89309,5.2562
4.024,2.89922,5.33613
4.025,2.90536,5.33613
4.026,2.9115,5.41143
4.027,2.91456,5.41143
4.028,2.9207,5.41143
4.029,2.92684,5.44323
4.03,2.93297,5.44323
4.031,2.93911,5.5077
4.032,2.94218,5.5077
4.033,2.94831,5.58188
4.034,2.95445,5.58188
4.035,2.96058,5.61798
4.036,2.96672,5.61798
4.037,2.97285,5.66139
4.038,2.97592,5.66139
4.039,2.98206,5.66139
4.04,2.98819,5.67451
4.041,2.99433,5.67451
4.042,3.00047,5.62746
4.043,3.0066,5.62746
4.044,3.01274,5.51961
4.045,3.01581,5.51961
4.046,3.02194,5.88115
4.047,3.02808,5.88115
4.048,3.03421,5.81934
4.049,3.04035,5.81934
4.05,3.04649,5.89398
4.051,3.05262,5.89398
4.052,3.05876,5.91169
4.053,3.06489,5.91169
4.054,3.07103,5.93951
4.055,3.07717,5.93951
4.056,3.0833,5.95648
4.057,3.08637,5.95648
4.058,3.09251,5.95648
4.059,3.09864,5.9552
4.06,3.10478,5.9552
4.061,3.11091,5.98521
4.062,3.11705,5.98521
4.063,3.12318,5.98493
4.064,3.12932,5.98493
4.065,3.13546,5.97425
4.066,-3.14159,5.97425
4.067,-3.13546,6.00527
4.068,-3.12932,6.00527
4.069,-3.12318,5.98238
4.07,-3.11705,5.98238
4.071,-3.11091,5.96884
4.072,-3.10478,5.96884
4.073,-3.09864,5.99516
4.074,-3.09251,5.99516
4.075,-3.08637,5.95379
4.076,-3.08023,5.95379
4.077,-3.0741,5.94162
4.078,-3.07103,5.94162
4.079,-3.06489,5.94214
4.08,-3.05876,5.94214
4.081,-3.05262,5.90201
4.082,-3.04649,5.90201
4.083,-3.04035,5.88758
4.084,-3.03421,5.88758
4.085,-3.02808,5.85858
4.086,-3.02194,5.85858
4.087,-3.01581,5.83213
4.088,-3.01274,5.83213
4.089,-3.0066,5.83213
4.09,-3.00047,5.79727
4.091,-2.99433,5.79727
4.092,-2.98819,5.75644
4.093,-2.98206,5.75644
4.094,-2.97592,5.71433
4.095,-2.96979,5.71433
4.096,-2.96672,5.68035
4.097,-2.96058,5.68035
4.098,-2.95445,5.62463
4.099,-2.94831,5.62463
4.1,-2.94218,5.57582
4.101,-2.93911,5.57582
4.102,-2.93297,5.57582
4.103,-2.92684,5.52969
4.104,-2.9207,5.52969
4.105,-2.91456,5.46606
4.106,-2.9115,5.46606
4.107,-2.90536,5.40362
4.108,-2.89922,5.40362
4.109,-2.89309,5.34268
4.11,-2.89002,5.34268
4.111,-2.88388,5.34268
4.112,-2.87775,5.26099
4.113,-2.87468,5.26099
4.114,-2.86854,5.19568
4.115,-2.86241,5.19568
4.116,-2.85627,5.11958
4.117,-2.8532,5.11958
4.118,-2.84707,5.11958
4.119,-2.844,5.02107
4.12,-2.83786,5.02107
4.121,-2.83173,4.94248
4.122,-2.82866,4.94248
4.123,-2.82252,4.94248
4.124,-2.81946,4.85237
4.125,-2.81332,4.85237
4.126,-2.81025,4.8256
4.127,-2.80412,4.74641
4.128,-2.80105,4.74641
4.129,-2.79491,4.6421
4.13,-2.79185,4.6421
4.131,-2.78571,4.6421
4.132,-2.78264,4.53042
4.133,-2.77651,4.53042
4.134,-2.77344,4.53042
4.135,-2.7673,4.41242
4.136,-2.76423,4.41242
4.137,-2.76117,4.35479
4.138,-2.75503,4.29013
4.139,-2.75196,4.29013
4.14,-2.74583,4.14864
4.141,-2.74276,4.14864
4.142,-2.73969,4.14864
4.143,-2.73662,4.0758
4.144,-2.73049,4.00708
4.145,-2.72742,4.00708
4.146,-2.72435,4.00708
4.147,-2.72128,3.86229
4.148,-2.71515,3.86229
4.149,-2.71208,3.86229
4.15,-2.70901,3.69447
4.151,-2.70594,3.69447
4.152,-2.70287,3.69447
4.153,-2.69981,3.56422
4.154,-2.69367,3.51071
4.155,-2.6906,3.51071
4.156,-2.68753,3.51071
4.157,-2.68447,3.33201
4.158,-2.6814,3.33201
4.159,-2.67833,3.33201
4.16,-2.67526,3.33201
4.161,-2.67219,3.11862
4.162,-2.66913,3.11862
4.163,-2.66606,3.11862
4.164,-2.66299,3.11862
4.165,-2.65992,2.8922
4.166,-2.65685,2.8922
4.167,-2.65685,2.8922
4.168,-2.65379,2.8922
4.169,-2.65072,2.8922
4.17,-2.64765,2.63982
4.171,-2.64458,2.63982
4.172,-2.64458,2.63982
4.173,-2.64151,2.63982
4.174,-2.63845,2.63982
4.175,-2.63538,2.35185
4.176,-2.63538,2.35185
4.177,-2.63231,2.35185
4.178,-2.62924,2.35185
4.179,-2.62924,2.35185
4.18,-2.62618,2.35185
4.181,-2.62311,2.0131
4.182,-2.62311,2.0131
4.183,-2.62004,2.0131
4.184,-2.62004,2.0131
4.185,-2.61697,2.0131
4.186,-2.61697,2.0131
4.187,-2.6139,2.00483
4.188,-2.6139,1.72288
4.189,-2.61084,1.59812
4.19,-2.61084,1.59812
4.191,-2.60777,1.59812
4.192,-2.60777,1.59812
4.193,-2.60777,1.59812
4.194,-2.6047,1.59812
4.195,-2.6047,1.59812
4.196,-2.6047,1.59812
4.197,-2.60163,1.45366
4.198,-2.60163,1.29948
4.199,-2.60163,1.17693
4.2,-2.60163,1.07246
4.201,-2.60163,0.988311
4.202,-2.59856,0.962509
4.203,-2.59856,0.962509
4.204,-2.59856,0.962509
4.205,-2.59856,0.962509
4.206,-2.59856,0.962509
4.207,-2.59856,0.962509
4.208,-2.59856,0.962509
4.209,-2.59856,0.962509
4.21,-2.59856,0.962509
4.211,-2.59856,0.962509
4.212,-2.59856,0.962509
4.213,-2.59856,0.962509
4.214,-2.59856,0.962509
4.215,-2.59856,0.896233
4.216,-2.59856,0.835178
4.217,-2.59856,0.781623
4.218,-2.59856,0.735177
4.219,-2.59856,0.693576
4.22,-2.60163,-0.656343
4.221,-2.60163,-0.623163
4.222,-2.60163,-0.592918
4.223,-2.60163,-0.565706
4.224,-2.6047,-0.541115
4.225,-2.6047,-0.518023
4.226,-2.6047,-0.497126
4.227,-2.60777,-0.481712
4.228,-2.60777,-0.481712
4.229,-2.60777,-0.481712
4.23,-2.61084,-0.481712
4.231,-2.61084,-0.481712
4.232,-2.61084,-0.481712
4.233,-2.6139,-0.481712
4.234,-2.6139,-0.481712
4.235,-2.61697,-0.481712
4.236,-2.61697,-0.481712
4.237,-2.62004,-1.32701
4.238,-2.62004,-1.32701
4.239,-2.62311,-1.32701
4.24,-2.62618,-1.32701
4.241,-2.62618,-1.32701
4.242,-2.62924,-1.32701
4.243,-2.63231,-1.8164
4.244,-2.63231,-1.8164
4.245,-2.63538,-1.8164
4.246,-2.63845,-1.8164
4.247,-2.63845,-1.8164
4.248,-2.64151,-1.8164
4.249,-2.64458,-2.18586
4.25,-2.64765,-2.18586
4.251,-2.64765,-2.18586
4.252,-2.65072,-2.18586
4.253,-2.65379,-2.18586
4.254,-2.65685,-2.496
4.255,-2.65992,-2.496
4.256,-2.66299,-2.496
4.257,-2.66606,-2.496
4.258,-2.66913,-2.76142
4.259,-2.67219,-2.76142
4.26,-2.67526,-2.76142
4.261,-2.67833,-2.76142
4.262,-2.6814,-3.00225
4.263,-2.68447,-3.00225
4.264,-2.68753,-3.00225
4.265,-2.6906,-3.00225
4.266,-2.69367,-3.20939
4.267,-2.69674,-3.20939
4.268,-2.69981,-3.20939
4.269,-2.70287,-3.20939
4.27,-2.70594,-3.41071
4.271,-2.70901,-3.41071
4.272,-2.71515,-3.41071
4.273,-2.71821,-3.60004
4.274,-2.72128,-3.60004
4.275,-2.72435,-3.60004
4.276,-2.73049,-3.75688
4.277,-2.73355,-3.75688
4.278,-2.73662,-3.75688
4.279,-2.73969,-3.75688
4.28,-2.74583,-3.91771
4.281,-2.74889,-3.91771
4.282,-2.75196,-3.91771
4.283,-2.7581,-4.07126
4.284,-2.76117,-4.07126
4.285,-2.7673,-4.07126
4.286,-2.77037,-4.19955
4.287,-2.77344,-4.19955
4.288,-2.77957,-4.33147
4.289,-2.78264,-4.33147
4.29,-2.78878,-4.33147
4.291,-2.79185,-4.44919
4.292,-2.79798,-4.44919
4.293,-2.80105,-4.44919
4.294,-2.80718,-4.56667
4.295,-2.81025,-4.56667
4.296,-2.81639,-4.67821
4.297,-2.81946,-4.67821
4.298,-2.82559,-4.67821
4.299,-2.82866,-4.77576
4.3,-2.8348,-4.77576
4.301,-2.84093,-4.86281
4.302,-2.844,-4.86281
4.303,-2.85014,-4.86281
4.304,-2.8532,-4.96752
4.305,-2.85934,-4.96752
4.306,-2.86548,-5.04752
4.307,-2.86854,-5.04752
4.308,-2.87468,-5.04752
4.309,-2.88082,-5.11694
4.31,-2.88388,-5.11694
4.311,-2.89002,-5.206
4.312,-2.89616,-5.206
4.313,-2.90229,-5.2728
4.314,-2.90536,-5.2728
4.315,-2.9115,-5.2728
4.316,-2.91763,-5.33771
4.317,-2.9207,-5.33771
4.318,-2.92684,-5.41024
4.319,-2.93297,-5.41024
4.32,-2.93911,-5.45641
4.321,-2.94524,-5.45641
4.322,-2.94831,-5.45641
4.323,-2.95445,-5.51781
4.324,-2.96058,-5.51781
4.325,-2.96672,-5.57364
4.326,-2.97285,-5.57364
4.327,-2.97899,-5.60831
4.328,-2.98206,-5.60831
4.329,-2.98819,-5.6545
4.33,-2.99433,-5.6545
4.331,-3.00047,-5.69981
4.332,-3.0066,-5.69981
4.333,-3.01274,-5.74099
4.334,-3.01887,-5.74099
4.335,-3.02501,-5.74099
4.336,-3.02808,-5.7659
4.337,-3.03421,-5.7659
4.338,-3.04035,-5.8042
4.339,-3.04649,-5.8042
4.34,-3.05262,-5.82628
4.341,-3.05876,-5.82628
4.342,-3.06489,-5.85865
4.343,-3.07103,-5.85865
4.344,-3.07717,-5.86838
4.345,-3.0833,-5.86838
4.346,-3.08637,-5.8792
4.347,-3.09251,-5.8792
4.348,-3.09864,-5.92279
4.349,-3.10478,-5.92279
4.35,-3.11091,-5.90501
4.351,-3.11705,-5.90501
4.352,-3.12318,-5.92104
4.353,-3.12932,-5.92104
4.354,-3.13546,-5.9447
4.355,-3.14159,-5.9447
4.356,3.13546,-5.91806
4.357,3.12932,-5.91806
4.358,3.12318,-5.92576
4.359,3.11705,-5.92576
4.36,3.10785,-5.92576
4.361,3.10478,-5.93428
4.362,3.09864,-5.93428
4.363,3.09251,-5.90667
4.364,3.08637,-5.90667
4.365,3.08023,-5.90829
4.366,3.0741,-5.90829
4.367,3.06796,-5.89642
4.368,3.06183,-5.89642
4.369,3.05569,-5.86254
4.37,3.04955,-5.86254
4.371,3.04342,-5.8611
4.372,3.04035,-5.8611
4.373,3.03421,-5.82813
4.374,3.02808,-5.82813
4.375,3.02194,-5.80279
4.376,3.01581,-5.80279
4.377,3.00967,-5.78236
4.378,3.00353,-5.78236
4.379,2.9974,-5.7351
4.38,2.99433,-5.7351
4.381,2.98819,-5.7351
4.382,2.98206,-5.70754
4.383,2.97592,-5.70754
4.384,2.96979,-5.66825
4.385,2.96365,-5.66825
4.386,2.95751,-5.61837
4.387,2.95445,-5.61837
4.388,2.94831,-5.58658
4.389,2.94218,-5.58658
4.39,2.93604,-5.52081
4.391,2.9299,-5.52081
4.392,2.92684,-5.52081
4.393,2.9207,-5.46877
4.394,2.91456,-5.46877
4.395,2.90843,-5.42862
4.396,2.90536,-5.42862
4.397,2.89922,-5.34569
4.398,2.89309,-5.34569
4.399,2.88695,-5.28873
4.4,2.88388,-5.28873
4.401,2.87775,-5.28873
4.402,2.87161,-5.22506
4.403,2.86854,-5.22506
4.404,2.86241,-5.14169
4.405,2.85627,-5.14169
4.406,2.8532,-5.14169
4.407,2.84707,-5.06813
4.408,2.84093,-5.06813
4.409,2.83786,-4.98718
4.41,2.83173,-4.98718
4.411,2.82866,-4.98718
4.412,2.82252,-4.89411
4.413,2.81946,-4.89411
4.414,2.81332,-4.79736
4.415,2.80718,-4.79736
4.416,2.80412,-4.79736
4.417,2.79798,-4.71204
4.418,2.79491,-4.71204
4.419,2.78878,-4.58908
4.42,2.78571,-4.58908
4.421,2.77957,-4.58908
4.422,2.77651,-4.47887
4.423,2.77344,-4.47887
4.424,2.7673,-4.47887
4.425,2.76423,-4.37088
4.426,2.7581,-4.37088
4.427,2.75503,-4.37088
4.428,2.75196,-4.20929
4.429,2.74583,-4.20929
4.43,2.74276,-4.20929
4.431,2.73969,-4.098
4.432,2.73355,-4.098
4.433,2.73049,-4.098
4.434,2.72742,-3.9607
4.435,2.72435,-3.9607
4.436,2.71821,-3.9607
4.437,2.71515,-3.79056
4.438,2.71208,-3.79056
4.439,2.70901,-3.79056
4.44,2.70594,-3.72761
4.441,2.70287,-3.63278
4.442,2.69674,-3.63278
4.443,2.69367,-3.63278
4.444,2.6906,-3.46704
4.445,2.68753,-3.46704
4.446,2.68447,-3.46704
4.447,2.6814,-3.46704
4.448,2.67833,-3.24417
4.449,2.67526,-3.24417
4.45,2.67219,-3.24417
4.451,2.66913,-3.24417
4.452,2.66606,-3.0461
4.453,2.66299,-3.0461
4.454,2.65992,-3.0461
4.455,2.65685,-3.0461
4.456,2.65379,-2.82539
4.457,2.65379,-2.82539
4.458,2.65072,-2.82539
4.459,2.64765,-2.82539
4.46,2.64458,-2.82539
4.461,2.64151,-2.55299
4.462,2.63845,-2.55299
4.463,2.63845,-2.55299
4.464,2.63538,-2.55299
4.465,2.63231,-2.55299
4.466,2.63231,-2.26806
4.467,2.62924,-2.24896
4.468,2.62618,-2.24896
4.469,2.62618,-2.24896
4.47,2.62311,-2.24896
4.471,2.62311,-2.24896
4.472,2.62004,-2.06241
4.473,2.61697,-1.7745
4.474,2.61697,-1.7745
4.475,2.61697,-1.7745
4.476,2.6139,-1.7745
4.477,2.6139,-1.7745
4.478,2.61084,-1.7745
4.479,2.61084,-1.7745
4.48,2.60777,-1.74384
4.481,2.60777,-1.52596
4.482,2.6047,-1.42968
4.483,2.6047,-1.42968
4.484,2.6047,-1.42968
4.485,2.60163,-1.42968
4.486,2.60163,-1.42968
4.487,2.60163,-1.42968
4.488,2.60163,-1.42968
4.489,2.59856,-1.42968
4.49,2.59856,-1.42968
4.491,2.59856,-1.29896
4.492,2.59856,-1.17525
4.493,2.5955,-1.07296
4.494,2.5955,-0.986617
4.495,2.5955,-0.912865
4.496,2.5955,-0.84907
4.497,2.5955,-0.793861
4.498,2.5955,-0.745802
4.499,2.5955,-0.703241
4.5,2.5955,-0.664784
4.501,2.5955,-0.630741
4.502,2.5955,-0.599793
4.503,2.5955,-0.571941
4.504,2.5955,-0.54658
4.505,2.5955,-0.523058
4.506,2.5955,-0.501758
4.507,2.5955,-0.482128
4.508,2.5955,-0.463963
4.509,2.59856,0.447219
4.51,2.59856,0.43134
4.511,2.59856,0.416587
4.512,2.59856,0.403347
4.513,2.59856,0.390127
4.514,2.60163,0.387738
4.515,2.60163,0.387738
4.516,2.60163,0.387738
4.517,2.6047,0.387738
4.518,2.6047,0.387738
4.519,2.6047,0.387738
4.52,2.60777,0.387738
4.521,2.60777,0.387738
4.522,2.61084,0.387738
4.523,2.61084,0.387738
4.524,2.61084,0.387738
4.525,2.6139,1.12918
4.526,2.6139,1.12918
4.527,2.61697,1.12918
4.528,2.61697,1.12918
4.529,2.62004,1.12918
4.53,2.62311,1.12918
4.531,2.62311,1.12918
4.532,2.62618,1.68341
4.533,2.62924,1.68341
4.534,2.62924,1.68341
4.535,2.63231,1.68341
4.536,2.63538,1.68341
4.537,2.63538,1.68341
4.538,2.63845,2.078
4.539,2.64151,2.078
4.54,2.64458,2.078
4.541,2.64458,2.078
4.542,2.64765,2.078
4.543,2.65072,2.39505
4.544,2.65379,2.39505
4.545,2.65685,2.39505
4.546,2.65992,2.39505
4.547,2.66299,2.67186
4.548,2.66299,2.67186
4.549,2.66606,2.67186
4.55,2.66913,2.67186
4.551,2.67219,2.67186
4.552,2.67526,2.91332
4.553,2.67833,2.91332
4.554,2.6814,2.91332
4.555,2.68447,2.91332
4.556,2.68753,3.13839
4.557,2.6906,3.13839
4.558,2.69674,3.13839
4.559,2.69981,3.33448
4.56,2.70287,3.33448
4.561,2.70594,3.33448
4.562,2.70901,3.33448
4.563,2.71208,3.51265
4.564,2.71821,3.51265
4.565,2.72128,3.51265
4.566,2.72435,3.69322
4.567,2.72742,3.69322
4.568,2.73049,3.69322
4.569,2.73662,3.8441
4.57,2.73969,3.8441
4.571,2.74276,3.8441
4.572,2.74889,3.98589
4.573,2.75196,3.98589
4.574,2.75503,3.98589
4.575,2.76117,4.13706
4.576,2.76423,4.13706
4.577,2.77037,4.13706
4.578,2.77344,4.25548
4.579,2.77651,4.25548
4.58,2.78264,4.25548
4.581,2.78571,4.3736
4.582,2.79185,4.3736
4.583,2.79491,4.3736
4.584,2.80105,4.50515
4.585,2.80412,4.50515
4.586,2.81025,4.60554
4.587,2.81332,4.60554
4.588,2.81946,4.60554
4.589,2.82252,4.70188
4.59,2.82866,4.70188
4.591,2.83173,4.70188
4.592,2.83786,4.81333
4.593,2.844,4.81333
4.594,2.84707,4.89552
4.595,2.8532,4.89552
4.596,2.85627,4.89552
4.597,2.86241,4.9822
4.598,2.86854,4.9822
4.599,2.87161,5.06647
4.6,2.87775,5.06647
4.601,2.88388,5.12133
4.602,2.88695,5.12133
4.603,2.89309,5.12133
4.604,2.89922,5.20474
4.605,2.90536,5.20474
4.606,2.90843,5.27913
4.607,2.91456,5.27913
4.608,2.9207,5.32436
4.609,2.92377,5.32436
4.61,2.9299,5.32436
4.611,2.93604,5.38121
4.612,2.94218,5.38121
4.613,2.94831,5.4474
4.614,2.95138,5.4474
4.615,2.95751,5.49428
4.616,2.96365,5.49428
4.617,2.96979,5.53569
4.618,2.97592,5.53569
4.619,2.97899,5.53569
4.62,2.98513,5.5578
4.621,2.99126,5.5578
4.622,2.9974,5.52755
4.623,3.00353,5.52755
4.624,3.0066,5.44568
4.625,3.01274,5.44568
4.626,3.01887,5.68536
4.627,3.02501,5.68536
4.628,3.03115,5.69683
4.629,3.03728,5.69683
4.63,3.04342,5.77159
4.631,3.04649,5.77159
4.632,3.05262,5.77159
4.633,3.05876,5.78883
4.634,3.06489,5.78883
4.635,3.07103,5.81842
4.636,3.07717,5.81842
4.637,3.0833,5.83659
4.638,3.08944,5.83659
4.639,3.09557,5.83606
4.64,3.10171,5.83606
4.641,3.10785,5.86449
4.642,3.11091,5.86449
4.643,3.11705,5.86519
4.644,3.12318,5.86519
4.645,3.12932,5.85524
4.646,3.13546,5.85524
4.647,-3.14159,5.88452
4.648,-3.13546,5.88452
4.649,-3.12932,5.86332
4.65,-3.12318,5.86332
4.651,-3.11705,5.85043
4.652,-3.11398,5.85043
4.653,-3.10785,5.85043
4.654,-3.10171,5.874
4.655,-3.09557,5.874
4.656,-3.08944,5.83394
4.657,-3.0833,5.83394
4.658,-3.07717,5.82244
4.659,-3.07103,5.82244
4.66,-3.06489,5.82152
4.661,-3.05876,5.82152
4.662,-3.05262,5.78073
4.663,-3.04955,5.78073
4.664,-3.04342,5.76598
4.665,-3.03728,5.76598
4.666,-3.03115,5.73678
4.667,-3.02501,5.73678
4.668,-3.01887,5.70905
4.669,-3.01274,5.70905
4.67,-3.00967,5.70905
4.671,-3.00353,5.67393
4.672,-2.9974,5.67393
4.673,-2.99126,5.63266
4.674,-2.98513,5.63266
4.675,-2.97899,5.58887
4.676,-2.97592,5.58887
4.677,-2.96979,5.55427
4.678,-2.96365,5.55427
4.679,-2.95751,5.49639
4.68,-2.95445,5.49639
4.681,-2.94831,5.49639
4.682,-2.94218,5.44622
4.683,-2.93604,5.44622
4.684,-2.9299,5.40005
4.685,-2.92684,5.40005
4.686,-2.9207,5.33407
4.687,-2.91456,5.33407
4.688,-2.9115,5.32937
4.689,-2.90536,5.27028
4.69,-2.89922,5.27028
4.691,-2.89309,5.2083
4.692,-2.89002,5.2083
4.693,-2.88388,5.12412
4.694,-2.88082,5.12412
4.695,-2.87468,5.12412
4.696,-2.86854,5.05815
4.697,-2.86548,5.05815
4.698,-2.85934,4.97928
4.699,-2.8532,4.97928
4.7,-2.85014,4.97928
4.701,-2.844,4.87952
4.702,-2.84093,4.87952
4.703,-2.8348,4.79882
4.704,-2.83173,4.79882
4.705,-2.82559,4.79882
4.706,-2.81946,4.70604
4.707,-2.81639,4.70604
4.708,-2.81025,4.65198
4.709,-2.80718,4.59821
4.71,-2.80412,4.59821
4.711,-2.79798,4.49098
4.712,-2.79491,4.49098
4.713,-2.78878,4.49098
4.714,-2.78571,4.3746
4.715,-2.78264,4.3746
4.716,-2.77651,4.3746
4.717,-2.77344,4.25216
4.718,-2.7673,4.25216
4.719,-2.76423,4.25216
4.72,-2.76117,4.12462
4.721,-2.75503,4.12462
4.722,-2.75196,4.12462
4.723,-2.74889,3.97746
4.724,-2.74583,3.97746
4.725,-2.73969,3.97746
4.726,-2.73662,3.82955
4.727,-2.73355,3.82955
4.728,-2.73049,3.82955
4.729,-2.72742,3.71757
4.73,-2.72128,3.67734
4.731,-2.71821,3.67734
4.732,-2.71515,3.67734
4.733,-2.71208,3.50196
4.734,-2.70901,3.50196
4.735,-2.70594,3.50196
4.736,-2.70287,3.50196
4.737,-2.69981,3.30807
4.738,-2.69674,3.30807
4.739,-2.69367,3.30807
4.74,-2.6906,3.29036
4.741,-2.68753,3.11623
4.742,-2.68447,3.11623
4.743,-2.6814,3.11623
4.744,-2.67833,3.11623
4.745,-2.67526,2.889
4.746,-2.67219,2.889
4.747,-2.66913,2.889
4.748,-2.66606,2.889
4.749,-2.66606,2.69119
4.75,-2.66299,2.64337
4.751,-2.65992,2.64337
4.752,-2.65685,2.64337
4.753,-2.65379,2.64337
4.754,-2.65379,2.50307
4.755,-2.65072,2.36521
4.756,-2.64765,2.36521
4.757,-2.64765,2.36521
4.758,-2.64458,2.36521
4.759,-2.64151,2.36521
4.76,-2.64151,2.14084
4.761,-2.63845,2.03789
4.762,-2.63538,2.03789
4.763,-2.63538,2.03789
4.764,-2.63231,2.03789
4.765,-2.63231,2.03789
4.766,-2.62924,2.03789
4.767,-2.62924,1.82937
4.768,-2.62618,1.6349
4.769,-2.62618,1.6349
4.77,-2.62618,1.6349
4.771,-2.62311,1.6349
4.772,-2.62311,1.6349
4.773,-2.62004,1.6349
4.774,-2.62004,1.6349
4.775,-2.62004,1.6349
4.776,-2.61697,1.49616
4.777,-2.61697,1.33331
4.778,-2.61697,1.20469
4.779,-2.61697,1.09542
4.78,-2.6139,1.05919
4.781,-2.6139,1.05919
4.782,-2.6139,1.05919
4.783,-2.6139,1.05919
4.784,-2.6139,1.05919
4.785,-2.6139,1.05919
4.786,-2.61084,1.05919
4.787,-2.61084,1.05919
4.788,-2.61084,1.05919
4.789,-2.61084,1.05919
4.79,-2.61084,1.05919
4.791,-2.61084,1.05802
4.792,-2.61084,0.973961
4.793,-2.61084,0.902872
4.794,-2.61084,0.839498
4.795,-2.61084,0.786147
4.796,-2.61084,0.738764
4.797,-2.6139,-0.697051
4.798,-2.6139,-0.659232
4.799,-2.6139,-0.626062
4.8,-2.6139,-0.595484
4.801,-2.6139,-0.568435
4.802,-2.6139,-0.542608
4.803,-2.61697,-0.520111
4.804,-2.61697,-0.49922
4.805,-2.61697,-0.479179
4.806,-2.62004,-0.461078
4.807,-2.62004,-0.444499
4.808,-2.62004,-0.429125
4.809,-2.62311,-0.418131
4.81,-2.62311,-0.418131
4.811,-2.62311,-0.418131
4.812,-2.62618,-0.418131
4.813,-2.62618,-0.418131
4.814,-2.62924,-0.418131
4.815,-2.62924,-0.418131
4.816,-2.63231,-0.418131
4.817,-2.63231,-0.418131
4.818,-2.63538,-1.38442
4.819,-2.63538,-1.38442
4.82,-2.63845,-1.38442
4.821,-2.63845,-1.38442
4.822,-2.64151,-1.38442
4.823,-2.64458,-1.38442
4.824,-2.64458,-1.38442
4.825,-2.64765,-1.84661
4.826,-2.65072,-1.84661
4.827,-2.65072,-1.84661
4.828,-2.65379,-1.84661
4.829,-2.65685,-1.84661
4.83,-2.65992,-2.20481
4.831,-2.65992,-2.20481
4.832,-2.66299,-2.20481
4.833,-2.66606,-2.20481
4.834,-2.66913,-2.20481
4.835,-2.67219,-2.50222
4.836,-2.67526,-2.50222
4.837,-2.67526,-2.50222
4.838,-2.67833,-2.50222
4.839,-2.6814,-2.50222
4.84,-2.68447,-2.76557
4.841,-2.68753,-2.76557
4.842,-2.6906,-2.76557
4.843,-2.69367,-2.76557
4.844,-2.69674,-2.98985
4.845,-2.69981,-2.98985
4.846,-2.70287,-2.98985
4.847,-2.70594,-2.98985
4.848,-2.70901,-3.20454
4.849,-2.71515,-3.20454
4.85,-2.71821,-3.20454
4.851,-2.72128,-3.4035
4.852,-2.72435,-3.4035
4.853,-2.72742,-3.4035
4.854,-2.73049,-3.4035
4.855,-2.73355,-3.56865
4.856,-2.73969,-3.56865
4.857,-2.74276,-3.56865
4.858,-2.74583,-3.73553
4.859,-2.74889,-3.73553
4.86,-2.75503,-3.73553
4.861,-2.7581,-3.89632
4.862,-2.76117,-3.89632
4.863,-2.7673,-3.89632
4.864,-2.77037,-4.03231
4.865,-2.77344,-4.03231
4.866,-2.77957,-4.03231
4.867,-2.78264,-4.16947
4.868,-2.78571,-4.16947
4.869,-2.79185,-4.16947
4.87,-2.79491,-4.29234
4.871,-2.80105,-4.29234
4.872,-2.80412,-4.29234
4.873,-2.81025,-4.41522
4.874,-2.81332,-4.41522
4.875,-2.81946,-4.5281
4.876,-2.82252,-4.5281
4.877,-2.82866,-4.5281
4.878,-2.83173,-4.62972
4.879,-2.83786,-4.62972
4.88,-2.84093,-4.62972
4.881,-2.84707,-4.71971
4.882,-2.85014,-4.71971
4.883,-2.85627,-4.82584
4.884,-2.86241,-4.82584
4.885,-2.86548,-4.82584
4.886,-2.87161,-4.9101
4.887,-2.87468,-4.9101
4.888,-2.88082,-4.98141
4.889,-2.88695,-4.98141
4.89,-2.89002,-4.98141
4.891,-2.89616,-5.07404
4.892,-2.90229,-5.07404
4.893,-2.90536,-5.14321
4.894,-2.9115,-5.14321
4.895,-2.91763,-5.20886
4.896,-2.9207,-5.20886
4.897,-2.92684,-5.20886
4.898,-2.93297,-5.28225
4.899,-2.93911,-5.28225
4.9,-2.94218,-5.32999
4.901,-2.94831,-5.32999
4.902,-2.95445,-5.39119
4.903,-2.96058,-5.39119
4.904,-2.96672,-5.44854
4.905,-2.96979,-5.44854
4.906,-2.97592,-5.44854
4.907,-2.98206,-5.48513
4.908,-2.98819,-5.48513
4.909,-2.99126,-5.5325
4.91,-2.9974,-5.5325
4.911,-3.00353,-5.57801
4.912,-3.00967,-5.57801
4.913,-3.01581,-5.61937
4.914,-3.02194,-5.61937
4.915,-3.02808,-5.6467
4.916,-3.03115,-5.6467
4.917,-3.03728,-5.6467
4.918,-3.04342,-5.68408
4.919,-3.04955,-5.68408
4.92,-3.05569,-5.7054
4.921,-3.06183,-5.7054
4.922,-3.06796,-5.73838
4.923,-3.07103,-5.73838
4.924,-3.07717,-5.74812
4.925,-3.0833,-5.74812
4.926,-3.08944,-5.76045
4.927,-3.09557,-5.76045
4.928,-3.10171,-5.80359
4.929,-3.10785,-5.80359
4.93,-3.11398,-5.78838
4.931,-3.11705,-5.78838
4.932,-3.12318,-5.78838
4.933,-3.12932,-5.80119
4.934,-3.13546,-5.80119
4.935,-3.14159,-5.82655
4.936,3.13546,-5.82655
4.937,3.12932,-5.80042
4.938,3.12318,-5.80042
4.939,3.11705,-5.80847
4.94,3.11091,-5.80847
4.941,3.10785,-5.81765
4.942,3.10171,-5.81765
4.943,3.09557,-5.78842
4.944,3.08944,-5.78842
4.945,3.0833,-5.79024
4.946,3.07717,-5.79024
4.947,3.07103,-5.77986
4.948,3.06489,-5.77986
4.949,3.05876,-5.74569
4.95,3.05569,-5.74569
4.951,3.04955,-5.74569
4.952,3.04342,-5.7442
4.953,3.03728,-5.7442
4.954,3.03115,-5.71123
4.955,3.02501,-5.71123
4.956,3.02194,-5.6862
4.957,3.01581,-5.6862
4.958,3.00967,-5.66487
4.959,3.00353,-5.66487
4.96,2.9974,-5.61737
4.961,2.99126,-5.61737
4.962,2.98513,-5.61737
4.963,2.98206,-5.58937
4.964,2.97592,-5.58937
4.965,2.96979,-5.54935
4.966,2.96365,-5.54935
4.967,2.96058,-5.49899
4.968,2.95445,-5.49899
4.969,2.94831,-5.46688
4.97,2.94218,-5.46688
4.971,2.93604,-5.39992
4.972,2.93297,-5.39992
4.973,2.92684,-5.39992
4.974,2.9207,-5.34624
4.975,2.91456,-5.34624
4.976,2.9115,-5.30334
4.977,2.90536,-5.30334
4.978,2.89922,-5.21848
4.979,2.89616,-5.21848
4.98,2.89002,-5.21848
4.981,2.88388,-5.15988
4.982,2.88082,-5.15988
4.983,2.87468,-5.09437
4.984,2.86854,-5.09437
4.985,2.86548,-5.09437
4.986,2.85934,-5.00673
4.987,2.85627,-5.00673
4.988,2.85014,-4.93266
4.989,2.844,-4.93266
4.99,2.84093,-4.93266
4.991,2.8348,-4.84832
4.992,2.83173,-4.84832
4.993,2.82559,-4.75346
4.994,2.82252,-4.75346
4.995,2.81639,-4.75346
4.996,2.81332,-4.65244
4.997,2.80718,-4.65244
4.998,2.80412,-4.65244
4.999,2.79798,-4.56365
5,2.79491,-4.56365
5.001,2.78878,-4.43824
5.002,2.78571,-4.43824
5.003,2.77957,-4.43824
5.004,2.77651,-4.32437
5.005,2.77344,-4.32437
5.006,2.7673,-4.32437
5.007,2.76423,-4.2102
5.008,2.76117,-4.2102
5.009,2.75503,-4.2102
5.01,2.75196,-4.04707
5.011,2.74889,-4.04707
5.012,2.74276,-4.04707
5.013,2.73969,-3.93248
5.014,2.73662,-3.93248
5.015,2.73355,-3.93248
5.016,2.72742,-3.782
5.017,2.72435,-3.782
5.018,2.72128,-3.782
5.019,2.71821,-3.782
5.02,2.71515,-3.60792
5.021,2.71208,-3.60792
5.022,2.70901,-3.60792
5.023,2.70287,-3.45713
5.024,2.69981,-3.45713
5.025,2.69674,-3.45713
5.026,2.69367,-3.45713
5.027,2.6906,-3.24401
5.028,2.68753,-3.24401
5.029,2.68447,-3.24401
5.03,2.6814,-3.24401
5.031,2.67833,-3.03722
5.032,2.67526,-3.03722
5.033,2.67219,-3.03722
5.034,2.67219,-3.03722
5.035,2.66913,-2.89282
5.036,2.66606,-2.83194
5.037,2.66299,-2.83194
5.038,2.65992,-2.83194
5.039,2.65685,-2.83194
5.04,2.65379,-2.5666
5.041,2.65379,-2.5666
5.042,2.65072,-2.5666
5.043,2.64765,-2.5666
5.044,2.64458,-2.5666
5.045,2.64458,-2.40485
5.046,2.64151,-2.29344
5.047,2.63845,-2.29344
5.048,2.63845,-2.29344
5.049,2.63538,-2.29344
5.05,2.63231,-2.29344
5.051,2.63231,-2.12788
5.052,2.62924,-1.87923
5.053,2.62924,-1.87923
5.054,2.62924,-1.87923
5.055,2.62618,-1.87923
5.056,2.62311,-1.87923
5.057,2.62311,-1.87923
5.058,2.62311,-1.87923
5.059,2.62004,-1.69565
5.06,2.62004,-1.49327
5.061,2.61697,-1.42505
5.062,2.61697,-1.42505
5.063,2.61697,-1.42505
5.064,2.6139,-1.42505
5.065,2.6139,-1.42505
5.066,2.6139,-1.42505
5.067,2.61084,-1.42505
5.068,2.61084,-1.42505
5.069,2.61084,-1.42076
5.07,2.61084,-1.27562
5.071,2.60777,-1.15424
5.072,2.60777,-1.05514
5.073,2.60777,-0.974093
5.074,2.60777,-0.89998
5.075,2.60777,-0.839048
5.076,2.60777,-0.785584
5.077,2.6047,-0.741923
5.078,2.6047,-0.741923
5.079,2.6047,-0.741923
5.08,2.6047,-0.741923
5.081,2.6047,-0.741923
5.082,2.6047,-0.741923
5.083,2.6047,-0.741923
5.084,2.6047,-0.741923
5.085,2.6047,-0.741923
5.086,2.60777,-0.741923
5.087,2.60777,-0.741923
5.088,2.60777,-0.741923
5.089,2.60777,-0.741923
5.09,2.60777,-0.741923
5.091,2.60777,-0.741923
5.092,2.61084,-0.741923
5.093,2.61084,-0.741923
5.094,2.61084,0.717973
5.095,2.61084,0.678379
5.096,2.6139,0.663998
5.097,2.6139,0.663998
5.098,2.6139,0.663998
5.099,2.61697,0.663998
5.1,2.61697,0.663998
5.101,2.61697,0.663998
5.102,2.62004,0.663998
5.103,2.62004,0.663998
5.104,2.62311,0.663998
5.105,2.62311,0.663998
5.106,2.62618,1.20634
5.107,2.62618,1.20634
5.108,2.62924,1.20634
5.109,2.62924,1.20634
5.11,2.63231,1.20634
5.111,2.63231,1.20634
5.112,2.63538,1.20634
5.113,2.63845,1.72267
5.114,2.63845,1.72267
5.115,2.64151,1.72267
5.116,2.64458,1.72267
5.117,2.64458,1.72267
5.118,2.64765,1.72267
5.119,2.65072,2.09756
5.12,2.65379,2.09756
5.121,2.65379,2.09756
5.122,2.65685,2.09756
5.123,2.65992,2.09756
5.124,2.66299,2.40907
5.125,2.66606,2.40907
5.126,2.66606,2.40907
5.127,2.66913,2.40907
5.128,2.67219,2.40907
5.129,2.67526,2.67589
5.13,2.67833,2.67589
5.131,2.6814,2.67589
5.132,2.68447,2.67589
5.133,2.68753,2.91789
5.134,2.6906,2.91789
5.135,2.69367,2.91789
5.136,2.69674,2.91789
5.137,2.69981,3.13135
5.138,2.70287,3.13135
5.139,2.70594,3.13135
5.14,2.70901,3.13135
5.141,2.71515,3.31876
5.142,2.71821,3.31876
5.143,2.72128,3.31876
5.144,2.72435,3.50938
5.145,2.72742,3.50938
5.146,2.73049,3.50938
5.147,2.73662,3.67192
5.148,2.73969,3.67192
5.149,2.74276,3.67192
5.15,2.74583,3.67192
5.151,2.75196,3.81821
5.152,2.75503,3.81821
5.153,2.7581,3.81821
5.154,2.76423,3.97578
5.155,2.7673,3.97578
5.156,2.77037,3.97578
5.157,2.77651,4.1031
5.158,2.77957,4.1031
5.159,2.78264,4.1031
5.16,2.78878,4.22094
5.161,2.79185,4.22094
5.162,2.79798,4.35721
5.163,2.80105,4.35721
5.164,2.80718,4.35721
5.165,2.81025,4.45778
5.166,2.81332,4.45778
5.167,2.81946,4.45778
5.168,2.82559,4.56426
5.169,2.82866,4.56426
5.17,2.8348,4.67094
5.171,2.83786,4.67094
5.172,2.844,4.67094
5.173,2.84707,4.75453
5.174,2.8532,4.75453
5.175,2.85627,4.75453
5.176,2.86241,4.84798
5.177,2.86854,4.84798
5.178,2.87161,4.92818
5.179,2.87775,4.92818
5.18,2.88082,4.92818
5.181,2.88695,4.99149
5.182,2.89309,4.99149
5.183,2.89616,5.06918
5.184,2.90229,5.06918
5.185,2.90843,5.14837
5.186,2.9115,5.14837
5.187,2.91763,5.14837
5.188,2.92377,5.20677
5.189,2.9299,5.20677
5.19,2.93297,5.24491
5.191,2.93911,5.24491
5.192,2.94524,5.32607
5.193,2.94831,5.32607
5.194,2.95445,5.32607
5.195,2.96058,5.36474
5.196,2.96672,5.36474
5.197,2.97285,5.40405
5.198,2.97592,5.40405
5.199,2.98206,5.40147
5.2,2.98819,5.40147
5.201,2.99433,5.32077
5.202,2.9974,5.32077
5.203,3.00353,5.32077
5.204,3.00967,5.43797
5.205,3.01581,5.43797
5.206,3.02194,5.54433
5.207,3.02501,5.54433
5.208,3.03115,5.62388
5.209,3.03728,5.62388
5.21,3.04342,5.66567
5.211,3.04955,5.66567
5.212,3.05569,5.67178
5.213,3.05876,5.67178
5.214,3.06489,5.67178
5.215,3.07103,5.70227
5.216,3.07717,5.70227
5.217,3.0833,5.7201
5.218,3.08944,5.7201
5.219,3.09557,5.72318
5.22,3.10171,5.72318
5.221,3.10478,5.74996
5.222,3.11091,5.74996
5.223,3.11705,5.75303
5.224,3.12318,5.75303
5.225,3.12932,5.74319
5.226,3.13546,5.74319
5.227,-3.14159,5.77227
5.228,-3.13852,5.77227
5.229,-3.13239,5.77227
5.23,-3.12625,5.75123
5.231,-3.12012,5.75123
5.232,-3.11398,5.73849
5.233,-3.10785,5.73849
5.234,-3.10171,5.76244
5.235,-3.09557,5.76244
5.236,-3.08944,5.72233
5.237,-3.08637,5.72233
5.238,-3.08023,5.71045
5.239,-3.0741,5.71045
5.24,-3.06796,5.7092
5.241,-3.06183,5.7092
5.242,-3.05569,5.66822
5.243,-3.05262,5.66822
5.244,-3.04649,5.66822
5.245,-3.04035,5.65324
5.246,-3.03421,5.65324
5.247,-3.02808,5.62348
5.248,-3.02194,5.62348
5.249,-3.01887,5.59429
5.25,-3.01274,5.59429
5.251,-3.0066,5.55899
5.252,-3.00047,5.55899
5.253,-2.99433,5.51664
5.254,-2.99126,5.51664
5.255,-2.98513,5.51664
5.256,-2.97899,5.47179
5.257,-2.97285,5.47179
5.258,-2.96672,5.43587
5.259,-2.96365,5.43587
5.26,-2.95751,5.37777
5.261,-2.95138,5.37777
5.262,-2.94524,5.32623
5.263,-2.94218,5.32623
5.264,-2.93604,5.32623
5.265,-2.9299,5.27733
5.266,-2.92684,5.27733
5.267,-2.9207,5.21015
5.268,-2.91456,5.21015
5.269,-2.9115,5.21015
5.27,-2.90536,5.14504
5.271,-2.89922,5.14504
5.272,-2.89616,5.07973
5.273,-2.89002,5.07973
5.274,-2.88388,4.99442
5.275,-2.88082,4.99442
5.276,-2.87468,4.99442
5.277,-2.87161,4.92483
5.278,-2.86548,4.92483
5.279,-2.85934,4.84351
5.28,-2.85627,4.84351
5.281,-2.85014,4.84351
5.282,-2.84707,4.74185
5.283,-2.84093,4.74185
5.284,-2.83786,4.74185
5.285,-2.83173,4.65671
5.286,-2.82866,4.65671
5.287,-2.82252,4.55934
5.288,-2.81946,4.55934
5.289,-2.81332,4.55934
5.29,-2.81025,4.44856
5.291,-2.80718,4.44856
5.292,-2.80105,4.44856
5.293,-2.79798,4.3373
5.294,-2.79185,4.3373
5.295,-2.78878,4.3373
5.296,-2.78571,4.21733
5.297,-2.77957,4.21733
5.298,-2.77651,4.21733
5.299,-2.77344,4.0908
5.3,-2.7673,4.0908
5.301,-2.76423,4.0908
5.302,-2.76117,3.95841
5.303,-2.7581,3.95841
5.304,-2.75196,3.95841
5.305,-2.74889,3.80629
5.306,-2.74583,3.80629
5.307,-2.74276,3.80629
5.308,-2.73969,3.70824
5.309,-2.73355,3.65111
5.31,-2.73049,3.65111
5.311,-2.72742,3.65111
5.312,-2.72435,3.49066
5.313,-2.72128,3.49066
5.314,-2.71821,3.49066
5.315,-2.71515,3.49066
5.316,-2.71208,3.30641
5.317,-2.70901,3.30641
5.318,-2.70594,3.30641
5.319,-2.70287,3.30641
5.32,-2.69981,3.10262
5.321,-2.69674,3.10262
5.322,-2.69367,3.10262
5.323,-2.6906,3.10262
5.324,-2.68753,2.89732
5.325,-2.68447,2.89732
5.326,-2.6814,2.89732
5.327,-2.67833,2.89732
5.328,-2.67833,2.71362
5.329,-2.67526,2.65206
5.33,-2.67219,2.65206
5.331,-2.66913,2.65206
5.332,-2.66606,2.65206
5.333,-2.66606,2.50691
5.334,-2.66299,2.38203
5.335,-2.65992,2.38203
5.336,-2.65992,2.38203
5.337,-2.65685,2.38203
5.338,-2.65379,2.38203
5.339,-2.65379,2.13655
5.34,-2.65072,2.06764
5.341,-2.64765,2.06764
5.342,-2.64765,2.06764
5.343,-2.64458,2.06764
5.344,-2.64458,2.06764
5.345,-2.64151,2.06764
5.346,-2.64151,1.80305
5.347,-2.63845,1.68236
5.348,-2.63845,1.68236
5.349,-2.63538,1.68236
5.35,-2.63538,1.68236
5.351,-2.63538,1.68236
5.352,-2.63231,1.68236
5.353,-2.63231,1.68236
5.354,-2.62924,1.63187
5.355,-2.62924,1.44072
5.356,-2.62924,1.28922
5.357,-2.62924,1.16652
5.358,-2.62618,1.1455
5.359,-2.62618,1.1455
5.36,-2.62618,1.1455
5.361,-2.62618,1.1455
5.362,-2.62311,1.1455
5.363,-2.62311,1.1455
5.364,-2.62311,1.1455
5.365,-2.62311,1.1455
5.366,-2.62311,1.1455
5.367,-2.62311,1.1455
5.368,-2.62311,1.13633
5.369,-2.62311,1.03991
5.37,-2.62311,0.958788
5.371,-2.62311,0.889228
5.372,-2.62311,0.82909
5.373,-2.62311,0.776748
5.374,-2.62311,0.730454
5.375,-2.62311,0.689149
5.376,-2.62311,0.652612
5.377,-2.62311,0.619598
5.378,-2.62311,0.589892
5.379,-2.62311,0.562807
5.38,-2.62311,0.538162
5.381,-2.62618,-0.515613
5.382,-2.62618,-0.49471
5.383,-2.62618,-0.475618
5.384,-2.62618,-0.45786
5.385,-2.62924,-0.441465
5.386,-2.62924,-0.426124
5.387,-2.62924,-0.411815
5.388,-2.63231,-0.398378
5.389,-2.63231,-0.385904
5.39,-2.63231,-0.374116
5.391,-2.63538,-0.370497
5.392,-2.63538,-0.370497
5.393,-2.63845,-0.370497
5.394,-2.63845,-0.370497
5.395,-2.63845,-0.370497
5.396,-2.64151,-0.370497
5.397,-2.64151,-0.370497
5.398,-2.64458,-0.370497
5.399,-2.64765,-1.4417
5.4,-2.64765,-1.4417
5.401,-2.65072,-1.4417
5.402,-2.65072,-1.4417
5.403,-2.65379,-1.4417
5.404,-2.65685,-1.4417
5.405,-2.65685,-1.4417
5.406,-2.65992,-1.8817
5.407,-2.66299,-1.8817
5.408,-2.66299,-1.8817
5.409,-2.66606,-1.8817
5.41,-2.66913,-1.8817
5.411,-2.67219,-2.22413
5.412,-2.67219,-2.22413
5.413,-2.67526,-2.22413
5.414,-2.67833,-2.22413
5.415,-2.6814,-2.22413
5.416,-2.68447,-2.51727
5.417,-2.68753,-2.51727
5.418,-2.68753,-2.51727
5.419,-2.6906,-2.51727
5.42,-2.69367,-2.51727
5.421,-2.69674,-2.76466
5.422,-2.69981,-2.76466
5.423,-2.70287,-2.76466
5.424,-2.70594,-2.76466
5.425,-2.70901,-2.99423
5.426,-2.71208,-2.99423
5.427,-2.71515,-2.99423
5.428,-2.71821,-2.99423
5.429,-2.72128,-3.20631
5.43,-2.72742,-3.20631
5.431,-2.73049,-3.20631
5.432,-2.73355,-3.38273
5.433,-2.73662,-3.38273
5.434,-2.73969,-3.38273
5.435,-2.74276,-3.38273
5.436,-2.74583,-3.55929
5.437,-2.75196,-3.55929
5.438,-2.75503,-3.55929
5.439,-2.7581,-3.72682
5.44,-2.76117,-3.72682
5.441,-2.7673,-3.72682
5.442,-2.77037,-3.86936
5.443,-2.77344,-3.86936
5.444,-2.77957,-3.86936
5.445,-2.78264,-4.01183
5.446,-2.78571,-4.01183
5.447,-2.79185,-4.01183
5.448,-2.79491,-4.13855
5.449,-2.79798,-4.13855
5.45,-2.80412,-4.13855
5.451,-2.80718,-4.26408
5.452,-2.81332,-4.26408
5.453,-2.81639,-4.26408
5.454,-2.81946,-4.38176
5.455,-2.82559,-4.38176
5.456,-2.82866,-4.38176
5.457,-2.8348,-4.48644
5.458,-2.83786,-4.48644
5.459,-2.844,-4.57936
5.46,-2.84707,-4.57936
5.461,-2.8532,-4.57936
5.462,-2.85627,-4.68814
5.463,-2.86241,-4.68814
5.464,-2.86854,-4.77393
5.465,-2.87161,-4.77393
5.466,-2.87775,-4.77393
5.467,-2.88082,-4.84827
5.468,-2.88695,-4.84827
5.469,-2.89309,-4.94091
5.47,-2.89616,-4.94091
5.471,-2.90229,-4.94091
5.472,-2.90536,-5.01193
5.473,-2.9115,-5.01193
5.474,-2.91763,-5.0792
5.475,-2.9207,-5.0792
5.476,-2.92684,-5.0792
5.477,-2.93297,-5.15407
5.478,-2.93604,-5.15407
5.479,-2.94218,-5.2034
5.48,-2.94831,-5.2034
5.481,-2.95445,-5.26679
5.482,-2.95751,-5.26679
5.483,-2.96365,-5.26679
5.484,-2.96979,-5.32456
5.485,-2.97592,-5.32456
5.486,-2.97899,-5.36263
5.487,-2.98513,-5.36263
5.488,-2.99126,-5.41017
5.489,-2.9974,-5.41017
5.49,-3.00047,-5.41017
5.491,-3.0066,-5.45702
5.492,-3.01274,-5.45702
5.493,-3.01887,-5.50023
5.494,-3.02501,-5.50023
5.495,-3.02808,-5.5263
5.496,-3.03421,-5.5263
5.497,-3.04035,-5.56613
5.498,-3.04649,-5.56613
5.499,-3.05262,-5.58873
5.5,-3.05876,-5.58873
5.501,-3.06183,-5.58873
5.502,-3.06796,-5.62245
5.503,-3.0741,-5.62245
5.504,-3.08023,-5.63485
5.505,-3.08637,-5.63485
5.506,-3.09251,-5.64504
5.507,-3.09557,-5.64504
5.508,-3.10171,-5.69045
5.509,-3.10785,-5.69045
5.51,-3.11398,-5.6747
5.511,-3.12012,-5.6747
5.512,-3.12625,-5.68953
5.513,-3.13239,-5.68953
5.514,-3.13546,-5.68953
5.515,-3.14159,-5.71396
5.516,3.13546,-5.71396
5.517,3.12932,-5.68895
5.518,3.12318,-5.68895
5.519,3.11705,-5.6968
5.52,3.11091,-5.6968
5.521,3.10785,-5.70437
5.522,3.10171,-5.70437
5.523,3.09557,-5.67714
5.524,3.08944,-5.67714
5.525,3.0833,-5.679
5.526,3.07717,-5.679
5.527,3.07103,-5.66676
5.528,3.06796,-5.66676
5.529,3.06183,-5.66676
5.53,3.05569,-5.63345
5.531,3.04955,-5.63345
5.532,3.04342,-5.63094
5.533,3.03728,-5.63094
5.534,3.03421,-5.59691
5.535,3.02808,-5.59691
5.536,3.02194,-5.5715
5.537,3.01581,-5.5715
5.538,3.00967,-5.54935
5.539,3.0066,-5.54935
5.54,3.00047,-5.54935
5.541,2.99433,-5.50071
5.542,2.98819,-5.50071
5.543,2.98513,-5.47158
5.544,2.97899,-5.47158
5.545,2.97285,-5.43082
5.546,2.96672,-5.43082
5.547,2.96058,-5.37908
5.548,2.95751,-5.37908
5.549,2.95138,-5.37908
5.55,2.94524,-5.34514
5.551,2.94218,-5.34514
5.552,2.93604,-5.27642
5.553,2.9299,-5.27642
5.554,2.92377,-5.22138
5.555,2.9207,-5.22138
5.556,2.91456,-5.22138
5.557,2.90843,-5.17645
5.558,2.90536,-5.17645
5.559,2.89922,-5.09103
5.56,2.89309,-5.09103
5.561,2.89002,-5.09103
5.562,2.88388,-5.03082
5.563,2.88082,-5.03082
5.564,2.87468,-4.96392
5.565,2.86854,-4.96392
5.566,2.86548,-4.96392
5.567,2.85934,-4.87505
5.568,2.85627,-4.87505
5.569,2.85014,-4.79697
5.57,2.84707,-4.79697
5.571,2.84093,-4.79697
5.572,2.83786,-4.71106
5.573,2.83173,-4.71106
5.574,2.82559,-4.61355
5.575,2.82252,-4.61355
5.576,2.81946,-4.61355
5.577,2.81332,-4.50901
5.578,2.81025,-4.50901
5.579,2.80412,-4.50901
5.58,2.80105,-4.41634
5.581,2.79491,-4.41634
5.582,2.79185,-4.41634
5.583,2.78878,-4.28684
5.584,2.78264,-4.28684
5.585,2.77957,-4.28684
5.586,2.77651,-4.16542
5.587,2.77037,-4.16542
5.588,2.7673,-4.16542
5.589,2.76423,-4.04789
5.59,2.7581,-4.04789
5.591,2.75503,-4.04789
5.592,2.75196,-3.88866
5.593,2.74889,-3.88866
5.594,2.74276,-3.88866
5.595,2.73969,-3.76044
5.596,2.73662,-3.76044
5.597,2.73355,-3.76044
5.598,2.73049,-3.76044
5.599,2.72742,-3.57783
5.6,2.72128,-3.57783
5.601,2.71821,-3.57783
5.602,2.71515,-3.43401
5.603,2.71208,-3.43401
5.604,2.70901,-3.43401
5.605,2.70594,-3.43401
5.606,2.70287,-3.252
5.607,2.69981,-3.252
5.608,2.69674,-3.252
5.609,2.69367,-3.252
5.61,2.6906,-3.0285
5.611,2.68753,-3.0285
5.612,2.68447,-3.0285
5.613,2.6814,-3.0285
5.614,2.67833,-2.82892
5.615,2.67833,-2.82892
5.616,2.67526,-2.82892
5.617,2.67219,-2.82892
5.618,2.66913,-2.82892
5.619,2.66606,-2.58545
5.62,2.66606,-2.58545
5.621,2.66299,-2.58545
5.622,2.65992,-2.58545
5.623,2.65685,-2.58545
5.624,2.65379,-2.30779
5.625,2.65379,-2.30779
5.626,2.65072,-2.30779
5.627,2.65072,-2.30779
5.628,2.64765,-2.30779
5.629,2.64458,-2.30779
5.63,2.64458,-2.04
5.631,2.64151,-1.93885
5.632,2.64151,-1.93885
5.633,2.63845,-1.93885
5.634,2.63845,-1.93885
5.635,2.63538,-1.93885
5.636,2.63538,-1.93885
5.637,2.63231,-1.83139
5.638,2.63231,-1.59352
5.639,2.62924,-1.44932
5.64,2.62924,-1.44932
5.641,2.62924,-1.44932
5.642,2.62618,-1.44932
5.643,2.62618,-1.44932
5.644,2.62618,-1.44932
5.645,2.62311,-1.44932
5.646,2.62311,-1.44932
5.647,2.62311,-1.44932
5.648,2.62004,-1.33016
5.649,2.62004,-1.19844
5.65,2.62004,-1.09309
5.651,2.62004,-1.00406
5.652,2.62004,-0.927791
5.653,2.61697,-0.885288
5.654,2.61697,-0.885288
5.655,2.61697,-0.885288
5.656,2.61697,-0.885288
5.657,2.61697,-0.885288
5.658,2.61697,-0.885288
5.659,2.61697,-0.885288
5.66,2.61697,-0.885288
5.661,2.61697,-0.885288
5.662,2.61697,-0.885288
5.663,2.61697,-0.885288
5.664,2.61697,-0.885288
5.665,2.61697,-0.885288
5.666,2.61697,-0.885288
5.667,2.61697,-0.854127
5.668,2.61697,-0.798784
5.669,2.62004,0.7495
5.67,2.62004,0.706703
5.671,2.62004,0.667488
5.672,2.62004,0.633227
5.673,2.62004,0.601902
5.674,2.62311,0.573776
5.675,2.62311,0.548153
5.676,2.62311,0.524689
5.677,2.62618,0.504656
5.678,2.62618,0.504656
5.679,2.62618,0.504656
5.68,2.62924,0.504656
5.681,2.62924,0.504656
5.682,2.62924,0.504656
5.683,2.63231,0.504656
5.684,2.63231,0.504656
5.685,2.63538,0.504656
5.686,2.63538,0.504656
5.687,2.63845,1.26423
5.688,2.63845,1.26423
5.689,2.64151,1.26423
5.69,2.64151,1.26423
5.691,2.64458,1.26423
5.692,2.64458,1.26423
5.693,2.64765,1.26423
5.694,2.65072,1.75121
5.695,2.65072,1.75121
5.696,2.65379,1.75121
5.697,2.65685,1.75121
5.698,2.65685,1.75121
5.699,2.65992,1.75121
5.7,2.66299,2.11742
5.701,2.66606,2.11742
5.702,2.66606,2.11742
5.703,2.66913,2.11742
5.704,2.67219,2.11742
5.705,2.67526,2.41948
5.706,2.67833,2.41948
5.707,2.6814,2.41948
5.708,2.68447,2.41948
5.709,2.68447,2.41948
5.71,2.68753,2.68642
5.711,2.6906,2.68642
5.712,2.69367,2.68642
5.713,2.69674,2.68642
5.714,2.69981,2.91742
5.715,2.70287,2.91742
5.716,2.70594,2.91742
5.717,2.70901,2.91742
5.718,2.71208,3.12153
5.719,2.71515,3.12153
5.72,2.71821,3.12153
5.721,2.72435,3.32102
5.722,2.72742,3.32102
5.723,2.73049,3.32102
5.724,2.73355,3.32102
5.725,2.73662,3.49296
5.726,2.73969,3.49296
5.727,2.74583,3.49296
5.728,2.74889,3.64775
5.729,2.75196,3.64775
5.73,2.75503,3.64775
5.731,2.7581,3.64775
5.732,2.76423,3.80974
5.733,2.7673,3.80974
5.734,2.77037,3.80974
5.735,2.77651,3.94449
5.736,2.77957,3.94449
5.737,2.78264,3.94449
5.738,2.78878,4.06813
5.739,2.79185,4.06813
5.74,2.79491,4.06813
5.741,2.80105,4.21018
5.742,2.80412,4.21018
5.743,2.81025,4.30984
5.744,2.81332,4.30984
5.745,2.81946,4.30984
5.746,2.82559,4.42359
5.747,2.82866,4.42359
5.748,2.8348,4.42359
5.749,2.83786,4.53182
5.75,2.844,4.53182
5.751,2.84707,4.53182
5.752,2.8532,4.61917
5.753,2.85627,4.61917
5.754,2.86241,4.71231
5.755,2.86854,4.71231
5.756,2.87161,4.71231
5.757,2.87775,4.80148
5.758,2.88082,4.80148
5.759,2.88695,4.87518
5.76,2.89309,4.87518
5.761,2.89616,4.87518
5.762,2.90229,4.92672
5.763,2.90536,4.92672
5.764,2.9115,5.02704
5.765,2.91763,5.02704
5.766,2.9207,5.02704
5.767,2.92684,5.07757
5.768,2.93297,5.07757
5.769,2.93604,5.12582
5.77,2.94218,5.12582
5.771,2.94831,5.2033
5.772,2.95138,5.2033
5.773,2.95751,5.2033
5.774,2.96365,5.2413
5.775,2.96979,5.2413
5.776,2.97285,5.27828
5.777,2.97899,5.27828
5.778,2.98513,5.25345
5.779,2.98819,5.25345
5.78,2.99433,5.25345
5.781,3.00047,5.12276
5.782,3.0066,5.12276
5.783,3.00967,5.45847
5.784,3.01581,5.45847
5.785,3.02194,5.4364
5.786,3.02808,5.4364
5.787,3.03421,5.50619
5.788,3.03728,5.50619
5.789,3.04342,5.50619
5.79,3.04955,5.54837
5.791,3.05569,5.54837
5.792,3.06183,5.55636
5.793,3.06489,5.55636
5.794,3.07103,5.58502
5.795,3.07717,5.58502
5.796,3.0833,5.60404
5.797,3.08944,5.60404
5.798,3.09557,5.60628
5.799,3.09864,5.60628
5.8,3.10478,5.60628
5.801,3.11091,5.63349
5.802,3.11705,5.63349
5.803,3.12318,5.63478
5.804,3.12932,5.63478
5.805,3.13239,5.62577
5.806,3.13852,5.62577
5.807,-3.13852,5.65458
5.808,-3.13239,5.65458
5.809,-3.12625,5.63359
5.81,-3.12012,5.63359
5.811,-3.11705,5.63359
5.812,-3.11091,5.62198
5.813,-3.10478,5.62198
5.814,-3.09864,5.64428
5.815,-3.09251,5.64428
5.816,-3.08637,5.6054
5.817,-3.0833,5.6054
5.818,-3.07717,5.59223
5.819,-3.07103,5.59223
5.82,-3.06489,5.59114
5.821,-3.05876,5.59114
5.822,-3.05262,5.55064
5.823,-3.04955,5.55064
5.824,-3.04342,5.55064
5.825,-3.03728,5.53433
5.826,-3.03115,5.53433
5.827,-3.02501,5.50417
5.828,-3.02194,5.50417
5.829,-3.01581,5.47552
5.83,-3.00967,5.47552
5.831,-3.00353,5.43921
5.832,-3.00047,5.43921
5.833,-2.99433,5.43921
5.834,-2.98819,5.3959
5.835,-2.98206,5.3959
5.836,-2.97899,5.35093
5.837,-2.97285,5.35093
5.838,-2.96672,5.3144
5.839,-2.96058,5.3144
5.84,-2.95751,5.3144
5.841,-2.95138,5.25442
5.842,-2.94524,5.25442
5.843,-2.94218,5.20192
5.844,-2.93604,5.20192
5.845,-2.9299,5.15215
5.846,-2.92684,5.15215
5.847,-2.9207,5.15215
5.848,-2.91456,5.0835
5.849,-2.9115,5.0835
5.85,-2.90536,5.01748
5.851,-2.90229,5.01748
5.852,-2.89616,5.01748
5.853,-2.89002,4.95035
5.854,-2.88695,4.95035
5.855,-2.88082,4.86428
5.856,-2.87775,4.86428
5.857,-2.87161,4.86428
5.858,-2.86548,4.79174
5.859,-2.86241,4.79174
5.86,-2.85627,4.7093
5.861,-2.8532,4.7093
5.862,-2.84707,4.7093
5.863,-2.844,4.60439
5.864,-2.83786,4.60439
5.865,-2.8348,4.60439
5.866,-2.82866,4.51909
5.867,-2.82559,4.51909
5.868,-2.82252,4.51909
5.869,-2.81639,4.41806
5.87,-2.81332,4.41806
5.871,-2.80718,4.30396
5.872,-2.80412,4.30396
5.873,-2.80105,4.30396
5.874,-2.79491,4.18963
5.875,-2.79185,4.18963
5.876,-2.78878,4.18963
5.877,-2.78264,4.06528
5.878,-2.77957,4.06528
5.879,-2.77651,4.06528
5.88,-2.77037,3.9344
5.881,-2.7673,3.9344
5.882,-2.76423,3.9344
5.883,-2.76117,3.9344
5.884,-2.7581,3.79648
5.885,-2.75196,3.79648
5.886,-2.74889,3.79648
5.887,-2.74583,3.63766
5.888,-2.74276,3.63766
5.889,-2.73969,3.63766
5.89,-2.73662,3.60464
5.891,-2.73355,3.47498
5.892,-2.72742,3.47498
5.893,-2.72435,3.47498
5.894,-2.72128,3.30486
5.895,-2.71821,3.30486
5.896,-2.71515,3.30486
5.897,-2.71208,3.30486
5.898,-2.70901,3.10874
5.899,-2.70594,3.10874
5.9,-2.70287,3.10874
5.901,-2.69981,3.10874
5.902,-2.69981,2.91584
5.903,-2.69674,2.8914
5.904,-2.69367,2.8914
5.905,-2.6906,2.8914
5.906,-2.68753,2.8914
5.907,-2.68447,2.66563
5.908,-2.6814,2.66563
5.909,-2.6814,2.66563
5.91,-2.67833,2.66563
5.911,-2.67526,2.66563
5.912,-2.67219,2.39628
5.913,-2.67219,2.39628
5.914,-2.66913,2.39628
5.915,-2.66606,2.39628
5.916,-2.66606,2.39628
5.917,-2.66299,2.34386
5.918,-2.65992,2.09123
5.919,-2.65992,2.09123
5.92,-2.65685,2.09123
5.921,-2.65685,2.09123
5.922,-2.65379,2.09123
5.923,-2.65072,2.09123
5.924,-2.65072,1.92502
5.925,-2.64765,1.72329
5.926,-2.64765,1.72329
5.927,-2.64458,1.72329
5.928,-2.64458,1.72329
5.929,-2.64458,1.72329
5.93,-2.64151,1.72329
5.931,-2.64151,1.72329
5.932,-2.63845,1.69728
5.933,-2.63845,1.48688
5.934,-2.63845,1.32827
5.935,-2.63538,1.22309
5.936,-2.63538,1.22309
5.937,-2.63538,1.22309
5.938,-2.63538,1.22309
5.939,-2.63231,1.22309
5.94,-2.63231,1.22309
5.941,-2.63231,1.22309
5.942,-2.63231,1.22309
5.943,-2.63231,1.22309
5.944,-2.63231,1.22309
5.945,-2.62924,1.20136
5.946,-2.62924,1.09592
5.947,-2.62924,1.00476
5.948,-2.62924,0.928666
5.949,-2.62924,0.862943
5.95,-2.62924,0.80664
5.951,-2.62924,0.756834
5.952,-2.62924,0.713205
5.953,-2.62924,0.673939
5.954,-2.62924,0.638932
5.955,-2.62924,0.607125
5.956,-2.62924,0.578464
5.957,-2.63231,0.567437
5.958,-2.63231,0.567437
5.959,-2.63231,0.567437
5.96,-2.63231,0.567437
5.961,-2.63231,0.567437
5.962,-2.63231,0.567437
5.963,-2.63538,0.567437
5.964,-2.63538,0.567437
5.965,-2.63538,0.567437
5.966,-2.63538,0.567437
5.967,-2.63845,0.567437
5.968,-2.63845,0.567437
5.969,-2.63845,0.567437
5.97,-2.64151,0.567437
5.971,-2.64151,0.567437
5.972,-2.64458,-0.812917
5.973,-2.64458,-0.812917
5.974,-2.64765,-0.812917
5.975,-2.64765,-0.812917
5.976,-2.64765,-0.812917
5.977,-2.65072,-0.812917
5.978,-2.65379,-0.812917
5.979,-2.65379,-0.812917
5.98,-2.65685,-1.49678
5.981,-2.65685,-1.49678
5.982,-2.65992,-1.49678
5.983,-2.65992,-1.49678
5.984,-2.66299,-1.49678
5.985,-2.66606,-1.49678
5.986,-2.66606,-1.49678
5.987,-2.66913,-1.91276
5.988,-2.67219,-1.91276
5.989,-2.67219,-1.91276
5.99,-2.67526,-1.91276
5.991,-2.67833,-1.91276
5.992,-2.6814,-2.24613
5.993,-2.68447,-2.24613
5.994,-2.68447,-2.24613
5.995,-2.68753,-2.24613
5.996,-2.6906,-2.24613
5.997,-2.69367,-2.5215
5.998,-2.69674,-2.5215
5.999,-2.69981,-2.5215
6,-2.70287,-2.5215
6.001,-2.70901,-2.77135
6.002,-2.70901,-2.77135
6.003,-2.70901,-2.77135
6.004,-2.71208,-2.77135
6.005,-2.71821,-2.99758
6.006,-2.71821,-2.99758
6.007,-2.72435,-2.99758
6.008,-2.72742,-2.99758
6.009,-2.73049,-3.18687
6.01,-2.73355,-3.18687
6.011,-2.73662,-3.18687
6.012,-2.73969,-3.18687
6.013,-2.74276,-3.37318
6.014,-2.74583,-3.37318
6.015,-2.74889,-3.37318
6.016,-2.75503,-3.54897
6.017,-2.7581,-3.54897
6.018,-2.76117,-3.54897
6.019,-2.76423,-3.54897
6.02,-2.7673,-3.69912
6.021,-2.77344,-3.69912
6.022,-2.77651,-3.69912
6.023,-2.77957,-3.84691
6.024,-2.78264,-3.84691
6.025,-2.78878,-3.84691
6.026,-2.79185,-3.97984
6.027,-2.79491,-3.97984
6.028,-2.80105,-3.97984
6.029,-2.80412,-4.1093
6.03,-2.81025,-4.1093
6.031,-2.81332,-4.1093
6.032,-2.81639,-4.23254
6.033,-2.82252,-4.23254
6.034,-2.82559,-4.23254
6.035,-2.83173,-4.34075
6.036,-2.8348,-4.34075
6.037,-2.84093,-4.43844
6.038,-2.844,-4.43844
6.039,-2.84707,-4.43844
6.04,-2.8532,-4.5511
6.041,-2.85627,-4.5511
6.042,-2.86241,-4.5511
6.043,-2.86548,-4.64044
6.044,-2.87161,-4.64044
6.045,-2.87775,-4.71684
6.046,-2.88082,-4.71684
6.047,-2.88695,-4.71684
6.048,-2.89002,-4.81249
6.049,-2.89616,-4.81249
6.05,-2.90229,-4.88613
6.051,-2.90536,-4.88613
6.052,-2.9115,-4.88613
6.053,-2.91456,-4.95485
6.054,-2.9207,-4.95485
6.055,-2.92684,-5.03131
6.056,-2.9299,-5.03131
6.057,-2.93604,-5.03131
6.058,-2.94218,-5.08309
6.059,-2.94524,-5.08309
6.06,-2.95138,-5.14786
6.061,-2.95751,-5.14786
6.062,-2.96058,-5.14786
6.063,-2.96672,-5.20686
6.064,-2.97285,-5.20686
6.065,-2.97592,-5.24531
6.066,-2.98206,-5.24531
6.067,-2.98819,-5.29422
6.068,-2.99433,-5.29422
6.069,-2.9974,-5.29422
6.07,-3.00353,-5.34194
6.071,-3.00967,-5.34194
6.072,-3.01581,-5.38534
6.073,-3.02194,-5.38534
6.074,-3.02501,-5.41339
6.075,-3.03115,-5.41339
6.076,-3.03728,-5.45264
6.077,-3.04342,-5.45264
6.078,-3.04649,-5.45264
6.079,-3.05262,-5.47657
6.08,-3.05876,-5.47657
6.081,-3.06489,-5.50993
6.082,-3.07103,-5.50993
6.083,-3.0741,-5.52247
6.084,-3.08023,-5.52247
6.085,-3.08637,-5.53534
6.086,-3.09251,-5.53534
6.087,-3.09864,-5.57811
6.088,-3.10171,-5.57811
6.089,-3.10785,-5.57811
6.09,-3.11398,-5.56382
6.091,-3.12012,-5.56382
6.092,-3.12625,-5.57808
6.093,-3.13239,-5.57808
6.094,-3.13546,-5.60348
6.095,-3.14159,-5.60348
6.096,3.13546,-5.57737
6.097,3.12932,-5.57737
6.098,3.12318,-5.58463
6.099,3.12012,-5.58463
6.1,3.11398,-5.58463
6.101,3.10785,-5.59199
6.102,3.10171,-5.59199
6.103,3.09557,-5.56511
6.104,3.08944,-5.56511
6.105,3.08637,-5.56518
6.106,3.08023,-5.56518
6.107,3.0741,-5.55465
6.108,3.06796,-5.55465
6.109,3.06183,-5.51812
6.11,3.05876,-5.51812
6.111,3.05262,-5.51812
6.112,3.04649,-5.51599
6.113,3.04035,-5.51599
6.114,3.03728,-5.48177
6.115,3.03115,-5.48177
6.116,3.02501,-5.45432
6.117,3.01887,-5.45432
6.118,3.01274,-5.43039
6.119,3.00967,-5.43039
6.12,3.00353,-5.43039
6.121,2.9974,-5.38114
6.122,2.99126,-5.38114
6.123,2.98819,-5.35126
6.124,2.98206,-5.35126
6.125,2.97592,-5.31025
6.126,2.96979,-5.31025
6.127,2.96672,-5.31025
6.128,2.96058,-5.25592
6.129,2.95445,-5.25592
6.13,2.95138,-5.22086
6.131,2.94524,-5.22086
6.132,2.93911,-5.15191
6.133,2.93604,-5.15191
6.134,2.9299,-5.15191
6.135,2.92377,-5.09581
6.136,2.9207,-5.09581
6.137,2.91456,-5.04933
6.138,2.90843,-5.04933
6.139,2.90536,-5.04933
6.14,2.89922,-4.96269
6.141,2.89616,-4.96269
6.142,2.89002,-4.90136
6.143,2.88388,-4.90136
6.144,2.88082,-4.90136
6.145,2.87468,-4.83281
6.146,2.87161,-4.83281
6.147,2.86548,-4.74348
6.148,2.86241,-4.74348
6.149,2.85627,-4.74348
6.15,2.8532,-4.66371
6.151,2.84707,-4.66371
6.152,2.844,-4.66371
6.153,2.83786,-4.5763
6.154,2.8348,-4.5763
6.155,2.82866,-4.47667
6.156,2.82559,-4.47667
6.157,2.81946,-4.47667
6.158,2.81639,-4.37096
6.159,2.81332,-4.37096
6.16,2.80718,-4.37096
6.161,2.80412,-4.27386
6.162,2.80105,-4.27386
6.163,2.79491,-4.27386
6.164,2.79185,-4.14199
6.165,2.78878,-4.14199
6.166,2.78264,-4.14199
6.167,2.77957,-4.01655
6.168,2.77651,-4.01655
6.169,2.77037,-4.01655
6.17,2.7673,-3.89493
6.171,2.76423,-3.89493
6.172,2.76117,-3.89493
6.173,2.75503,-3.73509
6.174,2.75196,-3.73509
6.175,2.74889,-3.73509
6.176,2.74583,-3.73509
6.177,2.74276,-3.59172
6.178,2.73969,-3.59172
6.179,2.73662,-3.59172
6.18,2.73355,-3.4371
6.181,2.73049,-3.41404
6.182,2.72435,-3.41404
6.183,2.72128,-3.41404
6.184,2.71821,-3.25106
6.185,2.71515,-3.25106
6.186,2.71208,-3.25106
6.187,2.70901,-3.25106
6.188,2.70594,-3.04687
6.189,2.70287,-3.04687
6.19,2.69981,-3.04687
6.191,2.69981,-3.04687
6.192,2.69674,-2.93847
6.193,2.69367,-2.84059
6.194,2.6906,-2.84059
6.195,2.68753,-2.84059
6.196,2.68447,-2.84059
6.197,2.6814,-2.59549
6.198,2.6814,-2.59549
6.199,2.67833,-2.59549
6.2,2.67526,-2.59549
6.201,2.67219,-2.59549
6.202,2.67219,-2.39602
6.203,2.66913,-2.33087
6.204,2.66606,-2.33087
6.205,2.66606,-2.33087
6.206,2.66299,-2.33087
6.207,2.65992,-2.33087
6.208,2.65992,-2.09086
6.209,2.65685,-2.00331
6.21,2.65685,-2.00331
6.211,2.65379,-2.00331
6.212,2.65072,-2.00331
6.213,2.65072,-2.00331
6.214,2.64765,-2.00331
6.215,2.64765,-1.82057
6.216,2.64458,-1.60977
6.217,2.64458,-1.60977
6.218,2.64458,-1.60977
6.219,2.64151,-1.60977
6.22,2.64151,-1.60977
6.221,2.64151,-1.60977
6.222,2.63845,-1.60977
6.223,2.63845,-1.60977
6.224,2.63845,-1.5149
6.225,2.63538,-1.34684
6.226,2.63538,-1.21338
6.227,2.63538,-1.10415
6.228,2.63538,-1.01241
6.229,2.63231,-0.986046
6.23,2.63231,-0.986046
6.231,2.63231,-0.986046
6.232,2.63231,-0.986046
6.233,2.63231,-0.986046
6.234,2.63231,-0.986046
6.235,2.63231,-0.986046
6.236,2.62924,-0.986046
6.237,2.62924,-0.986046
6.238,2.62924,-0.986046
6.239,2.62924,-0.986046
6.24,2.62924,-0.986046
6.241,2.62924,-0.969105
6.242,2.62924,-0.89898
6.243,2.62924,-0.837569
6.244,2.62924,-0.783987
6.245,2.62924,-0.737079
6.246,2.63231,0.695716
6.247,2.63231,0.657214
6.248,2.63231,0.624292
6.249,2.63231,0.593897
6.25,2.63231,0.566442
6.251,2.63231,0.54179
6.252,2.63538,0.518524
6.253,2.63538,0.498024
6.254,2.63538,0.478192
6.255,2.63538,0.460193
6.256,2.63845,0.443532
6.257,2.63845,0.428309
6.258,2.63845,0.413646
6.259,2.64151,0.406324
6.26,2.64151,0.406324
6.261,2.64151,0.406324
6.262,2.64458,0.406324
6.263,2.64458,0.406324
6.264,2.64765,0.406324
6.265,2.64765,0.406324
6.266,2.65072,0.406324
6.267,2.65072,0.406324
6.268,2.65379,1.3567
6.269,2.65379,1.3567
6.27,2.65685,1.3567
6.271,2.65685,1.3567
6.272,2.65992,1.3567
6.273,2.66299,1.3567
6.274,2.66299,1.3567
6.275,2.66606,1.80719
6.276,2.66913,1.80719
6.277,2.66913,1.80719
6.278,2.67219,1.80719
6.279,2.67526,1.80719
6.28,2.67526,1.80719
6.281,2.67833,2.15186
6.282,2.6814,2.15186
6.283,2.68447,2.15186
6.284,2.68753,2.15186
6.285,2.68753,2.15186
6.286,2.6906,2.44521
6.287,2.69367,2.44521
6.288,2.69674,2.44521
6.289,2.69981,2.44521
6.29,2.70287,2.69509
6.291,2.70594,2.69509
6.292,2.70901,2.69509
6.293,2.71208,2.69509
6.294,2.71515,2.91388
6.295,2.71821,2.91388
6.296,2.72128,2.91388
6.297,2.72435,2.91388
6.298,2.72742,3.12745
6.299,2.73049,3.12745
6.3,2.73355,3.12745
6.301,2.73662,3.12745
6.302,2.73969,3.30698
6.303,2.74276,3.30698
6.304,2.74583,3.30698
6.305,2.74889,3.30698
6.306,2.75503,3.47226
6.307,2.7581,3.47226
6.308,2.76117,3.47226
6.309,2.76423,3.64165
6.31,2.7673,3.64165
6.311,2.77344,3.64165
6.312,2.77651,3.77978
6.313,2.77957,3.77978
6.314,2.78571,3.77978
6.315,2.78878,3.9124
6.316,2.79185,3.9124
6.317,2.79491,3.9124
6.318,2.80105,4.05877
6.319,2.80412,4.05877
6.32,2.80718,4.05877
6.321,2.81332,4.15954
6.322,2.81639,4.15954
6.323,2.82252,4.15954
6.324,2.82559,4.27729
6.325,2.82866,4.27729
6.326,2.8348,4.27729
6.327,2.83786,4.39165
6.328,2.844,4.39165
6.329,2.84707,4.39165
6.33,2.8532,4.48023
6.331,2.85627,4.48023
6.332,2.86241,4.5709
6.333,2.86548,4.5709
6.334,2.87161,4.5709
6.335,2.87468,4.65558
6.336,2.88082,4.65558
6.337,2.88388,4.65558
6.338,2.89002,4.7459
6.339,2.89616,4.7459
6.34,2.89922,4.79218
6.341,2.90536,4.79218
6.342,2.90843,4.79218
6.343,2.91456,4.8937
6.344,2.9207,4.8937
6.345,2.92377,4.95024
6.346,2.9299,4.95024
6.347,2.93297,4.95024
6.348,2.93911,5.01272
6.349,2.94524,5.01272
6.35,2.94831,5.0859
6.351,2.95445,5.0859
6.352,2.96058,5.11774
6.353,2.96365,5.11774
6.354,2.96979,5.11774
6.355,2.97592,5.16054
6.356,2.97899,5.16054
6.357,2.98513,5.13398
6.358,2.99126,5.13398
6.359,2.99433,5.13398
6.36,3.00047,5.00543
6.361,3.0066,5.00543
6.362,3.01274,5.36197
6.363,3.01581,5.36197
6.364,3.02194,5.32668
6.365,3.02808,5.32668
6.366,3.03421,5.39801
6.367,3.03728,5.39801
6.368,3.04342,5.39801
6.369,3.04955,5.43741
6.37,3.05569,5.43741
6.371,3.06183,5.4476
6.372,3.06489,5.4476
6.373,3.07103,5.4768
6.374,3.07717,5.4768
6.375,3.0833,5.4953
6.376,3.08637,5.4953
6.377,3.09251,5.4953
6.378,3.09864,5.49961
6.379,3.10478,5.49961
6.38,3.11091,5.52613
6.381,3.11398,5.52613
6.382,3.12012,5.529
6.383,3.12625,5.529
6.384,3.13239,5.51926
6.385,3.13852,5.51926
6.386,-3.14159,5.51926
6.387,-3.13546,5.549
6.388,-3.12932,5.549
6.389,-3.12318,5.52741
6.39,-3.11705,5.52741
6.391,-3.11398,5.51413
6.392,-3.10785,5.51413
6.393,-3.10171,5.53662
6.394,-3.09557,5.53662
6.395,-3.08944,5.49749
6.396,-3.08637,5.49749
6.397,-3.08023,5.49749
6.398,-3.0741,5.48452
6.399,-3.06796,5.48452
6.4,-3.06183,5.48241
6.401,-3.05876,5.48241
6.402,-3.05262,5.44233
6.403,-3.04649,5.44233
6.404,-3.04035,5.42522
6.405,-3.03728,5.42522
6.406,-3.03115,5.42522
6.407,-3.02501,5.39475
6.408,-3.01887,5.39475
6.409,-3.01581,5.36539
6.41,-3.00967,5.36539
6.411,-3.00353,5.32799
6.412,-2.9974,5.32799
6.413,-2.99433,5.32799
6.414,-2.98819,5.28399
6.415,-2.98206,5.28399
6.416,-2.97899,5.23875
6.417,-2.97285,5.23875
6.418,-2.96672,5.2
6.419,-2.96365,5.2
6.42,-2.95751,5.2
6.421,-2.95138,5.13974
6.422,-2.94831,5.13974
6.423,-2.94218,5.08607
6.424,-2.93604,5.08607
6.425,-2.93297,5.08607
6.426,-2.92684,5.03472
6.427,-2.9207,5.03472
6.428,-2.91763,4.96439
6.429,-2.9115,4.96439
6.43,-2.90843,4.96439
6.431,-2.90229,4.89522
6.432,-2.89616,4.89522
6.433,-2.89309,4.82658
6.434,-2.88695,4.82658
6.435,-2.88388,4.82658
6.436,-2.87775,4.73702
6.437,-2.87468,4.73702
6.438,-2.86854,4.6614
6.439,-2.86548,4.6614
6.44,-2.85934,4.6614
6.441,-2.85627,4.5762
6.442,-2.85014,4.5762
6.443,-2.84707,4.5762
6.444,-2.84093,4.46734
6.445,-2.83786,4.46734
6.446,-2.8348,4.44704
6.447,-2.82866,4.37605
6.448,-2.82559,4.37605
6.449,-2.81946,4.27072
6.45,-2.81639,4.27072
6.451,-2.81332,4.27072
6.452,-2.80718,4.15117
6.453,-2.80412,4.15117
6.454,-2.80105,4.15117
6.455,-2.79491,4.03068
6.456,-2.79185,4.03068
6.457,-2.78878,4.03068
6.458,-2.78571,3.98838
6.459,-2.77957,3.90083
6.46,-2.77651,3.90083
6.461,-2.77344,3.90083
6.462,-2.77037,3.76233
6.463,-2.7673,3.76233
6.464,-2.76117,3.76233
6.465,-2.7581,3.61838
6.466,-2.75503,3.61838
6.467,-2.75196,3.61838
6.468,-2.74889,3.61838
6.469,-2.74583,3.4512
6.47,-2.74276,3.4512
6.471,-2.73969,3.4512
6.472,-2.73355,3.29049
6.473,-2.73049,3.28006
6.474,-2.73049,3.28006
6.475,-2.72435,3.28006
6.476,-2.72128,3.09835
6.477,-2.71821,3.09835
6.478,-2.71821,3.09835
6.479,-2.71515,3.09835
6.48,-2.71208,3.044
6.481,-2.70901,2.89017
6.482,-2.70594,2.89017
6.483,-2.70287,2.89017
6.484,-2.69981,2.89017
6.485,-2.69674,2.65709
6.486,-2.69674,2.65709
6.487,-2.69367,2.65709
6.488,-2.6906,2.65709
6.489,-2.68753,2.65709
6.49,-2.68447,2.41008
6.491,-2.68447,2.41008
6.492,-2.6814,2.41008
6.493,-2.67833,2.41008
6.494,-2.67833,2.41008
6.495,-2.67526,2.41008
6.496,-2.67219,2.11031
6.497,-2.67219,2.11031
6.498,-2.66913,2.11031
6.499,-2.66913,2.11031
6.5,-2.66606,2.11031
6.501,-2.66299,2.11031
6.502,-2.66299,1.96452
6.503,-2.65992,1.7565
6.504,-2.65992,1.7565
6.505,-2.65685,1.7565
6.506,-2.65685,1.7565
6.507,-2.65685,1.7565
6.508,-2.65379,1.7565
6.509,-2.65379,1.7565
6.51,-2.65072,1.68787
6.511,-2.65072,1.48999
6.512,-2.65072,1.32547
6.513,-2.64765,1.28815
6.514,-2.64765,1.28815
6.515,-2.64765,1.28815
6.516,-2.64458,1.28815
6.517,-2.64458,1.28815
6.518,-2.64458,1.28815
6.519,-2.64458,1.28815
6.52,-2.64458,1.28815
6.521,-2.64151,1.28815
6.522,-2.64151,1.2596
6.523,-2.64151,1.1451
6.524,-2.64151,1.04514
6.525,-2.64151,0.964402
6.526,-2.64151,0.893044
6.527,-2.64151,0.832553
6.528,-2.64151,0.781292
6.529,-2.64151,0.73423
6.53,-2.64151,0.691931
6.531,-2.64151,0.655475
6.532,-2.64151,0.621915
6.533,-2.64151,0.591699
6.534,-2.64151,0.564338
6.535,-2.64151,0.540088
6.536,-2.64151,0.517262
6.537,-2.64151,0.496314
6.538,-2.64151,0.477008
6.539,-2.64151,0.459188
6.54,-2.64458,0.45714
6.541,-2.64458,0.45714
6.542,-2.64458,0.45714
6.543,-2.64458,0.45714
6.544,-2.64765,0.45714
6.545,-2.64765,0.45714
6.546,-2.64765,0.45714
6.547,-2.64765,0.45714
6.548,-2.65072,0.45714
6.549,-2.65072,0.45714
6.55,-2.65379,0.45714
6.551,-2.65379,0.45714
6.552,-2.65379,0.45714
6.553,-2.65685,-0.940439
6.554,-2.65685,-0.940439
6.555,-2.65992,-0.940439
6.556,-2.65992,-0.940439
6.557,-2.66299,-0.940439
6.558,-2.66299,-0.940439
6.559,-2.66606,-0.940439
6.56,-2.66606,-0.940439
6.561,-2.66913,-1.54151
6.562,-2.67219,-1.54151
6.563,-2.67219,-1.54151
6.564,-2.67526,-1.54151
6.565,-2.67526,-1.54151
6.566,-2.67833,-1.54151
6.567,-2.6814,-1.94233
6.568,-2.68447,-1.94233
6.569,-2.68447,-1.94233
6.57,-2.68753,-1.94233
6.571,-2.6906,-1.94233
6.572,-2.69367,-2.25768
6.573,-2.69367,-2.25768
6.574,-2.69674,-2.25768
6.575,-2.69981,-2.25768
6.576,-2.70287,-2.25768
6.577,-2.70594,-2.53347
6.578,-2.70901,-2.53347
6.579,-2.70901,-2.53347
6.58,-2.71208,-2.53347
6.581,-2.71515,-2.53347
6.582,-2.71821,-2.77869
6.583,-2.72128,-2.77869
6.584,-2.72435,-2.77869
6.585,-2.72742,-2.77869
6.586,-2.73049,-2.98337
6.587,-2.73355,-2.98337
6.588,-2.73662,-2.98337
6.589,-2.73969,-2.98337
6.59,-2.74276,-3.18128
6.591,-2.74889,-3.18128
6.592,-2.75196,-3.18128
6.593,-2.75503,-3.36648
6.594,-2.7581,-3.36648
6.595,-2.76117,-3.36648
6.596,-2.76423,-3.36648
6.597,-2.7673,-3.52528
6.598,-2.77344,-3.52528
6.599,-2.77651,-3.52528
6.6,-2.77957,-3.67973
6.601,-2.78264,-3.67973
6.602,-2.78878,-3.67973
6.603,-2.79185,-3.81995
6.604,-2.79491,-3.81995
6.605,-2.79798,-3.81995
6.606,-2.80412,-3.9554
6.607,-2.80718,-3.9554
6.608,-2.81025,-3.9554
6.609,-2.81639,-4.08221
6.61,-2.81946,-4.08221
6.611,-2.82252,-4.08221
6.612,-2.82866,-4.19542
6.613,-2.83173,-4.19542
6.614,-2.83786,-4.19542
6.615,-2.84093,-4.29664
6.616,-2.844,-4.29664
6.617,-2.85014,-4.29664
6.618,-2.8532,-4.41277
6.619,-2.85934,-4.41277
6.62,-2.86241,-4.41277
6.621,-2.86854,-4.50515
6.622,-2.87161,-4.50515
6.623,-2.87775,-4.58603
6.624,-2.88082,-4.58603
6.625,-2.88695,-4.58603
6.626,-2.89002,-4.68242
6.627,-2.89616,-4.68242
6.628,-2.89922,-4.68242
6.629,-2.90536,-4.75942
6.63,-2.9115,-4.75942
6.631,-2.91456,-4.83112
6.632,-2.9207,-4.83112
6.633,-2.92377,-4.83112
6.634,-2.9299,-4.9089
6.635,-2.93604,-4.9089
6.636,-2.93911,-4.96336
6.637,-2.94524,-4.96336
6.638,-2.95138,-5.02882
6.639,-2.95445,-5.02882
6.64,-2.96058,-5.02882
6.641,-2.96365,-5.08921
6.642,-2.96979,-5.08921
6.643,-2.97592,-5.12989
6.644,-2.97899,-5.12989
6.645,-2.98513,-5.12989
6.646,-2.99126,-5.17851
6.647,-2.9974,-5.17851
6.648,-3.00047,-5.2284
6.649,-3.0066,-5.2284
6.65,-3.01274,-5.27195
6.651,-3.01581,-5.27195
6.652,-3.02194,-5.27195
6.653,-3.02808,-5.30009
6.654,-3.03421,-5.30009
6.655,-3.03728,-5.33965
6.656,-3.04342,-5.33965
6.657,-3.04955,-5.36386
6.658,-3.05569,-5.36386
6.659,-3.05876,-5.36386
6.66,-3.06489,-5.39728
6.661,-3.07103,-5.39728
6.662,-3.07717,-5.4105
6.663,-3.0833,-5.4105
6.664,-3.08637,-5.42189
6.665,-3.09251,-5.42189
6.666,-3.09864,-5.46468
6.667,-3.10478,-5.46468
6.668,-3.10785,-5.46468
6.669,-3.11398,-5.45072
6.67,-3.12012,-5.45072
6.671,-3.12625,-5.46492
6.672,-3.13239,-5.46492
6.673,-3.13546,-5.48936
6.674,-3.14159,-5.48936
6.675,3.13546,-5.46289
6.676,3.12932,-5.46289
6.677,3.12318,-5.46289
6.678,3.12012,-5.47233
6.679,3.11398,-5.47233
6.68,3.10785,-5.47932
6.681,3.10171,-5.47932
6.682,3.09864,-5.45193
6.683,3.09251,-5.45193
6.684,3.08637,-5.45287
6.685,3.08023,-5.45287
6.686,3.0741,-5.45287
6.687,3.07103,-5.44055
6.688,3.06489,-5.44055
6.689,3.05876,-5.40633
6.69,3.05262,-5.40633
6.691,3.04955,-5.40273
6.692,3.04342,-5.40273
6.693,3.03728,-5.36767
6.694,3.03421,-5.36767
6.695,3.02808,-5.36767
6.696,3.02194,-5.34123
6.697,3.01581,-5.34123
6.698,3.01274,-5.31655
6.699,3.0066,-5.31655
6.7,3.00047,-5.26704
6.701,2.99433,-5.26704
6.702,2.99126,-5.26704
6.703,2.98513,-5.23648
6.704,2.97899,-5.23648
6.705,2.97592,-5.19413
6.706,2.96979,-5.19413
6.707,2.96365,-5.13861
6.708,2.96058,-5.13861
6.709,2.95445,-5.13861
6.71,2.94831,-5.10302
6.711,2.94524,-5.10302
6.712,2.93911,-5.03231
6.713,2.93297,-5.03231
6.714,2.9299,-5.03231
6.715,2.92377,-4.97468
6.716,2.9207,-4.97468
6.717,2.91456,-4.92587
6.718,2.90843,-4.92587
6.719,2.90536,-4.92587
6.72,2.89922,-4.83816
6.721,2.89616,-4.83816
6.722,2.89002,-4.77413
6.723,2.88695,-4.77413
6.724,2.88082,-4.77413
6.725,2.87775,-4.70143
6.726,2.87161,-4.70143
6.727,2.86854,-4.69314
6.728,2.86241,-4.60991
6.729,2.85934,-4.60991
6.73,2.8532,-4.52706
6.731,2.85014,-4.52706
6.732,2.844,-4.52706
6.733,2.84093,-4.43556
6.734,2.8348,-4.43556
6.735,2.83173,-4.43556
6.736,2.82866,-4.33247
6.737,2.82252,-4.33247
6.738,2.81946,-4.33247
6.739,2.81639,-4.22279
6.74,2.81025,-4.22279
6.741,2.80718,-4.22279
6.742,2.80412,-4.12153
6.743,2.79798,-4.12153
6.744,2.79491,-4.12153
6.745,2.79185,-3.98631
6.746,2.78571,-3.98631
6.747,2.78264,-3.98631
6.748,2.77957,-3.85427
6.749,2.77651,-3.85427
6.75,2.77037,-3.85427
6.751,2.7673,-3.7288
6.752,2.76423,-3.7288
6.753,2.76117,-3.7288
6.754,2.7581,-3.7288
6.755,2.75503,-3.56113
6.756,2.75196,-3.56113
6.757,2.74583,-3.56113
6.758,2.74276,-3.41153
6.759,2.73969,-3.41153
6.76,2.73662,-3.41153
6.761,2.73355,-3.41153
6.762,2.73049,-3.23806
6.763,2.72742,-3.23806
6.764,2.72435,-3.23806
6.765,2.72128,-3.23806
6.766,2.71821,-3.04101
6.767,2.71515,-3.04101
6.768,2.71208,-3.04101
6.769,2.70901,-3.04101
6.77,2.70594,-2.84648
6.771,2.70594,-2.83664
6.772,2.70287,-2.83664
6.773,2.69981,-2.83664
6.774,2.69674,-2.83664
6.775,2.69367,-2.61547
6.776,2.69367,-2.61547
6.777,2.6906,-2.61547
6.778,2.68753,-2.61547
6.779,2.68447,-2.61547
6.78,2.6814,-2.33725
6.781,2.6814,-2.33725
6.782,2.67833,-2.33725
6.783,2.67526,-2.33725
6.784,2.67526,-2.33725
6.785,2.67219,-2.33725
6.786,2.66913,-2.05077
6.787,2.66913,-2.05077
6.788,2.66606,-2.05077
6.789,2.66606,-2.05077
6.79,2.66299,-2.05077
6.791,2.66299,-2.05077
6.792,2.65992,-2.02579
6.793,2.65992,-1.73396
6.794,2.65685,-1.66496
6.795,2.65685,-1.66496
6.796,2.65379,-1.66496
6.797,2.65379,-1.66496
6.798,2.65379,-1.66496
6.799,2.65072,-1.66496
6.8,2.65072,-1.66496
6.801,2.65072,-1.59596
6.802,2.64765,-1.41053
6.803,2.64765,-1.2677
6.804,2.64765,-1.14684
6.805,2.64458,-1.05769
6.806,2.64458,-1.05769
6.807,2.64458,-1.05769
6.808,2.64458,-1.05769
6.809,2.64458,-1.05769
6.81,2.64151,-1.05769
6.811,2.64151,-1.05769
6.812,2.64151,-1.05769
6.813,2.64151,-1.05769
6.814,2.64151,-1.05769
6.815,2.64151,-1.05769
6.816,2.64151,-1.05769
6.817,2.64151,-1.0149
6.818,2.64151,-0.9381
6.819,2.64151,-0.871755
6.82,2.64151,-0.81367
6.821,2.64151,-0.763293
6.822,2.64151,-0.717506
6.823,2.64151,-0.678612
6.824,2.64151,-0.64289
6.825,2.64151,-0.610991
6.826,2.64151,-0.581479
6.827,2.64151,-0.555983
6.828,2.64151,-0.531288
6.829,2.64458,0.509274
6.83,2.64458,0.488851
6.831,2.64458,0.470163
6.832,2.64458,0.453095
6.833,2.64458,0.436999
6.834,2.64765,0.421697
6.835,2.64765,0.407705
6.836,2.64765,0.394582
6.837,2.65072,0.382277
6.838,2.65072,0.370764
6.839,2.65072,0.359869
6.84,2.65379,0.358831
6.841,2.65379,0.358831
6.842,2.65685,0.358831
6.843,2.65685,0.358831
6.844,2.65992,0.358831
6.845,2.65992,0.358831
6.846,2.66299,0.358831
6.847,2.66299,0.358831
6.848,2.66606,1.41083
6.849,2.66606,1.41083
6.85,2.66913,1.41083
6.851,2.66913,1.41083
6.852,2.67219,1.41083
6.853,2.67526,1.41083
6.854,2.67526,1.41083
6.855,2.67833,1.83467
6.856,2.6814,1.83467
6.857,2.6814,1.83467
6.858,2.68447,1.83467
6.859,2.68753,1.83467
6.86,2.68753,1.83467
6.861,2.6906,2.17057
6.862,2.69367,2.17057
6.863,2.69674,2.17057
6.864,2.69981,2.17057
6.865,2.69981,2.17057
6.866,2.70287,2.44934
6.867,2.70594,2.44934
6.868,2.70901,2.44934
6.869,2.71208,2.44934
6.87,2.71515,2.68921
6.871,2.71821,2.68921
6.872,2.72128,2.68921
6.873,2.72435,2.68921
6.874,2.72742,2.91814
6.875,2.73049,2.91814
6.876,2.73355,2.91814
6.877,2.73662,2.91814
6.878,2.73969,3.1127
6.879,2.74276,3.1127
6.88,2.74583,3.1127
6.881,2.74889,3.1127
6.882,2.75196,3.28704
6.883,2.75503,3.28704
6.884,2.7581,3.28704
6.885,2.76117,3.28704
6.886,2.7673,3.46684
6.887,2.77037,3.46684
6.888,2.77344,3.46684
6.889,2.77651,3.61257
6.89,2.77957,3.61257
6.891,2.78571,3.61257
6.892,2.78878,3.7492
6.893,2.79185,3.7492
6.894,2.79491,3.7492
6.895,2.80105,3.9041
6.896,2.80412,3.9041
6.897,2.80718,3.9041
6.898,2.81332,3.9041
6.899,2.81639,4.01155
6.9,2.81946,4.01155
6.901,2.82559,4.13462
6.902,2.82866,4.13462
6.903,2.83173,4.13462
6.904,2.83786,4.25052
6.905,2.84093,4.25052
6.906,2.84707,4.25052
6.907,2.85014,4.34855
6.908,2.8532,4.34855
6.909,2.85934,4.34855
6.91,2.86241,4.43906
6.911,2.86854,4.43906
6.912,2.87161,4.43906
6.913,2.87775,4.52518
6.914,2.88082,4.52518
6.915,2.88695,4.61446
6.916,2.89002,4.61446
6.917,2.89616,4.61446
6.918,2.89922,4.67741
6.919,2.90536,4.67741
6.92,2.9115,4.67741
6.921,2.91456,4.77504
6.922,2.9207,4.77504
6.923,2.92377,4.81881
6.924,2.9299,4.81881
6.925,2.93297,4.81881
6.926,2.93911,4.90076
6.927,2.94524,4.90076
6.928,2.94831,4.97132
6.929,2.95445,4.97132
6.93,2.96058,5.00563
6.931,2.96365,5.00563
6.932,2.96979,5.00563
6.933,2.97592,5.04305
6.934,2.97899,5.04305
6.935,2.98513,5.03059
6.936,2.98819,5.03059
6.937,2.99433,5.03059
6.938,3.00047,4.9248
6.939,3.00353,4.9248
6.94,3.00967,5.21762
6.941,3.01581,5.21762
6.942,3.01887,5.21762
6.943,3.02501,5.20367
6.944,3.03115,5.20367
6.945,3.03728,5.27979
6.946,3.04035,5.27979
6.947,3.04649,5.32417
6.948,3.05262,5.32417
6.949,3.05876,5.3372
6.95,3.06183,5.3372
6.951,3.06796,5.3372
6.952,3.0741,5.36419
6.953,3.08023,5.36419
6.954,3.0833,5.38383
6.955,3.08944,5.38383
6.956,3.09557,5.38754
6.957,3.10171,5.38754
6.958,3.10478,5.38754
6.959,3.11091,5.41561
6.96,3.11705,5.41561
6.961,3.12318,5.41707
6.962,3.12625,5.41707
6.963,3.13239,5.40848
6.964,3.13852,5.40848
6.965,-3.13852,5.4367
6.966,-3.13546,5.4367
6.967,-3.12932,5.4367
6.968,-3.12318,5.41578
6.969,-3.11705,5.41578
6.97,-3.11091,5.40421
6.971,-3.10785,5.40421
6.972,-3.10171,5.42349
6.973,-3.09557,5.42349
6.974,-3.08944,5.3858
6.975,-3.08637,5.3858
6.976,-3.08023,5.3858
6.977,-3.0741,5.37133
6.978,-3.06796,5.37133
6.979,-3.06489,5.36921
6.98,-3.05876,5.36921
6.981,-3.05262,5.32831
6.982,-3.04955,5.32831
6.983,-3.04342,5.32831
6.984,-3.03728,5.31051
6.985,-3.03115,5.31051
6.986,-3.02808,5.27944
6.987,-3.02194,5.27944
6.988,-3.01581,5.24781
6.989,-3.01274,5.24781
6.99,-3.0066,5.24781
6.991,-3.00047,5.21027
6.992,-2.99433,5.21027
6.993,-2.99126,5.16576
6.994,-2.98513,5.16576
6.995,-2.97899,5.11857
6.996,-2.97592,5.11857
6.997,-2.96979,5.11857
6.998,-2.96365,5.07906
6.999,-2.96058,5.07906
7,-2.95445,5.01768
7.001,-2.95138,5.01768
7.002,-2.94524,5.01768
7.003,-2.93911,4.96214
7.004,-2.93604,4.96214
7.005,-2.9299,4.90732
7.006,-2.92684,4.90732
7.007,-2.9207,4.90732
7.008,-2.91456,4.83606
7.009,-2.9115,4.83606
7.01,-2.90536,4.76481
7.011,-2.90229,4.76481
7.012,-2.89616,4.76481
7.013,-2.89309,4.69381
7.014,-2.88695,4.69381
7.015,-2.88388,4.69381
7.016,-2.87775,4.60278
7.017,-2.87468,4.60278
7.018,-2.86854,4.52506
7.019,-2.86548,4.52506
7.02,-2.85934,4.52506
7.021,-2.85627,4.4375
7.022,-2.8532,4.4375
7.023,-2.84707,4.4375
7.024,-2.844,4.32592
7.025,-2.83786,4.32592
7.026,-2.8348,4.32592
7.027,-2.83173,4.23228
7.028,-2.82559,4.23228
7.029,-2.82252,4.23228
7.03,-2.81946,4.12241
7.031,-2.81332,4.12241
7.032,-2.81025,4.12241
7.033,-2.80718,4.00049
7.034,-2.80412,4.00049
7.035,-2.79798,4.00049
7.036,-2.79491,3.87632
7.037,-2.79185,3.87632
7.038,-2.78878,3.87632
7.039,-2.78264,3.74078
7.04,-2.77957,3.74078
7.041,-2.77651,3.74078
7.042,-2.77344,3.74078
7.043,-2.77037,3.59748
7.044,-2.7673,3.59748
7.045,-2.76117,3.59748
7.046,-2.7581,3.44688
7.047,-2.75503,3.44688
7.048,-2.75196,3.44688
7.049,-2.74889,3.44688
7.05,-2.74583,3.27223
7.051,-2.74276,3.27223
7.052,-2.73969,3.27223
7.053,-2.73662,3.27223
7.054,-2.73355,3.09111
7.055,-2.73049,3.09111
7.056,-2.72742,3.09111
7.057,-2.72435,3.09111
7.058,-2.72128,2.89808
7.059,-2.71821,2.89808
7.06,-2.71821,2.89808
7.061,-2.71515,2.89808
7.062,-2.71208,2.89808
7.063,-2.70901,2.67534
7.064,-2.70594,2.67534
7.065,-2.70287,2.67534
7.066,-2.70287,2.67534
7.067,-2.69981,2.66003
7.068,-2.69674,2.42195
7.069,-2.69367,2.42195
7.07,-2.69367,2.42195
7.071,-2.6906,2.42195
7.072,-2.68753,2.42195
7.073,-2.68753,2.21429
7.074,-2.68447,2.14516
7.075,-2.6814,2.14516
7.076,-2.6814,2.14516
7.077,-2.67833,2.14516
7.078,-2.67833,2.14516
7.079,-2.67526,2.12128
7.08,-2.67219,1.80168
7.081,-2.67219,1.80168
7.082,-2.66913,1.80168
7.083,-2.66913,1.80168
7.084,-2.66913,1.80168
7.085,-2.66606,1.80168
7.086,-2.66606,1.80168
7.087,-2.66299,1.7583
7.088,-2.66299,1.53457
7.089,-2.65992,1.36759
7.09,-2.65992,1.36304
7.091,-2.65992,1.36304
7.092,-2.65685,1.36304
7.093,-2.65685,1.36304
7.094,-2.65685,1.36304
7.095,-2.65685,1.36304
7.096,-2.65379,1.36304
7.097,-2.65379,1.36304
7.098,-2.65379,1.36304
7.099,-2.65379,1.23325
7.1,-2.65379,1.12101
7.101,-2.65379,1.02531
7.102,-2.65072,0.948351
7.103,-2.65072,0.879934
7.104,-2.65072,0.820969
7.105,-2.65072,0.769876
7.106,-2.65072,0.724137
7.107,-2.65072,0.682951
7.108,-2.65072,0.647749
7.109,-2.65072,0.615213
7.11,-2.65072,0.585524
7.111,-2.65072,0.559301
7.112,-2.65072,0.534368
7.113,-2.65072,0.512035
7.114,-2.65072,0.491941
7.115,-2.65072,0.472946
7.116,-2.65379,-0.455355
7.117,-2.65379,-0.439279
7.118,-2.65379,-0.423817
7.119,-2.65379,-0.409594
7.12,-2.65379,-0.396529
7.121,-2.65685,-0.384565
7.122,-2.65685,-0.384565
7.123,-2.65685,-0.384565
7.124,-2.65685,-0.384565
7.125,-2.65992,-0.384565
7.126,-2.65992,-0.384565
7.127,-2.65992,-0.384565
7.128,-2.66299,-0.384565
7.129,-2.66299,-0.384565
7.13,-2.66299,-0.384565
7.131,-2.66606,-0.384565
7.132,-2.66606,-0.384565
7.133,-2.66913,-1.05745
7.134,-2.66913,-1.05745
7.135,-2.67219,-1.05745
7.136,-2.67219,-1.05745
7.137,-2.67526,-1.05745
7.138,-2.67526,-1.05745
7.139,-2.67833,-1.05745
7.14,-2.67833,-1.05745
7.141,-2.6814,-1.5992
7.142,-2.68447,-1.5992
7.143,-2.68447,-1.5992
7.144,-2.68753,-1.5992
7.145,-2.6906,-1.5992
7.146,-2.6906,-1.5992
7.147,-2.69367,-1.97375
7.148,-2.69674,-1.97375
7.149,-2.69674,-1.97375
7.15,-2.69981,-1.97375
7.151,-2.70287,-1.97375
7.152,-2.70594,-2.28405
7.153,-2.70594,-2.28405
7.154,-2.70901,-2.28405
7.155,-2.71208,-2.28405
7.156,-2.71515,-2.28405
7.157,-2.71821,-2.55224
7.158,-2.72128,-2.55224
7.159,-2.72435,-2.55224
7.16,-2.72742,-2.55224
7.161,-2.73049,-2.55224
7.162,-2.73049,-2.77478
7.163,-2.73355,-2.77478
7.164,-2.73662,-2.77478
7.165,-2.73969,-2.77478
7.166,-2.74276,-2.98588
7.167,-2.74583,-2.98588
7.168,-2.74889,-2.98588
7.169,-2.75503,-3.18212
7.17,-2.7581,-3.18212
7.171,-2.76117,-3.18212
7.172,-2.76423,-3.18212
7.173,-2.7673,-3.34995
7.174,-2.77037,-3.34995
7.175,-2.77344,-3.34995
7.176,-2.77651,-3.34995
7.177,-2.77957,-3.51115
7.178,-2.78571,-3.51115
7.179,-2.78878,-3.51115
7.18,-2.79185,-3.65696
7.181,-2.79491,-3.65696
7.182,-2.80105,-3.65696
7.183,-2.80412,-3.79679
7.184,-2.80718,-3.79679
7.185,-2.81025,-3.79679
7.186,-2.81639,-3.92823
7.187,-2.81946,-3.92823
7.188,-2.82252,-3.92823
7.189,-2.82866,-4.04596
7.19,-2.83173,-4.04596
7.191,-2.8348,-4.04596
7.192,-2.84093,-4.15065
7.193,-2.844,-4.15065
7.194,-2.84707,-4.15065
7.195,-2.8532,-4.26863
7.196,-2.85627,-4.26863
7.197,-2.86241,-4.26863
7.198,-2.86548,-4.3636
7.199,-2.87161,-4.3636
7.2,-2.87468,-4.3636
7.201,-2.88082,-4.44713
7.202,-2.88388,-4.44713
7.203,-2.89002,-4.54508
7.204,-2.89309,-4.54508
7.205,-2.89922,-4.54508
7.206,-2.90229,-4.62391
7.207,-2.90843,-4.62391
7.208,-2.9115,-4.62391
7.209,-2.91763,-4.69821
7.21,-2.9207,-4.69821
7.211,-2.92684,-4.7762
7.212,-2.9299,-4.7762
7.213,-2.93604,-4.7762
7.214,-2.93911,-4.83265
7.215,-2.94524,-4.83265
7.216,-2.95138,-4.89962
7.217,-2.95445,-4.89962
7.218,-2.96058,-4.89962
7.219,-2.96672,-4.9615
7.22,-2.96979,-4.9615
7.221,-2.97592,-5.00375
7.222,-2.97899,-5.00375
7.223,-2.98513,-5.00375
7.224,-2.99126,-5.05387
7.225,-2.99433,-5.05387
7.226,-3.00047,-5.10538
7.227,-3.0066,-5.10538
7.228,-3.01274,-5.10538
7.229,-3.01581,-5.14873
7.23,-3.02194,-5.14873
7.231,-3.02808,-5.18012
7.232,-3.03115,-5.18012
7.233,-3.03728,-5.22015
7.234,-3.04342,-5.22015
7.235,-3.04649,-5.22015
7.236,-3.05262,-5.24597
7.237,-3.05876,-5.24597
7.238,-3.06489,-5.28023
7.239,-3.06796,-5.28023
7.24,-3.0741,-5.29469
7.241,-3.08023,-5.29469
7.242,-3.08637,-5.29469
7.243,-3.08944,-5.30754
7.244,-3.09557,-5.30754
7.245,-3.10171,-5.3511
7.246,-3.10478,-5.3511
7.247,-3.11091,-5.33994
7.248,-3.11705,-5.33994
7.249,-3.12318,-5.35401
7.25,-3.12625,-5.35401
7.251,-3.13239,-5.35401
7.252,-3.13852,-5.37918
7.253,3.13852,-5.37918
7.254,3.13546,-5.35427
7.255,3.12932,-5.35427
7.256,3.12318,-5.36256
7.257,3.11705,-5.36256
7.258,3.11398,-5.36256
7.259,3.10785,-5.37028
7.26,3.10171,-5.37028
7.261,3.09557,-5.34375
7.262,3.09251,-5.34375
7.263,3.08637,-5.34301
7.264,3.08023,-5.34301
7.265,3.0741,-5.33063
7.266,3.07103,-5.33063
7.267,3.06489,-5.33063
7.268,3.05876,-5.29752
7.269,3.05262,-5.29752
7.27,3.04955,-5.29368
7.271,3.04342,-5.29368
7.272,3.03728,-5.25717
7.273,3.03421,-5.25717
7.274,3.02808,-5.25717
7.275,3.02194,-5.22994
7.276,3.01887,-5.22994
7.277,3.01274,-5.20533
7.278,3.0066,-5.20533
7.279,3.00047,-5.15476
7.28,2.9974,-5.15476
7.281,2.99126,-5.15476
7.282,2.98819,-5.12273
7.283,2.98206,-5.12273
7.284,2.97592,-5.07868
7.285,2.97285,-5.07868
7.286,2.96672,-5.07868
7.287,2.96058,-5.02284
7.288,2.95751,-5.02284
7.289,2.95138,-4.98487
7.29,2.94524,-4.98487
7.291,2.94218,-4.98487
7.292,2.93604,-4.91256
7.293,2.93297,-4.91256
7.294,2.92684,-4.85394
7.295,2.92377,-4.85394
7.296,2.91763,-4.85394
7.297,2.9115,-4.80184
7.298,2.90843,-4.80184
7.299,2.90229,-4.7135
7.3,2.89922,-4.7135
7.301,2.89309,-4.7135
7.302,2.89002,-4.64542
7.303,2.88388,-4.64542
7.304,2.88082,-4.64542
7.305,2.87468,-4.57218
7.306,2.87161,-4.57218
7.307,2.86548,-4.47587
7.308,2.86241,-4.47587
7.309,2.85934,-4.47587
7.31,2.8532,-4.39066
7.311,2.85014,-4.39066
7.312,2.844,-4.39066
7.313,2.84093,-4.29659
7.314,2.83786,-4.29659
7.315,2.83173,-4.29659
7.316,2.82866,-4.18971
7.317,2.82559,-4.18971
7.318,2.81946,-4.18971
7.319,2.81639,-4.07676
7.32,2.81332,-4.07676
7.321,2.80718,-4.07676
7.322,2.80412,-3.97136
7.323,2.80105,-3.97136
7.324,2.79798,-3.97136
7.325,2.79185,-3.83114
7.326,2.78878,-3.83114
7.327,2.78571,-3.83114
7.328,2.78264,-3.83114
7.329,2.77957,-3.69238
7.33,2.77344,-3.69238
7.331,2.77037,-3.69238
7.332,2.7673,-3.56264
7.333,2.76423,-3.56264
7.334,2.76117,-3.56264
7.335,2.7581,-3.56264
7.336,2.75503,-3.38962
7.337,2.75196,-3.38962
7.338,2.74889,-3.38962
7.339,2.74583,-3.27261
7.34,2.74276,-3.22588
7.341,2.73969,-3.22588
7.342,2.73662,-3.22588
7.343,2.73355,-3.10048
7.344,2.73049,-3.0515
7.345,2.72742,-3.0515
7.346,2.72435,-3.0515
7.347,2.72128,-3.0515
7.348,2.71821,-2.83062
7.349,2.71515,-2.83062
7.35,2.71208,-2.83062
7.351,2.70901,-2.83062
7.352,2.70901,-2.66727
7.353,2.70594,-2.61518
7.354,2.70287,-2.61518
7.355,2.69981,-2.61518
7.356,2.69674,-2.61518
7.357,2.69674,-2.50479
7.358,2.69367,-2.3668
7.359,2.6906,-2.3668
7.36,2.6906,-2.3668
7.361,2.68753,-2.3668
7.362,2.68447,-2.3668
7.363,2.68447,-2.14805
7.364,2.6814,-2.07293
7.365,2.67833,-2.07293
7.366,2.67833,-2.07293
7.367,2.67526,-2.07293
7.368,2.67526,-2.07293
7.369,2.67219,-2.07293
7.37,2.67219,-1.81106
7.371,2.66913,-1.70816
7.372,2.66913,-1.70816
7.373,2.66606,-1.70816
7.374,2.66606,-1.70816
7.375,2.66299,-1.70816
7.376,2.66299,-1.70816
7.377,2.66299,-1.70816
7.378,2.65992,-1.61347
7.379,2.65992,-1.42411
7.38,2.65992,-1.27512
7.381,2.65685,-1.24332
7.382,2.65685,-1.24332
7.383,2.65685,-1.24332
7.384,2.65685,-1.24332
7.385,2.65379,-1.24332
7.386,2.65379,-1.24332
7.387,2.65379,-1.24332
7.388,2.65379,-1.24332
7.389,2.65379,-1.24332
7.39,2.65379,-1.24332
7.391,2.65072,-1.14127
7.392,2.65072,-1.044
7.393,2.65072,-0.962565
7.394,2.65072,-0.893979
7.395,2.65072,-0.832251
7.396,2.65072,-0.779129
7.397,2.65072,-0.732556
7.398,2.65072,-0.69128
7.399,2.65072,-0.65455
7.4,2.65072,-0.621253
7.401,2.65072,-0.591282
7.402,2.65072,-0.564221
7.403,2.65072,-0.539363
7.404,2.65072,-0.516755
7.405,2.65379,-0.504729
7.406,2.65379,-0.504729
7.407,2.65379,-0.504729
7.408,2.65379,-0.504729
7.409,2.65379,-0.504729
7.41,2.65685,-0.504729
7.411,2.65685,-0.504729
7.412,2.65685,-0.504729
7.413,2.65685,-0.504729
7.414,2.65685,-0.504729
7.415,2.65992,-0.504729
7.416,2.65992,-0.504729
7.417,2.66299,-0.504729
7.418,2.66299,-0.504729
7.419,2.66299,-0.504729
7.42,2.66606,0.821591
7.421,2.66606,0.821591
7.422,2.66913,0.821591
7.423,2.66913,0.821591
7.424,2.66913,0.821591
7.425,2.67219,0.821591
7.426,2.67219,0.821591
7.427,2.67526,0.821591
7.428,2.67833,1.46982
7.429,2.67833,1.46982
7.43,2.6814,1.46982
7.431,2.6814,1.46982
7.432,2.68447,1.46982
7.433,2.68753,1.46982
7.434,2.68753,1.46982
7.435,2.6906,1.87707
7.436,2.69367,1.87707
7.437,2.69367,1.87707
7.438,2.69674,1.87707
7.439,2.69981,1.87707
7.44,2.70287,2.19753
7.441,2.70287,2.19753
7.442,2.70594,2.19753
7.443,2.70901,2.19753
7.444,2.71208,2.19753
7.445,2.71515,2.46478
7.446,2.71515,2.46478
7.447,2.71821,2.46478
7.448,2.72128,2.46478
7.449,2.72435,2.46478
7.45,2.72742,2.71175
7.451,2.73049,2.71175
7.452,2.73355,2.71175
7.453,2.73662,2.71175
7.454,2.73969,2.92123
7.455,2.74276,2.92123
7.456,2.74583,2.92123
7.457,2.74889,2.92123
7.458,2.75196,3.10838
7.459,2.75503,3.10838
7.46,2.7581,3.10838
7.461,2.76117,3.10838
7.462,2.76423,3.2941
7.463,2.7673,3.2941
7.464,2.77037,3.2941
7.465,2.77651,3.44929
7.466,2.77957,3.44929
7.467,2.78264,3.44929
7.468,2.78571,3.44929
7.469,2.78878,3.59373
7.47,2.79185,3.59373
7.471,2.79798,3.59373
7.472,2.80105,3.74939
7.473,2.80412,3.74939
7.474,2.81025,3.74939
7.475,2.81332,3.86393
7.476,2.81639,3.86393
7.477,2.81946,3.86393
7.478,2.82559,3.98942
7.479,2.82866,3.98942
7.48,2.83173,3.98942
7.481,2.83786,4.1068
7.482,2.84093,4.1068
7.483,2.844,4.1068
7.484,2.85014,4.20895
7.485,2.8532,4.20895
7.486,2.85934,4.20895
7.487,2.86241,4.30597
7.488,2.86548,4.30597
7.489,2.87161,4.30597
7.49,2.87468,4.40235
7.491,2.88082,4.40235
7.492,2.88388,4.40235
7.493,2.89002,4.46831
7.494,2.89309,4.46831
7.495,2.89922,4.55107
7.496,2.90229,4.55107
7.497,2.90843,4.55107
7.498,2.9115,4.6522
7.499,2.91763,4.6522
7.5,2.9207,4.6522
7.501,2.92684,4.6904
7.502,2.9299,4.6904
7.503,2.93604,4.777
7.504,2.94218,4.777
7.505,2.94524,4.777
7.506,2.95138,4.85162
7.507,2.95445,4.85162
7.508,2.96058,4.89357
7.509,2.96672,4.89357
7.51,2.96979,4.89357
7.511,2.97592,4.92247
7.512,2.97899,4.92247
7.513,2.98513,4.8959
7.514,2.99126,4.8959
7.515,2.99433,4.8959
7.516,3.00047,4.78018
7.517,3.00353,4.78018
7.518,3.00967,5.1463
7.519,3.01581,5.1463
7.52,3.01887,5.1463
7.521,3.02501,5.11294
7.522,3.03115,5.11294
7.523,3.03728,5.16628
7.524,3.04035,5.16628
7.525,3.04649,5.20922
7.526,3.05262,5.20922
7.527,3.05569,5.20922
7.528,3.06183,5.22046
7.529,3.06796,5.22046
7.53,3.07103,5.25161
7.531,3.07717,5.25161
7.532,3.0833,5.26965
7.533,3.08944,5.26965
7.534,3.09251,5.26965
7.535,3.09864,5.27292
7.536,3.10478,5.27292
7.537,3.11091,5.29926
7.538,3.11398,5.29926
7.539,3.12012,5.30117
7.54,3.12625,5.30117
7.541,3.12932,5.30117
7.542,3.13546,5.29441
7.543,-3.14159,5.29441
7.544,-3.13546,5.32292
7.545,-3.13239,5.32292
7.546,-3.12625,5.3014
7.547,-3.12012,5.3014
7.548,-3.11398,5.29016
7.549,-3.11091,5.29016
7.55,-3.10478,5.29016
7.551,-3.09864,5.31019
7.552,-3.09557,5.31019
7.553,-3.08944,5.27223
7.554,-3.0833,5.27223
7.555,-3.07717,5.25958
7.556,-3.0741,5.25958
7.557,-3.06796,5.25958
7.558,-3.06183,5.25392
7.559,-3.05876,5.25392
7.56,-3.05262,5.21559
7.561,-3.04649,5.21559
7.562,-3.04342,5.21559
7.563,-3.03728,5.19657
7.564,-3.03115,5.19657
7.565,-3.02501,5.16528
7.566,-3.02194,5.16528
7.567,-3.01581,5.13392
7.568,-3.01274,5.13392
7.569,-3.0066,5.13392
7.57,-3.00047,5.09616
7.571,-2.9974,5.09616
7.572,-2.99126,5.05046
7.573,-2.98513,5.05046
7.574,-2.98206,5.05046
7.575,-2.97592,5.00339
7.576,-2.96979,5.00339
7.577,-2.96672,4.96175
7.578,-2.96058,4.96175
7.579,-2.95751,4.96175
7.58,-2.95138,4.90024
7.581,-2.94524,4.90024
7.582,-2.94218,4.8433
7.583,-2.93604,4.8433
7.584,-2.93297,4.8433
7.585,-2.92684,4.78849
7.586,-2.92377,4.78849
7.587,-2.91763,4.71551
7.588,-2.91456,4.71551
7.589,-2.90843,4.71551
7.59,-2.90536,4.643
7.591,-2.89922,4.643
7.592,-2.89616,4.643
7.593,-2.89002,4.5704
7.594,-2.88695,4.5704
7.595,-2.88082,4.47807
7.596,-2.87775,4.47807
7.597,-2.87161,4.47807
7.598,-2.86854,4.39744
7.599,-2.86548,4.39744
7.6,-2.85934,4.39744
7.601,-2.85627,4.30702
7.602,-2.85014,4.30702
7.603,-2.84707,4.30702
7.604,-2.844,4.19321
7.605,-2.83786,4.19321
7.606,-2.8348,4.19321
7.607,-2.83173,4.09558
7.608,-2.82559,4.09558
7.609,-2.82252,4.09558
7.61,-2.81946,3.98318
7.611,-2.81639,3.98318
7.612,-2.81025,3.98318
7.613,-2.80718,3.85577
7.614,-2.80412,3.85577
7.615,-2.80105,3.85577
7.616,-2.79491,3.72655
7.617,-2.79185,3.72655
7.618,-2.78878,3.72655
7.619,-2.78571,3.72655
7.62,-2.78264,3.58522
7.621,-2.77957,3.58522
7.622,-2.77651,3.58522
7.623,-2.77037,3.43538
7.624,-2.7673,3.43538
7.625,-2.76423,3.43538
7.626,-2.76117,3.43538
7.627,-2.7581,3.27556
7.628,-2.75503,3.27556
7.629,-2.75196,3.27556
7.63,-2.74889,3.27556
7.631,-2.74583,3.0918
7.632,-2.74276,3.0918
7.633,-2.73969,3.0918
7.634,-2.73662,3.0918
7.635,-2.73355,2.89809
7.636,-2.73049,2.89809
7.637,-2.73049,2.89809
7.638,-2.72742,2.89809
7.639,-2.72435,2.89809
7.64,-2.72128,2.68821
7.641,-2.71821,2.68821
7.642,-2.71515,2.68821
7.643,-2.71515,2.68821
7.644,-2.71208,2.68821
7.645,-2.70901,2.44578
7.646,-2.70594,2.44578
7.647,-2.70594,2.44578
7.648,-2.70287,2.44578
7.649,-2.69981,2.44578
7.65,-2.69981,2.23585
7.651,-2.69674,2.16597
7.652,-2.69367,2.16597
7.653,-2.69367,2.16597
7.654,-2.6906,2.16597
7.655,-2.6906,2.16597
7.656,-2.68753,2.09917
7.657,-2.68447,1.84857
7.658,-2.68447,1.84857
7.659,-2.6814,1.84857
7.66,-2.6814,1.84857
7.661,-2.67833,1.84857
7.662,-2.67833,1.84857
7.663,-2.67526,1.84857
7.664,-2.67526,1.69892
7.665,-2.67526,1.49191
7.666,-2.67219,1.43292
7.667,-2.67219,1.43292
7.668,-2.67219,1.43292
7.669,-2.66913,1.43292
7.67,-2.66913,1.43292
7.671,-2.66913,1.43292
7.672,-2.66606,1.43292
7.673,-2.66606,1.43292
7.674,-2.66606,1.41784
7.675,-2.66606,1.27076
7.676,-2.66299,1.15179
7.677,-2.66299,1.05284
7.678,-2.66299,0.969548
7.679,-2.66299,0.899083
7.68,-2.66299,0.837241
7.681,-2.66299,0.783898
7.682,-2.66299,0.736773
7.683,-2.65992,0.723838
7.684,-2.65992,0.723838
7.685,-2.65992,0.723838
7.686,-2.65992,0.723838
7.687,-2.65992,0.723838
7.688,-2.65992,0.723838
7.689,-2.65992,0.723838
7.69,-2.65992,0.723838
7.691,-2.65992,0.723838
7.692,-2.66299,0.723838
7.693,-2.66299,0.723838
7.694,-2.66299,0.723838
7.695,-2.66299,0.723838
7.696,-2.66299,0.723838
7.697,-2.66299,0.723838
7.698,-2.66299,0.723838
7.699,-2.66606,0.723838
7.7,-2.66606,-0.693209
7.701,-2.66606,-0.656298
7.702,-2.66913,-0.625237
7.703,-2.66913,-0.625237
7.704,-2.66913,-0.625237
7.705,-2.66913,-0.625237
7.706,-2.67219,-0.625237
7.707,-2.67219,-0.625237
7.708,-2.67219,-0.625237
7.709,-2.67526,-0.625237
7.71,-2.67526,-0.625237
7.711,-2.67833,-0.625237
7.712,-2.67833,-0.625237
7.713,-2.6814,-1.16172
7.714,-2.6814,-1.16172
7.715,-2.68447,-1.16172
7.716,-2.68447,-1.16172
7.717,-2.68753,-1.16172
7.718,-2.68753,-1.16172
7.719,-2.6906,-1.16172
7.72,-2.69367,-1.64873
7.721,-2.69367,-1.64873
7.722,-2.69674,-1.64873
7.723,-2.69674,-1.64873
7.724,-2.69981,-1.64873
7.725,-2.70287,-1.64873
7.726,-2.70287,-1.64873
7.727,-2.70594,-2.00957
7.728,-2.70901,-2.00957
7.729,-2.71208,-2.00957
7.73,-2.71208,-2.00957
7.731,-2.71515,-2.00957
7.732,-2.71821,-2.30786
7.733,-2.72128,-2.30786
7.734,-2.72435,-2.30786
7.735,-2.72435,-2.30786
7.736,-2.72742,-2.30786
7.737,-2.73049,-2.55346
7.738,-2.73355,-2.55346
7.739,-2.73662,-2.55346
7.74,-2.73969,-2.55346
7.741,-2.74276,-2.78109
7.742,-2.74583,-2.78109
7.743,-2.74889,-2.78109
7.744,-2.75196,-2.78109
7.745,-2.75503,-2.98853
7.746,-2.7581,-2.98853
7.747,-2.76117,-2.98853
7.748,-2.76423,-2.98853
7.749,-2.7673,-3.16803
7.75,-2.77037,-3.16803
7.751,-2.77344,-3.16803
7.752,-2.77651,-3.16803
7.753,-2.77957,-3.3385
7.754,-2.78264,-3.3385
7.755,-2.78878,-3.3385
7.756,-2.79185,-3.49191
7.757,-2.79491,-3.49191
7.758,-2.79798,-3.49191
7.759,-2.80105,-3.49191
7.76,-2.80718,-3.63851
7.761,-2.81025,-3.63851
7.762,-2.81332,-3.63851
7.763,-2.81639,-3.77557
7.764,-2.82252,-3.77557
7.765,-2.82559,-3.77557
7.766,-2.82866,-3.89821
7.767,-2.83173,-3.89821
7.768,-2.83786,-3.89821
7.769,-2.84093,-4.00835
7.77,-2.844,-4.00835
7.771,-2.85014,-4.00835
7.772,-2.8532,-4.13016
7.773,-2.85627,-4.13016
7.774,-2.86241,-4.13016
7.775,-2.86548,-4.22875
7.776,-2.87161,-4.22875
7.777,-2.87468,-4.22875
7.778,-2.87775,-4.31651
7.779,-2.88388,-4.31651
7.78,-2.88695,-4.31651
7.781,-2.89309,-4.41614
7.782,-2.89616,-4.41614
7.783,-2.90229,-4.49857
7.784,-2.90536,-4.49857
7.785,-2.9115,-4.49857
7.786,-2.91456,-4.57478
7.787,-2.9207,-4.57478
7.788,-2.92377,-4.57478
7.789,-2.9299,-4.65499
7.79,-2.93297,-4.65499
7.791,-2.93911,-4.71445
7.792,-2.94218,-4.71445
7.793,-2.94831,-4.71445
7.794,-2.95445,-4.78246
7.795,-2.95751,-4.78246
7.796,-2.96365,-4.84542
7.797,-2.96672,-4.84542
7.798,-2.97285,-4.84542
7.799,-2.97899,-4.88964
7.8,-2.98206,-4.88964
7.801,-2.98819,-4.94157
7.802,-2.99126,-4.94157
7.803,-2.9974,-4.94157
7.804,-3.00353,-4.99315
7.805,-3.0066,-4.99315
7.806,-3.01274,-5.0371
7.807,-3.01887,-5.0371
7.808,-3.02194,-5.0371
7.809,-3.02808,-5.06944
7.81,-3.03421,-5.06944
7.811,-3.03728,-5.10954
7.812,-3.04342,-5.10954
7.813,-3.04955,-5.13672
7.814,-3.05262,-5.13672
7.815,-3.05876,-5.13672
7.816,-3.06489,-5.17036
7.817,-3.06796,-5.17036
7.818,-3.0741,-5.18398
7.819,-3.08023,-5.18398
7.82,-3.0833,-5.18398
7.821,-3.08944,-5.19828
7.822,-3.09557,-5.19828
7.823,-3.10171,-5.23931
7.824,-3.10478,-5.23931
7.825,-3.11091,-5.22858
7.826,-3.11705,-5.22858
7.827,-3.12012,-5.22858
7.828,-3.12625,-5.24152
7.829,-3.13239,-5.24152
7.83,-3.13546,-5.26682
7.831,-3.14159,-5.26682
7.832,3.13546,-5.24192
7.833,3.12932,-5.24192
7.834,3.12625,-5.24192
7.835,3.12012,-5.2498
7.836,3.11398,-5.2498
7.837,3.11091,-5.25589
7.838,3.10478,-5.25589
7.839,3.09864,-5.22868
7.84,3.09251,-5.22868
7.841,3.08944,-5.22868
7.842,3.0833,-5.22827
7.843,3.07717,-5.22827
7.844,3.0741,-5.21485
7.845,3.06796,-5.21485
7.846,3.06183,-5.18039
7.847,3.05876,-5.18039
7.848,3.05262,-5.18039
7.849,3.04649,-5.17727
7.85,3.04035,-5.17727
7.851,3.03728,-5.14037
7.852,3.03115,-5.14037
7.853,3.02501,-5.11288
7.854,3.02194,-5.11288
7.855,3.01581,-5.11288
7.856,3.01274,-5.08777
7.857,3.0066,-5.08777
7.858,3.00047,-5.03877
7.859,2.9974,-5.03877
7.86,2.99126,-5.03877
7.861,2.98513,-5.00665
7.862,2.98206,-5.00665
7.863,2.97592,-4.96133
7.864,2.97285,-4.96133
7.865,2.96672,-4.96133
7.866,2.96058,-4.90541
7.867,2.95751,-4.90541
7.868,2.95138,-4.86613
7.869,2.94831,-4.86613
7.87,2.94218,-4.86613
7.871,2.93911,-4.79442
7.872,2.93297,-4.79442
7.873,2.92684,-4.73387
7.874,2.92377,-4.73387
7.875,2.91763,-4.73387
7.876,2.91456,-4.68096
7.877,2.90843,-4.68096
7.878,2.90536,-4.68096
7.879,2.89922,-4.59149
7.88,2.89616,-4.59149
7.881,2.89002,-4.52164
7.882,2.88695,-4.52164
7.883,2.88388,-4.52164
7.884,2.87775,-4.44476
7.885,2.87468,-4.44476
7.886,2.86854,-4.44476
7.887,2.86548,-4.34737
7.888,2.85934,-4.34737
7.889,2.85627,-4.34737
7.89,2.8532,-4.25943
7.891,2.84707,-4.25943
7.892,2.844,-4.25943
7.893,2.84093,-4.16106
7.894,2.8348,-4.16106
7.895,2.83173,-4.16106
7.896,2.82866,-4.05008
7.897,2.82252,-4.05008
7.898,2.81946,-4.05008
7.899,2.81639,-3.93202
7.9,2.81332,-3.93202
7.901,2.80718,-3.93202
7.902,2.80412,-3.82314
7.903,2.80105,-3.82314
7.904,2.79798,-3.82314
7.905,2.79491,-3.7299
7.906,2.78878,-3.67786
7.907,2.78571,-3.67786
7.908,2.78264,-3.67786
7.909,2.77957,-3.53525
7.91,2.77651,-3.53525
7.911,2.77344,-3.53525
7.912,2.77037,-3.521
7.913,2.7673,-3.39247
7.914,2.76423,-3.39247
7.915,2.7581,-3.39247
7.916,2.75503,-3.21656
7.917,2.75196,-3.21656
7.918,2.74889,-3.21656
7.919,2.74583,-3.21656
7.92,2.74276,-3.05334
7.921,2.74276,-3.03821
7.922,2.73969,-3.03821
7.923,2.73662,-3.03821
7.924,2.73355,-3.03821
7.925,2.73049,-2.85341
7.926,2.72742,-2.85341
7.927,2.72435,-2.85341
7.928,2.72128,-2.85341
7.929,2.71821,-2.62328
7.93,2.71821,-2.62328
7.931,2.71515,-2.62328
7.932,2.71208,-2.62328
7.933,2.70901,-2.62328
7.934,2.70901,-2.44325
7.935,2.70594,-2.38353
7.936,2.70287,-2.38353
7.937,2.70287,-2.38353
7.938,2.69981,-2.38353
7.939,2.69674,-2.38353
7.94,2.69367,-2.10058
7.941,2.69367,-2.10058
7.942,2.6906,-2.10058
7.943,2.6906,-2.10058
7.944,2.68753,-2.10058
7.945,2.68753,-2.10058
7.946,2.68447,-2.04329
7.947,2.6814,-1.7719
7.948,2.6814,-1.7719
7.949,2.6814,-1.7719
7.95,2.67833,-1.7719
7.951,2.67833,-1.7719
7.952,2.67526,-1.7719
7.953,2.67526,-1.7719
7.954,2.67219,-1.72455
7.955,2.67219,-1.51194
7.956,2.67219,-1.34653
7.957,2.66913,-1.33484
7.958,2.66913,-1.33484
7.959,2.66913,-1.33484
7.96,2.66606,-1.33484
7.961,2.66606,-1.33484
7.962,2.66606,-1.33484
7.963,2.66606,-1.33484
7.964,2.66299,-1.33484
7.965,2.66299,-1.33484
7.966,2.66299,-1.2382
7.967,2.66299,-1.12408
7.968,2.66299,-1.0333
7.969,2.66299,-0.950218
7.97,2.65992,-0.882411
7.971,2.65992,-0.82346
7.972,2.65992,-0.772663
7.973,2.65992,-0.726013
7.974,2.65992,-0.685669
7.975,2.65992,-0.649
7.976,2.65992,-0.617142
7.977,2.65992,-0.587719
7.978,2.65992,-0.560092
7.979,2.65992,-0.535819
7.98,2.66299,0.513399
7.981,2.66299,0.492518
7.982,2.66299,0.473661
7.983,2.66299,0.456233
7.984,2.66299,0.439862
7.985,2.66299,0.424777
7.986,2.66299,0.410675
7.987,2.66606,0.39863
7.988,2.66606,0.39863
7.989,2.66606,0.39863
7.99,2.66606,0.39863
7.991,2.66913,0.39863
7.992,2.66913,0.39863
7.993,2.66913,0.39863
7.994,2.66913,0.39863
7.995,2.67219,0.39863
7.996,2.67219,0.39863
7.997,2.67219,0.39863
7.998,2.67526,0.39863
7.999,2.67526,0.39863
8,2.67833,0.974597
8.001,2.67833,0.974597
8.002,2.6814,0.974597
8.003,2.6814,0.974597
8.004,2.68447,0.974597
8.005,2.68447,0.974597
8.006,2.68753,0.974597
8.007,2.68753,0.974597
8.008,2.6906,1.53631
8.009,2.6906,1.53631
8.01,2.69367,1.53631
8.011,2.69674,1.53631
8.012,2.69674,1.53631
8.013,2.69981,1.53631
8.014,2.70287,1.91456
8.015,2.70287,1.91456
8.016,2.70594,1.91456
8.017,2.70901,1.91456
8.018,2.70901,1.91456
8.019,2.71208,1.91456
8.02,2.71515,2.21745
8.021,2.71821,2.21745
8.022,2.72128,2.21745
8.023,2.72128,2.21745
8.024,2.72435,2.21745
8.025,2.72742,2.48618
8.026,2.73049,2.48618
8.027,2.73355,2.48618
8.028,2.73662,2.48618
8.029,2.73969,2.71338
8.03,2.74276,2.71338
8.031,2.74276,2.71338
8.032,2.74583,2.71338
8.033,2.74889,2.71338
8.034,2.75196,2.91276
8.035,2.75503,2.91276
8.036,2.7581,2.91276
8.037,2.76423,3.11102
8.038,2.7673,3.11102
8.039,2.77037,3.11102
8.04,2.77344,3.11102
8.041,2.77651,3.27482
8.042,2.77957,3.27482
8.043,2.78264,3.27482
8.044,2.78571,3.27482
8.045,2.78878,3.42649
8.046,2.79185,3.42649
8.047,2.79798,3.42649
8.048,2.80105,3.59132
8.049,2.80412,3.59132
8.05,2.80718,3.59132
8.051,2.81025,3.59132
8.052,2.81639,3.70699
8.053,2.81946,3.70699
8.054,2.82252,3.70699
8.055,2.82559,3.83957
8.056,2.83173,3.83957
8.057,2.8348,3.83957
8.058,2.83786,3.96404
8.059,2.844,3.96404
8.06,2.84707,3.96404
8.061,2.85014,4.06577
8.062,2.85627,4.06577
8.063,2.85934,4.06577
8.064,2.86241,4.15478
8.065,2.86854,4.15478
8.066,2.87161,4.15478
8.067,2.87775,4.27355
8.068,2.88082,4.27355
8.069,2.88388,4.27355
8.07,2.89002,4.34182
8.071,2.89309,4.34182
8.072,2.89922,4.42477
8.073,2.90229,4.42477
8.074,2.90843,4.42477
8.075,2.9115,4.50968
8.076,2.91763,4.50968
8.077,2.9207,4.50968
8.078,2.92684,4.58054
8.079,2.9299,4.58054
8.08,2.93604,4.64672
8.081,2.93911,4.64672
8.082,2.94524,4.64672
8.083,2.94831,4.72294
8.084,2.95445,4.72294
8.085,2.96058,4.77266
8.086,2.96365,4.77266
8.087,2.96979,4.77266
8.088,2.97285,4.81905
8.089,2.97899,4.81905
8.09,2.98206,4.81905
8.091,2.98819,4.8073
8.092,2.99126,4.8073
8.093,2.9974,4.68749
8.094,3.00353,4.68749
8.095,3.0066,4.68749
8.096,3.01274,4.97085
8.097,3.01581,4.97085
8.098,3.02194,4.98377
8.099,3.02808,4.98377
8.1,3.03115,4.98377
8.101,3.03728,5.05477
8.102,3.04342,5.05477
8.103,3.04649,5.09467
8.104,3.05262,5.09467
8.105,3.05876,5.10789
8.106,3.06183,5.10789
8.107,3.06796,5.10789
8.108,3.0741,5.13798
8.109,3.07717,5.13798
8.11,3.0833,5.15865
8.111,3.08944,5.15865
8.112,3.09251,5.15865
8.113,3.09864,5.16259
8.114,3.10478,5.16259
8.115,3.11091,5.19111
8.116,3.11398,5.19111
8.117,3.12012,5.19281
8.118,3.12625,5.19281
8.119,3.12932,5.19281
8.12,3.13546,5.18681
8.121,-3.14159,5.18681
8.122,-3.13852,5.21353
8.123,-3.13239,5.21353
8.124,-3.12625,5.19385
8.125,-3.12318,5.19385
8.126,-3.11705,5.19385
8.127,-3.11091,5.18273
8.128,-3.10478,5.18273
8.129,-3.10171,5.20248
8.13,-3.09557,5.20248
8.131,-3.08944,5.1641
8.132,-3.08637,5.1641
8.133,-3.08023,5.1641
8.134,-3.0741,5.15089
8.135,-3.07103,5.15089
8.136,-3.06489,5.14639
8.137,-3.05876,5.14639
8.138,-3.05569,5.14639
8.139,-3.04955,5.10762
8.14,-3.04342,5.10762
8.141,-3.04035,5.0878
8.142,-3.03421,5.0878
8.143,-3.02808,5.05644
8.144,-3.02501,5.05644
8.145,-3.01887,5.05644
8.146,-3.01274,5.02398
8.147,-3.00967,5.02398
8.148,-3.00353,4.98504
8.149,-3.00047,4.98504
8.15,-2.99433,4.98504
8.151,-2.98819,4.93853
8.152,-2.98513,4.93853
8.153,-2.97899,4.89064
8.154,-2.97592,4.89064
8.155,-2.96979,4.89064
8.156,-2.96365,4.84782
8.157,-2.96058,4.84782
8.158,-2.95445,4.78543
8.159,-2.95138,4.78543
8.16,-2.94524,4.78543
8.161,-2.94218,4.72681
8.162,-2.93604,4.72681
8.163,-2.93297,4.72681
8.164,-2.92684,4.67057
8.165,-2.92377,4.67057
8.166,-2.91763,4.59553
8.167,-2.91456,4.59553
8.168,-2.90843,4.59553
8.169,-2.90536,4.52145
8.17,-2.89922,4.52145
8.171,-2.89616,4.52145
8.172,-2.89002,4.44666
8.173,-2.88695,4.44666
8.174,-2.88388,4.44666
8.175,-2.87775,4.35189
8.176,-2.87468,4.35189
8.177,-2.86854,4.33432
8.178,-2.86548,4.26832
8.179,-2.86241,4.26832
8.18,-2.85627,4.17453
8.181,-2.8532,4.17453
8.182,-2.85014,4.17453
8.183,-2.844,4.0586
8.184,-2.84093,4.0586
8.185,-2.83786,4.0586
8.186,-2.8348,4.0586
8.187,-2.82866,3.95729
8.188,-2.82559,3.95729
8.189,-2.82252,3.95729
8.19,-2.81946,3.84075
8.191,-2.81332,3.84075
8.192,-2.81025,3.84075
8.193,-2.80718,3.70959
8.194,-2.80412,3.70959
8.195,-2.80105,3.70959
8.196,-2.79491,3.59386
8.197,-2.79185,3.57496
8.198,-2.78878,3.57496
8.199,-2.78571,3.57496
8.2,-2.78264,3.42768
8.201,-2.77957,3.42768
8.202,-2.77651,3.42768
8.203,-2.77344,3.42768
8.204,-2.77037,3.27
8.205,-2.7673,3.27
8.206,-2.76423,3.27
8.207,-2.76117,3.27
8.208,-2.7581,3.1015
8.209,-2.75503,3.1015
8.21,-2.75196,3.1015
8.211,-2.74889,3.1015
8.212,-2.74583,2.90809
8.213,-2.74276,2.90809
8.214,-2.73969,2.90809
8.215,-2.73662,2.90809
8.216,-2.73662,2.73892
8.217,-2.73355,2.70205
8.218,-2.73049,2.70205
8.219,-2.72742,2.70205
8.22,-2.72435,2.70205
8.221,-2.72435,2.50426
8.222,-2.72128,2.47504
8.223,-2.71821,2.47504
8.224,-2.71515,2.47504
8.225,-2.71515,2.47504
8.226,-2.71208,2.47415
8.227,-2.70901,2.20941
8.228,-2.70901,2.20941
8.229,-2.70594,2.20941
8.23,-2.70287,2.20941
8.231,-2.70287,2.20941
8.232,-2.69981,2.20941
8.233,-2.69981,1.91119
8.234,-2.69674,1.89637
8.235,-2.69367,1.89637
8.236,-2.69367,1.89637
8.237,-2.6906,1.89637
8.238,-2.6906,1.89637
8.239,-2.68753,1.89637
8.24,-2.68753,1.76867
8.241,-2.68753,1.54327
8.242,-2.68447,1.51763
8.243,-2.68447,1.51763
8.244,-2.6814,1.51763
8.245,-2.6814,1.51763
8.246,-2.6814,1.51763
8.247,-2.67833,1.51763
8.248,-2.67833,1.51763
8.249,-2.67833,1.51763
8.25,-2.67526,1.38424
8.251,-2.67526,1.24423
8.252,-2.67526,1.13144
8.253,-2.67526,1.03452
8.254,-2.67526,0.953971
8.255,-2.67219,0.941851
8.256,-2.67219,0.941851
8.257,-2.67219,0.941851
8.258,-2.67219,0.941851
8.259,-2.67219,0.941851
8.26,-2.67219,0.941851
8.261,-2.67219,0.941851
8.262,-2.67219,0.941851
8.263,-2.67219,0.941851
8.264,-2.66913,0.941851
8.265,-2.66913,0.941851
8.266,-2.66913,0.941851
8.267,-2.66913,0.941851
8.268,-2.67219,-0.888365
8.269,-2.67219,-0.827487
8.27,-2.67219,-0.774842
8.271,-2.67219,-0.729306
8.272,-2.67219,-0.689166
8.273,-2.67219,-0.651786
8.274,-2.67219,-0.619051
8.275,-2.67219,-0.589182
8.276,-2.67526,-0.56258
8.277,-2.67526,-0.53754
8.278,-2.67526,-0.514944
8.279,-2.67526,-0.494148
8.28,-2.67833,-0.474922
8.281,-2.67833,-0.457213
8.282,-2.67833,-0.440862
8.283,-2.6814,-0.425667
8.284,-2.6814,-0.425667
8.285,-2.6814,-0.425667
8.286,-2.6814,-0.425667
8.287,-2.68447,-0.425667
8.288,-2.68447,-0.425667
8.289,-2.68753,-0.425667
8.29,-2.68753,-0.425667
8.291,-2.6906,-0.425667
8.292,-2.6906,-0.425667
8.293,-2.69367,-1.26584
8.294,-2.69367,-1.26584
8.295,-2.69674,-1.26584
8.296,-2.69674,-1.26584
8.297,-2.69981,-1.26584
8.298,-2.69981,-1.26584
8.299,-2.70287,-1.26584
8.3,-2.70594,-1.71467
8.301,-2.70594,-1.71467
8.302,-2.70901,-1.71467
8.303,-2.70901,-1.71467
8.304,-2.71208,-1.71467
8.305,-2.71515,-1.71467
8.306,-2.71821,-2.05708
8.307,-2.71821,-2.05708
8.308,-2.72128,-2.05708
8.309,-2.72435,-2.05708
8.31,-2.72742,-2.05708
8.311,-2.72742,-2.05708
8.312,-2.73049,-2.33192
8.313,-2.73355,-2.33192
8.314,-2.73662,-2.33192
8.315,-2.73969,-2.33192
8.316,-2.74276,-2.57889
8.317,-2.74276,-2.57889
8.318,-2.74583,-2.57889
8.319,-2.74889,-2.57889
8.32,-2.75196,-2.57889
8.321,-2.75503,-2.80202
8.322,-2.7581,-2.80202
8.323,-2.76117,-2.80202
8.324,-2.76423,-2.80202
8.325,-2.7673,-2.99288
8.326,-2.77037,-2.99288
8.327,-2.77344,-2.99288
8.328,-2.77651,-2.99288
8.329,-2.77957,-3.17265
8.33,-2.78264,-3.17265
8.331,-2.78878,-3.17265
8.332,-2.79185,-3.33383
8.333,-2.79491,-3.33383
8.334,-2.79798,-3.33383
8.335,-2.80105,-3.33383
8.336,-2.80412,-3.48735
8.337,-2.80718,-3.48735
8.338,-2.81332,-3.48735
8.339,-2.81639,-3.63081
8.34,-2.81946,-3.63081
8.341,-2.82252,-3.63081
8.342,-2.82559,-3.63081
8.343,-2.83173,-3.7588
8.344,-2.8348,-3.7588
8.345,-2.83786,-3.7588
8.346,-2.84093,-3.87422
8.347,-2.84707,-3.87422
8.348,-2.85014,-3.87422
8.349,-2.8532,-3.99939
8.35,-2.85934,-3.99939
8.351,-2.86241,-3.99939
8.352,-2.86548,-4.10191
8.353,-2.87161,-4.10191
8.354,-2.87468,-4.10191
8.355,-2.88082,-4.19339
8.356,-2.88388,-4.19339
8.357,-2.88695,-4.19339
8.358,-2.89309,-4.29609
8.359,-2.89616,-4.29609
8.36,-2.90229,-4.3808
8.361,-2.90536,-4.3808
8.362,-2.9115,-4.3808
8.363,-2.91456,-4.45974
8.364,-2.9207,-4.45974
8.365,-2.92377,-4.45974
8.366,-2.92684,-4.54181
8.367,-2.93297,-4.54181
8.368,-2.93911,-4.60187
8.369,-2.94218,-4.60187
8.37,-2.94831,-4.60187
8.371,-2.95138,-4.67271
8.372,-2.95751,-4.67271
8.373,-2.96058,-4.67271
8.374,-2.96672,-4.73768
8.375,-2.96979,-4.73768
8.376,-2.97592,-4.78243
8.377,-2.97899,-4.78243
8.378,-2.98513,-4.78243
8.379,-2.99126,-4.83553
8.38,-2.99433,-4.83553
8.381,-3.00047,-4.88783
8.382,-3.00353,-4.88783
8.383,-3.00967,-4.88783
8.384,-3.01581,-4.93261
8.385,-3.01887,-4.93261
8.386,-3.02501,-4.96467
8.387,-3.02808,-4.96467
8.388,-3.03421,-4.96467
8.389,-3.04035,-5.00531
8.39,-3.04342,-5.00531
8.391,-3.04955,-5.0332
8.392,-3.05569,-5.0332
8.393,-3.05876,-5.0332
8.394,-3.06489,-5.06697
8.395,-3.07103,-5.06697
8.396,-3.0741,-5.0804
8.397,-3.08023,-5.0804
8.398,-3.08637,-5.09584
8.399,-3.08944,-5.09584
8.4,-3.09557,-5.09584
8.401,-3.10171,-5.13696
8.402,-3.10478,-5.13696
8.403,-3.11091,-5.1262
8.404,-3.11705,-5.1262
8.405,-3.12012,-5.1262
8.406,-3.12625,-5.1389
8.407,-3.13239,-5.1389
8.408,-3.13546,-5.16317
8.409,-3.14159,-5.16317
8.41,3.13546,-5.13881
8.411,3.13239,-5.13881
8.412,3.12625,-5.13881
8.413,3.12012,-5.14594
8.414,3.11705,-5.14594
8.415,3.11091,-5.15287
8.416,3.10478,-5.15287
8.417,3.09864,-5.1257
8.418,3.09557,-5.1257
8.419,3.08944,-5.1257
8.42,3.08637,-5.12481
8.421,3.08023,-5.12481
8.422,3.0741,-5.11132
8.423,3.07103,-5.11132
8.424,3.06489,-5.11132
8.425,3.05876,-5.07637
8.426,3.05569,-5.07637
8.427,3.04955,-5.07215
8.428,3.04342,-5.07215
8.429,3.04035,-5.07215
8.43,3.03421,-5.03555
8.431,3.02808,-5.03555
8.432,3.02501,-5.00577
8.433,3.01887,-5.00577
8.434,3.01274,-4.98029
8.435,3.00967,-4.98029
8.436,3.00353,-4.98029
8.437,3.00047,-4.92947
8.438,2.99433,-4.92947
8.439,2.98819,-4.89639
8.44,2.98513,-4.89639
8.441,2.97899,-4.89639
8.442,2.97592,-4.85101
8.443,2.96979,-4.85101
8.444,2.96672,-4.85101
8.445,2.96058,-4.79416
8.446,2.95751,-4.79416
8.447,2.95138,-4.75246
8.448,2.94524,-4.75246
8.449,2.94218,-4.75246
8.45,2.93604,-4.67999
8.451,2.93297,-4.67999
8.452,2.92684,-4.61934
8.453,2.92377,-4.61934
8.454,2.91763,-4.61934
8.455,2.91456,-4.56346
8.456,2.9115,-4.56346
8.457,2.90536,-4.56346
8.458,2.90229,-4.47261
8.459,2.89616,-4.47261
8.46,2.89309,-4.47261
8.461,2.88695,-4.40114
8.462,2.88388,-4.40114
8.463,2.87775,-4.32289
8.464,2.87468,-4.32289
8.465,2.87161,-4.32289
8.466,2.86548,-4.22348
8.467,2.86241,-4.22348
8.468,2.85934,-4.22348
8.469,2.8532,-4.13166
8.47,2.85014,-4.13166
8.471,2.84707,-4.13166
8.472,2.84093,-4.02965
8.473,2.83786,-4.02965
8.474,2.8348,-4.02965
8.475,2.83173,-3.96258
8.476,2.82559,-3.91722
8.477,2.82252,-3.91722
8.478,2.81946,-3.91722
8.479,2.81639,-3.79501
8.48,2.81025,-3.79501
8.481,2.80718,-3.79501
8.482,2.80412,-3.67938
8.483,2.80105,-3.67938
8.484,2.79798,-3.67938
8.485,2.79491,-3.6091
8.486,2.79185,-3.52949
8.487,2.78571,-3.52949
8.488,2.78264,-3.52949
8.489,2.77957,-3.38228
8.49,2.77651,-3.38228
8.491,2.77344,-3.38228
8.492,2.77037,-3.38228
8.493,2.7673,-3.23081
8.494,2.76423,-3.23081
8.495,2.76117,-3.23081
8.496,2.7581,-3.23081
8.497,2.75503,-3.04589
8.498,2.75196,-3.04589
8.499,2.74889,-3.04589
8.5,2.74583,-3.04589
8.501,2.74276,-2.8604
8.502,2.74276,-2.8604
8.503,2.73969,-2.8604
8.504,2.73662,-2.8604
8.505,2.73355,-2.8604
8.506,2.73049,-2.6594
8.507,2.72742,-2.6594
8.508,2.72435,-2.6594
8.509,2.72435,-2.6594
8.51,2.72128,-2.6594
8.511,2.71821,-2.41262
8.512,2.71515,-2.41262
8.513,2.71515,-2.41262
8.514,2.71208,-2.41262
8.515,2.70901,-2.41262
8.516,2.70901,-2.24087
8.517,2.70594,-2.1513
8.518,2.70287,-2.1513
8.519,2.70287,-2.1513
8.52,2.69981,-2.1513
8.521,2.69981,-2.1513
8.522,2.69674,-2.13488
8.523,2.69367,-1.8368
8.524,2.69367,-1.8368
8.525,2.6906,-1.8368
8.526,2.6906,-1.8368
8.527,2.68753,-1.8368
8.528,2.68753,-1.8368
8.529,2.68753,-1.8368
8.53,2.68447,-1.73844
8.531,2.68447,-1.51971
8.532,2.6814,-1.42779
8.533,2.6814,-1.42779
8.534,2.6814,-1.42779
8.535,2.67833,-1.42779
8.536,2.67833,-1.42779
8.537,2.67833,-1.42779
8.538,2.67526,-1.42779
8.539,2.67526,-1.42779
8.54,2.67526,-1.42779
8.541,2.67526,-1.29156
8.542,2.67219,-1.16881
8.543,2.67219,-1.06756
8.544,2.67219,-0.98203
8.545,2.67219,-0.908944
8.546,2.67219,-0.848108
8.547,2.67219,-0.793515
8.548,2.66913,-0.775301
8.549,2.66913,-0.775301
8.55,2.66913,-0.775301
8.551,2.66913,-0.775301
8.552,2.66913,-0.775301
8.553,2.66913,-0.775301
8.554,2.66913,-0.775301
8.555,2.66913,-0.775301
8.556,2.66913,-0.775301
8.557,2.66913,-0.775301
8.558,2.66913,-0.775301
8.559,2.66913,-0.775301
8.56,2.67219,-0.775301
8.561,2.67219,-0.775301
8.562,2.67219,-0.775301
8.563,2.67219,-0.775301
8.564,2.67219,0.73606
8.565,2.67526,0.694353
8.566,2.67526,0.657177
8.567,2.67526,0.62459
8.568,2.67526,0.593629
8.569,2.67833,0.574585
8.57,2.67833,0.574585
8.571,2.67833,0.574585
8.572,2.6814,0.574585
8.573,2.6814,0.574585
8.574,2.6814,0.574585
8.575,2.6814,0.574585
8.576,2.68447,0.574585
8.577,2.68447,0.574585
8.578,2.68753,0.574585
8.579,2.68753,0.574585
8.58,2.6906,1.11977
8.581,2.6906,1.11977
8.582,2.69367,1.11977
8.583,2.69367,1.11977
8.584,2.69674,1.11977
8.585,2.69674,1.11977
8.586,2.69981,1.11977
8.587,2.69981,1.11977
8.588,2.70287,1.60951
8.589,2.70594,1.60951
8.59,2.70594,1.60951
8.591,2.70901,1.60951
8.592,2.70901,1.60951
8.593,2.71208,1.60951
8.594,2.71515,1.96267
8.595,2.71821,1.96267
8.596,2.71821,1.96267
8.597,2.72128,1.96267
8.598,2.72435,1.96267
8.599,2.72742,2.26108
8.6,2.72742,2.26108
8.601,2.73049,2.26108
8.602,2.73355,2.26108
8.603,2.73662,2.26108
8.604,2.73969,2.50942
8.605,2.74276,2.50942
8.606,2.74276,2.50942
8.607,2.74583,2.50942
8.608,2.74889,2.50942
8.609,2.75196,2.72522
8.61,2.75503,2.72522
8.611,2.7581,2.72522
8.612,2.76117,2.72522
8.613,2.76423,2.93317
8.614,2.7673,2.93317
8.615,2.77037,2.93317
8.616,2.77344,2.93317
8.617,2.77651,3.10844
8.618,2.77957,3.10844
8.619,2.78264,3.10844
8.62,2.78571,3.10844
8.621,2.78878,3.26772
8.622,2.79185,3.26772
8.623,2.79798,3.26772
8.624,2.80105,3.43557
8.625,2.80412,3.43557
8.626,2.80718,3.43557
8.627,2.81025,3.43557
8.628,2.81332,3.56639
8.629,2.81946,3.56639
8.63,2.82252,3.56639
8.631,2.82559,3.69677
8.632,2.82866,3.69677
8.633,2.8348,3.69677
8.634,2.83786,3.82686
8.635,2.84093,3.82686
8.636,2.844,3.82686
8.637,2.85014,3.93623
8.638,2.8532,3.93623
8.639,2.85627,3.93623
8.64,2.86241,4.03965
8.641,2.86548,4.03965
8.642,2.86854,4.03965
8.643,2.87468,4.1404
8.644,2.87775,4.1404
8.645,2.88082,4.1404
8.646,2.88695,4.22469
8.647,2.89002,4.22469
8.648,2.89616,4.22469
8.649,2.89922,4.30961
8.65,2.90229,4.30961
8.651,2.90843,4.30961
8.652,2.9115,4.38842
8.653,2.91763,4.38842
8.654,2.9207,4.38842
8.655,2.92684,4.46084
8.656,2.9299,4.46084
8.657,2.93604,4.53591
8.658,2.93911,4.53591
8.659,2.94524,4.53591
8.66,2.94831,4.61299
8.661,2.95445,4.61299
8.662,2.95751,4.61299
8.663,2.96365,4.65445
8.664,2.96672,4.65445
8.665,2.97285,4.70429
8.666,2.97592,4.70429
8.667,2.98206,4.70429
8.668,2.98513,4.71543
8.669,2.99126,4.71543
8.67,2.99433,4.71543
8.671,3.00047,4.62764
8.672,3.0066,4.62764
8.673,3.00967,4.828
8.674,3.01581,4.828
8.675,3.01887,4.828
8.676,3.02501,4.87359
8.677,3.03115,4.87359
8.678,3.03421,4.94893
8.679,3.04035,4.94893
8.68,3.04342,4.94893
8.681,3.04955,4.99213
8.682,3.05569,4.99213
8.683,3.05876,5.00611
8.684,3.06489,5.00611
8.685,3.07103,5.03612
8.686,3.0741,5.03612
8.687,3.08023,5.03612
8.688,3.08637,5.05679
8.689,3.08944,5.05679
8.69,3.09557,5.06145
8.691,3.09864,5.06145
8.692,3.10478,5.06145
8.693,3.11091,5.09041
8.694,3.11398,5.09041
8.695,3.12012,5.09161
8.696,3.12625,5.09161
8.697,3.12932,5.09161
8.698,3.13546,5.08587
8.699,-3.14159,5.08587
8.7,-3.13852,5.11191
8.701,-3.13239,5.11191
8.702,-3.12625,5.0929
8.703,-3.12318,5.0929
8.704,-3.11705,5.0929
8.705,-3.11091,5.08145
8.706,-3.10785,5.08145
8.707,-3.10171,5.09922
8.708,-3.09557,5.09922
8.709,-3.09251,5.09922
8.71,-3.08637,5.06131
8.711,-3.08023,5.06131
8.712,-3.07717,5.04827
8.713,-3.07103,5.04827
8.714,-3.06489,5.04196
8.715,-3.06183,5.04196
8.716,-3.05569,5.04196
8.717,-3.04955,5.00307
8.718,-3.04649,5.00307
8.719,-3.04035,4.98138
8.72,-3.03728,4.98138
8.721,-3.03115,4.98138
8.722,-3.02501,4.95021
8.723,-3.02194,4.95021
8.724,-3.01581,4.91674
8.725,-3.01274,4.91674
8.726,-3.0066,4.91674
8.727,-3.00047,4.87623
8.728,-2.9974,4.87623
8.729,-2.99126,4.82869
8.73,-2.98819,4.82869
8.731,-2.98206,4.82869
8.732,-2.97899,4.7802
8.733,-2.97285,4.7802
8.734,-2.96979,4.7802
8.735,-2.96365,4.73524
8.736,-2.96058,4.73524
8.737,-2.95445,4.67197
8.738,-2.95138,4.67197
8.739,-2.94524,4.67197
8.74,-2.93911,4.61119
8.741,-2.93604,4.61119
8.742,-2.93297,4.61119
8.743,-2.92684,4.55316
8.744,-2.92377,4.55316
8.745,-2.91763,4.47662
8.746,-2.91456,4.47662
8.747,-2.90843,4.47662
8.748,-2.90536,4.40031
8.749,-2.90229,4.40031
8.75,-2.89616,4.40031
8.751,-2.89309,4.32232
8.752,-2.88695,4.32232
8.753,-2.88388,4.32232
8.754,-2.88082,4.22643
8.755,-2.87468,4.22643
8.756,-2.87161,4.22643
8.757,-2.86854,4.1396
8.758,-2.86241,4.1396
8.759,-2.85934,4.1396
8.76,-2.85627,4.04361
8.761,-2.85014,4.04361
8.762,-2.84707,4.04361
8.763,-2.844,3.92455
8.764,-2.84093,3.92455
8.765,-2.8348,3.92455
8.766,-2.83173,3.81858
8.767,-2.82866,3.81858
8.768,-2.82559,3.81858
8.769,-2.81946,3.69883
8.77,-2.81639,3.69883
8.771,-2.81332,3.69883
8.772,-2.81025,3.69883
8.773,-2.80718,3.56248
8.774,-2.80412,3.56248
8.775,-2.80105,3.56248
8.776,-2.79491,3.44141
8.777,-2.79185,3.42283
8.778,-2.78878,3.42283
8.779,-2.78571,3.42283
8.78,-2.78264,3.26967
8.781,-2.77957,3.26967
8.782,-2.77651,3.26967
8.783,-2.77344,3.26967
8.784,-2.77037,3.10459
8.785,-2.7673,3.10459
8.786,-2.76423,3.10459
8.787,-2.76117,3.10459
8.788,-2.7581,2.92769
8.789,-2.75503,2.92769
8.79,-2.75503,2.92769
8.791,-2.75196,2.92769
8.792,-2.74889,2.92769
8.793,-2.74583,2.72132
8.794,-2.74276,2.72132
8.795,-2.73969,2.72132
8.796,-2.73969,2.72132
8.797,-2.73662,2.67729
8.798,-2.73355,2.49945
8.799,-2.73049,2.49945
8.8,-2.73049,2.49945
8.801,-2.72742,2.49945
8.802,-2.72435,2.49945
8.803,-2.72128,2.25208
8.804,-2.72128,2.25208
8.805,-2.71821,2.25208
8.806,-2.71515,2.25208
8.807,-2.71515,2.25208
8.808,-2.71208,2.25208
8.809,-2.71208,1.97085
8.81,-2.70901,1.95656
8.811,-2.70594,1.95656
8.812,-2.70594,1.95656
8.813,-2.70287,1.95656
8.814,-2.70287,1.95656
8.815,-2.69981,1.95656
8.816,-2.69981,1.7668
8.817,-2.69674,1.59281
8.818,-2.69674,1.59281
8.819,-2.69367,1.59281
8.82,-2.69367,1.59281
8.821,-2.69367,1.59281
8.822,-2.6906,1.59281
8.823,-2.6906,1.59281
8.824,-2.6906,1.59281
8.825,-2.68753,1.48713
8.826,-2.68753,1.32616
8.827,-2.68753,1.19774
8.828,-2.68447,1.09818
8.829,-2.68447,1.09818
8.83,-2.68447,1.09818
8.831,-2.68447,1.09818
8.832,-2.68447,1.09818
8.833,-2.6814,1.09818
8.834,-2.6814,1.09818
8.835,-2.6814,1.09818
8.836,-2.6814,1.09818
8.837,-2.6814,1.09818
8.838,-2.6814,1.09818
8.839,-2.6814,1.09818
8.84,-2.6814,1.01816
8.841,-2.6814,0.939378
8.842,-2.6814,0.873073
8.843,-2.6814,0.813751
8.844,-2.6814,0.763206
8.845,-2.6814,0.718885
8.846,-2.6814,0.678549
8.847,-2.6814,0.643234
8.848,-2.6814,0.610966
8.849,-2.6814,0.582964
8.85,-2.6814,0.556377
8.851,-2.6814,0.532207
8.852,-2.6814,0.509729
8.853,-2.6814,0.489861
8.854,-2.68447,-0.470553
8.855,-2.68447,-0.453128
8.856,-2.68447,-0.437368
8.857,-2.68447,-0.422244
8.858,-2.68753,-0.407964
8.859,-2.68753,-0.395077
8.86,-2.68753,-0.382525
8.861,-2.6906,-0.371184
8.862,-2.6906,-0.360136
8.863,-2.6906,-0.349862
8.864,-2.69367,-0.345061
8.865,-2.69367,-0.345061
8.866,-2.69367,-0.345061
8.867,-2.69674,-0.345061
8.868,-2.69674,-0.345061
8.869,-2.69981,-0.345061
8.87,-2.69981,-0.345061
8.871,-2.70287,-0.345061
8.872,-2.70287,-0.345061
8.873,-2.70594,-1.3711
8.874,-2.70594,-1.3711
8.875,-2.70901,-1.3711
8.876,-2.70901,-1.3711
8.877,-2.71208,-1.3711
8.878,-2.71515,-1.3711
8.879,-2.71515,-1.3711
8.88,-2.71821,-1.78342
8.881,-2.72128,-1.78342
8.882,-2.72128,-1.78342
8.883,-2.72435,-1.78342
8.884,-2.72742,-1.78342
8.885,-2.72742,-1.78342
8.886,-2.73049,-2.09715
8.887,-2.73355,-2.09715
8.888,-2.73662,-2.09715
8.889,-2.73662,-2.09715
8.89,-2.73969,-2.09715
8.891,-2.74276,-2.36918
8.892,-2.74583,-2.36918
8.893,-2.74889,-2.36918
8.894,-2.75196,-2.36918
8.895,-2.75196,-2.36918
8.896,-2.75503,-2.60863
8.897,-2.7581,-2.60863
8.898,-2.76117,-2.60863
8.899,-2.76423,-2.60863
8.9,-2.7673,-2.8136
8.901,-2.77037,-2.8136
8.902,-2.77344,-2.8136
8.903,-2.77651,-2.8136
8.904,-2.77957,-3.00462
8.905,-2.78264,-3.00462
8.906,-2.78571,-3.00462
8.907,-2.78878,-3.00462
8.908,-2.79185,-3.17438
8.909,-2.79491,-3.17438
8.91,-2.79798,-3.17438
8.911,-2.80105,-3.17438
8.912,-2.80718,-3.33521
8.913,-2.81025,-3.33521
8.914,-2.81332,-3.33521
8.915,-2.81639,-3.48387
8.916,-2.81946,-3.48387
8.917,-2.82252,-3.48387
8.918,-2.82866,-3.61701
8.919,-2.83173,-3.61701
8.92,-2.8348,-3.61701
8.921,-2.83786,-3.61701
8.922,-2.84093,-3.73626
8.923,-2.84707,-3.73626
8.924,-2.85014,-3.73626
8.925,-2.8532,-3.86462
8.926,-2.85627,-3.86462
8.927,-2.86241,-3.86462
8.928,-2.86548,-3.97063
8.929,-2.86854,-3.97063
8.93,-2.87468,-3.97063
8.931,-2.87775,-4.06523
8.932,-2.88082,-4.06523
8.933,-2.88695,-4.06523
8.934,-2.89002,-4.17024
8.935,-2.89616,-4.17024
8.936,-2.89922,-4.17024
8.937,-2.90229,-4.25685
8.938,-2.90843,-4.25685
8.939,-2.9115,-4.25685
8.94,-2.91763,-4.3376
8.941,-2.9207,-4.3376
8.942,-2.92684,-4.42191
8.943,-2.9299,-4.42191
8.944,-2.93297,-4.42191
8.945,-2.93911,-4.48462
8.946,-2.94218,-4.48462
8.947,-2.94831,-4.48462
8.948,-2.95138,-4.5557
8.949,-2.95751,-4.5557
8.95,-2.96058,-4.5557
8.951,-2.96672,-4.6219
8.952,-2.96979,-4.6219
8.953,-2.97592,-4.66834
8.954,-2.98206,-4.66834
8.955,-2.98513,-4.66834
8.956,-2.99126,-4.72322
8.957,-2.99433,-4.72322
8.958,-3.00047,-4.77617
8.959,-3.00353,-4.77617
8.96,-3.00967,-4.77617
8.961,-3.01274,-4.82284
8.962,-3.01887,-4.82284
8.963,-3.02501,-4.85645
8.964,-3.02808,-4.85645
8.965,-3.03421,-4.85645
8.966,-3.03728,-4.89875
8.967,-3.04342,-4.89875
8.968,-3.04955,-4.92672
8.969,-3.05262,-4.92672
8.97,-3.05876,-4.92672
8.971,-3.06183,-4.96197
8.972,-3.06796,-4.96197
8.973,-3.0741,-4.97723
8.974,-3.07717,-4.97723
8.975,-3.0833,-4.97723
8.976,-3.08944,-4.9929
8.977,-3.09251,-4.9929
8.978,-3.09864,-5.03392
8.979,-3.10478,-5.03392
8.98,-3.10785,-5.03392
8.981,-3.11398,-5.02561
8.982,-3.11705,-5.02561
8.983,-3.12318,-5.03931
8.984,-3.12932,-5.03931
8.985,-3.13239,-5.03931
8.986,-3.13852,-5.06406
8.987,3.13852,-5.06406
8.988,3.13546,-5.04104
8.989,3.12932,-5.04104
8.99,3.12318,-5.04896
8.991,3.12012,-5.04896
8.992,3.11398,-5.04896
8.993,3.10785,-5.05676
8.994,3.10478,-5.05676
8.995,3.09864,-5.02967
8.996,3.09557,-5.02967
8.997,3.08944,-5.02967
8.998,3.0833,-5.02873
8.999,3.08023,-5.02873
9,3.0741,-5.01605
9.001,3.06796,-5.01605
9.002,3.06489,-5.01605
9.003,3.05876,-4.98287
9.004,3.05262,-4.98287
9.005,3.04955,-4.9774
9.006,3.04342,-4.9774
9.007,3.04035,-4.9774
9.008,3.03421,-4.94085
9.009,3.02808,-4.94085
9.01,3.02501,-4.90912
9.011,3.01887,-4.90912
9.012,3.01581,-4.90912
9.013,3.00967,-4.88254
9.014,3.0066,-4.88254
9.015,3.00047,-4.83204
9.016,2.99433,-4.83204
9.017,2.99126,-4.83204
9.018,2.98513,-4.79627
9.019,2.98206,-4.79627
9.02,2.97592,-4.74863
9.021,2.97285,-4.74863
9.022,2.96672,-4.74863
9.023,2.96365,-4.69067
9.024,2.95751,-4.69067
9.025,2.95445,-4.69067
9.026,2.94831,-4.64537
9.027,2.94524,-4.64537
9.028,2.93911,-4.5727
9.029,2.93604,-4.5727
9.03,2.9299,-4.5727
9.031,2.92684,-4.50821
9.032,2.9207,-4.50821
9.033,2.91763,-4.50821
9.034,2.9115,-4.45082
9.035,2.90843,-4.45082
9.036,2.90229,-4.41939
9.037,2.89922,-4.35663
9.038,2.89616,-4.35663
9.039,2.89002,-4.28204
9.04,2.88695,-4.28204
9.041,2.88388,-4.28204
9.042,2.87775,-4.19985
9.043,2.87468,-4.19985
9.044,2.87161,-4.19985
9.045,2.86548,-4.09748
9.046,2.86241,-4.09748
9.047,2.85934,-4.09748
9.048,2.8532,-4.00307
9.049,2.85014,-4.00307
9.05,2.84707,-4.00307
9.051,2.84093,-3.91438
9.052,2.83786,-3.89754
9.053,2.8348,-3.89754
9.054,2.83173,-3.89754
9.055,2.82866,-3.78086
9.056,2.82252,-3.78086
9.057,2.81946,-3.78086
9.058,2.81639,-3.6549
9.059,2.81332,-3.6549
9.06,2.81025,-3.6549
9.061,2.80718,-3.62375
9.062,2.80412,-3.53493
9.063,2.79798,-3.53493
9.064,2.79491,-3.53493
9.065,2.79185,-3.38034
9.066,2.78878,-3.38034
9.067,2.78571,-3.38034
9.068,2.78264,-3.38034
9.069,2.77957,-3.22681
9.07,2.77651,-3.22681
9.071,2.77344,-3.22681
9.072,2.77037,-3.22681
9.073,2.7673,-3.0677
9.074,2.76423,-3.0677
9.075,2.76117,-3.0677
9.076,2.7581,-3.0677
9.077,2.75503,-2.87749
9.078,2.75196,-2.87749
9.079,2.75196,-2.87749
9.08,2.74889,-2.87749
9.081,2.74583,-2.87749
9.082,2.74276,-2.67694
9.083,2.73969,-2.67694
9.084,2.73662,-2.67694
9.085,2.73662,-2.67694
9.086,2.73355,-2.64822
9.087,2.73049,-2.45966
9.088,2.72742,-2.45966
9.089,2.72742,-2.45966
9.09,2.72435,-2.45966
9.091,2.72128,-2.45966
9.092,2.71821,-2.19266
9.093,2.71821,-2.19266
9.094,2.71515,-2.19266
9.095,2.71515,-2.19266
9.096,2.71208,-2.19266
9.097,2.70901,-2.19266
9.098,2.70901,-2.02655
9.099,2.70594,-1.90092
9.1,2.70594,-1.90092
9.101,2.70287,-1.90092
9.102,2.70287,-1.90092
9.103,2.69981,-1.90092
9.104,2.69981,-1.90092
9.105,2.69674,-1.86776
9.106,2.69674,-1.61881
9.107,2.69367,-1.53519
9.108,2.69367,-1.53519
9.109,2.69367,-1.53519
9.11,2.6906,-1.53519
9.111,2.6906,-1.53519
9.112,2.68753,-1.53519
9.113,2.68753,-1.53519
9.114,2.68753,-1.53519
9.115,2.68447,-1.42696
9.116,2.68447,-1.28192
9.117,2.68447,-1.15939
9.118,2.68447,-1.05944
9.119,2.6814,-0.993149
9.12,2.6814,-0.993149
9.121,2.6814,-0.993149
9.122,2.6814,-0.993149
9.123,2.6814,-0.993149
9.124,2.6814,-0.993149
9.125,2.6814,-0.993149
9.126,2.67833,-0.993149
9.127,2.67833,-0.993149
9.128,2.67833,-0.993149
9.129,2.67833,-0.993149
9.13,2.67833,-0.993149
9.131,2.67833,-0.993149
9.132,2.67833,-0.927779
9.133,2.67833,-0.861524
9.134,2.67833,-0.805256
9.135,2.67833,-0.755439
9.136,2.67833,-0.711815
9.137,2.67833,-0.672734
9.138,2.6814,0.637643
9.139,2.6814,0.606177
9.14,2.6814,0.578287
9.141,2.6814,0.551716
9.142,2.6814,0.527889
9.143,2.6814,0.506654
9.144,2.68447,0.486088
9.145,2.68447,0.46762
9.146,2.68447,0.45043
9.147,2.68447,0.434504
9.148,2.68753,0.419627
9.149,2.68753,0.405785
9.15,2.68753,0.392834
9.151,2.6906,0.389657
9.152,2.6906,0.389657
9.153,2.69367,0.389657
9.154,2.69367,0.389657
9.155,2.69367,0.389657
9.156,2.69674,0.389657
9.157,2.69674,0.389657
9.158,2.69981,0.389657
9.159,2.69981,0.389657
9.16,2.70287,1.32051
9.161,2.70287,1.32051
9.162,2.70594,1.32051
9.163,2.70594,1.32051
9.164,2.70901,1.32051
9.165,2.70901,1.32051
9.166,2.71208,1.32051
9.167,2.71515,1.68598
9.168,2.71515,1.68598
9.169,2.71821,1.68598
9.17,2.71821,1.68598
9.171,2.72128,1.68598
9.172,2.72435,1.68598
9.173,2.72742,2.02604
9.174,2.72742,2.02604
9.175,2.73049,2.02604
9.176,2.73355,2.02604
9.177,2.73662,2.02604
9.178,2.73662,2.02604
9.179,2.73969,2.30231
9.18,2.74276,2.30231
9.181,2.74583,2.30231
9.182,2.74889,2.30231
9.183,2.74889,2.30231
9.184,2.75196,2.53836
9.185,2.75503,2.53836
9.186,2.7581,2.53836
9.187,2.76117,2.53836
9.188,2.76423,2.76085
9.189,2.7673,2.76085
9.19,2.77037,2.76085
9.191,2.77344,2.76085
9.192,2.77651,2.94627
9.193,2.77957,2.94627
9.194,2.78264,2.94627
9.195,2.78571,2.94627
9.196,2.78878,3.11832
9.197,2.79185,3.11832
9.198,2.79491,3.11832
9.199,2.79798,3.11832
9.2,2.80105,3.29015
9.201,2.80412,3.29015
9.202,2.80718,3.29015
9.203,2.81332,3.42687
9.204,2.81639,3.42687
9.205,2.81946,3.42687
9.206,2.82252,3.42687
9.207,2.82559,3.56558
9.208,2.82866,3.56558
9.209,2.8348,3.56558
9.21,2.83786,3.6977
9.211,2.84093,3.6977
9.212,2.844,3.6977
9.213,2.85014,3.80401
9.214,2.8532,3.80401
9.215,2.85627,3.80401
9.216,2.85934,3.80401
9.217,2.86548,3.91285
9.218,2.86854,3.91285
9.219,2.87161,3.91285
9.22,2.87775,4.01447
9.221,2.88082,4.01447
9.222,2.88388,4.01447
9.223,2.89002,4.09963
9.224,2.89309,4.09963
9.225,2.89922,4.09963
9.226,2.90229,4.18717
9.227,2.90536,4.18717
9.228,2.9115,4.29196
9.229,2.91456,4.29196
9.23,2.9207,4.29196
9.231,2.92377,4.3515
9.232,2.92684,4.3515
9.233,2.93297,4.3515
9.234,2.93604,4.41928
9.235,2.94218,4.41928
9.236,2.94524,4.41928
9.237,2.95138,4.50251
9.238,2.95445,4.50251
9.239,2.96058,4.53542
9.24,2.96365,4.53542
9.241,2.96979,4.53542
9.242,2.97285,4.5246
9.243,2.97592,4.5246
9.244,2.98206,4.5246
9.245,2.98513,4.47204
9.246,2.99126,4.47204
9.247,2.9974,4.69035
9.248,3.00047,4.69035
9.249,3.0066,4.69035
9.25,3.00967,4.75912
9.251,3.01581,4.75912
9.252,3.01887,4.75912
9.253,3.02501,4.81545
9.254,3.03115,4.81545
9.255,3.03421,4.84434
9.256,3.04035,4.84434
9.257,3.04342,4.84434
9.258,3.04955,4.88688
9.259,3.05262,4.88688
9.26,3.05876,4.90234
9.261,3.06489,4.90234
9.262,3.06796,4.90234
9.263,3.0741,4.93274
9.264,3.08023,4.93274
9.265,3.0833,4.9539
9.266,3.08944,4.9539
9.267,3.09251,4.9539
9.268,3.09864,4.95941
9.269,3.10478,4.95941
9.27,3.10785,4.98796
9.271,3.11398,4.98796
9.272,3.12012,4.99058
9.273,3.12318,4.99058
9.274,3.12932,4.99058
9.275,3.13239,4.98549
9.276,3.13852,4.98549
9.277,-3.13852,5.01179
9.278,-3.13546,5.01179
9.279,-3.12932,5.01179
9.28,-3.12318,4.99239
9.281,-3.12012,4.99239
9.282,-3.11398,4.98093
9.283,-3.11091,4.98093
9.284,-3.10478,4.98093
9.285,-3.09864,4.99951
9.286,-3.09557,4.99951
9.287,-3.08944,4.96138
9.288,-3.08637,4.96138
9.289,-3.08023,4.96138
9.29,-3.0741,4.94874
9.291,-3.07103,4.94874
9.292,-3.06489,4.94146
9.293,-3.05876,4.94146
9.294,-3.05569,4.94146
9.295,-3.04955,4.90247
9.296,-3.04649,4.90247
9.297,-3.04035,4.88081
9.298,-3.03728,4.88081
9.299,-3.03115,4.88081
9.3,-3.02501,4.84896
9.301,-3.02194,4.84896
9.302,-3.01581,4.81438
9.303,-3.01274,4.81438
9.304,-3.0066,4.81438
9.305,-3.00353,4.77362
9.306,-2.9974,4.77362
9.307,-2.99126,4.72633
9.308,-2.98819,4.72633
9.309,-2.98206,4.72633
9.31,-2.97899,4.67437
9.311,-2.97285,4.67437
9.312,-2.96979,4.67437
9.313,-2.96365,4.63052
9.314,-2.96058,4.63052
9.315,-2.95445,4.56455
9.316,-2.95138,4.56455
9.317,-2.94524,4.56455
9.318,-2.94218,4.50437
9.319,-2.93911,4.50437
9.32,-2.93297,4.50437
9.321,-2.9299,4.44295
9.322,-2.92377,4.44295
9.323,-2.9207,4.44295
9.324,-2.91456,4.36647
9.325,-2.9115,4.36647
9.326,-2.90843,4.36647
9.327,-2.90229,4.28767
9.328,-2.89922,4.28767
9.329,-2.89616,4.25781
9.33,-2.89002,4.20833
9.331,-2.88695,4.20833
9.332,-2.88082,4.16764
9.333,-2.87775,4.11031
9.334,-2.87468,4.11031
9.335,-2.87161,4.11031
9.336,-2.86548,4.0199
9.337,-2.86241,4.0199
9.338,-2.85934,4.0199
9.339,-2.8532,3.92131
9.34,-2.85014,3.92131
9.341,-2.84707,3.92131
9.342,-2.844,3.79892
9.343,-2.84093,3.79892
9.344,-2.8348,3.79892
9.345,-2.83173,3.6887
9.346,-2.82866,3.6887
9.347,-2.82559,3.6887
9.348,-2.82252,3.6887
9.349,-2.81946,3.56417
9.35,-2.81639,3.56417
9.351,-2.81025,3.56417
9.352,-2.80718,3.42239
9.353,-2.80412,3.42239
9.354,-2.80105,3.42239
9.355,-2.79798,3.42239
9.356,-2.79491,3.27561
9.357,-2.79185,3.27561
9.358,-2.78878,3.27561
9.359,-2.78571,3.27561
9.36,-2.78264,3.11426
9.361,-2.77957,3.11426
9.362,-2.77651,3.11426
9.363,-2.77344,3.11426
9.364,-2.77037,2.93996
9.365,-2.7673,2.93996
9.366,-2.76423,2.93996
9.367,-2.76117,2.93996
9.368,-2.76117,2.83139
9.369,-2.7581,2.74985
9.37,-2.75503,2.74985
9.371,-2.75196,2.74985
9.372,-2.74889,2.74985
9.373,-2.74583,2.53033
9.374,-2.74583,2.53033
9.375,-2.74276,2.53033
9.376,-2.73969,2.53033
9.377,-2.73662,2.53033
9.378,-2.73662,2.44111
9.379,-2.73355,2.28962
9.38,-2.73049,2.28962
9.381,-2.73049,2.28962
9.382,-2.72742,2.28962
9.383,-2.72435,2.28962
9.384,-2.72435,2.16593
9.385,-2.72128,2.01403
9.386,-2.72128,2.01403
9.387,-2.71821,2.01403
9.388,-2.71515,2.01403
9.389,-2.71515,2.01403
9.39,-2.71208,2.01403
9.391,-2.71208,1.86377
9.392,-2.70901,1.67521
9.393,-2.70901,1.67521
9.394,-2.70594,1.67521
9.395,-2.70594,1.67521
9.396,-2.70594,1.67521
9.397,-2.70287,1.67521
9.398,-2.70287,1.67521
9.399,-2.69981,1.67521
9.4,-2.69981,1.48949
9.401,-2.69981,1.3294
9.402,-2.69674,1.2275
9.403,-2.69674,1.2275
9.404,-2.69674,1.2275
9.405,-2.69674,1.2275
9.406,-2.69367,1.2275
9.407,-2.69367,1.2275
9.408,-2.69367,1.2275
9.409,-2.69367,1.2275
9.41,-2.69367,1.2275
9.411,-2.6906,1.2275
9.412,-2.6906,1.19741
9.413,-2.6906,1.08902
9.414,-2.6906,1.00039
9.415,-2.6906,0.926174
9.416,-2.6906,0.861714
9.417,-2.6906,0.804029
9.418,-2.6906,0.754402
9.419,-2.6906,0.711032
9.42,-2.6906,0.672459
9.421,-2.6906,0.636953
9.422,-2.6906,0.605614
9.423,-2.6906,0.577014
9.424,-2.6906,0.551074
9.425,-2.6906,0.527566
9.426,-2.6906,0.50592
9.427,-2.6906,0.485714
9.428,-2.6906,0.467204
9.429,-2.6906,0.450106
9.43,-2.6906,0.434067
9.431,-2.69367,0.433506
9.432,-2.69367,0.433506
9.433,-2.69367,0.433506
9.434,-2.69367,0.433506
9.435,-2.69674,0.433506
9.436,-2.69674,0.433506
9.437,-2.69674,0.433506
9.438,-2.69674,0.433506
9.439,-2.69981,0.433506
9.44,-2.69981,0.433506
9.441,-2.69981,0.433506
9.442,-2.70287,0.433506
9.443,-2.70287,0.433506
9.444,-2.70594,-0.899612
9.445,-2.70594,-0.899612
9.446,-2.70594,-0.899612
9.447,-2.70901,-0.899612
9.448,-2.70901,-0.899612
9.449,-2.71208,-0.899612
9.45,-2.71208,-0.899612
9.451,-2.71515,-0.899612
9.452,-2.71515,-0.899612
9.453,-2.71821,-1.47162
9.454,-2.72128,-1.47162
9.455,-2.72128,-1.47162
9.456,-2.72435,-1.47162
9.457,-2.72435,-1.47162
9.458,-2.72742,-1.47162
9.459,-2.73049,-1.84408
9.46,-2.73049,-1.84408
9.461,-2.73355,-1.84408
9.462,-2.73662,-1.84408
9.463,-2.73662,-1.84408
9.464,-2.73969,-1.84408
9.465,-2.74276,-2.14924
9.466,-2.74583,-2.14924
9.467,-2.74583,-2.14924
9.468,-2.74889,-2.14924
9.469,-2.75196,-2.14924
9.47,-2.75503,-2.41149
9.471,-2.7581,-2.41149
9.472,-2.76117,-2.41149
9.473,-2.76117,-2.41149
9.474,-2.76423,-2.41149
9.475,-2.7673,-2.63358
9.476,-2.77037,-2.63358
9.477,-2.77344,-2.63358
9.478,-2.77651,-2.63358
9.479,-2.77957,-2.83742
9.48,-2.78264,-2.83742
9.481,-2.78571,-2.83742
9.482,-2.78878,-2.83742
9.483,-2.79185,-3.01821
9.484,-2.79491,-3.01821
9.485,-2.79798,-3.01821
9.486,-2.80105,-3.01821
9.487,-2.80412,-3.18711
9.488,-2.80718,-3.18711
9.489,-2.81025,-3.18711
9.49,-2.81332,-3.18711
9.491,-2.81639,-3.34263
9.492,-2.82252,-3.34263
9.493,-2.82559,-3.34263
9.494,-2.82866,-3.48013
9.495,-2.83173,-3.48013
9.496,-2.8348,-3.48013
9.497,-2.84093,-3.60549
9.498,-2.844,-3.60549
9.499,-2.84707,-3.60549
9.5,-2.85014,-3.60549
9.501,-2.8532,-3.73681
9.502,-2.85934,-3.73681
9.503,-2.86241,-3.73681
9.504,-2.86548,-3.84624
9.505,-2.86854,-3.84624
9.506,-2.87468,-3.84624
9.507,-2.87775,-3.94378
9.508,-2.88082,-3.94378
9.509,-2.88695,-3.94378
9.51,-2.89002,-4.05138
9.511,-2.89309,-4.05138
9.512,-2.89922,-4.05138
9.513,-2.90229,-4.13943
9.514,-2.90536,-4.13943
9.515,-2.9115,-4.13943
9.516,-2.91456,-4.22261
9.517,-2.9207,-4.22261
9.518,-2.92377,-4.22261
9.519,-2.92684,-4.30891
9.52,-2.93297,-4.30891
9.521,-2.93604,-4.30891
9.522,-2.94218,-4.37313
9.523,-2.94524,-4.37313
9.524,-2.95138,-4.44514
9.525,-2.95445,-4.44514
9.526,-2.96058,-4.44514
9.527,-2.96365,-4.513
9.528,-2.96979,-4.513
9.529,-2.97285,-4.513
9.53,-2.97899,-4.56056
9.531,-2.98206,-4.56056
9.532,-2.98819,-4.61726
9.533,-2.99126,-4.61726
9.534,-2.9974,-4.61726
9.535,-3.00047,-4.67118
9.536,-3.0066,-4.67118
9.537,-3.00967,-4.67118
9.538,-3.01581,-4.71805
9.539,-3.01887,-4.71805
9.54,-3.02501,-4.75305
9.541,-3.02808,-4.75305
9.542,-3.03421,-4.75305
9.543,-3.04035,-4.79517
9.544,-3.04342,-4.79517
9.545,-3.04955,-4.82397
9.546,-3.05262,-4.82397
9.547,-3.05876,-4.82397
9.548,-3.06183,-4.85998
9.549,-3.06796,-4.85998
9.55,-3.0741,-4.87618
9.551,-3.07717,-4.87618
9.552,-3.0833,-4.87618
9.553,-3.08637,-4.89154
9.554,-3.09251,-4.89154
9.555,-3.09864,-4.93283
9.556,-3.10171,-4.93283
9.557,-3.10785,-4.93283
9.558,-3.11091,-4.92428
9.559,-3.11705,-4.92428
9.56,-3.12318,-4.93823
9.561,-3.12625,-4.93823
9.562,-3.13239,-4.93823
9.563,-3.13546,-4.962
9.564,-3.14159,-4.962
9.565,3.13546,-4.93942
9.566,3.13239,-4.93942
9.567,3.12625,-4.93942
9.568,3.12012,-4.94586
9.569,3.11705,-4.94586
9.57,3.11091,-4.95329
9.571,3.10785,-4.95329
9.572,3.10171,-4.95329
9.573,3.09557,-4.92516
9.574,3.09251,-4.92516
9.575,3.08637,-4.92398
9.576,3.0833,-4.92398
9.577,3.07717,-4.92398
9.578,3.07103,-4.91005
9.579,3.06796,-4.91005
9.58,3.06183,-4.87602
9.581,3.05876,-4.87602
9.582,3.05262,-4.87602
9.583,3.04649,-4.86817
9.584,3.04342,-4.86817
9.585,3.03728,-4.83117
9.586,3.03421,-4.83117
9.587,3.02808,-4.83117
9.588,3.02501,-4.80153
9.589,3.01887,-4.80153
9.59,3.01274,-4.77246
9.591,3.00967,-4.77246
9.592,3.00353,-4.77246
9.593,3.00047,-4.7215
9.594,2.99433,-4.7215
9.595,2.99126,-4.7215
9.596,2.98513,-4.6854
9.597,2.98206,-4.6854
9.598,2.97592,-4.6356
9.599,2.97285,-4.6356
9.6,2.96672,-4.6356
9.601,2.96365,-4.5776
9.602,2.95751,-4.5776
9.603,2.95445,-4.5776
9.604,2.94831,-4.53298
9.605,2.94524,-4.53298
9.606,2.93911,-4.45873
9.607,2.93604,-4.45873
9.608,2.93297,-4.45873
9.609,2.92684,-4.39333
9.61,2.92377,-4.39333
9.611,2.91763,-4.39333
9.612,2.91456,-4.33383
9.613,2.9115,-4.33383
9.614,2.90536,-4.33383
9.615,2.90229,-4.23908
9.616,2.89616,-4.23908
9.617,2.89309,-4.23908
9.618,2.89002,-4.16397
9.619,2.88388,-4.16397
9.62,2.88082,-4.16397
9.621,2.87775,-4.07913
9.622,2.87468,-4.07913
9.623,2.86854,-4.07913
9.624,2.86548,-3.9759
9.625,2.86241,-3.9759
9.626,2.85627,-3.9759
9.627,2.8532,-3.8777
9.628,2.85014,-3.8777
9.629,2.84707,-3.8777
9.63,2.84093,-3.77015
9.631,2.83786,-3.77015
9.632,2.8348,-3.77015
9.633,2.83173,-3.77015
9.634,2.82866,-3.65068
9.635,2.82559,-3.65068
9.636,2.81946,-3.65068
9.637,2.81639,-3.52066
9.638,2.81332,-3.52066
9.639,2.81025,-3.52066
9.64,2.80718,-3.52066
9.641,2.80412,-3.39495
9.642,2.80105,-3.39495
9.643,2.79798,-3.39495
9.644,2.79491,-3.39495
9.645,2.79185,-3.23571
9.646,2.78878,-3.23571
9.647,2.78571,-3.23571
9.648,2.78264,-3.23571
9.649,2.77957,-3.07376
9.65,2.77651,-3.07376
9.651,2.77344,-3.07376
9.652,2.77037,-3.07376
9.653,2.7673,-2.90616
9.654,2.76423,-2.90616
9.655,2.76117,-2.90616
9.656,2.7581,-2.90616
9.657,2.75503,-2.7047
9.658,2.75503,-2.7047
9.659,2.75196,-2.7047
9.66,2.74889,-2.7047
9.661,2.74583,-2.7047
9.662,2.74276,-2.48974
9.663,2.74276,-2.48974
9.664,2.73969,-2.48974
9.665,2.73662,-2.48974
9.666,2.73355,-2.48974
9.667,2.73355,-2.41472
9.668,2.73049,-2.25122
9.669,2.72742,-2.25122
9.67,2.72742,-2.25122
9.671,2.72435,-2.25122
9.672,2.72435,-2.25122
9.673,2.72128,-2.17315
9.674,2.71821,-1.95509
9.675,2.71821,-1.95509
9.676,2.71515,-1.95509
9.677,2.71515,-1.95509
9.678,2.71208,-1.95509
9.679,2.71208,-1.95509
9.68,2.70901,-1.92809
9.681,2.70901,-1.6672
9.682,2.70594,-1.61762
9.683,2.70594,-1.61762
9.684,2.70287,-1.61762
9.685,2.70287,-1.61762
9.686,2.70287,-1.61762
9.687,2.69981,-1.61762
9.688,2.69981,-1.61762
9.689,2.69674,-1.5781
9.69,2.69674,-1.399
9.691,2.69674,-1.25799
9.692,2.69367,-1.14485
9.693,2.69367,-1.14485
9.694,2.69367,-1.14485
9.695,2.69367,-1.14485
9.696,2.69367,-1.14485
9.697,2.6906,-1.14485
9.698,2.6906,-1.14485
9.699,2.6906,-1.14485
9.7,2.6906,-1.14485
9.701,2.6906,-1.14485
9.702,2.6906,-1.14485
9.703,2.68753,-1.1101
9.704,2.68753,-1.01932
9.705,2.68753,-0.939495
9.706,2.68753,-0.873463
9.707,2.68753,-0.815659
9.708,2.68753,-0.76388
9.709,2.68753,-0.719031
9.71,2.68753,-0.680126
9.711,2.68753,-0.644867
9.712,2.68753,-0.612132
9.713,2.68753,-0.582912
9.714,2.68753,-0.556168
9.715,2.6906,-0.545587
9.716,2.6906,-0.545587
9.717,2.6906,-0.545587
9.718,2.6906,-0.545587
9.719,2.6906,-0.545587
9.72,2.6906,-0.545587
9.721,2.69367,-0.545587
9.722,2.69367,-0.545587
9.723,2.69367,-0.545587
9.724,2.69367,-0.545587
9.725,2.69367,-0.545587
9.726,2.69674,-0.545587
9.727,2.69674,-0.545587
9.728,2.69674,-0.545587
9.729,2.69981,-0.545587
9.73,2.69981,-0.545587
9.731,2.70287,0.751438
9.732,2.70287,0.751438
9.733,2.70287,0.751438
9.734,2.70594,0.751438
9.735,2.70594,0.751438
9.736,2.70901,0.751438
9.737,2.70901,0.751438
9.738,2.71208,0.751438
9.739,2.71208,0.751438
9.74,2.71515,1.39666
9.741,2.71515,1.39666
9.742,2.71821,1.39666
9.743,2.71821,1.39666
9.744,2.72128,1.39666
9.745,2.72435,1.39666
9.746,2.72435,1.39666
9.747,2.72742,1.78656
9.748,2.73049,1.78656
9.749,2.73049,1.78656
9.75,2.73355,1.78656
9.751,2.73662,1.78656
9.752,2.73662,1.78656
9.753,2.73969,2.09701
9.754,2.74276,2.09701
9.755,2.74276,2.09701
9.756,2.74583,2.09701
9.757,2.74889,2.09701
9.758,2.75196,2.34776
9.759,2.75503,2.34776
9.76,2.7581,2.34776
9.761,2.7581,2.34776
9.762,2.76117,2.34776
9.763,2.76423,2.58278
9.764,2.7673,2.58278
9.765,2.77037,2.58278
9.766,2.77344,2.58278
9.767,2.77651,2.78221
9.768,2.77957,2.78221
9.769,2.78264,2.78221
9.77,2.78571,2.78221
9.771,2.78878,2.96007
9.772,2.79185,2.96007
9.773,2.79491,2.96007
9.774,2.79798,2.96007
9.775,2.80105,3.13951
9.776,2.80412,3.13951
9.777,2.80718,3.13951
9.778,2.81025,3.13951
9.779,2.81332,3.27685
9.78,2.81639,3.27685
9.781,2.81946,3.27685
9.782,2.82252,3.27685
9.783,2.82866,3.4199
9.784,2.83173,3.4199
9.785,2.8348,3.4199
9.786,2.83786,3.56131
9.787,2.84093,3.56131
9.788,2.844,3.56131
9.789,2.85014,3.67521
9.79,2.8532,3.67521
9.791,2.85627,3.67521
9.792,2.85934,3.67521
9.793,2.86548,3.77816
9.794,2.86854,3.77816
9.795,2.87161,3.77816
9.796,2.87775,3.87211
9.797,2.88082,3.87211
9.798,2.88388,3.87211
9.799,2.88695,3.9792
9.8,2.89309,3.9792
9.801,2.89616,3.9792
9.802,2.89922,4.04878
9.803,2.90536,4.04878
9.804,2.90843,4.04878
9.805,2.9115,4.17195
9.806,2.91763,4.17195
9.807,2.9207,4.17195
9.808,2.92684,4.2497
9.809,2.9299,4.2497
9.81,2.93297,4.2497
9.811,2.93911,4.32164
9.812,2.94218,4.32164
9.813,2.94831,4.39939
9.814,2.95138,4.39939
9.815,2.95751,4.39939
9.816,2.96058,4.45715
9.817,2.96672,4.45715
9.818,2.96979,4.45715
9.819,2.97592,4.5256
9.82,2.97899,4.5256
9.821,2.98513,4.58418
9.822,2.98819,4.58418
9.823,2.99433,4.58418
9.824,2.9974,4.62635
9.825,3.00353,4.62635
9.826,3.0066,4.62635
9.827,3.01274,4.67761
9.828,3.01581,4.67761
9.829,3.02194,4.71795
9.83,3.02501,4.71795
9.831,3.03115,4.71795
9.832,3.03421,4.74845
9.833,3.04035,4.74845
9.834,3.04649,4.79299
9.835,3.04955,4.79299
9.836,3.05569,4.79299
9.837,3.05876,4.80877
9.838,3.06489,4.80877
9.839,3.06796,4.80877
9.84,3.0741,4.84022
9.841,3.08023,4.84022
9.842,3.0833,4.86145
9.843,3.08944,4.86145
9.844,3.09251,4.86145
9.845,3.09864,4.86825
9.846,3.10478,4.86825
9.847,3.10785,4.89682
9.848,3.11398,4.89682
9.849,3.11705,4.89682
9.85,3.12318,4.89905
9.851,3.12625,4.89905
9.852,3.13239,4.8943
9.853,3.13852,4.8943
9.854,-3.14159,4.8943
9.855,-3.13546,4.91921
9.856,-3.13239,4.91921
9.857,-3.12625,4.90024
9.858,-3.12012,4.90024
9.859,-3.11705,4.90024
9.86,-3.11091,4.88832
9.861,-3.10785,4.88832
9.862,-3.10171,4.90375
9.863,-3.09557,4.90375
9.864,-3.09251,4.90375
9.865,-3.08637,4.86565
9.866,-3.0833,4.86565
9.867,-3.07717,4.85144
9.868,-3.07103,4.85144
9.869,-3.06796,4.85144
9.87,-3.06183,4.8437
9.871,-3.05876,4.8437
9.872,-3.05262,4.80338
9.873,-3.04955,4.80338
9.874,-3.04342,4.80338
9.875,-3.03728,4.77971
9.876,-3.03421,4.77971
9.877,-3.02808,4.74644
9.878,-3.02501,4.74644
9.879,-3.01887,4.74644
9.88,-3.01581,4.71116
9.881,-3.00967,4.71116
9.882,-3.0066,4.71116
9.883,-3.00047,4.66899
9.884,-2.9974,4.66899
9.885,-2.99126,4.61939
9.886,-2.98819,4.61939
9.887,-2.98206,4.61939
9.888,-2.97899,4.56658
9.889,-2.97285,4.56658
9.89,-2.96979,4.56658
9.891,-2.96365,4.5206
9.892,-2.96058,4.5206
9.893,-2.95445,4.48394
9.894,-2.95138,4.45327
9.895,-2.94831,4.45327
9.896,-2.94218,4.39036
9.897,-2.93911,4.39036
9.898,-2.93297,4.39036
9.899,-2.9299,4.32793
9.9,-2.92684,4.32793
9.901,-2.9207,4.32793
9.902,-2.91763,4.24836
9.903,-2.91456,4.24836
9.904,-2.90843,4.24836
9.905,-2.90536,4.16752
9.906,-2.89922,4.16752
9.907,-2.89616,4.16752
9.908,-2.89309,4.08507
9.909,-2.89002,4.08507
9.91,-2.88388,4.08507
9.911,-2.88082,3.98505
9.912,-2.87775,3.98505
9.913,-2.87161,3.98505
9.914,-2.86854,3.89131
9.915,-2.86548,3.89131
9.916,-2.86241,3.89131
9.917,-2.85627,3.78847
9.918,-2.8532,3.78847
9.919,-2.85014,3.78847
9.92,-2.84707,3.78847
9.921,-2.844,3.66347
9.922,-2.84093,3.66347
9.923,-2.8348,3.66347
9.924,-2.83173,3.54814
9.925,-2.82866,3.54814
9.926,-2.82559,3.54814
9.927,-2.82252,3.54814
9.928,-2.81946,3.41861
9.929,-2.81639,3.41861
9.93,-2.81332,3.41861
9.931,-2.81025,3.34511
9.932,-2.80718,3.27133
9.933,-2.80412,3.27133
9.934,-2.80105,3.27133
9.935,-2.79798,3.12754
9.936,-2.79491,3.11786
9.937,-2.79185,3.11786
9.938,-2.78878,3.11786
9.939,-2.78571,3.08725
9.94,-2.78264,2.9487
9.941,-2.77957,2.9487
9.942,-2.77651,2.9487
9.943,-2.77344,2.9487
9.944,-2.77037,2.76434
9.945,-2.7673,2.76434
9.946,-2.7673,2.76434
9.947,-2.76423,2.76434
9.948,-2.76117,2.76434
9.949,-2.7581,2.56173
9.95,-2.75503,2.56173
9.951,-2.75503,2.56173
9.952,-2.75196,2.56173
9.953,-2.74889,2.56173
9.954,-2.74583,2.32667
9.955,-2.74583,2.32667
9.956,-2.74276,2.32667
9.957,-2.73969,2.32667
9.958,-2.73969,2.32667
9.959,-2.73662,2.31491
9.96,-2.73355,2.06249
9.961,-2.73355,2.06249
9.962,-2.73049,2.06249
9.963,-2.73049,2.06249
9.964,-2.72742,2.06249
9.965,-2.72435,2.06249
9.966,-2.72435,1.93367
9.967,-2.72128,1.75107
9.968,-2.72128,1.75107
9.969,-2.71821,1.75107
9.97,-2.71821,1.75107
9.971,-2.71515,1.75107
9.972,-2.71515,1.75107
9.973,-2.71515,1.75107
9.974,-2.71208,1.66865
9.975,-2.71208,1.47183
9.976,-2.70901,1.34474
9.977,-2.70901,1.34474
9.978,-2.70901,1.34474
9.979,-2.70594,1.34474
9.98,-2.70594,1.34474
9.981,-2.70594,1.34474
9.982,-2.70594,1.34474
9.983,-2.70287,1.34474
9.984,-2.70287,1.34474
9.985,-2.70287,1.33058
9.986,-2.70287,1.19971
9.987,-2.70287,1.0927
9.988,-2.69981,1.00402
9.989,-2.69981,0.928459
9.99,-2.69981,0.862804
9.991,-2.69981,0.806027
9.992,-2.69981,0.755734
9.993,-2.69981,0.712855
9.994,-2.69981,0.673633
9.995,-2.69981,0.637852
9.996,-2.69981,0.606755
9.997,-2.69981,0.578386
9.998,-2.69981,0.552093
9.999,-2.69981,0.528183
