t,theta,theta_dot,voltage
0.000000,0.000000,0.000000,3.000000
0.001000,0.000000,0.000000,3.000000
0.002000,0.000000,0.000000,3.000000
0.003000,0.000000,0.000000,3.000000
0.004000,0.003068,0.000000,3.000000
0.005000,0.003068,0.000000,3.000000
0.006000,0.003068,0.000000,3.000000
0.007000,0.003068,0.000000,3.000000
0.008000,0.003068,0.000000,3.000000
0.009000,0.003068,0.000000,3.000000
0.010000,0.006136,0.000000,3.000000
0.011000,0.006136,0.000000,3.000000
0.012000,0.009204,0.000000,3.000000
0.013000,0.009204,0.000000,3.000000
0.014000,0.009204,0.000000,3.000000
0.015000,0.012272,0.000000,3.000000
0.016000,0.015340,0.000000,3.000000
0.017000,0.015340,0.000000,3.000000
0.018000,0.018408,0.000000,3.000000
0.019000,0.018408,0.000000,3.000000
0.020000,0.021476,0.000000,3.000000
0.021000,0.024544,0.000000,3.000000
0.022000,0.027612,1.684141,3.000000
0.023000,0.027612,1.684141,3.000000
0.024000,0.030680,1.684141,3.000000
0.025000,0.033748,1.684141,3.000000
0.026000,0.036816,1.684141,3.000000
0.027000,0.039884,2.386313,3.000000
0.028000,0.042951,2.386313,3.000000
0.029000,0.046019,2.386313,3.000000
0.030000,0.049087,2.386313,3.000000
0.031000,0.052155,2.919927,3.000000
0.032000,0.055223,2.919927,3.000000
0.033000,0.061359,2.919927,3.000000
0.034000,0.064427,3.372261,3.000000
0.035000,0.067495,3.372261,3.000000
0.036000,0.070563,3.372261,3.000000
0.037000,0.076699,3.724965,3.000000
0.038000,0.079767,3.724965,3.000000
0.039000,0.082835,3.724965,3.000000
0.040000,0.088971,4.029887,3.000000
0.041000,0.092039,4.029887,3.000000
0.042000,0.098175,4.029887,3.000000
0.043000,0.101243,4.322891,3.000000
0.044000,0.107379,4.322891,3.000000
0.045000,0.110447,4.322891,3.000000
0.046000,0.116583,4.590299,3.000000
0.047000,0.119651,4.590299,3.000000
0.048000,0.125786,4.819524,3.000000
0.049000,0.131922,4.819524,3.000000
0.050000,0.134990,4.819524,3.000000
0.051000,0.141126,5.048642,3.000000
0.052000,0.147262,5.048642,3.000000
0.053000,0.153398,5.241050,3.000000
0.054000,0.156466,5.241050,3.000000
0.055000,0.162602,5.454861,3.000000
0.056000,0.168738,5.454861,3.000000
0.057000,0.174874,5.610236,3.000000
0.058000,0.181010,5.610236,3.000000
0.059000,0.187146,5.796239,3.000000
0.060000,0.193282,5.796239,3.000000
0.061000,0.199418,5.934481,3.000000
0.062000,0.205553,5.934481,3.000000
0.063000,0.211689,6.081946,3.000000
0.064000,0.217825,6.081946,3.000000
0.065000,0.223961,6.190824,3.000000
0.066000,0.230097,6.190824,3.000000
0.067000,0.236233,6.318863,3.000000
0.068000,0.242369,6.318863,3.000000
0.069000,0.248505,6.417630,3.000000
0.070000,0.254641,6.417630,3.000000
0.071000,0.260777,6.520448,3.000000
0.072000,0.269981,6.520448,3.000000
0.073000,0.276117,6.630145,3.000000
0.074000,0.282252,6.630145,3.000000
0.075000,0.288388,6.723020,3.000000
0.076000,0.297592,6.723020,3.000000
0.077000,0.303728,6.827438,3.000000
0.078000,0.309864,6.897848,3.000000
0.079000,0.316000,6.897848,3.000000
0.080000,0.325204,6.982724,3.000000
0.081000,0.331340,6.982724,3.000000
0.082000,0.337476,7.047891,3.000000
0.083000,0.346680,7.098169,3.000000
0.084000,0.352816,7.098169,3.000000
0.085000,0.358952,7.179667,3.000000
0.086000,0.368155,7.179667,3.000000
0.087000,0.374291,7.220385,3.000000
0.088000,0.380427,7.220385,3.000000
0.089000,0.389631,7.273103,3.000000
0.090000,0.395767,7.342854,3.000000
0.091000,0.404971,7.342854,3.000000
0.092000,0.411107,7.409789,3.000000
0.093000,0.417243,7.409789,3.000000
0.094000,0.426447,7.432165,3.000000
0.095000,0.432583,7.463177,3.000000
0.096000,0.441786,7.463177,3.000000
0.097000,0.447922,7.527329,3.000000
0.098000,0.457126,7.543459,3.000000
0.099000,0.463262,7.543459,3.000000
0.100000,0.472466,7.564254,-3.000000
0.101000,0.478602,7.564254,-3.000000
0.102000,0.484738,7.614973,-3.000000
0.103000,0.493942,7.109363,-3.000000
0.104000,0.500078,7.109363,-3.000000
0.105000,0.506214,7.012484,-3.000000
0.106000,0.512350,7.012484,-3.000000
0.107000,0.521553,6.873700,-3.000000
0.108000,0.527689,6.873700,-3.000000
0.109000,0.533825,6.739327,-3.000000
0.110000,0.539961,6.739327,-3.000000
0.111000,0.546097,6.579246,-3.000000
0.112000,0.552233,6.579246,-3.000000
0.113000,0.558369,6.252329,-3.000000
0.114000,0.564505,6.252329,-3.000000
0.115000,0.570641,5.923262,-3.000000
0.116000,0.573709,5.923262,-3.000000
0.117000,0.579845,5.602517,-3.000000
0.118000,0.585981,5.602517,-3.000000
0.119000,0.589049,5.226727,-3.000000
0.120000,0.595185,5.252641,-3.000000
0.121000,0.601320,5.252641,-3.000000
0.122000,0.604388,4.949378,-3.000000
0.123000,0.610524,4.949378,-3.000000
0.124000,0.613592,4.949378,-3.000000
0.125000,0.616660,4.627417,-3.000000
0.126000,0.622796,4.627417,-3.000000
0.127000,0.625864,4.611165,-3.000000
0.128000,0.628932,4.311647,-3.000000
0.129000,0.635068,4.311647,-3.000000
0.130000,0.638136,4.311647,-3.000000
0.131000,0.641204,3.906832,-3.000000
0.132000,0.644272,3.906832,-3.000000
0.133000,0.647340,3.906832,-3.000000
0.134000,0.650408,3.687377,-3.000000
0.135000,0.653476,3.425020,-3.000000
0.136000,0.656544,3.425020,-3.000000
0.137000,0.659612,3.425020,-3.000000
0.138000,0.662680,3.425020,-3.000000
0.139000,0.665748,2.986779,-3.000000
0.140000,0.665748,2.986779,-3.000000
0.141000,0.668816,2.986779,-3.000000
0.142000,0.671884,2.986779,-3.000000
0.143000,0.671884,2.986779,-3.000000
0.144000,0.674952,2.426185,-3.000000
0.145000,0.678020,2.476805,-3.000000
0.146000,0.678020,2.476805,-3.000000
0.147000,0.681087,2.476805,-3.000000
0.148000,0.681087,2.476805,-3.000000
0.149000,0.684155,2.476805,-3.000000
0.150000,0.684155,2.308962,-3.000000
0.151000,0.684155,1.947101,-3.000000
0.152000,0.687223,1.677918,-3.000000
0.153000,0.687223,1.477110,-3.000000
0.154000,0.687223,1.317470,-3.000000
0.155000,0.687223,1.190146,-3.000000
0.156000,0.690291,1.713363,-3.000000
0.157000,0.690291,1.713363,-3.000000
0.158000,0.690291,1.713363,-3.000000
0.159000,0.690291,1.713363,-3.000000
0.160000,0.690291,1.713363,-3.000000
0.161000,0.690291,1.713363,-3.000000
0.162000,0.690291,1.713363,-3.000000
0.163000,0.690291,1.593807,-3.000000
0.164000,0.687223,-1.410204,-3.000000
0.165000,0.687223,-1.265594,-3.000000
0.166000,0.687223,-1.146808,-3.000000
0.167000,0.687223,-1.048481,-3.000000
0.168000,0.684155,-0.965975,-3.000000
0.169000,0.684155,-0.895829,-3.000000
0.170000,0.681087,-0.815846,-3.000000
0.171000,0.681087,-0.815846,-3.000000
0.172000,0.678020,-0.815846,-3.000000
0.173000,0.678020,-0.815846,-3.000000
0.174000,0.674952,-0.815846,-3.000000
0.175000,0.674952,-0.815846,-3.000000
0.176000,0.671884,-0.815846,-3.000000
0.177000,0.668816,-1.227041,-3.000000
0.178000,0.665748,-1.227041,-3.000000
0.179000,0.665748,-1.227041,-3.000000
0.180000,0.662680,-1.227041,-3.000000
0.181000,0.659612,-1.227041,-3.000000
0.182000,0.656544,-2.285154,-3.000000
0.183000,0.653476,-2.285154,-3.000000
0.184000,0.650408,-2.285154,-3.000000
0.185000,0.647340,-2.285154,-3.000000
0.186000,0.641204,-2.990216,-3.000000
0.187000,0.638136,-2.990216,-3.000000
0.188000,0.635068,-2.990216,-3.000000
0.189000,0.628932,-3.576755,-3.000000
0.190000,0.625864,-3.576755,-3.000000
0.191000,0.622796,-3.576755,-3.000000
0.192000,0.616660,-4.079246,-3.000000
0.193000,0.613592,-4.079246,-3.000000
0.194000,0.607456,-4.539547,-3.000000
0.195000,0.601320,-4.539547,-3.000000
0.196000,0.598253,-4.539547,-3.000000
0.197000,0.592117,-4.970986,-3.000000
0.198000,0.585981,-4.970986,-3.000000
0.199000,0.579845,-5.375905,-3.000000
0.200000,0.573709,-5.375905,3.000000
0.201000,0.567573,-5.757488,3.000000
0.202000,0.561437,-5.757488,3.000000
0.203000,0.555301,-5.583787,3.000000
0.204000,0.549165,-5.583787,3.000000
0.205000,0.543029,-6.017823,3.000000
0.206000,0.539961,-6.017823,3.000000
0.207000,0.533825,-6.016594,3.000000
0.208000,0.527689,-6.016594,3.000000
0.209000,0.521553,-5.800235,3.000000
0.210000,0.515418,-5.800235,3.000000
0.211000,0.509282,-5.718993,3.000000
0.212000,0.506214,-5.718993,3.000000
0.213000,0.500078,-5.718993,3.000000
0.214000,0.493942,-5.486497,3.000000
0.215000,0.487806,-5.486497,3.000000
0.216000,0.484738,-5.273992,3.000000
0.217000,0.478602,-5.273992,3.000000
0.218000,0.475534,-5.177843,3.000000
0.219000,0.469398,-4.946026,3.000000
0.220000,0.466330,-4.946026,3.000000
0.221000,0.460194,-4.740529,3.000000
0.222000,0.457126,-4.740529,3.000000
0.223000,0.450990,-4.740529,3.000000
0.224000,0.447922,-4.379630,3.000000
0.225000,0.444854,-4.379630,3.000000
0.226000,0.441786,-4.379630,3.000000
0.227000,0.435651,-4.006080,3.000000
0.228000,0.432583,-4.006080,3.000000
0.229000,0.429515,-4.006080,3.000000
0.230000,0.426447,-4.006080,3.000000
0.231000,0.423379,-3.542439,3.000000
0.232000,0.420311,-3.542439,3.000000
0.233000,0.417243,-3.542439,3.000000
0.234000,0.417243,-3.542439,3.000000
0.235000,0.414175,-2.878491,3.000000
0.236000,0.411107,-2.990702,3.000000
0.237000,0.408039,-2.990702,3.000000
0.238000,0.408039,-2.990702,3.000000
0.239000,0.404971,-2.990702,3.000000
0.240000,0.401903,-2.614407,3.000000
0.241000,0.401903,-2.154504,3.000000
0.242000,0.398835,-2.309023,3.000000
0.243000,0.398835,-2.309023,3.000000
0.244000,0.398835,-2.309023,3.000000
0.245000,0.395767,-2.309023,3.000000
0.246000,0.395767,-2.309023,3.000000
0.247000,0.395767,-2.309023,3.000000
0.248000,0.395767,-2.020935,3.000000
0.249000,0.395767,-1.734693,3.000000
0.250000,0.395767,-1.519211,3.000000
0.251000,0.392699,-1.352679,3.000000
0.252000,0.392699,-1.218328,3.000000
0.253000,0.392699,-1.107681,3.000000
0.254000,0.395767,-1.007117,3.000000
0.255000,0.395767,-1.007117,3.000000
0.256000,0.395767,-1.007117,3.000000
0.257000,0.395767,-1.007117,3.000000
0.258000,0.395767,-1.007117,3.000000
0.259000,0.398835,-1.007117,3.000000
0.260000,0.398835,-1.007117,3.000000
0.261000,0.398835,-1.007117,3.000000
0.262000,0.401903,-1.007117,3.000000
0.263000,0.401903,-1.007117,3.000000
0.264000,0.404971,-1.007117,3.000000
0.265000,0.408039,1.151645,3.000000
0.266000,0.408039,1.151645,3.000000
0.267000,0.411107,1.151645,3.000000
0.268000,0.414175,1.151645,3.000000
0.269000,0.414175,1.151645,3.000000
0.270000,0.417243,1.151645,3.000000
0.271000,0.420311,1.796899,3.000000
0.272000,0.423379,1.796899,3.000000
0.273000,0.426447,1.796899,3.000000
0.274000,0.429515,1.796899,3.000000
0.275000,0.432583,2.561155,3.000000
0.276000,0.435651,2.561155,3.000000
0.277000,0.438719,2.561155,3.000000
0.278000,0.441786,2.561155,3.000000
0.279000,0.444854,3.133060,3.000000
0.280000,0.447922,3.133060,3.000000
0.281000,0.454058,3.133060,3.000000
0.282000,0.457126,3.583965,3.000000
0.283000,0.460194,3.583965,3.000000
0.284000,0.466330,3.583965,3.000000
0.285000,0.469398,3.971935,3.000000
0.286000,0.475534,3.971935,3.000000
0.287000,0.478602,3.971935,3.000000
0.288000,0.484738,4.324266,3.000000
0.289000,0.487806,4.324266,3.000000
0.290000,0.493942,4.653519,3.000000
0.291000,0.497010,4.653519,3.000000
0.292000,0.503146,4.653519,3.000000
0.293000,0.509282,4.959769,3.000000
0.294000,0.515418,4.959769,3.000000
0.295000,0.518486,5.253234,3.000000
0.296000,0.524621,5.253234,3.000000
0.297000,0.530757,5.519640,3.000000
0.298000,0.536893,5.519640,3.000000
0.299000,0.543029,5.783984,3.000000
0.300000,0.549165,5.783984,3.000000
0.301000,0.555301,6.013441,-3.000000
0.302000,0.561437,6.013441,-3.000000
0.303000,0.567573,6.273861,-3.000000
0.304000,0.573709,6.273861,-3.000000
0.305000,0.579845,5.879003,-3.000000
0.306000,0.585981,5.879003,-3.000000
0.307000,0.592117,6.002370,-3.000000
0.308000,0.598253,6.002370,-3.000000
0.309000,0.601320,5.890368,-3.000000
0.310000,0.607456,5.874351,-3.000000
0.311000,0.613592,5.874351,-3.000000
0.312000,0.619728,5.615121,-3.000000
0.313000,0.622796,5.615121,-3.000000
0.314000,0.628932,5.367349,-3.000000
0.315000,0.635068,5.367349,-3.000000
0.316000,0.641204,5.245811,-3.000000
0.317000,0.644272,5.245811,-3.000000
0.318000,0.650408,5.245811,-3.000000
0.319000,0.653476,4.911413,-3.000000
0.320000,0.659612,4.911413,-3.000000
0.321000,0.662680,4.911413,-3.000000
0.322000,0.665748,4.673827,-3.000000
0.323000,0.671884,4.673827,-3.000000
0.324000,0.674952,4.546087,-3.000000
0.325000,0.678020,4.311837,-3.000000
0.326000,0.684155,4.311837,-3.000000
0.327000,0.687223,4.311837,-3.000000
0.328000,0.690291,4.035464,-3.000000
0.329000,0.693359,4.035464,-3.000000
0.330000,0.696427,4.035464,-3.000000
0.331000,0.702563,3.684271,-3.000000
0.332000,0.705631,3.684271,-3.000000
0.333000,0.708699,3.684271,-3.000000
0.334000,0.711767,3.684271,-3.000000
0.335000,0.714835,3.262487,-3.000000
0.336000,0.714835,3.262487,-3.000000
0.337000,0.717903,3.262487,-3.000000
0.338000,0.720971,3.262487,-3.000000
0.339000,0.724039,3.043413,-3.000000
0.340000,0.727107,2.774361,-3.000000
0.341000,0.727107,2.774361,-3.000000
0.342000,0.730175,2.774361,-3.000000
0.343000,0.733243,2.774361,-3.000000
0.344000,0.733243,2.774361,-3.000000
0.345000,0.736311,2.367159,-3.000000
0.346000,0.736311,1.985472,-3.000000
0.347000,0.739379,2.252754,-3.000000
0.348000,0.739379,2.252754,-3.000000
0.349000,0.742447,2.252754,-3.000000
0.350000,0.742447,2.252754,-3.000000
0.351000,0.745515,2.252754,-3.000000
0.352000,0.745515,2.088158,-3.000000
0.353000,0.745515,1.783976,-3.000000
0.354000,0.745515,1.558008,-3.000000
0.355000,0.748583,1.381457,-3.000000
0.356000,0.748583,1.242144,-3.000000
0.357000,0.748583,1.127698,-3.000000
0.358000,0.748583,1.032625,-3.000000
0.359000,0.748583,0.952675,-3.000000
0.360000,0.748583,0.884152,-3.000000
0.361000,0.748583,0.824589,-3.000000
0.362000,0.748583,0.772845,-3.000000
0.363000,0.748583,0.726955,-3.000000
0.364000,0.748583,0.686431,-3.000000
0.365000,0.748583,0.649981,-3.000000
0.366000,0.748583,0.617371,-3.000000
0.367000,0.748583,0.587731,-3.000000
0.368000,0.748583,0.560960,-3.000000
0.369000,0.748583,0.536312,-3.000000
0.370000,0.745515,-0.513951,-3.000000
0.371000,0.745515,-0.493275,-3.000000
0.372000,0.745515,-0.474139,-3.000000
0.373000,0.745515,-0.456501,-3.000000
0.374000,0.742447,-1.541200,-3.000000
0.375000,0.742447,-1.541200,-3.000000
0.376000,0.739379,-1.541200,-3.000000
0.377000,0.739379,-1.541200,-3.000000
0.378000,0.739379,-1.541200,-3.000000
0.379000,0.736311,-1.541200,-3.000000
0.380000,0.736311,-1.541200,-3.000000
0.381000,0.733243,-1.541200,-3.000000
0.382000,0.730175,-0.445950,-3.000000
0.383000,0.730175,-0.445950,-3.000000
0.384000,0.727107,-0.445950,-3.000000
0.385000,0.727107,-0.445950,-3.000000
0.386000,0.724039,-0.445950,-3.000000
0.387000,0.720971,-0.445950,-3.000000
0.388000,0.717903,-1.770347,-3.000000
0.389000,0.717903,-1.770347,-3.000000
0.390000,0.714835,-1.770347,-3.000000
0.391000,0.711767,-1.770347,-3.000000
0.392000,0.708699,-1.770347,-3.000000
0.393000,0.708699,-1.770347,-3.000000
0.394000,0.705631,-2.246614,-3.000000
0.395000,0.702563,-2.246614,-3.000000
0.396000,0.699495,-2.246614,-3.000000
0.397000,0.696427,-2.246614,-3.000000
0.398000,0.693359,-2.624136,-3.000000
0.399000,0.690291,-2.624136,-3.000000
0.400000,0.687223,-2.624136,3.000000
0.401000,0.684155,-2.624136,3.000000
0.402000,0.681087,-2.927221,3.000000
0.403000,0.678020,-2.927221,3.000000
0.404000,0.674952,-2.927221,3.000000
0.405000,0.674952,-2.927221,3.000000
0.406000,0.671884,-2.898928,3.000000
0.407000,0.668816,-2.758200,3.000000
0.408000,0.665748,-2.758200,3.000000
0.409000,0.665748,-2.758200,3.000000
0.410000,0.662680,-2.758200,3.000000
0.411000,0.659612,-2.705508,3.000000
0.412000,0.659612,-2.218210,3.000000
0.413000,0.656544,-2.309916,3.000000
0.414000,0.656544,-2.309916,3.000000
0.415000,0.653476,-2.309916,3.000000
0.416000,0.653476,-2.309916,3.000000
0.417000,0.653476,-2.309916,3.000000
0.418000,0.650408,-2.291507,3.000000
0.419000,0.650408,-1.930767,3.000000
0.420000,0.650408,-1.668895,3.000000
0.421000,0.650408,-1.469543,3.000000
0.422000,0.650408,-1.312520,3.000000
0.423000,0.647340,-1.185053,3.000000
0.424000,0.647340,-1.080805,3.000000
0.425000,0.647340,-0.993690,3.000000
0.426000,0.647340,-0.919333,3.000000
0.427000,0.647340,-0.855022,3.000000
0.428000,0.647340,-0.799362,3.000000
0.429000,0.650408,0.750680,3.000000
0.430000,0.650408,0.707356,3.000000
0.431000,0.650408,0.668706,3.000000
0.432000,0.650408,0.634302,3.000000
0.433000,0.653476,1.510980,3.000000
0.434000,0.653476,1.510980,3.000000
0.435000,0.653476,1.510980,3.000000
0.436000,0.656544,1.510980,3.000000
0.437000,0.656544,1.510980,3.000000
0.438000,0.659612,1.510980,3.000000
0.439000,0.659612,1.510980,3.000000
0.440000,0.662680,1.510980,3.000000
0.441000,0.665748,0.609658,3.000000
0.442000,0.665748,0.609658,3.000000
0.443000,0.668816,0.609658,3.000000
0.444000,0.671884,0.609658,3.000000
0.445000,0.671884,0.609658,3.000000
0.446000,0.674952,0.609658,3.000000
0.447000,0.678020,1.947667,3.000000
0.448000,0.681087,1.947667,3.000000
0.449000,0.684155,1.947667,3.000000
0.450000,0.687223,1.947667,3.000000
0.451000,0.690291,2.665234,3.000000
0.452000,0.693359,2.665234,3.000000
0.453000,0.696427,2.665234,3.000000
0.454000,0.702563,3.227534,3.000000
0.455000,0.705631,3.227534,3.000000
0.456000,0.708699,3.227534,3.000000
0.457000,0.711767,3.227534,3.000000
0.458000,0.717903,3.667130,3.000000
0.459000,0.720971,3.667130,3.000000
0.460000,0.727107,4.094634,3.000000
0.461000,0.730175,4.094634,3.000000
0.462000,0.736311,4.094634,3.000000
0.463000,0.739379,4.488559,3.000000
0.464000,0.745515,4.488559,3.000000
0.465000,0.748583,4.488559,3.000000
0.466000,0.754719,4.863401,3.000000
0.467000,0.760854,4.863401,3.000000
0.468000,0.766990,5.184435,3.000000
0.469000,0.773126,5.184435,3.000000
0.470000,0.776194,5.496668,3.000000
0.471000,0.782330,5.496668,3.000000
0.472000,0.788466,5.786219,3.000000
0.473000,0.794602,5.786219,3.000000
0.474000,0.800738,6.062874,3.000000
0.475000,0.809942,6.062874,3.000000
0.476000,0.816078,6.350518,3.000000
0.477000,0.822214,6.350518,3.000000
0.478000,0.828350,6.598802,3.000000
0.479000,0.834486,6.598802,3.000000
0.480000,0.843689,6.858760,3.000000
0.481000,0.849825,7.123577,3.000000
0.482000,0.859029,7.123577,3.000000
0.483000,0.865165,7.311198,3.000000
0.484000,0.874369,7.528868,3.000000
0.485000,0.880505,7.528868,3.000000
0.486000,0.889709,7.758194,3.000000
0.487000,0.895845,7.758194,3.000000
0.488000,0.905049,7.914129,3.000000
0.489000,0.914253,8.083185,3.000000
0.490000,0.920388,8.083185,3.000000
0.491000,0.929592,8.288210,3.000000
0.492000,0.938796,8.397785,3.000000
0.493000,0.948000,8.600171,3.000000
0.494000,0.957204,8.600171,3.000000
0.495000,0.966408,8.739940,3.000000
0.496000,0.972544,8.901422,3.000000
0.497000,0.981748,8.901422,3.000000
0.498000,0.990952,9.049571,3.000000
0.499000,1.000155,9.120094,3.000000
0.500000,1.009359,9.268183,3.000000
0.501000,1.021631,9.386730,-3.000000
0.502000,1.030835,9.386730,-3.000000
0.503000,1.040039,9.440386,-3.000000
0.504000,1.049243,8.973108,-3.000000
0.505000,1.058447,8.857519,-3.000000
0.506000,1.064583,8.857519,-3.000000
0.507000,1.073787,9.033749,-3.000000
0.508000,1.082990,8.941055,-3.000000
0.509000,1.092194,8.941055,-3.000000
0.510000,1.098330,8.162638,-3.000000
0.511000,1.107534,8.392680,-3.000000
0.512000,1.113670,8.392680,-3.000000
0.513000,1.122874,7.762897,-3.000000
0.514000,1.129010,7.762897,-3.000000
0.515000,1.138214,7.691402,-3.000000
0.516000,1.144350,7.342122,-3.000000
0.517000,1.150486,7.342122,-3.000000
0.518000,1.156622,6.963628,-3.000000
0.519000,1.165825,6.963628,-3.000000
0.520000,1.171961,6.719901,-3.000000
0.521000,1.178097,6.719901,-3.000000
0.522000,1.184233,6.386043,-3.000000
0.523000,1.187301,6.386043,-3.000000
0.524000,1.193437,5.972509,-3.000000
0.525000,1.199573,5.972509,-3.000000
0.526000,1.205709,5.643057,-3.000000
0.527000,1.208777,5.643057,-3.000000
0.528000,1.214913,5.583293,-3.000000
0.529000,1.221049,5.226912,-3.000000
0.530000,1.224117,5.226912,-3.000000
0.531000,1.230253,4.829270,-3.000000
0.532000,1.233321,4.829270,-3.000000
0.533000,1.236389,4.829270,-3.000000
0.534000,1.242524,4.386392,-3.000000
0.535000,1.245592,4.386392,-3.000000
0.536000,1.248660,4.386392,-3.000000
0.537000,1.251728,3.902432,-3.000000
0.538000,1.254796,3.882335,-3.000000
0.539000,1.257864,3.882335,-3.000000
0.540000,1.260932,3.882335,-3.000000
0.541000,1.264000,3.245411,-3.000000
0.542000,1.267068,3.359887,-3.000000
0.543000,1.270136,3.359887,-3.000000
0.544000,1.273204,3.359887,-3.000000
0.545000,1.276272,3.223413,-3.000000
0.546000,1.276272,2.550944,-3.000000
0.547000,1.279340,2.772533,-3.000000
0.548000,1.282408,2.772533,-3.000000
0.549000,1.282408,2.772533,-3.000000
0.550000,1.285476,2.772533,-3.000000
0.551000,1.285476,2.569303,-3.000000
0.552000,1.288544,2.123749,-3.000000
0.553000,1.288544,1.811298,-3.000000
0.554000,1.288544,1.577865,-3.000000
0.555000,1.291612,2.030208,-3.000000
0.556000,1.291612,2.030208,-3.000000
0.557000,1.291612,2.030208,-3.000000
0.558000,1.291612,2.030208,-3.000000
0.559000,1.291612,2.030208,-3.000000
0.560000,1.291612,2.030208,-3.000000
0.561000,1.291612,1.867731,-3.000000
0.562000,1.291612,1.621976,-3.000000
0.563000,1.291612,1.431801,-3.000000
0.564000,1.291612,1.283314,-3.000000
0.565000,1.291612,1.161286,-3.000000
0.566000,1.291612,1.060683,-3.000000
0.567000,1.291612,0.976385,-3.000000
0.568000,1.288544,-0.904441,-3.000000
0.569000,1.288544,-0.842492,-3.000000
0.570000,1.288544,-0.788376,-3.000000
0.571000,1.285476,-0.740809,-3.000000
0.572000,1.285476,-0.698493,-3.000000
0.573000,1.282408,-0.676220,-3.000000
0.574000,1.282408,-0.676220,-3.000000
0.575000,1.279340,-0.676220,-3.000000
0.576000,1.279340,-0.676220,-3.000000
0.577000,1.276272,-0.676220,-3.000000
0.578000,1.273204,-0.676220,-3.000000
0.579000,1.270136,-1.483428,-3.000000
0.580000,1.267068,-1.483428,-3.000000
0.581000,1.267068,-1.483428,-3.000000
0.582000,1.264000,-1.483428,-3.000000
0.583000,1.260932,-1.483428,-3.000000
0.584000,1.257864,-2.373085,-3.000000
0.585000,1.254796,-2.373085,-3.000000
0.586000,1.251728,-2.373085,-3.000000
0.587000,1.248660,-2.373085,-3.000000
0.588000,1.242524,-3.013057,-3.000000
0.589000,1.239456,-3.013057,-3.000000
0.590000,1.236389,-3.013057,-3.000000
0.591000,1.233321,-3.529548,-3.000000
0.592000,1.227185,-3.529548,-3.000000
0.593000,1.224117,-3.529548,-3.000000
0.594000,1.217981,-3.965749,-3.000000
0.595000,1.214913,-3.965749,-3.000000
0.596000,1.208777,-4.392061,-3.000000
0.597000,1.205709,-4.392061,-3.000000
0.598000,1.199573,-4.392061,-3.000000
0.599000,1.193437,-4.789403,-3.000000
0.600000,1.190369,-4.789403,-3.000000
0.601000,1.184233,-5.147617,3.000000
0.602000,1.178097,-5.147617,3.000000
0.603000,1.175029,-5.147617,3.000000
0.604000,1.168893,-5.498618,3.000000
0.605000,1.162757,-5.498618,3.000000
0.606000,1.156622,-5.115963,3.000000
0.607000,1.153554,-5.115963,3.000000
0.608000,1.147418,-5.355961,3.000000
0.609000,1.141282,-5.355961,3.000000
0.610000,1.138214,-5.340649,3.000000
0.611000,1.132078,-5.218515,3.000000
0.612000,1.125942,-5.218515,3.000000
0.613000,1.122874,-5.129834,3.000000
0.614000,1.116738,-5.129834,3.000000
0.615000,1.113670,-5.015200,3.000000
0.616000,1.107534,-4.774650,3.000000
0.617000,1.104466,-4.774650,3.000000
0.618000,1.098330,-4.672517,3.000000
0.619000,1.095262,-4.672517,3.000000
0.620000,1.089126,-4.672517,3.000000
0.621000,1.086058,-4.382846,3.000000
0.622000,1.082990,-4.382846,3.000000
0.623000,1.079922,-4.382846,3.000000
0.624000,1.073787,-4.085962,3.000000
0.625000,1.070719,-4.085962,3.000000
0.626000,1.067651,-4.085962,3.000000
0.627000,1.064583,-3.867314,3.000000
0.628000,1.061515,-3.791377,3.000000
0.629000,1.058447,-3.791377,3.000000
0.630000,1.052311,-3.791377,3.000000
0.631000,1.052311,-3.240080,3.000000
0.632000,1.049243,-3.442528,3.000000
0.633000,1.046175,-3.442528,3.000000
0.634000,1.043107,-3.442528,3.000000
0.635000,1.040039,-3.093537,3.000000
0.636000,1.036971,-3.000818,3.000000
0.637000,1.033903,-3.000818,3.000000
0.638000,1.033903,-3.000818,3.000000
0.639000,1.030835,-3.000818,3.000000
0.640000,1.027767,-2.708959,3.000000
0.641000,1.024699,-2.221757,3.000000
0.642000,1.024699,-2.486801,3.000000
0.643000,1.021631,-2.486801,3.000000
0.644000,1.021631,-2.486801,3.000000
0.645000,1.018563,-2.486801,3.000000
0.646000,1.018563,-2.466909,3.000000
0.647000,1.015495,-2.053646,3.000000
0.648000,1.015495,-1.757759,3.000000
0.649000,1.015495,-1.539154,3.000000
0.650000,1.012427,-1.843254,3.000000
0.651000,1.012427,-1.843254,3.000000
0.652000,1.012427,-1.843254,3.000000
0.653000,1.012427,-1.843254,3.000000
0.654000,1.012427,-1.843254,3.000000
0.655000,1.012427,-1.843254,3.000000
0.656000,1.012427,-1.843254,3.000000
0.657000,1.012427,-1.750561,3.000000
0.658000,1.012427,-1.532478,3.000000
0.659000,1.012427,-1.363187,3.000000
0.660000,1.012427,-1.227197,3.000000
0.661000,1.012427,-1.115297,3.000000
0.662000,1.012427,-1.022104,3.000000
0.663000,1.012427,-0.943388,3.000000
0.664000,1.012427,-0.876287,3.000000
0.665000,1.015495,0.817848,3.000000
0.666000,1.015495,0.766847,3.000000
0.667000,1.015495,0.721777,3.000000
0.668000,1.018563,0.681554,3.000000
0.669000,1.018563,0.645583,3.000000
0.670000,1.021631,0.634450,3.000000
0.671000,1.021631,0.634450,3.000000
0.672000,1.024699,0.634450,3.000000
0.673000,1.024699,0.634450,3.000000
0.674000,1.027767,0.634450,3.000000
0.675000,1.030835,0.634450,3.000000
0.676000,1.033903,1.370038,3.000000
0.677000,1.033903,1.370038,3.000000
0.678000,1.036971,1.370038,3.000000
0.679000,1.040039,1.370038,3.000000
0.680000,1.043107,1.370038,3.000000
0.681000,1.046175,2.222970,3.000000
0.682000,1.049243,2.222970,3.000000
0.683000,1.052311,2.222970,3.000000
0.684000,1.055379,2.222970,3.000000
0.685000,1.058447,2.794057,3.000000
0.686000,1.061515,2.794057,3.000000
0.687000,1.064583,2.794057,3.000000
0.688000,1.067651,2.794057,3.000000
0.689000,1.070719,3.229268,3.000000
0.690000,1.073787,3.229268,3.000000
0.691000,1.079922,3.229268,3.000000
0.692000,1.082990,3.640492,3.000000
0.693000,1.086058,3.640492,3.000000
0.694000,1.092194,3.640492,3.000000
0.695000,1.095262,3.981672,3.000000
0.696000,1.098330,3.981672,3.000000
0.697000,1.104466,3.981672,3.000000
0.698000,1.107534,4.281291,3.000000
0.699000,1.113670,4.281291,3.000000
0.700000,1.116738,4.281291,-3.000000
0.701000,1.122874,4.598637,-3.000000
0.702000,1.125942,4.598637,-3.000000
0.703000,1.132078,4.435718,-3.000000
0.704000,1.135146,4.435718,-3.000000
0.705000,1.141282,4.435718,-3.000000
0.706000,1.144350,4.838897,-3.000000
0.707000,1.150486,4.838897,-3.000000
0.708000,1.153554,4.838897,-3.000000
0.709000,1.156622,4.219284,-3.000000
0.710000,1.159689,4.219284,-3.000000
0.711000,1.162757,4.219284,-3.000000
0.712000,1.168893,3.880085,-3.000000
0.713000,1.171961,3.880085,-3.000000
0.714000,1.175029,3.880085,-3.000000
0.715000,1.178097,3.880085,-3.000000
0.716000,1.181165,3.314041,-3.000000
0.717000,1.181165,3.314041,-3.000000
0.718000,1.184233,3.314041,-3.000000
0.719000,1.187301,3.314041,-3.000000
0.720000,1.190369,2.973441,-3.000000
0.721000,1.193437,2.844574,-3.000000
0.722000,1.193437,2.844574,-3.000000
0.723000,1.196505,2.844574,-3.000000
0.724000,1.199573,2.844574,-3.000000
0.725000,1.199573,2.844574,-3.000000
0.726000,1.199573,2.355949,-3.000000
0.727000,1.202641,1.976404,-3.000000
0.728000,1.202641,1.701348,-3.000000
0.729000,1.205709,2.102744,-3.000000
0.730000,1.205709,2.102744,-3.000000
0.731000,1.205709,2.102744,-3.000000
0.732000,1.205709,2.102744,-3.000000
0.733000,1.208777,2.102744,-3.000000
0.734000,1.208777,2.102744,-3.000000
0.735000,1.208777,1.857928,-3.000000
0.736000,1.208777,1.611839,-3.000000
0.737000,1.208777,1.424141,-3.000000
0.738000,1.208777,1.276871,-3.000000
0.739000,1.208777,1.156226,-3.000000
0.740000,1.205709,-1.057451,-3.000000
0.741000,1.205709,-0.973011,-3.000000
0.742000,1.205709,-0.901685,-3.000000
0.743000,1.205709,-0.839950,-3.000000
0.744000,1.202641,-0.786077,-3.000000
0.745000,1.202641,-0.738754,-3.000000
0.746000,1.202641,-0.696766,-3.000000
0.747000,1.199573,-0.659195,-3.000000
0.748000,1.199573,-0.625781,-3.000000
0.749000,1.196505,-0.613984,-3.000000
0.750000,1.196505,-0.613984,-3.000000
0.751000,1.193437,-0.613984,-3.000000
0.752000,1.190369,-0.613984,-3.000000
0.753000,1.190369,-0.613984,-3.000000
0.754000,1.187301,-0.613984,-3.000000
0.755000,1.184233,-1.565589,-3.000000
0.756000,1.181165,-1.565589,-3.000000
0.757000,1.178097,-1.565589,-3.000000
0.758000,1.175029,-1.565589,-3.000000
0.759000,1.175029,-1.565589,-3.000000
0.760000,1.171961,-2.396487,-3.000000
0.761000,1.168893,-2.396487,-3.000000
0.762000,1.162757,-2.396487,-3.000000
0.763000,1.159689,-2.945538,-3.000000
0.764000,1.156622,-2.945538,-3.000000
0.765000,1.153554,-2.945538,-3.000000
0.766000,1.150486,-2.945538,-3.000000
0.767000,1.147418,-3.378812,-3.000000
0.768000,1.144350,-3.378812,-3.000000
0.769000,1.138214,-3.378812,-3.000000
0.770000,1.135146,-3.739295,-3.000000
0.771000,1.132078,-3.739295,-3.000000
0.772000,1.125942,-3.739295,-3.000000
0.773000,1.122874,-4.080886,-3.000000
0.774000,1.116738,-4.080886,-3.000000
0.775000,1.113670,-4.080886,-3.000000
0.776000,1.107534,-4.372349,-3.000000
0.777000,1.104466,-4.372349,-3.000000
0.778000,1.098330,-4.608543,-3.000000
0.779000,1.095262,-4.608543,-3.000000
0.780000,1.089126,-4.608543,-3.000000
0.781000,1.082990,-4.853490,-3.000000
0.782000,1.079922,-4.853490,-3.000000
0.783000,1.073787,-5.052279,-3.000000
0.784000,1.067651,-5.052279,-3.000000
0.785000,1.061515,-5.215681,-3.000000
0.786000,1.058447,-5.215681,-3.000000
0.787000,1.052311,-5.215681,-3.000000
0.788000,1.046175,-5.389086,-3.000000
0.789000,1.040039,-5.389086,-3.000000
0.790000,1.033903,-5.538774,-3.000000
0.791000,1.027767,-5.538774,-3.000000
0.792000,1.024699,-5.637296,-3.000000
0.793000,1.018563,-5.637296,-3.000000
0.794000,1.012427,-5.793997,-3.000000
0.795000,1.006291,-5.793997,-3.000000
0.796000,1.000155,-5.893040,-3.000000
0.797000,0.994020,-5.893040,-3.000000
0.798000,0.987884,-5.974164,-3.000000
0.799000,0.981748,-5.974164,-3.000000
0.800000,0.975612,-6.095120,3.000000
0.801000,0.969476,-6.095120,3.000000
0.802000,0.963340,-6.163875,3.000000
0.803000,0.957204,-6.163875,3.000000
0.804000,0.951068,-5.635463,3.000000
0.805000,0.948000,-5.635463,3.000000
0.806000,0.941864,-5.635463,3.000000
0.807000,0.935728,-5.679037,3.000000
0.808000,0.932660,-5.679037,3.000000
0.809000,0.926524,-5.120678,3.000000
0.810000,0.920388,-5.120678,3.000000
0.811000,0.917321,-5.120678,3.000000
0.812000,0.911185,-4.977960,3.000000
0.813000,0.908117,-4.977960,3.000000
0.814000,0.901981,-4.574780,3.000000
0.815000,0.898913,-4.574780,3.000000
0.816000,0.895845,-4.574780,3.000000
0.817000,0.892777,-4.086623,3.000000
0.818000,0.886641,-4.224893,3.000000
0.819000,0.883573,-4.224893,3.000000
0.820000,0.880505,-4.224893,3.000000
0.821000,0.877437,-3.665122,3.000000
0.822000,0.874369,-3.665122,3.000000
0.823000,0.871301,-3.665122,3.000000
0.824000,0.868233,-3.665122,3.000000
0.825000,0.865165,-3.135617,3.000000
0.826000,0.865165,-3.135617,3.000000
0.827000,0.862097,-3.135617,3.000000
0.828000,0.859029,-3.135617,3.000000
0.829000,0.855961,-3.015607,3.000000
0.830000,0.855961,-2.424860,3.000000
0.831000,0.852893,-2.633436,3.000000
0.832000,0.849825,-2.633436,3.000000
0.833000,0.849825,-2.633436,3.000000
0.834000,0.849825,-2.633436,3.000000
0.835000,0.846757,-2.609342,3.000000
0.836000,0.846757,-2.152709,3.000000
0.837000,0.843689,-1.831440,3.000000
0.838000,0.843689,-1.593605,3.000000
0.839000,0.843689,-1.410474,3.000000
0.840000,0.840621,-1.826568,3.000000
0.841000,0.840621,-1.826568,3.000000
0.842000,0.840621,-1.826568,3.000000
0.843000,0.840621,-1.826568,3.000000
0.844000,0.840621,-1.826568,3.000000
0.845000,0.840621,-1.826568,3.000000
0.846000,0.840621,-1.826568,3.000000
0.847000,0.840621,-1.711826,3.000000
0.848000,0.840621,-1.502885,3.000000
0.849000,0.840621,-1.338118,3.000000
0.850000,0.840621,-1.206994,3.000000
0.851000,0.840621,-1.099335,3.000000
0.852000,0.840621,-1.008652,3.000000
0.853000,0.843689,0.932017,3.000000
0.854000,0.843689,0.866110,3.000000
0.855000,0.843689,0.809239,3.000000
0.856000,0.846757,0.759148,3.000000
0.857000,0.846757,0.714900,3.000000
0.858000,0.849825,0.676785,3.000000
0.859000,0.849825,0.676785,3.000000
0.860000,0.852893,0.676785,3.000000
0.861000,0.852893,0.676785,3.000000
0.862000,0.855961,0.676785,3.000000
0.863000,0.855961,0.676785,3.000000
0.864000,0.859029,0.676785,3.000000
0.865000,0.862097,1.326228,3.000000
0.866000,0.865165,1.326228,3.000000
0.867000,0.865165,1.326228,3.000000
0.868000,0.868233,1.326228,3.000000
0.869000,0.871301,1.326228,3.000000
0.870000,0.874369,2.200104,3.000000
0.871000,0.877437,2.200104,3.000000
0.872000,0.880505,2.200104,3.000000
0.873000,0.883573,2.200104,3.000000
0.874000,0.886641,2.824929,3.000000
0.875000,0.889709,2.824929,3.000000
0.876000,0.892777,2.824929,3.000000
0.877000,0.898913,3.348871,3.000000
0.878000,0.901981,3.348871,3.000000
0.879000,0.905049,3.348871,3.000000
0.880000,0.911185,3.779910,3.000000
0.881000,0.914253,3.779910,3.000000
0.882000,0.917321,3.779910,3.000000
0.883000,0.923456,4.191483,3.000000
0.884000,0.929592,4.191483,3.000000
0.885000,0.932660,4.191483,3.000000
0.886000,0.938796,4.567354,3.000000
0.887000,0.941864,4.567354,3.000000
0.888000,0.948000,4.921973,3.000000
0.889000,0.954136,4.921973,3.000000
0.890000,0.960272,5.277867,3.000000
0.891000,0.963340,5.277867,3.000000
0.892000,0.969476,5.277867,3.000000
0.893000,0.975612,5.598044,3.000000
0.894000,0.981748,5.598044,3.000000
0.895000,0.987884,5.921991,3.000000
0.896000,0.997088,6.186359,3.000000
0.897000,1.006291,6.186359,3.000000
0.898000,1.012427,6.484178,3.000000
0.899000,1.018563,6.484178,3.000000
0.900000,1.024699,6.777061,3.000000
0.901000,1.033903,6.777061,-3.000000
0.902000,1.040039,7.011371,-3.000000
0.903000,1.046175,7.011371,-3.000000
0.904000,1.055379,6.978312,-3.000000
0.905000,1.061515,7.192174,-3.000000
0.906000,1.067651,7.192174,-3.000000
0.907000,1.073787,6.871990,-3.000000
0.908000,1.082990,6.871990,-3.000000
0.909000,1.089126,6.979304,-3.000000
0.910000,1.095262,6.979304,-3.000000
0.911000,1.101398,6.927973,-3.000000
0.912000,1.107534,6.750861,-3.000000
0.913000,1.113670,6.730497,-3.000000
0.914000,1.122874,6.471308,-3.000000
0.915000,1.129010,6.471308,-3.000000
0.916000,1.135146,6.320852,-3.000000
0.917000,1.141282,6.320852,-3.000000
0.918000,1.147418,6.077804,-3.000000
0.919000,1.150486,6.077804,-3.000000
0.920000,1.156622,6.077804,-3.000000
0.921000,1.162757,5.873844,-3.000000
0.922000,1.168893,5.873844,-3.000000
0.923000,1.175029,5.594110,-3.000000
0.924000,1.178097,5.594110,-3.000000
0.925000,1.184233,5.306744,-3.000000
0.926000,1.187301,5.306744,-3.000000
0.927000,1.193437,5.306744,-3.000000
0.928000,1.199573,5.031450,-3.000000
0.929000,1.202641,5.031450,-3.000000
0.930000,1.208777,4.517267,-3.000000
0.931000,1.211845,4.675286,-3.000000
0.932000,1.214913,4.675286,-3.000000
0.933000,1.217981,4.121796,-3.000000
0.934000,1.224117,4.259456,-3.000000
0.935000,1.227185,4.259456,-3.000000
0.936000,1.230253,4.137720,-3.000000
0.937000,1.233321,3.849069,-3.000000
0.938000,1.236389,3.849069,-3.000000
0.939000,1.239456,3.849069,-3.000000
0.940000,1.242524,3.416993,-3.000000
0.941000,1.245592,3.393698,-3.000000
0.942000,1.248660,3.393698,-3.000000
0.943000,1.251728,3.393698,-3.000000
0.944000,1.254796,3.365108,-3.000000
0.945000,1.254796,2.642920,-3.000000
0.946000,1.257864,2.817579,-3.000000
0.947000,1.260932,2.817579,-3.000000
0.948000,1.260932,2.817579,-3.000000
0.949000,1.264000,2.817579,-3.000000
0.950000,1.264000,2.593778,-3.000000
0.951000,1.267068,2.140329,-3.000000
0.952000,1.267068,1.821999,-3.000000
0.953000,1.267068,1.587376,-3.000000
0.954000,1.270136,2.072378,-3.000000
0.955000,1.270136,2.072378,-3.000000
0.956000,1.270136,2.072378,-3.000000
0.957000,1.270136,2.072378,-3.000000
0.958000,1.270136,2.072378,-3.000000
0.959000,1.273204,2.072378,-3.000000
0.960000,1.273204,1.775487,-3.000000
0.961000,1.273204,1.550539,-3.000000
0.962000,1.273204,1.376520,-3.000000
0.963000,1.270136,-1.237728,-3.000000
0.964000,1.270136,-1.124160,-3.000000
0.965000,1.270136,-1.030020,-3.000000
0.966000,1.270136,-0.950529,-3.000000
0.967000,1.270136,-0.882106,-3.000000
0.968000,1.267068,-0.823346,-3.000000
0.969000,1.267068,-0.771149,-3.000000
0.970000,1.264000,-0.725559,-3.000000
0.971000,1.264000,-0.684932,-3.000000
0.972000,1.264000,-0.648725,-3.000000
0.973000,1.260932,-0.648918,-3.000000
0.974000,1.257864,-0.648918,-3.000000
0.975000,1.257864,-0.648918,-3.000000
0.976000,1.254796,-0.648918,-3.000000
0.977000,1.251728,-0.648918,-3.000000
0.978000,1.251728,-0.648918,-3.000000
0.979000,1.248660,-1.554636,-3.000000
0.980000,1.245592,-1.554636,-3.000000
0.981000,1.242524,-1.554636,-3.000000
0.982000,1.239456,-1.554636,-3.000000
0.983000,1.236389,-2.439212,-3.000000
0.984000,1.233321,-2.439212,-3.000000
0.985000,1.230253,-2.439212,-3.000000
0.986000,1.227185,-2.439212,-3.000000
0.987000,1.224117,-3.033112,-3.000000
0.988000,1.217981,-3.033112,-3.000000
0.989000,1.214913,-3.033112,-3.000000
0.990000,1.211845,-3.525633,-3.000000
0.991000,1.208777,-3.525633,-3.000000
0.992000,1.202641,-3.525633,-3.000000
0.993000,1.199573,-3.948788,-3.000000
0.994000,1.193437,-3.948788,-3.000000
0.995000,1.190369,-3.948788,-3.000000
0.996000,1.184233,-4.341370,-3.000000
0.997000,1.181165,-4.341370,-3.000000
0.998000,1.175029,-4.685302,-3.000000
0.999000,1.168893,-4.685302,-3.000000
1.000000,1.165825,-4.685302,-3.000000
1.001000,1.159689,-5.006022,3.000000
1.002000,1.153554,-5.006022,3.000000
1.003000,1.150486,-5.310285,3.000000
1.004000,1.144350,-5.310285,3.000000
1.005000,1.138214,-4.977091,3.000000
1.006000,1.135146,-4.977091,3.000000
1.007000,1.129010,-4.977091,3.000000
1.008000,1.122874,-5.271475,3.000000
1.009000,1.119806,-5.271475,3.000000
1.010000,1.113670,-4.674173,3.000000
1.011000,1.110602,-4.674173,3.000000
1.012000,1.107534,-4.674173,3.000000
1.013000,1.101398,-4.609168,3.000000
1.014000,1.098330,-4.609168,3.000000
1.015000,1.095262,-4.609168,3.000000
1.016000,1.089126,-4.161300,3.000000
1.017000,1.086058,-4.161300,3.000000
1.018000,1.082990,-4.161300,3.000000
1.019000,1.079922,-3.915280,3.000000
1.020000,1.076855,-3.780784,3.000000
1.021000,1.073787,-3.780784,3.000000
1.022000,1.070719,-3.780784,3.000000
1.023000,1.067651,-3.281986,3.000000
1.024000,1.064583,-3.375766,3.000000
1.025000,1.061515,-3.375766,3.000000
1.026000,1.058447,-3.375766,3.000000
1.027000,1.055379,-3.211113,3.000000
1.028000,1.052311,-2.876364,3.000000
1.029000,1.052311,-2.876364,3.000000
1.030000,1.049243,-2.876364,3.000000
1.031000,1.049243,-2.876364,3.000000
1.032000,1.046175,-2.876364,3.000000
1.033000,1.043107,-2.433288,3.000000
1.034000,1.043107,-2.030376,3.000000
1.035000,1.040039,-2.209441,3.000000
1.036000,1.040039,-2.209441,3.000000
1.037000,1.040039,-2.209441,3.000000
1.038000,1.036971,-2.209441,3.000000
1.039000,1.036971,-2.209441,3.000000
1.040000,1.036971,-2.209441,3.000000
1.041000,1.033903,-1.955443,3.000000
1.042000,1.033903,-1.686436,3.000000
1.043000,1.033903,-1.483100,3.000000
1.044000,1.033903,-1.323045,3.000000
1.045000,1.033903,-1.193490,3.000000
1.046000,1.033903,-1.088462,3.000000
1.047000,1.033903,-0.999688,3.000000
1.048000,1.033903,-0.923916,3.000000
1.049000,1.033903,-0.859641,3.000000
1.050000,1.033903,-0.803347,3.000000
1.051000,1.033903,-0.753710,3.000000
1.052000,1.036971,-1.235944,3.000000
1.053000,1.036971,-1.235944,3.000000
1.054000,1.036971,-1.235944,3.000000
1.055000,1.036971,-1.235944,3.000000
1.056000,1.040039,-1.235944,3.000000
1.057000,1.040039,-1.235944,3.000000
1.058000,1.043107,-1.235944,3.000000
1.059000,1.043107,-1.235944,3.000000
1.060000,1.046175,-1.235944,3.000000
1.061000,1.046175,-1.235944,3.000000
1.062000,1.049243,0.736318,3.000000
1.063000,1.049243,0.736318,3.000000
1.064000,1.052311,0.736318,3.000000
1.065000,1.055379,0.736318,3.000000
1.066000,1.058447,0.736318,3.000000
1.067000,1.058447,0.736318,3.000000
1.068000,1.061515,1.784199,3.000000
1.069000,1.064583,1.784199,3.000000
1.070000,1.067651,1.784199,3.000000
1.071000,1.070719,1.784199,3.000000
1.072000,1.073787,2.426578,3.000000
1.073000,1.076855,2.426578,3.000000
1.074000,1.079922,2.426578,3.000000
1.075000,1.082990,2.426578,3.000000
1.076000,1.086058,2.933675,3.000000
1.077000,1.089126,2.933675,3.000000
1.078000,1.092194,2.933675,3.000000
1.079000,1.095262,2.933675,3.000000
1.080000,1.101398,3.335861,3.000000
1.081000,1.104466,3.335861,3.000000
1.082000,1.107534,3.335861,3.000000
1.083000,1.110602,3.670054,3.000000
1.084000,1.116738,3.670054,3.000000
1.085000,1.119806,3.670054,3.000000
1.086000,1.122874,3.979377,3.000000
1.087000,1.129010,3.979377,3.000000
1.088000,1.132078,3.979377,3.000000
1.089000,1.138214,4.225802,3.000000
1.090000,1.141282,4.225802,3.000000
1.091000,1.147418,4.465354,3.000000
1.092000,1.150486,4.465354,3.000000
1.093000,1.156622,4.465354,3.000000
1.094000,1.159689,4.671800,3.000000
1.095000,1.165825,4.671800,3.000000
1.096000,1.171961,4.870747,3.000000
1.097000,1.175029,4.870747,3.000000
1.098000,1.181165,4.870747,3.000000
1.099000,1.187301,5.043829,3.000000
1.100000,1.190369,5.043829,-3.000000
1.101000,1.196505,5.212635,-3.000000
1.102000,1.202641,5.212635,-3.000000
1.103000,1.205709,5.024840,-3.000000
1.104000,1.211845,4.982901,-3.000000
1.105000,1.217981,4.982901,-3.000000
1.106000,1.221049,4.988724,-3.000000
1.107000,1.224117,4.988724,-3.000000
1.108000,1.230253,4.988724,-3.000000
1.109000,1.233321,4.576509,-3.000000
1.110000,1.239456,4.576509,-3.000000
1.111000,1.242524,4.576509,-3.000000
1.112000,1.245592,4.134274,-3.000000
1.113000,1.248660,4.134274,-3.000000
1.114000,1.251728,4.134274,-3.000000
1.115000,1.254796,3.638094,-3.000000
1.116000,1.257864,3.690488,-3.000000
1.117000,1.260932,3.690488,-3.000000
1.118000,1.264000,3.690488,-3.000000
1.119000,1.267068,3.156576,-3.000000
1.120000,1.270136,3.142576,-3.000000
1.121000,1.273204,3.142576,-3.000000
1.122000,1.273204,3.142576,-3.000000
1.123000,1.276272,3.142576,-3.000000
1.124000,1.279340,2.704233,-3.000000
1.125000,1.279340,2.217275,-3.000000
1.126000,1.282408,2.469578,-3.000000
1.127000,1.282408,2.469578,-3.000000
1.128000,1.285476,2.469578,-3.000000
1.129000,1.285476,2.469578,-3.000000
1.130000,1.285476,2.469578,-3.000000
1.131000,1.288544,2.206974,-3.000000
1.132000,1.288544,1.871544,-3.000000
1.133000,1.288544,1.623299,-3.000000
1.134000,1.288544,1.433020,-3.000000
1.135000,1.288544,1.283280,-3.000000
1.136000,1.291612,1.162010,-3.000000
1.137000,1.291612,1.061146,-3.000000
1.138000,1.291612,0.977573,-3.000000
1.139000,1.291612,0.905184,-3.000000
1.140000,1.288544,-0.842870,-3.000000
1.141000,1.288544,-0.788540,-3.000000
1.142000,1.288544,-0.741198,-3.000000
1.143000,1.288544,-0.698631,-3.000000
1.144000,1.288544,-0.661313,-3.000000
1.145000,1.285476,-1.522186,-3.000000
1.146000,1.285476,-1.522186,-3.000000
1.147000,1.282408,-1.522186,-3.000000
1.148000,1.282408,-1.522186,-3.000000
1.149000,1.282408,-1.522186,-3.000000
1.150000,1.279340,-1.522186,-3.000000
1.151000,1.276272,-1.522186,-3.000000
1.152000,1.276272,-1.522186,-3.000000
1.153000,1.273204,-0.650565,-3.000000
1.154000,1.270136,-0.650565,-3.000000
1.155000,1.270136,-0.650565,-3.000000
1.156000,1.267068,-0.650565,-3.000000
1.157000,1.264000,-0.650565,-3.000000
1.158000,1.260932,-2.056983,-3.000000
1.159000,1.257864,-2.056983,-3.000000
1.160000,1.254796,-2.056983,-3.000000
1.161000,1.251728,-2.056983,-3.000000
1.162000,1.248660,-2.774082,-3.000000
1.163000,1.245592,-2.774082,-3.000000
1.164000,1.239456,-2.774082,-3.000000
1.165000,1.236389,-3.319619,-3.000000
1.166000,1.233321,-3.319619,-3.000000
1.167000,1.230253,-3.319619,-3.000000
1.168000,1.224117,-3.797814,-3.000000
1.169000,1.221049,-3.797814,-3.000000
1.170000,1.214913,-3.797814,-3.000000
1.171000,1.211845,-4.243703,-3.000000
1.172000,1.205709,-4.243703,-3.000000
1.173000,1.202641,-4.243703,-3.000000
1.174000,1.196505,-4.635526,-3.000000
1.175000,1.190369,-4.635526,-3.000000
1.176000,1.187301,-5.010678,-3.000000
1.177000,1.181165,-5.010678,-3.000000
1.178000,1.175029,-5.328121,-3.000000
1.179000,1.168893,-5.328121,-3.000000
1.180000,1.162757,-5.658814,-3.000000
1.181000,1.156622,-5.658814,-3.000000
1.182000,1.150486,-5.947383,-3.000000
1.183000,1.144350,-5.947383,-3.000000
1.184000,1.138214,-6.228837,-3.000000
1.185000,1.132078,-6.228837,-3.000000
1.186000,1.125942,-6.496812,-3.000000
1.187000,1.119806,-6.496812,-3.000000
1.188000,1.110602,-6.753493,-3.000000
1.189000,1.104466,-6.753493,-3.000000
1.190000,1.098330,-6.978477,-3.000000
1.191000,1.089126,-7.197505,-3.000000
1.192000,1.082990,-7.197505,-3.000000
1.193000,1.073787,-7.444940,-3.000000
1.194000,1.067651,-7.444940,-3.000000
1.195000,1.058447,-7.596053,-3.000000
1.196000,1.052311,-7.825324,-3.000000
1.197000,1.043107,-7.825324,-3.000000
1.198000,1.033903,-8.019431,-3.000000
1.199000,1.027767,-8.136930,-3.000000
1.200000,1.018563,-8.136930,-3.000000
1.201000,1.009359,-8.349299,3.000000
1.202000,1.000155,-8.497528,3.000000
1.203000,0.994020,-8.497528,3.000000
1.204000,0.984816,-7.919307,3.000000
1.205000,0.975612,-8.514396,3.000000
1.206000,0.969476,-8.514396,3.000000
1.207000,0.960272,-8.211950,3.000000
1.208000,0.954136,-7.967653,3.000000
1.209000,0.944932,-7.967653,3.000000
1.210000,0.938796,-7.594291,3.000000
1.211000,0.929592,-7.608481,3.000000
1.212000,0.923456,-7.608481,3.000000
1.213000,0.917321,-7.139983,3.000000
1.214000,0.911185,-7.139983,3.000000
1.215000,0.901981,-6.866436,3.000000
1.216000,0.895845,-6.866436,3.000000
1.217000,0.889709,-6.721281,3.000000
1.218000,0.883573,-6.721281,3.000000
1.219000,0.877437,-6.342631,3.000000
1.220000,0.871301,-6.342631,3.000000
1.221000,0.868233,-6.015120,3.000000
1.222000,0.862097,-6.015120,3.000000
1.223000,0.855961,-5.645004,3.000000
1.224000,0.849825,-5.645004,3.000000
1.225000,0.846757,-5.410403,3.000000
1.226000,0.840621,-5.352101,3.000000
1.227000,0.837554,-5.352101,3.000000
1.228000,0.831418,-4.905468,3.000000
1.229000,0.828350,-4.905468,3.000000
1.230000,0.822214,-4.905468,3.000000
1.231000,0.819146,-4.511823,3.000000
1.232000,0.816078,-4.511823,3.000000
1.233000,0.809942,-4.511823,3.000000
1.234000,0.806874,-4.040373,3.000000
1.235000,0.803806,-4.040373,3.000000
1.236000,0.800738,-4.040373,3.000000
1.237000,0.797670,-3.837167,3.000000
1.238000,0.794602,-3.544656,3.000000
1.239000,0.791534,-3.544656,3.000000
1.240000,0.788466,-3.544656,3.000000
1.241000,0.785398,-3.532059,3.000000
1.242000,0.785398,-2.741657,3.000000
1.243000,0.782330,-2.999525,3.000000
1.244000,0.779262,-2.999525,3.000000
1.245000,0.776194,-2.999525,3.000000
1.246000,0.776194,-2.999525,3.000000
1.247000,0.773126,-2.496110,3.000000
1.248000,0.773126,-2.074300,3.000000
1.249000,0.770058,-2.332595,3.000000
1.250000,0.770058,-2.332595,3.000000
1.251000,0.766990,-2.332595,3.000000
1.252000,0.766990,-2.332595,3.000000
1.253000,0.766990,-2.332595,3.000000
1.254000,0.766990,-2.213348,3.000000
1.255000,0.763922,-1.873811,3.000000
1.256000,0.763922,-1.627320,3.000000
1.257000,0.763922,-1.435779,3.000000
1.258000,0.763922,-1.285324,3.000000
1.259000,0.763922,-1.163781,3.000000
1.260000,0.763922,-1.062937,3.000000
1.261000,0.763922,-0.978148,3.000000
1.262000,0.763922,-0.906138,3.000000
1.263000,0.763922,-0.843914,3.000000
1.264000,0.763922,-0.789379,3.000000
1.265000,0.766990,-1.316255,3.000000
1.266000,0.766990,-1.316255,3.000000
1.267000,0.766990,-1.316255,3.000000
1.268000,0.766990,-1.316255,3.000000
1.269000,0.770058,-1.316255,3.000000
1.270000,0.770058,-1.316255,3.000000
1.271000,0.773126,-1.316255,3.000000
1.272000,0.773126,-1.316255,3.000000
1.273000,0.776194,-1.316255,3.000000
1.274000,0.776194,-1.316255,3.000000
1.275000,0.779262,0.754408,3.000000
1.276000,0.782330,0.754408,3.000000
1.277000,0.782330,0.754408,3.000000
1.278000,0.785398,0.754408,3.000000
1.279000,0.788466,0.754408,3.000000
1.280000,0.791534,1.885929,3.000000
1.281000,0.794602,1.885929,3.000000
1.282000,0.797670,1.885929,3.000000
1.283000,0.800738,1.885929,3.000000
1.284000,0.803806,2.626164,3.000000
1.285000,0.806874,2.626164,3.000000
1.286000,0.809942,2.626164,3.000000
1.287000,0.813010,2.626164,3.000000
1.288000,0.816078,3.196267,3.000000
1.289000,0.822214,3.196267,3.000000
1.290000,0.825282,3.196267,3.000000
1.291000,0.828350,3.662311,3.000000
1.292000,0.834486,3.662311,3.000000
1.293000,0.837554,3.662311,3.000000
1.294000,0.840621,4.080358,3.000000
1.295000,0.846757,4.080358,3.000000
1.296000,0.852893,4.487465,3.000000
1.297000,0.855961,4.487465,3.000000
1.298000,0.862097,4.487465,3.000000
1.299000,0.865165,4.828505,3.000000
1.300000,0.871301,4.828505,3.000000
1.301000,0.877437,5.166398,-3.000000
1.302000,0.883573,5.166398,-3.000000
1.303000,0.886641,5.166398,-3.000000
1.304000,0.892777,5.510037,-3.000000
1.305000,0.898913,5.510037,-3.000000
1.306000,0.905049,5.019189,-3.000000
1.307000,0.908117,5.019189,-3.000000
1.308000,0.914253,5.273362,-3.000000
1.309000,0.917321,5.273362,-3.000000
1.310000,0.923456,5.273362,-3.000000
1.311000,0.929592,5.097752,-3.000000
1.312000,0.932660,5.097752,-3.000000
1.313000,0.938796,4.736742,-3.000000
1.314000,0.941864,4.736742,-3.000000
1.315000,0.948000,4.736742,-3.000000
1.316000,0.951068,4.533491,-3.000000
1.317000,0.954136,4.533491,-3.000000
1.318000,0.960272,4.533491,-3.000000
1.319000,0.963340,4.221885,-3.000000
1.320000,0.966408,4.221885,-3.000000
1.321000,0.969476,4.221885,-3.000000
1.322000,0.972544,3.755458,-3.000000
1.323000,0.975612,3.862107,-3.000000
1.324000,0.981748,3.862107,-3.000000
1.325000,0.984816,3.862107,-3.000000
1.326000,0.987884,3.469400,-3.000000
1.327000,0.990952,3.469400,-3.000000
1.328000,0.990952,3.469400,-3.000000
1.329000,0.994020,3.469400,-3.000000
1.330000,0.997088,2.990550,-3.000000
1.331000,1.000155,2.950475,-3.000000
1.332000,1.003223,2.950475,-3.000000
1.333000,1.003223,2.950475,-3.000000
1.334000,1.006291,2.950475,-3.000000
1.335000,1.006291,2.720469,-3.000000
1.336000,1.009359,2.225888,-3.000000
1.337000,1.012427,2.323510,-3.000000
1.338000,1.012427,2.323510,-3.000000
1.339000,1.012427,2.323510,-3.000000
1.340000,1.015495,2.323510,-3.000000
1.341000,1.015495,2.323510,-3.000000
1.342000,1.018563,2.323510,-3.000000
1.343000,1.018563,1.970541,-3.000000
1.344000,1.018563,1.699509,-3.000000
1.345000,1.018563,1.493337,-3.000000
1.346000,1.018563,1.330989,-3.000000
1.347000,1.018563,1.200009,-3.000000
1.348000,1.021631,1.093337,-3.000000
1.349000,1.021631,1.003920,-3.000000
1.350000,1.021631,0.928243,-3.000000
1.351000,1.021631,0.862555,-3.000000
1.352000,1.018563,-0.806258,-3.000000
1.353000,1.018563,-0.756565,-3.000000
1.354000,1.018563,-0.712516,-3.000000
1.355000,1.018563,-0.673304,-3.000000
1.356000,1.018563,-0.638300,-3.000000
1.357000,1.015495,-1.464348,-3.000000
1.358000,1.015495,-1.464348,-3.000000
1.359000,1.015495,-1.464348,-3.000000
1.360000,1.012427,-1.464348,-3.000000
1.361000,1.012427,-1.464348,-3.000000
1.362000,1.009359,-1.464348,-3.000000
1.363000,1.009359,-1.464348,-3.000000
1.364000,1.006291,-1.464348,-3.000000
1.365000,1.003223,-0.625046,-3.000000
1.366000,1.003223,-0.625046,-3.000000
1.367000,1.000155,-0.625046,-3.000000
1.368000,0.997088,-0.625046,-3.000000
1.369000,0.994020,-0.625046,-3.000000
1.370000,0.994020,-0.625046,-3.000000
1.371000,0.990952,-1.943495,-3.000000
1.372000,0.987884,-1.943495,-3.000000
1.373000,0.984816,-1.943495,-3.000000
1.374000,0.981748,-1.943495,-3.000000
1.375000,0.978680,-2.643473,-3.000000
1.376000,0.975612,-2.643473,-3.000000
1.377000,0.972544,-2.643473,-3.000000
1.378000,0.966408,-3.176937,-3.000000
1.379000,0.963340,-3.176937,-3.000000
1.380000,0.960272,-3.176937,-3.000000
1.381000,0.957204,-3.176937,-3.000000
1.382000,0.951068,-3.614786,-3.000000
1.383000,0.948000,-3.614786,-3.000000
1.384000,0.944932,-3.614786,-3.000000
1.385000,0.938796,-3.981511,-3.000000
1.386000,0.935728,-3.981511,-3.000000
1.387000,0.929592,-4.312994,-3.000000
1.388000,0.926524,-4.312994,-3.000000
1.389000,0.920388,-4.312994,-3.000000
1.390000,0.917321,-4.619627,-3.000000
1.391000,0.911185,-4.619627,-3.000000
1.392000,0.905049,-4.871230,-3.000000
1.393000,0.901981,-4.871230,-3.000000
1.394000,0.895845,-4.871230,-3.000000
1.395000,0.889709,-5.143122,-3.000000
1.396000,0.883573,-5.143122,-3.000000
1.397000,0.877437,-5.399228,-3.000000
1.398000,0.874369,-5.399228,-3.000000
1.399000,0.868233,-5.603263,-3.000000
1.400000,0.862097,-5.603263,3.000000
1.401000,0.855961,-5.820255,3.000000
1.402000,0.849825,-5.820255,3.000000
1.403000,0.843689,-5.625381,3.000000
1.404000,0.837554,-5.625381,3.000000
1.405000,0.834486,-5.625381,3.000000
1.406000,0.828350,-5.725070,3.000000
1.407000,0.822214,-5.725070,3.000000
1.408000,0.819146,-5.290286,3.000000
1.409000,0.813010,-5.290286,3.000000
1.410000,0.806874,-4.976782,3.000000
1.411000,0.803806,-4.976782,3.000000
1.412000,0.797670,-4.976782,3.000000
1.413000,0.794602,-4.722312,3.000000
1.414000,0.791534,-4.722312,3.000000
1.415000,0.785398,-4.722312,3.000000
1.416000,0.782330,-4.351054,3.000000
1.417000,0.779262,-4.351054,3.000000
1.418000,0.776194,-4.351054,3.000000
1.419000,0.773126,-3.733906,3.000000
1.420000,0.766990,-3.885374,3.000000
1.421000,0.763922,-3.885374,3.000000
1.422000,0.760854,-3.885374,3.000000
1.423000,0.757787,-3.411347,3.000000
1.424000,0.754719,-3.411347,3.000000
1.425000,0.754719,-3.411347,3.000000
1.426000,0.751651,-3.411347,3.000000
1.427000,0.748583,-3.013396,3.000000
1.428000,0.745515,-2.855034,3.000000
1.429000,0.745515,-2.855034,3.000000
1.430000,0.742447,-2.855034,3.000000
1.431000,0.739379,-2.855034,3.000000
1.432000,0.739379,-2.855034,3.000000
1.433000,0.736311,-2.355742,3.000000
1.434000,0.736311,-1.974862,3.000000
1.435000,0.736311,-1.701305,3.000000
1.436000,0.733243,-2.132781,3.000000
1.437000,0.733243,-2.132781,3.000000
1.438000,0.733243,-2.132781,3.000000
1.439000,0.730175,-2.132781,3.000000
1.440000,0.730175,-2.132781,3.000000
1.441000,0.730175,-2.094445,3.000000
1.442000,0.730175,-1.789598,3.000000
1.443000,0.730175,-1.562284,3.000000
1.444000,0.730175,-1.385373,3.000000
1.445000,0.730175,-1.245141,3.000000
1.446000,0.730175,-1.130136,3.000000
1.447000,0.730175,-1.035195,3.000000
1.448000,0.730175,-0.954715,3.000000
1.449000,0.730175,-0.885607,3.000000
1.450000,0.733243,0.825879,3.000000
1.451000,0.733243,0.773913,3.000000
1.452000,0.733243,0.727986,3.000000
1.453000,0.736311,0.687155,3.000000
1.454000,0.736311,0.650927,3.000000
1.455000,0.739379,0.618016,3.000000
1.456000,0.739379,0.588400,3.000000
1.457000,0.742447,0.568356,3.000000
1.458000,0.742447,0.568356,3.000000
1.459000,0.745515,0.568356,3.000000
1.460000,0.748583,0.568356,3.000000
1.461000,0.748583,0.568356,3.000000
1.462000,0.751651,0.568356,3.000000
1.463000,0.754719,1.690935,3.000000
1.464000,0.757787,1.690935,3.000000
1.465000,0.760854,1.690935,3.000000
1.466000,0.763922,1.690935,3.000000
1.467000,0.766990,2.468164,3.000000
1.468000,0.770058,2.468164,3.000000
1.469000,0.773126,2.468164,3.000000
1.470000,0.776194,2.468164,3.000000
1.471000,0.779262,3.033925,3.000000
1.472000,0.782330,3.033925,3.000000
1.473000,0.785398,3.033925,3.000000
1.474000,0.791534,3.505477,3.000000
1.475000,0.794602,3.505477,3.000000
1.476000,0.797670,3.505477,3.000000
1.477000,0.803806,3.917641,3.000000
1.478000,0.806874,3.917641,3.000000
1.479000,0.809942,3.917641,3.000000
1.480000,0.816078,4.271089,3.000000
1.481000,0.819146,4.271089,3.000000
1.482000,0.825282,4.271089,3.000000
1.483000,0.831418,4.577102,3.000000
1.484000,0.834486,4.577102,3.000000
1.485000,0.840621,4.857385,3.000000
1.486000,0.846757,4.857385,3.000000
1.487000,0.849825,4.857385,3.000000
1.488000,0.855961,5.113713,3.000000
1.489000,0.862097,5.113713,3.000000
1.490000,0.868233,5.323434,3.000000
1.491000,0.871301,5.323434,3.000000
1.492000,0.877437,5.517159,3.000000
1.493000,0.883573,5.517159,3.000000
1.494000,0.889709,5.745508,3.000000
1.495000,0.895845,5.745508,3.000000
1.496000,0.901981,5.887935,3.000000
1.497000,0.908117,5.887935,3.000000
1.498000,0.914253,6.044955,3.000000
1.499000,0.920388,6.044955,3.000000
1.500000,0.926524,6.208965,3.000000
1.501000,0.932660,6.208965,-3.000000
1.502000,0.938796,6.325785,-3.000000
1.503000,0.944932,6.325785,-3.000000
1.504000,0.951068,5.913272,-3.000000
1.505000,0.957204,5.913272,-3.000000
1.506000,0.963340,6.072249,-3.000000
1.507000,0.969476,6.072249,-3.000000
1.508000,0.975612,5.858227,-3.000000
1.509000,0.978680,5.858227,-3.000000
1.510000,0.984816,5.858227,-3.000000
1.511000,0.987884,5.311881,-3.000000
1.512000,0.994020,5.311881,-3.000000
1.513000,1.000155,4.914855,-3.000000
1.514000,1.003223,4.914855,-3.000000
1.515000,1.006291,4.914855,-3.000000
1.516000,1.012427,4.627781,-3.000000
1.517000,1.015495,4.627781,-3.000000
1.518000,1.018563,4.627781,-3.000000
1.519000,1.024699,4.119759,-3.000000
1.520000,1.027767,4.119759,-3.000000
1.521000,1.030835,4.119759,-3.000000
1.522000,1.033903,3.982731,-3.000000
1.523000,1.036971,3.571536,-3.000000
1.524000,1.040039,3.571536,-3.000000
1.525000,1.043107,3.571536,-3.000000
1.526000,1.046175,3.571536,-3.000000
1.527000,1.046175,2.805501,-3.000000
1.528000,1.049243,3.015721,-3.000000
1.529000,1.052311,3.015721,-3.000000
1.530000,1.052311,3.015721,-3.000000
1.531000,1.055379,3.015721,-3.000000
1.532000,1.058447,2.549972,-3.000000
1.533000,1.058447,2.109244,-3.000000
1.534000,1.061515,2.320112,-3.000000
1.535000,1.061515,2.320112,-3.000000
1.536000,1.061515,2.320112,-3.000000
1.537000,1.064583,2.320112,-3.000000
1.538000,1.064583,2.320112,-3.000000
1.539000,1.064583,2.314115,-3.000000
1.540000,1.064583,1.945806,-3.000000
1.541000,1.067651,1.680688,-3.000000
1.542000,1.067651,1.477312,-3.000000
1.543000,1.067651,1.319370,-3.000000
1.544000,1.067651,1.191527,-3.000000
1.545000,1.067651,1.085349,-3.000000
1.546000,1.067651,0.997640,-3.000000
1.547000,1.067651,0.922507,-3.000000
1.548000,1.067651,0.858179,-3.000000
1.549000,1.064583,1.171667,-3.000000
1.550000,1.064583,1.171667,-3.000000
1.551000,1.064583,1.171667,-3.000000
1.552000,1.064583,1.171667,-3.000000
1.553000,1.061515,1.171667,-3.000000
1.554000,1.061515,1.171667,-3.000000
1.555000,1.058447,1.171667,-3.000000
1.556000,1.058447,1.171667,-3.000000
1.557000,1.055379,1.171667,-3.000000
1.558000,1.055379,1.171667,-3.000000
1.559000,1.052311,-0.870321,-3.000000
1.560000,1.049243,-0.870321,-3.000000
1.561000,1.049243,-0.870321,-3.000000
1.562000,1.046175,-0.870321,-3.000000
1.563000,1.043107,-0.870321,-3.000000
1.564000,1.040039,-1.838712,-3.000000
1.565000,1.036971,-1.838712,-3.000000
1.566000,1.036971,-1.838712,-3.000000
1.567000,1.033903,-1.838712,-3.000000
1.568000,1.030835,-1.838712,-3.000000
1.569000,1.027767,-2.561229,-3.000000
1.570000,1.024699,-2.561229,-3.000000
1.571000,1.018563,-2.561229,-3.000000
1.572000,1.015495,-3.150925,-3.000000
1.573000,1.012427,-3.150925,-3.000000
1.574000,1.009359,-3.150925,-3.000000
1.575000,1.003223,-3.619094,-3.000000
1.576000,1.000155,-3.619094,-3.000000
1.577000,0.997088,-3.619094,-3.000000
1.578000,0.990952,-4.040853,-3.000000
1.579000,0.987884,-4.040853,-3.000000
1.580000,0.981748,-4.040853,-3.000000
1.581000,0.978680,-4.481525,-3.000000
1.582000,0.972544,-4.481525,-3.000000
1.583000,0.966408,-4.823918,-3.000000
1.584000,0.963340,-4.823918,-3.000000
1.585000,0.957204,-4.823918,-3.000000
1.586000,0.951068,-5.199568,-3.000000
1.587000,0.944932,-5.199568,-3.000000
1.588000,0.938796,-5.490725,-3.000000
1.589000,0.932660,-5.490725,-3.000000
1.590000,0.926524,-5.814319,-3.000000
1.591000,0.920388,-5.814319,-3.000000
1.592000,0.914253,-6.091002,-3.000000
1.593000,0.908117,-6.091002,-3.000000
1.594000,0.901981,-6.369103,-3.000000
1.595000,0.895845,-6.369103,-3.000000
1.596000,0.889709,-6.643256,-3.000000
1.597000,0.880505,-6.935423,-3.000000
1.598000,0.874369,-6.935423,-3.000000
1.599000,0.865165,-7.149747,-3.000000
1.600000,0.859029,-7.149747,3.000000
1.601000,0.849825,-7.401100,3.000000
1.602000,0.843689,-7.655218,3.000000
1.603000,0.837554,-7.655218,3.000000
1.604000,0.828350,-6.987086,3.000000
1.605000,0.822214,-6.987086,3.000000
1.606000,0.816078,-7.646076,3.000000
1.607000,0.806874,-7.353303,3.000000
1.608000,0.800738,-7.353303,3.000000
1.609000,0.794602,-6.965879,3.000000
1.610000,0.785398,-6.965879,3.000000
1.611000,0.779262,-7.083260,3.000000
1.612000,0.773126,-7.083260,3.000000
1.613000,0.766990,-6.803728,3.000000
1.614000,0.760854,-6.803728,3.000000
1.615000,0.754719,-6.549594,3.000000
1.616000,0.748583,-6.549594,3.000000
1.617000,0.742447,-6.365753,3.000000
1.618000,0.736311,-6.365753,3.000000
1.619000,0.730175,-6.105481,3.000000
1.620000,0.724039,-6.105481,3.000000
1.621000,0.717903,-5.892057,3.000000
1.622000,0.711767,-5.892057,3.000000
1.623000,0.708699,-5.560245,3.000000
1.624000,0.702563,-5.560245,3.000000
1.625000,0.696427,-5.319460,3.000000
1.626000,0.693359,-5.319460,3.000000
1.627000,0.687223,-5.319460,3.000000
1.628000,0.684155,-4.949739,3.000000
1.629000,0.678020,-4.949739,3.000000
1.630000,0.674952,-4.850559,3.000000
1.631000,0.668816,-4.593258,3.000000
1.632000,0.665748,-4.593258,3.000000
1.633000,0.662680,-4.502810,3.000000
1.634000,0.659612,-4.208512,3.000000
1.635000,0.656544,-4.208512,3.000000
1.636000,0.650408,-4.208512,3.000000
1.637000,0.647340,-3.771955,3.000000
1.638000,0.644272,-3.771955,3.000000
1.639000,0.641204,-3.771955,3.000000
1.640000,0.638136,-3.771955,3.000000
1.641000,0.635068,-3.313916,3.000000
1.642000,0.632000,-3.313916,3.000000
1.643000,0.632000,-3.313916,3.000000
1.644000,0.628932,-3.313916,3.000000
1.645000,0.625864,-2.913967,3.000000
1.646000,0.622796,-2.751981,3.000000
1.647000,0.622796,-2.751981,3.000000
1.648000,0.619728,-2.751981,3.000000
1.649000,0.619728,-2.751981,3.000000
1.650000,0.616660,-2.751981,3.000000
1.651000,0.616660,-2.389578,3.000000
1.652000,0.613592,-2.000613,3.000000
1.653000,0.613592,-1.721204,3.000000
1.654000,0.613592,-1.508970,3.000000
1.655000,0.610524,-2.009024,3.000000
1.656000,0.610524,-2.009024,3.000000
1.657000,0.610524,-2.009024,3.000000
1.658000,0.610524,-2.009024,3.000000
1.659000,0.610524,-2.009024,3.000000
1.660000,0.607456,-2.009024,3.000000
1.661000,0.607456,-1.776565,3.000000
1.662000,0.607456,-1.552653,3.000000
1.663000,0.610524,1.377851,3.000000
1.664000,0.610524,1.238970,3.000000
1.665000,0.610524,1.125489,3.000000
1.666000,0.610524,1.030604,3.000000
1.667000,0.610524,0.950789,3.000000
1.668000,0.613592,0.882846,3.000000
1.669000,0.613592,0.823922,3.000000
1.670000,0.613592,0.771665,3.000000
1.671000,0.616660,0.725832,3.000000
1.672000,0.616660,0.685314,3.000000
1.673000,0.619728,0.659823,3.000000
1.674000,0.619728,0.659823,3.000000
1.675000,0.622796,0.659823,3.000000
1.676000,0.622796,0.659823,3.000000
1.677000,0.625864,0.659823,3.000000
1.678000,0.628932,0.659823,3.000000
1.679000,0.632000,1.480751,3.000000
1.680000,0.632000,1.480751,3.000000
1.681000,0.635068,1.480751,3.000000
1.682000,0.638136,1.480751,3.000000
1.683000,0.641204,1.480751,3.000000
1.684000,0.644272,2.361566,3.000000
1.685000,0.647340,2.361566,3.000000
1.686000,0.650408,2.361566,3.000000
1.687000,0.653476,2.361566,3.000000
1.688000,0.656544,2.950958,3.000000
1.689000,0.659612,2.950958,3.000000
1.690000,0.665748,2.950958,3.000000
1.691000,0.668816,3.428462,3.000000
1.692000,0.671884,3.428462,3.000000
1.693000,0.674952,3.428462,3.000000
1.694000,0.681087,3.836251,3.000000
1.695000,0.684155,3.836251,3.000000
1.696000,0.690291,3.836251,3.000000
1.697000,0.693359,4.198992,3.000000
1.698000,0.699495,4.198992,3.000000
1.699000,0.702563,4.198992,3.000000
1.700000,0.708699,4.546999,3.000000
1.701000,0.711767,4.546999,-3.000000
1.702000,0.717903,4.840169,-3.000000
1.703000,0.720971,4.840169,-3.000000
1.704000,0.727107,4.840169,-3.000000
1.705000,0.733243,4.687638,-3.000000
1.706000,0.736311,4.687638,-3.000000
1.707000,0.742447,4.731036,-3.000000
1.708000,0.745515,4.731036,-3.000000
1.709000,0.748583,4.731036,-3.000000
1.710000,0.754719,4.316576,-3.000000
1.711000,0.757787,4.316576,-3.000000
1.712000,0.760854,4.316576,-3.000000
1.713000,0.763922,4.017026,-3.000000
1.714000,0.766990,4.025353,-3.000000
1.715000,0.773126,4.025353,-3.000000
1.716000,0.776194,4.025353,-3.000000
1.717000,0.779262,3.618398,-3.000000
1.718000,0.782330,3.618398,-3.000000
1.719000,0.785398,3.618398,-3.000000
1.720000,0.785398,3.618398,-3.000000
1.721000,0.788466,2.979065,-3.000000
1.722000,0.791534,3.056383,-3.000000
1.723000,0.794602,3.056383,-3.000000
1.724000,0.797670,3.056383,-3.000000
1.725000,0.797670,3.056383,-3.000000
1.726000,0.800738,2.594768,-3.000000
1.727000,0.800738,2.143008,-3.000000
1.728000,0.803806,2.454812,-3.000000
1.729000,0.803806,2.454812,-3.000000
1.730000,0.806874,2.454812,-3.000000
1.731000,0.806874,2.454812,-3.000000
1.732000,0.806874,2.454812,-3.000000
1.733000,0.809942,2.120075,-3.000000
1.734000,0.809942,1.808521,-3.000000
1.735000,0.809942,1.575724,-3.000000
1.736000,0.809942,1.396964,-3.000000
1.737000,0.809942,1.253467,-3.000000
1.738000,0.813010,1.137545,-3.000000
1.739000,0.813010,1.041165,-3.000000
1.740000,0.813010,0.959472,-3.000000
1.741000,0.813010,0.889980,-3.000000
1.742000,0.809942,-0.830149,-3.000000
1.743000,0.809942,-0.777458,-3.000000
1.744000,0.809942,-0.731072,-3.000000
1.745000,0.809942,-0.690028,-3.000000
1.746000,0.809942,-0.653244,-3.000000
1.747000,0.806874,-1.513978,-3.000000
1.748000,0.806874,-1.513978,-3.000000
1.749000,0.806874,-1.513978,-3.000000
1.750000,0.803806,-1.513978,-3.000000
1.751000,0.803806,-1.513978,-3.000000
1.752000,0.800738,-1.513978,-3.000000
1.753000,0.800738,-1.513978,-3.000000
1.754000,0.797670,-1.513978,-3.000000
1.755000,0.794602,-0.636642,-3.000000
1.756000,0.794602,-0.636642,-3.000000
1.757000,0.791534,-0.636642,-3.000000
1.758000,0.788466,-0.636642,-3.000000
1.759000,0.785398,-0.636642,-3.000000
1.760000,0.782330,-2.023666,-3.000000
1.761000,0.779262,-2.023666,-3.000000
1.762000,0.776194,-2.023666,-3.000000
1.763000,0.773126,-2.023666,-3.000000
1.764000,0.770058,-2.694395,-3.000000
1.765000,0.766990,-2.694395,-3.000000
1.766000,0.763922,-2.694395,-3.000000
1.767000,0.760854,-2.694395,-3.000000
1.768000,0.757787,-3.198825,-3.000000
1.769000,0.754719,-3.198825,-3.000000
1.770000,0.748583,-3.198825,-3.000000
1.771000,0.745515,-3.624989,-3.000000
1.772000,0.742447,-3.624989,-3.000000
1.773000,0.736311,-3.624989,-3.000000
1.774000,0.733243,-4.017300,-3.000000
1.775000,0.730175,-4.017300,-3.000000
1.776000,0.724039,-4.017300,-3.000000
1.777000,0.720971,-4.354163,-3.000000
1.778000,0.714835,-4.354163,-3.000000
1.779000,0.708699,-4.680115,-3.000000
1.780000,0.705631,-4.680115,-3.000000
1.781000,0.699495,-4.680115,-3.000000
1.782000,0.693359,-4.970986,-3.000000
1.783000,0.690291,-4.970986,-3.000000
1.784000,0.684155,-5.207904,-3.000000
1.785000,0.678020,-5.207904,-3.000000
1.786000,0.671884,-5.449646,-3.000000
1.787000,0.665748,-5.449646,-3.000000
1.788000,0.659612,-5.675826,-3.000000
1.789000,0.656544,-5.675826,-3.000000
1.790000,0.650408,-5.675826,-3.000000
1.791000,0.644272,-5.855936,-3.000000
1.792000,0.638136,-5.855936,-3.000000
1.793000,0.632000,-6.042888,-3.000000
1.794000,0.622796,-6.042888,-3.000000
1.795000,0.616660,-6.221819,-3.000000
1.796000,0.610524,-6.376043,-3.000000
1.797000,0.604388,-6.376043,-3.000000
1.798000,0.598253,-6.537575,-3.000000
1.799000,0.592117,-6.537575,-3.000000
1.800000,0.585981,-6.662089,-3.000000
1.801000,0.576777,-6.662089,3.000000
1.802000,0.570641,-6.805562,3.000000
1.803000,0.564505,-6.805562,3.000000
1.804000,0.558369,-6.316333,3.000000
1.805000,0.552233,-6.316333,3.000000
1.806000,0.546097,-6.698454,3.000000
1.807000,0.539961,-6.698454,3.000000
1.808000,0.533825,-6.453913,3.000000
1.809000,0.527689,-6.453913,3.000000
1.810000,0.521553,-5.978287,3.000000
1.811000,0.515418,-5.978287,3.000000
1.812000,0.512350,-5.636901,3.000000
1.813000,0.506214,-5.636901,3.000000
1.814000,0.500078,-5.358982,3.000000
1.815000,0.497010,-5.358982,3.000000
1.816000,0.490874,-5.358982,3.000000
1.817000,0.487806,-5.095136,3.000000
1.818000,0.481670,-5.095136,3.000000
1.819000,0.478602,-4.708948,3.000000
1.820000,0.472466,-4.593521,3.000000
1.821000,0.469398,-4.593521,3.000000
1.822000,0.466330,-4.326680,3.000000
1.823000,0.463262,-4.203327,3.000000
1.824000,0.460194,-4.203327,3.000000
1.825000,0.454058,-4.203327,3.000000
1.826000,0.450990,-3.708829,3.000000
1.827000,0.447922,-3.708829,3.000000
1.828000,0.444854,-3.708829,3.000000
1.829000,0.441786,-3.708829,3.000000
1.830000,0.441786,-2.927105,3.000000
1.831000,0.438719,-3.186113,3.000000
1.832000,0.435651,-3.186113,3.000000
1.833000,0.432583,-3.186113,3.000000
1.834000,0.429515,-3.095314,3.000000
1.835000,0.429515,-2.469619,3.000000
1.836000,0.426447,-2.574243,3.000000
1.837000,0.426447,-2.574243,3.000000
1.838000,0.423379,-2.574243,3.000000
1.839000,0.423379,-2.574243,3.000000
1.840000,0.420311,-2.574243,3.000000
1.841000,0.420311,-2.271810,3.000000
1.842000,0.420311,-1.916840,3.000000
1.843000,0.417243,-1.658846,3.000000
1.844000,0.417243,-1.461468,3.000000
1.845000,0.417243,-1.305298,3.000000
1.846000,0.417243,-1.179889,3.000000
1.847000,0.417243,-1.075970,3.000000
1.848000,0.417243,-0.989954,3.000000
1.849000,0.417243,-0.916025,3.000000
1.850000,0.417243,-0.852032,3.000000
1.851000,0.417243,-0.796605,3.000000
1.852000,0.417243,-0.748158,3.000000
1.853000,0.417243,-0.705119,3.000000
1.854000,0.417243,-0.666760,3.000000
1.855000,0.420311,0.632546,3.000000
1.856000,0.420311,0.601550,3.000000
1.857000,0.420311,0.573351,3.000000
1.858000,0.423379,1.713211,3.000000
1.859000,0.423379,1.713211,3.000000
1.860000,0.426447,1.713211,3.000000
1.861000,0.426447,1.713211,3.000000
1.862000,0.429515,1.713211,3.000000
1.863000,0.429515,1.713211,3.000000
1.864000,0.432583,1.713211,3.000000
1.865000,0.435651,0.566549,3.000000
1.866000,0.438719,0.566549,3.000000
1.867000,0.438719,0.566549,3.000000
1.868000,0.441786,0.566549,3.000000
1.869000,0.444854,0.566549,3.000000
1.870000,0.447922,2.191918,3.000000
1.871000,0.450990,2.191918,3.000000
1.872000,0.454058,2.191918,3.000000
1.873000,0.457126,2.191918,3.000000
1.874000,0.460194,2.865794,3.000000
1.875000,0.466330,2.865794,3.000000
1.876000,0.469398,2.865794,3.000000
1.877000,0.472466,3.397482,3.000000
1.878000,0.475534,3.397482,3.000000
1.879000,0.481670,3.397482,3.000000
1.880000,0.484738,3.865351,3.000000
1.881000,0.490874,3.865351,3.000000
1.882000,0.493942,3.865351,3.000000
1.883000,0.500078,4.294797,3.000000
1.884000,0.503146,4.294797,3.000000
1.885000,0.509282,4.684159,3.000000
1.886000,0.512350,4.684159,3.000000
1.887000,0.518486,4.684159,3.000000
1.888000,0.524621,5.042476,3.000000
1.889000,0.530757,5.042476,3.000000
1.890000,0.536893,5.362267,3.000000
1.891000,0.539961,5.362267,3.000000
1.892000,0.546097,5.671455,3.000000
1.893000,0.552233,5.671455,3.000000
1.894000,0.558369,5.940465,3.000000
1.895000,0.564505,5.940465,3.000000
1.896000,0.573709,6.227125,3.000000
1.897000,0.579845,6.227125,3.000000
1.898000,0.585981,6.474627,3.000000
1.899000,0.592117,6.474627,3.000000
1.900000,0.601320,6.721690,-3.000000
1.901000,0.607456,6.956829,-3.000000
1.902000,0.613592,6.956829,-3.000000
1.903000,0.619728,6.670388,-3.000000
1.904000,0.625864,6.670388,-3.000000
1.905000,0.635068,6.728037,-3.000000
1.906000,0.641204,6.728037,-3.000000
1.907000,0.647340,6.634427,-3.000000
1.908000,0.653476,6.634427,-3.000000
1.909000,0.659612,6.394964,-3.000000
1.910000,0.665748,6.394964,-3.000000
1.911000,0.671884,6.217309,-3.000000
1.912000,0.674952,6.217309,-3.000000
1.913000,0.681087,5.855509,-3.000000
1.914000,0.687223,5.855509,-3.000000
1.915000,0.693359,5.601203,-3.000000
1.916000,0.696427,5.601203,-3.000000
1.917000,0.702563,5.601203,-3.000000
1.918000,0.708699,5.306171,-3.000000
1.919000,0.711767,5.306171,-3.000000
1.920000,0.717903,4.874939,-3.000000
1.921000,0.720971,4.874939,-3.000000
1.922000,0.727107,4.874939,-3.000000
1.923000,0.730175,4.492782,-3.000000
1.924000,0.733243,4.492782,-3.000000
1.925000,0.736311,4.492782,-3.000000
1.926000,0.742447,4.083450,-3.000000
1.927000,0.745515,4.083450,-3.000000
1.928000,0.748583,4.083450,-3.000000
1.929000,0.751651,3.971114,-3.000000
1.930000,0.754719,3.532003,-3.000000
1.931000,0.757787,3.532003,-3.000000
1.932000,0.760854,3.532003,-3.000000
1.933000,0.760854,3.532003,-3.000000
1.934000,0.763922,2.846938,-3.000000
1.935000,0.766990,2.945891,-3.000000
1.936000,0.770058,2.945891,-3.000000
1.937000,0.770058,2.945891,-3.000000
1.938000,0.773126,2.945891,-3.000000
1.939000,0.773126,2.636831,-3.000000
1.940000,0.776194,2.171885,-3.000000
1.941000,0.776194,1.845784,-3.000000
1.942000,0.779262,2.246808,-3.000000
1.943000,0.779262,2.246808,-3.000000
1.944000,0.779262,2.246808,-3.000000
1.945000,0.782330,2.246808,-3.000000
1.946000,0.782330,2.246808,-3.000000
1.947000,0.782330,2.099012,-3.000000
1.948000,0.782330,1.792779,-3.000000
1.949000,0.782330,1.565456,-3.000000
1.950000,0.782330,1.387932,-3.000000
1.951000,0.782330,1.247039,-3.000000
1.952000,0.782330,1.131659,-3.000000
1.953000,0.782330,1.036025,-3.000000
1.954000,0.782330,0.955624,-3.000000
1.955000,0.782330,0.886869,-3.000000
1.956000,0.782330,0.827031,-3.000000
1.957000,0.779262,-0.774446,-3.000000
1.958000,0.779262,-0.728439,-3.000000
1.959000,0.779262,-0.687935,-3.000000
1.960000,0.776194,-0.651152,-3.000000
1.961000,0.776194,-0.618510,-3.000000
1.962000,0.773126,-0.588861,-3.000000
1.963000,0.773126,-0.561841,-3.000000
1.964000,0.770058,-0.549464,-3.000000
1.965000,0.770058,-0.549464,-3.000000
1.966000,0.766990,-0.549464,-3.000000
1.967000,0.763922,-0.549464,-3.000000
1.968000,0.760854,-0.549464,-3.000000
1.969000,0.760854,-0.549464,-3.000000
1.970000,0.757787,-1.764298,-3.000000
1.971000,0.754719,-1.764298,-3.000000
1.972000,0.751651,-1.764298,-3.000000
1.973000,0.748583,-1.764298,-3.000000
1.974000,0.745515,-2.544574,-3.000000
1.975000,0.742447,-2.544574,-3.000000
1.976000,0.739379,-2.544574,-3.000000
1.977000,0.736311,-2.544574,-3.000000
1.978000,0.730175,-3.136708,-3.000000
1.979000,0.727107,-3.136708,-3.000000
1.980000,0.724039,-3.136708,-3.000000
1.981000,0.720971,-3.619687,-3.000000
1.982000,0.714835,-3.619687,-3.000000
1.983000,0.711767,-3.619687,-3.000000
1.984000,0.705631,-4.067585,-3.000000
1.985000,0.702563,-4.067585,-3.000000
1.986000,0.696427,-4.446769,-3.000000
1.987000,0.693359,-4.446769,-3.000000
1.988000,0.687223,-4.446769,-3.000000
1.989000,0.681087,-4.798506,-3.000000
1.990000,0.678020,-4.798506,-3.000000
1.991000,0.671884,-5.105499,-3.000000
1.992000,0.665748,-5.105499,-3.000000
1.993000,0.659612,-5.429353,-3.000000
1.994000,0.653476,-5.429353,-3.000000
1.995000,0.647340,-5.698118,-3.000000
1.996000,0.641204,-5.698118,-3.000000
1.997000,0.635068,-5.981161,-3.000000
1.998000,0.628932,-5.981161,-3.000000
1.999000,0.622796,-6.235298,-3.000000
2.000000,0.616660,-6.235298,-3.000000
2.001000,0.610524,-6.478947,3.000000
2.002000,0.604388,-6.478947,3.000000
2.003000,0.598253,-6.713468,3.000000
2.004000,0.592117,-6.713468,3.000000
2.005000,0.582913,-6.140998,3.000000
2.006000,0.576777,-6.140998,3.000000
2.007000,0.570641,-6.458583,3.000000
2.008000,0.564505,-6.458583,3.000000
2.009000,0.558369,-6.297471,3.000000
2.010000,0.555301,-6.297471,3.000000
2.011000,0.549165,-5.947063,3.000000
2.012000,0.543029,-5.947063,3.000000
2.013000,0.536893,-5.752653,3.000000
2.014000,0.530757,-5.752653,3.000000
2.015000,0.527689,-5.632948,3.000000
2.016000,0.521553,-5.452740,3.000000
2.017000,0.515418,-5.452740,3.000000
2.018000,0.512350,-5.144979,3.000000
2.019000,0.506214,-5.144979,3.000000
2.020000,0.503146,-5.127661,3.000000
2.021000,0.497010,-4.785563,3.000000
2.022000,0.493942,-4.785563,3.000000
2.023000,0.490874,-4.435451,3.000000
2.024000,0.484738,-4.429181,3.000000
2.025000,0.481670,-4.429181,3.000000
2.026000,0.478602,-4.268138,3.000000
2.027000,0.475534,-4.064927,3.000000
2.028000,0.472466,-4.064927,3.000000
2.029000,0.466330,-4.064927,3.000000
2.030000,0.463262,-3.343498,3.000000
2.031000,0.463262,-3.589338,3.000000
2.032000,0.460194,-3.589338,3.000000
2.033000,0.457126,-3.589338,3.000000
2.034000,0.454058,-3.086092,3.000000
2.035000,0.450990,-3.032342,3.000000
2.036000,0.447922,-3.032342,3.000000
2.037000,0.447922,-3.032342,3.000000
2.038000,0.444854,-3.032342,3.000000
2.039000,0.441786,-2.718494,3.000000
2.040000,0.441786,-2.223972,3.000000
2.041000,0.438719,-2.424507,3.000000
2.042000,0.438719,-2.424507,3.000000
2.043000,0.435651,-2.424507,3.000000
2.044000,0.435651,-2.424507,3.000000
2.045000,0.435651,-2.424507,3.000000
2.046000,0.432583,-2.219492,3.000000
2.047000,0.432583,-1.879203,3.000000
2.048000,0.432583,-1.630645,3.000000
2.049000,0.429515,-1.439501,3.000000
2.050000,0.429515,-1.288554,3.000000
2.051000,0.429515,-1.165597,3.000000
2.052000,0.429515,-1.064973,3.000000
2.053000,0.429515,-0.979834,3.000000
2.054000,0.429515,-0.907527,3.000000
2.055000,0.429515,-0.844888,3.000000
2.056000,0.429515,-0.790407,3.000000
2.057000,0.432583,0.742660,3.000000
2.058000,0.432583,0.700068,3.000000
2.059000,0.432583,0.662450,3.000000
2.060000,0.432583,0.628420,3.000000
2.061000,0.435651,1.546308,3.000000
2.062000,0.435651,1.546308,3.000000
2.063000,0.435651,1.546308,3.000000
2.064000,0.438719,1.546308,3.000000
2.065000,0.438719,1.546308,3.000000
2.066000,0.441786,1.546308,3.000000
2.067000,0.444854,1.546308,3.000000
2.068000,0.444854,1.546308,3.000000
2.069000,0.447922,0.613027,3.000000
2.070000,0.447922,0.613027,3.000000
2.071000,0.450990,0.613027,3.000000
2.072000,0.454058,0.613027,3.000000
2.073000,0.457126,0.613027,3.000000
2.074000,0.460194,2.000926,3.000000
2.075000,0.463262,2.000926,3.000000
2.076000,0.466330,2.000926,3.000000
2.077000,0.469398,2.000926,3.000000
2.078000,0.472466,2.668195,3.000000
2.079000,0.475534,2.668195,3.000000
2.080000,0.478602,2.668195,3.000000
2.081000,0.481670,2.668195,3.000000
2.082000,0.484738,3.190393,3.000000
2.083000,0.487806,3.190393,3.000000
2.084000,0.493942,3.190393,3.000000
2.085000,0.497010,3.611196,3.000000
2.086000,0.500078,3.611196,3.000000
2.087000,0.506214,3.611196,3.000000
2.088000,0.509282,3.980112,3.000000
2.089000,0.512350,3.980112,3.000000
2.090000,0.518486,3.980112,3.000000
2.091000,0.521553,4.304065,3.000000
2.092000,0.527689,4.304065,3.000000
2.093000,0.530757,4.304065,3.000000
2.094000,0.536893,4.587701,3.000000
2.095000,0.543029,4.587701,3.000000
2.096000,0.546097,4.864847,3.000000
2.097000,0.552233,4.864847,3.000000
2.098000,0.558369,5.091935,3.000000
2.099000,0.561437,5.091935,3.000000
2.100000,0.567573,5.091935,3.000000
2.101000,0.573709,5.335521,-3.000000
2.102000,0.579845,5.335521,-3.000000
2.103000,0.582913,5.535443,-3.000000
2.104000,0.589049,5.535443,-3.000000
2.105000,0.595185,5.156569,-3.000000
2.106000,0.601320,5.156569,-3.000000
2.107000,0.604388,5.156569,-3.000000
2.108000,0.610524,5.260803,-3.000000
2.109000,0.613592,5.260803,-3.000000
2.110000,0.619728,4.696209,-3.000000
2.111000,0.622796,4.696209,-3.000000
2.112000,0.625864,4.696209,-3.000000
2.113000,0.632000,4.481207,-3.000000
2.114000,0.635068,4.481207,-3.000000
2.115000,0.638136,4.481207,-3.000000
2.116000,0.644272,3.978965,-3.000000
2.117000,0.647340,3.978965,-3.000000
2.118000,0.650408,3.978965,-3.000000
2.119000,0.653476,3.978965,-3.000000
2.120000,0.656544,3.524564,-3.000000
2.121000,0.659612,3.524564,-3.000000
2.122000,0.659612,3.524564,-3.000000
2.123000,0.662680,3.524564,-3.000000
2.124000,0.665748,2.910080,-3.000000
2.125000,0.668816,2.949038,-3.000000
2.126000,0.671884,2.949038,-3.000000
2.127000,0.671884,2.949038,-3.000000
2.128000,0.674952,2.949038,-3.000000
2.129000,0.674952,2.709391,-3.000000
2.130000,0.678020,2.216529,-3.000000
2.131000,0.678020,1.878036,-3.000000
2.132000,0.681087,2.221618,-3.000000
2.133000,0.681087,2.221618,-3.000000
2.134000,0.681087,2.221618,-3.000000
2.135000,0.684155,2.221618,-3.000000
2.136000,0.684155,2.221618,-3.000000
2.137000,0.684155,2.210612,-3.000000
2.138000,0.684155,1.874486,-3.000000
2.139000,0.684155,1.625835,-3.000000
2.140000,0.684155,1.434824,-3.000000
2.141000,0.684155,1.284521,-3.000000
2.142000,0.684155,1.163260,-3.000000
2.143000,0.684155,1.062441,-3.000000
2.144000,0.684155,0.978068,-3.000000
2.145000,0.684155,0.905775,-3.000000
2.146000,0.684155,0.843800,-3.000000
2.147000,0.681087,-0.789042,-3.000000
2.148000,0.681087,-0.741503,-3.000000
2.149000,0.681087,-0.699242,-3.000000
2.150000,0.678020,-0.661629,-3.000000
2.151000,0.678020,-0.627928,-3.000000
2.152000,0.674952,-0.597097,-3.000000
2.153000,0.674952,-0.569390,-3.000000
2.154000,0.671884,-0.552638,-3.000000
2.155000,0.671884,-0.552638,-3.000000
2.156000,0.668816,-0.552638,-3.000000
2.157000,0.665748,-0.552638,-3.000000
2.158000,0.662680,-0.552638,-3.000000
2.159000,0.662680,-0.552638,-3.000000
2.160000,0.659612,-1.753963,-3.000000
2.161000,0.656544,-1.753963,-3.000000
2.162000,0.653476,-1.753963,-3.000000
2.163000,0.650408,-1.753963,-3.000000
2.164000,0.647340,-2.556753,-3.000000
2.165000,0.644272,-2.556753,-3.000000
2.166000,0.641204,-2.556753,-3.000000
2.167000,0.638136,-2.556753,-3.000000
2.168000,0.632000,-3.128057,-3.000000
2.169000,0.628932,-3.128057,-3.000000
2.170000,0.625864,-3.128057,-3.000000
2.171000,0.622796,-3.614875,-3.000000
2.172000,0.616660,-3.614875,-3.000000
2.173000,0.613592,-3.614875,-3.000000
2.174000,0.607456,-4.059045,-3.000000
2.175000,0.604388,-4.059045,-3.000000
2.176000,0.598253,-4.452191,-3.000000
2.177000,0.595185,-4.452191,-3.000000
2.178000,0.589049,-4.452191,-3.000000
2.179000,0.582913,-4.801714,-3.000000
2.180000,0.579845,-4.801714,-3.000000
2.181000,0.573709,-5.141805,-3.000000
2.182000,0.567573,-5.141805,-3.000000
2.183000,0.561437,-5.440653,-3.000000
2.184000,0.555301,-5.440653,-3.000000
2.185000,0.549165,-5.715663,-3.000000
2.186000,0.546097,-5.715663,-3.000000
2.187000,0.539961,-5.715663,-3.000000
2.188000,0.533825,-5.982416,-3.000000
2.189000,0.524621,-6.237059,-3.000000
2.190000,0.518486,-6.237059,-3.000000
2.191000,0.512350,-6.451933,-3.000000
2.192000,0.506214,-6.451933,-3.000000
2.193000,0.500078,-6.689984,-3.000000
2.194000,0.490874,-6.689984,-3.000000
2.195000,0.484738,-6.892198,-3.000000
2.196000,0.478602,-6.892198,-3.000000
2.197000,0.469398,-7.083090,-3.000000
2.198000,0.463262,-7.276098,-3.000000
2.199000,0.454058,-7.276098,-3.000000
2.200000,0.447922,-7.437608,3.000000
2.201000,0.438719,-7.437608,3.000000
2.202000,0.432583,-7.624041,3.000000
2.203000,0.426447,-7.248342,3.000000
2.204000,0.417243,-7.248342,3.000000
2.205000,0.411107,-7.134794,3.000000
2.206000,0.404971,-7.134794,3.000000
2.207000,0.398835,-7.309021,3.000000
2.208000,0.389631,-6.946765,3.000000
2.209000,0.383495,-6.946765,3.000000
2.210000,0.377359,-6.563606,3.000000
2.211000,0.371223,-6.563606,3.000000
2.212000,0.365087,-6.300434,3.000000
2.213000,0.358952,-6.300434,3.000000
2.214000,0.352816,-5.996057,3.000000
2.215000,0.349748,-5.996057,3.000000
2.216000,0.343612,-5.996057,3.000000
2.217000,0.337476,-5.715589,3.000000
2.218000,0.331340,-5.715589,3.000000
2.219000,0.328272,-5.289336,3.000000
2.220000,0.322136,-5.289336,3.000000
2.221000,0.319068,-5.072204,3.000000
2.222000,0.312932,-4.975297,3.000000
2.223000,0.309864,-4.975297,3.000000
2.224000,0.303728,-4.523951,3.000000
2.225000,0.300660,-4.523951,3.000000
2.226000,0.297592,-4.523951,3.000000
2.227000,0.294524,-4.065133,3.000000
2.228000,0.291456,-4.087644,3.000000
2.229000,0.285320,-4.087644,3.000000
2.230000,0.282252,-4.087644,3.000000
2.231000,0.279185,-3.593981,3.000000
2.232000,0.276117,-3.593981,3.000000
2.233000,0.276117,-3.593981,3.000000
2.234000,0.273049,-3.593981,3.000000
2.235000,0.269981,-2.981659,3.000000
2.236000,0.266913,-3.014290,3.000000
2.237000,0.263845,-3.014290,3.000000
2.238000,0.263845,-3.014290,3.000000
2.239000,0.260777,-3.014290,3.000000
2.240000,0.257709,-2.685803,3.000000
2.241000,0.257709,-2.203913,3.000000
2.242000,0.254641,-2.326239,3.000000
2.243000,0.254641,-2.326239,3.000000
2.244000,0.254641,-2.326239,3.000000
2.245000,0.251573,-2.326239,3.000000
2.246000,0.251573,-2.326239,3.000000
2.247000,0.251573,-2.326239,3.000000
2.248000,0.251573,-1.999654,3.000000
2.249000,0.248505,-1.719873,3.000000
2.250000,0.248505,-1.508671,3.000000
2.251000,0.248505,-1.344162,3.000000
2.252000,0.248505,-1.211448,3.000000
2.253000,0.248505,-1.102178,3.000000
2.254000,0.248505,-1.011385,3.000000
2.255000,0.248505,-0.934427,3.000000
2.256000,0.248505,-0.868212,3.000000
2.257000,0.251573,-1.250086,3.000000
2.258000,0.251573,-1.250086,3.000000
2.259000,0.251573,-1.250086,3.000000
2.260000,0.251573,-1.250086,3.000000
2.261000,0.254641,-1.250086,3.000000
2.262000,0.254641,-1.250086,3.000000
2.263000,0.257709,-1.250086,3.000000
2.264000,0.257709,-1.250086,3.000000
2.265000,0.260777,-1.250086,3.000000
2.266000,0.260777,-1.250086,3.000000
2.267000,0.263845,0.850547,3.000000
2.268000,0.266913,0.850547,3.000000
2.269000,0.266913,0.850547,3.000000
2.270000,0.269981,0.850547,3.000000
2.271000,0.273049,0.850547,3.000000
2.272000,0.276117,1.875995,3.000000
2.273000,0.279185,1.875995,3.000000
2.274000,0.282252,1.875995,3.000000
2.275000,0.285320,1.875995,3.000000
2.276000,0.288388,2.646196,3.000000
2.277000,0.291456,2.646196,3.000000
2.278000,0.294524,2.646196,3.000000
2.279000,0.297592,2.646196,3.000000
2.280000,0.300660,3.221932,3.000000
2.281000,0.306796,3.221932,3.000000
2.282000,0.309864,3.221932,3.000000
2.283000,0.312932,3.705003,3.000000
2.284000,0.319068,3.705003,3.000000
2.285000,0.322136,3.705003,3.000000
2.286000,0.328272,4.135532,3.000000
2.287000,0.331340,4.135532,3.000000
2.288000,0.337476,4.519115,3.000000
2.289000,0.340544,4.519115,3.000000
2.290000,0.346680,4.519115,3.000000
2.291000,0.352816,4.870022,3.000000
2.292000,0.355884,4.870022,3.000000
2.293000,0.362019,5.203763,3.000000
2.294000,0.368155,5.203763,3.000000
2.295000,0.374291,5.504167,3.000000
2.296000,0.380427,5.504167,3.000000
2.297000,0.386563,5.778726,3.000000
2.298000,0.392699,5.778726,3.000000
2.299000,0.398835,6.063040,3.000000
2.300000,0.404971,6.063040,-3.000000
2.301000,0.411107,6.327642,-3.000000
2.302000,0.417243,6.327642,-3.000000
2.303000,0.423379,6.040781,-3.000000
2.304000,0.429515,6.040781,-3.000000
2.305000,0.435651,6.250428,-3.000000
2.306000,0.441786,6.250428,-3.000000
2.307000,0.447922,6.077637,-3.000000
2.308000,0.454058,6.077637,-3.000000
2.309000,0.460194,5.789896,-3.000000
2.310000,0.463262,5.789896,-3.000000
2.311000,0.469398,5.789896,-3.000000
2.312000,0.475534,5.551023,-3.000000
2.313000,0.478602,5.551023,-3.000000
2.314000,0.484738,5.111199,-3.000000
2.315000,0.490874,5.111199,-3.000000
2.316000,0.493942,5.111199,-3.000000
2.317000,0.497010,4.964646,-3.000000
2.318000,0.503146,4.964646,-3.000000
2.319000,0.506214,4.528125,-3.000000
2.320000,0.512350,4.483822,-3.000000
2.321000,0.515418,4.483822,-3.000000
2.322000,0.518486,4.242827,-3.000000
2.323000,0.521553,4.134661,-3.000000
2.324000,0.527689,4.134661,-3.000000
2.325000,0.530757,4.134661,-3.000000
2.326000,0.533825,3.710371,-3.000000
2.327000,0.536893,3.710371,-3.000000
2.328000,0.539961,3.710371,-3.000000
2.329000,0.539961,3.710371,-3.000000
2.330000,0.543029,2.938397,-3.000000
2.331000,0.546097,3.150431,-3.000000
2.332000,0.549165,3.150431,-3.000000
2.333000,0.552233,3.150431,-3.000000
2.334000,0.552233,3.150431,-3.000000
2.335000,0.555301,2.524624,-3.000000
2.336000,0.558369,2.488994,-3.000000
2.337000,0.558369,2.488994,-3.000000
2.338000,0.561437,2.488994,-3.000000
2.339000,0.561437,2.488994,-3.000000
2.340000,0.561437,2.488994,-3.000000
2.341000,0.564505,2.409795,-3.000000
2.342000,0.564505,2.015353,-3.000000
2.343000,0.564505,1.730565,-3.000000
2.344000,0.564505,1.517085,-3.000000
2.345000,0.567573,1.349661,-3.000000
2.346000,0.567573,1.215665,-3.000000
2.347000,0.567573,1.106429,-3.000000
2.348000,0.567573,1.014727,-3.000000
2.349000,0.567573,0.937472,-3.000000
2.350000,0.567573,0.870794,-3.000000
2.351000,0.567573,0.813280,-3.000000
2.352000,0.567573,0.762714,-3.000000
2.353000,0.564505,-0.718275,-3.000000
2.354000,0.564505,-0.678164,-3.000000
2.355000,0.564505,-0.642643,-3.000000
2.356000,0.564505,-0.610835,-3.000000
2.357000,0.561437,-1.628145,-3.000000
2.358000,0.561437,-1.628145,-3.000000
2.359000,0.558369,-1.628145,-3.000000
2.360000,0.558369,-1.628145,-3.000000
2.361000,0.555301,-1.628145,-3.000000
2.362000,0.555301,-1.628145,-3.000000
2.363000,0.552233,-1.628145,-3.000000
2.364000,0.549165,-0.601284,-3.000000
2.365000,0.549165,-0.601284,-3.000000
2.366000,0.546097,-0.601284,-3.000000
2.367000,0.543029,-0.601284,-3.000000
2.368000,0.539961,-0.601284,-3.000000
2.369000,0.536893,-2.087695,-3.000000
2.370000,0.533825,-2.087695,-3.000000
2.371000,0.533825,-2.087695,-3.000000
2.372000,0.527689,-2.087695,-3.000000
2.373000,0.524621,-2.760398,-3.000000
2.374000,0.521553,-2.760398,-3.000000
2.375000,0.518486,-2.760398,-3.000000
2.376000,0.515418,-2.760398,-3.000000
2.377000,0.512350,-3.293031,-3.000000
2.378000,0.509282,-3.293031,-3.000000
2.379000,0.503146,-3.293031,-3.000000
2.380000,0.500078,-3.753767,-3.000000
2.381000,0.497010,-3.753767,-3.000000
2.382000,0.490874,-3.753767,-3.000000
2.383000,0.487806,-4.146458,-3.000000
2.384000,0.481670,-4.146458,-3.000000
2.385000,0.478602,-4.146458,-3.000000
2.386000,0.472466,-4.505060,-3.000000
2.387000,0.466330,-4.505060,-3.000000
2.388000,0.463262,-4.819182,-3.000000
2.389000,0.457126,-4.819182,-3.000000
2.390000,0.450990,-5.110903,-3.000000
2.391000,0.444854,-5.110903,-3.000000
2.392000,0.441786,-5.110903,-3.000000
2.393000,0.435651,-5.399459,-3.000000
2.394000,0.429515,-5.399459,-3.000000
2.395000,0.423379,-5.648107,-3.000000
2.396000,0.417243,-5.648107,-3.000000
2.397000,0.411107,-5.895596,-3.000000
2.398000,0.404971,-5.895596,-3.000000
2.399000,0.398835,-6.145226,-3.000000
2.400000,0.392699,-6.145226,-3.000000
2.401000,0.386563,-6.336400,3.000000
2.402000,0.377359,-6.551633,3.000000
2.403000,0.371223,-6.551633,3.000000
2.404000,0.365087,-6.291552,3.000000
2.405000,0.358952,-6.291552,3.000000
2.406000,0.352816,-6.350426,3.000000
2.407000,0.346680,-6.350426,3.000000
2.408000,0.340544,-6.107633,3.000000
2.409000,0.337476,-6.107633,3.000000
2.410000,0.331340,-6.045369,3.000000
2.411000,0.325204,-5.806448,3.000000
2.412000,0.319068,-5.806448,3.000000
2.413000,0.316000,-5.524713,3.000000
2.414000,0.309864,-5.524713,3.000000
2.415000,0.303728,-5.085751,3.000000
2.416000,0.300660,-5.085751,3.000000
2.417000,0.294524,-5.085751,3.000000
2.418000,0.291456,-4.905877,3.000000
2.419000,0.285320,-4.905877,3.000000
2.420000,0.282252,-4.905877,3.000000
2.421000,0.279185,-4.409377,3.000000
2.422000,0.276117,-4.409377,3.000000
2.423000,0.269981,-4.409377,3.000000
2.424000,0.266913,-3.993117,3.000000
2.425000,0.263845,-3.993117,3.000000
2.426000,0.260777,-3.993117,3.000000
2.427000,0.257709,-3.712913,3.000000
2.428000,0.254641,-3.510532,3.000000
2.429000,0.251573,-3.510532,3.000000
2.430000,0.248505,-3.510532,3.000000
2.431000,0.245437,-3.499507,3.000000
2.432000,0.245437,-2.724831,3.000000
2.433000,0.242369,-2.920217,3.000000
2.434000,0.239301,-2.920217,3.000000
2.435000,0.239301,-2.920217,3.000000
2.436000,0.236233,-2.920217,3.000000
2.437000,0.236233,-2.571628,3.000000
2.438000,0.233165,-2.129250,3.000000
2.439000,0.233165,-1.812785,3.000000
2.440000,0.230097,-2.197363,3.000000
2.441000,0.230097,-2.197363,3.000000
2.442000,0.230097,-2.197363,3.000000
2.443000,0.227029,-2.197363,3.000000
2.444000,0.227029,-2.197363,3.000000
2.445000,0.227029,-2.134868,3.000000
2.446000,0.227029,-1.818482,3.000000
2.447000,0.227029,-1.582707,3.000000
2.448000,0.227029,-1.402494,3.000000
2.449000,0.227029,-1.258244,3.000000
2.450000,0.227029,-1.141330,3.000000
2.451000,0.227029,-1.044661,3.000000
2.452000,0.227029,-0.962744,3.000000
2.453000,0.227029,-0.892798,3.000000
2.454000,0.227029,-0.831970,3.000000
2.455000,0.230097,0.779204,3.000000
2.456000,0.230097,0.732644,3.000000
2.457000,0.230097,0.691490,3.000000
2.458000,0.233165,0.654497,3.000000
2.459000,0.233165,0.621537,3.000000
2.460000,0.236233,0.591539,3.000000
2.461000,0.236233,0.564114,3.000000
2.462000,0.239301,0.558868,3.000000
2.463000,0.242369,0.558868,3.000000
2.464000,0.242369,0.558868,3.000000
2.465000,0.245437,0.558868,3.000000
2.466000,0.248505,0.558868,3.000000
2.467000,0.251573,1.752804,3.000000
2.468000,0.251573,1.752804,3.000000
2.469000,0.254641,1.752804,3.000000
2.470000,0.257709,1.752804,3.000000
2.471000,0.260777,1.752804,3.000000
2.472000,0.263845,2.526458,3.000000
2.473000,0.266913,2.526458,3.000000
2.474000,0.273049,2.526458,3.000000
2.475000,0.276117,3.116593,3.000000
2.476000,0.279185,3.116593,3.000000
2.477000,0.282252,3.116593,3.000000
2.478000,0.285320,3.116593,3.000000
2.479000,0.291456,3.607981,3.000000
2.480000,0.294524,3.607981,3.000000
2.481000,0.300660,4.027169,3.000000
2.482000,0.303728,4.027169,3.000000
2.483000,0.309864,4.027169,3.000000
2.484000,0.312932,4.393721,3.000000
2.485000,0.319068,4.393721,3.000000
2.486000,0.322136,4.393721,3.000000
2.487000,0.328272,4.731568,3.000000
2.488000,0.334408,4.731568,3.000000
2.489000,0.337476,5.023840,3.000000
2.490000,0.343612,5.023840,3.000000
2.491000,0.349748,5.295898,3.000000
2.492000,0.355884,5.295898,3.000000
2.493000,0.362019,5.558601,3.000000
2.494000,0.368155,5.558601,3.000000
2.495000,0.371223,5.558601,3.000000
2.496000,0.377359,5.792781,3.000000
2.497000,0.383495,5.792781,3.000000
2.498000,0.389631,6.001840,3.000000
2.499000,0.398835,6.223090,3.000000
2.500000,0.404971,6.223090,3.000000
2.501000,0.411107,6.425004,-3.000000
2.502000,0.417243,6.425004,-3.000000
2.503000,0.423379,6.586013,-3.000000
2.504000,0.429515,6.586013,-3.000000
2.505000,0.435651,6.136349,-3.000000
2.506000,0.441786,6.136349,-3.000000
2.507000,0.447922,6.114522,-3.000000
2.508000,0.454058,6.114522,-3.000000
2.509000,0.460194,5.842268,-3.000000
2.510000,0.463262,5.842268,-3.000000
2.511000,0.469398,5.842268,-3.000000
2.512000,0.475534,5.610094,-3.000000
2.513000,0.478602,5.610094,-3.000000
2.514000,0.484738,5.088182,-3.000000
2.515000,0.490874,5.088182,-3.000000
2.516000,0.493942,5.088182,-3.000000
2.517000,0.497010,4.913379,-3.000000
2.518000,0.503146,4.913379,-3.000000
2.519000,0.506214,4.595456,-3.000000
2.520000,0.509282,4.376377,-3.000000
2.521000,0.515418,4.376377,-3.000000
2.522000,0.518486,4.376377,-3.000000
2.523000,0.521553,3.984150,-3.000000
2.524000,0.524621,3.984150,-3.000000
2.525000,0.527689,3.984150,-3.000000
2.526000,0.530757,3.580016,-3.000000
2.527000,0.533825,3.457372,-3.000000
2.528000,0.536893,3.457372,-3.000000
2.529000,0.539961,3.457372,-3.000000
2.530000,0.539961,3.438857,-3.000000
2.531000,0.543029,2.682354,-3.000000
2.532000,0.546097,2.844244,-3.000000
2.533000,0.549165,2.844244,-3.000000
2.534000,0.549165,2.844244,-3.000000
2.535000,0.552233,2.844244,-3.000000
2.536000,0.552233,2.625602,-3.000000
2.537000,0.555301,2.165429,-3.000000
2.538000,0.555301,1.839091,-3.000000
2.539000,0.555301,1.599082,-3.000000
2.540000,0.558369,2.080821,-3.000000
2.541000,0.558369,2.080821,-3.000000
2.542000,0.558369,2.080821,-3.000000
2.543000,0.558369,2.080821,-3.000000
2.544000,0.561437,2.080821,-3.000000
2.545000,0.561437,2.077783,-3.000000
2.546000,0.561437,1.776983,-3.000000
2.547000,0.561437,1.553032,-3.000000
2.548000,0.561437,1.378407,-3.000000
2.549000,0.561437,1.238628,-3.000000
2.550000,0.558369,-1.125232,-3.000000
2.551000,0.558369,-1.030569,-3.000000
2.552000,0.558369,-0.950663,-3.000000
2.553000,0.558369,-0.882232,-3.000000
2.554000,0.558369,-0.823509,-3.000000
2.555000,0.555301,-0.771663,-3.000000
2.556000,0.555301,-0.725708,-3.000000
2.557000,0.552233,-0.685474,-3.000000
2.558000,0.552233,-0.648955,-3.000000
2.559000,0.549165,-0.629032,-3.000000
2.560000,0.549165,-0.629032,-3.000000
2.561000,0.546097,-0.629032,-3.000000
2.562000,0.543029,-0.629032,-3.000000
2.563000,0.543029,-0.629032,-3.000000
2.564000,0.539961,-0.629032,-3.000000
2.565000,0.536893,-1.595415,-3.000000
2.566000,0.533825,-1.595415,-3.000000
2.567000,0.530757,-1.595415,-3.000000
2.568000,0.527689,-1.595415,-3.000000
2.569000,0.524621,-2.428986,-3.000000
2.570000,0.521553,-2.428986,-3.000000
2.571000,0.518486,-2.428986,-3.000000
2.572000,0.515418,-2.428986,-3.000000
2.573000,0.512350,-3.037669,-3.000000
2.574000,0.509282,-3.037669,-3.000000
2.575000,0.506214,-3.037669,-3.000000
2.576000,0.500078,-3.560368,-3.000000
2.577000,0.497010,-3.560368,-3.000000
2.578000,0.493942,-3.560368,-3.000000
2.579000,0.487806,-4.003448,-3.000000
2.580000,0.484738,-4.003448,-3.000000
2.581000,0.478602,-4.003448,-3.000000
2.582000,0.475534,-4.405859,-3.000000
2.583000,0.469398,-4.405859,-3.000000
2.584000,0.463262,-4.405859,-3.000000
2.585000,0.460194,-4.762606,-3.000000
2.586000,0.454058,-4.762606,-3.000000
2.587000,0.447922,-5.099841,-3.000000
2.588000,0.441786,-5.099841,-3.000000
2.589000,0.438719,-5.423454,-3.000000
2.590000,0.432583,-5.423454,-3.000000
2.591000,0.426447,-5.706545,-3.000000
2.592000,0.420311,-5.706545,-3.000000
2.593000,0.414175,-5.987483,-3.000000
2.594000,0.408039,-5.987483,-3.000000
2.595000,0.401903,-6.271501,-3.000000
2.596000,0.392699,-6.271501,-3.000000
2.597000,0.386563,-6.491418,-3.000000
2.598000,0.380427,-6.491418,-3.000000
2.599000,0.374291,-6.744111,-3.000000
2.600000,0.365087,-6.971705,-3.000000
2.601000,0.358952,-6.971705,3.000000
2.602000,0.352816,-7.198385,3.000000
2.603000,0.343612,-7.198385,3.000000
2.604000,0.337476,-6.748438,3.000000
2.605000,0.331340,-6.748438,3.000000
2.606000,0.325204,-7.128118,3.000000
2.607000,0.316000,-7.209956,3.000000
2.608000,0.309864,-7.209956,3.000000
2.609000,0.303728,-6.600675,3.000000
2.610000,0.297592,-6.600675,3.000000
2.611000,0.291456,-6.411949,3.000000
2.612000,0.285320,-6.411949,3.000000
2.613000,0.279185,-6.202819,3.000000
2.614000,0.273049,-6.202819,3.000000
2.615000,0.266913,-5.888759,3.000000
2.616000,0.263845,-5.888759,3.000000
2.617000,0.257709,-5.888759,3.000000
2.618000,0.251573,-5.653383,3.000000
2.619000,0.245437,-5.653383,3.000000
2.620000,0.242369,-5.238192,3.000000
2.621000,0.236233,-5.238192,3.000000
2.622000,0.233165,-5.108126,3.000000
2.623000,0.227029,-4.947161,3.000000
2.624000,0.223961,-4.947161,3.000000
2.625000,0.217825,-4.378762,3.000000
2.626000,0.214757,-4.526988,3.000000
2.627000,0.211689,-4.526988,3.000000
2.628000,0.208621,-4.119183,3.000000
2.629000,0.205553,-4.103858,3.000000
2.630000,0.199418,-4.103858,3.000000
2.631000,0.196350,-4.103858,3.000000
2.632000,0.193282,-3.630410,3.000000
2.633000,0.190214,-3.630410,3.000000
2.634000,0.187146,-3.630410,3.000000
2.635000,0.187146,-3.630410,3.000000
2.636000,0.184078,-2.962495,3.000000
2.637000,0.181010,-3.059325,3.000000
2.638000,0.177942,-3.059325,3.000000
2.639000,0.177942,-3.059325,3.000000
2.640000,0.174874,-3.059325,3.000000
2.641000,0.171806,-2.608649,3.000000
2.642000,0.171806,-2.151220,3.000000
2.643000,0.168738,-2.398244,3.000000
2.644000,0.168738,-2.398244,3.000000
2.645000,0.165670,-2.398244,3.000000
2.646000,0.165670,-2.398244,3.000000
2.647000,0.165670,-2.398244,3.000000
2.648000,0.162602,-2.200729,3.000000
2.649000,0.162602,-1.865932,3.000000
2.650000,0.162602,-1.621815,3.000000
2.651000,0.162602,-1.431813,3.000000
2.652000,0.162602,-1.282353,3.000000
2.653000,0.162602,-1.161059,3.000000
2.654000,0.162602,-1.060268,3.000000
2.655000,0.162602,-0.976008,3.000000
2.656000,0.162602,-0.904411,3.000000
2.657000,0.162602,-0.842009,3.000000
2.658000,0.162602,-0.787999,3.000000
2.659000,0.165670,-1.416579,3.000000
2.660000,0.165670,-1.416579,3.000000
2.661000,0.165670,-1.416579,3.000000
2.662000,0.168738,-1.416579,3.000000
2.663000,0.168738,-1.416579,3.000000
2.664000,0.171806,-1.416579,3.000000
2.665000,0.171806,-1.416579,3.000000
2.666000,0.174874,-1.416579,3.000000
2.667000,0.174874,-1.416579,3.000000
2.668000,0.177942,0.759939,3.000000
2.669000,0.181010,0.759939,3.000000
2.670000,0.181010,0.759939,3.000000
2.671000,0.184078,0.759939,3.000000
2.672000,0.187146,0.759939,3.000000
2.673000,0.190214,1.951341,3.000000
2.674000,0.193282,1.951341,3.000000
2.675000,0.196350,1.951341,3.000000
2.676000,0.199418,1.951341,3.000000
2.677000,0.202485,2.682607,3.000000
2.678000,0.205553,2.682607,3.000000
2.679000,0.208621,2.682607,3.000000
2.680000,0.211689,2.682607,3.000000
2.681000,0.214757,3.241696,3.000000
2.682000,0.220893,3.241696,3.000000
2.683000,0.223961,3.241696,3.000000
2.684000,0.227029,3.707646,3.000000
2.685000,0.233165,3.707646,3.000000
2.686000,0.236233,3.707646,3.000000
2.687000,0.242369,4.116669,3.000000
2.688000,0.245437,4.116669,3.000000
2.689000,0.251573,4.467363,3.000000
2.690000,0.254641,4.467363,3.000000
2.691000,0.260777,4.467363,3.000000
2.692000,0.266913,4.800618,3.000000
2.693000,0.269981,4.800618,3.000000
2.694000,0.276117,5.107535,3.000000
2.695000,0.282252,5.107535,3.000000
2.696000,0.288388,5.391684,3.000000
2.697000,0.294524,5.391684,3.000000
2.698000,0.297592,5.391684,3.000000
2.699000,0.303728,5.655917,3.000000
2.700000,0.309864,5.655917,-3.000000
2.701000,0.316000,5.902094,-3.000000
2.702000,0.322136,5.902094,-3.000000
2.703000,0.328272,5.912758,-3.000000
2.704000,0.334408,5.912758,-3.000000
2.705000,0.340544,5.675243,-3.000000
2.706000,0.346680,5.675243,-3.000000
2.707000,0.349748,5.708794,-3.000000
2.708000,0.355884,5.708794,-3.000000
2.709000,0.362019,5.436435,-3.000000
2.710000,0.365087,5.436435,-3.000000
2.711000,0.371223,5.436435,-3.000000
2.712000,0.374291,5.166640,-3.000000
2.713000,0.380427,5.166640,-3.000000
2.714000,0.383495,4.679446,-3.000000
2.715000,0.389631,4.642418,-3.000000
2.716000,0.392699,4.642418,-3.000000
2.717000,0.395767,4.157736,-3.000000
2.718000,0.401903,4.363323,-3.000000
2.719000,0.404971,4.363323,-3.000000
2.720000,0.408039,4.130756,-3.000000
2.721000,0.411107,3.928982,-3.000000
2.722000,0.414175,3.928982,-3.000000
2.723000,0.417243,3.928982,-3.000000
2.724000,0.420311,3.373613,-3.000000
2.725000,0.423379,3.423587,-3.000000
2.726000,0.426447,3.423587,-3.000000
2.727000,0.429515,3.423587,-3.000000
2.728000,0.432583,3.290076,-3.000000
2.729000,0.432583,2.595866,-3.000000
2.730000,0.435651,2.802476,-3.000000
2.731000,0.438719,2.802476,-3.000000
2.732000,0.438719,2.802476,-3.000000
2.733000,0.441786,2.802476,-3.000000
2.734000,0.441786,2.604497,-3.000000
2.735000,0.444854,2.147811,-3.000000
2.736000,0.444854,1.828424,-3.000000
2.737000,0.444854,1.591722,-3.000000
2.738000,0.447922,2.031305,-3.000000
2.739000,0.447922,2.031305,-3.000000
2.740000,0.447922,2.031305,-3.000000
2.741000,0.447922,2.031305,-3.000000
2.742000,0.447922,2.031305,-3.000000
2.743000,0.447922,2.031305,-3.000000
2.744000,0.450990,1.855065,-3.000000
2.745000,0.450990,1.611998,-3.000000
2.746000,0.450990,1.425594,-3.000000
2.747000,0.447922,-1.276609,-3.000000
2.748000,0.447922,-1.156577,-3.000000
2.749000,0.447922,-1.056965,-3.000000
2.750000,0.447922,-0.973266,-3.000000
2.751000,0.447922,-0.901827,-3.000000
2.752000,0.444854,-0.839760,-3.000000
2.753000,0.444854,-0.785859,-3.000000
2.754000,0.441786,-0.738638,-3.000000
2.755000,0.441786,-0.696651,-3.000000
2.756000,0.441786,-0.659363,-3.000000
2.757000,0.438719,-0.654539,-3.000000
2.758000,0.435651,-0.654539,-3.000000
2.759000,0.435651,-0.654539,-3.000000
2.760000,0.432583,-0.654539,-3.000000
2.761000,0.429515,-0.654539,-3.000000
2.762000,0.429515,-0.654539,-3.000000
2.763000,0.426447,-1.529578,-3.000000
2.764000,0.423379,-1.529578,-3.000000
2.765000,0.420311,-1.529578,-3.000000
2.766000,0.417243,-1.529578,-3.000000
2.767000,0.414175,-2.398179,-3.000000
2.768000,0.411107,-2.398179,-3.000000
2.769000,0.408039,-2.398179,-3.000000
2.770000,0.404971,-2.398179,-3.000000
2.771000,0.401903,-3.014280,-3.000000
2.772000,0.398835,-3.014280,-3.000000
2.773000,0.392699,-3.014280,-3.000000
2.774000,0.389631,-3.520295,-3.000000
2.775000,0.386563,-3.520295,-3.000000
2.776000,0.380427,-3.520295,-3.000000
2.777000,0.377359,-3.954921,-3.000000
2.778000,0.374291,-3.954921,-3.000000
2.779000,0.368155,-3.954921,-3.000000
2.780000,0.365087,-4.332132,-3.000000
2.781000,0.358952,-4.332132,-3.000000
2.782000,0.352816,-4.674766,-3.000000
2.783000,0.349748,-4.674766,-3.000000
2.784000,0.343612,-4.674766,-3.000000
2.785000,0.337476,-4.976586,-3.000000
2.786000,0.334408,-4.976586,-3.000000
2.787000,0.328272,-5.252734,-3.000000
2.788000,0.322136,-5.252734,-3.000000
2.789000,0.316000,-5.520433,-3.000000
2.790000,0.309864,-5.520433,-3.000000
2.791000,0.303728,-5.753402,-3.000000
2.792000,0.297592,-5.753402,-3.000000
2.793000,0.291456,-5.996057,-3.000000
2.794000,0.285320,-5.996057,-3.000000
2.795000,0.279185,-6.199946,-3.000000
2.796000,0.273049,-6.199946,-3.000000
2.797000,0.266913,-6.404187,-3.000000
2.798000,0.260777,-6.404187,-3.000000
2.799000,0.251573,-6.586160,-3.000000
2.800000,0.245437,-6.586160,3.000000
2.801000,0.239301,-6.756126,3.000000
2.802000,0.233165,-6.756126,3.000000
2.803000,0.227029,-6.344681,3.000000
2.804000,0.220893,-6.344681,3.000000
2.805000,0.214757,-6.759589,3.000000
2.806000,0.208621,-6.483083,3.000000
2.807000,0.202485,-6.545857,3.000000
2.808000,0.196350,-6.377608,3.000000
2.809000,0.190214,-6.039790,3.000000
2.810000,0.184078,-6.039790,3.000000
2.811000,0.177942,-5.791073,3.000000
2.812000,0.174874,-5.791073,3.000000
2.813000,0.168738,-5.394449,3.000000
2.814000,0.162602,-5.394449,3.000000
2.815000,0.159534,-5.275251,3.000000
2.816000,0.153398,-5.180241,3.000000
2.817000,0.150330,-5.180241,3.000000
2.818000,0.144194,-4.694263,3.000000
2.819000,0.141126,-4.694263,3.000000
2.820000,0.138058,-4.694263,3.000000
2.821000,0.131922,-4.335129,3.000000
2.822000,0.128854,-4.335129,3.000000
2.823000,0.125786,-4.335129,3.000000
2.824000,0.122718,-3.908456,3.000000
2.825000,0.119651,-3.805371,3.000000
2.826000,0.116583,-3.805371,3.000000
2.827000,0.113515,-3.805371,3.000000
2.828000,0.110447,-3.312028,3.000000
2.829000,0.107379,-3.283754,3.000000
2.830000,0.104311,-3.283754,3.000000
2.831000,0.101243,-3.283754,3.000000
2.832000,0.101243,-3.283754,3.000000
2.833000,0.098175,-2.667358,3.000000
2.834000,0.095107,-2.654672,3.000000
2.835000,0.095107,-2.654672,3.000000
2.836000,0.092039,-2.654672,3.000000
2.837000,0.092039,-2.654672,3.000000
2.838000,0.088971,-2.654672,3.000000
2.839000,0.088971,-2.343720,3.000000
2.840000,0.088971,-1.968167,3.000000
2.841000,0.085903,-1.696022,3.000000
2.842000,0.085903,-1.489277,3.000000
2.843000,0.085903,-1.328849,3.000000
2.844000,0.085903,-1.199067,3.000000
2.845000,0.082835,-1.825919,3.000000
2.846000,0.082835,-1.825919,3.000000
2.847000,0.082835,-1.825919,3.000000
2.848000,0.082835,-1.825919,3.000000
2.849000,0.082835,-1.825919,3.000000
2.850000,0.082835,-1.825919,3.000000
2.851000,0.085903,-1.825919,3.000000
2.852000,0.085903,1.722428,3.000000
2.853000,0.085903,1.510311,3.000000
2.854000,0.085903,1.344829,3.000000
2.855000,0.088971,1.212691,3.000000
2.856000,0.088971,1.102794,3.000000
2.857000,0.092039,0.965659,3.000000
2.858000,0.092039,0.965659,3.000000
2.859000,0.092039,0.965659,3.000000
2.860000,0.095107,0.965659,3.000000
2.861000,0.098175,0.965659,3.000000
2.862000,0.098175,0.965659,3.000000
2.863000,0.101243,0.965659,3.000000
2.864000,0.104311,1.183354,3.000000
2.865000,0.107379,1.183354,3.000000
2.866000,0.107379,1.183354,3.000000
2.867000,0.110447,1.183354,3.000000
2.868000,0.113515,1.183354,3.000000
2.869000,0.116583,2.248672,3.000000
2.870000,0.119651,2.248672,3.000000
2.871000,0.122718,2.248672,3.000000
2.872000,0.125786,2.248672,3.000000
2.873000,0.128854,2.909706,3.000000
2.874000,0.134990,2.909706,3.000000
2.875000,0.138058,2.909706,3.000000
2.876000,0.141126,3.449920,3.000000
2.877000,0.144194,3.449920,3.000000
2.878000,0.150330,3.449920,3.000000
2.879000,0.153398,3.909684,3.000000
2.880000,0.159534,3.909684,3.000000
2.881000,0.162602,3.909684,3.000000
2.882000,0.168738,4.333492,3.000000
2.883000,0.171806,4.333492,3.000000
2.884000,0.177942,4.699756,3.000000
2.885000,0.184078,4.699756,3.000000
2.886000,0.187146,4.699756,3.000000
2.887000,0.193282,5.028586,3.000000
2.888000,0.199418,5.028586,3.000000
2.889000,0.205553,5.340907,3.000000
2.890000,0.211689,5.340907,3.000000
2.891000,0.214757,5.632984,3.000000
2.892000,0.220893,5.632984,3.000000
2.893000,0.227029,5.890722,3.000000
2.894000,0.233165,5.890722,3.000000
2.895000,0.242369,6.150274,3.000000
2.896000,0.248505,6.150274,3.000000
2.897000,0.254641,6.372594,3.000000
2.898000,0.260777,6.372594,3.000000
2.899000,0.266913,6.602006,3.000000
2.900000,0.276117,6.807974,3.000000
2.901000,0.282252,6.807974,-3.000000
2.902000,0.288388,7.009646,-3.000000
2.903000,0.294524,7.009646,-3.000000
2.904000,0.300660,6.621599,-3.000000
2.905000,0.309864,6.621599,-3.000000
2.906000,0.316000,6.702875,-3.000000
2.907000,0.322136,6.702875,-3.000000
2.908000,0.328272,6.754164,-3.000000
2.909000,0.334408,6.754164,-3.000000
2.910000,0.340544,6.408926,-3.000000
2.911000,0.346680,6.408926,-3.000000
2.912000,0.352816,6.072875,-3.000000
2.913000,0.358952,6.072875,-3.000000
2.914000,0.362019,5.700397,-3.000000
2.915000,0.368155,5.700397,-3.000000
2.916000,0.374291,5.489463,-3.000000
2.917000,0.377359,5.489463,-3.000000
2.918000,0.383495,5.489463,-3.000000
2.919000,0.386563,5.106974,-3.000000
2.920000,0.392699,5.106974,-3.000000
2.921000,0.395767,4.641589,-3.000000
2.922000,0.401903,4.691471,-3.000000
2.923000,0.404971,4.691471,-3.000000
2.924000,0.408039,4.190727,-3.000000
2.925000,0.414175,4.253673,-3.000000
2.926000,0.417243,4.253673,-3.000000
2.927000,0.420311,4.253673,-3.000000
2.928000,0.423379,3.786130,-3.000000
2.929000,0.426447,3.786130,-3.000000
2.930000,0.429515,3.786130,-3.000000
2.931000,0.432583,3.624558,-3.000000
2.932000,0.435651,3.207872,-3.000000
2.933000,0.435651,3.207872,-3.000000
2.934000,0.438719,3.207872,-3.000000
2.935000,0.441786,3.207872,-3.000000
2.936000,0.444854,2.960271,-3.000000
2.937000,0.444854,2.384240,-3.000000
2.938000,0.447922,2.548163,-3.000000
2.939000,0.447922,2.548163,-3.000000
2.940000,0.450990,2.548163,-3.000000
2.941000,0.450990,2.548163,-3.000000
2.942000,0.454058,2.548163,-3.000000
2.943000,0.454058,2.234908,-3.000000
2.944000,0.454058,1.890169,-3.000000
2.945000,0.454058,1.639340,-3.000000
2.946000,0.457126,1.445204,-3.000000
2.947000,0.457126,1.293382,-3.000000
2.948000,0.457126,1.169796,-3.000000
2.949000,0.457126,1.068667,-3.000000
2.950000,0.457126,0.982520,-3.000000
2.951000,0.457126,0.909985,-3.000000
2.952000,0.457126,0.847291,-3.000000
2.953000,0.457126,0.792383,-3.000000
2.954000,0.457126,0.744186,-3.000000
2.955000,0.454058,0.701685,-3.000000
2.956000,0.454058,-0.663931,-3.000000
2.957000,0.454058,-0.629639,-3.000000
2.958000,0.454058,-0.599083,-3.000000
2.959000,0.450990,-1.669368,-3.000000
2.960000,0.450990,-1.669368,-3.000000
2.961000,0.447922,-1.669368,-3.000000
2.962000,0.447922,-1.669368,-3.000000
2.963000,0.444854,-1.669368,-3.000000
2.964000,0.444854,-1.669368,-3.000000
2.965000,0.441786,-1.669368,-3.000000
2.966000,0.438719,-0.589968,-3.000000
2.967000,0.438719,-0.589968,-3.000000
2.968000,0.435651,-0.589968,-3.000000
2.969000,0.432583,-0.589968,-3.000000
2.970000,0.429515,-0.589968,-3.000000
2.971000,0.426447,-2.115370,-3.000000
2.972000,0.423379,-2.115370,-3.000000
2.973000,0.420311,-2.115370,-3.000000
2.974000,0.417243,-2.115370,-3.000000
2.975000,0.414175,-2.804050,-3.000000
2.976000,0.411107,-2.804050,-3.000000
2.977000,0.408039,-2.804050,-3.000000
2.978000,0.404971,-2.804050,-3.000000
2.979000,0.398835,-3.381321,-3.000000
2.980000,0.395767,-3.381321,-3.000000
2.981000,0.392699,-3.381321,-3.000000
2.982000,0.386563,-3.850192,-3.000000
2.983000,0.383495,-3.850192,-3.000000
2.984000,0.377359,-4.260010,-3.000000
2.985000,0.374291,-4.260010,-3.000000
2.986000,0.368155,-4.260010,-3.000000
2.987000,0.362019,-4.632901,-3.000000
2.988000,0.358952,-4.632901,-3.000000
2.989000,0.352816,-4.967186,-3.000000
2.990000,0.346680,-4.967186,-3.000000
2.991000,0.343612,-4.967186,-3.000000
2.992000,0.337476,-5.274747,-3.000000
2.993000,0.331340,-5.274747,-3.000000
2.994000,0.325204,-5.581213,-3.000000
2.995000,0.319068,-5.581213,-3.000000
2.996000,0.312932,-5.851748,-3.000000
2.997000,0.306796,-5.851748,-3.000000
2.998000,0.300660,-6.114649,-3.000000
2.999000,0.294524,-6.114649,-3.000000
3.000000,0.288388,-6.364974,-3.000000
3.001000,0.279185,-6.595944,3.000000
3.002000,0.273049,-6.595944,3.000000
3.003000,0.266913,-6.817587,3.000000
3.004000,0.260777,-6.817587,3.000000
3.005000,0.254641,-6.264387,3.000000
3.006000,0.248505,-6.264387,3.000000
3.007000,0.242369,-6.495952,3.000000
3.008000,0.236233,-6.495952,3.000000
3.009000,0.230097,-6.322571,3.000000
3.010000,0.223961,-6.322571,3.000000
3.011000,0.217825,-6.001351,3.000000
3.012000,0.211689,-6.001351,3.000000
3.013000,0.205553,-5.798408,3.000000
3.014000,0.202485,-5.798408,3.000000
3.015000,0.196350,-5.798408,3.000000
3.016000,0.190214,-5.469110,3.000000
3.017000,0.184078,-5.469110,3.000000
3.018000,0.181010,-5.141566,3.000000
3.019000,0.174874,-5.141566,3.000000
3.020000,0.171806,-5.141566,3.000000
3.021000,0.168738,-4.782093,3.000000
3.022000,0.162602,-4.782093,3.000000
3.023000,0.159534,-4.577031,3.000000
3.024000,0.156466,-4.368630,3.000000
3.025000,0.150330,-4.368630,3.000000
3.026000,0.147262,-4.368630,3.000000
3.027000,0.144194,-3.985264,3.000000
3.028000,0.141126,-3.985264,3.000000
3.029000,0.138058,-3.985264,3.000000
3.030000,0.134990,-3.562148,3.000000
3.031000,0.131922,-3.451699,3.000000
3.032000,0.128854,-3.451699,3.000000
3.033000,0.125786,-3.451699,3.000000
3.034000,0.122718,-3.441093,3.000000
3.035000,0.122718,-2.687143,3.000000
3.036000,0.119651,-2.840641,3.000000
3.037000,0.116583,-2.840641,3.000000
3.038000,0.116583,-2.840641,3.000000
3.039000,0.113515,-2.840641,3.000000
3.040000,0.113515,-2.616513,3.000000
3.041000,0.110447,-2.156376,3.000000
3.042000,0.110447,-1.832489,3.000000
3.043000,0.107379,-2.133271,3.000000
3.044000,0.107379,-2.133271,3.000000
3.045000,0.107379,-2.133271,3.000000
3.046000,0.104311,-2.133271,3.000000
3.047000,0.104311,-2.133271,3.000000
3.048000,0.104311,-2.133271,3.000000
3.049000,0.104311,-1.940771,3.000000
3.050000,0.104311,-1.675048,3.000000
3.051000,0.104311,-1.474260,3.000000
3.052000,0.104311,-1.315700,3.000000
3.053000,0.104311,-1.188443,3.000000
3.054000,0.104311,-1.084081,3.000000
3.055000,0.104311,-0.995879,3.000000
3.056000,0.104311,-0.921251,3.000000
3.057000,0.107379,0.856947,3.000000
3.058000,0.107379,0.800719,3.000000
3.059000,0.107379,0.752218,3.000000
3.060000,0.110447,0.708406,3.000000
3.061000,0.110447,0.669626,3.000000
3.062000,0.113515,0.635183,3.000000
3.063000,0.113515,0.603924,3.000000
3.064000,0.116583,0.592045,3.000000
3.065000,0.116583,0.592045,3.000000
3.066000,0.119651,0.592045,3.000000
3.067000,0.122718,0.592045,3.000000
3.068000,0.122718,0.592045,3.000000
3.069000,0.125786,0.592045,3.000000
3.070000,0.128854,1.653597,3.000000
3.071000,0.131922,1.653597,3.000000
3.072000,0.134990,1.653597,3.000000
3.073000,0.138058,1.653597,3.000000
3.074000,0.141126,2.462406,3.000000
3.075000,0.144194,2.462406,3.000000
3.076000,0.147262,2.462406,3.000000
3.077000,0.150330,2.462406,3.000000
3.078000,0.153398,3.055760,3.000000
3.079000,0.156466,3.055760,3.000000
3.080000,0.162602,3.055760,3.000000
3.081000,0.165670,3.563010,3.000000
3.082000,0.168738,3.563010,3.000000
3.083000,0.174874,3.563010,3.000000
3.084000,0.177942,3.978732,3.000000
3.085000,0.184078,3.978732,3.000000
3.086000,0.187146,3.978732,3.000000
3.087000,0.193282,4.355236,3.000000
3.088000,0.196350,4.355236,3.000000
3.089000,0.202485,4.669134,3.000000
3.090000,0.205553,4.669134,3.000000
3.091000,0.211689,4.669134,3.000000
3.092000,0.217825,4.976894,3.000000
3.093000,0.220893,4.976894,3.000000
3.094000,0.227029,5.244410,3.000000
3.095000,0.233165,5.244410,3.000000
3.096000,0.239301,5.514266,3.000000
3.097000,0.245437,5.514266,3.000000
3.098000,0.251573,5.745732,3.000000
3.099000,0.257709,5.745732,3.000000
3.100000,0.263845,5.971419,3.000000
3.101000,0.269981,5.971419,-3.000000
3.102000,0.276117,6.183978,-3.000000
3.103000,0.282252,6.183978,-3.000000
3.104000,0.288388,5.931015,-3.000000
3.105000,0.294524,5.931015,-3.000000
3.106000,0.300660,6.044583,-3.000000
3.107000,0.303728,6.044583,-3.000000
3.108000,0.309864,6.044583,-3.000000
3.109000,0.316000,5.791946,-3.000000
3.110000,0.322136,5.791946,-3.000000
3.111000,0.325204,5.225274,-3.000000
3.112000,0.331340,5.225274,-3.000000
3.113000,0.334408,5.045039,-3.000000
3.114000,0.340544,5.125638,-3.000000
3.115000,0.343612,5.125638,-3.000000
3.116000,0.349748,4.674643,-3.000000
3.117000,0.352816,4.674643,-3.000000
3.118000,0.355884,4.674643,-3.000000
3.119000,0.362019,4.327888,-3.000000
3.120000,0.365087,4.327888,-3.000000
3.121000,0.368155,4.327888,-3.000000
3.122000,0.371223,3.823038,-3.000000
3.123000,0.374291,3.850394,-3.000000
3.124000,0.377359,3.850394,-3.000000
3.125000,0.380427,3.850394,-3.000000
3.126000,0.383495,3.203104,-3.000000
3.127000,0.386563,3.347400,-3.000000
3.128000,0.389631,3.347400,-3.000000
3.129000,0.392699,3.347400,-3.000000
3.130000,0.392699,3.213939,-3.000000
3.131000,0.395767,2.548707,-3.000000
3.132000,0.398835,2.716797,-3.000000
3.133000,0.398835,2.716797,-3.000000
3.134000,0.401903,2.716797,-3.000000
3.135000,0.401903,2.716797,-3.000000
3.136000,0.404971,2.672141,-3.000000
3.137000,0.404971,2.195709,-3.000000
3.138000,0.408039,1.863429,-3.000000
3.139000,0.408039,1.618464,-3.000000
3.140000,0.408039,1.429496,-3.000000
3.141000,0.408039,1.279574,-3.000000
3.142000,0.411107,1.896360,-3.000000
3.143000,0.411107,1.896360,-3.000000
3.144000,0.411107,1.896360,-3.000000
3.145000,0.411107,1.896360,-3.000000
3.146000,0.411107,1.896360,-3.000000
3.147000,0.411107,1.896360,-3.000000
3.148000,0.411107,1.821278,-3.000000
3.149000,0.408039,-1.587706,-3.000000
3.150000,0.408039,-1.404537,-3.000000
3.151000,0.408039,-1.259826,-3.000000
3.152000,0.408039,-1.143152,-3.000000
3.153000,0.404971,-1.045731,-3.000000
3.154000,0.404971,-0.963370,-3.000000
3.155000,0.401903,-0.907823,-3.000000
3.156000,0.401903,-0.907823,-3.000000
3.157000,0.398835,-0.907823,-3.000000
3.158000,0.398835,-0.907823,-3.000000
3.159000,0.395767,-0.907823,-3.000000
3.160000,0.392699,-0.907823,-3.000000
3.161000,0.392699,-0.907823,-3.000000
3.162000,0.389631,-1.274508,-3.000000
3.163000,0.386563,-1.274508,-3.000000
3.164000,0.383495,-1.274508,-3.000000
3.165000,0.380427,-1.274508,-3.000000
3.166000,0.377359,-2.308896,-3.000000
3.167000,0.374291,-2.308896,-3.000000
3.168000,0.371223,-2.308896,-3.000000
3.169000,0.368155,-2.308896,-3.000000
3.170000,0.365087,-2.935448,-3.000000
3.171000,0.362019,-2.935448,-3.000000
3.172000,0.358952,-2.935448,-3.000000
3.173000,0.352816,-3.451484,-3.000000
3.174000,0.349748,-3.451484,-3.000000
3.175000,0.346680,-3.451484,-3.000000
3.176000,0.340544,-3.887870,-3.000000
3.177000,0.337476,-3.887870,-3.000000
3.178000,0.331340,-3.887870,-3.000000
3.179000,0.328272,-4.294547,-3.000000
3.180000,0.322136,-4.294547,-3.000000
3.181000,0.319068,-4.294547,-3.000000
3.182000,0.312932,-4.658622,-3.000000
3.183000,0.306796,-4.658622,-3.000000
3.184000,0.303728,-4.975605,-3.000000
3.185000,0.297592,-4.975605,-3.000000
3.186000,0.291456,-5.286234,-3.000000
3.187000,0.285320,-5.286234,-3.000000
3.188000,0.279185,-5.550256,-3.000000
3.189000,0.276117,-5.550256,-3.000000
3.190000,0.269981,-5.550256,-3.000000
3.191000,0.263845,-5.813209,-3.000000
3.192000,0.257709,-5.813209,-3.000000
3.193000,0.251573,-6.045948,-3.000000
3.194000,0.242369,-6.276936,-3.000000
3.195000,0.236233,-6.276936,-3.000000
3.196000,0.230097,-6.493756,-3.000000
3.197000,0.223961,-6.493756,-3.000000
3.198000,0.217825,-6.681384,-3.000000
3.199000,0.208621,-6.681384,-3.000000
3.200000,0.202485,-6.879534,3.000000
3.201000,0.196350,-6.879534,3.000000
3.202000,0.190214,-7.051209,3.000000
3.203000,0.181010,-6.630095,3.000000
3.204000,0.174874,-6.630095,3.000000
3.205000,0.168738,-6.885216,3.000000
3.206000,0.162602,-6.885216,3.000000
3.207000,0.156466,-6.462646,3.000000
3.208000,0.150330,-6.462646,3.000000
3.209000,0.144194,-6.182593,3.000000
3.210000,0.138058,-6.182593,3.000000
3.211000,0.131922,-5.975094,3.000000
3.212000,0.128854,-5.975094,3.000000
3.213000,0.122718,-5.911413,3.000000
3.214000,0.116583,-5.603192,3.000000
3.215000,0.110447,-5.603192,3.000000
3.216000,0.107379,-5.240677,3.000000
3.217000,0.101243,-5.240677,3.000000
3.218000,0.098175,-5.157111,3.000000
3.219000,0.092039,-4.875504,3.000000
3.220000,0.088971,-4.875504,3.000000
3.221000,0.085903,-4.404409,3.000000
3.222000,0.079767,-4.465986,3.000000
3.223000,0.076699,-4.465986,3.000000
3.224000,0.073631,-4.266881,3.000000
3.225000,0.070563,-4.015492,3.000000
3.226000,0.067495,-4.015492,3.000000
3.227000,0.064427,-4.015492,3.000000
3.228000,0.061359,-3.368084,3.000000
3.229000,0.058291,-3.501074,3.000000
3.230000,0.055223,-3.501074,3.000000
3.231000,0.052155,-3.501074,3.000000
3.232000,0.049087,-3.196394,3.000000
3.233000,0.046019,-2.895214,3.000000
3.234000,0.046019,-2.895214,3.000000
3.235000,0.042951,-2.895214,3.000000
3.236000,0.042951,-2.895214,3.000000
3.237000,0.039884,-2.895214,3.000000
3.238000,0.036816,-2.424348,3.000000
3.239000,0.036816,-2.023823,3.000000
3.240000,0.036816,-1.737743,3.000000
3.241000,0.033748,-2.167054,3.000000
3.242000,0.033748,-2.167054,3.000000
3.243000,0.033748,-2.167054,3.000000
3.244000,0.030680,-2.167054,3.000000
3.245000,0.030680,-2.167054,3.000000
3.246000,0.030680,-2.146121,3.000000
3.247000,0.030680,-1.828219,3.000000
3.248000,0.030680,-1.589838,3.000000
3.249000,0.030680,-1.408392,3.000000
3.250000,0.030680,-1.263740,3.000000
3.251000,0.030680,-1.145398,3.000000
3.252000,0.030680,-1.047576,3.000000
3.253000,0.030680,-0.964779,3.000000
3.254000,0.033748,0.894985,3.000000
3.255000,0.033748,0.833700,3.000000
3.256000,0.033748,0.780720,3.000000
3.257000,0.036816,0.734287,3.000000
3.258000,0.036816,0.692799,3.000000
3.259000,0.036816,0.655745,3.000000
3.260000,0.039884,0.622384,3.000000
3.261000,0.042951,0.593779,3.000000
3.262000,0.042951,0.593779,3.000000
3.263000,0.046019,0.593779,3.000000
3.264000,0.046019,0.593779,3.000000
3.265000,0.049087,0.593779,3.000000
3.266000,0.052155,0.593779,3.000000
3.267000,0.055223,1.673855,3.000000
3.268000,0.058291,1.673855,3.000000
3.269000,0.058291,1.673855,3.000000
3.270000,0.061359,1.673855,3.000000
3.271000,0.064427,1.673855,3.000000
3.272000,0.067495,2.505240,3.000000
3.273000,0.073631,2.505240,3.000000
3.274000,0.076699,2.505240,3.000000
3.275000,0.079767,3.115868,3.000000
3.276000,0.082835,3.115868,3.000000
3.277000,0.085903,3.115868,3.000000
3.278000,0.092039,3.621750,3.000000
3.279000,0.095107,3.621750,3.000000
3.280000,0.098175,3.621750,3.000000
3.281000,0.104311,4.058094,3.000000
3.282000,0.107379,4.058094,3.000000
3.283000,0.113515,4.058094,3.000000
3.284000,0.116583,4.442967,3.000000
3.285000,0.122718,4.442967,3.000000
3.286000,0.128854,4.803280,3.000000
3.287000,0.131922,4.803280,3.000000
3.288000,0.138058,4.803280,3.000000
3.289000,0.144194,5.128971,3.000000
3.290000,0.150330,5.128971,3.000000
3.291000,0.156466,5.443435,3.000000
3.292000,0.159534,5.443435,3.000000
3.293000,0.165670,5.734247,3.000000
3.294000,0.171806,5.734247,3.000000
3.295000,0.177942,5.992194,3.000000
3.296000,0.187146,5.992194,3.000000
3.297000,0.193282,6.260924,3.000000
3.298000,0.199418,6.260924,3.000000
3.299000,0.205553,6.497051,3.000000
3.300000,0.211689,6.497051,-3.000000
3.301000,0.220893,6.721895,-3.000000
3.302000,0.227029,6.834515,-3.000000
3.303000,0.233165,6.834515,-3.000000
3.304000,0.239301,6.591762,-3.000000
3.305000,0.245437,6.591762,-3.000000
3.306000,0.251573,6.443417,-3.000000
3.307000,0.257709,6.443417,-3.000000
3.308000,0.263845,6.246318,-3.000000
3.309000,0.269981,6.246318,-3.000000
3.310000,0.276117,6.045038,-3.000000
3.311000,0.282252,6.045038,-3.000000
3.312000,0.288388,5.805723,-3.000000
3.313000,0.291456,5.805723,-3.000000
3.314000,0.297592,5.805723,-3.000000
3.315000,0.303728,5.434930,-3.000000
3.316000,0.306796,5.434930,-3.000000
3.317000,0.312932,5.054996,-3.000000
3.318000,0.316000,5.054996,-3.000000
3.319000,0.322136,5.054996,-3.000000
3.320000,0.325204,4.798793,-3.000000
3.321000,0.331340,4.798793,-3.000000
3.322000,0.334408,4.798793,-3.000000
3.323000,0.337476,4.327634,-3.000000
3.324000,0.340544,4.327634,-3.000000
3.325000,0.346680,4.327634,-3.000000
3.326000,0.349748,3.909961,-3.000000
3.327000,0.352816,3.909961,-3.000000
3.328000,0.355884,3.909961,-3.000000
3.329000,0.358952,3.840436,-3.000000
3.330000,0.362019,3.374657,-3.000000
3.331000,0.365087,3.374657,-3.000000
3.332000,0.365087,3.374657,-3.000000
3.333000,0.368155,3.374657,-3.000000
3.334000,0.371223,2.912094,-3.000000
3.335000,0.374291,2.762357,-3.000000
3.336000,0.374291,2.762357,-3.000000
3.337000,0.377359,2.762357,-3.000000
3.338000,0.377359,2.762357,-3.000000
3.339000,0.380427,2.762357,-3.000000
3.340000,0.380427,2.387616,-3.000000
3.341000,0.383495,1.996635,-3.000000
3.342000,0.383495,1.717847,-3.000000
3.343000,0.383495,1.506423,-3.000000
3.344000,0.386563,1.994400,-3.000000
3.345000,0.386563,1.994400,-3.000000
3.346000,0.386563,1.994400,-3.000000
3.347000,0.386563,1.994400,-3.000000
3.348000,0.386563,1.994400,-3.000000
3.349000,0.386563,1.994400,-3.000000
3.350000,0.386563,1.813927,-3.000000
3.351000,0.386563,1.580097,-3.000000
3.352000,0.386563,1.399620,-3.000000
3.353000,0.386563,1.255623,-3.000000
3.354000,0.386563,1.139954,-3.000000
3.355000,0.386563,1.042646,-3.000000
3.356000,0.383495,-0.961389,-3.000000
3.357000,0.383495,-0.891071,-3.000000
3.358000,0.383495,-0.830662,-3.000000
3.359000,0.380427,-0.778009,-3.000000
3.360000,0.380427,-0.731893,-3.000000
3.361000,0.377359,-0.696802,-3.000000
3.362000,0.377359,-0.696802,-3.000000
3.363000,0.374291,-0.696802,-3.000000
3.364000,0.374291,-0.696802,-3.000000
3.365000,0.371223,-0.696802,-3.000000
3.366000,0.368155,-0.696802,-3.000000
3.367000,0.365087,-1.473658,-3.000000
3.368000,0.365087,-1.473658,-3.000000
3.369000,0.362019,-1.473658,-3.000000
3.370000,0.358952,-1.473658,-3.000000
3.371000,0.355884,-1.473658,-3.000000
3.372000,0.352816,-2.369184,-3.000000
3.373000,0.349748,-2.369184,-3.000000
3.374000,0.346680,-2.369184,-3.000000
3.375000,0.343612,-2.369184,-3.000000
3.376000,0.340544,-2.981790,-3.000000
3.377000,0.337476,-2.981790,-3.000000
3.378000,0.331340,-2.981790,-3.000000
3.379000,0.328272,-3.498010,-3.000000
3.380000,0.325204,-3.498010,-3.000000
3.381000,0.319068,-3.498010,-3.000000
3.382000,0.316000,-3.941197,-3.000000
3.383000,0.312932,-3.941197,-3.000000
3.384000,0.306796,-3.941197,-3.000000
3.385000,0.300660,-4.326023,-3.000000
3.386000,0.297592,-4.326023,-3.000000
3.387000,0.291456,-4.670146,-3.000000
3.388000,0.288388,-4.670146,-3.000000
3.389000,0.282252,-4.670146,-3.000000
3.390000,0.276117,-4.991768,-3.000000
3.391000,0.269981,-4.991768,-3.000000
3.392000,0.266913,-5.278939,-3.000000
3.393000,0.260777,-5.278939,-3.000000
3.394000,0.254641,-5.561015,-3.000000
3.395000,0.248505,-5.561015,-3.000000
3.396000,0.242369,-5.814204,-3.000000
3.397000,0.236233,-5.814204,-3.000000
3.398000,0.230097,-6.072875,-3.000000
3.399000,0.223961,-6.072875,-3.000000
3.400000,0.217825,-6.282783,-3.000000
3.401000,0.211689,-6.282783,3.000000
3.402000,0.202485,-6.512375,3.000000
3.403000,0.196350,-6.512375,3.000000
3.404000,0.190214,-6.124015,3.000000
3.405000,0.184078,-6.124015,3.000000
3.406000,0.177942,-6.405812,3.000000
3.407000,0.171806,-6.405812,3.000000
3.408000,0.165670,-6.320129,3.000000
3.409000,0.162602,-6.320129,3.000000
3.410000,0.156466,-5.853259,3.000000
3.411000,0.150330,-5.853259,3.000000
3.412000,0.144194,-5.658597,3.000000
3.413000,0.141126,-5.658597,3.000000
3.414000,0.134990,-5.658597,3.000000
3.415000,0.128854,-5.319780,3.000000
3.416000,0.125786,-5.319780,3.000000
3.417000,0.119651,-4.901849,3.000000
3.418000,0.116583,-4.901849,3.000000
3.419000,0.110447,-4.901849,3.000000
3.420000,0.107379,-4.554734,3.000000
3.421000,0.104311,-4.554734,3.000000
3.422000,0.098175,-4.554734,3.000000
3.423000,0.095107,-4.136481,3.000000
3.424000,0.092039,-4.136481,3.000000
3.425000,0.088971,-4.136481,3.000000
3.426000,0.085903,-3.876527,3.000000
3.427000,0.082835,-3.649695,3.000000
3.428000,0.079767,-3.649695,3.000000
3.429000,0.076699,-3.649695,3.000000
3.430000,0.073631,-3.423136,3.000000
3.431000,0.070563,-3.100104,3.000000
3.432000,0.070563,-3.100104,3.000000
3.433000,0.067495,-3.100104,3.000000
3.434000,0.064427,-3.100104,3.000000
3.435000,0.064427,-2.939355,3.000000
3.436000,0.061359,-2.369724,3.000000
3.437000,0.058291,-2.414958,3.000000
3.438000,0.058291,-2.414958,3.000000
3.439000,0.058291,-2.414958,3.000000
3.440000,0.055223,-2.414958,3.000000
3.441000,0.055223,-2.414958,3.000000
3.442000,0.055223,-2.414958,3.000000
3.443000,0.052155,-2.018945,3.000000
3.444000,0.052155,-1.733982,3.000000
3.445000,0.052155,-1.519448,3.000000
3.446000,0.052155,-1.351403,3.000000
3.447000,0.052155,-1.217809,3.000000
3.448000,0.052155,-1.107958,3.000000
3.449000,0.052155,-1.016233,3.000000
3.450000,0.052155,-0.938600,3.000000
3.451000,0.052155,-0.871670,3.000000
3.452000,0.052155,-0.814296,3.000000
3.453000,0.052155,-0.763294,3.000000
3.454000,0.052155,-0.718508,3.000000
3.455000,0.055223,-1.437618,3.000000
3.456000,0.055223,-1.437618,3.000000
3.457000,0.055223,-1.437618,3.000000
3.458000,0.058291,-1.437618,3.000000
3.459000,0.058291,-1.437618,3.000000
3.460000,0.061359,-1.437618,3.000000
3.461000,0.061359,-1.437618,3.000000
3.462000,0.064427,-1.437618,3.000000
3.463000,0.067495,0.713087,3.000000
3.464000,0.067495,0.713087,3.000000
3.465000,0.070563,0.713087,3.000000
3.466000,0.073631,0.713087,3.000000
3.467000,0.076699,0.713087,3.000000
3.468000,0.079767,1.992376,3.000000
3.469000,0.079767,1.992376,3.000000
3.470000,0.082835,1.992376,3.000000
3.471000,0.085903,1.992376,3.000000
3.472000,0.092039,2.695834,3.000000
3.473000,0.095107,2.695834,3.000000
3.474000,0.098175,2.695834,3.000000
3.475000,0.101243,2.695834,3.000000
3.476000,0.104311,3.253130,3.000000
3.477000,0.107379,3.253130,3.000000
3.478000,0.113515,3.253130,3.000000
3.479000,0.116583,3.725813,3.000000
3.480000,0.119651,3.725813,3.000000
3.481000,0.125786,3.725813,3.000000
3.482000,0.128854,4.131742,3.000000
3.483000,0.134990,4.131742,3.000000
3.484000,0.138058,4.131742,3.000000
3.485000,0.144194,4.492690,3.000000
3.486000,0.150330,4.492690,3.000000
3.487000,0.153398,4.823549,3.000000
3.488000,0.159534,4.823549,3.000000
3.489000,0.165670,5.132278,3.000000
3.490000,0.168738,5.132278,3.000000
3.491000,0.174874,5.132278,3.000000
3.492000,0.181010,5.400053,3.000000
3.493000,0.187146,5.400053,3.000000
3.494000,0.193282,5.662731,3.000000
3.495000,0.199418,5.662731,3.000000
3.496000,0.205553,5.896422,3.000000
3.497000,0.211689,5.896422,3.000000
3.498000,0.217825,6.121894,3.000000
3.499000,0.223961,6.121894,3.000000
3.500000,0.230097,6.328639,3.000000
3.501000,0.236233,6.328639,-3.000000
3.502000,0.245437,6.525553,-3.000000
3.503000,0.251573,6.657321,-3.000000
3.504000,0.257709,6.657321,-3.000000
3.505000,0.263845,6.309703,-3.000000
3.506000,0.269981,6.309703,-3.000000
3.507000,0.276117,6.185753,-3.000000
3.508000,0.282252,6.185753,-3.000000
3.509000,0.288388,5.948424,-3.000000
3.510000,0.291456,5.948424,-3.000000
3.511000,0.297592,5.948424,-3.000000
3.512000,0.303728,5.671782,-3.000000
3.513000,0.306796,5.671782,-3.000000
3.514000,0.312932,5.181425,-3.000000
3.515000,0.319068,5.181425,-3.000000
3.516000,0.322136,5.181425,-3.000000
3.517000,0.328272,5.051471,-3.000000
3.518000,0.331340,5.051471,-3.000000
3.519000,0.337476,4.381042,-3.000000
3.520000,0.340544,4.511201,-3.000000
3.521000,0.343612,4.511201,-3.000000
3.522000,0.346680,4.099288,-3.000000
3.523000,0.349748,4.145699,-3.000000
3.524000,0.355884,4.145699,-3.000000
3.525000,0.358952,4.145699,-3.000000
3.526000,0.362019,3.668896,-3.000000
3.527000,0.365087,3.668896,-3.000000
3.528000,0.368155,3.668896,-3.000000
3.529000,0.368155,3.668896,-3.000000
3.530000,0.371223,2.921086,-3.000000
3.531000,0.374291,3.077922,-3.000000
3.532000,0.377359,3.077922,-3.000000
3.533000,0.377359,3.077922,-3.000000
3.534000,0.380427,3.077922,-3.000000
3.535000,0.383495,2.568802,-3.000000
3.536000,0.383495,2.125399,-3.000000
3.537000,0.386563,2.391661,-3.000000
3.538000,0.386563,2.391661,-3.000000
3.539000,0.389631,2.391661,-3.000000
3.540000,0.389631,2.391661,-3.000000
3.541000,0.389631,2.391661,-3.000000
3.542000,0.392699,2.197795,-3.000000
3.543000,0.392699,1.864672,-3.000000
3.544000,0.392699,1.618209,-3.000000
3.545000,0.392699,1.430250,-3.000000
3.546000,0.392699,1.280713,-3.000000
3.547000,0.392699,1.159936,-3.000000
3.548000,0.392699,1.059429,-3.000000
3.549000,0.392699,0.975378,-3.000000
3.550000,0.392699,0.903930,-3.000000
3.551000,0.392699,0.842022,-3.000000
3.552000,0.392699,0.788007,-3.000000
3.553000,0.392699,0.740540,-3.000000
3.554000,0.389631,1.394537,-3.000000
3.555000,0.389631,1.394537,-3.000000
3.556000,0.389631,1.394537,-3.000000
3.557000,0.386563,1.394537,-3.000000
3.558000,0.386563,1.394537,-3.000000
3.559000,0.383495,1.394537,-3.000000
3.560000,0.383495,1.394537,-3.000000
3.561000,0.380427,1.394537,-3.000000
3.562000,0.377359,-0.732135,-3.000000
3.563000,0.377359,-0.732135,-3.000000
3.564000,0.374291,-0.732135,-3.000000
3.565000,0.371223,-0.732135,-3.000000
3.566000,0.368155,-0.732135,-3.000000
3.567000,0.368155,-0.732135,-3.000000
3.568000,0.365087,-1.968416,-3.000000
3.569000,0.362019,-1.968416,-3.000000
3.570000,0.358952,-1.968416,-3.000000
3.571000,0.355884,-1.968416,-3.000000
3.572000,0.352816,-2.685910,-3.000000
3.573000,0.349748,-2.685910,-3.000000
3.574000,0.343612,-2.685910,-3.000000
3.575000,0.340544,-3.248717,-3.000000
3.576000,0.337476,-3.248717,-3.000000
3.577000,0.334408,-3.248717,-3.000000
3.578000,0.328272,-3.742003,-3.000000
3.579000,0.325204,-3.742003,-3.000000
3.580000,0.322136,-3.742003,-3.000000
3.581000,0.316000,-4.164222,-3.000000
3.582000,0.312932,-4.164222,-3.000000
3.583000,0.306796,-4.164222,-3.000000
3.584000,0.300660,-4.536238,-3.000000
3.585000,0.297592,-4.536238,-3.000000
3.586000,0.291456,-4.891266,-3.000000
3.587000,0.285320,-4.891266,-3.000000
3.588000,0.282252,-4.891266,-3.000000
3.589000,0.276117,-5.197641,-3.000000
3.590000,0.269981,-5.197641,-3.000000
3.591000,0.263845,-5.498652,-3.000000
3.592000,0.257709,-5.498652,-3.000000
3.593000,0.251573,-5.774081,-3.000000
3.594000,0.245437,-5.774081,-3.000000
3.595000,0.239301,-6.035293,-3.000000
3.596000,0.233165,-6.035293,-3.000000
3.597000,0.227029,-6.285733,-3.000000
3.598000,0.220893,-6.285733,-3.000000
3.599000,0.214757,-6.509736,-3.000000
3.600000,0.205553,-6.730138,-3.000000
3.601000,0.199418,-6.730138,3.000000
3.602000,0.193282,-6.938310,3.000000
3.603000,0.187146,-6.938310,3.000000
3.604000,0.177942,-6.563996,3.000000
3.605000,0.171806,-6.563996,3.000000
3.606000,0.165670,-6.736141,3.000000
3.607000,0.159534,-6.736141,3.000000
3.608000,0.153398,-6.806296,3.000000
3.609000,0.147262,-6.806296,3.000000
3.610000,0.141126,-6.304570,3.000000
3.611000,0.134990,-6.304570,3.000000
3.612000,0.128854,-6.100928,3.000000
3.613000,0.122718,-6.100928,3.000000
3.614000,0.119651,-5.679621,3.000000
3.615000,0.113515,-5.679621,3.000000
3.616000,0.107379,-5.443502,3.000000
3.617000,0.104311,-5.443502,3.000000
3.618000,0.098175,-5.443502,3.000000
3.619000,0.092039,-5.120707,3.000000
3.620000,0.088971,-5.120707,3.000000
3.621000,0.085903,-4.611381,3.000000
3.622000,0.079767,-4.696484,3.000000
3.623000,0.076699,-4.696484,3.000000
3.624000,0.073631,-4.161535,3.000000
3.625000,0.067495,-4.277374,3.000000
3.626000,0.064427,-4.277374,3.000000
3.627000,0.061359,-4.161261,3.000000
3.628000,0.058291,-3.843844,3.000000
3.629000,0.055223,-3.843844,3.000000
3.630000,0.052155,-3.843844,3.000000
3.631000,0.049087,-3.502545,3.000000
3.632000,0.046019,-3.297025,3.000000
3.633000,0.042951,-3.297025,3.000000
3.634000,0.042951,-3.297025,3.000000
3.635000,0.039884,-3.297025,3.000000
3.636000,0.036816,-2.790351,3.000000
3.637000,0.033748,-2.650547,3.000000
3.638000,0.033748,-2.650547,3.000000
3.639000,0.030680,-2.650547,3.000000
3.640000,0.030680,-2.650547,3.000000
3.641000,0.027612,-2.650547,3.000000
3.642000,0.027612,-2.440425,3.000000
3.643000,0.027612,-2.033540,3.000000
3.644000,0.024544,-1.745381,3.000000
3.645000,0.024544,-1.528104,3.000000
3.646000,0.024544,-1.358923,3.000000
3.647000,0.024544,-1.223543,3.000000
3.648000,0.024544,-1.112337,3.000000
3.649000,0.021476,-1.818781,3.000000
3.650000,0.021476,-1.818781,3.000000
3.651000,0.021476,-1.818781,3.000000
3.652000,0.021476,-1.818781,3.000000
3.653000,0.024544,-1.818781,3.000000
3.654000,0.024544,-1.818781,3.000000
3.655000,0.024544,-1.818781,3.000000
3.656000,0.024544,1.597414,3.000000
3.657000,0.024544,1.414072,3.000000
3.658000,0.027612,1.267893,3.000000
3.659000,0.027612,1.149652,3.000000
3.660000,0.030680,1.017414,3.000000
3.661000,0.030680,1.017414,3.000000
3.662000,0.033748,1.017414,3.000000
3.663000,0.033748,1.017414,3.000000
3.664000,0.036816,1.017414,3.000000
3.665000,0.036816,1.017414,3.000000
3.666000,0.039884,1.017414,3.000000
3.667000,0.042951,1.144662,3.000000
3.668000,0.046019,1.144662,3.000000
3.669000,0.046019,1.144662,3.000000
3.670000,0.049087,1.144662,3.000000
3.671000,0.052155,1.144662,3.000000
3.672000,0.055223,2.229916,3.000000
3.673000,0.058291,2.229916,3.000000
3.674000,0.061359,2.229916,3.000000
3.675000,0.064427,2.229916,3.000000
3.676000,0.067495,2.898842,3.000000
3.677000,0.073631,2.898842,3.000000
3.678000,0.076699,2.898842,3.000000
3.679000,0.079767,3.430605,3.000000
3.680000,0.082835,3.430605,3.000000
3.681000,0.088971,3.430605,3.000000
3.682000,0.092039,3.881824,3.000000
3.683000,0.098175,3.881824,3.000000
3.684000,0.101243,3.881824,3.000000
3.685000,0.107379,4.275884,3.000000
3.686000,0.110447,4.275884,3.000000
3.687000,0.116583,4.636547,3.000000
3.688000,0.119651,4.636547,3.000000
3.689000,0.125786,4.636547,3.000000
3.690000,0.131922,4.954902,3.000000
3.691000,0.134990,4.954902,3.000000
3.692000,0.141126,5.265757,3.000000
3.693000,0.147262,5.265757,3.000000
3.694000,0.153398,5.544439,3.000000
3.695000,0.159534,5.544439,3.000000
3.696000,0.165670,5.825359,3.000000
3.697000,0.171806,5.825359,3.000000
3.698000,0.177942,6.052450,3.000000
3.699000,0.184078,6.052450,3.000000
3.700000,0.190214,6.317779,3.000000
3.701000,0.196350,6.317779,-3.000000
3.702000,0.202485,6.516794,-3.000000
3.703000,0.208621,6.516794,-3.000000
3.704000,0.217825,6.148819,-3.000000
3.705000,0.223961,6.148819,-3.000000
3.706000,0.230097,6.371905,-3.000000
3.707000,0.236233,6.371905,-3.000000
3.708000,0.242369,6.319134,-3.000000
3.709000,0.245437,6.319134,-3.000000
3.710000,0.251573,5.922944,-3.000000
3.711000,0.257709,5.922944,-3.000000
3.712000,0.263845,5.683822,-3.000000
3.713000,0.269981,5.683822,-3.000000
3.714000,0.273049,5.578816,-3.000000
3.715000,0.279185,5.362853,-3.000000
3.716000,0.282252,5.362853,-3.000000
3.717000,0.288388,4.942208,-3.000000
3.718000,0.291456,4.942208,-3.000000
3.719000,0.297592,4.942208,-3.000000
3.720000,0.300660,4.626811,-3.000000
3.721000,0.303728,4.626811,-3.000000
3.722000,0.309864,4.626811,-3.000000
3.723000,0.312932,4.190946,-3.000000
3.724000,0.316000,4.190946,-3.000000
3.725000,0.319068,4.190946,-3.000000
3.726000,0.322136,3.651626,-3.000000
3.727000,0.325204,3.729131,-3.000000
3.728000,0.328272,3.729131,-3.000000
3.729000,0.331340,3.729131,-3.000000
3.730000,0.334408,3.191465,-3.000000
3.731000,0.337476,3.178263,-3.000000
3.732000,0.340544,3.178263,-3.000000
3.733000,0.340544,3.178263,-3.000000
3.734000,0.343612,3.178263,-3.000000
3.735000,0.346680,2.689188,-3.000000
3.736000,0.346680,2.208496,-3.000000
3.737000,0.349748,2.507187,-3.000000
3.738000,0.349748,2.507187,-3.000000
3.739000,0.352816,2.507187,-3.000000
3.740000,0.352816,2.507187,-3.000000
3.741000,0.355884,2.507187,-3.000000
3.742000,0.355884,2.111043,-3.000000
3.743000,0.355884,1.802081,-3.000000
3.744000,0.355884,1.570861,-3.000000
3.745000,0.358952,1.393760,-3.000000
3.746000,0.358952,1.250855,-3.000000
3.747000,0.358952,1.135495,-3.000000
3.748000,0.358952,1.039310,-3.000000
3.749000,0.358952,0.958306,-3.000000
3.750000,0.358952,0.888630,-3.000000
3.751000,0.358952,0.828701,-3.000000
3.752000,0.358952,0.776387,-3.000000
3.753000,0.355884,-0.729949,-3.000000
3.754000,0.355884,-0.689260,-3.000000
3.755000,0.355884,-0.652339,-3.000000
3.756000,0.355884,-0.619476,-3.000000
3.757000,0.352816,-1.621919,-3.000000
3.758000,0.352816,-1.621919,-3.000000
3.759000,0.349748,-1.621919,-3.000000
3.760000,0.349748,-1.621919,-3.000000
3.761000,0.346680,-1.621919,-3.000000
3.762000,0.346680,-1.621919,-3.000000
3.763000,0.343612,-1.621919,-3.000000
3.764000,0.340544,-0.610283,-3.000000
3.765000,0.340544,-0.610283,-3.000000
3.766000,0.337476,-0.610283,-3.000000
3.767000,0.334408,-0.610283,-3.000000
3.768000,0.331340,-0.610283,-3.000000
3.769000,0.328272,-2.105665,-3.000000
3.770000,0.325204,-2.105665,-3.000000
3.771000,0.325204,-2.105665,-3.000000
3.772000,0.319068,-2.105665,-3.000000
3.773000,0.316000,-2.777090,-3.000000
3.774000,0.312932,-2.777090,-3.000000
3.775000,0.309864,-2.777090,-3.000000
3.776000,0.306796,-2.777090,-3.000000
3.777000,0.303728,-3.317911,-3.000000
3.778000,0.297592,-3.317911,-3.000000
3.779000,0.294524,-3.317911,-3.000000
3.780000,0.291456,-3.785270,-3.000000
3.781000,0.285320,-3.785270,-3.000000
3.782000,0.282252,-3.785270,-3.000000
3.783000,0.276117,-4.192955,-3.000000
3.784000,0.273049,-4.192955,-3.000000
3.785000,0.266913,-4.546836,-3.000000
3.786000,0.263845,-4.546836,-3.000000
3.787000,0.257709,-4.546836,-3.000000
3.788000,0.251573,-4.867768,-3.000000
3.789000,0.248505,-4.867768,-3.000000
3.790000,0.242369,-5.164043,-3.000000
3.791000,0.236233,-5.164043,-3.000000
3.792000,0.230097,-5.448403,-3.000000
3.793000,0.223961,-5.448403,-3.000000
3.794000,0.217825,-5.696758,-3.000000
3.795000,0.211689,-5.696758,-3.000000
3.796000,0.205553,-5.946702,-3.000000
3.797000,0.199418,-5.946702,-3.000000
3.798000,0.193282,-6.173263,-3.000000
3.799000,0.187146,-6.173263,-3.000000
3.800000,0.181010,-6.382030,3.000000
3.801000,0.174874,-6.382030,3.000000
3.802000,0.168738,-6.579686,3.000000
3.803000,0.162602,-6.579686,3.000000
3.804000,0.156466,-6.082155,3.000000
3.805000,0.150330,-6.082155,3.000000
3.806000,0.144194,-6.179696,3.000000
3.807000,0.138058,-6.179696,3.000000
3.808000,0.131922,-5.907263,3.000000
3.809000,0.125786,-5.907263,3.000000
3.810000,0.119651,-5.781259,3.000000
3.811000,0.113515,-5.609488,3.000000
3.812000,0.107379,-5.609488,3.000000
3.813000,0.104311,-5.161811,3.000000
3.814000,0.098175,-5.161811,3.000000
3.815000,0.095107,-5.091906,3.000000
3.816000,0.088971,-4.961189,3.000000
3.817000,0.085903,-4.961189,3.000000
3.818000,0.079767,-4.465715,3.000000
3.819000,0.076699,-4.465715,3.000000
3.820000,0.073631,-4.465715,3.000000
3.821000,0.070563,-4.097483,3.000000
3.822000,0.067495,-4.093705,3.000000
3.823000,0.061359,-4.093705,3.000000
3.824000,0.058291,-4.093705,3.000000
3.825000,0.055223,-3.610797,3.000000
3.826000,0.052155,-3.610797,3.000000
3.827000,0.052155,-3.610797,3.000000
3.828000,0.049087,-3.610797,3.000000
3.829000,0.046019,-2.992809,3.000000
3.830000,0.042951,-3.008932,3.000000
3.831000,0.039884,-3.008932,3.000000
3.832000,0.039884,-3.008932,3.000000
3.833000,0.036816,-3.008932,3.000000
3.834000,0.033748,-2.705566,3.000000
3.835000,0.033748,-2.218132,3.000000
3.836000,0.033748,-1.878252,3.000000
3.837000,0.030680,-2.298152,3.000000
3.838000,0.030680,-2.298152,3.000000
3.839000,0.027612,-2.298152,3.000000
3.840000,0.027612,-2.298152,3.000000
3.841000,0.027612,-2.298152,3.000000
3.842000,0.027612,-2.060797,3.000000
3.843000,0.027612,-1.765067,3.000000
3.844000,0.024544,-1.543761,3.000000
3.845000,0.024544,-1.370435,3.000000
3.846000,0.024544,-1.232634,3.000000
3.847000,0.024544,-1.120960,3.000000
3.848000,0.024544,-1.026614,3.000000
3.849000,0.024544,-0.947315,3.000000
3.850000,0.027612,-1.138191,3.000000
3.851000,0.027612,-1.138191,3.000000
3.852000,0.027612,-1.138191,3.000000
3.853000,0.027612,-1.138191,3.000000
3.854000,0.030680,-1.138191,3.000000
3.855000,0.030680,-1.138191,3.000000
3.856000,0.033748,-1.138191,3.000000
3.857000,0.033748,-1.138191,3.000000
3.858000,0.036816,-1.138191,3.000000
3.859000,0.036816,-1.138191,3.000000
3.860000,0.039884,0.968503,3.000000
3.861000,0.039884,0.968503,3.000000
3.862000,0.042951,0.968503,3.000000
3.863000,0.046019,0.968503,3.000000
3.864000,0.049087,0.968503,3.000000
3.865000,0.052155,1.860620,3.000000
3.866000,0.052155,1.860620,3.000000
3.867000,0.055223,1.860620,3.000000
3.868000,0.058291,1.860620,3.000000
3.869000,0.061359,1.860620,3.000000
3.870000,0.064427,2.607718,3.000000
3.871000,0.067495,2.607718,3.000000
3.872000,0.073631,2.607718,3.000000
3.873000,0.076699,3.183507,3.000000
3.874000,0.079767,3.183507,3.000000
3.875000,0.082835,3.183507,3.000000
3.876000,0.088971,3.669262,3.000000
3.877000,0.092039,3.669262,3.000000
3.878000,0.095107,3.669262,3.000000
3.879000,0.101243,4.093932,3.000000
3.880000,0.104311,4.093932,3.000000
3.881000,0.110447,4.093932,3.000000
3.882000,0.113515,4.473674,3.000000
3.883000,0.119651,4.473674,3.000000
3.884000,0.125786,4.806337,3.000000
3.885000,0.128854,4.806337,3.000000
3.886000,0.134990,4.806337,3.000000
3.887000,0.141126,5.121806,3.000000
3.888000,0.147262,5.121806,3.000000
3.889000,0.153398,5.407522,3.000000
3.890000,0.156466,5.407522,3.000000
3.891000,0.162602,5.688689,3.000000
3.892000,0.168738,5.688689,3.000000
3.893000,0.174874,5.922190,3.000000
3.894000,0.181010,5.922190,3.000000
3.895000,0.190214,6.186056,3.000000
3.896000,0.196350,6.186056,3.000000
3.897000,0.202485,6.388583,3.000000
3.898000,0.208621,6.388583,3.000000
3.899000,0.214757,6.609068,3.000000
3.900000,0.223961,6.794311,3.000000
3.901000,0.230097,6.794311,-3.000000
3.902000,0.236233,6.977706,-3.000000
3.903000,0.242369,6.977706,-3.000000
3.904000,0.248505,6.601612,-3.000000
3.905000,0.257709,6.601612,-3.000000
3.906000,0.263845,6.645904,-3.000000
3.907000,0.269981,6.645904,-3.000000
3.908000,0.276117,6.627708,-3.000000
3.909000,0.282252,6.627708,-3.000000
3.910000,0.288388,6.263188,-3.000000
3.911000,0.294524,6.263188,-3.000000
3.912000,0.297592,5.964969,-3.000000
3.913000,0.303728,5.964969,-3.000000
3.914000,0.309864,5.634169,-3.000000
3.915000,0.316000,5.634169,-3.000000
3.916000,0.319068,5.446724,-3.000000
3.917000,0.325204,5.404876,-3.000000
3.918000,0.328272,5.404876,-3.000000
3.919000,0.334408,4.889615,-3.000000
3.920000,0.337476,4.889615,-3.000000
3.921000,0.343612,4.889615,-3.000000
3.922000,0.346680,4.590419,-3.000000
3.923000,0.349748,4.590419,-3.000000
3.924000,0.355884,4.590419,-3.000000
3.925000,0.358952,4.094293,-3.000000
3.926000,0.362019,4.094293,-3.000000
3.927000,0.365087,4.094293,-3.000000
3.928000,0.368155,3.725405,-3.000000
3.929000,0.371223,3.585216,-3.000000
3.930000,0.374291,3.585216,-3.000000
3.931000,0.377359,3.585216,-3.000000
3.932000,0.380427,3.389558,-3.000000
3.933000,0.383495,3.021155,-3.000000
3.934000,0.383495,3.021155,-3.000000
3.935000,0.386563,3.021155,-3.000000
3.936000,0.389631,3.021155,-3.000000
3.937000,0.389631,2.996737,-3.000000
3.938000,0.392699,2.410268,-3.000000
3.939000,0.392699,2.013451,-3.000000
3.940000,0.395767,2.333470,-3.000000
3.941000,0.395767,2.333470,-3.000000
3.942000,0.398835,2.333470,-3.000000
3.943000,0.398835,2.333470,-3.000000
3.944000,0.398835,2.333470,-3.000000
3.945000,0.398835,2.180719,-3.000000
3.946000,0.401903,1.849195,-3.000000
3.947000,0.401903,1.607768,-3.000000
3.948000,0.401903,1.421383,-3.000000
3.949000,0.401903,1.273330,-3.000000
3.950000,0.401903,1.153849,-3.000000
3.951000,0.401903,1.055180,-3.000000
3.952000,0.401903,0.971379,-3.000000
3.953000,0.398835,1.222948,-3.000000
3.954000,0.398835,1.222948,-3.000000
3.955000,0.398835,1.222948,-3.000000
3.956000,0.398835,1.222948,-3.000000
3.957000,0.395767,1.222948,-3.000000
3.958000,0.395767,1.222948,-3.000000
3.959000,0.395767,1.222948,-3.000000
3.960000,0.392699,1.222948,-3.000000
3.961000,0.389631,1.222948,-3.000000
3.962000,0.389631,1.222948,-3.000000
3.963000,0.386563,-0.926857,-3.000000
3.964000,0.386563,-0.926857,-3.000000
3.965000,0.383495,-0.926857,-3.000000
3.966000,0.380427,-0.926857,-3.000000
3.967000,0.377359,-0.926857,-3.000000
3.968000,0.377359,-0.926857,-3.000000
3.969000,0.374291,-1.881628,-3.000000
3.970000,0.371223,-1.881628,-3.000000
3.971000,0.368155,-1.881628,-3.000000
3.972000,0.365087,-1.881628,-3.000000
3.973000,0.362019,-2.632416,-3.000000
3.974000,0.358952,-2.632416,-3.000000
3.975000,0.352816,-2.632416,-3.000000
3.976000,0.349748,-3.211334,-3.000000
3.977000,0.346680,-3.211334,-3.000000
3.978000,0.343612,-3.211334,-3.000000
3.979000,0.337476,-3.694747,-3.000000
3.980000,0.334408,-3.694747,-3.000000
3.981000,0.331340,-3.694747,-3.000000
3.982000,0.325204,-4.131220,-3.000000
3.983000,0.322136,-4.131220,-3.000000
3.984000,0.316000,-4.131220,-3.000000
3.985000,0.309864,-4.506990,-3.000000
3.986000,0.306796,-4.506990,-3.000000
3.987000,0.300660,-4.850080,-3.000000
3.988000,0.297592,-4.850080,-3.000000
3.989000,0.291456,-4.850080,-3.000000
3.990000,0.285320,-5.175295,-3.000000
3.991000,0.279185,-5.175295,-3.000000
3.992000,0.273049,-5.470498,-3.000000
3.993000,0.266913,-5.470498,-3.000000
3.994000,0.260777,-5.749097,-3.000000
3.995000,0.254641,-5.749097,-3.000000
3.996000,0.248505,-6.012336,-3.000000
3.997000,0.242369,-6.012336,-3.000000
3.998000,0.236233,-6.252551,-3.000000
3.999000,0.230097,-6.252551,-3.000000
4.000000,0.223961,-6.498293,-3.000000
4.001000,0.214757,-6.498293,3.000000
4.002000,0.208621,-6.701095,3.000000
4.003000,0.202485,-6.915502,3.000000
4.004000,0.196350,-6.915502,3.000000
4.005000,0.190214,-6.390801,3.000000
4.006000,0.184078,-6.390801,3.000000
4.007000,0.177942,-6.507051,3.000000
4.008000,0.171806,-6.507051,3.000000
4.009000,0.165670,-6.309252,3.000000
4.010000,0.159534,-6.309252,3.000000
4.011000,0.153398,-6.022623,3.000000
4.012000,0.147262,-6.022623,3.000000
4.013000,0.141126,-5.788721,3.000000
4.014000,0.138058,-5.788721,3.000000
4.015000,0.131922,-5.788721,3.000000
4.016000,0.125786,-5.444240,3.000000
4.017000,0.122718,-5.444240,3.000000
4.018000,0.116583,-5.036354,3.000000
4.019000,0.113515,-5.036354,3.000000
4.020000,0.107379,-5.036354,3.000000
4.021000,0.104311,-4.738876,3.000000
4.022000,0.098175,-4.738876,3.000000
4.023000,0.095107,-4.738876,3.000000
4.024000,0.092039,-4.275884,3.000000
4.025000,0.088971,-4.275884,3.000000
4.026000,0.082835,-4.275884,3.000000
4.027000,0.079767,-3.857454,3.000000
4.028000,0.076699,-3.857454,3.000000
4.029000,0.073631,-3.857454,3.000000
4.030000,0.070563,-3.857454,3.000000
4.031000,0.067495,-3.306377,3.000000
4.032000,0.067495,-3.306377,3.000000
4.033000,0.064427,-3.306377,3.000000
4.034000,0.061359,-3.306377,3.000000
4.035000,0.058291,-3.048369,3.000000
4.036000,0.058291,-2.438916,3.000000
4.037000,0.055223,-2.673581,3.000000
4.038000,0.052155,-2.673581,3.000000
4.039000,0.052155,-2.673581,3.000000
4.040000,0.052155,-2.673581,3.000000
4.041000,0.049087,-2.599310,3.000000
4.042000,0.049087,-2.141180,3.000000
4.043000,0.046019,-1.823330,3.000000
4.044000,0.046019,-1.588443,3.000000
4.045000,0.046019,-1.405374,3.000000
4.046000,0.046019,-1.262047,3.000000
4.047000,0.042951,-1.860392,3.000000
4.048000,0.042951,-1.860392,3.000000
4.049000,0.042951,-1.860392,3.000000
4.050000,0.042951,-1.860392,3.000000
4.051000,0.042951,-1.860392,3.000000
4.052000,0.042951,-1.860392,3.000000
4.053000,0.042951,-1.833059,3.000000
4.054000,0.046019,1.595568,3.000000
4.055000,0.046019,1.412336,3.000000
4.056000,0.046019,1.265605,3.000000
4.057000,0.046019,1.148164,3.000000
4.058000,0.049087,1.049809,3.000000
4.059000,0.049087,0.966662,3.000000
4.060000,0.052155,0.882275,3.000000
4.061000,0.052155,0.882275,3.000000
4.062000,0.052155,0.882275,3.000000
4.063000,0.055223,0.882275,3.000000
4.064000,0.058291,0.882275,3.000000
4.065000,0.058291,0.882275,3.000000
4.066000,0.061359,0.882275,3.000000
4.067000,0.064427,1.256707,3.000000
4.068000,0.067495,1.256707,3.000000
4.069000,0.067495,1.256707,3.000000
4.070000,0.070563,1.256707,3.000000
4.071000,0.073631,1.256707,3.000000
4.072000,0.076699,2.263529,3.000000
4.073000,0.079767,2.263529,3.000000
4.074000,0.082835,2.263529,3.000000
4.075000,0.085903,2.263529,3.000000
4.076000,0.088971,2.911518,3.000000
4.077000,0.095107,2.911518,3.000000
4.078000,0.098175,2.911518,3.000000
4.079000,0.101243,3.440718,3.000000
4.080000,0.104311,3.440718,3.000000
4.081000,0.110447,3.440718,3.000000
4.082000,0.113515,3.887785,3.000000
4.083000,0.119651,3.887785,3.000000
4.084000,0.122718,3.887785,3.000000
4.085000,0.128854,4.274519,3.000000
4.086000,0.131922,4.274519,3.000000
4.087000,0.138058,4.635356,3.000000
4.088000,0.141126,4.635356,3.000000
4.089000,0.147262,4.635356,3.000000
4.090000,0.153398,4.953763,3.000000
4.091000,0.159534,4.953763,3.000000
4.092000,0.162602,5.275062,3.000000
4.093000,0.168738,5.275062,3.000000
4.094000,0.174874,5.538635,3.000000
4.095000,0.181010,5.538635,3.000000
4.096000,0.187146,5.818377,3.000000
4.097000,0.193282,5.818377,3.000000
4.098000,0.199418,6.050253,3.000000
4.099000,0.205553,6.050253,3.000000
4.100000,0.211689,6.289089,3.000000
4.101000,0.217825,6.289089,-3.000000
4.102000,0.227029,6.489368,-3.000000
4.103000,0.230097,6.489368,-3.000000
4.104000,0.239301,6.132984,-3.000000
4.105000,0.245437,6.132984,-3.000000
4.106000,0.251573,6.349605,-3.000000
4.107000,0.257709,6.349605,-3.000000
4.108000,0.263845,6.275242,-3.000000
4.109000,0.266913,6.275242,-3.000000
4.110000,0.273049,5.897996,-3.000000
4.111000,0.279185,5.897996,-3.000000
4.112000,0.285320,5.668289,-3.000000
4.113000,0.288388,5.668289,-3.000000
4.114000,0.294524,5.668289,-3.000000
4.115000,0.300660,5.319236,-3.000000
4.116000,0.303728,5.319236,-3.000000
4.117000,0.309864,4.891185,-3.000000
4.118000,0.312932,4.891185,-3.000000
4.119000,0.319068,4.891185,-3.000000
4.120000,0.322136,4.588273,-3.000000
4.121000,0.325204,4.588273,-3.000000
4.122000,0.331340,4.588273,-3.000000
4.123000,0.334408,4.154842,-3.000000
4.124000,0.337476,4.154842,-3.000000
4.125000,0.340544,4.154842,-3.000000
4.126000,0.343612,3.805469,-3.000000
4.127000,0.346680,3.664529,-3.000000
4.128000,0.349748,3.664529,-3.000000
4.129000,0.352816,3.664529,-3.000000
4.130000,0.355884,3.360385,-3.000000
4.131000,0.358952,3.126817,-3.000000
4.132000,0.358952,3.126817,-3.000000
4.133000,0.362019,3.126817,-3.000000
4.134000,0.365087,3.126817,-3.000000
4.135000,0.365087,2.901803,-3.000000
4.136000,0.368155,2.349834,-3.000000
4.137000,0.371223,2.445687,-3.000000
4.138000,0.371223,2.445687,-3.000000
4.139000,0.374291,2.445687,-3.000000
4.140000,0.374291,2.445687,-3.000000
4.141000,0.374291,2.445687,-3.000000
4.142000,0.377359,2.315060,-3.000000
4.143000,0.377359,1.947045,-3.000000
4.144000,0.377359,1.681068,-3.000000
4.145000,0.377359,1.477527,-3.000000
4.146000,0.377359,1.319071,-3.000000
4.147000,0.377359,1.191438,-3.000000
4.148000,0.380427,1.085783,-3.000000
4.149000,0.380427,0.997792,-3.000000
4.150000,0.380427,0.922768,-3.000000
4.151000,0.377359,-0.858213,-3.000000
4.152000,0.377359,-0.802115,-3.000000
4.153000,0.377359,-0.753141,-3.000000
4.154000,0.377359,-0.709352,-3.000000
4.155000,0.377359,-0.670535,-3.000000
4.156000,0.374291,-1.514703,-3.000000
4.157000,0.374291,-1.514703,-3.000000
4.158000,0.371223,-1.514703,-3.000000
4.159000,0.371223,-1.514703,-3.000000
4.160000,0.371223,-1.514703,-3.000000
4.161000,0.368155,-1.514703,-3.000000
4.162000,0.365087,-1.514703,-3.000000
4.163000,0.365087,-1.514703,-3.000000
4.164000,0.362019,-0.661271,-3.000000
4.165000,0.358952,-0.661271,-3.000000
4.166000,0.358952,-0.661271,-3.000000
4.167000,0.355884,-0.661271,-3.000000
4.168000,0.352816,-0.661271,-3.000000
4.169000,0.349748,-2.040825,-3.000000
4.170000,0.346680,-2.040825,-3.000000
4.171000,0.343612,-2.040825,-3.000000
4.172000,0.340544,-2.040825,-3.000000
4.173000,0.337476,-2.724579,-3.000000
4.174000,0.334408,-2.724579,-3.000000
4.175000,0.331340,-2.724579,-3.000000
4.176000,0.328272,-2.724579,-3.000000
4.177000,0.322136,-3.277469,-3.000000
4.178000,0.319068,-3.277469,-3.000000
4.179000,0.316000,-3.277469,-3.000000
4.180000,0.309864,-3.748607,-3.000000
4.181000,0.306796,-3.748607,-3.000000
4.182000,0.300660,-4.160967,-3.000000
4.183000,0.297592,-4.160967,-3.000000
4.184000,0.291456,-4.160967,-3.000000
4.185000,0.288388,-4.519763,-3.000000
4.186000,0.282252,-4.519763,-3.000000
4.187000,0.279185,-4.519763,-3.000000
4.188000,0.273049,-4.843566,-3.000000
4.189000,0.266913,-4.843566,-3.000000
4.190000,0.260777,-5.143332,-3.000000
4.191000,0.257709,-5.143332,-3.000000
4.192000,0.251573,-5.417868,-3.000000
4.193000,0.245437,-5.417868,-3.000000
4.194000,0.239301,-5.675717,-3.000000
4.195000,0.233165,-5.675717,-3.000000
4.196000,0.227029,-5.928587,-3.000000
4.197000,0.220893,-5.928587,-3.000000
4.198000,0.214757,-6.141425,-3.000000
4.199000,0.208621,-6.141425,-3.000000
4.200000,0.202485,-6.361262,-3.000000
4.201000,0.193282,-6.361262,3.000000
4.202000,0.187146,-6.558977,3.000000
4.203000,0.181010,-6.558977,3.000000
4.204000,0.174874,-6.148904,3.000000
4.205000,0.168738,-6.148904,3.000000
4.206000,0.162602,-6.449108,3.000000
4.207000,0.156466,-6.449108,3.000000
4.208000,0.150330,-6.325286,3.000000
4.209000,0.144194,-6.325286,3.000000
4.210000,0.141126,-5.832126,3.000000
4.211000,0.134990,-5.832126,3.000000
4.212000,0.128854,-5.642372,3.000000
4.213000,0.122718,-5.642372,3.000000
4.214000,0.119651,-5.532289,3.000000
4.215000,0.113515,-5.277961,3.000000
4.216000,0.110447,-5.277961,3.000000
4.217000,0.104311,-4.875450,3.000000
4.218000,0.101243,-4.875450,3.000000
4.219000,0.095107,-4.875450,3.000000
4.220000,0.092039,-4.494107,3.000000
4.221000,0.088971,-4.494107,3.000000
4.222000,0.085903,-4.494107,3.000000
4.223000,0.079767,-4.052604,3.000000
4.224000,0.076699,-4.052604,3.000000
4.225000,0.073631,-4.052604,3.000000
4.226000,0.070563,-3.945403,3.000000
4.227000,0.067495,-3.556627,3.000000
4.228000,0.064427,-3.556627,3.000000
4.229000,0.061359,-3.556627,3.000000
4.230000,0.058291,-3.556627,3.000000
4.231000,0.058291,-2.810409,3.000000
4.232000,0.055223,-2.976546,3.000000
4.233000,0.052155,-2.976546,3.000000
4.234000,0.052155,-2.976546,3.000000
4.235000,0.049087,-2.976546,3.000000
4.236000,0.046019,-2.601024,3.000000
4.237000,0.046019,-2.145897,3.000000
4.238000,0.046019,-1.827437,3.000000
4.239000,0.042951,-2.242998,3.000000
4.240000,0.042951,-2.242998,3.000000
4.241000,0.039884,-2.242998,3.000000
4.242000,0.039884,-2.242998,3.000000
4.243000,0.039884,-2.242998,3.000000
4.244000,0.039884,-2.077690,3.000000
4.245000,0.039884,-1.775287,3.000000
4.246000,0.039884,-1.551650,3.000000
4.247000,0.039884,-1.376640,3.000000
4.248000,0.039884,-1.238692,3.000000
4.249000,0.039884,-1.125022,3.000000
4.250000,0.039884,-1.030025,3.000000
4.251000,0.039884,-0.950713,3.000000
4.252000,0.039884,-0.882023,3.000000
4.253000,0.039884,-0.823009,3.000000
4.254000,0.039884,-0.771086,3.000000
4.255000,0.042951,0.725530,3.000000
4.256000,0.042951,0.685024,3.000000
4.257000,0.046019,0.648776,3.000000
4.258000,0.046019,0.616211,3.000000
4.259000,0.049087,0.586914,3.000000
4.260000,0.049087,0.560154,3.000000
4.261000,0.052155,0.545858,3.000000
4.262000,0.052155,0.545858,3.000000
4.263000,0.055223,0.545858,3.000000
4.264000,0.058291,0.545858,3.000000
4.265000,0.061359,0.545858,3.000000
4.266000,0.061359,0.545858,3.000000
4.267000,0.064427,1.799878,3.000000
4.268000,0.067495,1.799878,3.000000
4.269000,0.070563,1.799878,3.000000
4.270000,0.073631,1.799878,3.000000
4.271000,0.076699,2.561007,3.000000
4.272000,0.079767,2.561007,3.000000
4.273000,0.082835,2.561007,3.000000
4.274000,0.088971,3.155482,3.000000
4.275000,0.092039,3.155482,3.000000
4.276000,0.095107,3.155482,3.000000
4.277000,0.098175,3.155482,3.000000
4.278000,0.104311,3.651264,3.000000
4.279000,0.107379,3.651264,3.000000
4.280000,0.110447,3.651264,3.000000
4.281000,0.116583,4.077232,3.000000
4.282000,0.119651,4.077232,3.000000
4.283000,0.125786,4.462129,3.000000
4.284000,0.131922,4.462129,3.000000
4.285000,0.134990,4.462129,3.000000
4.286000,0.141126,4.806206,3.000000
4.287000,0.147262,4.806206,3.000000
4.288000,0.150330,5.124747,3.000000
4.289000,0.156466,5.124747,3.000000
4.290000,0.162602,5.435499,3.000000
4.291000,0.168738,5.435499,3.000000
4.292000,0.174874,5.697420,3.000000
4.293000,0.181010,5.697420,3.000000
4.294000,0.187146,5.973720,3.000000
4.295000,0.193282,5.973720,3.000000
4.296000,0.199418,6.202732,3.000000
4.297000,0.205553,6.202732,3.000000
4.298000,0.211689,6.428931,3.000000
4.299000,0.217825,6.428931,3.000000
4.300000,0.227029,6.643256,3.000000
4.301000,0.233165,6.643256,-3.000000
4.302000,0.239301,6.850305,-3.000000
4.303000,0.245437,6.846802,-3.000000
4.304000,0.254641,6.716581,-3.000000
4.305000,0.260777,6.843885,-3.000000
4.306000,0.266913,6.843885,-3.000000
4.307000,0.273049,6.514439,-3.000000
4.308000,0.279185,6.514439,-3.000000
4.309000,0.285320,6.285375,-3.000000
4.310000,0.291456,6.285375,-3.000000
4.311000,0.297592,6.069871,-3.000000
4.312000,0.303728,6.069871,-3.000000
4.313000,0.306796,5.743902,-3.000000
4.314000,0.312932,5.761768,-3.000000
4.315000,0.319068,5.761768,-3.000000
4.316000,0.322136,5.379505,-3.000000
4.317000,0.328272,5.379505,-3.000000
4.318000,0.334408,5.047488,-3.000000
4.319000,0.337476,5.047488,-3.000000
4.320000,0.343612,5.047488,-3.000000
4.321000,0.346680,4.716942,-3.000000
4.322000,0.349748,4.716942,-3.000000
4.323000,0.355884,4.716942,-3.000000
4.324000,0.358952,4.265151,-3.000000
4.325000,0.362019,4.265151,-3.000000
4.326000,0.365087,4.265151,-3.000000
4.327000,0.368155,3.700581,-3.000000
4.328000,0.371223,3.798696,-3.000000
4.329000,0.374291,3.798696,-3.000000
4.330000,0.377359,3.798696,-3.000000
4.331000,0.380427,3.175681,-3.000000
4.332000,0.383495,3.261428,-3.000000
4.333000,0.386563,3.261428,-3.000000
4.334000,0.389631,3.261428,-3.000000
4.335000,0.389631,3.261428,-3.000000
4.336000,0.392699,2.612552,-3.000000
4.337000,0.395767,2.609774,-3.000000
4.338000,0.395767,2.609774,-3.000000
4.339000,0.398835,2.609774,-3.000000
4.340000,0.398835,2.609774,-3.000000
4.341000,0.401903,2.609774,-3.000000
4.342000,0.401903,2.342843,-3.000000
4.343000,0.401903,1.965483,-3.000000
4.344000,0.404971,1.693626,-3.000000
4.345000,0.404971,1.489525,-3.000000
4.346000,0.404971,1.327430,-3.000000
4.347000,0.404971,1.198523,-3.000000
4.348000,0.404971,1.091954,-3.000000
4.349000,0.404971,1.002862,-3.000000
4.350000,0.404971,0.926887,-3.000000
4.351000,0.404971,0.861879,-3.000000
4.352000,0.404971,0.805234,-3.000000
4.353000,0.404971,0.755535,-3.000000
4.354000,0.404971,0.711860,-3.000000
4.355000,0.401903,-0.672867,-3.000000
4.356000,0.401903,-0.637776,-3.000000
4.357000,0.401903,-0.606174,-3.000000
4.358000,0.398835,-1.762366,-3.000000
4.359000,0.398835,-1.762366,-3.000000
4.360000,0.395767,-1.762366,-3.000000
4.361000,0.395767,-1.762366,-3.000000
4.362000,0.392699,-1.762366,-3.000000
4.363000,0.392699,-1.762366,-3.000000
4.364000,0.389631,-1.762366,-3.000000
4.365000,0.386563,-0.585808,-3.000000
4.366000,0.386563,-0.585808,-3.000000
4.367000,0.383495,-0.585808,-3.000000
4.368000,0.380427,-0.585808,-3.000000
4.369000,0.377359,-0.585808,-3.000000
4.370000,0.374291,-2.187430,-3.000000
4.371000,0.371223,-2.187430,-3.000000
4.372000,0.368155,-2.187430,-3.000000
4.373000,0.365087,-2.187430,-3.000000
4.374000,0.362019,-2.857850,-3.000000
4.375000,0.358952,-2.857850,-3.000000
4.376000,0.355884,-2.857850,-3.000000
4.377000,0.349748,-3.398867,-3.000000
4.378000,0.346680,-3.398867,-3.000000
4.379000,0.343612,-3.398867,-3.000000
4.380000,0.337476,-3.849874,-3.000000
4.381000,0.334408,-3.849874,-3.000000
4.382000,0.328272,-3.849874,-3.000000
4.383000,0.325204,-4.263854,-3.000000
4.384000,0.319068,-4.263854,-3.000000
4.385000,0.316000,-4.263854,-3.000000
4.386000,0.309864,-4.626593,-3.000000
4.387000,0.306796,-4.626593,-3.000000
4.388000,0.300660,-4.949988,-3.000000
4.389000,0.294524,-4.949988,-3.000000
4.390000,0.288388,-5.270343,-3.000000
4.391000,0.285320,-5.270343,-3.000000
4.392000,0.279185,-5.270343,-3.000000
4.393000,0.273049,-5.547398,-3.000000
4.394000,0.266913,-5.547398,-3.000000
4.395000,0.260777,-5.823516,-3.000000
4.396000,0.254641,-5.823516,-3.000000
4.397000,0.248505,-6.068037,-3.000000
4.398000,0.239301,-6.068037,-3.000000
4.399000,0.233165,-6.309928,-3.000000
4.400000,0.227029,-6.540382,3.000000
4.401000,0.220893,-6.540382,3.000000
4.402000,0.214757,-6.736450,3.000000
4.403000,0.208621,-6.736450,3.000000
4.404000,0.202485,-6.228661,3.000000
4.405000,0.196350,-6.228661,3.000000
4.406000,0.190214,-6.375123,3.000000
4.407000,0.184078,-6.375123,3.000000
4.408000,0.177942,-6.149247,3.000000
4.409000,0.171806,-6.149247,3.000000
4.410000,0.165670,-5.886091,3.000000
4.411000,0.159534,-5.886091,3.000000
4.412000,0.156466,-5.654035,3.000000
4.413000,0.150330,-5.621587,3.000000
4.414000,0.144194,-5.621587,3.000000
4.415000,0.141126,-5.211006,3.000000
4.416000,0.134990,-5.211006,3.000000
4.417000,0.131922,-4.894815,3.000000
4.418000,0.125786,-4.879785,3.000000
4.419000,0.122718,-4.879785,3.000000
4.420000,0.116583,-4.498454,3.000000
4.421000,0.113515,-4.498454,3.000000
4.422000,0.110447,-4.498454,3.000000
4.423000,0.107379,-4.053329,3.000000
4.424000,0.101243,-4.058635,3.000000
4.425000,0.098175,-4.058635,3.000000
4.426000,0.095107,-4.058635,3.000000
4.427000,0.092039,-3.605861,3.000000
4.428000,0.088971,-3.605861,3.000000
4.429000,0.088971,-3.605861,3.000000
4.430000,0.085903,-3.605861,3.000000
4.431000,0.082835,-2.953306,3.000000
4.432000,0.079767,-3.019131,3.000000
4.433000,0.076699,-3.019131,3.000000
4.434000,0.076699,-3.019131,3.000000
4.435000,0.073631,-3.019131,3.000000
4.436000,0.070563,-2.665644,3.000000
4.437000,0.070563,-2.189690,3.000000
4.438000,0.067495,-2.321264,3.000000
4.439000,0.067495,-2.321264,3.000000
4.440000,0.067495,-2.321264,3.000000
4.441000,0.064427,-2.321264,3.000000
4.442000,0.064427,-2.321264,3.000000
4.443000,0.064427,-2.321264,3.000000
4.444000,0.064427,-1.986352,3.000000
4.445000,0.061359,-1.708265,3.000000
4.446000,0.061359,-1.499490,3.000000
4.447000,0.061359,-1.335340,3.000000
4.448000,0.061359,-1.204237,3.000000
4.449000,0.061359,-1.097464,3.000000
4.450000,0.061359,-1.006870,3.000000
4.451000,0.061359,-0.930770,3.000000
4.452000,0.061359,-0.865093,3.000000
4.453000,0.064427,-1.258466,3.000000
4.454000,0.064427,-1.258466,3.000000
4.455000,0.064427,-1.258466,3.000000
4.456000,0.064427,-1.258466,3.000000
4.457000,0.067495,-1.258466,3.000000
4.458000,0.067495,-1.258466,3.000000
4.459000,0.070563,-1.258466,3.000000
4.460000,0.070563,-1.258466,3.000000
4.461000,0.073631,-1.258466,3.000000
4.462000,0.073631,-1.258466,3.000000
4.463000,0.076699,0.844522,3.000000
4.464000,0.079767,0.844522,3.000000
4.465000,0.079767,0.844522,3.000000
4.466000,0.082835,0.844522,3.000000
4.467000,0.085903,0.844522,3.000000
4.468000,0.088971,1.892080,3.000000
4.469000,0.092039,1.892080,3.000000
4.470000,0.095107,1.892080,3.000000
4.471000,0.098175,1.892080,3.000000
4.472000,0.101243,2.626336,3.000000
4.473000,0.104311,2.626336,3.000000
4.474000,0.107379,2.626336,3.000000
4.475000,0.110447,2.626336,3.000000
4.476000,0.113515,3.193887,3.000000
4.477000,0.119651,3.193887,3.000000
4.478000,0.122718,3.193887,3.000000
4.479000,0.125786,3.671427,3.000000
4.480000,0.131922,3.671427,3.000000
4.481000,0.134990,3.671427,3.000000
4.482000,0.138058,4.091525,3.000000
4.483000,0.144194,4.091525,3.000000
4.484000,0.150330,4.452730,3.000000
4.485000,0.153398,4.452730,3.000000
4.486000,0.159534,4.452730,3.000000
4.487000,0.162602,4.803384,3.000000
4.488000,0.168738,4.803384,3.000000
4.489000,0.174874,5.095018,3.000000
4.490000,0.181010,5.095018,3.000000
4.491000,0.184078,5.095018,3.000000
4.492000,0.190214,5.381799,3.000000
4.493000,0.196350,5.381799,3.000000
4.494000,0.202485,5.641832,3.000000
4.495000,0.208621,5.641832,3.000000
4.496000,0.214757,5.891940,3.000000
4.497000,0.220893,5.891940,3.000000
4.498000,0.227029,6.113972,3.000000
4.499000,0.233165,6.113972,3.000000
4.500000,0.239301,6.340720,3.000000
4.501000,0.248505,6.530907,-3.000000
4.502000,0.254641,6.530907,-3.000000
4.503000,0.260777,6.721179,-3.000000
4.504000,0.266913,6.721179,-3.000000
4.505000,0.273049,6.288507,-3.000000
4.506000,0.279185,6.288507,-3.000000
4.507000,0.285320,6.228837,-3.000000
4.508000,0.291456,6.228837,-3.000000
4.509000,0.297592,6.016553,-3.000000
4.510000,0.303728,6.016553,-3.000000
4.511000,0.306796,5.667926,-3.000000
4.512000,0.312932,5.793465,-3.000000
4.513000,0.319068,5.793465,-3.000000
4.514000,0.322136,5.373877,-3.000000
4.515000,0.328272,5.373877,-3.000000
4.516000,0.334408,5.024755,-3.000000
4.517000,0.337476,5.024755,-3.000000
4.518000,0.343612,5.024755,-3.000000
4.519000,0.346680,4.703459,-3.000000
4.520000,0.349748,4.703459,-3.000000
4.521000,0.355884,4.703459,-3.000000
4.522000,0.358952,4.304359,-3.000000
4.523000,0.362019,4.304359,-3.000000
4.524000,0.365087,4.304359,-3.000000
4.525000,0.368155,3.699233,-3.000000
4.526000,0.371223,3.793168,-3.000000
4.527000,0.374291,3.793168,-3.000000
4.528000,0.377359,3.793168,-3.000000
4.529000,0.380427,3.138836,-3.000000
4.530000,0.383495,3.271935,-3.000000
4.531000,0.386563,3.271935,-3.000000
4.532000,0.389631,3.271935,-3.000000
4.533000,0.389631,3.238726,-3.000000
4.534000,0.392699,2.564389,-3.000000
4.535000,0.395767,2.627945,-3.000000
4.536000,0.395767,2.627945,-3.000000
4.537000,0.398835,2.627945,-3.000000
4.538000,0.398835,2.627945,-3.000000
4.539000,0.401903,2.627945,-3.000000
4.540000,0.401903,2.298427,-3.000000
4.541000,0.401903,1.932232,-3.000000
4.542000,0.404971,1.670014,-3.000000
4.543000,0.404971,1.469582,-3.000000
4.544000,0.404971,1.312897,-3.000000
4.545000,0.404971,1.186378,-3.000000
4.546000,0.404971,1.081520,-3.000000
4.547000,0.404971,0.993601,-3.000000
4.548000,0.404971,0.919325,-3.000000
4.549000,0.404971,0.855021,-3.000000
4.550000,0.404971,0.799923,-3.000000
4.551000,0.404971,0.750584,-3.000000
4.552000,0.404971,0.707307,-3.000000
4.553000,0.404971,0.668965,-3.000000
4.554000,0.401903,-0.634378,-3.000000
4.555000,0.401903,-0.603148,-3.000000
4.556000,0.401903,-0.574711,-3.000000
4.557000,0.398835,-1.792248,-3.000000
4.558000,0.398835,-1.792248,-3.000000
4.559000,0.395767,-1.792248,-3.000000
4.560000,0.392699,-1.792248,-3.000000
4.561000,0.389631,-1.792248,-3.000000
4.562000,0.386563,-1.792248,-3.000000
4.563000,0.383495,-0.573904,-3.000000
4.564000,0.383495,-0.573904,-3.000000
4.565000,0.380427,-0.573904,-3.000000
4.566000,0.377359,-0.573904,-3.000000
4.567000,0.374291,-0.573904,-3.000000
4.568000,0.371223,-2.221612,-3.000000
4.569000,0.368155,-2.221612,-3.000000
4.570000,0.365087,-2.221612,-3.000000
4.571000,0.362019,-2.221612,-3.000000
4.572000,0.358952,-2.875942,-3.000000
4.573000,0.355884,-2.875942,-3.000000
4.574000,0.352816,-2.875942,-3.000000
4.575000,0.346680,-3.413086,-3.000000
4.576000,0.343612,-3.413086,-3.000000
4.577000,0.340544,-3.413086,-3.000000
4.578000,0.334408,-3.865064,-3.000000
4.579000,0.331340,-3.865064,-3.000000
4.580000,0.328272,-3.865064,-3.000000
4.581000,0.322136,-4.278907,-3.000000
4.582000,0.319068,-4.278907,-3.000000
4.583000,0.312932,-4.278907,-3.000000
4.584000,0.306796,-4.637935,-3.000000
4.585000,0.303728,-4.637935,-3.000000
4.586000,0.297592,-4.970511,-3.000000
4.587000,0.291456,-4.970511,-3.000000
4.588000,0.285320,-5.272355,-3.000000
4.589000,0.282252,-5.272355,-3.000000
4.590000,0.276117,-5.272355,-3.000000
4.591000,0.269981,-5.559090,-3.000000
4.592000,0.263845,-5.559090,-3.000000
4.593000,0.257709,-5.814740,-3.000000
4.594000,0.251573,-5.814740,-3.000000
4.595000,0.245437,-6.070955,-3.000000
4.596000,0.239301,-6.070955,-3.000000
4.597000,0.233165,-6.293030,-3.000000
4.598000,0.223961,-6.530038,-3.000000
4.599000,0.217825,-6.530038,-3.000000
4.600000,0.211689,-6.714437,3.000000
4.601000,0.205553,-6.714437,3.000000
4.602000,0.199418,-6.917397,3.000000
4.603000,0.190214,-6.917397,3.000000
4.604000,0.184078,-6.279256,3.000000
4.605000,0.177942,-6.279256,3.000000
4.606000,0.171806,-6.661637,3.000000
4.607000,0.165670,-6.661637,3.000000
4.608000,0.159534,-6.415533,3.000000
4.609000,0.153398,-6.415533,3.000000
4.610000,0.147262,-5.984604,3.000000
4.611000,0.144194,-5.984604,3.000000
4.612000,0.138058,-5.757751,3.000000
4.613000,0.131922,-5.757751,3.000000
4.614000,0.125786,-5.410503,3.000000
4.615000,0.122718,-5.410503,3.000000
4.616000,0.116583,-5.410503,3.000000
4.617000,0.113515,-5.096634,3.000000
4.618000,0.107379,-5.096634,3.000000
4.619000,0.104311,-4.883318,3.000000
4.620000,0.098175,-4.657689,3.000000
4.621000,0.095107,-4.657689,3.000000
4.622000,0.092039,-4.399300,3.000000
4.623000,0.088971,-4.235424,3.000000
4.624000,0.082835,-4.235424,3.000000
4.625000,0.079767,-4.235424,3.000000
4.626000,0.076699,-3.801654,3.000000
4.627000,0.073631,-3.801654,3.000000
4.628000,0.070563,-3.801654,3.000000
4.629000,0.067495,-3.789442,3.000000
4.630000,0.064427,-3.230756,3.000000
4.631000,0.064427,-3.230756,3.000000
4.632000,0.061359,-3.230756,3.000000
4.633000,0.058291,-3.230756,3.000000
4.634000,0.055223,-3.026774,3.000000
4.635000,0.055223,-2.431988,3.000000
4.636000,0.052155,-2.580800,3.000000
4.637000,0.052155,-2.580800,3.000000
4.638000,0.049087,-2.580800,3.000000
4.639000,0.049087,-2.580800,3.000000
4.640000,0.046019,-2.580800,3.000000
4.641000,0.046019,-2.238270,3.000000
4.642000,0.046019,-1.891383,3.000000
4.643000,0.042951,-1.638482,3.000000
4.644000,0.042951,-1.445424,3.000000
4.645000,0.042951,-1.293526,3.000000
4.646000,0.042951,-1.170911,3.000000
4.647000,0.042951,-1.068489,3.000000
4.648000,0.042951,-0.982557,3.000000
4.649000,0.042951,-0.909699,3.000000
4.650000,0.042951,-0.847185,3.000000
4.651000,0.042951,-0.792526,3.000000
4.652000,0.042951,-0.744256,3.000000
4.653000,0.042951,-0.701830,3.000000
4.654000,0.042951,-0.663829,3.000000
4.655000,0.046019,0.629830,3.000000
4.656000,0.046019,0.598986,3.000000
4.657000,0.049087,1.709571,3.000000
4.658000,0.049087,1.709571,3.000000
4.659000,0.049087,1.709571,3.000000
4.660000,0.052155,1.709571,3.000000
4.661000,0.052155,1.709571,3.000000
4.662000,0.055223,1.709571,3.000000
4.663000,0.058291,1.709571,3.000000
4.664000,0.058291,1.709571,3.000000
4.665000,0.061359,0.575666,3.000000
4.666000,0.064427,0.575666,3.000000
4.667000,0.067495,0.575666,3.000000
4.668000,0.070563,0.575666,3.000000
4.669000,0.073631,2.158905,3.000000
4.670000,0.073631,2.158905,3.000000
4.671000,0.076699,2.158905,3.000000
4.672000,0.079767,2.158905,3.000000
4.673000,0.085903,2.835099,3.000000
4.674000,0.088971,2.835099,3.000000
4.675000,0.092039,2.835099,3.000000
4.676000,0.095107,2.835099,3.000000
4.677000,0.098175,3.381010,3.000000
4.678000,0.104311,3.381010,3.000000
4.679000,0.107379,3.381010,3.000000
4.680000,0.110447,3.837317,3.000000
4.681000,0.116583,3.837317,3.000000
4.682000,0.119651,3.837317,3.000000
4.683000,0.125786,4.243397,3.000000
4.684000,0.128854,4.243397,3.000000
4.685000,0.134990,4.608759,3.000000
4.686000,0.141126,4.608759,3.000000
4.687000,0.144194,4.608759,3.000000
4.688000,0.150330,4.935472,3.000000
4.689000,0.156466,4.935472,3.000000
4.690000,0.162602,5.264376,3.000000
4.691000,0.168738,5.264376,3.000000
4.692000,0.171806,5.535928,3.000000
4.693000,0.177942,5.535928,3.000000
4.694000,0.184078,5.823439,3.000000
4.695000,0.190214,5.823439,3.000000
4.696000,0.196350,6.059007,3.000000
4.697000,0.202485,6.059007,3.000000
4.698000,0.211689,6.300884,3.000000
4.699000,0.217825,6.300884,3.000000
4.700000,0.223961,6.513479,3.000000
4.701000,0.230097,6.513479,-3.000000
4.702000,0.236233,6.733369,-3.000000
4.703000,0.245437,6.782211,-3.000000
4.704000,0.251573,6.782211,-3.000000
4.705000,0.257709,6.615897,-3.000000
4.706000,0.263845,6.615897,-3.000000
4.707000,0.269981,6.428510,-3.000000
4.708000,0.276117,6.428510,-3.000000
4.709000,0.282252,6.206610,-3.000000
4.710000,0.288388,6.206610,-3.000000
4.711000,0.294524,5.992112,-3.000000
4.712000,0.300660,5.992112,-3.000000
4.713000,0.303728,5.781448,-3.000000
4.714000,0.309864,5.693418,-3.000000
4.715000,0.316000,5.693418,-3.000000
4.716000,0.319068,5.290793,-3.000000
4.717000,0.325204,5.290793,-3.000000
4.718000,0.328272,4.907948,-3.000000
4.719000,0.334408,4.992050,-3.000000
4.720000,0.337476,4.992050,-3.000000
4.721000,0.343612,4.622430,-3.000000
4.722000,0.346680,4.622430,-3.000000
4.723000,0.349748,4.622430,-3.000000
4.724000,0.355884,4.195901,-3.000000
4.725000,0.358952,4.195901,-3.000000
4.726000,0.362019,4.195901,-3.000000
4.727000,0.365087,3.951084,-3.000000
4.728000,0.368155,3.723427,-3.000000
4.729000,0.371223,3.723427,-3.000000
4.730000,0.374291,3.723427,-3.000000
4.731000,0.377359,3.446570,-3.000000
4.732000,0.380427,3.173297,-3.000000
4.733000,0.380427,3.173297,-3.000000
4.734000,0.383495,3.173297,-3.000000
4.735000,0.386563,3.173297,-3.000000
4.736000,0.389631,2.878303,-3.000000
4.737000,0.389631,2.330337,-3.000000
4.738000,0.392699,2.511477,-3.000000
4.739000,0.392699,2.511477,-3.000000
4.740000,0.395767,2.511477,-3.000000
4.741000,0.395767,2.511477,-3.000000
4.742000,0.398835,2.511477,-3.000000
4.743000,0.398835,2.222696,-3.000000
4.744000,0.398835,1.882863,-3.000000
4.745000,0.398835,1.632235,-3.000000
4.746000,0.398835,1.440942,-3.000000
4.747000,0.401903,1.289807,-3.000000
4.748000,0.401903,1.166733,-3.000000
4.749000,0.401903,1.065076,-3.000000
4.750000,0.401903,0.980189,-3.000000
4.751000,0.401903,0.907820,-3.000000
4.752000,0.401903,0.845012,-3.000000
4.753000,0.398835,-0.790872,-3.000000
4.754000,0.398835,-0.742796,-3.000000
4.755000,0.398835,-0.700314,-3.000000
4.756000,0.398835,-0.662724,-3.000000
4.757000,0.395767,-1.613154,-3.000000
4.758000,0.395767,-1.613154,-3.000000
4.759000,0.392699,-1.613154,-3.000000
4.760000,0.392699,-1.613154,-3.000000
4.761000,0.389631,-1.613154,-3.000000
4.762000,0.389631,-1.613154,-3.000000
4.763000,0.386563,-1.613154,-3.000000
4.764000,0.383495,-0.653413,-3.000000
4.765000,0.383495,-0.653413,-3.000000
4.766000,0.380427,-0.653413,-3.000000
4.767000,0.377359,-0.653413,-3.000000
4.768000,0.374291,-0.653413,-3.000000
4.769000,0.371223,-2.092302,-3.000000
4.770000,0.368155,-2.092302,-3.000000
4.771000,0.368155,-2.092302,-3.000000
4.772000,0.362019,-2.092302,-3.000000
4.773000,0.358952,-2.776244,-3.000000
4.774000,0.355884,-2.776244,-3.000000
4.775000,0.352816,-2.776244,-3.000000
4.776000,0.349748,-2.776244,-3.000000
4.777000,0.346680,-3.323489,-3.000000
4.778000,0.343612,-3.323489,-3.000000
4.779000,0.337476,-3.323489,-3.000000
4.780000,0.334408,-3.783050,-3.000000
4.781000,0.328272,-3.783050,-3.000000
4.782000,0.325204,-3.783050,-3.000000
4.783000,0.319068,-4.202107,-3.000000
4.784000,0.316000,-4.202107,-3.000000
4.785000,0.309864,-4.561412,-3.000000
4.786000,0.306796,-4.561412,-3.000000
4.787000,0.300660,-4.561412,-3.000000
4.788000,0.294524,-4.886127,-3.000000
4.789000,0.291456,-4.886127,-3.000000
4.790000,0.285320,-5.199384,-3.000000
4.791000,0.279185,-5.199384,-3.000000
4.792000,0.273049,-5.475142,-3.000000
4.793000,0.266913,-5.475142,-3.000000
4.794000,0.260777,-5.744126,-3.000000
4.795000,0.254641,-5.744126,-3.000000
4.796000,0.248505,-5.990772,-3.000000
4.797000,0.242369,-5.990772,-3.000000
4.798000,0.236233,-6.222914,-3.000000
4.799000,0.230097,-6.222914,-3.000000
4.800000,0.223961,-6.450144,-3.000000
4.801000,0.217825,-6.450144,3.000000
4.802000,0.208621,-6.641907,3.000000
4.803000,0.202485,-6.641907,3.000000
4.804000,0.196350,-6.259549,3.000000
4.805000,0.190214,-6.259549,3.000000
4.806000,0.184078,-6.510935,3.000000
4.807000,0.177942,-6.510935,3.000000
4.808000,0.171806,-6.464017,3.000000
4.809000,0.165670,-6.464017,3.000000
4.810000,0.159534,-5.989635,3.000000
4.811000,0.156466,-5.989635,3.000000
4.812000,0.150330,-5.765152,3.000000
4.813000,0.144194,-5.765152,3.000000
4.814000,0.138058,-5.418366,3.000000
4.815000,0.134990,-5.418366,3.000000
4.816000,0.128854,-5.418366,3.000000
4.817000,0.125786,-5.119461,3.000000
4.818000,0.119651,-5.119461,3.000000
4.819000,0.116583,-4.910621,3.000000
4.820000,0.110447,-4.648255,3.000000
4.821000,0.107379,-4.648255,3.000000
4.822000,0.104311,-4.403092,3.000000
4.823000,0.101243,-4.288086,3.000000
4.824000,0.095107,-4.288086,3.000000
4.825000,0.092039,-4.288086,3.000000
4.826000,0.088971,-3.838534,3.000000
4.827000,0.085903,-3.838534,3.000000
4.828000,0.082835,-3.838534,3.000000
4.829000,0.079767,-3.700287,3.000000
4.830000,0.076699,-3.272347,3.000000
4.831000,0.073631,-3.272347,3.000000
4.832000,0.073631,-3.272347,3.000000
4.833000,0.070563,-3.272347,3.000000
4.834000,0.067495,-2.909639,3.000000
4.835000,0.067495,-2.348385,3.000000
4.836000,0.064427,-2.652440,3.000000
4.837000,0.061359,-2.652440,3.000000
4.838000,0.061359,-2.652440,3.000000
4.839000,0.058291,-2.652440,3.000000
4.840000,0.058291,-2.526132,3.000000
4.841000,0.058291,-2.095150,3.000000
4.842000,0.055223,-1.789866,3.000000
4.843000,0.055223,-1.561488,3.000000
4.844000,0.055223,-1.385078,3.000000
4.845000,0.055223,-1.244965,3.000000
4.846000,0.052155,-1.833896,3.000000
4.847000,0.052155,-1.833896,3.000000
4.848000,0.052155,-1.833896,3.000000
4.849000,0.052155,-1.833896,3.000000
4.850000,0.052155,-1.833896,3.000000
4.851000,0.052155,-1.833896,3.000000
4.852000,0.055223,-1.833896,3.000000
4.853000,0.055223,1.749237,3.000000
4.854000,0.055223,1.530259,3.000000
4.855000,0.055223,1.361167,3.000000
4.856000,0.055223,1.225134,3.000000
4.857000,0.058291,1.114372,3.000000
4.858000,0.058291,1.021395,3.000000
4.859000,0.061359,0.947801,3.000000
4.860000,0.061359,0.947801,3.000000
4.861000,0.064427,0.947801,3.000000
4.862000,0.064427,0.947801,3.000000
4.863000,0.067495,0.947801,3.000000
4.864000,0.070563,0.947801,3.000000
4.865000,0.070563,0.947801,3.000000
4.866000,0.073631,1.195093,3.000000
4.867000,0.076699,1.195093,3.000000
4.868000,0.079767,1.195093,3.000000
4.869000,0.082835,1.195093,3.000000
4.870000,0.082835,1.195093,3.000000
4.871000,0.088971,2.244536,3.000000
4.872000,0.092039,2.244536,3.000000
4.873000,0.095107,2.244536,3.000000
4.874000,0.098175,2.895982,3.000000
4.875000,0.101243,2.895982,3.000000
4.876000,0.104311,2.895982,3.000000
4.877000,0.107379,2.895982,3.000000
4.878000,0.113515,3.426295,3.000000
4.879000,0.116583,3.426295,3.000000
4.880000,0.119651,3.426295,3.000000
4.881000,0.125786,3.875150,3.000000
4.882000,0.128854,3.875150,3.000000
4.883000,0.134990,4.280130,3.000000
4.884000,0.138058,4.280130,3.000000
4.885000,0.144194,4.280130,3.000000
4.886000,0.147262,4.631905,3.000000
4.887000,0.153398,4.631905,3.000000
4.888000,0.159534,4.972133,3.000000
4.889000,0.165670,4.972133,3.000000
4.890000,0.168738,4.972133,3.000000
4.891000,0.174874,5.261994,3.000000
4.892000,0.181010,5.261994,3.000000
4.893000,0.187146,5.546493,3.000000
4.894000,0.193282,5.546493,3.000000
4.895000,0.199418,5.802901,3.000000
4.896000,0.205553,5.802901,3.000000
4.897000,0.211689,6.049798,3.000000
4.898000,0.217825,6.049798,3.000000
4.899000,0.223961,6.270922,3.000000
4.900000,0.230097,6.270922,-3.000000
4.901000,0.236233,6.496716,-3.000000
4.902000,0.242369,6.416232,-3.000000
4.903000,0.251573,6.473394,-3.000000
4.904000,0.257709,6.403259,-3.000000
4.905000,0.263845,6.403259,-3.000000
4.906000,0.269981,6.228793,-3.000000
4.907000,0.273049,6.228793,-3.000000
4.908000,0.279185,5.966741,-3.000000
4.909000,0.285320,5.969119,-3.000000
4.910000,0.291456,5.969119,-3.000000
4.911000,0.297592,5.650636,-3.000000
4.912000,0.300660,5.650636,-3.000000
4.913000,0.306796,5.255702,-3.000000
4.914000,0.312932,5.255702,-3.000000
4.915000,0.316000,5.255702,-3.000000
4.916000,0.322136,5.108598,-3.000000
4.917000,0.325204,5.108598,-3.000000
4.918000,0.331340,4.577126,-3.000000
4.919000,0.334408,4.577126,-3.000000
4.920000,0.337476,4.577126,-3.000000
4.921000,0.340544,4.043386,-3.000000
4.922000,0.346680,4.231732,-3.000000
4.923000,0.349748,4.231732,-3.000000
4.924000,0.352816,4.156132,-3.000000
4.925000,0.355884,3.767629,-3.000000
4.926000,0.358952,3.767629,-3.000000
4.927000,0.362019,3.767629,-3.000000
4.928000,0.365087,3.558604,-3.000000
4.929000,0.368155,3.203080,-3.000000
4.930000,0.368155,3.203080,-3.000000
4.931000,0.371223,3.203080,-3.000000
4.932000,0.374291,3.203080,-3.000000
4.933000,0.377359,2.904016,-3.000000
4.934000,0.377359,2.347986,-3.000000
4.935000,0.380427,2.548486,-3.000000
4.936000,0.380427,2.548486,-3.000000
4.937000,0.383495,2.548486,-3.000000
4.938000,0.383495,2.548486,-3.000000
4.939000,0.386563,2.548486,-3.000000
4.940000,0.386563,2.205569,-3.000000
4.941000,0.386563,1.870859,-3.000000
4.942000,0.386563,1.621824,-3.000000
4.943000,0.389631,1.432339,-3.000000
4.944000,0.389631,1.284323,-3.000000
4.945000,0.389631,1.161392,-3.000000
4.946000,0.389631,1.061609,-3.000000
4.947000,0.389631,0.976564,-3.000000
4.948000,0.389631,0.905035,-3.000000
4.949000,0.389631,0.842544,-3.000000
4.950000,0.389631,0.788586,-3.000000
4.951000,0.389631,0.740824,-3.000000
4.952000,0.389631,0.698735,-3.000000
4.953000,0.386563,-0.661006,-3.000000
4.954000,0.386563,-0.627220,-3.000000
4.955000,0.386563,-0.596656,-3.000000
4.956000,0.383495,-1.675029,-3.000000
4.957000,0.383495,-1.675029,-3.000000
4.958000,0.380427,-1.675029,-3.000000
4.959000,0.380427,-1.675029,-3.000000
4.960000,0.377359,-1.675029,-3.000000
4.961000,0.377359,-1.675029,-3.000000
4.962000,0.374291,-1.675029,-3.000000
4.963000,0.371223,-0.585474,-3.000000
4.964000,0.371223,-0.585474,-3.000000
4.965000,0.368155,-0.585474,-3.000000
4.966000,0.365087,-0.585474,-3.000000
4.967000,0.362019,-0.585474,-3.000000
4.968000,0.358952,-2.144433,-3.000000
4.969000,0.355884,-2.144433,-3.000000
4.970000,0.352816,-2.144433,-3.000000
4.971000,0.349748,-2.144433,-3.000000
4.972000,0.346680,-2.812905,-3.000000
4.973000,0.343612,-2.812905,-3.000000
4.974000,0.340544,-2.812905,-3.000000
4.975000,0.337476,-2.812905,-3.000000
4.976000,0.331340,-3.346538,-3.000000
4.977000,0.328272,-3.346538,-3.000000
4.978000,0.325204,-3.346538,-3.000000
4.979000,0.319068,-3.817686,-3.000000
4.980000,0.316000,-3.817686,-3.000000
4.981000,0.309864,-4.231165,-3.000000
4.982000,0.306796,-4.231165,-3.000000
4.983000,0.300660,-4.231165,-3.000000
4.984000,0.297592,-4.586415,-3.000000
4.985000,0.291456,-4.586415,-3.000000
4.986000,0.285320,-4.921425,-3.000000
4.987000,0.282252,-4.921425,-3.000000
4.988000,0.276117,-4.921425,-3.000000
4.989000,0.269981,-5.222741,-3.000000
4.990000,0.263845,-5.222741,-3.000000
4.991000,0.257709,-5.500603,-3.000000
4.992000,0.251573,-5.500603,-3.000000
4.993000,0.245437,-5.772534,-3.000000
4.994000,0.239301,-5.772534,-3.000000
4.995000,0.233165,-6.014915,-3.000000
4.996000,0.227029,-6.014915,-3.000000
4.997000,0.220893,-6.262433,-3.000000
4.998000,0.214757,-6.262433,-3.000000
4.999000,0.208621,-6.468702,-3.000000
5.000000,0.202485,-6.468702,-3.000000
5.001000,0.193282,-6.679414,3.000000
5.002000,0.187146,-6.879213,3.000000
5.003000,0.181010,-6.879213,3.000000
5.004000,0.174874,-6.591663,3.000000
5.005000,0.168738,-6.591663,3.000000
5.006000,0.162602,-6.606153,3.000000
5.007000,0.153398,-6.606153,3.000000
5.008000,0.150330,-6.408368,3.000000
5.009000,0.144194,-6.408368,3.000000
5.010000,0.138058,-6.123718,3.000000
5.011000,0.131922,-6.123718,3.000000
5.012000,0.125786,-5.918263,3.000000
5.013000,0.119651,-5.918263,3.000000
5.014000,0.116583,-5.409674,3.000000
5.015000,0.110447,-5.548722,3.000000
5.016000,0.104311,-5.548722,3.000000
5.017000,0.101243,-5.207413,3.000000
5.018000,0.095107,-5.207413,3.000000
5.019000,0.092039,-4.849121,3.000000
5.020000,0.085903,-4.813616,3.000000
5.021000,0.082835,-4.813616,3.000000
5.022000,0.079767,-4.238146,3.000000
5.023000,0.073631,-4.434450,3.000000
5.024000,0.070563,-4.434450,3.000000
5.025000,0.067495,-4.137217,3.000000
5.026000,0.064427,-3.989943,3.000000
5.027000,0.061359,-3.989943,3.000000
5.028000,0.058291,-3.989943,3.000000
5.029000,0.055223,-3.310217,3.000000
5.030000,0.052155,-3.470109,3.000000
5.031000,0.049087,-3.470109,3.000000
5.032000,0.046019,-3.470109,3.000000
5.033000,0.042951,-3.171680,3.000000
5.034000,0.039884,-2.867859,3.000000
5.035000,0.039884,-2.867859,3.000000
5.036000,0.036816,-2.867859,3.000000
5.037000,0.036816,-2.867859,3.000000
5.038000,0.033748,-2.867859,3.000000
5.039000,0.030680,-2.432484,3.000000
5.040000,0.030680,-2.029807,3.000000
5.041000,0.030680,-1.742476,3.000000
5.042000,0.027612,-2.136856,3.000000
5.043000,0.027612,-2.136856,3.000000
5.044000,0.027612,-2.136856,3.000000
5.045000,0.024544,-2.136856,3.000000
5.046000,0.024544,-2.136856,3.000000
5.047000,0.024544,-2.136856,3.000000
5.048000,0.024544,-1.871097,3.000000
5.049000,0.024544,-1.623165,3.000000
5.050000,0.024544,-1.435702,3.000000
5.051000,0.024544,-1.283845,3.000000
5.052000,0.024544,-1.162783,3.000000
5.053000,0.024544,-1.062160,3.000000
5.054000,0.024544,-0.977661,3.000000
5.055000,0.027612,0.905232,3.000000
5.056000,0.027612,0.843262,3.000000
5.057000,0.027612,0.788985,3.000000
5.058000,0.030680,0.741391,3.000000
5.059000,0.030680,0.699018,3.000000
5.060000,0.033748,0.661368,3.000000
5.061000,0.033748,0.627444,3.000000
5.062000,0.036816,0.609830,3.000000
5.063000,0.036816,0.609830,3.000000
5.064000,0.039884,0.609830,3.000000
5.065000,0.042951,0.609830,3.000000
5.066000,0.042951,0.609830,3.000000
5.067000,0.046019,0.609830,3.000000
5.068000,0.049087,1.645684,3.000000
5.069000,0.052155,1.645684,3.000000
5.070000,0.055223,1.645684,3.000000
5.071000,0.058291,1.645684,3.000000
5.072000,0.061359,2.475549,3.000000
5.073000,0.064427,2.475549,3.000000
5.074000,0.067495,2.475549,3.000000
5.075000,0.070563,2.475549,3.000000
5.076000,0.073631,3.084487,3.000000
5.077000,0.076699,3.084487,3.000000
5.078000,0.082835,3.084487,3.000000
5.079000,0.085903,3.590388,3.000000
5.080000,0.088971,3.590388,3.000000
5.081000,0.095107,3.590388,3.000000
5.082000,0.098175,4.024051,3.000000
5.083000,0.104311,4.024051,3.000000
5.084000,0.107379,4.024051,3.000000
5.085000,0.113515,4.399869,3.000000
5.086000,0.116583,4.399869,3.000000
5.087000,0.122718,4.749447,3.000000
5.088000,0.128854,4.749447,3.000000
5.089000,0.131922,4.749447,3.000000
5.090000,0.138058,5.064239,3.000000
5.091000,0.144194,5.064239,3.000000
5.092000,0.150330,5.363179,3.000000
5.093000,0.156466,5.363179,3.000000
5.094000,0.159534,5.645076,3.000000
5.095000,0.165670,5.645076,3.000000
5.096000,0.171806,5.891350,3.000000
5.097000,0.177942,5.891350,3.000000
5.098000,0.187146,6.148605,3.000000
5.099000,0.193282,6.148605,3.000000
5.100000,0.199418,6.366717,-3.000000
5.101000,0.205553,6.366717,-3.000000
5.102000,0.211689,6.577384,-3.000000
5.103000,0.217825,6.577384,-3.000000
5.104000,0.223961,6.028663,-3.000000
5.105000,0.230097,6.028663,-3.000000
5.106000,0.236233,6.452452,-3.000000
5.107000,0.242369,6.452452,-3.000000
5.108000,0.248505,6.023854,-3.000000
5.109000,0.254641,6.023854,-3.000000
5.110000,0.257709,5.704924,-3.000000
5.111000,0.263845,5.704924,-3.000000
5.112000,0.269981,5.526095,-3.000000
5.113000,0.273049,5.526095,-3.000000
5.114000,0.279185,5.526095,-3.000000
5.115000,0.285320,5.139622,-3.000000
5.116000,0.288388,5.139622,-3.000000
5.117000,0.294524,4.709952,-3.000000
5.118000,0.297592,4.709952,-3.000000
5.119000,0.300660,4.709952,-3.000000
5.120000,0.306796,4.355172,-3.000000
5.121000,0.309864,4.355172,-3.000000
5.122000,0.312932,4.355172,-3.000000
5.123000,0.316000,4.006588,-3.000000
5.124000,0.319068,3.889821,-3.000000
5.125000,0.322136,3.889821,-3.000000
5.126000,0.325204,3.889821,-3.000000
5.127000,0.328272,3.314339,-3.000000
5.128000,0.331340,3.393463,-3.000000
5.129000,0.334408,3.393463,-3.000000
5.130000,0.337476,3.393463,-3.000000
5.131000,0.337476,3.283767,-3.000000
5.132000,0.340544,2.587989,-3.000000
5.133000,0.343612,2.747702,-3.000000
5.134000,0.343612,2.747702,-3.000000
5.135000,0.346680,2.747702,-3.000000
5.136000,0.349748,2.747702,-3.000000
5.137000,0.349748,2.645048,-3.000000
5.138000,0.349748,2.178671,-3.000000
5.139000,0.352816,1.851151,-3.000000
5.140000,0.352816,1.608046,-3.000000
5.141000,0.355884,1.985624,-3.000000
5.142000,0.355884,1.985624,-3.000000
5.143000,0.355884,1.985624,-3.000000
5.144000,0.355884,1.985624,-3.000000
5.145000,0.355884,1.985624,-3.000000
5.146000,0.355884,1.985624,-3.000000
5.147000,0.355884,1.985624,-3.000000
5.148000,0.355884,1.750471,-3.000000
5.149000,0.355884,1.531012,-3.000000
5.150000,0.355884,1.361041,-3.000000
5.151000,0.355884,1.225110,-3.000000
5.152000,0.355884,1.114315,-3.000000
5.153000,0.352816,-1.021258,-3.000000
5.154000,0.352816,-0.943217,-3.000000
5.155000,0.352816,-0.875804,-3.000000
5.156000,0.349748,-0.817561,-3.000000
5.157000,0.349748,-0.766371,-3.000000
5.158000,0.346680,-0.723823,-3.000000
5.159000,0.346680,-0.723823,-3.000000
5.160000,0.343612,-0.723823,-3.000000
5.161000,0.343612,-0.723823,-3.000000
5.162000,0.340544,-0.723823,-3.000000
5.163000,0.337476,-0.723823,-3.000000
5.164000,0.337476,-0.723823,-3.000000
5.165000,0.334408,-1.440747,-3.000000
5.166000,0.331340,-1.440747,-3.000000
5.167000,0.328272,-1.440747,-3.000000
5.168000,0.325204,-1.440747,-3.000000
5.169000,0.322136,-2.356113,-3.000000
5.170000,0.319068,-2.356113,-3.000000
5.171000,0.316000,-2.356113,-3.000000
5.172000,0.312932,-2.356113,-3.000000
5.173000,0.309864,-2.976918,-3.000000
5.174000,0.306796,-2.976918,-3.000000
5.175000,0.300660,-2.976918,-3.000000
5.176000,0.297592,-3.489804,-3.000000
5.177000,0.294524,-3.489804,-3.000000
5.178000,0.288388,-3.489804,-3.000000
5.179000,0.285320,-3.939387,-3.000000
5.180000,0.282252,-3.939387,-3.000000
5.181000,0.276117,-3.939387,-3.000000
5.182000,0.273049,-4.334448,-3.000000
5.183000,0.266913,-4.334448,-3.000000
5.184000,0.260777,-4.684283,-3.000000
5.185000,0.257709,-4.684283,-3.000000
5.186000,0.251573,-4.684283,-3.000000
5.187000,0.245437,-5.003188,-3.000000
5.188000,0.242369,-5.003188,-3.000000
5.189000,0.236233,-5.299805,-3.000000
5.190000,0.230097,-5.299805,-3.000000
5.191000,0.223961,-5.581565,-3.000000
5.192000,0.217825,-5.581565,-3.000000
5.193000,0.211689,-5.838369,-3.000000
5.194000,0.205553,-5.838369,-3.000000
5.195000,0.199418,-6.084878,-3.000000
5.196000,0.193282,-6.084878,-3.000000
5.197000,0.187146,-6.321530,-3.000000
5.198000,0.181010,-6.321530,-3.000000
5.199000,0.174874,-6.532742,-3.000000
5.200000,0.165670,-6.532742,-3.000000
5.201000,0.159534,-6.732446,3.000000
5.202000,0.153398,-6.732446,3.000000
5.203000,0.147262,-6.922437,3.000000
5.204000,0.141126,-6.922437,3.000000
5.205000,0.131922,-6.322299,3.000000
5.206000,0.125786,-7.000095,3.000000
5.207000,0.119651,-7.000095,3.000000
5.208000,0.113515,-6.377240,3.000000
5.209000,0.107379,-6.377240,3.000000
5.210000,0.101243,-6.066246,3.000000
5.211000,0.098175,-6.066246,3.000000
5.212000,0.092039,-5.930458,3.000000
5.213000,0.085903,-5.850314,3.000000
5.214000,0.079767,-5.850314,3.000000
5.215000,0.073631,-5.416639,3.000000
5.216000,0.070563,-5.416639,3.000000
5.217000,0.064427,-5.194951,3.000000
5.218000,0.061359,-5.194951,3.000000
5.219000,0.055223,-5.194951,3.000000
5.220000,0.052155,-4.793664,3.000000
5.221000,0.046019,-4.793664,3.000000
5.222000,0.042951,-4.793664,3.000000
5.223000,0.039884,-4.403575,3.000000
5.224000,0.036816,-4.403575,3.000000
5.225000,0.030680,-4.403575,3.000000
5.226000,0.027612,-3.945015,3.000000
5.227000,0.024544,-3.945015,3.000000
5.228000,0.021476,-3.945015,3.000000
5.229000,0.018408,-3.814390,3.000000
5.230000,0.015340,-3.412453,3.000000
5.231000,0.012272,-3.412453,3.000000
5.232000,0.012272,-3.412453,3.000000
5.233000,0.009204,-3.412453,3.000000
5.234000,0.006136,-2.866035,3.000000
5.235000,0.003068,-2.801338,3.000000
5.236000,0.003068,-2.801338,3.000000
5.237000,0.000000,-2.801338,3.000000
5.238000,0.000000,-2.801338,3.000000
5.239000,-0.003068,-2.801338,3.000000
5.240000,-0.003068,-2.313085,3.000000
5.241000,-0.006136,-1.944958,3.000000
5.242000,-0.006136,-1.678829,3.000000
5.243000,-0.009204,-2.044021,3.000000
5.244000,-0.009204,-2.044021,3.000000
5.245000,-0.009204,-2.044021,3.000000
5.246000,-0.009204,-2.044021,3.000000
5.247000,-0.009204,-2.044021,3.000000
5.248000,-0.009204,-2.044021,3.000000
5.249000,-0.012272,-1.981612,3.000000
5.250000,-0.012272,-1.704719,3.000000
5.251000,-0.012272,-1.498120,3.000000
5.252000,-0.009204,1.334650,3.000000
5.253000,-0.009204,1.203250,3.000000
5.254000,-0.009204,1.096394,3.000000
5.255000,-0.009204,1.006295,3.000000
5.256000,-0.009204,0.930151,3.000000
5.257000,-0.006136,0.864634,3.000000
5.258000,-0.006136,0.807519,3.000000
5.259000,-0.003068,0.757676,3.000000
5.260000,-0.003068,0.713861,3.000000
5.261000,0.000000,0.677844,3.000000
5.262000,0.000000,0.677844,3.000000
5.263000,0.003068,0.677844,3.000000
5.264000,0.003068,0.677844,3.000000
5.265000,0.006136,0.677844,3.000000
5.266000,0.009204,0.677844,3.000000
5.267000,0.012272,1.527246,3.000000
5.268000,0.012272,1.527246,3.000000
5.269000,0.015340,1.527246,3.000000
5.270000,0.018408,1.527246,3.000000
5.271000,0.021476,1.527246,3.000000
5.272000,0.024544,2.409525,3.000000
5.273000,0.027612,2.409525,3.000000
5.274000,0.030680,2.409525,3.000000
5.275000,0.033748,2.409525,3.000000
5.276000,0.039884,3.032196,3.000000
5.277000,0.042951,3.032196,3.000000
5.278000,0.046019,3.032196,3.000000
5.279000,0.049087,3.544059,3.000000
5.280000,0.055223,3.544059,3.000000
5.281000,0.058291,3.544059,3.000000
5.282000,0.061359,3.988646,3.000000
5.283000,0.067495,3.988646,3.000000
5.284000,0.073631,4.367011,3.000000
5.285000,0.076699,4.367011,3.000000
5.286000,0.082835,4.367011,3.000000
5.287000,0.085903,4.721454,3.000000
5.288000,0.092039,4.721454,3.000000
5.289000,0.098175,5.034317,3.000000
5.290000,0.101243,5.034317,3.000000
5.291000,0.107379,5.034317,3.000000
5.292000,0.113515,5.329664,3.000000
5.293000,0.119651,5.329664,3.000000
5.294000,0.125786,5.597619,3.000000
5.295000,0.131922,5.597619,3.000000
5.296000,0.138058,5.862152,3.000000
5.297000,0.144194,5.862152,3.000000
5.298000,0.150330,6.096676,3.000000
5.299000,0.156466,6.096676,3.000000
5.300000,0.162602,6.336991,3.000000
5.301000,0.168738,6.336991,-3.000000
5.302000,0.174874,6.525987,-3.000000
5.303000,0.184078,6.336627,-3.000000
5.304000,0.190214,6.466477,-3.000000
5.305000,0.196350,6.495475,-3.000000
5.306000,0.202485,6.495475,-3.000000
5.307000,0.208621,6.273772,-3.000000
5.308000,0.214757,6.273772,-3.000000
5.309000,0.220893,5.998703,-3.000000
5.310000,0.223961,5.998703,-3.000000
5.311000,0.230097,5.998703,-3.000000
5.312000,0.236233,5.681630,-3.000000
5.313000,0.242369,5.681630,-3.000000
5.314000,0.245437,5.276133,-3.000000
5.315000,0.251573,5.276133,-3.000000
5.316000,0.254641,5.100371,-3.000000
5.317000,0.260777,5.126144,-3.000000
5.318000,0.263845,5.126144,-3.000000
5.319000,0.269981,4.600289,-3.000000
5.320000,0.273049,4.600289,-3.000000
5.321000,0.276117,4.600289,-3.000000
5.322000,0.282252,4.263258,-3.000000
5.323000,0.285320,4.263258,-3.000000
5.324000,0.288388,4.263258,-3.000000
5.325000,0.291456,3.972560,-3.000000
5.326000,0.294524,3.773147,-3.000000
5.327000,0.297592,3.773147,-3.000000
5.328000,0.300660,3.773147,-3.000000
5.329000,0.303728,3.410465,-3.000000
5.330000,0.306796,3.221944,-3.000000
5.331000,0.309864,3.221944,-3.000000
5.332000,0.309864,3.221944,-3.000000
5.333000,0.312932,3.221944,-3.000000
5.334000,0.316000,2.787446,-3.000000
5.335000,0.316000,2.272909,-3.000000
5.336000,0.319068,2.565915,-3.000000
5.337000,0.319068,2.565915,-3.000000
5.338000,0.322136,2.565915,-3.000000
5.339000,0.322136,2.565915,-3.000000
5.340000,0.325204,2.565915,-3.000000
5.341000,0.325204,2.130883,-3.000000
5.342000,0.325204,1.815202,-3.000000
5.343000,0.328272,1.580018,-3.000000
5.344000,0.328272,1.400867,-3.000000
5.345000,0.328272,1.256980,-3.000000
5.346000,0.328272,1.140431,-3.000000
5.347000,0.328272,1.043121,-3.000000
5.348000,0.328272,0.961864,-3.000000
5.349000,0.328272,0.891974,-3.000000
5.350000,0.328272,0.831129,-3.000000
5.351000,0.328272,0.778511,-3.000000
5.352000,0.328272,0.731908,-3.000000
5.353000,0.325204,0.690950,-3.000000
5.354000,0.325204,-0.653960,-3.000000
5.355000,0.325204,-0.621059,-3.000000
5.356000,0.325204,-0.591055,-3.000000
5.357000,0.322136,-1.683105,-3.000000
5.358000,0.322136,-1.683105,-3.000000
5.359000,0.319068,-1.683105,-3.000000
5.360000,0.319068,-1.683105,-3.000000
5.361000,0.316000,-1.683105,-3.000000
5.362000,0.312932,-1.683105,-3.000000
5.363000,0.312932,-1.683105,-3.000000
5.364000,0.309864,-0.584733,-3.000000
5.365000,0.306796,-0.584733,-3.000000
5.366000,0.306796,-0.584733,-3.000000
5.367000,0.303728,-0.584733,-3.000000
5.368000,0.300660,-0.584733,-3.000000
5.369000,0.297592,-2.150268,-3.000000
5.370000,0.294524,-2.150268,-3.000000
5.371000,0.291456,-2.150268,-3.000000
5.372000,0.288388,-2.150268,-3.000000
5.373000,0.285320,-2.818819,-3.000000
5.374000,0.282252,-2.818819,-3.000000
5.375000,0.276117,-2.818819,-3.000000
5.376000,0.273049,-3.360245,-3.000000
5.377000,0.269981,-3.360245,-3.000000
5.378000,0.266913,-3.360245,-3.000000
5.379000,0.260777,-3.829135,-3.000000
5.380000,0.257709,-3.829135,-3.000000
5.381000,0.251573,-3.829135,-3.000000
5.382000,0.248505,-4.243683,-3.000000
5.383000,0.242369,-4.243683,-3.000000
5.384000,0.239301,-4.243683,-3.000000
5.385000,0.233165,-4.601487,-3.000000
5.386000,0.230097,-4.601487,-3.000000
5.387000,0.223961,-4.946414,-3.000000
5.388000,0.217825,-4.946414,-3.000000
5.389000,0.211689,-5.242045,-3.000000
5.390000,0.208621,-5.242045,-3.000000
5.391000,0.202485,-5.242045,-3.000000
5.392000,0.196350,-5.535616,-3.000000
5.393000,0.190214,-5.535616,-3.000000
5.394000,0.184078,-5.808738,-3.000000
5.395000,0.177942,-5.808738,-3.000000
5.396000,0.171806,-6.056723,-3.000000
5.397000,0.165670,-6.056723,-3.000000
5.398000,0.156466,-6.297561,-3.000000
5.399000,0.150330,-6.521026,-3.000000
5.400000,0.144194,-6.521026,3.000000
5.401000,0.138058,-6.749159,3.000000
5.402000,0.131922,-6.749159,3.000000
5.403000,0.125786,-6.465814,3.000000
5.404000,0.116583,-6.465814,3.000000
5.405000,0.110447,-6.519005,3.000000
5.406000,0.104311,-6.519005,3.000000
5.407000,0.098175,-6.390754,3.000000
5.408000,0.092039,-6.390754,3.000000
5.409000,0.085903,-6.099032,3.000000
5.410000,0.082835,-6.099032,3.000000
5.411000,0.076699,-5.881859,3.000000
5.412000,0.070563,-5.881859,3.000000
5.413000,0.064427,-5.551825,3.000000
5.414000,0.061359,-5.551825,3.000000
5.415000,0.055223,-5.551825,3.000000
5.416000,0.052155,-5.207351,3.000000
5.417000,0.046019,-5.207351,3.000000
5.418000,0.042951,-4.715810,3.000000
5.419000,0.036816,-4.804089,3.000000
5.420000,0.033748,-4.804089,3.000000
5.421000,0.027612,-4.444264,3.000000
5.422000,0.024544,-4.444264,3.000000
5.423000,0.021476,-4.444264,3.000000
5.424000,0.018408,-4.007006,3.000000
5.425000,0.015340,-4.013686,3.000000
5.426000,0.012272,-4.013686,3.000000
5.427000,0.006136,-4.013686,3.000000
5.428000,0.003068,-3.499798,3.000000
5.429000,0.003068,-3.499798,3.000000
5.430000,0.000000,-3.499798,3.000000
5.431000,-0.003068,-3.499798,3.000000
5.432000,-0.006136,-3.057928,3.000000
5.433000,-0.009204,-2.893289,3.000000
5.434000,-0.009204,-2.893289,3.000000
5.435000,-0.012272,-2.893289,3.000000
5.436000,-0.015340,-2.893289,3.000000
5.437000,-0.015340,-2.893289,3.000000
5.438000,-0.018408,-2.350359,3.000000
5.439000,-0.018408,-1.973428,3.000000
5.440000,-0.021476,-2.179670,3.000000
5.441000,-0.021476,-2.179670,3.000000
5.442000,-0.021476,-2.179670,3.000000
5.443000,-0.021476,-2.179670,3.000000
5.444000,-0.024544,-2.179670,3.000000
5.445000,-0.024544,-2.179670,3.000000
5.446000,-0.024544,-2.037995,3.000000
5.447000,-0.024544,-1.748908,3.000000
5.448000,-0.024544,-1.530267,3.000000
5.449000,-0.024544,-1.360842,3.000000
5.450000,-0.024544,-1.225306,3.000000
5.451000,-0.024544,-1.113727,3.000000
5.452000,-0.024544,-1.021271,3.000000
5.453000,-0.024544,-0.942558,3.000000
5.454000,-0.021476,0.875648,3.000000
5.455000,-0.021476,0.817341,3.000000
5.456000,-0.021476,0.766202,3.000000
5.457000,-0.018408,0.721172,3.000000
5.458000,-0.018408,0.681294,3.000000
5.459000,-0.018408,0.645158,3.000000
5.460000,-0.015340,0.612949,3.000000
5.461000,-0.012272,0.585188,3.000000
5.462000,-0.012272,0.585188,3.000000
5.463000,-0.009204,0.585188,3.000000
5.464000,-0.009204,0.585188,3.000000
5.465000,-0.006136,0.585188,3.000000
5.466000,-0.003068,0.585188,3.000000
5.467000,0.000000,1.697022,3.000000
5.468000,0.003068,1.697022,3.000000
5.469000,0.003068,1.697022,3.000000
5.470000,0.006136,1.697022,3.000000
5.471000,0.009204,1.697022,3.000000
5.472000,0.012272,2.504104,3.000000
5.473000,0.018408,2.504104,3.000000
5.474000,0.021476,2.504104,3.000000
5.475000,0.024544,3.104886,3.000000
5.476000,0.027612,3.104886,3.000000
5.477000,0.030680,3.104886,3.000000
5.478000,0.036816,3.597888,3.000000
5.479000,0.039884,3.597888,3.000000
5.480000,0.042951,3.597888,3.000000
5.481000,0.049087,4.024198,3.000000
5.482000,0.052155,4.024198,3.000000
5.483000,0.058291,4.024198,3.000000
5.484000,0.061359,4.402039,3.000000
5.485000,0.067495,4.402039,3.000000
5.486000,0.070563,4.402039,3.000000
5.487000,0.076699,4.738622,3.000000
5.488000,0.082835,4.738622,3.000000
5.489000,0.088971,5.045932,3.000000
5.490000,0.092039,5.045932,3.000000
5.491000,0.098175,5.332687,3.000000
5.492000,0.104311,5.332687,3.000000
5.493000,0.110447,5.598931,3.000000
5.494000,0.116583,5.598931,3.000000
5.495000,0.122718,5.843968,3.000000
5.496000,0.128854,5.843968,3.000000
5.497000,0.134990,6.082574,3.000000
5.498000,0.141126,6.082574,3.000000
5.499000,0.147262,6.302906,3.000000
5.500000,0.153398,6.302906,3.000000
5.501000,0.159534,6.514631,-3.000000
5.502000,0.165670,6.514631,-3.000000
5.503000,0.171806,6.696068,-3.000000
5.504000,0.181010,6.696068,-3.000000
5.505000,0.187146,6.186099,-3.000000
5.506000,0.193282,6.186099,-3.000000
5.507000,0.199418,6.337536,-3.000000
5.508000,0.205553,6.337536,-3.000000
5.509000,0.208621,6.043508,-3.000000
5.510000,0.214757,6.043508,-3.000000
5.511000,0.220893,5.832126,-3.000000
5.512000,0.227029,5.832126,-3.000000
5.513000,0.233165,5.545379,-3.000000
5.514000,0.236233,5.545379,-3.000000
5.515000,0.242369,5.545379,-3.000000
5.516000,0.245437,5.092904,-3.000000
5.517000,0.251573,5.092904,-3.000000
5.518000,0.254641,4.795355,-3.000000
5.519000,0.260777,4.746666,-3.000000
5.520000,0.263845,4.746666,-3.000000
5.521000,0.266913,4.261530,-3.000000
5.522000,0.273049,4.344657,-3.000000
5.523000,0.276117,4.344657,-3.000000
5.524000,0.279185,4.223883,-3.000000
5.525000,0.282252,3.887323,-3.000000
5.526000,0.285320,3.887323,-3.000000
5.527000,0.288388,3.887323,-3.000000
5.528000,0.291456,3.470477,-3.000000
5.529000,0.294524,3.364236,-3.000000
5.530000,0.297592,3.364236,-3.000000
5.531000,0.300660,3.364236,-3.000000
5.532000,0.300660,3.364236,-3.000000
5.533000,0.303728,2.695899,-3.000000
5.534000,0.306796,2.740526,-3.000000
5.535000,0.306796,2.740526,-3.000000
5.536000,0.309864,2.740526,-3.000000
5.537000,0.309864,2.740526,-3.000000
5.538000,0.312932,2.740526,-3.000000
5.539000,0.312932,2.266769,-3.000000
5.540000,0.316000,1.914485,-3.000000
5.541000,0.316000,1.656884,-3.000000
5.542000,0.316000,1.459640,-3.000000
5.543000,0.319068,1.951750,-3.000000
5.544000,0.319068,1.951750,-3.000000
5.545000,0.319068,1.951750,-3.000000
5.546000,0.319068,1.951750,-3.000000
5.547000,0.319068,1.951750,-3.000000
5.548000,0.319068,1.951750,-3.000000
5.549000,0.319068,1.896588,-3.000000
5.550000,0.319068,1.643747,-3.000000
5.551000,0.319068,1.448791,-3.000000
5.552000,0.319068,1.296297,-3.000000
5.553000,0.319068,1.172318,-3.000000
5.554000,0.316000,-1.069990,-3.000000
5.555000,0.316000,-0.983935,-3.000000
5.556000,0.316000,-0.911292,-3.000000
5.557000,0.312932,-0.848098,-3.000000
5.558000,0.312932,-0.793285,-3.000000
5.559000,0.309864,-0.755616,-3.000000
5.560000,0.309864,-0.755616,-3.000000
5.561000,0.306796,-0.755616,-3.000000
5.562000,0.306796,-0.755616,-3.000000
5.563000,0.303728,-0.755616,-3.000000
5.564000,0.300660,-0.755616,-3.000000
5.565000,0.297592,-1.401831,-3.000000
5.566000,0.297592,-1.401831,-3.000000
5.567000,0.294524,-1.401831,-3.000000
5.568000,0.291456,-1.401831,-3.000000
5.569000,0.288388,-1.401831,-3.000000
5.570000,0.285320,-2.340088,-3.000000
5.571000,0.282252,-2.340088,-3.000000
5.572000,0.279185,-2.340088,-3.000000
5.573000,0.276117,-2.340088,-3.000000
5.574000,0.273049,-2.971581,-3.000000
5.575000,0.269981,-2.971581,-3.000000
5.576000,0.263845,-2.971581,-3.000000
5.577000,0.260777,-3.493405,-3.000000
5.578000,0.257709,-3.493405,-3.000000
5.579000,0.251573,-3.493405,-3.000000
5.580000,0.248505,-3.943519,-3.000000
5.581000,0.242369,-3.943519,-3.000000
5.582000,0.239301,-3.943519,-3.000000
5.583000,0.233165,-4.342479,-3.000000
5.584000,0.230097,-4.342479,-3.000000
5.585000,0.223961,-4.707418,-3.000000
5.586000,0.220893,-4.707418,-3.000000
5.587000,0.214757,-4.707418,-3.000000
5.588000,0.208621,-5.018846,-3.000000
5.589000,0.202485,-5.018846,-3.000000
5.590000,0.196350,-5.329278,-3.000000
5.591000,0.193282,-5.329278,-3.000000
5.592000,0.187146,-5.605858,-3.000000
5.593000,0.181010,-5.605858,-3.000000
5.594000,0.174874,-5.871190,-3.000000
5.595000,0.168738,-5.871190,-3.000000
5.596000,0.162602,-6.114099,-3.000000
5.597000,0.153398,-6.114099,-3.000000
5.598000,0.147262,-6.348008,-3.000000
5.599000,0.141126,-6.348008,-3.000000
5.600000,0.134990,-6.581451,3.000000
5.601000,0.128854,-6.581451,3.000000
5.602000,0.122718,-6.766163,3.000000
5.603000,0.116583,-6.766163,3.000000
5.604000,0.110447,-6.276000,3.000000
5.605000,0.101243,-6.800534,3.000000
5.606000,0.095107,-6.800534,3.000000
5.607000,0.088971,-6.291283,3.000000
5.608000,0.085903,-6.291283,3.000000
5.609000,0.079767,-6.030762,3.000000
5.610000,0.073631,-5.966822,3.000000
5.611000,0.067495,-5.966822,3.000000
5.612000,0.061359,-5.712670,3.000000
5.613000,0.055223,-5.712670,3.000000
5.614000,0.052155,-5.308243,3.000000
5.615000,0.046019,-5.308243,3.000000
5.616000,0.042951,-5.199904,3.000000
5.617000,0.036816,-5.115460,3.000000
5.618000,0.033748,-5.115460,3.000000
5.619000,0.027612,-4.625818,3.000000
5.620000,0.024544,-4.625818,3.000000
5.621000,0.021476,-4.625818,3.000000
5.622000,0.015340,-4.249602,3.000000
5.623000,0.012272,-4.249602,3.000000
5.624000,0.009204,-4.249602,3.000000
5.625000,0.006136,-4.009152,3.000000
5.626000,0.003068,-3.792191,3.000000
5.627000,0.000000,-3.792191,3.000000
5.628000,-0.003068,-3.792191,3.000000
5.629000,-0.006136,-3.444299,3.000000
5.630000,-0.009204,-3.228124,3.000000
5.631000,-0.012272,-3.228124,3.000000
5.632000,-0.012272,-3.228124,3.000000
5.633000,-0.015340,-3.228124,3.000000
5.634000,-0.018408,-2.815801,3.000000
5.635000,-0.018408,-2.291334,3.000000
5.636000,-0.021476,-2.571224,3.000000
5.637000,-0.021476,-2.571224,3.000000
5.638000,-0.024544,-2.571224,3.000000
5.639000,-0.024544,-2.571224,3.000000
5.640000,-0.027612,-2.571224,3.000000
5.641000,-0.027612,-2.129266,3.000000
5.642000,-0.027612,-1.814400,3.000000
5.643000,-0.030680,-1.580880,3.000000
5.644000,-0.030680,-1.401885,3.000000
5.645000,-0.030680,-1.257372,3.000000
5.646000,-0.030680,-1.140818,3.000000
5.647000,-0.030680,-1.043728,3.000000
5.648000,-0.030680,-0.961469,3.000000
5.649000,-0.030680,-0.892083,3.000000
5.650000,-0.030680,-0.831304,3.000000
5.651000,-0.030680,-0.778699,3.000000
5.652000,-0.030680,-0.732134,3.000000
5.653000,-0.030680,-0.691088,3.000000
5.654000,-0.027612,0.654030,3.000000
5.655000,-0.027612,0.621253,3.000000
5.656000,-0.027612,0.591026,3.000000
5.657000,-0.024544,1.685558,3.000000
5.658000,-0.024544,1.685558,3.000000
5.659000,-0.021476,1.685558,3.000000
5.660000,-0.021476,1.685558,3.000000
5.661000,-0.018408,1.685558,3.000000
5.662000,-0.018408,1.685558,3.000000
5.663000,-0.015340,1.685558,3.000000
5.664000,-0.012272,0.587644,3.000000
5.665000,-0.009204,0.587644,3.000000
5.666000,-0.009204,0.587644,3.000000
5.667000,-0.006136,0.587644,3.000000
5.668000,-0.003068,0.587644,3.000000
5.669000,0.000000,2.151865,3.000000
5.670000,0.003068,2.151865,3.000000
5.671000,0.006136,2.151865,3.000000
5.672000,0.009204,2.151865,3.000000
5.673000,0.012272,2.822529,3.000000
5.674000,0.015340,2.822529,3.000000
5.675000,0.021476,2.822529,3.000000
5.676000,0.024544,3.372480,3.000000
5.677000,0.027612,3.372480,3.000000
5.678000,0.030680,3.372480,3.000000
5.679000,0.036816,3.832856,3.000000
5.680000,0.039884,3.832856,3.000000
5.681000,0.046019,3.832856,3.000000
5.682000,0.049087,4.239325,3.000000
5.683000,0.055223,4.239325,3.000000
5.684000,0.058291,4.239325,3.000000
5.685000,0.064427,4.605276,3.000000
5.686000,0.070563,4.605276,3.000000
5.687000,0.073631,4.929057,3.000000
5.688000,0.079767,4.929057,3.000000
5.689000,0.085903,5.236826,3.000000
5.690000,0.092039,5.236826,3.000000
5.691000,0.098175,5.518813,3.000000
5.692000,0.101243,5.518813,3.000000
5.693000,0.107379,5.518813,3.000000
5.694000,0.113515,5.786635,3.000000
5.695000,0.119651,5.786635,3.000000
5.696000,0.125786,6.030350,3.000000
5.697000,0.134990,6.272213,3.000000
5.698000,0.141126,6.272213,3.000000
5.699000,0.147262,6.494806,3.000000
5.700000,0.153398,6.494806,3.000000
5.701000,0.159534,6.711020,-3.000000
5.702000,0.168738,6.711020,-3.000000
5.703000,0.174874,6.896018,-3.000000
5.704000,0.181010,6.896018,-3.000000
5.705000,0.187146,6.331995,-3.000000
5.706000,0.193282,6.331995,-3.000000
5.707000,0.199418,6.662140,-3.000000
5.708000,0.205553,6.662140,-3.000000
5.709000,0.211689,6.350883,-3.000000
5.710000,0.217825,6.350883,-3.000000
5.711000,0.223961,6.018438,-3.000000
5.712000,0.230097,6.018438,-3.000000
5.713000,0.233165,5.793617,-3.000000
5.714000,0.239301,5.793617,-3.000000
5.715000,0.245437,5.425419,-3.000000
5.716000,0.248505,5.425419,-3.000000
5.717000,0.254641,5.425419,-3.000000
5.718000,0.260777,5.167365,-3.000000
5.719000,0.263845,5.167365,-3.000000
5.720000,0.269981,4.678182,-3.000000
5.721000,0.273049,4.678182,-3.000000
5.722000,0.276117,4.678182,-3.000000
5.723000,0.282252,4.308662,-3.000000
5.724000,0.285320,4.308662,-3.000000
5.725000,0.288388,4.308662,-3.000000
5.726000,0.291456,4.057256,-3.000000
5.727000,0.294524,3.874640,-3.000000
5.728000,0.297592,3.874640,-3.000000
5.729000,0.300660,3.874640,-3.000000
5.730000,0.303728,3.395980,-3.000000
5.731000,0.306796,3.325891,-3.000000
5.732000,0.309864,3.325891,-3.000000
5.733000,0.312932,3.325891,-3.000000
5.734000,0.312932,3.325891,-3.000000
5.735000,0.316000,2.691990,-3.000000
5.736000,0.319068,2.689974,-3.000000
5.737000,0.319068,2.689974,-3.000000
5.738000,0.322136,2.689974,-3.000000
5.739000,0.322136,2.689974,-3.000000
5.740000,0.325204,2.689974,-3.000000
5.741000,0.325204,2.319442,-3.000000
5.742000,0.328272,1.951293,-3.000000
5.743000,0.328272,1.682285,-3.000000
5.744000,0.328272,1.480667,-3.000000
5.745000,0.328272,1.321731,-3.000000
5.746000,0.331340,1.883256,-3.000000
5.747000,0.331340,1.883256,-3.000000
5.748000,0.331340,1.883256,-3.000000
5.749000,0.331340,1.883256,-3.000000
5.750000,0.331340,1.883256,-3.000000
5.751000,0.331340,1.883256,-3.000000
5.752000,0.331340,1.863720,-3.000000
5.753000,0.331340,1.618102,-3.000000
5.754000,0.328272,-1.429422,-3.000000
5.755000,0.328272,-1.280542,-3.000000
5.756000,0.328272,-1.160396,-3.000000
5.757000,0.328272,-1.059512,-3.000000
5.758000,0.325204,-0.975042,-3.000000
5.759000,0.325204,-0.903385,-3.000000
5.760000,0.322136,-0.844028,-3.000000
5.761000,0.322136,-0.844028,-3.000000
5.762000,0.319068,-0.844028,-3.000000
5.763000,0.319068,-0.844028,-3.000000
5.764000,0.316000,-0.844028,-3.000000
5.765000,0.312932,-0.844028,-3.000000
5.766000,0.312932,-0.844028,-3.000000
5.767000,0.309864,-1.295677,-3.000000
5.768000,0.306796,-1.295677,-3.000000
5.769000,0.303728,-1.295677,-3.000000
5.770000,0.300660,-1.295677,-3.000000
5.771000,0.297592,-2.286455,-3.000000
5.772000,0.294524,-2.286455,-3.000000
5.773000,0.291456,-2.286455,-3.000000
5.774000,0.288388,-2.286455,-3.000000
5.775000,0.285320,-2.934561,-3.000000
5.776000,0.282252,-2.934561,-3.000000
5.777000,0.279185,-2.934561,-3.000000
5.778000,0.276117,-2.934561,-3.000000
5.779000,0.269981,-3.462331,-3.000000
5.780000,0.266913,-3.462331,-3.000000
5.781000,0.263845,-3.462331,-3.000000
5.782000,0.257709,-3.910895,-3.000000
5.783000,0.254641,-3.910895,-3.000000
5.784000,0.248505,-4.302891,-3.000000
5.785000,0.245437,-4.302891,-3.000000
5.786000,0.239301,-4.302891,-3.000000
5.787000,0.233165,-4.658057,-3.000000
5.788000,0.230097,-4.658057,-3.000000
5.789000,0.223961,-4.985431,-3.000000
5.790000,0.217825,-4.985431,-3.000000
5.791000,0.214757,-4.985431,-3.000000
5.792000,0.208621,-5.271506,-3.000000
5.793000,0.202485,-5.271506,-3.000000
5.794000,0.196350,-5.558356,-3.000000
5.795000,0.190214,-5.558356,-3.000000
5.796000,0.184078,-5.816730,-3.000000
5.797000,0.177942,-5.816730,-3.000000
5.798000,0.171806,-6.058426,-3.000000
5.799000,0.165670,-6.058426,-3.000000
5.800000,0.159534,-6.287343,-3.000000
5.801000,0.153398,-6.287343,3.000000
5.802000,0.144194,-6.491752,3.000000
5.803000,0.138058,-6.569071,3.000000
5.804000,0.131922,-6.569071,3.000000
5.805000,0.125786,-6.350426,3.000000
5.806000,0.119651,-6.350426,3.000000
5.807000,0.113515,-6.291059,3.000000
5.808000,0.107379,-6.291059,3.000000
5.809000,0.101243,-5.965009,3.000000
5.810000,0.098175,-5.965009,3.000000
5.811000,0.092039,-5.965009,3.000000
5.812000,0.085903,-5.722474,3.000000
5.813000,0.079767,-5.722474,3.000000
5.814000,0.076699,-5.285286,3.000000
5.815000,0.070563,-5.285286,3.000000
5.816000,0.067495,-5.061338,3.000000
5.817000,0.061359,-5.092757,3.000000
5.818000,0.058291,-5.092757,3.000000
5.819000,0.052155,-4.630910,3.000000
5.820000,0.049087,-4.630910,3.000000
5.821000,0.046019,-4.630910,3.000000
5.822000,0.039884,-4.274291,3.000000
5.823000,0.036816,-4.274291,3.000000
5.824000,0.033748,-4.274291,3.000000
5.825000,0.030680,-3.910740,3.000000
5.826000,0.027612,-3.785303,3.000000
5.827000,0.024544,-3.785303,3.000000
5.828000,0.021476,-3.785303,3.000000
5.829000,0.018408,-3.344992,3.000000
5.830000,0.015340,-3.245888,3.000000
5.831000,0.012272,-3.245888,3.000000
5.832000,0.012272,-3.245888,3.000000
5.833000,0.009204,-3.245888,3.000000
5.834000,0.006136,-2.726286,3.000000
5.835000,0.006136,-2.230946,3.000000
5.836000,0.003068,-2.593024,3.000000
5.837000,0.000000,-2.593024,3.000000
5.838000,0.000000,-2.593024,3.000000
5.839000,0.000000,-2.593024,3.000000
5.840000,-0.003068,-2.482121,3.000000
5.841000,-0.003068,-2.062803,3.000000
5.842000,-0.006136,-1.765278,3.000000
5.843000,-0.006136,-1.543124,3.000000
5.844000,-0.006136,-1.371196,3.000000
5.845000,-0.006136,-1.233291,3.000000
5.846000,-0.006136,-1.120954,3.000000
5.847000,-0.006136,-1.027402,3.000000
5.848000,-0.006136,-0.947874,3.000000
5.849000,-0.006136,-0.879621,3.000000
5.850000,-0.006136,-0.820852,3.000000
5.851000,-0.006136,-0.769875,3.000000
5.852000,-0.006136,-0.723851,3.000000
5.853000,-0.006136,-0.683794,3.000000
5.854000,-0.003068,0.647616,3.000000
5.855000,-0.003068,0.615287,3.000000
5.856000,-0.003068,0.586039,3.000000
5.857000,0.000000,1.721455,3.000000
5.858000,0.000000,1.721455,3.000000
5.859000,0.003068,1.721455,3.000000
5.860000,0.003068,1.721455,3.000000
5.861000,0.006136,1.721455,3.000000
5.862000,0.006136,1.721455,3.000000
5.863000,0.009204,1.721455,3.000000
5.864000,0.012272,0.571505,3.000000
5.865000,0.012272,0.571505,3.000000
5.866000,0.015340,0.571505,3.000000
5.867000,0.018408,0.571505,3.000000
5.868000,0.021476,0.571505,3.000000
5.869000,0.024544,2.179955,3.000000
5.870000,0.027612,2.179955,3.000000
5.871000,0.030680,2.179955,3.000000
5.872000,0.033748,2.179955,3.000000
5.873000,0.036816,2.838706,3.000000
5.874000,0.039884,2.838706,3.000000
5.875000,0.042951,2.838706,3.000000
5.876000,0.049087,3.375895,3.000000
5.877000,0.052155,3.375895,3.000000
5.878000,0.055223,3.375895,3.000000
5.879000,0.061359,3.844948,3.000000
5.880000,0.064427,3.844948,3.000000
5.881000,0.067495,3.844948,3.000000
5.882000,0.073631,4.248743,3.000000
5.883000,0.076699,4.248743,3.000000
5.884000,0.082835,4.248743,3.000000
5.885000,0.088971,4.602590,3.000000
5.886000,0.092039,4.602590,3.000000
5.887000,0.098175,4.939059,3.000000
5.888000,0.104311,4.939059,3.000000
5.889000,0.110447,5.237043,3.000000
5.890000,0.113515,5.237043,3.000000
5.891000,0.119651,5.237043,3.000000
5.892000,0.125786,5.519261,3.000000
5.893000,0.131922,5.519261,3.000000
5.894000,0.138058,5.784931,3.000000
5.895000,0.144194,5.784931,3.000000
5.896000,0.150330,6.037726,3.000000
5.897000,0.156466,6.037726,3.000000
5.898000,0.162602,6.278230,3.000000
5.899000,0.171806,6.488320,3.000000
5.900000,0.177942,6.488320,-3.000000
5.901000,0.184078,6.713366,-3.000000
5.902000,0.190214,6.713366,-3.000000
5.903000,0.196350,6.419122,-3.000000
5.904000,0.202485,6.419122,-3.000000
5.905000,0.208621,6.482941,-3.000000
5.906000,0.214757,6.482941,-3.000000
5.907000,0.220893,6.319360,-3.000000
5.908000,0.227029,6.319360,-3.000000
5.909000,0.233165,5.994755,-3.000000
5.910000,0.239301,5.994755,-3.000000
5.911000,0.245437,5.781789,-3.000000
5.912000,0.248505,5.781789,-3.000000
5.913000,0.254641,5.781789,-3.000000
5.914000,0.260777,5.390072,-3.000000
5.915000,0.263845,5.390072,-3.000000
5.916000,0.269981,5.024755,-3.000000
5.917000,0.273049,5.024755,-3.000000
5.918000,0.279185,5.024755,-3.000000
5.919000,0.282252,4.720243,-3.000000
5.920000,0.288388,4.720243,-3.000000
5.921000,0.291456,4.720243,-3.000000
5.922000,0.294524,4.289085,-3.000000
5.923000,0.297592,4.289085,-3.000000
5.924000,0.300660,4.289085,-3.000000
5.925000,0.306796,3.826780,-3.000000
5.926000,0.309864,3.826780,-3.000000
5.927000,0.312932,3.826780,-3.000000
5.928000,0.312932,3.826780,-3.000000
5.929000,0.316000,3.035874,-3.000000
5.930000,0.319068,3.282205,-3.000000
5.931000,0.322136,3.282205,-3.000000
5.932000,0.325204,3.282205,-3.000000
5.933000,0.325204,3.120325,-3.000000
5.934000,0.328272,2.489015,-3.000000
5.935000,0.331340,2.640029,-3.000000
5.936000,0.331340,2.640029,-3.000000
5.937000,0.334408,2.640029,-3.000000
5.938000,0.334408,2.640029,-3.000000
5.939000,0.337476,2.640029,-3.000000
5.940000,0.337476,2.214918,-3.000000
5.941000,0.337476,1.877286,-3.000000
5.942000,0.340544,1.627857,-3.000000
5.943000,0.340544,1.437683,-3.000000
5.944000,0.340544,1.286587,-3.000000
5.945000,0.340544,1.164706,-3.000000
5.946000,0.343612,1.820516,-3.000000
5.947000,0.343612,1.820516,-3.000000
5.948000,0.343612,1.820516,-3.000000
5.949000,0.343612,1.820516,-3.000000
5.950000,0.343612,1.820516,-3.000000
5.951000,0.340544,1.820516,-3.000000
5.952000,0.340544,1.820516,-3.000000
5.953000,0.340544,-1.628013,-3.000000
5.954000,0.340544,-1.437356,-3.000000
5.955000,0.337476,-1.287409,-3.000000
5.956000,0.337476,-1.164851,-3.000000
5.957000,0.337476,-1.064385,-3.000000
5.958000,0.334408,-0.979017,-3.000000
5.959000,0.334408,-0.979017,-3.000000
5.960000,0.331340,-0.979017,-3.000000
5.961000,0.331340,-0.979017,-3.000000
5.962000,0.328272,-0.979017,-3.000000
5.963000,0.325204,-0.979017,-3.000000
5.964000,0.325204,-0.979017,-3.000000
5.965000,0.322136,-1.168390,-3.000000
5.966000,0.319068,-1.168390,-3.000000
5.967000,0.316000,-1.168390,-3.000000
5.968000,0.312932,-1.168390,-3.000000
5.969000,0.312932,-1.168390,-3.000000
5.970000,0.309864,-2.240581,-3.000000
5.971000,0.306796,-2.240581,-3.000000
5.972000,0.300660,-2.240581,-3.000000
5.973000,0.297592,-2.890497,-3.000000
5.974000,0.294524,-2.890497,-3.000000
5.975000,0.291456,-2.890497,-3.000000
5.976000,0.288388,-2.890497,-3.000000
5.977000,0.285320,-3.424608,-3.000000
5.978000,0.279185,-3.424608,-3.000000
5.979000,0.276117,-3.424608,-3.000000
5.980000,0.269981,-3.876816,-3.000000
5.981000,0.266913,-3.876816,-3.000000
5.982000,0.263845,-3.876816,-3.000000
5.983000,0.257709,-4.273258,-3.000000
5.984000,0.251573,-4.273258,-3.000000
5.985000,0.248505,-4.633605,-3.000000
5.986000,0.242369,-4.633605,-3.000000
5.987000,0.236233,-4.943784,-3.000000
5.988000,0.230097,-4.943784,-3.000000
5.989000,0.223961,-4.943784,-3.000000
5.990000,0.217825,-5.258893,-3.000000
5.991000,0.211689,-5.258893,-3.000000
5.992000,0.205553,-5.520226,-3.000000
5.993000,0.199418,-5.520226,-3.000000
5.994000,0.196350,-5.791756,-3.000000
5.995000,0.190214,-5.791756,-3.000000
5.996000,0.181010,-6.031503,-3.000000
5.997000,0.174874,-6.031503,-3.000000
5.998000,0.168738,-6.262167,-3.000000
5.999000,0.162602,-6.262167,-3.000000
6.000000,0.156466,-6.468986,-3.000000
6.001000,0.150330,-6.468986,3.000000
6.002000,0.144194,-6.669834,3.000000
6.003000,0.138058,-6.566923,3.000000
6.004000,0.128854,-6.423229,3.000000
6.005000,0.122718,-6.736193,3.000000
6.006000,0.116583,-6.736193,3.000000
6.007000,0.110447,-6.445909,3.000000
6.008000,0.104311,-6.445909,3.000000
6.009000,0.098175,-6.073668,3.000000
6.010000,0.095107,-6.073668,3.000000
6.011000,0.088971,-5.941624,3.000000
6.012000,0.082835,-5.846482,3.000000
6.013000,0.076699,-5.846482,3.000000
6.014000,0.070563,-5.427486,3.000000
6.015000,0.067495,-5.427486,3.000000
6.016000,0.061359,-5.179664,3.000000
6.017000,0.058291,-5.179664,3.000000
6.018000,0.052155,-5.179664,3.000000
6.019000,0.049087,-4.815295,3.000000
6.020000,0.042951,-4.815295,3.000000
6.021000,0.039884,-4.815295,3.000000
6.022000,0.036816,-4.417798,3.000000
6.023000,0.033748,-4.417798,3.000000
6.024000,0.027612,-4.417798,3.000000
6.025000,0.024544,-3.927375,3.000000
6.026000,0.021476,-3.927375,3.000000
6.027000,0.018408,-3.927375,3.000000
6.028000,0.015340,-3.787363,3.000000
6.029000,0.012272,-3.424821,3.000000
6.030000,0.009204,-3.424821,3.000000
6.031000,0.009204,-3.424821,3.000000
6.032000,0.006136,-3.424821,3.000000
6.033000,0.003068,-2.840057,3.000000
6.034000,0.000000,-2.809587,3.000000
6.035000,0.000000,-2.809587,3.000000
6.036000,-0.003068,-2.809587,3.000000
6.037000,-0.003068,-2.809587,3.000000
6.038000,-0.006136,-2.809587,3.000000
6.039000,-0.009204,-2.290895,3.000000
6.040000,-0.009204,-1.930813,3.000000
6.041000,-0.009204,-1.668425,3.000000
6.042000,-0.012272,-2.045227,3.000000
6.043000,-0.012272,-2.045227,3.000000
6.044000,-0.012272,-2.045227,3.000000
6.045000,-0.012272,-2.045227,3.000000
6.046000,-0.012272,-2.045227,3.000000
6.047000,-0.012272,-2.045227,3.000000
6.048000,-0.015340,-1.972213,3.000000
6.049000,-0.015340,-1.697882,3.000000
6.050000,-0.015340,-1.491220,3.000000
6.051000,-0.012272,1.329519,3.000000
6.052000,-0.012272,1.200815,3.000000
6.053000,-0.012272,1.093226,3.000000
6.054000,-0.012272,1.003636,3.000000
6.055000,-0.012272,0.927863,3.000000
6.056000,-0.009204,0.862405,3.000000
6.057000,-0.009204,0.806225,3.000000
6.058000,-0.006136,0.756740,3.000000
6.059000,-0.006136,0.712309,3.000000
6.060000,-0.003068,0.672692,3.000000
6.061000,-0.003068,0.672692,3.000000
6.062000,0.000000,0.672692,3.000000
6.063000,0.000000,0.672692,3.000000
6.064000,0.003068,0.672692,3.000000
6.065000,0.006136,0.672692,3.000000
6.066000,0.009204,1.534119,3.000000
6.067000,0.009204,1.534119,3.000000
6.068000,0.012272,1.534119,3.000000
6.069000,0.015340,1.534119,3.000000
6.070000,0.018408,1.534119,3.000000
6.071000,0.021476,2.407739,3.000000
6.072000,0.024544,2.407739,3.000000
6.073000,0.027612,2.407739,3.000000
6.074000,0.030680,2.407739,3.000000
6.075000,0.033748,3.029597,3.000000
6.076000,0.039884,3.029597,3.000000
6.077000,0.042951,3.029597,3.000000
6.078000,0.046019,3.541886,3.000000
6.079000,0.052155,3.541886,3.000000
6.080000,0.055223,3.541886,3.000000
6.081000,0.058291,3.986667,3.000000
6.082000,0.064427,3.986667,3.000000
6.083000,0.067495,3.986667,3.000000
6.084000,0.073631,4.374687,3.000000
6.085000,0.079767,4.374687,3.000000
6.086000,0.082835,4.728124,3.000000
6.087000,0.088971,4.728124,3.000000
6.088000,0.095107,5.046018,3.000000
6.089000,0.098175,5.046018,3.000000
6.090000,0.104311,5.046018,3.000000
6.091000,0.110447,5.350221,3.000000
6.092000,0.116583,5.350221,3.000000
6.093000,0.122718,5.617584,3.000000
6.094000,0.128854,5.617584,3.000000
6.095000,0.134990,5.890840,3.000000
6.096000,0.141126,5.890840,3.000000
6.097000,0.147262,6.127115,3.000000
6.098000,0.153398,6.127115,3.000000
6.099000,0.159534,6.374341,3.000000
6.100000,0.165670,6.374341,-3.000000
6.101000,0.171806,6.574301,-3.000000
6.102000,0.181010,6.584835,-3.000000
6.103000,0.187146,6.584835,-3.000000
6.104000,0.193282,6.534384,-3.000000
6.105000,0.199418,6.534384,-3.000000
6.106000,0.205553,6.328140,-3.000000
6.107000,0.211689,6.328140,-3.000000
6.108000,0.217825,6.069913,-3.000000
6.109000,0.223961,6.069913,-3.000000
6.110000,0.227029,5.809807,-3.000000
6.111000,0.233165,5.825282,-3.000000
6.112000,0.239301,5.825282,-3.000000
6.113000,0.245437,5.426352,-3.000000
6.114000,0.248505,5.426352,-3.000000
6.115000,0.254641,5.147317,-3.000000
6.116000,0.257709,5.147317,-3.000000
6.117000,0.263845,5.147317,-3.000000
6.118000,0.266913,4.837652,-3.000000
6.119000,0.273049,4.837652,-3.000000
6.120000,0.276117,4.837652,-3.000000
6.121000,0.279185,4.424501,-3.000000
6.122000,0.282252,4.424501,-3.000000
6.123000,0.288388,4.424501,-3.000000
6.124000,0.291456,3.958093,-3.000000
6.125000,0.294524,3.958093,-3.000000
6.126000,0.297592,3.958093,-3.000000
6.127000,0.300660,3.730659,-3.000000
6.128000,0.303728,3.438656,-3.000000
6.129000,0.306796,3.438656,-3.000000
6.130000,0.309864,3.438656,-3.000000
6.131000,0.309864,3.438656,-3.000000
6.132000,0.312932,2.765486,-3.000000
6.133000,0.316000,2.851265,-3.000000
6.134000,0.316000,2.851265,-3.000000
6.135000,0.319068,2.851265,-3.000000
6.136000,0.322136,2.851265,-3.000000
6.137000,0.322136,2.698773,-3.000000
6.138000,0.325204,2.217225,-3.000000
6.139000,0.325204,1.874606,-3.000000
6.140000,0.325204,1.626954,-3.000000
6.141000,0.328272,2.104006,-3.000000
6.142000,0.328272,2.104006,-3.000000
6.143000,0.328272,2.104006,-3.000000
6.144000,0.328272,2.104006,-3.000000
6.145000,0.331340,2.104006,-3.000000
6.146000,0.331340,2.076352,-3.000000
6.147000,0.331340,1.775544,-3.000000
6.148000,0.331340,1.552004,-3.000000
6.149000,0.331340,1.377591,-3.000000
6.150000,0.331340,1.238494,-3.000000
6.151000,0.331340,1.124403,-3.000000
6.152000,0.328272,-1.030349,-3.000000
6.153000,0.328272,-0.950460,-3.000000
6.154000,0.328272,-0.882656,-3.000000
6.155000,0.328272,-0.822944,-3.000000
6.156000,0.325204,-0.771149,-3.000000
6.157000,0.325204,-0.725693,-3.000000
6.158000,0.322136,-0.685053,-3.000000
6.159000,0.322136,-0.648848,-3.000000
6.160000,0.319068,-0.624500,-3.000000
6.161000,0.319068,-0.624500,-3.000000
6.162000,0.316000,-0.624500,-3.000000
6.163000,0.312932,-0.624500,-3.000000
6.164000,0.312932,-0.624500,-3.000000
6.165000,0.309864,-0.624500,-3.000000
6.166000,0.306796,-1.613216,-3.000000
6.167000,0.303728,-1.613216,-3.000000
6.168000,0.300660,-1.613216,-3.000000
6.169000,0.297592,-1.613216,-3.000000
6.170000,0.297592,-1.613216,-3.000000
6.171000,0.291456,-2.450394,-3.000000
6.172000,0.291456,-2.450394,-3.000000
6.173000,0.285320,-2.450394,-3.000000
6.174000,0.282252,-3.058319,-3.000000
6.175000,0.279185,-3.058319,-3.000000
6.176000,0.276117,-3.058319,-3.000000
6.177000,0.269981,-3.566130,-3.000000
6.178000,0.266913,-3.566130,-3.000000
6.179000,0.263845,-3.566130,-3.000000
6.180000,0.257709,-4.001907,-3.000000
6.181000,0.254641,-4.001907,-3.000000
6.182000,0.248505,-4.001907,-3.000000
6.183000,0.245437,-4.384956,-3.000000
6.184000,0.239301,-4.384956,-3.000000
6.185000,0.236233,-4.384956,-3.000000
6.186000,0.230097,-4.735118,-3.000000
6.187000,0.223961,-4.735118,-3.000000
6.188000,0.220893,-5.053522,-3.000000
6.189000,0.214757,-5.053522,-3.000000
6.190000,0.208621,-5.340068,-3.000000
6.191000,0.202485,-5.340068,-3.000000
6.192000,0.196350,-5.622410,-3.000000
6.193000,0.190214,-5.622410,-3.000000
6.194000,0.184078,-5.881899,-3.000000
6.195000,0.177942,-5.881899,-3.000000
6.196000,0.171806,-6.121682,-3.000000
6.197000,0.165670,-6.121682,-3.000000
6.198000,0.159534,-6.352481,-3.000000
6.199000,0.153398,-6.352481,-3.000000
6.200000,0.147262,-6.554938,-3.000000
6.201000,0.138058,-6.554938,3.000000
6.202000,0.131922,-6.788047,3.000000
6.203000,0.125786,-6.788047,3.000000
6.204000,0.119651,-6.337036,3.000000
6.205000,0.113515,-6.337036,3.000000
6.206000,0.107379,-6.802785,3.000000
6.207000,0.101243,-6.559854,3.000000
6.208000,0.095107,-6.666815,3.000000
6.209000,0.088971,-6.320309,3.000000
6.210000,0.082835,-6.157088,3.000000
6.211000,0.076699,-6.157088,3.000000
6.212000,0.070563,-5.913391,3.000000
6.213000,0.064427,-5.913391,3.000000
6.214000,0.061359,-5.518847,3.000000
6.215000,0.055223,-5.518847,3.000000
6.216000,0.049087,-5.295612,3.000000
6.217000,0.046019,-5.295612,3.000000
6.218000,0.039884,-5.295612,3.000000
6.219000,0.036816,-4.924524,3.000000
6.220000,0.030680,-4.924524,3.000000
6.221000,0.027612,-4.924524,3.000000
6.222000,0.024544,-4.531771,3.000000
6.223000,0.018408,-4.531771,3.000000
6.224000,0.015340,-4.531771,3.000000
6.225000,0.012272,-4.072759,3.000000
6.226000,0.009204,-4.072759,3.000000
6.227000,0.006136,-4.072759,3.000000
6.228000,0.003068,-3.551567,3.000000
6.229000,0.000000,-3.577320,3.000000
6.230000,-0.003068,-3.577320,3.000000
6.231000,-0.006136,-3.577320,3.000000
6.232000,-0.009204,-3.258625,3.000000
6.233000,-0.012272,-3.003552,3.000000
6.234000,-0.012272,-3.003552,3.000000
6.235000,-0.015340,-3.003552,3.000000
6.236000,-0.018408,-3.003552,3.000000
6.237000,-0.018408,-2.926271,3.000000
6.238000,-0.021476,-2.366208,3.000000
6.239000,-0.021476,-1.981945,3.000000
6.240000,-0.024544,-2.301175,3.000000
6.241000,-0.024544,-2.301175,3.000000
6.242000,-0.027612,-2.301175,3.000000
6.243000,-0.027612,-2.301175,3.000000
6.244000,-0.027612,-2.301175,3.000000
6.245000,-0.027612,-2.194514,3.000000
6.246000,-0.027612,-1.863260,3.000000
6.247000,-0.030680,-1.617774,3.000000
6.248000,-0.030680,-1.428366,3.000000
6.249000,-0.030680,-1.280552,3.000000
6.250000,-0.030680,-1.158878,3.000000
6.251000,-0.030680,-1.059150,3.000000
6.252000,-0.030680,-0.974975,3.000000
6.253000,-0.027612,-1.145557,3.000000
6.254000,-0.027612,-1.145557,3.000000
6.255000,-0.027612,-1.145557,3.000000
6.256000,-0.027612,-1.145557,3.000000
6.257000,-0.024544,-1.145557,3.000000
6.258000,-0.024544,-1.145557,3.000000
6.259000,-0.024544,-1.145557,3.000000
6.260000,-0.021476,-1.145557,3.000000
6.261000,-0.021476,-1.145557,3.000000
6.262000,-0.018408,-1.145557,3.000000
6.263000,-0.015340,0.968044,3.000000
6.264000,-0.015340,0.968044,3.000000
6.265000,-0.012272,0.968044,3.000000
6.266000,-0.009204,0.968044,3.000000
6.267000,-0.009204,0.968044,3.000000
6.268000,-0.006136,0.968044,3.000000
6.269000,-0.003068,1.853718,3.000000
6.270000,0.000000,1.853718,3.000000
6.271000,0.003068,1.853718,3.000000
6.272000,0.006136,1.853718,3.000000
6.273000,0.009204,2.607340,3.000000
6.274000,0.012272,2.607340,3.000000
6.275000,0.015340,2.607340,3.000000
6.276000,0.021476,2.607340,3.000000
6.277000,0.024544,3.197945,3.000000
6.278000,0.027612,3.197945,3.000000
6.279000,0.030680,3.197945,3.000000
6.280000,0.036816,3.681508,3.000000
6.281000,0.039884,3.681508,3.000000
6.282000,0.042951,3.681508,3.000000
6.283000,0.049087,4.104506,3.000000
6.284000,0.052155,4.104506,3.000000
6.285000,0.058291,4.480252,3.000000
6.286000,0.064427,4.480252,3.000000
6.287000,0.067495,4.480252,3.000000
6.288000,0.073631,4.816450,3.000000
6.289000,0.079767,4.816450,3.000000
6.290000,0.082835,5.124420,3.000000
6.291000,0.088971,5.124420,3.000000
6.292000,0.095107,5.411994,3.000000
6.293000,0.101243,5.411994,3.000000
6.294000,0.107379,5.680570,3.000000
6.295000,0.113515,5.680570,3.000000
6.296000,0.119651,5.925407,3.000000
6.297000,0.125786,5.925407,3.000000
6.298000,0.131922,6.166585,3.000000
6.299000,0.138058,6.166585,3.000000
6.300000,0.144194,6.387982,3.000000
6.301000,0.150330,6.387982,-3.000000
6.302000,0.156466,6.601020,-3.000000
6.303000,0.162602,6.601020,-3.000000
6.304000,0.171806,6.220811,-3.000000
6.305000,0.177942,6.220811,-3.000000
6.306000,0.184078,6.412181,-3.000000
6.307000,0.190214,6.412181,-3.000000
6.308000,0.196350,6.359202,-3.000000
6.309000,0.202485,6.359202,-3.000000
6.310000,0.205553,5.940745,-3.000000
6.311000,0.211689,5.940745,-3.000000
6.312000,0.217825,5.694335,-3.000000
6.313000,0.223961,5.694335,-3.000000
6.314000,0.227029,5.395371,-3.000000
6.315000,0.233165,5.383668,-3.000000
6.316000,0.236233,5.383668,-3.000000
6.317000,0.242369,4.929497,-3.000000
6.318000,0.245437,4.929497,-3.000000
6.319000,0.251573,4.929497,-3.000000
6.320000,0.254641,4.619893,-3.000000
6.321000,0.260777,4.619893,-3.000000
6.322000,0.263845,4.619893,-3.000000
6.323000,0.266913,4.175143,-3.000000
6.324000,0.269981,4.175143,-3.000000
6.325000,0.273049,4.175143,-3.000000
6.326000,0.276117,3.608320,-3.000000
6.327000,0.279185,3.684886,-3.000000
6.328000,0.282252,3.684886,-3.000000
6.329000,0.285320,3.684886,-3.000000
6.330000,0.288388,3.202570,-3.000000
6.331000,0.291456,3.132849,-3.000000
6.332000,0.294524,3.132849,-3.000000
6.333000,0.294524,3.132849,-3.000000
6.334000,0.297592,3.132849,-3.000000
6.335000,0.300660,2.747727,-3.000000
6.336000,0.300660,2.246202,-3.000000
6.337000,0.303728,2.443266,-3.000000
6.338000,0.303728,2.443266,-3.000000
6.339000,0.306796,2.443266,-3.000000
6.340000,0.306796,2.443266,-3.000000
6.341000,0.306796,2.443266,-3.000000
6.342000,0.309864,2.242457,-3.000000
6.343000,0.309864,1.896910,-3.000000
6.344000,0.309864,1.641731,-3.000000
6.345000,0.309864,1.447744,-3.000000
6.346000,0.309864,1.295349,-3.000000
6.347000,0.309864,1.171400,-3.000000
6.348000,0.309864,1.069395,-3.000000
6.349000,0.309864,0.983822,-3.000000
6.350000,0.309864,0.910564,-3.000000
6.351000,0.309864,0.848024,-3.000000
6.352000,0.309864,0.793232,-3.000000
6.353000,0.309864,0.745158,-3.000000
6.354000,0.309864,0.702355,-3.000000
6.355000,0.306796,1.486506,-3.000000
6.356000,0.306796,1.486506,-3.000000
6.357000,0.306796,1.486506,-3.000000
6.358000,0.303728,1.486506,-3.000000
6.359000,0.303728,1.486506,-3.000000
6.360000,0.300660,1.486506,-3.000000
6.361000,0.300660,1.486506,-3.000000
6.362000,0.297592,1.486506,-3.000000
6.363000,0.294524,-0.682954,-3.000000
6.364000,0.294524,-0.682954,-3.000000
6.365000,0.291456,-0.682954,-3.000000
6.366000,0.288388,-0.682954,-3.000000
6.367000,0.285320,-0.682954,-3.000000
6.368000,0.282252,-2.023805,-3.000000
6.369000,0.279185,-2.023805,-3.000000
6.370000,0.279185,-2.023805,-3.000000
6.371000,0.273049,-2.023805,-3.000000
6.372000,0.269981,-2.723832,-3.000000
6.373000,0.266913,-2.723832,-3.000000
6.374000,0.263845,-2.723832,-3.000000
6.375000,0.260777,-2.723832,-3.000000
6.376000,0.257709,-3.282132,-3.000000
6.377000,0.254641,-3.282132,-3.000000
6.378000,0.248505,-3.282132,-3.000000
6.379000,0.245437,-3.760333,-3.000000
6.380000,0.242369,-3.760333,-3.000000
6.381000,0.236233,-3.760333,-3.000000
6.382000,0.230097,-4.178717,-3.000000
6.383000,0.227029,-4.178717,-3.000000
6.384000,0.220893,-4.552552,-3.000000
6.385000,0.217825,-4.552552,-3.000000
6.386000,0.211689,-4.552552,-3.000000
6.387000,0.205553,-4.883480,-3.000000
6.388000,0.202485,-4.883480,-3.000000
6.389000,0.196350,-5.197702,-3.000000
6.390000,0.190214,-5.197702,-3.000000
6.391000,0.184078,-5.487179,-3.000000
6.392000,0.177942,-5.487179,-3.000000
6.393000,0.171806,-5.756926,-3.000000
6.394000,0.165670,-5.756926,-3.000000
6.395000,0.159534,-6.012664,-3.000000
6.396000,0.153398,-6.012664,-3.000000
6.397000,0.147262,-6.248041,-3.000000
6.398000,0.141126,-6.248041,-3.000000
6.399000,0.134990,-6.497146,-3.000000
6.400000,0.128854,-6.497146,3.000000
6.401000,0.122718,-6.688971,3.000000
6.402000,0.113515,-6.688971,3.000000
6.403000,0.107379,-6.348966,3.000000
6.404000,0.101243,-6.348966,3.000000
6.405000,0.095107,-6.541447,3.000000
6.406000,0.088971,-6.541447,3.000000
6.407000,0.082835,-6.484606,3.000000
6.408000,0.076699,-6.484606,3.000000
6.409000,0.076699,-6.484606,3.000000
6.410000,0.064427,-6.083202,3.000000
6.411000,0.061359,-5.851399,3.000000
6.412000,0.055223,-5.851399,3.000000
6.413000,0.049087,-5.530800,3.000000
6.414000,0.046019,-5.530800,3.000000
6.415000,0.039884,-5.530800,3.000000
6.416000,0.033748,-5.233352,3.000000
6.417000,0.030680,-5.233352,3.000000
6.418000,0.024544,-4.768801,3.000000
6.419000,0.021476,-4.768801,3.000000
6.420000,0.018408,-4.768801,3.000000
6.421000,0.012272,-4.446030,3.000000
6.422000,0.009204,-4.446030,3.000000
6.423000,0.006136,-4.446030,3.000000
6.424000,0.003068,-3.897818,3.000000
6.425000,-0.003068,-3.984473,3.000000
6.426000,-0.006136,-3.984473,3.000000
6.427000,-0.009204,-3.984473,3.000000
6.428000,-0.012272,-3.486017,3.000000
6.429000,-0.012272,-3.486017,3.000000
6.430000,-0.015340,-3.486017,3.000000
6.431000,-0.018408,-3.486017,3.000000
6.432000,-0.021476,-3.029203,3.000000
6.433000,-0.024544,-2.871792,3.000000
6.434000,-0.024544,-2.871792,3.000000
6.435000,-0.027612,-2.871792,3.000000
6.436000,-0.030680,-2.871792,3.000000
6.437000,-0.030680,-2.871792,3.000000
6.438000,-0.033748,-2.348136,3.000000
6.439000,-0.033748,-1.972424,3.000000
6.440000,-0.033748,-1.700785,3.000000
6.441000,-0.036816,-2.141782,3.000000
6.442000,-0.036816,-2.141782,3.000000
6.443000,-0.036816,-2.141782,3.000000
6.444000,-0.039884,-2.141782,3.000000
6.445000,-0.039884,-2.141782,3.000000
6.446000,-0.039884,-2.109289,3.000000
6.447000,-0.039884,-1.798479,3.000000
6.448000,-0.039884,-1.570118,3.000000
6.449000,-0.039884,-1.391184,3.000000
6.450000,-0.039884,-1.249345,3.000000
6.451000,-0.039884,-1.133782,3.000000
6.452000,-0.039884,-1.038175,3.000000
6.453000,-0.039884,-0.957455,3.000000
6.454000,-0.036816,0.887900,3.000000
6.455000,-0.036816,0.827862,3.000000
6.456000,-0.036816,0.775842,3.000000
6.457000,-0.033748,0.729700,3.000000
6.458000,-0.033748,0.688709,3.000000
6.459000,-0.030680,0.651949,3.000000
6.460000,-0.030680,0.619270,3.000000
6.461000,-0.027612,0.602875,3.000000
6.462000,-0.027612,0.602875,3.000000
6.463000,-0.024544,0.602875,3.000000
6.464000,-0.021476,0.602875,3.000000
6.465000,-0.021476,0.602875,3.000000
6.466000,-0.018408,0.602875,3.000000
6.467000,-0.015340,1.660586,3.000000
6.468000,-0.012272,1.660586,3.000000
6.469000,-0.009204,1.660586,3.000000
6.470000,-0.006136,1.660586,3.000000
6.471000,-0.003068,2.482769,3.000000
6.472000,0.000000,2.482769,3.000000
6.473000,0.003068,2.482769,3.000000
6.474000,0.006136,2.482769,3.000000
6.475000,0.009204,3.079327,3.000000
6.476000,0.012272,3.079327,3.000000
6.477000,0.018408,3.079327,3.000000
6.478000,0.021476,3.588405,3.000000
6.479000,0.024544,3.588405,3.000000
6.480000,0.030680,3.588405,3.000000
6.481000,0.033748,4.015383,3.000000
6.482000,0.039884,4.015383,3.000000
6.483000,0.042951,4.015383,3.000000
6.484000,0.049087,4.385565,3.000000
6.485000,0.052155,4.385565,3.000000
6.486000,0.058291,4.737453,3.000000
6.487000,0.064427,4.737453,3.000000
6.488000,0.067495,4.737453,3.000000
6.489000,0.073631,5.040031,3.000000
6.490000,0.079767,5.040031,3.000000
6.491000,0.085903,5.329149,3.000000
6.492000,0.092039,5.329149,3.000000
6.493000,0.095107,5.597512,3.000000
6.494000,0.101243,5.597512,3.000000
6.495000,0.107379,5.849617,3.000000
6.496000,0.113515,5.849617,3.000000
6.497000,0.119651,6.078975,3.000000
6.498000,0.125786,6.078975,3.000000
6.499000,0.134990,6.309342,3.000000
6.500000,0.141126,6.309342,3.000000
6.501000,0.147262,6.509112,-3.000000
6.502000,0.153398,6.509112,-3.000000
6.503000,0.159534,6.720003,-3.000000
6.504000,0.165670,6.720003,-3.000000
6.505000,0.171806,6.154301,-3.000000
6.506000,0.177942,6.154301,-3.000000
6.507000,0.184078,6.673360,-3.000000
6.508000,0.190214,6.274529,-3.000000
6.509000,0.196350,6.166671,-3.000000
6.510000,0.202485,6.166671,-3.000000
6.511000,0.208621,5.767410,-3.000000
6.512000,0.214757,5.767410,-3.000000
6.513000,0.217825,5.571956,-3.000000
6.514000,0.223961,5.571956,-3.000000
6.515000,0.230097,5.244815,-3.000000
6.516000,0.233165,5.244815,-3.000000
6.517000,0.239301,5.244815,-3.000000
6.518000,0.242369,4.888397,-3.000000
6.519000,0.248505,4.888397,-3.000000
6.520000,0.251573,4.888397,-3.000000
6.521000,0.254641,4.486212,-3.000000
6.522000,0.257709,4.486212,-3.000000
6.523000,0.263845,4.486212,-3.000000
6.524000,0.266913,4.018030,-3.000000
6.525000,0.269981,4.018030,-3.000000
6.526000,0.273049,4.018030,-3.000000
6.527000,0.276117,3.717349,-3.000000
6.528000,0.279185,3.522962,-3.000000
6.529000,0.282252,3.522962,-3.000000
6.530000,0.285320,3.522962,-3.000000
6.531000,0.288388,3.446449,-3.000000
6.532000,0.288388,2.689409,-3.000000
6.533000,0.291456,2.945076,-3.000000
6.534000,0.294524,2.945076,-3.000000
6.535000,0.294524,2.945076,-3.000000
6.536000,0.297592,2.945076,-3.000000
6.537000,0.297592,2.521454,-3.000000
6.538000,0.300660,2.092763,-3.000000
6.539000,0.300660,1.788718,-3.000000
6.540000,0.303728,2.206296,-3.000000
6.541000,0.303728,2.206296,-3.000000
6.542000,0.303728,2.206296,-3.000000
6.543000,0.306796,2.206296,-3.000000
6.544000,0.306796,2.206296,-3.000000
6.545000,0.306796,2.092302,-3.000000
6.546000,0.306796,1.788750,-3.000000
6.547000,0.306796,1.560942,-3.000000
6.548000,0.306796,1.384487,-3.000000
6.549000,0.306796,1.244054,-3.000000
6.550000,0.306796,1.129806,-3.000000
6.551000,0.306796,1.034470,-3.000000
6.552000,0.306796,0.954201,-3.000000
6.553000,0.306796,0.885267,-3.000000
6.554000,0.306796,0.825543,-3.000000
6.555000,0.303728,-0.773591,-3.000000
6.556000,0.303728,-0.727701,-3.000000
6.557000,0.303728,-0.687078,-3.000000
6.558000,0.300660,-0.650550,-3.000000
6.559000,0.300660,-0.617774,-3.000000
6.560000,0.297592,-0.588078,-3.000000
6.561000,0.294524,-0.560753,-3.000000
6.562000,0.294524,-0.560753,-3.000000
6.563000,0.291456,-0.560753,-3.000000
6.564000,0.291456,-0.560753,-3.000000
6.565000,0.288388,-0.560753,-3.000000
6.566000,0.285320,-0.560753,-3.000000
6.567000,0.282252,-1.755482,-3.000000
6.568000,0.279185,-1.755482,-3.000000
6.569000,0.276117,-1.755482,-3.000000
6.570000,0.273049,-1.755482,-3.000000
6.571000,0.269981,-2.541376,-3.000000
6.572000,0.266913,-2.541376,-3.000000
6.573000,0.263845,-2.541376,-3.000000
6.574000,0.260777,-2.541376,-3.000000
6.575000,0.257709,-3.136307,-3.000000
6.576000,0.254641,-3.136307,-3.000000
6.577000,0.248505,-3.136307,-3.000000
6.578000,0.245437,-3.637105,-3.000000
6.579000,0.242369,-3.637105,-3.000000
6.580000,0.236233,-3.637105,-3.000000
6.581000,0.233165,-4.066911,-3.000000
6.582000,0.227029,-4.066911,-3.000000
6.583000,0.223961,-4.066911,-3.000000
6.584000,0.217825,-4.454346,-3.000000
6.585000,0.214757,-4.454346,-3.000000
6.586000,0.208621,-4.796214,-3.000000
6.587000,0.202485,-4.796214,-3.000000
6.588000,0.199418,-4.796214,-3.000000
6.589000,0.193282,-5.114068,-3.000000
6.590000,0.187146,-5.114068,-3.000000
6.591000,0.181010,-5.413519,-3.000000
6.592000,0.174874,-5.413519,-3.000000
6.593000,0.168738,-5.680242,-3.000000
6.594000,0.162602,-5.680242,-3.000000
6.595000,0.156466,-5.945342,-3.000000
6.596000,0.150330,-5.945342,-3.000000
6.597000,0.144194,-6.177449,-3.000000
6.598000,0.138058,-6.177449,-3.000000
6.599000,0.131922,-6.430568,-3.000000
6.600000,0.125786,-6.430568,3.000000
6.601000,0.119651,-6.623684,3.000000
6.602000,0.119651,-6.623684,3.000000
6.603000,0.104311,-6.426406,3.000000
6.604000,0.098175,-6.710205,3.000000
6.605000,0.092039,-6.710205,3.000000
6.606000,0.085903,-6.433940,3.000000
6.607000,0.079767,-6.433940,3.000000
6.608000,0.073631,-6.089491,3.000000
6.609000,0.067495,-6.089491,3.000000
6.610000,0.064427,-5.788038,3.000000
6.611000,0.058291,-5.851321,3.000000
6.612000,0.052155,-5.851321,3.000000
6.613000,0.046019,-5.473785,3.000000
6.614000,0.042951,-5.473785,3.000000
6.615000,0.036816,-5.185318,3.000000
6.616000,0.033748,-5.185318,3.000000
6.617000,0.027612,-5.185318,3.000000
6.618000,0.024544,-4.863187,3.000000
6.619000,0.018408,-4.863187,3.000000
6.620000,0.015340,-4.783232,3.000000
6.621000,0.012272,-4.454930,3.000000
6.622000,0.006136,-4.454930,3.000000
6.623000,0.003068,-4.454930,3.000000
6.624000,0.000000,-3.982372,3.000000
6.625000,-0.003068,-3.982372,3.000000
6.626000,-0.006136,-3.982372,3.000000
6.627000,-0.009204,-3.582934,3.000000
6.628000,-0.012272,-3.479291,3.000000
6.629000,-0.015340,-3.479291,3.000000
6.630000,-0.018408,-3.479291,3.000000
6.631000,-0.021476,-3.405273,3.000000
6.632000,-0.021476,-2.666070,3.000000
6.633000,-0.024544,-2.890251,3.000000
6.634000,-0.027612,-2.890251,3.000000
6.635000,-0.027612,-2.890251,3.000000
6.636000,-0.030680,-2.890251,3.000000
6.637000,-0.030680,-2.570828,3.000000
6.638000,-0.033748,-2.125138,3.000000
6.639000,-0.033748,-1.811283,3.000000
6.640000,-0.036816,-2.136727,3.000000
6.641000,-0.036816,-2.136727,3.000000
6.642000,-0.036816,-2.136727,3.000000
6.643000,-0.036816,-2.136727,3.000000
6.644000,-0.039884,-2.136727,3.000000
6.645000,-0.039884,-2.136727,3.000000
6.646000,-0.039884,-1.925126,3.000000
6.647000,-0.039884,-1.664685,3.000000
6.648000,-0.039884,-1.465677,3.000000
6.649000,-0.039884,-1.308452,3.000000
6.650000,-0.039884,-1.182188,3.000000
6.651000,-0.039884,-1.078663,3.000000
6.652000,-0.039884,-0.991374,3.000000
6.653000,-0.036816,0.917436,3.000000
6.654000,-0.036816,0.853678,3.000000
6.655000,-0.036816,0.798250,3.000000
6.656000,-0.033748,0.749379,3.000000
6.657000,-0.033748,0.706147,3.000000
6.658000,-0.033748,0.667770,3.000000
6.659000,-0.030680,0.633198,3.000000
6.660000,-0.027612,0.603915,3.000000
6.661000,-0.027612,0.603915,3.000000
6.662000,-0.024544,0.603915,3.000000
6.663000,-0.024544,0.603915,3.000000
6.664000,-0.021476,0.603915,3.000000
6.665000,-0.018408,0.603915,3.000000
6.666000,-0.015340,1.663920,3.000000
6.667000,-0.012272,1.663920,3.000000
6.668000,-0.012272,1.663920,3.000000
6.669000,-0.009204,1.663920,3.000000
6.670000,-0.006136,1.663920,3.000000
6.671000,-0.003068,2.483781,3.000000
6.672000,0.000000,2.483781,3.000000
6.673000,0.006136,2.483781,3.000000
6.674000,0.009204,3.083013,3.000000
6.675000,0.012272,3.083013,3.000000
6.676000,0.015340,3.083013,3.000000
6.677000,0.021476,3.083013,3.000000
6.678000,0.024544,3.596102,3.000000
6.679000,0.027612,3.596102,3.000000
6.680000,0.033748,4.022878,3.000000
6.681000,0.036816,4.022878,3.000000
6.682000,0.042951,4.022878,3.000000
6.683000,0.046019,4.401930,3.000000
6.684000,0.052155,4.401930,3.000000
6.685000,0.055223,4.401930,3.000000
6.686000,0.061359,4.757708,3.000000
6.687000,0.067495,4.757708,3.000000
6.688000,0.070563,5.064036,3.000000
6.689000,0.076699,5.064036,3.000000
6.690000,0.082835,5.362267,3.000000
6.691000,0.088971,5.362267,3.000000
6.692000,0.095107,5.634277,3.000000
6.693000,0.101243,5.634277,3.000000
6.694000,0.107379,5.896225,3.000000
6.695000,0.113515,5.896225,3.000000
6.696000,0.119651,6.128220,3.000000
6.697000,0.125786,6.128220,3.000000
6.698000,0.131922,6.368277,3.000000
6.699000,0.138058,6.368277,3.000000
6.700000,0.144194,6.575475,3.000000
6.701000,0.153398,6.575475,-3.000000
6.702000,0.159534,6.791699,-3.000000
6.703000,0.165670,6.791699,-3.000000
6.704000,0.171806,6.348693,-3.000000
6.705000,0.177942,6.348693,-3.000000
6.706000,0.184078,6.732805,-3.000000
6.707000,0.193282,6.673512,-3.000000
6.708000,0.196350,6.673512,-3.000000
6.709000,0.202485,6.142450,-3.000000
6.710000,0.208621,6.228617,-3.000000
6.711000,0.214757,6.228617,-3.000000
6.712000,0.220893,5.909871,-3.000000
6.713000,0.227029,5.909871,-3.000000
6.714000,0.230097,5.510690,-3.000000
6.715000,0.236233,5.510690,-3.000000
6.716000,0.242369,5.329792,-3.000000
6.717000,0.245437,5.329792,-3.000000
6.718000,0.251573,5.329792,-3.000000
6.719000,0.254641,4.926007,-3.000000
6.720000,0.260777,4.926007,-3.000000
6.721000,0.263845,4.777413,-3.000000
6.722000,0.266913,4.550723,-3.000000
6.723000,0.273049,4.550723,-3.000000
6.724000,0.276117,4.481775,-3.000000
6.725000,0.279185,4.086680,-3.000000
6.726000,0.282252,4.086680,-3.000000
6.727000,0.285320,4.086680,-3.000000
6.728000,0.288388,3.440209,-3.000000
6.729000,0.291456,3.606185,-3.000000
6.730000,0.294524,3.606185,-3.000000
6.731000,0.297592,3.606185,-3.000000
6.732000,0.300660,3.149005,-3.000000
6.733000,0.303728,3.026971,-3.000000
6.734000,0.303728,3.026971,-3.000000
6.735000,0.306796,3.026971,-3.000000
6.736000,0.309864,3.026971,-3.000000
6.737000,0.309864,2.809346,-3.000000
6.738000,0.312932,2.285390,-3.000000
6.739000,0.312932,1.925096,-3.000000
6.740000,0.316000,2.330362,-3.000000
6.741000,0.316000,2.330362,-3.000000
6.742000,0.319068,2.330362,-3.000000
6.743000,0.319068,2.330362,-3.000000
6.744000,0.319068,2.330362,-3.000000
6.745000,0.319068,2.061422,-3.000000
6.746000,0.322136,1.766019,-3.000000
6.747000,0.322136,1.542521,-3.000000
6.748000,0.322136,1.371852,-3.000000
6.749000,0.322136,1.233450,-3.000000
6.750000,0.322136,1.120411,-3.000000
6.751000,0.322136,1.026848,-3.000000
6.752000,0.322136,0.947700,-3.000000
6.753000,0.322136,0.879892,-3.000000
6.754000,0.319068,1.263048,-3.000000
6.755000,0.319068,1.263048,-3.000000
6.756000,0.319068,1.263048,-3.000000
6.757000,0.319068,1.263048,-3.000000
6.758000,0.316000,1.263048,-3.000000
6.759000,0.316000,1.263048,-3.000000
6.760000,0.312932,1.263048,-3.000000
6.761000,0.312932,1.263048,-3.000000
6.762000,0.309864,1.263048,-3.000000
6.763000,0.309864,1.263048,-3.000000
6.764000,0.306796,-0.847394,-3.000000
6.765000,0.303728,-0.847394,-3.000000
6.766000,0.303728,-0.847394,-3.000000
6.767000,0.300660,-0.847394,-3.000000
6.768000,0.297592,-0.847394,-3.000000
6.769000,0.294524,-1.898830,-3.000000
6.770000,0.291456,-1.898830,-3.000000
6.771000,0.288388,-1.898830,-3.000000
6.772000,0.285320,-1.898830,-3.000000
6.773000,0.282252,-2.640416,-3.000000
6.774000,0.279185,-2.640416,-3.000000
6.775000,0.276117,-2.640416,-3.000000
6.776000,0.273049,-2.640416,-3.000000
6.777000,0.269981,-3.214933,-3.000000
6.778000,0.263845,-3.214933,-3.000000
6.779000,0.260777,-3.214933,-3.000000
6.780000,0.257709,-3.699589,-3.000000
6.781000,0.251573,-3.699589,-3.000000
6.782000,0.248505,-3.699589,-3.000000
6.783000,0.242369,-4.124470,-3.000000
6.784000,0.239301,-4.124470,-3.000000
6.785000,0.233165,-4.492713,-3.000000
6.786000,0.230097,-4.492713,-3.000000
6.787000,0.223961,-4.492713,-3.000000
6.788000,0.217825,-4.834026,-3.000000
6.789000,0.214757,-4.834026,-3.000000
6.790000,0.208621,-5.137082,-3.000000
6.791000,0.202485,-5.137082,-3.000000
6.792000,0.196350,-5.427652,-3.000000
6.793000,0.193282,-5.427652,-3.000000
6.794000,0.187146,-5.427652,-3.000000
6.795000,0.181010,-5.701758,-3.000000
6.796000,0.174874,-5.701758,-3.000000
6.797000,0.168738,-5.945702,-3.000000
6.798000,0.162602,-5.945702,-3.000000
6.799000,0.156466,-6.186402,-3.000000
6.800000,0.147262,-6.398251,-3.000000
6.801000,0.141126,-6.398251,3.000000
6.802000,0.134990,-6.629996,3.000000
6.803000,0.128854,-6.629996,3.000000
6.804000,0.122718,-6.348145,3.000000
6.805000,0.116583,-6.348145,3.000000
6.806000,0.110447,-6.404095,3.000000
6.807000,0.104311,-6.404095,3.000000
6.808000,0.098175,-6.235914,3.000000
6.809000,0.092039,-6.235914,3.000000
6.810000,0.085903,-5.932289,3.000000
6.811000,0.079767,-5.932289,3.000000
6.812000,0.073631,-5.558706,3.000000
6.813000,0.070563,-5.700287,3.000000
6.814000,0.064427,-5.700287,3.000000
6.815000,0.061359,-5.266353,3.000000
6.816000,0.055223,-5.266353,3.000000
6.817000,0.049087,-4.964562,3.000000
6.818000,0.046019,-4.964562,3.000000
6.819000,0.042951,-4.964562,3.000000
6.820000,0.036816,-4.551989,3.000000
6.821000,0.033748,-4.551989,3.000000
6.822000,0.030680,-4.551989,3.000000
6.823000,0.024544,-4.142298,3.000000
6.824000,0.021476,-4.142298,3.000000
6.825000,0.018408,-4.142298,3.000000
6.826000,0.015340,-3.995428,3.000000
6.827000,0.012272,-3.678090,3.000000
6.828000,0.009204,-3.678090,3.000000
6.829000,0.006136,-3.678090,3.000000
6.830000,0.003068,-3.553080,3.000000
6.831000,0.000000,-3.096084,3.000000
6.832000,0.000000,-3.096084,3.000000
6.833000,-0.003068,-3.096084,3.000000
6.834000,-0.006136,-3.096084,3.000000
6.835000,-0.006136,-3.037596,3.000000
6.836000,-0.009204,-2.434615,3.000000
6.837000,-0.009204,-2.031394,3.000000
6.838000,-0.012272,-2.403450,3.000000
6.839000,-0.012272,-2.403450,3.000000
6.840000,-0.015340,-2.403450,3.000000
6.841000,-0.015340,-2.403450,3.000000
6.842000,-0.015340,-2.403450,3.000000
6.843000,-0.018408,-2.086985,3.000000
6.844000,-0.018408,-1.784271,3.000000
6.845000,-0.018408,-1.557541,3.000000
6.846000,-0.018408,-1.382118,3.000000
6.847000,-0.018408,-1.242315,3.000000
6.848000,-0.018408,-1.128568,3.000000
6.849000,-0.018408,-1.033159,3.000000
6.850000,-0.018408,-0.952977,3.000000
6.851000,-0.018408,-0.884368,3.000000
6.852000,-0.018408,-0.824980,3.000000
6.853000,-0.018408,-0.772715,3.000000
6.854000,-0.015340,-1.403950,3.000000
6.855000,-0.015340,-1.403950,3.000000
6.856000,-0.015340,-1.403950,3.000000
6.857000,-0.012272,-1.403950,3.000000
6.858000,-0.012272,-1.403950,3.000000
6.859000,-0.012272,-1.403950,3.000000
6.860000,-0.009204,-1.403950,3.000000
6.861000,-0.006136,-1.403950,3.000000
6.862000,-0.006136,-1.403950,3.000000
6.863000,-0.003068,0.737818,3.000000
6.864000,-0.003068,0.737818,3.000000
6.865000,0.000000,0.737818,3.000000
6.866000,0.003068,0.737818,3.000000
6.867000,0.006136,0.737818,3.000000
6.868000,0.009204,1.970251,3.000000
6.869000,0.012272,1.970251,3.000000
6.870000,0.015340,1.970251,3.000000
6.871000,0.018408,1.970251,3.000000
6.872000,0.021476,2.692162,3.000000
6.873000,0.024544,2.692162,3.000000
6.874000,0.027612,2.692162,3.000000
6.875000,0.030680,2.692162,3.000000
6.876000,0.033748,3.255431,3.000000
6.877000,0.039884,3.255431,3.000000
6.878000,0.042951,3.255431,3.000000
6.879000,0.046019,3.733796,3.000000
6.880000,0.052155,3.733796,3.000000
6.881000,0.055223,3.733796,3.000000
6.882000,0.061359,4.155018,3.000000
6.883000,0.064427,4.155018,3.000000
6.884000,0.070563,4.520063,3.000000
6.885000,0.073631,4.520063,3.000000
6.886000,0.079767,4.520063,3.000000
6.887000,0.085903,4.861287,3.000000
6.888000,0.088971,4.861287,3.000000
6.889000,0.095107,5.166157,3.000000
6.890000,0.101243,5.166157,3.000000
6.891000,0.107379,5.459074,3.000000
6.892000,0.113515,5.459074,3.000000
6.893000,0.119651,5.719733,3.000000
6.894000,0.125786,5.719733,3.000000
6.895000,0.131922,5.984239,3.000000
6.896000,0.138058,5.984239,3.000000
6.897000,0.144194,6.216216,3.000000
6.898000,0.150330,6.216216,3.000000
6.899000,0.156466,6.457026,3.000000
6.900000,0.162602,6.457026,3.000000
6.901000,0.168738,6.648905,-3.000000
6.902000,0.177942,6.648905,-3.000000
6.903000,0.184078,6.869425,-3.000000
6.904000,0.190214,6.869425,-3.000000
6.905000,0.196350,6.262344,-3.000000
6.906000,0.202485,6.262344,-3.000000
6.907000,0.208621,6.652158,-3.000000
6.908000,0.214757,6.652158,-3.000000
6.909000,0.220893,6.356868,-3.000000
6.910000,0.227029,6.356868,-3.000000
6.911000,0.233165,5.971984,-3.000000
6.912000,0.239301,5.971984,-3.000000
6.913000,0.242369,5.733168,-3.000000
6.914000,0.248505,5.733168,-3.000000
6.915000,0.254641,5.394449,-3.000000
6.916000,0.257709,5.394449,-3.000000
6.917000,0.263845,5.394449,-3.000000
6.918000,0.266913,5.128167,-3.000000
6.919000,0.273049,5.128167,-3.000000
6.920000,0.276117,4.691147,-3.000000
6.921000,0.282252,4.641662,-3.000000
6.922000,0.285320,4.641662,-3.000000
6.923000,0.288388,4.237658,-3.000000
6.924000,0.294524,4.261921,-3.000000
6.925000,0.297592,4.261921,-3.000000
6.926000,0.300660,4.261921,-3.000000
6.927000,0.303728,3.824842,-3.000000
6.928000,0.306796,3.824842,-3.000000
6.929000,0.309864,3.824842,-3.000000
6.930000,0.312932,3.608585,-3.000000
6.931000,0.316000,3.261560,-3.000000
6.932000,0.316000,3.261560,-3.000000
6.933000,0.319068,3.261560,-3.000000
6.934000,0.322136,3.261560,-3.000000
6.935000,0.325204,2.885683,-3.000000
6.936000,0.325204,2.333322,-3.000000
6.937000,0.328272,2.620043,-3.000000
6.938000,0.328272,2.620043,-3.000000
6.939000,0.331340,2.620043,-3.000000
6.940000,0.331340,2.620043,-3.000000
6.941000,0.334408,2.549097,-3.000000
6.942000,0.334408,2.109154,-3.000000
6.943000,0.334408,1.800392,-3.000000
6.944000,0.337476,1.570492,-3.000000
6.945000,0.337476,1.391705,-3.000000
6.946000,0.337476,1.250912,-3.000000
6.947000,0.337476,1.134588,-3.000000
6.948000,0.337476,1.038365,-3.000000
6.949000,0.337476,0.957609,-3.000000
6.950000,0.337476,0.888139,-3.000000
6.951000,0.337476,0.828607,-3.000000
6.952000,0.337476,0.775890,-3.000000
6.953000,0.337476,0.730037,-3.000000
6.954000,0.337476,0.688785,-3.000000
6.955000,0.337476,0.652112,-3.000000
6.956000,0.334408,-0.619451,-3.000000
6.957000,0.334408,-0.589639,-3.000000
6.958000,0.334408,-0.562654,-3.000000
6.959000,0.331340,-1.775405,-3.000000
6.960000,0.331340,-1.775405,-3.000000
6.961000,0.328272,-1.775405,-3.000000
6.962000,0.328272,-1.775405,-3.000000
6.963000,0.325204,-1.775405,-3.000000
6.964000,0.325204,-1.775405,-3.000000
6.965000,0.322136,-1.775405,-3.000000
6.966000,0.319068,-0.548645,-3.000000
6.967000,0.316000,-0.548645,-3.000000
6.968000,0.316000,-0.548645,-3.000000
6.969000,0.312932,-0.548645,-3.000000
6.970000,0.309864,-0.548645,-3.000000
6.971000,0.306796,-2.210021,-3.000000
6.972000,0.303728,-2.210021,-3.000000
6.973000,0.300660,-2.210021,-3.000000
6.974000,0.297592,-2.210021,-3.000000
6.975000,0.294524,-2.871382,-3.000000
6.976000,0.288388,-2.871382,-3.000000
6.977000,0.285320,-2.871382,-3.000000
6.978000,0.282252,-3.411795,-3.000000
6.979000,0.279185,-3.411795,-3.000000
6.980000,0.273049,-3.411795,-3.000000
6.981000,0.269981,-3.865385,-3.000000
6.982000,0.266913,-3.865385,-3.000000
6.983000,0.260777,-3.865385,-3.000000
6.984000,0.254641,-4.264575,-3.000000
6.985000,0.251573,-4.264575,-3.000000
6.986000,0.245437,-4.628193,-3.000000
6.987000,0.242369,-4.628193,-3.000000
6.988000,0.236233,-4.628193,-3.000000
6.989000,0.230097,-4.942374,-3.000000
6.990000,0.227029,-4.942374,-3.000000
6.991000,0.220893,-5.257078,-3.000000
6.992000,0.214757,-5.257078,-3.000000
6.993000,0.208621,-5.521468,-3.000000
6.994000,0.202485,-5.521468,-3.000000
6.995000,0.196350,-5.796087,-3.000000
6.996000,0.190214,-5.796087,-3.000000
6.997000,0.184078,-6.037107,-3.000000
6.998000,0.177942,-6.037107,-3.000000
6.999000,0.171806,-6.269587,-3.000000
7.000000,0.165670,-6.269587,-3.000000
7.001000,0.159534,-6.481894,3.000000
7.002000,0.153398,-6.481894,3.000000
7.003000,0.147262,-6.681687,3.000000
7.004000,0.138058,-6.681687,3.000000
7.005000,0.131922,-6.115834,3.000000
7.006000,0.125786,-6.115834,3.000000
7.007000,0.119651,-6.331723,3.000000
7.008000,0.113515,-6.331723,3.000000
7.009000,0.110447,-6.057927,3.000000
7.010000,0.104311,-6.057927,3.000000
7.011000,0.098175,-5.786029,3.000000
7.012000,0.092039,-5.786029,3.000000
7.013000,0.088971,-5.407655,3.000000
7.014000,0.082835,-5.497044,3.000000
7.015000,0.076699,-5.497044,3.000000
7.016000,0.073631,-5.041239,3.000000
7.017000,0.067495,-5.041239,3.000000
7.018000,0.064427,-5.002140,3.000000
7.019000,0.058291,-4.767540,3.000000
7.020000,0.055223,-4.767540,3.000000
7.021000,0.052155,-4.497905,3.000000
7.022000,0.049087,-4.336044,3.000000
7.023000,0.042951,-4.336044,3.000000
7.024000,0.039884,-4.336044,3.000000
7.025000,0.036816,-3.864929,3.000000
7.026000,0.033748,-3.864929,3.000000
7.027000,0.030680,-3.864929,3.000000
7.028000,0.027612,-3.621869,3.000000
7.029000,0.024544,-3.346424,3.000000
7.030000,0.021476,-3.346424,3.000000
7.031000,0.021476,-3.346424,3.000000
7.032000,0.018408,-3.346424,3.000000
7.033000,0.015340,-2.797542,3.000000
7.034000,0.012272,-2.726791,3.000000
7.035000,0.012272,-2.726791,3.000000
7.036000,0.009204,-2.726791,3.000000
7.037000,0.009204,-2.726791,3.000000
7.038000,0.006136,-2.726791,3.000000
7.039000,0.006136,-2.352694,3.000000
7.040000,0.003068,-1.975056,3.000000
7.041000,0.003068,-1.701132,3.000000
7.042000,0.003068,-1.493218,3.000000
7.043000,0.000000,-1.934482,3.000000
7.044000,0.000000,-1.934482,3.000000
7.045000,0.000000,-1.934482,3.000000
7.046000,0.000000,-1.934482,3.000000
7.047000,0.000000,-1.934482,3.000000
7.048000,0.000000,-1.934482,3.000000
7.049000,0.000000,-1.934482,3.000000
7.050000,0.000000,-1.737542,3.000000
7.051000,0.000000,-1.524448,3.000000
7.052000,0.000000,-1.354400,3.000000
7.053000,0.000000,-1.219539,3.000000
7.054000,0.003068,1.109261,3.000000
7.055000,0.003068,1.017479,3.000000
7.056000,0.003068,0.939535,3.000000
7.057000,0.006136,0.872951,3.000000
7.058000,0.006136,0.814988,3.000000
7.059000,0.009204,0.783482,3.000000
7.060000,0.009204,0.783482,3.000000
7.061000,0.012272,0.783482,3.000000
7.062000,0.012272,0.783482,3.000000
7.063000,0.015340,0.783482,3.000000
7.064000,0.018408,0.783482,3.000000
7.065000,0.021476,1.370152,3.000000
7.066000,0.021476,1.370152,3.000000
7.067000,0.024544,1.370152,3.000000
7.068000,0.027612,1.370152,3.000000
7.069000,0.030680,1.370152,3.000000
7.070000,0.033748,2.318882,3.000000
7.071000,0.036816,2.318882,3.000000
7.072000,0.039884,2.318882,3.000000
7.073000,0.042951,2.318882,3.000000
7.074000,0.046019,2.949540,3.000000
7.075000,0.049087,2.949540,3.000000
7.076000,0.055223,2.949540,3.000000
7.077000,0.058291,3.473874,3.000000
7.078000,0.061359,3.473874,3.000000
7.079000,0.067495,3.473874,3.000000
7.080000,0.070563,3.916425,3.000000
7.081000,0.076699,3.916425,3.000000
7.082000,0.079767,3.916425,3.000000
7.083000,0.085903,4.316197,3.000000
7.084000,0.088971,4.316197,3.000000
7.085000,0.095107,4.664870,3.000000
7.086000,0.098175,4.664870,3.000000
7.087000,0.104311,4.664870,3.000000
7.088000,0.110447,4.985403,3.000000
7.089000,0.116583,4.985403,3.000000
7.090000,0.119651,5.281463,3.000000
7.091000,0.125786,5.281463,3.000000
7.092000,0.131922,5.557237,3.000000
7.093000,0.138058,5.557237,3.000000
7.094000,0.144194,5.822211,3.000000
7.095000,0.150330,5.822211,3.000000
7.096000,0.156466,6.072165,3.000000
7.097000,0.162602,6.072165,3.000000
7.098000,0.168738,6.287836,3.000000
7.099000,0.174874,6.287836,3.000000
7.100000,0.184078,6.527867,-3.000000
7.101000,0.190214,6.527867,-3.000000
7.102000,0.196350,6.716785,-3.000000
7.103000,0.202485,6.716785,-3.000000
7.104000,0.208621,6.137244,-3.000000
7.105000,0.214757,6.137244,-3.000000
7.106000,0.220893,6.518669,-3.000000
7.107000,0.227029,6.518669,-3.000000
7.108000,0.233165,6.176888,-3.000000
7.109000,0.239301,6.176888,-3.000000
7.110000,0.245437,5.825704,-3.000000
7.111000,0.248505,5.825704,-3.000000
7.112000,0.254641,5.597796,-3.000000
7.113000,0.260777,5.597796,-3.000000
7.114000,0.263845,5.378097,-3.000000
7.115000,0.269981,5.278150,-3.000000
7.116000,0.273049,5.278150,-3.000000
7.117000,0.279185,4.849840,-3.000000
7.118000,0.282252,4.849840,-3.000000
7.119000,0.288388,4.849840,-3.000000
7.120000,0.291456,4.523349,-3.000000
7.121000,0.294524,4.523349,-3.000000
7.122000,0.297592,4.523349,-3.000000
7.123000,0.303728,4.036294,-3.000000
7.124000,0.306796,4.036294,-3.000000
7.125000,0.309864,4.036294,-3.000000
7.126000,0.312932,3.835202,-3.000000
7.127000,0.316000,3.550939,-3.000000
7.128000,0.319068,3.550939,-3.000000
7.129000,0.322136,3.550939,-3.000000
7.130000,0.325204,3.550939,-3.000000
7.131000,0.325204,2.762357,-3.000000
7.132000,0.328272,2.972361,-3.000000
7.133000,0.331340,2.972361,-3.000000
7.134000,0.331340,2.972361,-3.000000
7.135000,0.334408,2.972361,-3.000000
7.136000,0.334408,2.554247,-3.000000
7.137000,0.337476,2.115172,-3.000000
7.138000,0.340544,2.245455,-3.000000
7.139000,0.340544,2.245455,-3.000000
7.140000,0.340544,2.245455,-3.000000
7.141000,0.343612,2.245455,-3.000000
7.142000,0.343612,2.245455,-3.000000
7.143000,0.343612,2.245455,-3.000000
7.144000,0.343612,2.030656,-3.000000
7.145000,0.343612,1.743652,-3.000000
7.146000,0.343612,1.527864,-3.000000
7.147000,0.343612,1.357399,-3.000000
7.148000,0.343612,1.221863,-3.000000
7.149000,0.343612,1.111269,-3.000000
7.150000,0.343612,1.019509,-3.000000
7.151000,0.343612,0.941653,-3.000000
7.152000,0.343612,0.874048,-3.000000
7.153000,0.343612,0.815746,-3.000000
7.154000,0.343612,0.764930,-3.000000
7.155000,0.340544,-0.720236,-3.000000
7.156000,0.340544,-0.680363,-3.000000
7.157000,0.337476,-0.644521,-3.000000
7.158000,0.337476,-0.612386,-3.000000
7.159000,0.334408,-0.583171,-3.000000
7.160000,0.334408,-0.556686,-3.000000
7.161000,0.331340,-0.541432,-3.000000
7.162000,0.331340,-0.541432,-3.000000
7.163000,0.328272,-0.541432,-3.000000
7.164000,0.325204,-0.541432,-3.000000
7.165000,0.322136,-0.541432,-3.000000
7.166000,0.322136,-0.541432,-3.000000
7.167000,0.319068,-1.803891,-3.000000
7.168000,0.316000,-1.803891,-3.000000
7.169000,0.312932,-1.803891,-3.000000
7.170000,0.309864,-1.803891,-3.000000
7.171000,0.306796,-2.572639,-3.000000
7.172000,0.303728,-2.572639,-3.000000
7.173000,0.300660,-2.572639,-3.000000
7.174000,0.297592,-2.572639,-3.000000
7.175000,0.291456,-3.154908,-3.000000
7.176000,0.288388,-3.154908,-3.000000
7.177000,0.285320,-3.154908,-3.000000
7.178000,0.279185,-3.652698,-3.000000
7.179000,0.276117,-3.652698,-3.000000
7.180000,0.273049,-3.652698,-3.000000
7.181000,0.266913,-4.080471,-3.000000
7.182000,0.263845,-4.080471,-3.000000
7.183000,0.257709,-4.451787,-3.000000
7.184000,0.254641,-4.451787,-3.000000
7.185000,0.248505,-4.451787,-3.000000
7.186000,0.242369,-4.797803,-3.000000
7.187000,0.236233,-4.797803,-3.000000
7.188000,0.233165,-5.100665,-3.000000
7.189000,0.227029,-5.100665,-3.000000
7.190000,0.220893,-5.403058,-3.000000
7.191000,0.214757,-5.403058,-3.000000
7.192000,0.208621,-5.658778,-3.000000
7.193000,0.202485,-5.658778,-3.000000
7.194000,0.196350,-5.924970,-3.000000
7.195000,0.190214,-5.924970,-3.000000
7.196000,0.184078,-6.158891,-3.000000
7.197000,0.177942,-6.158891,-3.000000
7.198000,0.171806,-6.383921,-3.000000
7.199000,0.165670,-6.383921,-3.000000
7.200000,0.159534,-6.589648,-3.000000
7.201000,0.150330,-6.589648,3.000000
7.202000,0.144194,-6.781899,3.000000
7.203000,0.138058,-6.781899,3.000000
7.204000,0.131922,-6.339082,3.000000
7.205000,0.125786,-6.339082,3.000000
7.206000,0.119651,-6.746222,3.000000
7.207000,0.113515,-6.710358,3.000000
7.208000,0.107379,-6.668425,3.000000
7.209000,0.101243,-6.465531,3.000000
7.210000,0.095107,-6.134049,3.000000
7.211000,0.088971,-6.134049,3.000000
7.212000,0.082835,-5.899887,3.000000
7.213000,0.076699,-5.899887,3.000000
7.214000,0.073631,-5.489940,3.000000
7.215000,0.067495,-5.489940,3.000000
7.216000,0.061359,-5.293106,3.000000
7.217000,0.058291,-5.293106,3.000000
7.218000,0.052155,-5.293106,3.000000
7.219000,0.049087,-4.855997,3.000000
7.220000,0.046019,-4.855997,3.000000
7.221000,0.039884,-4.855997,3.000000
7.222000,0.036816,-4.504601,3.000000
7.223000,0.033748,-4.504601,3.000000
7.224000,0.027612,-4.504601,3.000000
7.225000,0.024544,-4.012976,3.000000
7.226000,0.021476,-4.012976,3.000000
7.227000,0.018408,-4.012976,3.000000
7.228000,0.015340,-3.741559,3.000000
7.229000,0.012272,-3.516624,3.000000
7.230000,0.009204,-3.516624,3.000000
7.231000,0.006136,-3.516624,3.000000
7.232000,0.003068,-3.504893,3.000000
7.233000,0.003068,-2.727978,3.000000
7.234000,0.000000,-2.929405,3.000000
7.235000,-0.003068,-2.929405,3.000000
7.236000,-0.003068,-2.929405,3.000000
7.237000,-0.006136,-2.929405,3.000000
7.238000,-0.006136,-2.569878,3.000000
7.239000,-0.009204,-2.125603,3.000000
7.240000,-0.009204,-1.812104,3.000000
7.241000,-0.012272,-2.197981,3.000000
7.242000,-0.012272,-2.197981,3.000000
7.243000,-0.012272,-2.197981,3.000000
7.244000,-0.015340,-2.197981,3.000000
7.245000,-0.015340,-2.197981,3.000000
7.246000,-0.015340,-2.156955,3.000000
7.247000,-0.015340,-1.834993,3.000000
7.248000,-0.015340,-1.596041,3.000000
7.249000,-0.015340,-1.412819,3.000000
7.250000,-0.015340,-1.266283,3.000000
7.251000,-0.015340,-1.148612,3.000000
7.252000,-0.015340,-1.050561,3.000000
7.253000,-0.015340,-0.967600,3.000000
7.254000,-0.015340,-0.896756,3.000000
7.255000,-0.015340,-0.835596,3.000000
7.256000,-0.012272,0.782429,3.000000
7.257000,-0.012272,0.735433,3.000000
7.258000,-0.009204,0.693756,3.000000
7.259000,-0.009204,0.656601,3.000000
7.260000,-0.009204,0.623393,3.000000
7.261000,-0.006136,0.593098,3.000000
7.262000,-0.003068,0.570676,3.000000
7.263000,-0.003068,0.570676,3.000000
7.264000,0.000000,0.570676,3.000000
7.265000,0.003068,0.570676,3.000000
7.266000,0.003068,0.570676,3.000000
7.267000,0.006136,0.570676,3.000000
7.268000,0.009204,1.729258,3.000000
7.269000,0.012272,1.729258,3.000000
7.270000,0.015340,1.729258,3.000000
7.271000,0.018408,1.729258,3.000000
7.272000,0.021476,2.533622,3.000000
7.273000,0.024544,2.533622,3.000000
7.274000,0.027612,2.533622,3.000000
7.275000,0.030680,2.533622,3.000000
7.276000,0.033748,3.131871,3.000000
7.277000,0.036816,3.131871,3.000000
7.278000,0.042951,3.131871,3.000000
7.279000,0.046019,3.628025,3.000000
7.280000,0.049087,3.628025,3.000000
7.281000,0.055223,3.628025,3.000000
7.282000,0.058291,4.065750,3.000000
7.283000,0.064427,4.065750,3.000000
7.284000,0.067495,4.065750,3.000000
7.285000,0.073631,4.437723,3.000000
7.286000,0.076699,4.437723,3.000000
7.287000,0.082835,4.789610,3.000000
7.288000,0.088971,4.789610,3.000000
7.289000,0.095107,5.105145,3.000000
7.290000,0.098175,5.105145,3.000000
7.291000,0.104311,5.105145,3.000000
7.292000,0.110447,5.399789,3.000000
7.293000,0.116583,5.399789,3.000000
7.294000,0.122718,5.670508,3.000000
7.295000,0.128854,5.670508,3.000000
7.296000,0.134990,5.935198,3.000000
7.297000,0.141126,5.935198,3.000000
7.298000,0.147262,6.174730,3.000000
7.299000,0.153398,6.174730,3.000000
7.300000,0.159534,6.416325,3.000000
7.301000,0.168738,6.610502,-3.000000
7.302000,0.174874,6.610502,-3.000000
7.303000,0.181010,6.660231,-3.000000
7.304000,0.187146,6.660231,-3.000000
7.305000,0.193282,6.541447,-3.000000
7.306000,0.199418,6.541447,-3.000000
7.307000,0.205553,6.353851,-3.000000
7.308000,0.211689,6.353851,-3.000000
7.309000,0.217825,6.104004,-3.000000
7.310000,0.223961,6.104004,-3.000000
7.311000,0.230097,5.866862,-3.000000
7.312000,0.233165,5.866862,-3.000000
7.313000,0.239301,5.866862,-3.000000
7.314000,0.245437,5.507564,-3.000000
7.315000,0.248505,5.507564,-3.000000
7.316000,0.254641,5.152570,-3.000000
7.317000,0.260777,5.152570,-3.000000
7.318000,0.263845,5.152570,-3.000000
7.319000,0.266913,4.898533,-3.000000
7.320000,0.273049,4.898533,-3.000000
7.321000,0.276117,4.557436,-3.000000
7.322000,0.282252,4.450868,-3.000000
7.323000,0.285320,4.450868,-3.000000
7.324000,0.288388,4.368047,-3.000000
7.325000,0.291456,4.010717,-3.000000
7.326000,0.294524,4.010717,-3.000000
7.327000,0.297592,4.010717,-3.000000
7.328000,0.300660,3.438816,-3.000000
7.329000,0.303728,3.511035,-3.000000
7.330000,0.306796,3.511035,-3.000000
7.331000,0.309864,3.511035,-3.000000
7.332000,0.312932,3.230449,-3.000000
7.333000,0.316000,2.914130,-3.000000
7.334000,0.316000,2.914130,-3.000000
7.335000,0.319068,2.914130,-3.000000
7.336000,0.319068,2.914130,-3.000000
7.337000,0.322136,2.914130,-3.000000
7.338000,0.325204,2.433529,-3.000000
7.339000,0.325204,2.031711,-3.000000
7.340000,0.325204,1.742545,-3.000000
7.341000,0.328272,2.191108,-3.000000
7.342000,0.328272,2.191108,-3.000000
7.343000,0.328272,2.191108,-3.000000
7.344000,0.331340,2.191108,-3.000000
7.345000,0.331340,2.191108,-3.000000
7.346000,0.331340,2.077211,-3.000000
7.347000,0.331340,1.777773,-3.000000
7.348000,0.331340,1.551181,-3.000000
7.349000,0.331340,1.378074,-3.000000
7.350000,0.331340,1.239022,-3.000000
7.351000,0.331340,1.125371,-3.000000
7.352000,0.331340,1.030448,-3.000000
7.353000,0.331340,0.950601,-3.000000
7.354000,0.331340,0.882444,-3.000000
7.355000,0.328272,-0.823090,-3.000000
7.356000,0.328272,-0.771419,-3.000000
7.357000,0.328272,-0.725797,-3.000000
7.358000,0.325204,-0.685264,-3.000000
7.359000,0.325204,-0.649077,-3.000000
7.360000,0.322136,-0.616546,-3.000000
7.361000,0.322136,-0.586862,-3.000000
7.362000,0.319068,-0.573802,-3.000000
7.363000,0.319068,-0.573802,-3.000000
7.364000,0.316000,-0.573802,-3.000000
7.365000,0.312932,-0.573802,-3.000000
7.366000,0.309864,-0.573802,-3.000000
7.367000,0.309864,-0.573802,-3.000000
7.368000,0.306796,-1.720992,-3.000000
7.369000,0.303728,-1.720992,-3.000000
7.370000,0.300660,-1.720992,-3.000000
7.371000,0.297592,-1.720992,-3.000000
7.372000,0.294524,-2.520123,-3.000000
7.373000,0.291456,-2.520123,-3.000000
7.374000,0.288388,-2.520123,-3.000000
7.375000,0.285320,-2.520123,-3.000000
7.376000,0.279185,-3.115044,-3.000000
7.377000,0.276117,-3.115044,-3.000000
7.378000,0.273049,-3.115044,-3.000000
7.379000,0.269981,-3.616620,-3.000000
7.380000,0.263845,-3.616620,-3.000000
7.381000,0.260777,-3.616620,-3.000000
7.382000,0.254641,-4.048222,-3.000000
7.383000,0.251573,-4.048222,-3.000000
7.384000,0.245437,-4.426341,-3.000000
7.385000,0.242369,-4.426341,-3.000000
7.386000,0.236233,-4.426341,-3.000000
7.387000,0.230097,-4.771170,-3.000000
7.388000,0.227029,-4.771170,-3.000000
7.389000,0.220893,-5.090674,-3.000000
7.390000,0.214757,-5.090674,-3.000000
7.391000,0.208621,-5.377377,-3.000000
7.392000,0.205553,-5.377377,-3.000000
7.393000,0.199418,-5.377377,-3.000000
7.394000,0.193282,-5.657691,-3.000000
7.395000,0.187146,-5.657691,-3.000000
7.396000,0.181010,-5.916638,-3.000000
7.397000,0.174874,-5.916638,-3.000000
7.398000,0.168738,-6.154729,-3.000000
7.399000,0.159534,-6.387290,-3.000000
7.400000,0.153398,-6.387290,-3.000000
7.401000,0.147262,-6.589795,3.000000
7.402000,0.141126,-6.589795,3.000000
7.403000,0.134990,-6.815221,3.000000
7.404000,0.128854,-6.815221,3.000000
7.405000,0.122718,-6.298952,3.000000
7.406000,0.113515,-6.298952,3.000000
7.407000,0.104311,-6.378805,3.000000
7.408000,0.101243,-6.378805,3.000000
7.409000,0.095107,-6.152501,3.000000
7.410000,0.088971,-6.152501,3.000000
7.411000,0.082835,-5.912481,3.000000
7.412000,0.076699,-5.912481,3.000000
7.413000,0.070563,-5.626097,3.000000
7.414000,0.067495,-5.626097,3.000000
7.415000,0.061359,-5.626097,3.000000
7.416000,0.055223,-5.221322,3.000000
7.417000,0.052155,-5.221322,3.000000
7.418000,0.046019,-4.897474,3.000000
7.419000,0.042951,-4.897474,3.000000
7.420000,0.039884,-4.897474,3.000000
7.421000,0.033748,-4.505474,3.000000
7.422000,0.030680,-4.505474,3.000000
7.423000,0.027612,-4.505474,3.000000
7.424000,0.021476,-3.879046,3.000000
7.425000,0.018408,-4.067847,3.000000
7.426000,0.015340,-4.067847,3.000000
7.427000,0.012272,-4.067847,3.000000
7.428000,0.009204,-3.613042,3.000000
7.429000,0.006136,-3.613042,3.000000
7.430000,0.003068,-3.613042,3.000000
7.431000,0.000000,-3.613042,3.000000
7.432000,0.000000,-2.861135,3.000000
7.433000,-0.003068,-3.014496,3.000000
7.434000,-0.006136,-3.014496,3.000000
7.435000,-0.006136,-3.014496,3.000000
7.436000,-0.009204,-3.014496,3.000000
7.437000,-0.012272,-2.596842,3.000000
7.438000,-0.012272,-2.142707,3.000000
7.439000,-0.015340,-2.302536,3.000000
7.440000,-0.015340,-2.302536,3.000000
7.441000,-0.015340,-2.302536,3.000000
7.442000,-0.018408,-2.302536,3.000000
7.443000,-0.018408,-2.302536,3.000000
7.444000,-0.018408,-2.302536,3.000000
7.445000,-0.018408,-1.977173,3.000000
7.446000,-0.021476,-1.703349,3.000000
7.447000,-0.021476,-1.494928,3.000000
7.448000,-0.021476,-1.333963,3.000000
7.449000,-0.021476,-1.202619,3.000000
7.450000,-0.021476,-1.094855,3.000000
7.451000,-0.021476,-1.005240,3.000000
7.452000,-0.021476,-0.929205,3.000000
7.453000,-0.018408,-1.198600,3.000000
7.454000,-0.018408,-1.198600,3.000000
7.455000,-0.018408,-1.198600,3.000000
7.456000,-0.018408,-1.198600,3.000000
7.457000,-0.015340,-1.198600,3.000000
7.458000,-0.015340,-1.198600,3.000000
7.459000,-0.012272,-1.198600,3.000000
7.460000,-0.012272,-1.198600,3.000000
7.461000,-0.009204,-1.198600,3.000000
7.462000,-0.009204,-1.198600,3.000000
7.463000,-0.006136,0.909710,3.000000
7.464000,-0.006136,0.909710,3.000000
7.465000,-0.003068,0.909710,3.000000
7.466000,0.000000,0.909710,3.000000
7.467000,0.003068,0.909710,3.000000
7.468000,0.006136,1.867857,3.000000
7.469000,0.006136,1.867857,3.000000
7.470000,0.009204,1.867857,3.000000
7.471000,0.012272,1.867857,3.000000
7.472000,0.015340,1.867857,3.000000
7.473000,0.018408,2.620618,3.000000
7.474000,0.021476,2.620618,3.000000
7.475000,0.027612,2.620618,3.000000
7.476000,0.030680,3.193576,3.000000
7.477000,0.033748,3.193576,3.000000
7.478000,0.036816,3.193576,3.000000
7.479000,0.042951,3.674465,3.000000
7.480000,0.046019,3.674465,3.000000
7.481000,0.049087,3.674465,3.000000
7.482000,0.055223,4.102124,3.000000
7.483000,0.058291,4.102124,3.000000
7.484000,0.064427,4.102124,3.000000
7.485000,0.067495,4.462219,3.000000
7.486000,0.073631,4.462219,3.000000
7.487000,0.079767,4.798871,3.000000
7.488000,0.082835,4.798871,3.000000
7.489000,0.088971,4.798871,3.000000
7.490000,0.095107,5.105853,3.000000
7.491000,0.101243,5.105853,3.000000
7.492000,0.104311,5.385243,3.000000
7.493000,0.110447,5.385243,3.000000
7.494000,0.116583,5.648143,3.000000
7.495000,0.122718,5.648143,3.000000
7.496000,0.128854,5.898902,3.000000
7.497000,0.134990,5.898902,3.000000
7.498000,0.141126,6.131069,3.000000
7.499000,0.147262,6.131069,3.000000
7.500000,0.156466,6.359476,3.000000
7.501000,0.162602,6.359476,-3.000000
7.502000,0.168738,6.542998,-3.000000
7.503000,0.174874,6.542998,-3.000000
7.504000,0.181010,6.170978,-3.000000
7.505000,0.187146,6.170978,-3.000000
7.506000,0.193282,6.380970,-3.000000
7.507000,0.199418,6.380970,-3.000000
7.508000,0.205553,6.335537,-3.000000
7.509000,0.211689,6.335537,-3.000000
7.510000,0.217825,5.898351,-3.000000
7.511000,0.220893,5.898351,-3.000000
7.512000,0.227029,5.647241,-3.000000
7.513000,0.233165,5.647241,-3.000000
7.514000,0.236233,5.213712,-3.000000
7.515000,0.242369,5.328442,-3.000000
7.516000,0.248505,5.328442,-3.000000
7.517000,0.251573,4.864204,-3.000000
7.518000,0.254641,4.864204,-3.000000
7.519000,0.260777,4.864204,-3.000000
7.520000,0.263845,4.555157,-3.000000
7.521000,0.266913,4.555157,-3.000000
7.522000,0.273049,4.555157,-3.000000
7.523000,0.276117,4.098775,-3.000000
7.524000,0.279185,4.098775,-3.000000
7.525000,0.282252,4.098775,-3.000000
7.526000,0.285320,3.679055,-3.000000
7.527000,0.288388,3.599808,-3.000000
7.528000,0.291456,3.599808,-3.000000
7.529000,0.294524,3.599808,-3.000000
7.530000,0.297592,3.354822,-3.000000
7.531000,0.300660,3.027978,-3.000000
7.532000,0.300660,3.027978,-3.000000
7.533000,0.303728,3.027978,-3.000000
7.534000,0.306796,3.027978,-3.000000
7.535000,0.306796,2.978232,-3.000000
7.536000,0.309864,2.398296,-3.000000
7.537000,0.309864,2.005363,-3.000000
7.538000,0.312932,2.318079,-3.000000
7.539000,0.312932,2.318079,-3.000000
7.540000,0.312932,2.318079,-3.000000
7.541000,0.316000,2.318079,-3.000000
7.542000,0.316000,2.318079,-3.000000
7.543000,0.316000,2.179934,-3.000000
7.544000,0.319068,1.850333,-3.000000
7.545000,0.319068,1.607493,-3.000000
7.546000,0.319068,1.422014,-3.000000
7.547000,0.319068,1.273367,-3.000000
7.548000,0.319068,1.153889,-3.000000
7.549000,0.319068,1.055215,-3.000000
7.550000,0.319068,0.971424,-3.000000
7.551000,0.319068,0.900292,-3.000000
7.552000,0.316000,1.206391,-3.000000
7.553000,0.316000,1.206391,-3.000000
7.554000,0.316000,1.206391,-3.000000
7.555000,0.316000,1.206391,-3.000000
7.556000,0.312932,1.206391,-3.000000
7.557000,0.312932,1.206391,-3.000000
7.558000,0.309864,1.206391,-3.000000
7.559000,0.309864,1.206391,-3.000000
7.560000,0.306796,1.206391,-3.000000
7.561000,0.306796,1.206391,-3.000000
7.562000,0.303728,-0.893112,-3.000000
7.563000,0.300660,-0.893112,-3.000000
7.564000,0.300660,-0.893112,-3.000000
7.565000,0.297592,-0.893112,-3.000000
7.566000,0.294524,-0.893112,-3.000000
7.567000,0.291456,-1.878811,-3.000000
7.568000,0.288388,-1.878811,-3.000000
7.569000,0.285320,-1.878811,-3.000000
7.570000,0.282252,-1.878811,-3.000000
7.571000,0.279185,-2.626039,-3.000000
7.572000,0.276117,-2.626039,-3.000000
7.573000,0.273049,-2.626039,-3.000000
7.574000,0.269981,-2.626039,-3.000000
7.575000,0.266913,-3.201978,-3.000000
7.576000,0.263845,-3.201978,-3.000000
7.577000,0.257709,-3.201978,-3.000000
7.578000,0.254641,-3.691243,-3.000000
7.579000,0.251573,-3.691243,-3.000000
7.580000,0.245437,-3.691243,-3.000000
7.581000,0.242369,-4.115978,-3.000000
7.582000,0.236233,-4.115978,-3.000000
7.583000,0.233165,-4.115978,-3.000000
7.584000,0.227029,-4.491549,-3.000000
7.585000,0.220893,-4.491549,-3.000000
7.586000,0.217825,-4.847951,-3.000000
7.587000,0.211689,-4.847951,-3.000000
7.588000,0.205553,-5.142015,-3.000000
7.589000,0.199418,-5.142015,-3.000000
7.590000,0.196350,-5.142015,-3.000000
7.591000,0.190214,-5.447597,-3.000000
7.592000,0.184078,-5.447597,-3.000000
7.593000,0.177942,-5.716625,-3.000000
7.594000,0.171806,-5.716625,-3.000000
7.595000,0.165670,-5.974649,-3.000000
7.596000,0.159534,-5.974649,-3.000000
7.597000,0.153398,-6.212108,-3.000000
7.598000,0.144194,-6.437831,-3.000000
7.599000,0.138058,-6.437831,-3.000000
7.600000,0.131922,-6.671899,3.000000
7.601000,0.125786,-6.671899,3.000000
7.602000,0.119651,-6.854185,3.000000
7.603000,0.110447,-6.854185,3.000000
7.604000,0.104311,-6.287836,3.000000
7.605000,0.098175,-6.287836,3.000000
7.606000,0.092039,-6.527578,3.000000
7.607000,0.085903,-6.527578,3.000000
7.608000,0.079767,-6.302592,3.000000
7.609000,0.073631,-6.302592,3.000000
7.610000,0.070563,-5.971984,3.000000
7.611000,0.064427,-5.971984,3.000000
7.612000,0.058291,-5.747264,3.000000
7.613000,0.052155,-5.747264,3.000000
7.614000,0.049087,-5.430087,3.000000
7.615000,0.042951,-5.407092,3.000000
7.616000,0.036816,-5.407092,3.000000
7.617000,0.033748,-4.997245,3.000000
7.618000,0.027612,-4.997245,3.000000
7.619000,0.024544,-4.997245,3.000000
7.620000,0.021476,-4.671158,3.000000
7.621000,0.015340,-4.671158,3.000000
7.622000,0.012272,-4.671158,3.000000
7.623000,0.009204,-4.214092,3.000000
7.624000,0.006136,-4.214092,3.000000
7.625000,0.000000,-4.214092,3.000000
7.626000,-0.006136,-3.761389,3.000000
7.627000,-0.009204,-3.761389,3.000000
7.628000,-0.012272,-3.761389,3.000000
7.629000,-0.015340,-3.761389,3.000000
7.630000,-0.015340,-3.034362,3.000000
7.631000,-0.018408,-3.209713,3.000000
7.632000,-0.021476,-3.209713,3.000000
7.633000,-0.024544,-3.209713,3.000000
7.634000,-0.024544,-3.209713,3.000000
7.635000,-0.027612,-2.559686,3.000000
7.636000,-0.030680,-2.544135,3.000000
7.637000,-0.030680,-2.544135,3.000000
7.638000,-0.033748,-2.544135,3.000000
7.639000,-0.033748,-2.544135,3.000000
7.640000,-0.033748,-2.544135,3.000000
7.641000,-0.036816,-2.387628,3.000000
7.642000,-0.036816,-1.998654,3.000000
7.643000,-0.036816,-1.718575,3.000000
7.644000,-0.039884,-1.507467,3.000000
7.645000,-0.039884,-1.344015,3.000000
7.646000,-0.039884,-1.210820,3.000000
7.647000,-0.039884,-1.101513,3.000000
7.648000,-0.039884,-1.010899,3.000000
7.649000,-0.039884,-0.934024,3.000000
7.650000,-0.039884,-0.868253,3.000000
7.651000,-0.039884,-0.810847,3.000000
7.652000,-0.039884,-0.760510,3.000000
7.653000,-0.039884,-0.716226,3.000000
7.654000,-0.036816,0.676764,3.000000
7.655000,-0.036816,0.641334,3.000000
7.656000,-0.036816,0.609665,3.000000
7.657000,-0.033748,1.656576,3.000000
7.658000,-0.033748,1.656576,3.000000
7.659000,-0.030680,1.656576,3.000000
7.660000,-0.030680,1.656576,3.000000
7.661000,-0.027612,1.656576,3.000000
7.662000,-0.027612,1.656576,3.000000
7.663000,-0.024544,1.656576,3.000000
7.664000,-0.021476,0.598641,3.000000
7.665000,-0.021476,0.598641,3.000000
7.666000,-0.018408,0.598641,3.000000
7.667000,-0.015340,0.598641,3.000000
7.668000,-0.012272,0.598641,3.000000
7.669000,-0.009204,2.128445,3.000000
7.670000,-0.006136,2.128445,3.000000
7.671000,-0.003068,2.128445,3.000000
7.672000,0.000000,2.128445,3.000000
7.673000,0.003068,2.805831,3.000000
7.674000,0.006136,2.805831,3.000000
7.675000,0.009204,2.805831,3.000000
7.676000,0.012272,2.805831,3.000000
7.677000,0.018408,3.358418,3.000000
7.678000,0.021476,3.358418,3.000000
7.679000,0.024544,3.358418,3.000000
7.680000,0.030680,3.816070,3.000000
7.681000,0.033748,3.816070,3.000000
7.682000,0.039884,4.221481,3.000000
7.683000,0.042951,4.221481,3.000000
7.684000,0.049087,4.221481,3.000000
7.685000,0.052155,4.589894,3.000000
7.686000,0.058291,4.589894,3.000000
7.687000,0.064427,4.908793,3.000000
7.688000,0.067495,4.908793,3.000000
7.689000,0.073631,4.908793,3.000000
7.690000,0.079767,5.215066,3.000000
7.691000,0.085903,5.215066,3.000000
7.692000,0.088971,5.494344,3.000000
7.693000,0.095107,5.494344,3.000000
7.694000,0.101243,5.762219,3.000000
7.695000,0.107379,5.762219,3.000000
7.696000,0.113515,6.001310,3.000000
7.697000,0.119651,6.001310,3.000000
7.698000,0.128854,6.242214,3.000000
7.699000,0.134990,6.242214,3.000000
7.700000,0.141126,6.456978,3.000000
7.701000,0.147262,6.456978,-3.000000
7.702000,0.153398,6.674621,-3.000000
7.703000,0.159534,6.674621,-3.000000
7.704000,0.165670,6.341402,-3.000000
7.705000,0.174874,6.741075,-3.000000
7.706000,0.181010,6.741075,-3.000000
7.707000,0.187146,6.463024,-3.000000
7.708000,0.193282,6.463024,-3.000000
7.709000,0.199418,6.104257,-3.000000
7.710000,0.202485,6.104257,-3.000000
7.711000,0.208621,6.040657,-3.000000
7.712000,0.214757,5.819067,-3.000000
7.713000,0.220893,5.819067,-3.000000
7.714000,0.223961,5.405141,-3.000000
7.715000,0.230097,5.405141,-3.000000
7.716000,0.236233,5.225892,-3.000000
7.717000,0.239301,5.225892,-3.000000
7.718000,0.245437,5.225892,-3.000000
7.719000,0.248505,4.791221,-3.000000
7.720000,0.254641,4.791221,-3.000000
7.721000,0.257709,4.791221,-3.000000
7.722000,0.260777,4.447642,-3.000000
7.723000,0.263845,4.447642,-3.000000
7.724000,0.269981,4.447642,-3.000000
7.725000,0.273049,3.948276,-3.000000
7.726000,0.276117,3.948276,-3.000000
7.727000,0.279185,3.948276,-3.000000
7.728000,0.282252,3.804552,-3.000000
7.729000,0.285320,3.434739,-3.000000
7.730000,0.288388,3.434739,-3.000000
7.731000,0.291456,3.434739,-3.000000
7.732000,0.291456,3.434739,-3.000000
7.733000,0.294524,2.822051,-3.000000
7.734000,0.297592,2.838816,-3.000000
7.735000,0.297592,2.838816,-3.000000
7.736000,0.300660,2.838816,-3.000000
7.737000,0.303728,2.838816,-3.000000
7.738000,0.303728,2.768051,-3.000000
7.739000,0.306796,2.261327,-3.000000
7.740000,0.306796,1.910519,-3.000000
7.741000,0.306796,1.652335,-3.000000
7.742000,0.309864,2.086871,-3.000000
7.743000,0.309864,2.086871,-3.000000
7.744000,0.309864,2.086871,-3.000000
7.745000,0.309864,2.086871,-3.000000
7.746000,0.309864,2.086871,-3.000000
7.747000,0.312932,2.086871,-3.000000
7.748000,0.312932,1.839639,-3.000000
7.749000,0.312932,1.599543,-3.000000
7.750000,0.312932,1.415887,-3.000000
7.751000,0.312932,1.269131,-3.000000
7.752000,0.309864,-1.149894,-3.000000
7.753000,0.309864,-1.051561,-3.000000
7.754000,0.309864,-0.968670,-3.000000
7.755000,0.309864,-0.897507,-3.000000
7.756000,0.309864,-0.836871,-3.000000
7.757000,0.306796,-0.783045,-3.000000
7.758000,0.306796,-0.736332,-3.000000
7.759000,0.303728,-0.694494,-3.000000
7.760000,0.303728,-0.657296,-3.000000
7.761000,0.300660,-0.637187,-3.000000
7.762000,0.300660,-0.637187,-3.000000
7.763000,0.297592,-0.637187,-3.000000
7.764000,0.294524,-0.637187,-3.000000
7.765000,0.294524,-0.637187,-3.000000
7.766000,0.291456,-0.637187,-3.000000
7.767000,0.288388,-1.592299,-3.000000
7.768000,0.285320,-1.592299,-3.000000
7.769000,0.282252,-1.592299,-3.000000
7.770000,0.279185,-1.592299,-3.000000
7.771000,0.276117,-2.441747,-3.000000
7.772000,0.273049,-2.441747,-3.000000
7.773000,0.269981,-2.441747,-3.000000
7.774000,0.266913,-2.441747,-3.000000
7.775000,0.263845,-3.052730,-3.000000
7.776000,0.260777,-3.052730,-3.000000
7.777000,0.257709,-3.052730,-3.000000
7.778000,0.251573,-3.563556,-3.000000
7.779000,0.248505,-3.563556,-3.000000
7.780000,0.245437,-3.563556,-3.000000
7.781000,0.239301,-4.002033,-3.000000
7.782000,0.236233,-4.002033,-3.000000
7.783000,0.230097,-4.002033,-3.000000
7.784000,0.227029,-4.384738,-3.000000
7.785000,0.220893,-4.384738,-3.000000
7.786000,0.214757,-4.747304,-3.000000
7.787000,0.211689,-4.747304,-3.000000
7.788000,0.205553,-4.747304,-3.000000
7.789000,0.199418,-5.048729,-3.000000
7.790000,0.196350,-5.048729,-3.000000
7.791000,0.190214,-5.354403,-3.000000
7.792000,0.184078,-5.354403,-3.000000
7.793000,0.177942,-5.628821,-3.000000
7.794000,0.171806,-5.628821,-3.000000
7.795000,0.165670,-5.885974,-3.000000
7.796000,0.159534,-5.885974,-3.000000
7.797000,0.153398,-6.127583,-3.000000
7.798000,0.147262,-6.127583,-3.000000
7.799000,0.141126,-6.355131,-3.000000
7.800000,0.131922,-6.355131,-3.000000
7.801000,0.125786,-6.583020,3.000000
7.802000,0.119651,-6.583020,3.000000
7.803000,0.113515,-6.772334,3.000000
7.804000,0.107379,-6.772334,3.000000
7.805000,0.101243,-6.150616,3.000000
7.806000,0.095107,-6.150616,3.000000
7.807000,0.088971,-6.717960,3.000000
7.808000,0.082835,-6.590631,3.000000
7.809000,0.076699,-6.294241,3.000000
7.810000,0.070563,-6.294241,3.000000
7.811000,0.064427,-5.886483,3.000000
7.812000,0.058291,-5.886483,3.000000
7.813000,0.055223,-5.647638,3.000000
7.814000,0.049087,-5.647638,3.000000
7.815000,0.042951,-5.333299,3.000000
7.816000,0.039884,-5.333299,3.000000
7.817000,0.033748,-5.333299,3.000000
7.818000,0.030680,-5.005483,3.000000
7.819000,0.024544,-5.005483,3.000000
7.820000,0.021476,-4.847472,3.000000
7.821000,0.015340,-4.583632,3.000000
7.822000,0.012272,-4.583632,3.000000
7.823000,0.009204,-4.462873,3.000000
7.824000,0.006136,-4.148989,3.000000
7.825000,0.003068,-4.148989,3.000000
7.826000,-0.003068,-4.148989,3.000000
7.827000,-0.006136,-3.691228,3.000000
7.828000,-0.009204,-3.691228,3.000000
7.829000,-0.009204,-3.691228,3.000000
7.830000,-0.012272,-3.691228,3.000000
7.831000,-0.015340,-3.032467,3.000000
7.832000,-0.018408,-3.117836,3.000000
7.833000,-0.021476,-3.117836,3.000000
7.834000,-0.021476,-3.117836,3.000000
7.835000,-0.024544,-3.117836,3.000000
7.836000,-0.027612,-2.648259,3.000000
7.837000,-0.027612,-2.175859,3.000000
7.838000,-0.030680,-2.429982,3.000000
7.839000,-0.030680,-2.429982,3.000000
7.840000,-0.033748,-2.429982,3.000000
7.841000,-0.033748,-2.429982,3.000000
7.842000,-0.033748,-2.429982,3.000000
7.843000,-0.036816,-2.186358,3.000000
7.844000,-0.036816,-1.855661,3.000000
7.845000,-0.036816,-1.611792,3.000000
7.846000,-0.036816,-1.426061,3.000000
7.847000,-0.036816,-1.276777,3.000000
7.848000,-0.036816,-1.156842,3.000000
7.849000,-0.036816,-1.057313,3.000000
7.850000,-0.036816,-0.973429,3.000000
7.851000,-0.036816,-0.901585,3.000000
7.852000,-0.036816,-0.839948,3.000000
7.853000,-0.036816,-0.786392,3.000000
7.854000,-0.036816,-0.738646,3.000000
7.855000,-0.036816,-0.696806,3.000000
7.856000,-0.033748,-1.460806,3.000000
7.857000,-0.033748,-1.460806,3.000000
7.858000,-0.030680,-1.460806,3.000000
7.859000,-0.030680,-1.460806,3.000000
7.860000,-0.030680,-1.460806,3.000000
7.861000,-0.027612,-1.460806,3.000000
7.862000,-0.024544,-1.460806,3.000000
7.863000,-0.024544,-1.460806,3.000000
7.864000,-0.021476,0.700613,3.000000
7.865000,-0.018408,0.700613,3.000000
7.866000,-0.018408,0.700613,3.000000
7.867000,-0.015340,0.700613,3.000000
7.868000,-0.012272,0.700613,3.000000
7.869000,-0.009204,2.006839,3.000000
7.870000,-0.006136,2.006839,3.000000
7.871000,-0.003068,2.006839,3.000000
7.872000,0.000000,2.006839,3.000000
7.873000,0.003068,2.712160,3.000000
7.874000,0.006136,2.712160,3.000000
7.875000,0.009204,2.712160,3.000000
7.876000,0.012272,2.712160,3.000000
7.877000,0.018408,3.280499,3.000000
7.878000,0.021476,3.280499,3.000000
7.879000,0.024544,3.280499,3.000000
7.880000,0.030680,3.753512,3.000000
7.881000,0.033748,3.753512,3.000000
7.882000,0.039884,4.168013,3.000000
7.883000,0.042951,4.168013,3.000000
7.884000,0.049087,4.168013,3.000000
7.885000,0.052155,4.538335,3.000000
7.886000,0.058291,4.538335,3.000000
7.887000,0.061359,4.538335,3.000000
7.888000,0.067495,4.871015,3.000000
7.889000,0.073631,4.871015,3.000000
7.890000,0.079767,5.176750,3.000000
7.891000,0.082835,5.176750,3.000000
7.892000,0.088971,5.466403,3.000000
7.893000,0.095107,5.466403,3.000000
7.894000,0.101243,5.731495,3.000000
7.895000,0.107379,5.731495,3.000000
7.896000,0.113515,5.980634,3.000000
7.897000,0.119651,5.980634,3.000000
7.898000,0.125786,6.220417,3.000000
7.899000,0.134990,6.220417,3.000000
7.900000,0.141126,6.445062,3.000000
7.901000,0.147262,6.445062,-3.000000
7.902000,0.153398,6.660432,-3.000000
7.903000,0.159534,6.660432,-3.000000
7.904000,0.165670,6.258795,-3.000000
7.905000,0.171806,6.258795,-3.000000
7.906000,0.177942,6.667167,-3.000000
7.907000,0.187146,6.330861,-3.000000
7.908000,0.190214,6.534819,-3.000000
7.909000,0.196350,6.219191,-3.000000
7.910000,0.202485,6.081569,-3.000000
7.911000,0.208621,6.081569,-3.000000
7.912000,0.214757,5.798217,-3.000000
7.913000,0.220893,5.798217,-3.000000
7.914000,0.223961,5.418100,-3.000000
7.915000,0.230097,5.418100,-3.000000
7.916000,0.236233,5.101843,-3.000000
7.917000,0.239301,5.244317,-3.000000
7.918000,0.242369,5.244317,-3.000000
7.919000,0.248505,4.749192,-3.000000
7.920000,0.251573,4.749192,-3.000000
7.921000,0.257709,4.749192,-3.000000
7.922000,0.260777,4.447127,-3.000000
7.923000,0.263845,4.447127,-3.000000
7.924000,0.266913,4.447127,-3.000000
7.925000,0.273049,3.939949,-3.000000
7.926000,0.276117,3.939949,-3.000000
7.927000,0.279185,3.939949,-3.000000
7.928000,0.282252,3.939949,-3.000000
7.929000,0.285320,3.435127,-3.000000
7.930000,0.288388,3.435127,-3.000000
7.931000,0.288388,3.435127,-3.000000
7.932000,0.291456,3.435127,-3.000000
7.933000,0.294524,2.932857,-3.000000
7.934000,0.297592,2.826674,-3.000000
7.935000,0.297592,2.826674,-3.000000
7.936000,0.300660,2.826674,-3.000000
7.937000,0.300660,2.826674,-3.000000
7.938000,0.303728,2.826674,-3.000000
7.939000,0.303728,2.343888,-3.000000
7.940000,0.306796,1.967294,-3.000000
7.941000,0.306796,1.695081,-3.000000
7.942000,0.309864,2.079308,-3.000000
7.943000,0.309864,2.079308,-3.000000
7.944000,0.309864,2.079308,-3.000000
7.945000,0.309864,2.079308,-3.000000
7.946000,0.309864,2.079308,-3.000000
7.947000,0.312932,2.079308,-3.000000
7.948000,0.312932,1.909086,-3.000000
7.949000,0.312932,1.650116,-3.000000
7.950000,0.312932,1.454606,-3.000000
7.951000,0.312932,1.300043,-3.000000
7.952000,0.309864,-1.175932,-3.000000
7.953000,0.309864,-1.072968,-3.000000
7.954000,0.309864,-0.986779,-3.000000
7.955000,0.309864,-0.913036,-3.000000
7.956000,0.309864,-0.849883,-3.000000
7.957000,0.306796,-0.794932,-3.000000
7.958000,0.306796,-0.794932,-3.000000
7.959000,0.303728,-0.703642,-3.000000
7.960000,0.303728,-0.665674,-3.000000
7.961000,0.300660,-0.643393,-3.000000
7.962000,0.300660,-0.643393,-3.000000
7.963000,0.297592,-0.643393,-3.000000
7.964000,0.294524,-0.643393,-3.000000
7.965000,0.294524,-0.643393,-3.000000
7.966000,0.291456,-0.643393,-3.000000
7.967000,0.288388,-1.580086,-3.000000
7.968000,0.285320,-1.580086,-3.000000
7.969000,0.282252,-1.580086,-3.000000
7.970000,0.279185,-1.580086,-3.000000
7.971000,0.276117,-1.580086,-3.000000
7.972000,0.273049,-2.432678,-3.000000
7.973000,0.269981,-2.432678,-3.000000
7.974000,0.266913,-2.432678,-3.000000
7.975000,0.263845,-3.045071,-3.000000
7.976000,0.260777,-3.045071,-3.000000
7.977000,0.257709,-3.045071,-3.000000
7.978000,0.251573,-3.554939,-3.000000
7.979000,0.248505,-3.554939,-3.000000
7.980000,0.245437,-3.554939,-3.000000
7.981000,0.239301,-3.993369,-3.000000
7.982000,0.236233,-3.993369,-3.000000
7.983000,0.230097,-3.993369,-3.000000
7.984000,0.227029,-4.373669,-3.000000
7.985000,0.220893,-4.373669,-3.000000
7.986000,0.217825,-4.373669,-3.000000
7.987000,0.211689,-4.733317,-3.000000
7.988000,0.205553,-4.733317,-3.000000
7.989000,0.202485,-5.033829,-3.000000
7.990000,0.196350,-5.033829,-3.000000
7.991000,0.190214,-5.340552,-3.000000
7.992000,0.184078,-5.340552,-3.000000
7.993000,0.177942,-5.610272,-3.000000
7.994000,0.171806,-5.610272,-3.000000
7.995000,0.165670,-5.869435,-3.000000
7.996000,0.159534,-5.869435,-3.000000
7.997000,0.153398,-6.108013,-3.000000
7.998000,0.147262,-6.108013,-3.000000
7.999000,0.141126,-6.336536,-3.000000
8.000000,0.134990,-6.336536,-3.000000
8.001000,0.128854,-6.562241,3.000000
8.002000,0.119651,-6.562241,3.000000
8.003000,0.113515,-6.748644,3.000000
8.004000,0.107379,-6.748644,3.000000
8.005000,0.101243,-6.131963,3.000000
8.006000,0.095107,-6.131963,3.000000
8.007000,0.088971,-6.579246,3.000000
8.008000,0.082835,-6.579246,3.000000
8.009000,0.076699,-6.240274,3.000000
8.010000,0.070563,-6.240274,3.000000
8.011000,0.067495,-5.851283,3.000000
8.012000,0.061359,-5.851283,3.000000
8.013000,0.055223,-5.633091,3.000000
8.014000,0.049087,-5.633091,3.000000
8.015000,0.046019,-5.537802,3.000000
8.016000,0.039884,-5.309838,3.000000
8.017000,0.036816,-5.309838,3.000000
8.018000,0.030680,-4.878519,3.000000
8.019000,0.027612,-4.878519,3.000000
8.020000,0.021476,-4.878519,3.000000
8.021000,0.018408,-4.548708,3.000000
8.022000,0.015340,-4.548708,3.000000
8.023000,0.009204,-4.548708,3.000000
8.024000,0.006136,-4.073586,3.000000
8.025000,0.003068,-4.073586,3.000000
8.026000,0.000000,-4.073586,3.000000
8.027000,-0.003068,-3.838384,3.000000
8.028000,-0.006136,-3.595107,3.000000
8.029000,-0.009204,-3.595107,3.000000
8.030000,-0.012272,-3.595107,3.000000
8.031000,-0.015340,-3.502295,3.000000
8.032000,-0.015340,-2.726564,3.000000
8.033000,-0.018408,-3.022064,3.000000
8.034000,-0.021476,-3.022064,3.000000
8.035000,-0.024544,-3.022064,3.000000
8.036000,-0.024544,-3.022064,3.000000
8.037000,-0.027612,-2.480664,3.000000
8.038000,-0.027612,-2.064577,3.000000
8.039000,-0.030680,-2.308854,3.000000
8.040000,-0.030680,-2.308854,3.000000
8.041000,-0.030680,-2.308854,3.000000
8.042000,-0.033748,-2.308854,3.000000
8.043000,-0.033748,-2.308854,3.000000
8.044000,-0.033748,-2.264834,3.000000
8.045000,-0.033748,-1.912359,3.000000
8.046000,-0.036816,-1.654622,3.000000
8.047000,-0.036816,-1.457938,3.000000
8.048000,-0.036816,-1.303526,3.000000
8.049000,-0.036816,-1.178309,3.000000
8.050000,-0.036816,-1.075219,3.000000
8.051000,-0.036816,-0.988639,3.000000
8.052000,-0.036816,-0.914862,3.000000
8.053000,-0.033748,-1.180876,3.000000
8.054000,-0.033748,-1.180876,3.000000
8.055000,-0.033748,-1.180876,3.000000
8.056000,-0.033748,-1.180876,3.000000
8.057000,-0.030680,-1.180876,3.000000
8.058000,-0.030680,-1.180876,3.000000
8.059000,-0.027612,-1.180876,3.000000
8.060000,-0.027612,-1.180876,3.000000
8.061000,-0.024544,-1.180876,3.000000
8.062000,-0.024544,-1.180876,3.000000
8.063000,-0.021476,0.922119,3.000000
8.064000,-0.018408,0.922119,3.000000
8.065000,-0.018408,0.922119,3.000000
8.066000,-0.015340,0.922119,3.000000
8.067000,-0.012272,0.922119,3.000000
8.068000,-0.009204,1.867486,3.000000
8.069000,-0.006136,1.867486,3.000000
8.070000,-0.003068,1.867486,3.000000
8.071000,0.000000,1.867486,3.000000
8.072000,0.003068,2.614384,3.000000
8.073000,0.006136,2.614384,3.000000
8.074000,0.009204,2.614384,3.000000
8.075000,0.012272,2.614384,3.000000
8.076000,0.015340,3.200667,3.000000
8.077000,0.018408,3.200667,3.000000
8.078000,0.024544,3.200667,3.000000
8.079000,0.027612,3.684548,3.000000
8.080000,0.030680,3.684548,3.000000
8.081000,0.036816,3.684548,3.000000
8.082000,0.039884,4.104258,3.000000
8.083000,0.046019,4.104258,3.000000
8.084000,0.049087,4.104258,3.000000
8.085000,0.055223,4.481570,3.000000
8.086000,0.058291,4.481570,3.000000
8.087000,0.064427,4.821075,3.000000
8.088000,0.070563,4.821075,3.000000
8.089000,0.076699,5.125549,3.000000
8.090000,0.079767,5.125549,3.000000
8.091000,0.085903,5.125549,3.000000
8.092000,0.092039,5.419729,3.000000
8.093000,0.098175,5.419729,3.000000
8.094000,0.104311,5.684225,3.000000
8.095000,0.110447,5.684225,3.000000
8.096000,0.116583,5.936753,3.000000
8.097000,0.122718,5.936753,3.000000
8.098000,0.128854,6.175334,3.000000
8.099000,0.134990,6.175334,3.000000
8.100000,0.141126,6.402795,3.000000
8.101000,0.150330,6.615996,-3.000000
8.102000,0.156466,6.615996,-3.000000
8.103000,0.162602,6.781066,-3.000000
8.104000,0.168738,6.781066,-3.000000
8.105000,0.174874,6.413857,-3.000000
8.106000,0.181010,6.413857,-3.000000
8.107000,0.187146,6.316920,-3.000000
8.108000,0.193282,6.316920,-3.000000
8.109000,0.199418,6.114734,-3.000000
8.110000,0.205553,6.114734,-3.000000
8.111000,0.211689,5.872555,-3.000000
8.112000,0.214757,5.872555,-3.000000
8.113000,0.220893,5.740804,-3.000000
8.114000,0.227029,5.557727,-3.000000
8.115000,0.233165,5.557727,-3.000000
8.116000,0.236233,5.133799,-3.000000
8.117000,0.242369,5.133799,-3.000000
8.118000,0.245437,5.125163,-3.000000
8.119000,0.251573,4.875881,-3.000000
8.120000,0.254641,4.875881,-3.000000
8.121000,0.257709,4.459269,-3.000000
8.122000,0.263845,4.437345,-3.000000
8.123000,0.266913,4.437345,-3.000000
8.124000,0.269981,4.266428,-3.000000
8.125000,0.273049,3.997272,-3.000000
8.126000,0.276117,3.997272,-3.000000
8.127000,0.279185,3.997272,-3.000000
8.128000,0.282252,3.399416,-3.000000
8.129000,0.285320,3.504879,-3.000000
8.130000,0.288388,3.504879,-3.000000
8.131000,0.291456,3.504879,-3.000000
8.132000,0.294524,3.227864,-3.000000
8.133000,0.297592,2.893469,-3.000000
8.134000,0.297592,2.893469,-3.000000
8.135000,0.300660,2.893469,-3.000000
8.136000,0.300660,2.893469,-3.000000
8.137000,0.303728,2.893469,-3.000000
8.138000,0.303728,2.445883,-3.000000
8.139000,0.306796,2.040843,-3.000000
8.140000,0.306796,1.747010,-3.000000
8.141000,0.309864,2.166140,-3.000000
8.142000,0.309864,2.166140,-3.000000
8.143000,0.309864,2.166140,-3.000000
8.144000,0.312932,2.166140,-3.000000
8.145000,0.312932,2.166140,-3.000000
8.146000,0.312932,2.133271,-3.000000
8.147000,0.312932,1.818586,-3.000000
8.148000,0.312932,1.582917,-3.000000
8.149000,0.312932,1.401947,-3.000000
8.150000,0.312932,1.258807,-3.000000
8.151000,0.312932,1.142086,-3.000000
8.152000,0.312932,1.044424,-3.000000
8.153000,0.312932,0.962404,-3.000000
8.154000,0.309864,-0.892946,-3.000000
8.155000,0.309864,-0.832040,-3.000000
8.156000,0.309864,-0.779383,-3.000000
8.157000,0.309864,-0.732804,-3.000000
8.158000,0.306796,-0.691401,-3.000000
8.159000,0.306796,-0.654531,-3.000000
8.160000,0.303728,-0.621573,-3.000000
8.161000,0.303728,-0.591324,-3.000000
8.162000,0.300660,-0.587155,-3.000000
8.163000,0.297592,-0.587155,-3.000000
8.164000,0.297592,-0.587155,-3.000000
8.165000,0.294524,-0.587155,-3.000000
8.166000,0.291456,-0.587155,-3.000000
8.167000,0.288388,-1.692234,-3.000000
8.168000,0.288388,-1.692234,-3.000000
8.169000,0.285320,-1.692234,-3.000000
8.170000,0.282252,-1.692234,-3.000000
8.171000,0.279185,-1.692234,-3.000000
8.172000,0.276117,-2.503181,-3.000000
8.173000,0.273049,-2.503181,-3.000000
8.174000,0.266913,-2.503181,-3.000000
8.175000,0.263845,-3.102128,-3.000000
8.176000,0.260777,-3.102128,-3.000000
8.177000,0.257709,-3.102128,-3.000000
8.178000,0.254641,-3.102128,-3.000000
8.179000,0.248505,-3.604493,-3.000000
8.180000,0.245437,-3.604493,-3.000000
8.181000,0.239301,-4.040243,-3.000000
8.182000,0.236233,-4.040243,-3.000000
8.183000,0.230097,-4.040243,-3.000000
8.184000,0.227029,-4.416319,-3.000000
8.185000,0.220893,-4.416319,-3.000000
8.186000,0.217825,-4.416319,-3.000000
8.187000,0.211689,-4.775089,-3.000000
8.188000,0.205553,-4.775089,-3.000000
8.189000,0.202485,-5.075759,-3.000000
8.190000,0.196350,-5.075759,-3.000000
8.191000,0.190214,-5.381930,-3.000000
8.192000,0.184078,-5.381930,-3.000000
8.193000,0.177942,-5.652226,-3.000000
8.194000,0.171806,-5.652226,-3.000000
8.195000,0.165670,-5.911848,-3.000000
8.196000,0.159534,-5.911848,-3.000000
8.197000,0.153398,-6.150702,-3.000000
8.198000,0.147262,-6.150702,-3.000000
8.199000,0.141126,-6.377056,-3.000000
8.200000,0.134990,-6.377056,-3.000000
8.201000,0.128854,-6.610502,3.000000
8.202000,0.119651,-6.610502,3.000000
8.203000,0.113515,-6.795199,3.000000
8.204000,0.107379,-6.795199,3.000000
8.205000,0.101243,-6.170719,3.000000
8.206000,0.095107,-6.170719,3.000000
8.207000,0.088971,-6.649405,3.000000
8.208000,0.082835,-6.649405,3.000000
8.209000,0.076699,-6.309117,3.000000
8.210000,0.070563,-6.309117,3.000000
8.211000,0.064427,-5.908566,3.000000
8.212000,0.058291,-5.908566,3.000000
8.213000,0.055223,-5.681045,3.000000
8.214000,0.049087,-5.681045,3.000000
8.215000,0.042951,-5.361681,3.000000
8.216000,0.039884,-5.361681,3.000000
8.217000,0.033748,-5.361681,3.000000
8.218000,0.030680,-5.002649,3.000000
8.219000,0.024544,-5.002649,3.000000
8.220000,0.021476,-5.001064,3.000000
8.221000,0.018408,-4.613548,3.000000
8.222000,0.012272,-4.613548,3.000000
8.223000,0.009204,-4.566693,3.000000
8.224000,0.006136,-4.170964,3.000000
8.225000,0.003068,-4.170964,3.000000
8.226000,-0.003068,-4.170964,3.000000
8.227000,-0.006136,-3.716895,3.000000
8.228000,-0.009204,-3.716895,3.000000
8.229000,-0.009204,-3.716895,3.000000
8.230000,-0.012272,-3.716895,3.000000
8.231000,-0.015340,-3.040000,3.000000
8.232000,-0.018408,-3.153151,3.000000
8.233000,-0.021476,-3.153151,3.000000
8.234000,-0.024544,-3.153151,3.000000
8.235000,-0.024544,-3.153151,3.000000
8.236000,-0.027612,-2.617195,3.000000
8.237000,-0.027612,-2.157492,3.000000
8.238000,-0.030680,-2.473969,3.000000
8.239000,-0.030680,-2.473969,3.000000
8.240000,-0.033748,-2.473969,3.000000
8.241000,-0.033748,-2.473969,3.000000
8.242000,-0.036816,-2.473969,3.000000
8.243000,-0.036816,-2.108977,3.000000
8.244000,-0.036816,-1.800851,3.000000
8.245000,-0.036816,-1.569580,3.000000
8.246000,-0.036816,-1.391668,3.000000
8.247000,-0.039884,-1.250478,3.000000
8.248000,-0.039884,-1.134961,3.000000
8.249000,-0.039884,-1.038464,3.000000
8.250000,-0.039884,-0.958114,3.000000
8.251000,-0.039884,-0.888436,3.000000
8.252000,-0.039884,-0.828215,3.000000
8.253000,-0.036816,0.775956,3.000000
8.254000,-0.036816,0.729847,3.000000
8.255000,-0.036816,0.688687,3.000000
8.256000,-0.036816,0.652243,3.000000
8.257000,-0.033748,1.541972,3.000000
8.258000,-0.033748,1.541972,3.000000
8.259000,-0.030680,1.541972,3.000000
8.260000,-0.030680,1.541972,3.000000
8.261000,-0.027612,1.541972,3.000000
8.262000,-0.027612,1.541972,3.000000
8.263000,-0.024544,1.541972,3.000000
8.264000,-0.021476,0.653695,3.000000
8.265000,-0.021476,0.653695,3.000000
8.266000,-0.018408,0.653695,3.000000
8.267000,-0.015340,0.653695,3.000000
8.268000,-0.012272,0.653695,3.000000
8.269000,-0.009204,0.653695,3.000000
8.270000,-0.009204,2.055691,3.000000
8.271000,-0.006136,2.055691,3.000000
8.272000,-0.003068,2.055691,3.000000
8.273000,0.000000,2.055691,3.000000
8.274000,0.003068,2.749189,3.000000
8.275000,0.009204,2.749189,3.000000
8.276000,0.012272,2.749189,3.000000
8.277000,0.015340,3.310229,3.000000
8.278000,0.018408,3.310229,3.000000
8.279000,0.024544,3.310229,3.000000
8.280000,0.027612,3.776179,3.000000
8.281000,0.027612,3.776179,3.000000
8.282000,0.036816,3.776179,3.000000
8.283000,0.039884,4.187411,3.000000
8.284000,0.046019,4.187411,3.000000
8.285000,0.052155,4.553350,3.000000
8.286000,0.055223,4.553350,3.000000
8.287000,0.061359,4.553350,3.000000
8.288000,0.064427,4.880998,3.000000
8.289000,0.070563,4.880998,3.000000
8.290000,0.076699,5.188393,3.000000
8.291000,0.082835,5.188393,3.000000
8.292000,0.088971,5.469414,3.000000
8.293000,0.092039,5.469414,3.000000
8.294000,0.098175,5.469414,3.000000
8.295000,0.104311,5.737785,3.000000
8.296000,0.110447,5.737785,3.000000
8.297000,0.116583,5.978611,3.000000
8.298000,0.125786,6.218841,3.000000
8.299000,0.131922,6.218841,3.000000
8.300000,0.138058,6.436564,-3.000000
8.301000,0.144194,6.436564,-3.000000
8.302000,0.150330,6.641159,-3.000000
8.303000,0.156466,6.641159,-3.000000
8.304000,0.162602,6.247864,-3.000000
8.305000,0.168738,6.247864,-3.000000
8.306000,0.174874,6.191474,-3.000000
8.307000,0.181010,6.191474,-3.000000
8.308000,0.187146,5.972024,-3.000000
8.309000,0.193282,5.972024,-3.000000
8.310000,0.196350,5.708462,-3.000000
8.311000,0.202485,5.691584,-3.000000
8.312000,0.208621,5.691584,-3.000000
8.313000,0.211689,5.292409,-3.000000
8.314000,0.217825,5.292409,-3.000000
8.315000,0.223961,5.044434,-3.000000
8.316000,0.227029,5.044434,-3.000000
8.317000,0.230097,5.044434,-3.000000
8.318000,0.236233,4.642443,-3.000000
8.319000,0.239301,4.642443,-3.000000
8.320000,0.245437,4.642443,-3.000000
8.321000,0.248505,4.276236,-3.000000
8.322000,0.251573,4.276236,-3.000000
8.323000,0.254641,4.276236,-3.000000
8.324000,0.257709,3.802391,-3.000000
8.325000,0.260777,3.771617,-3.000000
8.326000,0.263845,3.771617,-3.000000
8.327000,0.266913,3.771617,-3.000000
8.328000,0.269981,3.246890,-3.000000
8.329000,0.273049,3.252711,-3.000000
8.330000,0.276117,3.252711,-3.000000
8.331000,0.279185,3.252711,-3.000000
8.332000,0.279185,3.252711,-3.000000
8.333000,0.282252,2.659522,-3.000000
8.334000,0.285320,2.596377,-3.000000
8.335000,0.285320,2.596377,-3.000000
8.336000,0.288388,2.596377,-3.000000
8.337000,0.288388,2.596377,-3.000000
8.338000,0.288388,2.596377,-3.000000
8.339000,0.291456,2.415434,-3.000000
8.340000,0.291456,2.019369,-3.000000
8.341000,0.291456,1.733580,-3.000000
8.342000,0.294524,1.519532,-3.000000
8.343000,0.294524,1.351746,-3.000000
8.344000,0.294524,1.217890,-3.000000
8.345000,0.294524,1.108119,-3.000000
8.346000,0.294524,1.016088,-3.000000
8.347000,0.294524,0.938487,-3.000000
8.348000,0.294524,0.871572,-3.000000
8.349000,0.294524,0.813866,-3.000000
8.350000,0.294524,0.763506,-3.000000
8.351000,0.294524,0.718865,-3.000000
8.352000,0.294524,0.678839,-3.000000
8.353000,0.291456,-0.643235,-3.000000
8.354000,0.291456,-0.611100,-3.000000
8.355000,0.291456,-0.582116,-3.000000
8.356000,0.288388,-1.743077,-3.000000
8.357000,0.288388,-1.743077,-3.000000
8.358000,0.285320,-1.743077,-3.000000
8.359000,0.285320,-1.743077,-3.000000
8.360000,0.282252,-1.743077,-3.000000
8.361000,0.282252,-1.743077,-3.000000
8.362000,0.279185,-1.743077,-3.000000
8.363000,0.276117,-0.561575,-3.000000
8.364000,0.276117,-0.561575,-3.000000
8.365000,0.273049,-0.561575,-3.000000
8.366000,0.269981,-0.561575,-3.000000
8.367000,0.266913,-0.561575,-3.000000
8.368000,0.263845,-2.191341,-3.000000
8.369000,0.260777,-2.191341,-3.000000
8.370000,0.257709,-2.191341,-3.000000
8.371000,0.254641,-2.191341,-3.000000
8.372000,0.251573,-2.846672,-3.000000
8.373000,0.248505,-2.846672,-3.000000
8.374000,0.245437,-2.846672,-3.000000
8.375000,0.239301,-2.846672,-3.000000
8.376000,0.236233,-3.381088,-3.000000
8.377000,0.233165,-3.381088,-3.000000
8.378000,0.230097,-3.381088,-3.000000
8.379000,0.223961,-3.838267,-3.000000
8.380000,0.220893,-3.838267,-3.000000
8.381000,0.214757,-4.254328,-3.000000
8.382000,0.211689,-4.254328,-3.000000
8.383000,0.205553,-4.254328,-3.000000
8.384000,0.199418,-4.599092,-3.000000
8.385000,0.196350,-4.599092,-3.000000
8.386000,0.190214,-4.931863,-3.000000
8.387000,0.184078,-4.931863,-3.000000
8.388000,0.181010,-4.931863,-3.000000
8.389000,0.174874,-5.230316,-3.000000
8.390000,0.168738,-5.230316,-3.000000
8.391000,0.162602,-5.504990,-3.000000
8.392000,0.156466,-5.504990,-3.000000
8.393000,0.150330,-5.771667,-3.000000
8.394000,0.144194,-5.771667,-3.000000
8.395000,0.138058,-6.011232,-3.000000
8.396000,0.131922,-6.011232,-3.000000
8.397000,0.125786,-6.262788,-3.000000
8.398000,0.119651,-6.262788,-3.000000
8.399000,0.113515,-6.461890,-3.000000
8.400000,0.104311,-6.675175,-3.000000
8.401000,0.098175,-6.675175,3.000000
8.402000,0.092039,-6.874877,3.000000
8.403000,0.085903,-6.874877,3.000000
8.404000,0.079767,-6.566045,3.000000
8.405000,0.070563,-6.566045,3.000000
8.406000,0.064427,-6.560389,3.000000
8.407000,0.058291,-6.560389,3.000000
8.408000,0.052155,-6.429819,3.000000
8.409000,0.046019,-6.429819,3.000000
8.410000,0.039884,-6.127753,3.000000
8.411000,0.036816,-6.127753,3.000000
8.412000,0.030680,-5.899020,3.000000
8.413000,0.024544,-5.899020,3.000000
8.414000,0.018408,-5.561470,3.000000
8.415000,0.015340,-5.561470,3.000000
8.416000,0.009204,-5.561470,3.000000
8.417000,0.006136,-5.205848,3.000000
8.418000,0.000000,-5.205848,3.000000
8.419000,-0.003068,-4.732505,3.000000
8.420000,-0.009204,-4.782947,3.000000
8.421000,-0.012272,-4.782947,3.000000
8.422000,-0.018408,-4.408893,3.000000
8.423000,-0.021476,-4.408893,3.000000
8.424000,-0.024544,-4.408893,3.000000
8.425000,-0.027612,-4.062012,3.000000
8.426000,-0.030680,-3.969741,3.000000
8.427000,-0.033748,-3.969741,3.000000
8.428000,-0.036816,-3.969741,3.000000
8.429000,-0.039884,-3.303039,3.000000
8.430000,-0.042951,-3.428169,3.000000
8.431000,-0.046019,-3.428169,3.000000
8.432000,-0.049087,-3.428169,3.000000
8.433000,-0.052155,-3.200899,3.000000
8.434000,-0.052155,-2.538251,3.000000
8.435000,-0.055223,-2.821177,3.000000
8.436000,-0.058291,-2.821177,3.000000
8.437000,-0.058291,-2.821177,3.000000
8.438000,-0.061359,-2.821177,3.000000
8.439000,-0.061359,-2.520842,3.000000
8.440000,-0.064427,-2.091569,3.000000
8.441000,-0.064427,-1.787252,3.000000
8.442000,-0.064427,-1.558948,3.000000
8.443000,-0.067495,-2.068603,3.000000
8.444000,-0.067495,-2.068603,3.000000
8.445000,-0.067495,-2.068603,3.000000
8.446000,-0.067495,-2.068603,3.000000
8.447000,-0.070563,-2.068603,3.000000
8.448000,-0.070563,-2.066397,3.000000
8.449000,-0.070563,-1.769542,3.000000
8.450000,-0.070563,-1.545521,3.000000
8.451000,-0.070563,-1.373597,3.000000
8.452000,-0.067495,1.234477,3.000000
8.453000,-0.067495,1.122218,3.000000
8.454000,-0.067495,1.028095,3.000000
8.455000,-0.067495,0.948725,3.000000
8.456000,-0.067495,0.880508,3.000000
8.457000,-0.064427,0.821523,3.000000
8.458000,-0.064427,0.769965,3.000000
8.459000,-0.061359,0.724672,3.000000
8.460000,-0.061359,0.684214,3.000000
8.461000,-0.058291,0.659711,3.000000
8.462000,-0.058291,0.659711,3.000000
8.463000,-0.055223,0.659711,3.000000
8.464000,-0.052155,0.659711,3.000000
8.465000,-0.052155,0.659711,3.000000
8.466000,-0.049087,0.659711,3.000000
8.467000,-0.046019,1.560297,3.000000
8.468000,-0.042951,1.560297,3.000000
8.469000,-0.039884,1.560297,3.000000
8.470000,-0.039884,1.560297,3.000000
8.471000,-0.036816,1.560297,3.000000
8.472000,-0.033748,2.419906,3.000000
8.473000,-0.030680,2.419906,3.000000
8.474000,-0.024544,2.419906,3.000000
8.475000,-0.021476,3.047791,3.000000
8.476000,-0.018408,3.047791,3.000000
8.477000,-0.015340,3.047791,3.000000
8.478000,-0.012272,3.047791,3.000000
8.479000,-0.006136,3.563699,3.000000
8.480000,-0.003068,3.563699,3.000000
8.481000,0.003068,3.996856,3.000000
8.482000,0.006136,3.996856,3.000000
8.483000,0.009204,3.996856,3.000000
8.484000,0.015340,4.394246,3.000000
8.485000,0.021476,4.394246,3.000000
8.486000,0.024544,4.394246,3.000000
8.487000,0.030680,4.746692,3.000000
8.488000,0.036816,4.746692,3.000000
8.489000,0.039884,5.057340,3.000000
8.490000,0.046019,5.057340,3.000000
8.491000,0.052155,5.368131,3.000000
8.492000,0.058291,5.368131,3.000000
8.493000,0.064427,5.635247,3.000000
8.494000,0.070563,5.635247,3.000000
8.495000,0.076699,5.899769,3.000000
8.496000,0.082835,5.899769,3.000000
8.497000,0.088971,6.141254,3.000000
8.498000,0.095107,6.141254,3.000000
8.499000,0.101243,6.372502,3.000000
8.500000,0.107379,6.372502,3.000000
8.501000,0.113515,6.577629,-3.000000
8.502000,0.122718,6.577629,-3.000000
8.503000,0.128854,6.788934,-3.000000
8.504000,0.134990,6.788934,-3.000000
8.505000,0.141126,6.212850,-3.000000
8.506000,0.147262,6.212850,-3.000000
8.507000,0.153398,6.487653,-3.000000
8.508000,0.159534,6.487653,-3.000000
8.509000,0.165670,6.248836,-3.000000
8.510000,0.171806,6.248836,-3.000000
8.511000,0.177942,5.893158,-3.000000
8.512000,0.181010,5.893158,-3.000000
8.513000,0.187146,5.650708,-3.000000
8.514000,0.193282,5.650708,-3.000000
8.515000,0.196350,5.356351,-3.000000
8.516000,0.202485,5.327414,-3.000000
8.517000,0.205553,5.327414,-3.000000
8.518000,0.211689,4.915702,-3.000000
8.519000,0.214757,4.915702,-3.000000
8.520000,0.220893,4.915702,-3.000000
8.521000,0.223961,4.578715,-3.000000
8.522000,0.227029,4.578715,-3.000000
8.523000,0.233165,4.578715,-3.000000
8.524000,0.236233,4.101496,-3.000000
8.525000,0.239301,4.101496,-3.000000
8.526000,0.242369,4.101496,-3.000000
8.527000,0.245437,3.653105,-3.000000
8.528000,0.248505,3.622581,-3.000000
8.529000,0.251573,3.622581,-3.000000
8.530000,0.254641,3.622581,-3.000000
8.531000,0.257709,3.308506,-3.000000
8.532000,0.260777,3.060682,-3.000000
8.533000,0.260777,3.060682,-3.000000
8.534000,0.263845,3.060682,-3.000000
8.535000,0.266913,3.060682,-3.000000
8.536000,0.266913,2.912583,-3.000000
8.537000,0.269981,2.354336,-3.000000
8.538000,0.269981,1.973230,-3.000000
8.539000,0.273049,2.355434,-3.000000
8.540000,0.273049,2.355434,-3.000000
8.541000,0.276117,2.355434,-3.000000
8.542000,0.276117,2.355434,-3.000000
8.543000,0.276117,2.355434,-3.000000
8.544000,0.279185,2.077197,-3.000000
8.545000,0.279185,1.777030,-3.000000
8.546000,0.279185,1.552342,-3.000000
8.547000,0.279185,1.378521,-3.000000
8.548000,0.279185,1.239102,-3.000000
8.549000,0.279185,1.124807,-3.000000
8.550000,0.279185,1.030948,-3.000000
8.551000,0.279185,0.950623,-3.000000
8.552000,0.279185,0.882688,-3.000000
8.553000,0.279185,0.823147,-3.000000
8.554000,0.276117,1.313435,-3.000000
8.555000,0.276117,1.313435,-3.000000
8.556000,0.276117,1.313435,-3.000000
8.557000,0.273049,1.313435,-3.000000
8.558000,0.273049,1.313435,-3.000000
8.559000,0.273049,1.313435,-3.000000
8.560000,0.269981,1.313435,-3.000000
8.561000,0.269981,1.313435,-3.000000
8.562000,0.266913,1.313435,-3.000000
8.563000,0.263845,-0.802964,-3.000000
8.564000,0.263845,-0.802964,-3.000000
8.565000,0.260777,-0.802964,-3.000000
8.566000,0.257709,-0.802964,-3.000000
8.567000,0.254641,-0.802964,-3.000000
8.568000,0.254641,-0.802964,-3.000000
8.569000,0.251573,-1.922286,-3.000000
8.570000,0.248505,-1.922286,-3.000000
8.571000,0.245437,-1.922286,-3.000000
8.572000,0.242369,-1.922286,-3.000000
8.573000,0.239301,-2.655390,-3.000000
8.574000,0.236233,-2.655390,-3.000000
8.575000,0.230097,-2.655390,-3.000000
8.576000,0.227029,-3.222707,-3.000000
8.577000,0.223961,-3.222707,-3.000000
8.578000,0.220893,-3.222707,-3.000000
8.579000,0.214757,-3.715692,-3.000000
8.580000,0.211689,-3.715692,-3.000000
8.581000,0.208621,-3.715692,-3.000000
8.582000,0.202485,-4.130351,-3.000000
8.583000,0.199418,-4.130351,-3.000000
8.584000,0.193282,-4.130351,-3.000000
8.585000,0.187146,-4.506094,-3.000000
8.586000,0.184078,-4.506094,-3.000000
8.587000,0.177942,-4.846834,-3.000000
8.588000,0.171806,-4.846834,-3.000000
8.589000,0.168738,-4.846834,-3.000000
8.590000,0.162602,-5.157020,-3.000000
8.591000,0.156466,-5.157020,-3.000000
8.592000,0.150330,-5.449747,-3.000000
8.593000,0.144194,-5.449747,-3.000000
8.594000,0.138058,-5.721289,-3.000000
8.595000,0.131922,-5.721289,-3.000000
8.596000,0.125786,-5.999966,-3.000000
8.597000,0.119651,-5.999966,-3.000000
8.598000,0.113515,-6.218403,-3.000000
8.599000,0.107379,-6.218403,-3.000000
8.600000,0.101243,-6.463875,-3.000000
8.601000,0.095107,-6.463875,3.000000
8.602000,0.088971,-6.677345,3.000000
8.603000,0.079767,-6.601365,3.000000
8.604000,0.073631,-6.601365,3.000000
8.605000,0.067495,-6.629200,3.000000
8.606000,0.061359,-6.629200,3.000000
8.607000,0.055223,-6.433940,3.000000
8.608000,0.049087,-6.433940,3.000000
8.609000,0.042951,-6.156917,3.000000
8.610000,0.036816,-6.156917,3.000000
8.611000,0.030680,-5.928070,3.000000
8.612000,0.027612,-5.928070,3.000000
8.613000,0.021476,-5.821904,3.000000
8.614000,0.015340,-5.595563,3.000000
8.615000,0.009204,-5.595563,3.000000
8.616000,0.006136,-5.233693,3.000000
8.617000,0.000000,-5.233693,3.000000
8.618000,-0.003068,-5.036469,3.000000
8.619000,-0.009204,-4.959574,3.000000
8.620000,-0.012272,-4.959574,3.000000
8.621000,-0.018408,-4.532026,3.000000
8.622000,-0.021476,-4.532026,3.000000
8.623000,-0.024544,-4.532026,3.000000
8.624000,-0.027612,-4.050950,3.000000
8.625000,-0.033748,-4.110961,3.000000
8.626000,-0.036816,-4.110961,3.000000
8.627000,-0.039884,-4.110961,3.000000
8.628000,-0.042951,-3.644532,3.000000
8.629000,-0.046019,-3.644532,3.000000
8.630000,-0.049087,-3.644532,3.000000
8.631000,-0.052155,-3.644532,3.000000
8.632000,-0.052155,-2.895850,3.000000
8.633000,-0.055223,-3.064620,3.000000
8.634000,-0.058291,-3.064620,3.000000
8.635000,-0.058291,-3.064620,3.000000
8.636000,-0.061359,-3.064620,3.000000
8.637000,-0.064427,-2.580709,3.000000
8.638000,-0.064427,-2.130139,3.000000
8.639000,-0.067495,-2.370531,3.000000
8.640000,-0.067495,-2.370531,3.000000
8.641000,-0.070563,-2.370531,3.000000
8.642000,-0.070563,-2.370531,3.000000
8.643000,-0.070563,-2.370531,3.000000
8.644000,-0.070563,-2.225081,3.000000
8.645000,-0.073631,-1.883497,3.000000
8.646000,-0.073631,-1.633515,3.000000
8.647000,-0.073631,-1.441525,3.000000
8.648000,-0.073631,-1.290232,3.000000
8.649000,-0.073631,-1.167112,3.000000
8.650000,-0.073631,-1.065805,3.000000
8.651000,-0.073631,-0.981008,3.000000
8.652000,-0.073631,-0.908445,3.000000
8.653000,-0.073631,-0.845781,3.000000
8.654000,-0.073631,-0.790902,3.000000
8.655000,-0.070563,-1.346034,3.000000
8.656000,-0.070563,-1.346034,3.000000
8.657000,-0.070563,-1.346034,3.000000
8.658000,-0.067495,-1.346034,3.000000
8.659000,-0.067495,-1.346034,3.000000
8.660000,-0.064427,-1.346034,3.000000
8.661000,-0.064427,-1.346034,3.000000
8.662000,-0.061359,-1.346034,3.000000
8.663000,-0.061359,-1.346034,3.000000
8.664000,-0.058291,0.778858,3.000000
8.665000,-0.055223,0.778858,3.000000
8.666000,-0.055223,0.778858,3.000000
8.667000,-0.052155,0.778858,3.000000
8.668000,-0.049087,0.778858,3.000000
8.669000,-0.046019,1.945819,3.000000
8.670000,-0.042951,1.945819,3.000000
8.671000,-0.039884,1.945819,3.000000
8.672000,-0.036816,1.945819,3.000000
8.673000,-0.033748,2.664253,3.000000
8.674000,-0.030680,2.664253,3.000000
8.675000,-0.027612,2.664253,3.000000
8.676000,-0.024544,2.664253,3.000000
8.677000,-0.021476,3.235772,3.000000
8.678000,-0.015340,3.235772,3.000000
8.679000,-0.012272,3.235772,3.000000
8.680000,-0.009204,3.712445,3.000000
8.681000,-0.003068,3.712445,3.000000
8.682000,0.000000,3.712445,3.000000
8.683000,0.003068,4.125010,3.000000
8.684000,0.009204,4.125010,3.000000
8.685000,0.015340,4.498042,3.000000
8.686000,0.018408,4.498042,3.000000
8.687000,0.024544,4.498042,3.000000
8.688000,0.027612,4.822444,3.000000
8.689000,0.033748,4.822444,3.000000
8.690000,0.039884,5.123736,3.000000
8.691000,0.046019,5.123736,3.000000
8.692000,0.052155,5.406960,3.000000
8.693000,0.055223,5.406960,3.000000
8.694000,0.061359,5.406960,3.000000
8.695000,0.067495,5.669744,3.000000
8.696000,0.073631,5.669744,3.000000
8.697000,0.079767,5.907460,3.000000
8.698000,0.085903,5.907460,3.000000
8.699000,0.092039,6.145440,3.000000
8.700000,0.101243,6.355131,-3.000000
8.701000,0.107379,6.355131,-3.000000
8.702000,0.113515,6.340947,-3.000000
8.703000,0.119651,6.340947,-3.000000
8.704000,0.125786,6.271056,-3.000000
8.705000,0.131922,6.271056,-3.000000
8.706000,0.138058,6.099032,-3.000000
8.707000,0.141126,6.099032,-3.000000
8.708000,0.147262,6.064164,-3.000000
8.709000,0.153398,5.727519,-3.000000
8.710000,0.159534,5.727519,-3.000000
8.711000,0.162602,5.449108,-3.000000
8.712000,0.168738,5.449108,-3.000000
8.713000,0.174874,5.189033,-3.000000
8.714000,0.177942,5.189033,-3.000000
8.715000,0.184078,5.189033,-3.000000
8.716000,0.187146,4.815138,-3.000000
8.717000,0.190214,4.815138,-3.000000
8.718000,0.196350,4.815138,-3.000000
8.719000,0.199418,4.421269,-3.000000
8.720000,0.202485,4.421269,-3.000000
8.721000,0.208621,4.421269,-3.000000
8.722000,0.211689,3.960275,-3.000000
8.723000,0.214757,3.960275,-3.000000
8.724000,0.217825,3.960275,-3.000000
8.725000,0.220893,3.852929,-3.000000
8.726000,0.223961,3.462317,-3.000000
8.727000,0.227029,3.462317,-3.000000
8.728000,0.230097,3.462317,-3.000000
8.729000,0.230097,3.462317,-3.000000
8.730000,0.233165,2.842259,-3.000000
8.731000,0.236233,2.875961,-3.000000
8.732000,0.236233,2.875961,-3.000000
8.733000,0.239301,2.875961,-3.000000
8.734000,0.242369,2.875961,-3.000000
8.735000,0.242369,2.747454,-3.000000
8.736000,0.245437,2.242565,-3.000000
8.737000,0.245437,1.896669,-3.000000
8.738000,0.245437,1.642475,-3.000000
8.739000,0.248505,2.101434,-3.000000
8.740000,0.248505,2.101434,-3.000000
8.741000,0.248505,2.101434,-3.000000
8.742000,0.248505,2.101434,-3.000000
8.743000,0.251573,2.101434,-3.000000
8.744000,0.251573,2.083741,-3.000000
8.745000,0.251573,1.778528,-3.000000
8.746000,0.251573,1.554357,-3.000000
8.747000,0.251573,1.379384,-3.000000
8.748000,0.251573,1.239427,-3.000000
8.749000,0.251573,1.126274,-3.000000
8.750000,0.248505,-1.031512,-3.000000
8.751000,0.248505,-0.951072,-3.000000
8.752000,0.248505,-0.882664,-3.000000
8.753000,0.248505,-0.823422,-3.000000
8.754000,0.245437,-0.771745,-3.000000
8.755000,0.245437,-0.726335,-3.000000
8.756000,0.242369,-0.685775,-3.000000
8.757000,0.242369,-0.649361,-3.000000
8.758000,0.239301,-0.615873,-3.000000
8.759000,0.239301,-0.615873,-3.000000
8.760000,0.236233,-0.615873,-3.000000
8.761000,0.236233,-0.615873,-3.000000
8.762000,0.233165,-0.615873,-3.000000
8.763000,0.230097,-0.615873,-3.000000
8.764000,0.227029,-1.634854,-3.000000
8.765000,0.223961,-1.634854,-3.000000
8.766000,0.223961,-1.634854,-3.000000
8.767000,0.220893,-1.634854,-3.000000
8.768000,0.217825,-1.634854,-3.000000
8.769000,0.214757,-2.464274,-3.000000
8.770000,0.211689,-2.464274,-3.000000
8.771000,0.208621,-2.464274,-3.000000
8.772000,0.202485,-3.058351,-3.000000
8.773000,0.199418,-3.058351,-3.000000
8.774000,0.196350,-3.058351,-3.000000
8.775000,0.193282,-3.058351,-3.000000
8.776000,0.187146,-3.566864,-3.000000
8.777000,0.184078,-3.566864,-3.000000
8.778000,0.181010,-3.566864,-3.000000
8.779000,0.174874,-4.002305,-3.000000
8.780000,0.171806,-4.002305,-3.000000
8.781000,0.165670,-4.393000,-3.000000
8.782000,0.162602,-4.393000,-3.000000
8.783000,0.156466,-4.393000,-3.000000
8.784000,0.150330,-4.737453,-3.000000
8.785000,0.147262,-4.737453,-3.000000
8.786000,0.141126,-5.052539,-3.000000
8.787000,0.134990,-5.052539,-3.000000
8.788000,0.128854,-5.369012,-3.000000
8.789000,0.125786,-5.369012,-3.000000
8.790000,0.119651,-5.369012,-3.000000
8.791000,0.113515,-5.622875,-3.000000
8.792000,0.107379,-5.622875,-3.000000
8.793000,0.101243,-5.893079,-3.000000
8.794000,0.095107,-5.893079,-3.000000
8.795000,0.088971,-6.130304,-3.000000
8.796000,0.079767,-6.355817,-3.000000
8.797000,0.073631,-6.355817,-3.000000
8.798000,0.067495,-6.563021,-3.000000
8.799000,0.061359,-6.563021,-3.000000
8.800000,0.052155,-6.759796,3.000000
8.801000,0.042951,-6.759796,3.000000
8.802000,0.036816,-6.958911,3.000000
8.803000,0.030680,-6.958911,3.000000
8.804000,0.024544,-6.285510,3.000000
8.805000,0.018408,-6.285510,3.000000
8.806000,0.012272,-6.733780,3.000000
8.807000,0.006136,-6.701705,3.000000
8.808000,0.000000,-6.432253,3.000000
8.809000,-0.006136,-6.432253,3.000000
8.810000,-0.012272,-6.017700,3.000000
8.811000,-0.018408,-6.017700,3.000000
8.812000,-0.024544,-5.774534,3.000000
8.813000,-0.027612,-5.774534,3.000000
8.814000,-0.033748,-5.429153,3.000000
8.815000,-0.039884,-5.429153,3.000000
8.816000,-0.042951,-5.379145,3.000000
8.817000,-0.049087,-5.143362,3.000000
8.818000,-0.052155,-5.143362,3.000000
8.819000,-0.058291,-4.669850,3.000000
8.820000,-0.061359,-4.669850,3.000000
8.821000,-0.064427,-4.669850,3.000000
8.822000,-0.070563,-4.268757,3.000000
8.823000,-0.073631,-4.268757,3.000000
8.824000,-0.076699,-4.268757,3.000000
8.825000,-0.079767,-4.069908,3.000000
8.826000,-0.082835,-3.828024,3.000000
8.827000,-0.085903,-3.828024,3.000000
8.828000,-0.088971,-3.828024,3.000000
8.829000,-0.092039,-3.456547,3.000000
8.830000,-0.095107,-3.264247,3.000000
8.831000,-0.098175,-3.264247,3.000000
8.832000,-0.098175,-3.264247,3.000000
8.833000,-0.101243,-3.264247,3.000000
8.834000,-0.104311,-2.784301,3.000000
8.835000,-0.104311,-2.269395,3.000000
8.836000,-0.107379,-2.612954,3.000000
8.837000,-0.110447,-2.612954,3.000000
8.838000,-0.110447,-2.612954,3.000000
8.839000,-0.110447,-2.612954,3.000000
8.840000,-0.113515,-2.486332,3.000000
8.841000,-0.113515,-2.067534,3.000000
8.842000,-0.116583,-1.768472,3.000000
8.843000,-0.116583,-1.546287,3.000000
8.844000,-0.116583,-1.373155,3.000000
8.845000,-0.116583,-1.235981,3.000000
8.846000,-0.116583,-1.122262,3.000000
8.847000,-0.116583,-1.027709,3.000000
8.848000,-0.116583,-0.948830,3.000000
8.849000,-0.116583,-0.880353,3.000000
8.850000,-0.116583,-0.821316,3.000000
8.851000,-0.116583,-0.769806,3.000000
8.852000,-0.116583,-0.724569,3.000000
8.853000,-0.116583,-0.684208,3.000000
8.854000,-0.116583,-0.647873,3.000000
8.855000,-0.113515,0.615518,3.000000
8.856000,-0.113515,0.586117,3.000000
8.857000,-0.110447,1.749012,3.000000
8.858000,-0.110447,1.749012,3.000000
8.859000,-0.110447,1.749012,3.000000
8.860000,-0.107379,1.749012,3.000000
8.861000,-0.104311,1.749012,3.000000
8.862000,-0.104311,1.749012,3.000000
8.863000,-0.101243,1.749012,3.000000
8.864000,-0.098175,0.561423,3.000000
8.865000,-0.098175,0.561423,3.000000
8.866000,-0.095107,0.561423,3.000000
8.867000,-0.092039,0.561423,3.000000
8.868000,-0.088971,0.561423,3.000000
8.869000,-0.085903,2.200121,3.000000
8.870000,-0.082835,2.200121,3.000000
8.871000,-0.079767,2.200121,3.000000
8.872000,-0.076699,2.200121,3.000000
8.873000,-0.073631,2.861997,3.000000
8.874000,-0.070563,2.861997,3.000000
8.875000,-0.067495,2.861997,3.000000
8.876000,-0.064427,2.861997,3.000000
8.877000,-0.058291,3.406533,3.000000
8.878000,-0.055223,3.406533,3.000000
8.879000,-0.052155,3.406533,3.000000
8.880000,-0.046019,3.872314,3.000000
8.881000,-0.042951,3.872314,3.000000
8.882000,-0.036816,4.269314,3.000000
8.883000,-0.033748,4.269314,3.000000
8.884000,-0.027612,4.269314,3.000000
8.885000,-0.024544,4.639104,3.000000
8.886000,-0.018408,4.639104,3.000000
8.887000,-0.012272,4.964088,3.000000
8.888000,-0.006136,4.964088,3.000000
8.889000,-0.003068,4.964088,3.000000
8.890000,0.003068,5.269588,3.000000
8.891000,0.009204,5.269588,3.000000
8.892000,0.015340,5.558356,3.000000
8.893000,0.021476,5.558356,3.000000
8.894000,0.027612,5.826588,3.000000
8.895000,0.033748,5.826588,3.000000
8.896000,0.039884,6.063873,3.000000
8.897000,0.046019,6.063873,3.000000
8.898000,0.052155,6.314077,3.000000
8.899000,0.058291,6.314077,3.000000
8.900000,0.067495,6.523192,3.000000
8.901000,0.073631,6.729882,-3.000000
8.902000,0.079767,6.729882,-3.000000
8.903000,0.085903,6.927865,-3.000000
8.904000,0.092039,6.927865,-3.000000
8.905000,0.101243,6.403677,-3.000000
8.906000,0.107379,6.403677,-3.000000
8.907000,0.113515,6.482512,-3.000000
8.908000,0.119651,6.482512,-3.000000
8.909000,0.125786,6.304795,-3.000000
8.910000,0.131922,6.304795,-3.000000
8.911000,0.134990,6.024347,-3.000000
8.912000,0.141126,6.024347,-3.000000
8.913000,0.147262,5.757076,-3.000000
8.914000,0.153398,5.757076,-3.000000
8.915000,0.156466,5.420527,-3.000000
8.916000,0.162602,5.424920,-3.000000
8.917000,0.168738,5.424920,-3.000000
8.918000,0.171806,5.030533,-3.000000
8.919000,0.177942,5.030533,-3.000000
8.920000,0.181010,5.030533,-3.000000
8.921000,0.184078,4.677241,-3.000000
8.922000,0.190214,4.677241,-3.000000
8.923000,0.193282,4.645909,-3.000000
8.924000,0.196350,4.216566,-3.000000
8.925000,0.199418,4.216566,-3.000000
8.926000,0.202485,4.216566,-3.000000
8.927000,0.208621,3.772084,-3.000000
8.928000,0.211689,3.772084,-3.000000
8.929000,0.214757,3.772084,-3.000000
8.930000,0.214757,3.772084,-3.000000
8.931000,0.217825,2.999402,-3.000000
8.932000,0.220893,3.221180,-3.000000
8.933000,0.223961,3.221180,-3.000000
8.934000,0.227029,3.221180,-3.000000
8.935000,0.227029,3.175190,-3.000000
8.936000,0.230097,2.526306,-3.000000
8.937000,0.233165,2.557952,-3.000000
8.938000,0.233165,2.557952,-3.000000
8.939000,0.236233,2.557952,-3.000000
8.940000,0.236233,2.557952,-3.000000
8.941000,0.236233,2.557952,-3.000000
8.942000,0.239301,2.332429,-3.000000
8.943000,0.239301,1.960981,-3.000000
8.944000,0.239301,1.691609,-3.000000
8.945000,0.242369,1.487304,-3.000000
8.946000,0.242369,1.326218,-3.000000
8.947000,0.242369,1.196567,-3.000000
8.948000,0.242369,1.090006,-3.000000
8.949000,0.242369,1.001528,-3.000000
8.950000,0.242369,0.926095,-3.000000
8.951000,0.242369,0.860878,-3.000000
8.952000,0.242369,0.804201,-3.000000
8.953000,0.242369,0.754835,-3.000000
8.954000,0.242369,0.711119,-3.000000
8.955000,0.239301,-0.672251,-3.000000
8.956000,0.239301,-0.637535,-3.000000
8.957000,0.239301,-0.605785,-3.000000
8.958000,0.236233,-1.683115,-3.000000
8.959000,0.236233,-1.683115,-3.000000
8.960000,0.233165,-1.683115,-3.000000
8.961000,0.233165,-1.683115,-3.000000
8.962000,0.230097,-1.683115,-3.000000
8.963000,0.230097,-1.683115,-3.000000
8.964000,0.227029,-1.683115,-3.000000
8.965000,0.227029,-1.683115,-3.000000
8.966000,0.223961,-0.585438,-3.000000
8.967000,0.220893,-0.585438,-3.000000
8.968000,0.217825,-0.585438,-3.000000
8.969000,0.214757,-0.585438,-3.000000
8.970000,0.211689,-2.143965,-3.000000
8.971000,0.208621,-2.143965,-3.000000
8.972000,0.208621,-2.143965,-3.000000
8.973000,0.202485,-2.143965,-3.000000
8.974000,0.199418,-2.819233,-3.000000
8.975000,0.196350,-2.819233,-3.000000
8.976000,0.193282,-2.819233,-3.000000
8.977000,0.190214,-2.819233,-3.000000
8.978000,0.187146,-3.371271,-3.000000
8.979000,0.181010,-3.371271,-3.000000
8.980000,0.177942,-3.371271,-3.000000
8.981000,0.174874,-3.832873,-3.000000
8.982000,0.168738,-3.832873,-3.000000
8.983000,0.165670,-3.832873,-3.000000
8.984000,0.159534,-4.236114,-3.000000
8.985000,0.156466,-4.236114,-3.000000
8.986000,0.150330,-4.605396,-3.000000
8.987000,0.144194,-4.605396,-3.000000
8.988000,0.141126,-4.605396,-3.000000
8.989000,0.134990,-4.931258,-3.000000
8.990000,0.128854,-4.931258,-3.000000
8.991000,0.122718,-5.264565,-3.000000
8.992000,0.119651,-5.264565,-3.000000
8.993000,0.113515,-5.529554,-3.000000
8.994000,0.107379,-5.529554,-3.000000
8.995000,0.101243,-5.816577,-3.000000
8.996000,0.095107,-5.816577,-3.000000
8.997000,0.088971,-6.059506,-3.000000
8.998000,0.082835,-6.059506,-3.000000
8.999000,0.073631,-6.301153,-3.000000
9.000000,0.067495,-6.301153,-3.000000
9.001000,0.061359,-6.511607,3.000000
9.002000,0.055223,-6.511607,3.000000
9.003000,0.049087,-6.725886,3.000000
9.004000,0.042951,-6.725886,3.000000
9.005000,0.036816,-6.149461,3.000000
9.006000,0.030680,-6.149461,3.000000
9.007000,0.024544,-6.761451,3.000000
9.008000,0.018408,-6.316785,3.000000
9.009000,0.012272,-6.256225,3.000000
9.010000,0.006136,-6.256225,3.000000
9.011000,0.000000,-5.892175,3.000000
9.012000,-0.006136,-5.892175,3.000000
9.013000,-0.012272,-5.633882,3.000000
9.014000,-0.015340,-5.633882,3.000000
9.015000,-0.021476,-5.295708,3.000000
9.016000,-0.024544,-5.295708,3.000000
9.017000,-0.030680,-5.295708,3.000000
9.018000,-0.033748,-5.060961,3.000000
9.019000,-0.039884,-5.060961,3.000000
9.020000,-0.042951,-4.689504,3.000000
9.021000,-0.049087,-4.576984,3.000000
9.022000,-0.052155,-4.576984,3.000000
9.023000,-0.055223,-4.298203,3.000000
9.024000,-0.058291,-4.177275,3.000000
9.025000,-0.064427,-4.177275,3.000000
9.026000,-0.067495,-4.177275,3.000000
9.027000,-0.070563,-3.746223,3.000000
9.028000,-0.073631,-3.746223,3.000000
9.029000,-0.076699,-3.746223,3.000000
9.030000,-0.079767,-3.746223,3.000000
9.031000,-0.079767,-2.917941,3.000000
9.032000,-0.082835,-3.160675,3.000000
9.033000,-0.085903,-3.160675,3.000000
9.034000,-0.088971,-3.160675,3.000000
9.035000,-0.088971,-3.151937,3.000000
9.036000,-0.092039,-2.507486,3.000000
9.037000,-0.095107,-2.496223,3.000000
9.038000,-0.095107,-2.496223,3.000000
9.039000,-0.098175,-2.496223,3.000000
9.040000,-0.098175,-2.496223,3.000000
9.041000,-0.098175,-2.496223,3.000000
9.042000,-0.101243,-2.417397,3.000000
9.043000,-0.101243,-2.017529,3.000000
9.044000,-0.101243,-1.732571,3.000000
9.045000,-0.101243,-1.518120,3.000000
9.046000,-0.104311,-1.351430,3.000000
9.047000,-0.104311,-1.217784,3.000000
9.048000,-0.104311,-1.107742,3.000000
9.049000,-0.104311,-1.016258,3.000000
9.050000,-0.104311,-0.938123,3.000000
9.051000,-0.104311,-0.871570,3.000000
9.052000,-0.104311,-0.814016,3.000000
9.053000,-0.101243,0.763045,3.000000
9.054000,-0.101243,0.718617,3.000000
9.055000,-0.101243,0.678812,3.000000
9.056000,-0.101243,0.643066,3.000000
9.057000,-0.098175,1.580818,3.000000
9.058000,-0.098175,1.580818,3.000000
9.059000,-0.095107,1.580818,3.000000
9.060000,-0.095107,1.580818,3.000000
9.061000,-0.092039,1.580818,3.000000
9.062000,-0.092039,1.580818,3.000000
9.063000,-0.088971,1.580818,3.000000
9.064000,-0.088971,1.580818,3.000000
9.065000,-0.085903,0.635744,3.000000
9.066000,-0.082835,0.635744,3.000000
9.067000,-0.079767,0.635744,3.000000
9.068000,-0.076699,0.635744,3.000000
9.069000,-0.076699,0.635744,3.000000
9.070000,-0.073631,2.073716,3.000000
9.071000,-0.070563,2.073716,3.000000
9.072000,-0.067495,2.073716,3.000000
9.073000,-0.064427,2.073716,3.000000
9.074000,-0.061359,2.763990,3.000000
9.075000,-0.055223,2.763990,3.000000
9.076000,-0.052155,2.763990,3.000000
9.077000,-0.049087,3.317649,3.000000
9.078000,-0.046019,3.317649,3.000000
9.079000,-0.039884,3.317649,3.000000
9.080000,-0.036816,3.774001,3.000000
9.081000,-0.033748,3.774001,3.000000
9.082000,-0.027612,3.774001,3.000000
9.083000,-0.024544,4.191682,3.000000
9.084000,-0.018408,4.191682,3.000000
9.085000,-0.015340,4.191682,3.000000
9.086000,-0.009204,4.548427,3.000000
9.087000,-0.003068,4.548427,3.000000
9.088000,0.000000,4.866910,3.000000
9.089000,0.006136,4.866910,3.000000
9.090000,0.012272,5.183097,3.000000
9.091000,0.018408,5.183097,3.000000
9.092000,0.024544,5.451529,3.000000
9.093000,0.027612,5.451529,3.000000
9.094000,0.033748,5.451529,3.000000
9.095000,0.039884,5.712005,3.000000
9.096000,0.046019,5.712005,3.000000
9.097000,0.052155,5.961146,3.000000
9.098000,0.058291,5.961146,3.000000
9.099000,0.064427,6.188656,3.000000
9.100000,0.073631,6.400615,3.000000
9.101000,0.079767,6.400615,-3.000000
9.102000,0.085903,6.603783,-3.000000
9.103000,0.092039,6.603783,-3.000000
9.104000,0.098175,6.323204,-3.000000
9.105000,0.104311,6.323204,-3.000000
9.106000,0.110447,6.403770,-3.000000
9.107000,0.116583,6.403770,-3.000000
9.108000,0.122718,6.194383,-3.000000
9.109000,0.128854,6.194383,-3.000000
9.110000,0.134990,5.857567,-3.000000
9.111000,0.138058,5.857567,-3.000000
9.112000,0.144194,5.804235,-3.000000
9.113000,0.150330,5.558251,-3.000000
9.114000,0.156466,5.558251,-3.000000
9.115000,0.159534,5.120233,-3.000000
9.116000,0.165670,5.120233,-3.000000
9.117000,0.168738,5.120233,-3.000000
9.118000,0.174874,4.940854,-3.000000
9.119000,0.177942,4.940854,-3.000000
9.120000,0.181010,4.433359,-3.000000
9.121000,0.187146,4.419898,-3.000000
9.122000,0.190214,4.419898,-3.000000
9.123000,0.193282,4.242582,-3.000000
9.124000,0.196350,4.022897,-3.000000
9.125000,0.199418,4.022897,-3.000000
9.126000,0.202485,4.022897,-3.000000
9.127000,0.205553,3.370216,-3.000000
9.128000,0.208621,3.543960,-3.000000
9.129000,0.211689,3.543960,-3.000000
9.130000,0.214757,3.543960,-3.000000
9.131000,0.217825,3.169325,-3.000000
9.132000,0.220893,2.939472,-3.000000
9.133000,0.220893,2.939472,-3.000000
9.134000,0.223961,2.939472,-3.000000
9.135000,0.227029,2.939472,-3.000000
9.136000,0.227029,2.939472,-3.000000
9.137000,0.230097,2.379142,-3.000000
9.138000,0.230097,1.991963,-3.000000
9.139000,0.233165,2.214002,-3.000000
9.140000,0.233165,2.214002,-3.000000
9.141000,0.233165,2.214002,-3.000000
9.142000,0.236233,2.214002,-3.000000
9.143000,0.236233,2.214002,-3.000000
9.144000,0.236233,2.214002,-3.000000
9.145000,0.236233,1.976956,-3.000000
9.146000,0.236233,1.701567,-3.000000
9.147000,0.236233,1.495164,-3.000000
9.148000,0.236233,1.332605,-3.000000
9.149000,0.236233,1.201833,-3.000000
9.150000,0.236233,1.094167,-3.000000
9.151000,0.236233,1.004573,-3.000000
9.152000,0.236233,0.928737,-3.000000
9.153000,0.236233,0.863569,-3.000000
9.154000,0.233165,-0.806696,-3.000000
9.155000,0.233165,-0.757067,-3.000000
9.156000,0.233165,-0.713072,-3.000000
9.157000,0.230097,-0.673674,-3.000000
9.158000,0.230097,-0.638638,-3.000000
9.159000,0.227029,-0.607205,-3.000000
9.160000,0.227029,-0.578586,-3.000000
9.161000,0.223961,-0.557120,-3.000000
9.162000,0.223961,-0.557120,-3.000000
9.163000,0.220893,-0.557120,-3.000000
9.164000,0.217825,-0.557120,-3.000000
9.165000,0.217825,-0.557120,-3.000000
9.166000,0.214757,-0.557120,-3.000000
9.167000,0.211689,-1.766796,-3.000000
9.168000,0.208621,-1.766796,-3.000000
9.169000,0.205553,-1.766796,-3.000000
9.170000,0.202485,-1.766796,-3.000000
9.171000,0.199418,-2.540141,-3.000000
9.172000,0.196350,-2.540141,-3.000000
9.173000,0.193282,-2.540141,-3.000000
9.174000,0.190214,-2.540141,-3.000000
9.175000,0.187146,-3.133749,-3.000000
9.176000,0.184078,-3.133749,-3.000000
9.177000,0.177942,-3.133749,-3.000000
9.178000,0.174874,-3.634502,-3.000000
9.179000,0.171806,-3.634502,-3.000000
9.180000,0.165670,-3.634502,-3.000000
9.181000,0.162602,-4.058654,-3.000000
9.182000,0.156466,-4.058654,-3.000000
9.183000,0.153398,-4.058654,-3.000000
9.184000,0.147262,-4.438704,-3.000000
9.185000,0.141126,-4.438704,-3.000000
9.186000,0.138058,-4.783698,-3.000000
9.187000,0.131922,-4.783698,-3.000000
9.188000,0.125786,-5.111169,-3.000000
9.189000,0.122718,-5.111169,-3.000000
9.190000,0.116583,-5.111169,-3.000000
9.191000,0.110447,-5.393823,-3.000000
9.192000,0.104311,-5.393823,-3.000000
9.193000,0.098175,-5.675134,-3.000000
9.194000,0.092039,-5.675134,-3.000000
9.195000,0.085903,-5.928388,-3.000000
9.196000,0.079767,-5.928388,-3.000000
9.197000,0.073631,-6.162284,-3.000000
9.198000,0.067495,-6.162284,-3.000000
9.199000,0.061359,-6.380371,-3.000000
9.200000,0.052155,-6.582922,3.000000
9.201000,0.046019,-6.582922,3.000000
9.202000,0.039884,-6.702620,3.000000
9.203000,0.033748,-6.702620,3.000000
9.204000,0.027612,-6.381108,3.000000
9.205000,0.021476,-6.381108,3.000000
9.206000,0.015340,-6.347416,3.000000
9.207000,0.009204,-6.347416,3.000000
9.208000,0.003068,-6.073793,3.000000
9.209000,-0.003068,-6.073793,3.000000
9.210000,-0.009204,-5.826626,3.000000
9.211000,-0.012272,-5.826626,3.000000
9.212000,-0.018408,-5.826626,3.000000
9.213000,-0.024544,-5.448974,3.000000
9.214000,-0.027612,-5.448974,3.000000
9.215000,-0.033748,-5.118957,3.000000
9.216000,-0.036816,-5.118957,3.000000
9.217000,-0.042951,-5.118957,3.000000
9.218000,-0.046019,-4.795017,3.000000
9.219000,-0.052155,-4.795017,3.000000
9.220000,-0.055223,-4.767386,3.000000
9.221000,-0.058291,-4.382715,3.000000
9.222000,-0.061359,-4.382715,3.000000
9.223000,-0.067495,-4.382715,3.000000
9.224000,-0.070563,-3.902139,3.000000
9.225000,-0.073631,-3.902139,3.000000
9.226000,-0.076699,-3.902139,3.000000
9.227000,-0.079767,-3.730974,3.000000
9.228000,-0.082835,-3.378825,3.000000
9.229000,-0.085903,-3.378825,3.000000
9.230000,-0.085903,-3.378825,3.000000
9.231000,-0.088971,-3.378825,3.000000
9.232000,-0.092039,-2.830250,3.000000
9.233000,-0.095107,-2.769075,3.000000
9.234000,-0.095107,-2.769075,3.000000
9.235000,-0.098175,-2.769075,3.000000
9.236000,-0.098175,-2.769075,3.000000
9.237000,-0.101243,-2.769075,3.000000
9.238000,-0.101243,-2.342309,3.000000
9.239000,-0.104311,-1.965404,3.000000
9.240000,-0.104311,-1.694633,3.000000
9.241000,-0.104311,-1.489540,3.000000
9.242000,-0.107379,-1.985758,3.000000
9.243000,-0.107379,-1.985758,3.000000
9.244000,-0.107379,-1.985758,3.000000
9.245000,-0.107379,-1.985758,3.000000
9.246000,-0.107379,-1.985758,3.000000
9.247000,-0.107379,-1.985758,3.000000
9.248000,-0.107379,-1.852941,3.000000
9.249000,-0.107379,-1.609261,3.000000
9.250000,-0.107379,-1.421850,3.000000
9.251000,-0.107379,-1.274694,3.000000
9.252000,-0.107379,-1.154564,3.000000
9.253000,-0.107379,-1.055626,3.000000
9.254000,-0.104311,0.971565,3.000000
9.255000,-0.104311,0.900858,3.000000
9.256000,-0.104311,0.838952,3.000000
9.257000,-0.101243,0.785209,3.000000
9.258000,-0.101243,0.738183,3.000000
9.259000,-0.098175,0.729240,3.000000
9.260000,-0.095107,0.729240,3.000000
9.261000,-0.095107,0.729240,3.000000
9.262000,-0.092039,0.729240,3.000000
9.263000,-0.092039,0.729240,3.000000
9.264000,-0.088971,0.729240,3.000000
9.265000,-0.085903,1.448179,3.000000
9.266000,-0.082835,1.448179,3.000000
9.267000,-0.079767,1.448179,3.000000
9.268000,-0.076699,1.448179,3.000000
9.269000,-0.073631,2.351973,3.000000
9.270000,-0.070563,2.351973,3.000000
9.271000,-0.067495,2.351973,3.000000
9.272000,-0.064427,2.351973,3.000000
9.273000,-0.061359,2.985911,3.000000
9.274000,-0.058291,2.985911,3.000000
9.275000,-0.055223,2.985911,3.000000
9.276000,-0.049087,3.511244,3.000000
9.277000,-0.046019,3.511244,3.000000
9.278000,-0.042951,3.511244,3.000000
9.279000,-0.036816,3.943642,3.000000
9.280000,-0.033748,3.943642,3.000000
9.281000,-0.027612,3.943642,3.000000
9.282000,-0.024544,4.349105,3.000000
9.283000,-0.018408,4.349105,3.000000
9.284000,-0.015340,4.349105,3.000000
9.285000,-0.009204,4.701106,3.000000
9.286000,-0.003068,4.701106,3.000000
9.287000,0.000000,5.012440,3.000000
9.288000,0.006136,5.012440,3.000000
9.289000,0.012272,5.328731,3.000000
9.290000,0.018408,5.328731,3.000000
9.291000,0.024544,5.597973,3.000000
9.292000,0.030680,5.597973,3.000000
9.293000,0.036816,5.857994,3.000000
9.294000,0.042951,5.857994,3.000000
9.295000,0.049087,6.108900,3.000000
9.296000,0.055223,6.108900,3.000000
9.297000,0.061359,6.338172,3.000000
9.298000,0.067495,6.338172,3.000000
9.299000,0.073631,6.551488,3.000000
9.300000,0.079767,6.551488,-3.000000
9.301000,0.088971,6.757625,-3.000000
9.302000,0.095107,6.757625,-3.000000
9.303000,0.101243,6.368690,-3.000000
9.304000,0.107379,6.368690,-3.000000
9.305000,0.113515,6.573274,-3.000000
9.306000,0.119651,6.573274,-3.000000
9.307000,0.125786,6.519871,-3.000000
9.308000,0.131922,6.519871,-3.000000
9.309000,0.138058,6.134475,-3.000000
9.310000,0.144194,6.134475,-3.000000
9.311000,0.150330,5.854578,-3.000000
9.312000,0.153398,5.854578,-3.000000
9.313000,0.159534,5.528931,-3.000000
9.314000,0.165670,5.528931,-3.000000
9.315000,0.168738,5.395766,-3.000000
9.316000,0.174874,5.265286,-3.000000
9.317000,0.177942,5.265286,-3.000000
9.318000,0.184078,4.777103,-3.000000
9.319000,0.187146,4.777103,-3.000000
9.320000,0.193282,4.777103,-3.000000
9.321000,0.196350,4.464248,-3.000000
9.322000,0.199418,4.464248,-3.000000
9.323000,0.202485,4.464248,-3.000000
9.324000,0.208621,3.978499,-3.000000
9.325000,0.211689,3.978499,-3.000000
9.326000,0.214757,3.978499,-3.000000
9.327000,0.217825,3.978499,-3.000000
9.328000,0.220893,3.485041,-3.000000
9.329000,0.223961,3.485041,-3.000000
9.330000,0.223961,3.485041,-3.000000
9.331000,0.227029,3.485041,-3.000000
9.332000,0.230097,2.927338,-3.000000
9.333000,0.233165,2.886050,-3.000000
9.334000,0.233165,2.886050,-3.000000
9.335000,0.236233,2.886050,-3.000000
9.336000,0.239301,2.886050,-3.000000
9.337000,0.239301,2.804406,-3.000000
9.338000,0.242369,2.284315,-3.000000
9.339000,0.242369,1.922474,-3.000000
9.340000,0.245437,2.154977,-3.000000
9.341000,0.245437,2.154977,-3.000000
9.342000,0.245437,2.154977,-3.000000
9.343000,0.245437,2.154977,-3.000000
9.344000,0.248505,2.154977,-3.000000
9.345000,0.248505,2.154977,-3.000000
9.346000,0.248505,2.018539,-3.000000
9.347000,0.248505,1.732710,-3.000000
9.348000,0.248505,1.519501,-3.000000
9.349000,0.248505,1.352756,-3.000000
9.350000,0.248505,1.217618,-3.000000
9.351000,0.248505,1.107558,-3.000000
9.352000,0.248505,1.016074,-3.000000
9.353000,0.248505,0.938291,-3.000000
9.354000,0.245437,-0.871877,-3.000000
9.355000,0.245437,-0.813830,-3.000000
9.356000,0.245437,-0.763198,-3.000000
9.357000,0.242369,-0.718499,-3.000000
9.358000,0.242369,-0.678704,-3.000000
9.359000,0.239301,-0.643186,-3.000000
9.360000,0.239301,-0.611176,-3.000000
9.361000,0.236233,-0.592709,-3.000000
9.362000,0.236233,-0.592709,-3.000000
9.363000,0.233165,-0.592709,-3.000000
9.364000,0.230097,-0.592709,-3.000000
9.365000,0.230097,-0.592709,-3.000000
9.366000,0.227029,-0.592709,-3.000000
9.367000,0.223961,-1.677379,-3.000000
9.368000,0.220893,-1.677379,-3.000000
9.369000,0.217825,-1.677379,-3.000000
9.370000,0.214757,-1.677379,-3.000000
9.371000,0.211689,-2.495158,-3.000000
9.372000,0.208621,-2.495158,-3.000000
9.373000,0.205553,-2.495158,-3.000000
9.374000,0.202485,-2.495158,-3.000000
9.375000,0.199418,-3.090799,-3.000000
9.376000,0.196350,-3.090799,-3.000000
9.377000,0.190214,-3.090799,-3.000000
9.378000,0.187146,-3.599852,-3.000000
9.379000,0.184078,-3.599852,-3.000000
9.380000,0.177942,-3.599852,-3.000000
9.381000,0.174874,-4.032204,-3.000000
9.382000,0.168738,-4.032204,-3.000000
9.383000,0.165670,-4.032204,-3.000000
9.384000,0.159534,-4.406452,-3.000000
9.385000,0.156466,-4.406452,-3.000000
9.386000,0.150330,-4.751644,-3.000000
9.387000,0.144194,-4.751644,-3.000000
9.388000,0.141126,-4.751644,-3.000000
9.389000,0.134990,-5.064558,-3.000000
9.390000,0.128854,-5.064558,-3.000000
9.391000,0.122718,-5.379734,-3.000000
9.392000,0.116583,-5.379734,-3.000000
9.393000,0.110447,-5.636433,-3.000000
9.394000,0.104311,-5.636433,-3.000000
9.395000,0.098175,-5.900951,-3.000000
9.396000,0.092039,-5.900951,-3.000000
9.397000,0.085903,-6.138225,-3.000000
9.398000,0.079767,-6.138225,-3.000000
9.399000,0.073631,-6.362178,-3.000000
9.400000,0.067495,-6.362178,-3.000000
9.401000,0.061359,-6.561705,3.000000
9.402000,0.055223,-6.561705,3.000000
9.403000,0.049087,-6.763056,3.000000
9.404000,0.039884,-6.366579,3.000000
9.405000,0.033748,-6.366579,3.000000
9.406000,0.027612,-6.667418,3.000000
9.407000,0.021476,-6.667418,3.000000
9.408000,0.015340,-6.254587,3.000000
9.409000,0.009204,-6.254587,3.000000
9.410000,0.003068,-5.949105,3.000000
9.411000,0.000000,-5.949105,3.000000
9.412000,-0.006136,-5.947463,3.000000
9.413000,-0.012272,-5.679986,3.000000
9.414000,-0.018408,-5.679986,3.000000
9.415000,-0.021476,-5.250549,3.000000
9.416000,-0.027612,-5.250549,3.000000
9.417000,-0.030680,-5.035895,3.000000
9.418000,-0.036816,-5.071826,3.000000
9.419000,-0.039884,-5.071826,3.000000
9.420000,-0.046019,-4.560447,3.000000
9.421000,-0.049087,-4.560447,3.000000
9.422000,-0.052155,-4.560447,3.000000
9.423000,-0.058291,-4.174176,3.000000
9.424000,-0.061359,-4.174176,3.000000
9.425000,-0.064427,-4.174176,3.000000
9.426000,-0.067495,-4.078004,3.000000
9.427000,-0.070563,-3.725703,3.000000
9.428000,-0.073631,-3.725703,3.000000
9.429000,-0.076699,-3.725703,3.000000
9.430000,-0.079767,-3.574136,3.000000
9.431000,-0.082835,-3.131483,3.000000
9.432000,-0.082835,-3.131483,3.000000
9.433000,-0.085903,-3.131483,3.000000
9.434000,-0.088971,-3.131483,3.000000
9.435000,-0.088971,-3.005872,3.000000
9.436000,-0.092039,-2.414351,3.000000
9.437000,-0.095107,-2.460014,3.000000
9.438000,-0.095107,-2.460014,3.000000
9.439000,-0.098175,-2.460014,3.000000
9.440000,-0.098175,-2.460014,3.000000
9.441000,-0.098175,-2.460014,3.000000
9.442000,-0.101243,-2.402548,3.000000
9.443000,-0.101243,-2.008654,3.000000
9.444000,-0.101243,-1.726325,3.000000
9.445000,-0.101243,-1.512571,3.000000
9.446000,-0.101243,-1.347273,3.000000
9.447000,-0.104311,-1.214091,3.000000
9.448000,-0.104311,-1.104236,3.000000
9.449000,-0.104311,-1.013166,3.000000
9.450000,-0.104311,-0.935967,3.000000
9.451000,-0.101243,0.869789,3.000000
9.452000,-0.101243,0.812140,3.000000
9.453000,-0.101243,0.761700,3.000000
9.454000,-0.101243,0.717379,3.000000
9.455000,-0.101243,0.677716,3.000000
9.456000,-0.098175,1.503483,3.000000
9.457000,-0.098175,1.503483,3.000000
9.458000,-0.095107,1.503483,3.000000
9.459000,-0.095107,1.503483,3.000000
9.460000,-0.092039,1.503483,3.000000
9.461000,-0.092039,1.503483,3.000000
9.462000,-0.088971,1.503483,3.000000
9.463000,-0.088971,1.503483,3.000000
9.464000,-0.085903,0.677127,3.000000
9.465000,-0.082835,0.677127,3.000000
9.466000,-0.079767,0.677127,3.000000
9.467000,-0.079767,0.677127,3.000000
9.468000,-0.076699,0.677127,3.000000
9.469000,-0.073631,2.028381,3.000000
9.470000,-0.070563,2.028381,3.000000
9.471000,-0.067495,2.028381,3.000000
9.472000,-0.064427,2.028381,3.000000
9.473000,-0.061359,2.734436,3.000000
9.474000,-0.058291,2.734436,3.000000
9.475000,-0.055223,2.734436,3.000000
9.476000,-0.049087,3.300300,3.000000
9.477000,-0.046019,3.300300,3.000000
9.478000,-0.042951,3.300300,3.000000
9.479000,-0.036816,3.767018,3.000000
9.480000,-0.033748,3.767018,3.000000
9.481000,-0.030680,3.767018,3.000000
9.482000,-0.024544,4.190449,3.000000
9.483000,-0.021476,4.190449,3.000000
9.484000,-0.015340,4.190449,3.000000
9.485000,-0.009204,4.554288,3.000000
9.486000,-0.006136,4.554288,3.000000
9.487000,0.000000,4.886100,3.000000
9.488000,0.006136,4.886100,3.000000
9.489000,0.009204,4.886100,3.000000
9.490000,0.015340,5.205326,3.000000
9.491000,0.021476,5.205326,3.000000
9.492000,0.027612,5.488303,3.000000
9.493000,0.033748,5.488303,3.000000
9.494000,0.039884,5.749845,3.000000
9.495000,0.046019,5.749845,3.000000
9.496000,0.052155,6.014383,3.000000
9.497000,0.058291,6.014383,3.000000
9.498000,0.064427,6.241729,3.000000
9.499000,0.070563,6.241729,3.000000
9.500000,0.076699,6.467471,3.000000
9.501000,0.085903,6.674116,-3.000000
9.502000,0.092039,6.674116,-3.000000
9.503000,0.098175,6.770622,-3.000000
9.504000,0.104311,6.770622,-3.000000
9.505000,0.110447,6.533466,-3.000000
9.506000,0.116583,6.533466,-3.000000
9.507000,0.122718,6.376089,-3.000000
9.508000,0.128854,6.376089,-3.000000
9.509000,0.134990,6.170978,-3.000000
9.510000,0.141126,6.170978,-3.000000
9.511000,0.147262,5.896501,-3.000000
9.512000,0.153398,5.896501,-3.000000
9.513000,0.156466,5.545135,-3.000000
9.514000,0.162602,5.613337,-3.000000
9.515000,0.168738,5.613337,-3.000000
9.516000,0.171806,5.183036,-3.000000
9.517000,0.177942,5.183036,-3.000000
9.518000,0.181010,4.881025,-3.000000
9.519000,0.187146,4.943729,-3.000000
9.520000,0.190214,4.943729,-3.000000
9.521000,0.196350,4.490088,-3.000000
9.522000,0.199418,4.490088,-3.000000
9.523000,0.202485,4.490088,-3.000000
9.524000,0.205553,3.985714,-3.000000
9.525000,0.208621,4.065077,-3.000000
9.526000,0.214757,4.065077,-3.000000
9.527000,0.217825,4.065077,-3.000000
9.528000,0.220893,3.605228,-3.000000
9.529000,0.223961,3.605228,-3.000000
9.530000,0.227029,3.605228,-3.000000
9.531000,0.227029,3.605228,-3.000000
9.532000,0.230097,2.935380,-3.000000
9.533000,0.233165,3.007939,-3.000000
9.534000,0.236233,3.007939,-3.000000
9.535000,0.236233,3.007939,-3.000000
9.536000,0.239301,3.007939,-3.000000
9.537000,0.239301,2.663723,-3.000000
9.538000,0.242369,2.186488,-3.000000
9.539000,0.245437,2.294685,-3.000000
9.540000,0.245437,2.294685,-3.000000
9.541000,0.245437,2.294685,-3.000000
9.542000,0.248505,2.294685,-3.000000
9.543000,0.248505,2.294685,-3.000000
9.544000,0.248505,2.294685,-3.000000
9.545000,0.248505,2.028195,-3.000000
9.546000,0.251573,1.740732,-3.000000
9.547000,0.251573,1.524177,-3.000000
9.548000,0.251573,1.356078,-3.000000
9.549000,0.251573,1.220231,-3.000000
9.550000,0.251573,1.111020,-3.000000
9.551000,0.251573,1.018928,-3.000000
9.552000,0.251573,0.939882,-3.000000
9.553000,0.248505,1.171906,-3.000000
9.554000,0.248505,1.171906,-3.000000
9.555000,0.248505,1.171906,-3.000000
9.556000,0.248505,1.171906,-3.000000
9.557000,0.245437,1.171906,-3.000000
9.558000,0.245437,1.171906,-3.000000
9.559000,0.242369,1.171906,-3.000000
9.560000,0.242369,1.171906,-3.000000
9.561000,0.239301,1.171906,-3.000000
9.562000,0.239301,1.171906,-3.000000
9.563000,0.236233,-0.935223,-3.000000
9.564000,0.236233,-0.935223,-3.000000
9.565000,0.233165,-0.935223,-3.000000
9.566000,0.230097,-0.935223,-3.000000
9.567000,0.227029,-0.935223,-3.000000
9.568000,0.223961,-1.858651,-3.000000
9.569000,0.223961,-1.858651,-3.000000
9.570000,0.220893,-1.858651,-3.000000
9.571000,0.217825,-1.858651,-3.000000
9.572000,0.214757,-1.858651,-3.000000
9.573000,0.211689,-2.612853,-3.000000
9.574000,0.208621,-2.612853,-3.000000
9.575000,0.202485,-2.612853,-3.000000
9.576000,0.199418,-3.187021,-3.000000
9.577000,0.196350,-3.187021,-3.000000
9.578000,0.193282,-3.187021,-3.000000
9.579000,0.187146,-3.679821,-3.000000
9.580000,0.184078,-3.679821,-3.000000
9.581000,0.181010,-3.679821,-3.000000
9.582000,0.174874,-4.105879,-3.000000
9.583000,0.171806,-4.105879,-3.000000
9.584000,0.165670,-4.105879,-3.000000
9.585000,0.162602,-4.473560,-3.000000
9.586000,0.156466,-4.473560,-3.000000
9.587000,0.150330,-4.813642,-3.000000
9.588000,0.147262,-4.813642,-3.000000
9.589000,0.141126,-4.813642,-3.000000
9.590000,0.134990,-5.126858,-3.000000
9.591000,0.128854,-5.126858,-3.000000
9.592000,0.122718,-5.435398,-3.000000
9.593000,0.116583,-5.435398,-3.000000
9.594000,0.113515,-5.693088,-3.000000
9.595000,0.107379,-5.693088,-3.000000
9.596000,0.101243,-5.956845,-3.000000
9.597000,0.095107,-5.956845,-3.000000
9.598000,0.085903,-6.194643,-3.000000
9.599000,0.079767,-6.194643,-3.000000
9.600000,0.073631,-6.416279,-3.000000
9.601000,0.067495,-6.416279,3.000000
9.602000,0.061359,-6.620855,3.000000
9.603000,0.055223,-6.620855,3.000000
9.604000,0.049087,-6.214817,3.000000
9.605000,0.042951,-6.214817,3.000000
9.606000,0.036816,-6.569218,3.000000
9.607000,0.030680,-6.392558,3.000000
9.608000,0.024544,-6.479850,3.000000
9.609000,0.018408,-6.259150,3.000000
9.610000,0.012272,-5.990894,3.000000
9.611000,0.006136,-5.990894,3.000000
9.612000,0.000000,-5.751043,3.000000
9.613000,-0.003068,-5.751043,3.000000
9.614000,-0.009204,-5.423688,3.000000
9.615000,-0.015340,-5.423688,3.000000
9.616000,-0.018408,-5.240304,3.000000
9.617000,-0.024544,-5.150017,3.000000
9.618000,-0.027612,-5.150017,3.000000
9.619000,-0.033748,-4.670689,3.000000
9.620000,-0.036816,-4.670689,3.000000
9.621000,-0.039884,-4.670689,3.000000
9.622000,-0.046019,-4.308914,3.000000
9.623000,-0.049087,-4.308914,3.000000
9.624000,-0.052155,-4.308914,3.000000
9.625000,-0.055223,-3.918301,3.000000
9.626000,-0.058291,-3.863543,3.000000
9.627000,-0.061359,-3.863543,3.000000
9.628000,-0.064427,-3.863543,3.000000
9.629000,-0.067495,-3.307231,3.000000
9.630000,-0.070563,-3.314364,3.000000
9.631000,-0.073631,-3.314364,3.000000
9.632000,-0.076699,-3.314364,3.000000
9.633000,-0.076699,-3.314364,3.000000
9.634000,-0.079767,-2.628821,3.000000
9.635000,-0.082835,-2.682078,3.000000
9.636000,-0.082835,-2.682078,3.000000
9.637000,-0.085903,-2.682078,3.000000
9.638000,-0.085903,-2.682078,3.000000
9.639000,-0.088971,-2.682078,3.000000
9.640000,-0.088971,-2.279823,3.000000
9.641000,-0.092039,-1.921262,3.000000
9.642000,-0.092039,-1.662495,3.000000
9.643000,-0.092039,-1.463921,3.000000
9.644000,-0.092039,-1.307827,3.000000
9.645000,-0.095107,-1.872750,3.000000
9.646000,-0.095107,-1.872750,3.000000
9.647000,-0.095107,-1.872750,3.000000
9.648000,-0.095107,-1.872750,3.000000
9.649000,-0.095107,-1.872750,3.000000
9.650000,-0.095107,-1.872750,3.000000
9.651000,-0.095107,-1.872750,3.000000
9.652000,-0.095107,-1.687622,3.000000
9.653000,-0.092039,1.482731,3.000000
9.654000,-0.092039,1.323548,3.000000
9.655000,-0.092039,1.194561,3.000000
9.656000,-0.092039,1.088958,3.000000
9.657000,-0.088971,1.000129,3.000000
9.658000,-0.088971,0.924436,3.000000
9.659000,-0.085903,0.878929,3.000000
9.660000,-0.085903,0.878929,3.000000
9.661000,-0.082835,0.878929,3.000000
9.662000,-0.082835,0.878929,3.000000
9.663000,-0.079767,0.878929,3.000000
9.664000,-0.076699,0.878929,3.000000
9.665000,-0.073631,1.259692,3.000000
9.666000,-0.073631,1.259692,3.000000
9.667000,-0.070563,1.259692,3.000000
9.668000,-0.067495,1.259692,3.000000
9.669000,-0.064427,1.259692,3.000000
9.670000,-0.061359,2.273833,3.000000
9.671000,-0.058291,2.273833,3.000000
9.672000,-0.055223,2.273833,3.000000
9.673000,-0.052155,2.273833,3.000000
9.674000,-0.049087,2.923521,3.000000
9.675000,-0.046019,2.923521,3.000000
9.676000,-0.042951,2.923521,3.000000
9.677000,-0.036816,3.441120,3.000000
9.678000,-0.033748,3.441120,3.000000
9.679000,-0.030680,3.441120,3.000000
9.680000,-0.024544,3.894863,3.000000
9.681000,-0.021476,3.894863,3.000000
9.682000,-0.015340,3.894863,3.000000
9.683000,-0.012272,4.295465,3.000000
9.684000,-0.006136,4.295465,3.000000
9.685000,-0.003068,4.295465,3.000000
9.686000,0.003068,4.640687,3.000000
9.687000,0.009204,4.640687,3.000000
9.688000,0.012272,4.969840,3.000000
9.689000,0.018408,4.969840,3.000000
9.690000,0.024544,5.265474,3.000000
9.691000,0.030680,5.265474,3.000000
9.692000,0.036816,5.532220,3.000000
9.693000,0.039884,5.532220,3.000000
9.694000,0.046019,5.532220,3.000000
9.695000,0.052155,5.804998,3.000000
9.696000,0.058291,5.804998,3.000000
9.697000,0.064427,6.036159,3.000000
9.698000,0.073631,6.266741,3.000000
9.699000,0.079767,6.266741,3.000000
9.700000,0.085903,6.480611,-3.000000
9.701000,0.092039,6.480611,-3.000000
9.702000,0.098175,6.670741,-3.000000
9.703000,0.104311,6.670741,-3.000000
9.704000,0.110447,6.276892,-3.000000
9.705000,0.116583,6.276892,-3.000000
9.706000,0.122718,6.208485,-3.000000
9.707000,0.128854,6.208485,-3.000000
9.708000,0.134990,6.004940,-3.000000
9.709000,0.141126,6.004940,-3.000000
9.710000,0.147262,5.704372,-3.000000
9.711000,0.150330,5.704372,-3.000000
9.712000,0.156466,5.704372,-3.000000
9.713000,0.162602,5.311561,-3.000000
9.714000,0.165670,5.311561,-3.000000
9.715000,0.171806,5.034030,-3.000000
9.716000,0.174874,5.034030,-3.000000
9.717000,0.181010,5.034030,-3.000000
9.718000,0.184078,4.654132,-3.000000
9.719000,0.187146,4.654132,-3.000000
9.720000,0.193282,4.654132,-3.000000
9.721000,0.196350,4.277768,-3.000000
9.722000,0.199418,4.277768,-3.000000
9.723000,0.202485,4.277768,-3.000000
9.724000,0.205553,3.708642,-3.000000
9.725000,0.208621,3.756193,-3.000000
9.726000,0.211689,3.756193,-3.000000
9.727000,0.214757,3.756193,-3.000000
9.728000,0.217825,3.187757,-3.000000
9.729000,0.220893,3.250127,-3.000000
9.730000,0.223961,3.250127,-3.000000
9.731000,0.227029,3.250127,-3.000000
9.732000,0.227029,3.250127,-3.000000
9.733000,0.230097,2.630770,-3.000000
9.734000,0.233165,2.591587,-3.000000
9.735000,0.233165,2.591587,-3.000000
9.736000,0.236233,2.591587,-3.000000
9.737000,0.236233,2.591587,-3.000000
9.738000,0.239301,2.591587,-3.000000
9.739000,0.239301,2.385836,-3.000000
9.740000,0.239301,1.998930,-3.000000
9.741000,0.239301,1.719532,-3.000000
9.742000,0.242369,1.507904,-3.000000
9.743000,0.242369,1.343341,-3.000000
9.744000,0.242369,1.210094,-3.000000
9.745000,0.242369,1.101815,-3.000000
9.746000,0.242369,1.010857,-3.000000
9.747000,0.242369,0.933803,-3.000000
9.748000,0.242369,0.868097,-3.000000
9.749000,0.242369,0.810533,-3.000000
9.750000,0.242369,0.760401,-3.000000
9.751000,0.242369,0.715831,-3.000000
9.752000,0.242369,0.676394,-3.000000
9.753000,0.239301,-0.641047,-3.000000
9.754000,0.239301,-0.609276,-3.000000
9.755000,0.239301,-0.580408,-3.000000
9.756000,0.236233,-1.734169,-3.000000
9.757000,0.236233,-1.734169,-3.000000
9.758000,0.233165,-1.734169,-3.000000
9.759000,0.233165,-1.734169,-3.000000
9.760000,0.230097,-1.734169,-3.000000
9.761000,0.230097,-1.734169,-3.000000
9.762000,0.227029,-1.734169,-3.000000
9.763000,0.223961,-0.565025,-3.000000
9.764000,0.220893,-0.565025,-3.000000
9.765000,0.220893,-0.565025,-3.000000
9.766000,0.217825,-0.565025,-3.000000
9.767000,0.214757,-0.565025,-3.000000
9.768000,0.211689,-2.188356,-3.000000
9.769000,0.208621,-2.188356,-3.000000
9.770000,0.205553,-2.188356,-3.000000
9.771000,0.202485,-2.188356,-3.000000
9.772000,0.199418,-2.839190,-3.000000
9.773000,0.196350,-2.839190,-3.000000
9.774000,0.193282,-2.839190,-3.000000
9.775000,0.187146,-3.382382,-3.000000
9.776000,0.184078,-3.382382,-3.000000
9.777000,0.181010,-3.382382,-3.000000
9.778000,0.174874,-3.845350,-3.000000
9.779000,0.171806,-3.845350,-3.000000
9.780000,0.165670,-3.845350,-3.000000
9.781000,0.162602,-4.250276,-3.000000
9.782000,0.156466,-4.250276,-3.000000
9.783000,0.153398,-4.250276,-3.000000
9.784000,0.147262,-4.606309,-3.000000
9.785000,0.144194,-4.606309,-3.000000
9.786000,0.138058,-4.932745,-3.000000
9.787000,0.131922,-4.932745,-3.000000
9.788000,0.125786,-5.255609,-3.000000
9.789000,0.122718,-5.255609,-3.000000
9.790000,0.116583,-5.255609,-3.000000
9.791000,0.110447,-5.520019,-3.000000
9.792000,0.104311,-5.520019,-3.000000
9.793000,0.098175,-5.796125,-3.000000
9.794000,0.092039,-5.796125,-3.000000
9.795000,0.085903,-6.040203,-3.000000
9.796000,0.079767,-6.040203,-3.000000
9.797000,0.073631,-6.267942,-3.000000
9.798000,0.064427,-6.478852,-3.000000
9.799000,0.058291,-6.478852,-3.000000
9.800000,0.052155,-6.681232,3.000000
9.801000,0.046019,-6.681232,3.000000
9.802000,0.039884,-6.883875,3.000000
9.803000,0.033748,-6.883875,3.000000
9.804000,0.024544,-6.307136,3.000000
9.805000,0.018408,-6.307136,3.000000
9.806000,0.012272,-6.471734,3.000000
9.807000,0.006136,-6.471734,3.000000
9.808000,0.000000,-6.233143,3.000000
9.809000,-0.006136,-6.233143,3.000000
9.810000,-0.009204,-5.941544,3.000000
9.811000,-0.015340,-5.941544,3.000000
9.812000,-0.021476,-5.695106,3.000000
9.813000,-0.024544,-5.695106,3.000000
9.814000,-0.030680,-5.638340,3.000000
9.815000,-0.036816,-5.323434,3.000000
9.816000,-0.039884,-5.323434,3.000000
9.817000,-0.046019,-4.889966,3.000000
9.818000,-0.049087,-4.889966,3.000000
9.819000,-0.055223,-4.889966,3.000000
9.820000,-0.058291,-4.569716,3.000000
9.821000,-0.061359,-4.569716,3.000000
9.822000,-0.067495,-4.569716,3.000000
9.823000,-0.070563,-4.098528,3.000000
9.824000,-0.073631,-4.098528,3.000000
9.825000,-0.076699,-4.098528,3.000000
9.826000,-0.079767,-3.807683,3.000000
9.827000,-0.082835,-3.620919,3.000000
9.828000,-0.085903,-3.620919,3.000000
9.829000,-0.088971,-3.620919,3.000000
9.830000,-0.092039,-3.462398,3.000000
9.831000,-0.095107,-3.054101,3.000000
9.832000,-0.095107,-3.054101,3.000000
9.833000,-0.098175,-3.054101,3.000000
9.834000,-0.101243,-3.054101,3.000000
9.835000,-0.101243,-3.050580,3.000000
9.836000,-0.104311,-2.443908,3.000000
9.837000,-0.104311,-2.039496,3.000000
9.838000,-0.107379,-2.340876,3.000000
9.839000,-0.107379,-2.340876,3.000000
9.840000,-0.110447,-2.340876,3.000000
9.841000,-0.110447,-2.340876,3.000000
9.842000,-0.110447,-2.340876,3.000000
9.843000,-0.110447,-2.168431,3.000000
9.844000,-0.113515,-1.843361,3.000000
9.845000,-0.113515,-1.601439,3.000000
9.846000,-0.113515,-1.416738,3.000000
9.847000,-0.113515,-1.270240,3.000000
9.848000,-0.113515,-1.152214,3.000000
9.849000,-0.113515,-1.052902,3.000000
9.850000,-0.113515,-0.969314,3.000000
9.851000,-0.113515,-0.898251,3.000000
9.852000,-0.113515,-0.836925,3.000000
9.853000,-0.110447,-1.261771,3.000000
9.854000,-0.110447,-1.261771,3.000000
9.855000,-0.110447,-1.261771,3.000000
9.856000,-0.107379,-1.261771,3.000000
9.857000,-0.107379,-1.261771,3.000000
9.858000,-0.107379,-1.261771,3.000000
9.859000,-0.104311,-1.261771,3.000000
9.860000,-0.104311,-1.261771,3.000000
9.861000,-0.101243,-1.261771,3.000000
9.862000,-0.098175,0.845375,3.000000
9.863000,-0.098175,0.845375,3.000000
9.864000,-0.095107,0.845375,3.000000
9.865000,-0.092039,0.845375,3.000000
9.866000,-0.088971,0.845375,3.000000
9.867000,-0.085903,1.907986,3.000000
9.868000,-0.085903,1.907986,3.000000
9.869000,-0.082835,1.907986,3.000000
9.870000,-0.079767,1.907986,3.000000
9.871000,-0.076699,1.907986,3.000000
9.872000,-0.073631,2.640085,3.000000
9.873000,-0.067495,2.640085,3.000000
9.874000,-0.064427,2.640085,3.000000
9.875000,-0.061359,3.220405,3.000000
9.876000,-0.058291,3.220405,3.000000
9.877000,-0.055223,3.220405,3.000000
9.878000,-0.049087,3.713630,3.000000
9.879000,-0.046019,3.713630,3.000000
9.880000,-0.039884,3.713630,3.000000
9.881000,-0.036816,4.125876,3.000000
9.882000,-0.030680,4.125876,3.000000
9.883000,-0.027612,4.125876,3.000000
9.884000,-0.021476,4.501250,3.000000
9.885000,-0.018408,4.501250,3.000000
9.886000,-0.012272,4.846222,3.000000
9.887000,-0.006136,4.846222,3.000000
9.888000,-0.003068,4.846222,3.000000
9.889000,0.003068,5.147137,3.000000
9.890000,0.009204,5.147137,3.000000
9.891000,0.015340,5.451260,3.000000
9.892000,0.021476,5.451260,3.000000
9.893000,0.027612,5.714074,3.000000
9.894000,0.033748,5.714074,3.000000
9.895000,0.039884,5.965815,3.000000
9.896000,0.046019,5.965815,3.000000
9.897000,0.052155,6.210536,3.000000
9.898000,0.058291,6.210536,3.000000
9.899000,0.064427,6.432488,3.000000
9.900000,0.073631,6.635124,3.000000
9.901000,0.079767,6.635124,-3.000000
9.902000,0.085903,6.841341,-3.000000
9.903000,0.092039,6.841341,-3.000000
9.904000,0.098175,6.527915,-3.000000
9.905000,0.104311,6.527915,-3.000000
9.906000,0.110447,6.598457,-3.000000
9.907000,0.116583,6.598457,-3.000000
9.908000,0.122718,6.399086,-3.000000
9.909000,0.128854,6.399086,-3.000000
9.910000,0.134990,6.101644,-3.000000
9.911000,0.141126,6.101644,-3.000000
9.912000,0.147262,5.862425,-3.000000
9.913000,0.153398,5.862425,-3.000000
9.914000,0.156466,5.361909,-3.000000
9.915000,0.162602,5.521882,-3.000000
9.916000,0.168738,5.521882,-3.000000
9.917000,0.171806,5.141356,-3.000000
9.918000,0.177942,5.141356,-3.000000
9.919000,0.181010,4.891564,-3.000000
9.920000,0.187146,4.810681,-3.000000
9.921000,0.190214,4.810681,-3.000000
9.922000,0.193282,4.298140,-3.000000
9.923000,0.199418,4.376420,-3.000000
9.924000,0.202485,4.376420,-3.000000
9.925000,0.205553,4.209755,-3.000000
9.926000,0.208621,3.943114,-3.000000
9.927000,0.211689,3.943114,-3.000000
9.928000,0.214757,3.943114,-3.000000
9.929000,0.217825,3.420446,-3.000000
9.930000,0.220893,3.414748,-3.000000
9.931000,0.223961,3.414748,-3.000000
9.932000,0.227029,3.414748,-3.000000
9.933000,0.230097,3.354860,-3.000000
9.934000,0.230097,2.631741,-3.000000
9.935000,0.233165,2.805786,-3.000000
9.936000,0.236233,2.805786,-3.000000
9.937000,0.236233,2.805786,-3.000000
9.938000,0.239301,2.805786,-3.000000
9.939000,0.239301,2.614098,-3.000000
9.940000,0.242369,2.155903,-3.000000
9.941000,0.242369,1.832953,-3.000000
9.942000,0.242369,1.596168,-3.000000
9.943000,0.245437,2.043288,-3.000000
9.944000,0.245437,2.043288,-3.000000
9.945000,0.245437,2.043288,-3.000000
9.946000,0.245437,2.043288,-3.000000
9.947000,0.245437,2.043288,-3.000000
9.948000,0.245437,2.043288,-3.000000
9.949000,0.245437,1.864743,-3.000000
9.950000,0.245437,1.616563,-3.000000
9.951000,0.245437,1.429126,-3.000000
9.952000,0.245437,1.279415,-3.000000
9.953000,0.245437,1.158986,-3.000000
9.954000,0.245437,1.058527,-3.000000
9.955000,0.245437,0.974911,-3.000000
9.956000,0.242369,0.903119,-3.000000
9.957000,0.242369,-0.841001,-3.000000
9.958000,0.242369,-0.787356,-3.000000
9.959000,0.239301,-0.739892,-3.000000
9.960000,0.239301,-0.697846,-3.000000
9.961000,0.236233,-0.670696,-3.000000
9.962000,0.236233,-0.670696,-3.000000
9.963000,0.233165,-0.670696,-3.000000
9.964000,0.233165,-0.670696,-3.000000
9.965000,0.230097,-0.670696,-3.000000
9.966000,0.227029,-0.670696,-3.000000
9.967000,0.223961,-1.531235,-3.000000
9.968000,0.220893,-1.531235,-3.000000
9.969000,0.220893,-1.531235,-3.000000
9.970000,0.217825,-1.531235,-3.000000
9.971000,0.214757,-1.531235,-3.000000
9.972000,0.211689,-2.406579,-3.000000
9.973000,0.208621,-2.406579,-3.000000
9.974000,0.205553,-2.406579,-3.000000
9.975000,0.199418,-3.024505,-3.000000
9.976000,0.196350,-3.024505,-3.000000
9.977000,0.193282,-3.024505,-3.000000
9.978000,0.190214,-3.024505,-3.000000
9.979000,0.184078,-3.543505,-3.000000
9.980000,0.181010,-3.543505,-3.000000
9.981000,0.177942,-3.543505,-3.000000
9.982000,0.171806,-3.987494,-3.000000
9.983000,0.168738,-3.987494,-3.000000
9.984000,0.162602,-4.370553,-3.000000
9.985000,0.159534,-4.370553,-3.000000
9.986000,0.153398,-4.370553,-3.000000
9.987000,0.147262,-4.726682,-3.000000
9.988000,0.144194,-4.726682,-3.000000
9.989000,0.138058,-5.048065,-3.000000
9.990000,0.131922,-5.048065,-3.000000
9.991000,0.125786,-5.368033,-3.000000
9.992000,0.122718,-5.368033,-3.000000
9.993000,0.116583,-5.368033,-3.000000
9.994000,0.110447,-5.632804,-3.000000
9.995000,0.104311,-5.632804,-3.000000
9.996000,0.098175,-5.906789,-3.000000
9.997000,0.092039,-5.906789,-3.000000
9.998000,0.082835,-6.148348,-3.000000
9.999000,0.076699,-6.382215,-3.000000
