t,theta,theta_dot,voltage
0.000000,0.000000,0.000000,4.000000
0.001000,0.000000,0.000000,4.000000
0.002000,0.003068,0.000000,4.000000
0.003000,0.003068,0.000000,4.000000
0.004000,0.003068,0.000000,4.000000
0.005000,0.003068,0.000000,4.000000
0.006000,0.003068,0.000000,4.000000
0.007000,0.003068,0.000000,4.000000
0.008000,0.006136,0.000000,4.000000
0.009000,0.006136,0.000000,4.000000
0.010000,0.009204,0.000000,4.000000
0.011000,0.009204,0.000000,4.000000
0.012000,0.012272,0.000000,4.000000
0.013000,0.012272,0.000000,4.000000
0.014000,0.015340,0.000000,4.000000
0.015000,0.018408,0.000000,4.000000
0.016000,0.018408,0.000000,4.000000
0.017000,0.021476,0.000000,4.000000
0.018000,0.024544,1.559785,4.000000
0.019000,0.027612,1.559785,4.000000
0.020000,0.030680,1.559785,4.000000
0.021000,0.033748,1.559785,4.000000
0.022000,0.036816,2.549729,4.000000
0.023000,0.039884,2.549729,4.000000
0.024000,0.042951,2.549729,4.000000
0.025000,0.046019,2.549729,4.000000
0.026000,0.052155,3.220898,4.000000
0.027000,0.055223,3.220898,4.000000
0.028000,0.058291,3.220898,4.000000
0.029000,0.064427,3.777519,4.000000
0.030000,0.067495,3.777519,4.000000
0.031000,0.073631,4.238756,4.000000
0.032000,0.076699,4.238756,4.000000
0.033000,0.082835,4.238756,4.000000
0.034000,0.085903,4.646618,4.000000
0.035000,0.092039,4.646618,4.000000
0.036000,0.098175,5.010422,4.000000
0.037000,0.101243,5.010422,4.000000
0.038000,0.107379,5.010422,4.000000
0.039000,0.113515,5.318019,4.000000
0.040000,0.119651,5.318019,4.000000
0.041000,0.125786,5.611768,4.000000
0.042000,0.131922,5.611768,4.000000
0.043000,0.138058,5.875758,4.000000
0.044000,0.144194,5.875758,4.000000
0.045000,0.150330,6.144756,4.000000
0.046000,0.156466,6.144756,4.000000
0.047000,0.162602,6.374065,4.000000
0.048000,0.171806,6.577091,4.000000
0.049000,0.177942,6.577091,4.000000
0.050000,0.184078,6.818376,4.000000
0.051000,0.190214,6.818376,4.000000
0.052000,0.199418,6.980186,4.000000
0.053000,0.205553,6.980186,4.000000
0.054000,0.211689,7.197740,4.000000
0.055000,0.220893,7.330244,4.000000
0.056000,0.227029,7.330244,4.000000
0.057000,0.236233,7.508395,4.000000
0.058000,0.242369,7.508395,4.000000
0.059000,0.251573,7.675967,4.000000
0.060000,0.257709,7.786087,4.000000
0.061000,0.266913,7.786087,4.000000
0.062000,0.276117,7.927051,4.000000
0.063000,0.282252,8.066802,4.000000
0.064000,0.291456,8.066802,4.000000
0.065000,0.300660,8.142854,4.000000
0.066000,0.306796,8.250905,4.000000
0.067000,0.316000,8.250905,4.000000
0.068000,0.325204,8.371052,4.000000
0.069000,0.334408,8.434017,4.000000
0.070000,0.343612,8.515545,4.000000
0.071000,0.349748,8.515545,4.000000
0.072000,0.358952,8.619047,4.000000
0.073000,0.368155,8.694445,4.000000
0.074000,0.377359,8.694445,4.000000
0.075000,0.386563,8.737692,4.000000
0.076000,0.395767,8.844574,4.000000
0.077000,0.404971,8.908781,4.000000
0.078000,0.414175,8.908781,4.000000
0.079000,0.420311,8.931836,4.000000
0.080000,0.429515,9.004014,4.000000
0.081000,0.438719,9.004014,4.000000
0.082000,0.447922,9.058199,4.000000
0.083000,0.457126,9.062844,4.000000
0.084000,0.466330,9.156766,4.000000
0.085000,0.475534,9.156766,4.000000
0.086000,0.484738,9.168167,4.000000
0.087000,0.493942,9.185609,4.000000
0.088000,0.503146,9.199764,4.000000
0.089000,0.512350,9.199764,4.000000
0.090000,0.521553,9.274896,4.000000
0.091000,0.530757,9.311451,4.000000
0.092000,0.539961,9.278110,4.000000
0.093000,0.552233,9.326686,4.000000
0.094000,0.561437,9.326686,4.000000
0.095000,0.570641,9.362065,4.000000
0.096000,0.579845,9.337331,4.000000
0.097000,0.589049,9.368517,4.000000
0.098000,0.598253,9.368517,4.000000
0.099000,0.607456,9.409121,4.000000
0.100000,0.616660,9.386232,-4.000000
0.101000,0.625864,9.417846,-4.000000
0.102000,0.635068,9.417846,-4.000000
0.103000,0.641204,8.439737,-4.000000
0.104000,0.650408,9.068239,-4.000000
0.105000,0.659612,9.068239,-4.000000
0.106000,0.668816,8.469670,-4.000000
0.107000,0.674952,8.466667,-4.000000
0.108000,0.684155,8.466667,-4.000000
0.109000,0.693359,8.162035,-4.000000
0.110000,0.699495,8.062753,-4.000000
0.111000,0.708699,8.062753,-4.000000
0.112000,0.714835,7.795085,-4.000000
0.113000,0.724039,7.505270,-4.000000
0.114000,0.730175,7.505270,-4.000000
0.115000,0.736311,7.228182,-4.000000
0.116000,0.742447,7.228182,-4.000000
0.117000,0.748583,6.877392,-4.000000
0.118000,0.754719,6.877392,-4.000000
0.119000,0.763922,6.538930,-4.000000
0.120000,0.770058,6.538930,-4.000000
0.121000,0.776194,6.242655,-4.000000
0.122000,0.779262,6.242655,-4.000000
0.123000,0.785398,6.003839,-4.000000
0.124000,0.791534,6.003839,-4.000000
0.125000,0.797670,5.737300,-4.000000
0.126000,0.803806,5.737300,-4.000000
0.127000,0.806874,5.476228,-4.000000
0.128000,0.813010,5.339293,-4.000000
0.129000,0.816078,5.339293,-4.000000
0.130000,0.822214,4.974009,-4.000000
0.131000,0.825282,4.974009,-4.000000
0.132000,0.831418,4.974009,-4.000000
0.133000,0.834486,4.570047,-4.000000
0.134000,0.837554,4.570047,-4.000000
0.135000,0.843689,4.570047,-4.000000
0.136000,0.846757,4.229524,-4.000000
0.137000,0.849825,4.229524,-4.000000
0.138000,0.852893,4.229524,-4.000000
0.139000,0.859029,3.847058,-4.000000
0.140000,0.862097,3.847058,-4.000000
0.141000,0.865165,3.847058,-4.000000
0.142000,0.868233,3.847058,-4.000000
0.143000,0.871301,3.380312,-4.000000
0.144000,0.874369,3.380312,-4.000000
0.145000,0.874369,3.380312,-4.000000
0.146000,0.877437,3.380312,-4.000000
0.147000,0.880505,2.948221,-4.000000
0.148000,0.883573,2.860876,-4.000000
0.149000,0.883573,2.860876,-4.000000
0.150000,0.886641,2.860876,-4.000000
0.151000,0.889709,2.860876,-4.000000
0.152000,0.889709,2.768788,-4.000000
0.153000,0.892777,2.261437,-4.000000
0.154000,0.892777,1.907504,-4.000000
0.155000,0.895845,2.256303,-4.000000
0.156000,0.895845,2.256303,-4.000000
0.157000,0.898913,2.256303,-4.000000
0.158000,0.898913,2.256303,-4.000000
0.159000,0.898913,2.256303,-4.000000
0.160000,0.898913,2.117078,-4.000000
0.161000,0.901981,1.805211,-4.000000
0.162000,0.901981,1.574370,-4.000000
0.163000,0.901981,1.395006,-4.000000
0.164000,0.901981,1.253034,-4.000000
0.165000,0.901981,1.136627,-4.000000
0.166000,0.901981,1.040059,-4.000000
0.167000,0.901981,0.958978,-4.000000
0.168000,0.901981,0.889638,-4.000000
0.169000,0.901981,0.829195,-4.000000
0.170000,0.901981,0.776625,-4.000000
0.171000,0.898913,1.262637,-4.000000
0.172000,0.898913,1.262637,-4.000000
0.173000,0.898913,1.262637,-4.000000
0.174000,0.895845,1.262637,-4.000000
0.175000,0.895845,1.262637,-4.000000
0.176000,0.895845,1.262637,-4.000000
0.177000,0.892777,1.262637,-4.000000
0.178000,0.889709,1.262637,-4.000000
0.179000,0.889709,1.262637,-4.000000
0.180000,0.886641,-0.777665,-4.000000
0.181000,0.883573,-0.777665,-4.000000
0.182000,0.883573,-0.777665,-4.000000
0.183000,0.880505,-0.777665,-4.000000
0.184000,0.877437,-0.777665,-4.000000
0.185000,0.874369,-1.990984,-4.000000
0.186000,0.871301,-1.990984,-4.000000
0.187000,0.868233,-1.990984,-4.000000
0.188000,0.865165,-1.990984,-4.000000
0.189000,0.862097,-2.802582,-4.000000
0.190000,0.859029,-2.802582,-4.000000
0.191000,0.852893,-2.802582,-4.000000
0.192000,0.849825,-3.464883,-4.000000
0.193000,0.846757,-3.464883,-4.000000
0.194000,0.840621,-3.464883,-4.000000
0.195000,0.837554,-4.046534,-4.000000
0.196000,0.831418,-4.046534,-4.000000
0.197000,0.828350,-4.046534,-4.000000
0.198000,0.822214,-4.572294,-4.000000
0.199000,0.816078,-4.572294,-4.000000
0.200000,0.809942,-5.054678,4.000000
0.201000,0.806874,-5.054678,4.000000
0.202000,0.800738,-5.525854,4.000000
0.203000,0.794602,-5.525854,4.000000
0.204000,0.788466,-5.270468,4.000000
0.205000,0.785398,-5.270468,4.000000
0.206000,0.779262,-5.270468,4.000000
0.207000,0.773126,-5.649082,4.000000
0.208000,0.766990,-5.649082,4.000000
0.209000,0.760854,-5.430388,4.000000
0.210000,0.754719,-5.430388,4.000000
0.211000,0.751651,-5.576352,4.000000
0.212000,0.745515,-5.576352,4.000000
0.213000,0.739379,-5.558006,4.000000
0.214000,0.733243,-5.558006,4.000000
0.215000,0.730175,-5.526579,4.000000
0.216000,0.724039,-5.461942,4.000000
0.217000,0.717903,-5.461942,4.000000
0.218000,0.714835,-5.152690,4.000000
0.219000,0.708699,-5.152690,4.000000
0.220000,0.702563,-5.125074,4.000000
0.221000,0.699495,-5.125074,4.000000
0.222000,0.693359,-5.125074,4.000000
0.223000,0.690291,-4.858774,4.000000
0.224000,0.684155,-4.858774,4.000000
0.225000,0.681087,-4.852370,4.000000
0.226000,0.674952,-4.768132,4.000000
0.227000,0.671884,-4.768132,4.000000
0.228000,0.665748,-4.476484,4.000000
0.229000,0.662680,-4.476484,4.000000
0.230000,0.659612,-4.476484,4.000000
0.231000,0.656544,-4.017866,4.000000
0.232000,0.650408,-4.148697,4.000000
0.233000,0.647340,-4.148697,4.000000
0.234000,0.644272,-4.134139,4.000000
0.235000,0.641204,-3.802898,4.000000
0.236000,0.638136,-3.802898,4.000000
0.237000,0.635068,-3.802898,4.000000
0.238000,0.632000,-3.461463,4.000000
0.239000,0.628932,-3.382292,4.000000
0.240000,0.625864,-3.382292,4.000000
0.241000,0.622796,-3.382292,4.000000
0.242000,0.619728,-3.360296,4.000000
0.243000,0.619728,-2.634480,4.000000
0.244000,0.616660,-2.880199,4.000000
0.245000,0.613592,-2.880199,4.000000
0.246000,0.613592,-2.880199,4.000000
0.247000,0.610524,-2.880199,4.000000
0.248000,0.610524,-2.527722,4.000000
0.249000,0.607456,-2.093948,4.000000
0.250000,0.607456,-1.788121,4.000000
0.251000,0.604388,-2.142421,4.000000
0.252000,0.604388,-2.142421,4.000000
0.253000,0.604388,-2.142421,4.000000
0.254000,0.604388,-2.142421,4.000000
0.255000,0.604388,-2.142421,4.000000
0.256000,0.604388,-2.142421,4.000000
0.257000,0.604388,-1.975467,4.000000
0.258000,0.604388,-1.702076,4.000000
0.259000,0.604388,-1.495232,4.000000
0.260000,0.604388,-1.332450,4.000000
0.261000,0.604388,-1.202171,4.000000
0.262000,0.604388,-1.094291,4.000000
0.263000,0.607456,1.005268,4.000000
0.264000,0.607456,0.928924,4.000000
0.265000,0.607456,0.863925,4.000000
0.266000,0.610524,0.806646,4.000000
0.267000,0.610524,0.756943,4.000000
0.268000,0.613592,0.747818,4.000000
0.269000,0.616660,0.747818,4.000000
0.270000,0.616660,0.747818,4.000000
0.271000,0.619728,0.747818,4.000000
0.272000,0.622796,0.747818,4.000000
0.273000,0.625864,1.624113,4.000000
0.274000,0.628932,1.624113,4.000000
0.275000,0.632000,1.624113,4.000000
0.276000,0.635068,1.624113,4.000000
0.277000,0.638136,2.642572,4.000000
0.278000,0.641204,2.642572,4.000000
0.279000,0.644272,2.642572,4.000000
0.280000,0.647340,2.642572,4.000000
0.281000,0.650408,3.313171,4.000000
0.282000,0.656544,3.313171,4.000000
0.283000,0.659612,3.313171,4.000000
0.284000,0.665748,3.849790,4.000000
0.285000,0.668816,3.849790,4.000000
0.286000,0.674952,4.324245,4.000000
0.287000,0.678020,4.324245,4.000000
0.288000,0.684155,4.324245,4.000000
0.289000,0.687223,4.741114,4.000000
0.290000,0.693359,4.741114,4.000000
0.291000,0.699495,5.130519,4.000000
0.292000,0.705631,5.130519,4.000000
0.293000,0.711767,5.495916,4.000000
0.294000,0.714835,5.495916,4.000000
0.295000,0.724039,5.805265,4.000000
0.296000,0.727107,5.805265,4.000000
0.297000,0.736311,6.112746,4.000000
0.298000,0.742447,6.112746,4.000000
0.299000,0.748583,6.410553,4.000000
0.300000,0.754719,6.410553,4.000000
0.301000,0.760854,6.692670,-4.000000
0.302000,0.770058,6.692670,-4.000000
0.303000,0.773126,6.964780,-4.000000
0.304000,0.782330,6.964780,-4.000000
0.305000,0.788466,6.178443,-4.000000
0.306000,0.794602,6.178443,-4.000000
0.307000,0.800738,6.672252,-4.000000
0.308000,0.806874,6.672252,-4.000000
0.309000,0.813010,6.303041,-4.000000
0.310000,0.819146,6.303041,-4.000000
0.311000,0.825282,5.901621,-4.000000
0.312000,0.828350,5.901621,-4.000000
0.313000,0.834486,5.710122,-4.000000
0.314000,0.840621,5.710122,-4.000000
0.315000,0.843689,5.284369,-4.000000
0.316000,0.849825,5.207290,-4.000000
0.317000,0.852893,5.207290,-4.000000
0.318000,0.859029,4.822549,-4.000000
0.319000,0.862097,4.822549,-4.000000
0.320000,0.865165,4.822549,-4.000000
0.321000,0.871301,4.328651,-4.000000
0.322000,0.874369,4.328651,-4.000000
0.323000,0.877437,4.328651,-4.000000
0.324000,0.880505,3.826498,-4.000000
0.325000,0.883573,3.771247,-4.000000
0.326000,0.886641,3.771247,-4.000000
0.327000,0.889709,3.771247,-4.000000
0.328000,0.892777,3.315446,-4.000000
0.329000,0.895845,3.160731,-4.000000
0.330000,0.895845,3.160731,-4.000000
0.331000,0.898913,3.160731,-4.000000
0.332000,0.901981,3.160731,-4.000000
0.333000,0.901981,2.838351,-4.000000
0.334000,0.905049,2.306630,-4.000000
0.335000,0.905049,1.943311,-4.000000
0.336000,0.908117,2.332952,-4.000000
0.337000,0.908117,2.332952,-4.000000
0.338000,0.908117,2.332952,-4.000000
0.339000,0.911185,2.332952,-4.000000
0.340000,0.911185,2.332952,-4.000000
0.341000,0.911185,2.265322,-4.000000
0.342000,0.911185,1.911391,-4.000000
0.343000,0.911185,1.655025,-4.000000
0.344000,0.911185,1.459349,-4.000000
0.345000,0.911185,1.303045,-4.000000
0.346000,0.911185,1.178462,-4.000000
0.347000,0.911185,1.075250,-4.000000
0.348000,0.911185,0.988327,-4.000000
0.349000,0.908117,-0.914413,-4.000000
0.350000,0.908117,-0.851401,-4.000000
0.351000,0.908117,-0.796155,-4.000000
0.352000,0.905049,-0.747684,-4.000000
0.353000,0.905049,-0.704635,-4.000000
0.354000,0.901981,-0.666303,-4.000000
0.355000,0.901981,-0.632186,-4.000000
0.356000,0.898913,-0.607500,-4.000000
0.357000,0.898913,-0.607500,-4.000000
0.358000,0.895845,-0.607500,-4.000000
0.359000,0.895845,-0.607500,-4.000000
0.360000,0.892777,-0.607500,-4.000000
0.361000,0.889709,-0.607500,-4.000000
0.362000,0.886641,-1.674896,-4.000000
0.363000,0.886641,-1.674896,-4.000000
0.364000,0.883573,-1.674896,-4.000000
0.365000,0.880505,-1.674896,-4.000000
0.366000,0.877437,-1.674896,-4.000000
0.367000,0.874369,-2.389721,-4.000000
0.368000,0.871301,-2.389721,-4.000000
0.369000,0.868233,-2.389721,-4.000000
0.370000,0.865165,-2.389721,-4.000000
0.371000,0.862097,-2.866101,-4.000000
0.372000,0.859029,-2.866101,-4.000000
0.373000,0.855961,-2.866101,-4.000000
0.374000,0.852893,-2.866101,-4.000000
0.375000,0.846757,-3.220147,-4.000000
0.376000,0.843689,-3.220147,-4.000000
0.377000,0.840621,-3.220147,-4.000000
0.378000,0.837554,-3.537575,-4.000000
0.379000,0.834486,-3.537575,-4.000000
0.380000,0.828350,-3.537575,-4.000000
0.381000,0.825282,-3.803929,-4.000000
0.382000,0.822214,-3.803929,-4.000000
0.383000,0.816078,-3.803929,-4.000000
0.384000,0.813010,-4.007588,-4.000000
0.385000,0.809942,-4.007588,-4.000000
0.386000,0.803806,-4.007588,-4.000000
0.387000,0.800738,-4.186220,-4.000000
0.388000,0.794602,-4.186220,-4.000000
0.389000,0.791534,-4.186220,-4.000000
0.390000,0.785398,-4.343184,-4.000000
0.391000,0.782330,-4.343184,-4.000000
0.392000,0.776194,-4.478731,-4.000000
0.393000,0.773126,-4.478731,-4.000000
0.394000,0.766990,-4.478731,-4.000000
0.395000,0.763922,-4.622043,-4.000000
0.396000,0.757787,-4.622043,-4.000000
0.397000,0.754719,-4.622043,-4.000000
0.398000,0.748583,-4.749728,-4.000000
0.399000,0.745515,-4.749728,-4.000000
0.400000,0.739379,-4.837440,4.000000
0.401000,0.733243,-4.837440,4.000000
0.402000,0.730175,-4.837440,4.000000
0.403000,0.727107,-4.801922,4.000000
0.404000,0.720971,-4.801922,4.000000
0.405000,0.717903,-4.801922,4.000000
0.406000,0.711767,-4.312889,4.000000
0.407000,0.708699,-4.312889,4.000000
0.408000,0.705631,-4.312889,4.000000
0.409000,0.702563,-4.091259,4.000000
0.410000,0.699495,-4.091259,4.000000
0.411000,0.693359,-4.091259,4.000000
0.412000,0.690291,-3.784865,4.000000
0.413000,0.687223,-3.784865,4.000000
0.414000,0.684155,-3.784865,4.000000
0.415000,0.681087,-3.784865,4.000000
0.416000,0.681087,-2.958240,4.000000
0.417000,0.678020,-3.269997,4.000000
0.418000,0.674952,-3.269997,4.000000
0.419000,0.671884,-3.269997,4.000000
0.420000,0.668816,-3.106567,4.000000
0.421000,0.668816,-2.476125,4.000000
0.422000,0.665748,-2.548773,4.000000
0.423000,0.665748,-2.548773,4.000000
0.424000,0.662680,-2.548773,4.000000
0.425000,0.662680,-2.548773,4.000000
0.426000,0.659612,-2.548773,4.000000
0.427000,0.659612,-2.260963,4.000000
0.428000,0.656544,-1.909623,4.000000
0.429000,0.656544,-1.652925,4.000000
0.430000,0.656544,-1.456604,4.000000
0.431000,0.656544,-1.302001,4.000000
0.432000,0.653476,-1.863245,4.000000
0.433000,0.653476,-1.863245,4.000000
0.434000,0.653476,-1.863245,4.000000
0.435000,0.653476,-1.863245,4.000000
0.436000,0.653476,-1.863245,4.000000
0.437000,0.653476,-1.863245,4.000000
0.438000,0.653476,-1.863245,4.000000
0.439000,0.653476,-1.647596,4.000000
0.440000,0.653476,-1.452755,4.000000
0.441000,0.653476,-1.299886,4.000000
0.442000,0.653476,-1.174591,4.000000
0.443000,0.656544,1.072528,4.000000
0.444000,0.656544,0.986211,4.000000
0.445000,0.656544,0.913022,4.000000
0.446000,0.659612,0.849445,4.000000
0.447000,0.659612,0.794658,4.000000
0.448000,0.659612,0.746103,4.000000
0.449000,0.662680,0.731474,4.000000
0.450000,0.662680,0.731474,4.000000
0.451000,0.665748,0.731474,4.000000
0.452000,0.668816,0.731474,4.000000
0.453000,0.668816,0.731474,4.000000
0.454000,0.671884,0.731474,4.000000
0.455000,0.674952,1.230994,4.000000
0.456000,0.674952,1.230994,4.000000
0.457000,0.678020,1.230994,4.000000
0.458000,0.681087,1.230994,4.000000
0.459000,0.684155,1.230994,4.000000
0.460000,0.687223,2.177243,4.000000
0.461000,0.687223,2.177243,4.000000
0.462000,0.690291,2.177243,4.000000
0.463000,0.693359,2.177243,4.000000
0.464000,0.699495,2.754864,4.000000
0.465000,0.702563,2.754864,4.000000
0.466000,0.705631,2.754864,4.000000
0.467000,0.708699,2.754864,4.000000
0.468000,0.711767,3.287554,4.000000
0.469000,0.714835,3.287554,4.000000
0.470000,0.720971,3.287554,4.000000
0.471000,0.724039,3.715504,4.000000
0.472000,0.727107,3.715504,4.000000
0.473000,0.733243,3.715504,4.000000
0.474000,0.736311,4.109546,4.000000
0.475000,0.742447,4.109546,4.000000
0.476000,0.745515,4.109546,4.000000
0.477000,0.751651,4.515605,4.000000
0.478000,0.757787,4.515605,4.000000
0.479000,0.760854,4.906585,4.000000
0.480000,0.766990,4.906585,4.000000
0.481000,0.773126,5.243570,4.000000
0.482000,0.779262,5.243570,4.000000
0.483000,0.785398,5.582800,4.000000
0.484000,0.791534,5.582800,4.000000
0.485000,0.797670,5.890447,4.000000
0.486000,0.803806,5.890447,4.000000
0.487000,0.809942,6.201252,4.000000
0.488000,0.816078,6.201252,4.000000
0.489000,0.822214,6.497911,4.000000
0.490000,0.828350,6.497911,4.000000
0.491000,0.837554,6.836524,4.000000
0.492000,0.843689,6.836524,4.000000
0.493000,0.852893,7.105189,4.000000
0.494000,0.859029,7.399303,4.000000
0.495000,0.868233,7.399303,4.000000
0.496000,0.874369,7.688324,4.000000
0.497000,0.883573,7.954957,4.000000
0.498000,0.892777,7.954957,4.000000
0.499000,0.898913,8.221195,4.000000
0.500000,0.908117,8.497201,4.000000
0.501000,0.917321,8.497201,-4.000000
0.502000,0.926524,8.759608,-4.000000
0.503000,0.935728,9.025905,-4.000000
0.504000,0.941864,9.025905,-4.000000
0.505000,0.951068,7.899059,-4.000000
0.506000,0.960272,8.927143,-4.000000
0.507000,0.969476,8.787836,-4.000000
0.508000,0.978680,8.787836,-4.000000
0.509000,0.987884,8.753707,-4.000000
0.510000,0.994020,8.756657,-4.000000
0.511000,1.003223,8.756657,-4.000000
0.512000,1.012427,8.678987,-4.000000
0.513000,1.021631,8.629569,-4.000000
0.514000,1.030835,8.393955,-4.000000
0.515000,1.036971,8.393955,-4.000000
0.516000,1.046175,8.287122,-4.000000
0.517000,1.055379,8.073436,-4.000000
0.518000,1.061515,8.073436,-4.000000
0.519000,1.070719,7.903581,-4.000000
0.520000,1.076855,7.903581,-4.000000
0.521000,1.082990,7.670969,-4.000000
0.522000,1.092194,7.501065,-4.000000
0.523000,1.098330,7.501065,-4.000000
0.524000,1.104466,7.293515,-4.000000
0.525000,1.113670,7.293515,-4.000000
0.526000,1.119806,7.156291,-4.000000
0.527000,1.125942,7.156291,-4.000000
0.528000,1.132078,6.870387,-4.000000
0.529000,1.138214,6.572883,-4.000000
0.530000,1.144350,6.629399,-4.000000
0.531000,1.150486,6.242788,-4.000000
0.532000,1.156622,6.295721,-4.000000
0.533000,1.162757,6.233011,-4.000000
0.534000,1.168893,5.921118,-4.000000
0.535000,1.175029,5.921118,-4.000000
0.536000,1.178097,5.570762,-4.000000
0.537000,1.184233,5.570762,-4.000000
0.538000,1.190369,5.196907,-4.000000
0.539000,1.193437,5.196907,-4.000000
0.540000,1.199573,5.196907,-4.000000
0.541000,1.202641,4.787923,-4.000000
0.542000,1.205709,4.787923,-4.000000
0.543000,1.211845,4.787923,-4.000000
0.544000,1.214913,4.339707,-4.000000
0.545000,1.217981,4.339707,-4.000000
0.546000,1.221049,4.339707,-4.000000
0.547000,1.224117,3.598181,-4.000000
0.548000,1.227185,3.765589,-4.000000
0.549000,1.230253,3.765589,-4.000000
0.550000,1.233321,3.765589,-4.000000
0.551000,1.236389,3.178812,-4.000000
0.552000,1.239456,3.062273,-4.000000
0.553000,1.239456,3.062273,-4.000000
0.554000,1.242524,3.062273,-4.000000
0.555000,1.242524,3.062273,-4.000000
0.556000,1.245592,2.901613,-4.000000
0.557000,1.245592,2.346514,-4.000000
0.558000,1.248660,1.970831,-4.000000
0.559000,1.248660,1.696833,-4.000000
0.560000,1.248660,1.491345,-4.000000
0.561000,1.248660,1.329987,-4.000000
0.562000,1.251728,2.113912,-4.000000
0.563000,1.251728,2.113912,-4.000000
0.564000,1.251728,2.113912,-4.000000
0.565000,1.251728,2.113912,-4.000000
0.566000,1.248660,2.113912,-4.000000
0.567000,1.248660,2.113912,-4.000000
0.568000,1.248660,-1.997651,-4.000000
0.569000,1.248660,-1.717119,-4.000000
0.570000,1.245592,-1.506141,-4.000000
0.571000,1.245592,-1.342337,-4.000000
0.572000,1.242524,-1.216766,-4.000000
0.573000,1.242524,-1.216766,-4.000000
0.574000,1.239456,-1.216766,-4.000000
0.575000,1.236389,-1.216766,-4.000000
0.576000,1.233321,-1.216766,-4.000000
0.577000,1.233321,-1.216766,-4.000000
0.578000,1.230253,-1.293258,-4.000000
0.579000,1.227185,-1.293258,-4.000000
0.580000,1.224117,-1.293258,-4.000000
0.581000,1.221049,-1.293258,-4.000000
0.582000,1.217981,-2.630331,-4.000000
0.583000,1.211845,-2.630331,-4.000000
0.584000,1.208777,-2.630331,-4.000000
0.585000,1.205709,-3.387050,-4.000000
0.586000,1.202641,-3.387050,-4.000000
0.587000,1.196505,-3.387050,-4.000000
0.588000,1.193437,-3.974651,-4.000000
0.589000,1.187301,-3.974651,-4.000000
0.590000,1.184233,-3.974651,-4.000000
0.591000,1.178097,-4.482821,-4.000000
0.592000,1.171961,-4.482821,-4.000000
0.593000,1.168893,-4.927051,-4.000000
0.594000,1.162757,-4.927051,-4.000000
0.595000,1.156622,-5.335650,-4.000000
0.596000,1.150486,-5.335650,-4.000000
0.597000,1.144350,-5.722586,-4.000000
0.598000,1.138214,-5.722586,-4.000000
0.599000,1.132078,-6.067329,-4.000000
0.600000,1.125942,-6.067329,-4.000000
0.601000,1.119806,-6.363094,4.000000
0.602000,1.110602,-6.363094,4.000000
0.603000,1.107534,-6.688161,4.000000
0.604000,1.098330,-6.688161,4.000000
0.605000,1.092194,-5.912837,4.000000
0.606000,1.086058,-5.912837,4.000000
0.607000,1.079922,-6.310604,4.000000
0.608000,1.076855,-6.310604,4.000000
0.609000,1.070719,-6.011436,4.000000
0.610000,1.064583,-6.011436,4.000000
0.611000,1.058447,-5.680753,4.000000
0.612000,1.055379,-5.680753,4.000000
0.613000,1.049243,-5.680753,4.000000
0.614000,1.043107,-5.297772,4.000000
0.615000,1.040039,-5.297772,4.000000
0.616000,1.033903,-4.801218,4.000000
0.617000,1.030835,-4.801218,4.000000
0.618000,1.027767,-4.801218,4.000000
0.619000,1.021631,-4.358781,4.000000
0.620000,1.018563,-4.358781,4.000000
0.621000,1.015495,-4.358781,4.000000
0.622000,1.012427,-4.004791,4.000000
0.623000,1.009359,-3.829799,4.000000
0.624000,1.006291,-3.829799,4.000000
0.625000,1.003223,-3.829799,4.000000
0.626000,1.000155,-3.460690,4.000000
0.627000,0.997088,-3.189472,4.000000
0.628000,0.997088,-3.189472,4.000000
0.629000,0.994020,-3.189472,4.000000
0.630000,0.990952,-3.189472,4.000000
0.631000,0.990952,-2.889949,4.000000
0.632000,0.987884,-2.339438,4.000000
0.633000,0.987884,-1.966327,4.000000
0.634000,0.984816,-2.424687,4.000000
0.635000,0.984816,-2.424687,4.000000
0.636000,0.984816,-2.424687,4.000000
0.637000,0.981748,-2.424687,4.000000
0.638000,0.981748,-2.424687,4.000000
0.639000,0.981748,-2.128666,4.000000
0.640000,0.981748,-1.814650,4.000000
0.641000,0.981748,-1.581670,4.000000
0.642000,0.981748,-1.400645,4.000000
0.643000,0.981748,-1.257374,4.000000
0.644000,0.981748,-1.140184,4.000000
0.645000,0.981748,-1.043464,4.000000
0.646000,0.981748,-0.961380,4.000000
0.647000,0.984816,0.891616,4.000000
0.648000,0.984816,0.831172,4.000000
0.649000,0.984816,0.778618,4.000000
0.650000,0.987884,0.731961,4.000000
0.651000,0.987884,0.690788,4.000000
0.652000,0.990952,0.654181,4.000000
0.653000,0.994020,0.624809,4.000000
0.654000,0.994020,0.624809,4.000000
0.655000,0.997088,0.624809,4.000000
0.656000,1.000155,0.624809,4.000000
0.657000,1.003223,0.624809,4.000000
0.658000,1.006291,1.896621,4.000000
0.659000,1.006291,1.896621,4.000000
0.660000,1.009359,1.896621,4.000000
0.661000,1.012427,1.896621,4.000000
0.662000,1.018563,2.781137,4.000000
0.663000,1.021631,2.781137,4.000000
0.664000,1.024699,2.781137,4.000000
0.665000,1.027767,2.781137,4.000000
0.666000,1.030835,3.397822,4.000000
0.667000,1.036971,3.397822,4.000000
0.668000,1.040039,3.397822,4.000000
0.669000,1.046175,3.909563,4.000000
0.670000,1.049243,3.909563,4.000000
0.671000,1.055379,4.342863,4.000000
0.672000,1.058447,4.342863,4.000000
0.673000,1.064583,4.342863,4.000000
0.674000,1.067651,4.761169,4.000000
0.675000,1.073787,4.761169,4.000000
0.676000,1.079922,5.101048,4.000000
0.677000,1.086058,5.101048,4.000000
0.678000,1.092194,5.390795,4.000000
0.679000,1.095262,5.390795,4.000000
0.680000,1.101398,5.390795,4.000000
0.681000,1.107534,5.662913,4.000000
0.682000,1.113670,5.662913,4.000000
0.683000,1.119806,5.931413,4.000000
0.684000,1.125942,5.931413,4.000000
0.685000,1.132078,6.112957,4.000000
0.686000,1.138214,6.112957,4.000000
0.687000,1.147418,6.339355,4.000000
0.688000,1.153554,6.509112,4.000000
0.689000,1.159689,6.509112,4.000000
0.690000,1.165825,6.669532,4.000000
0.691000,1.171961,6.669532,4.000000
0.692000,1.181165,6.815957,4.000000
0.693000,1.187301,6.815957,4.000000
0.694000,1.193437,6.967801,4.000000
0.695000,1.202641,7.084225,4.000000
0.696000,1.208777,7.084225,4.000000
0.697000,1.214913,7.186032,4.000000
0.698000,1.224117,7.186032,4.000000
0.699000,1.230253,7.303584,4.000000
0.700000,1.239456,7.377063,-4.000000
0.701000,1.245592,7.377063,-4.000000
0.702000,1.251728,7.457507,-4.000000
0.703000,1.257864,7.457507,-4.000000
0.704000,1.264000,6.520304,-4.000000
0.705000,1.270136,6.520304,-4.000000
0.706000,1.279340,6.699266,-4.000000
0.707000,1.282408,6.699266,-4.000000
0.708000,1.288544,6.269765,-4.000000
0.709000,1.294680,6.269765,-4.000000
0.710000,1.300816,5.820409,-4.000000
0.711000,1.306952,5.820409,-4.000000
0.712000,1.313088,5.540754,-4.000000
0.713000,1.316156,5.540754,-4.000000
0.714000,1.322291,5.540754,-4.000000
0.715000,1.325359,4.951237,-4.000000
0.716000,1.328427,4.951237,-4.000000
0.717000,1.334563,4.951237,-4.000000
0.718000,1.337631,4.425654,-4.000000
0.719000,1.340699,4.425654,-4.000000
0.720000,1.343767,4.425654,-4.000000
0.721000,1.346835,3.627102,-4.000000
0.722000,1.349903,3.712741,-4.000000
0.723000,1.352971,3.712741,-4.000000
0.724000,1.356039,3.712741,-4.000000
0.725000,1.359107,3.285525,-4.000000
0.726000,1.362175,2.998496,-4.000000
0.727000,1.362175,2.998496,-4.000000
0.728000,1.365243,2.998496,-4.000000
0.729000,1.365243,2.998496,-4.000000
0.730000,1.368311,2.998496,-4.000000
0.731000,1.368311,2.439320,-4.000000
0.732000,1.371379,2.039044,-4.000000
0.733000,1.371379,1.745760,-4.000000
0.734000,1.371379,1.529644,-4.000000
0.735000,1.371379,1.359475,-4.000000
0.736000,1.371379,1.224557,-4.000000
0.737000,1.374447,2.069456,-4.000000
0.738000,1.374447,2.069456,-4.000000
0.739000,1.374447,2.069456,-4.000000
0.740000,1.374447,2.069456,-4.000000
0.741000,1.371379,2.069456,-4.000000
0.742000,1.371379,2.069456,-4.000000
0.743000,1.371379,-1.895489,-4.000000
0.744000,1.371379,-1.642698,-4.000000
0.745000,1.368311,-1.448117,-4.000000
0.746000,1.368311,-1.295229,-4.000000
0.747000,1.365243,-1.102636,-4.000000
0.748000,1.365243,-1.102636,-4.000000
0.749000,1.362175,-1.102636,-4.000000
0.750000,1.362175,-1.102636,-4.000000
0.751000,1.359107,-1.102636,-4.000000
0.752000,1.356039,-1.102636,-4.000000
0.753000,1.352971,-1.246324,-4.000000
0.754000,1.352971,-1.246324,-4.000000
0.755000,1.349903,-1.246324,-4.000000
0.756000,1.346835,-1.246324,-4.000000
0.757000,1.343767,-1.246324,-4.000000
0.758000,1.340699,-2.476992,-4.000000
0.759000,1.337631,-2.476992,-4.000000
0.760000,1.331495,-2.476992,-4.000000
0.761000,1.328427,-3.237408,-4.000000
0.762000,1.325359,-3.237408,-4.000000
0.763000,1.319223,-3.237408,-4.000000
0.764000,1.316156,-3.858481,-4.000000
0.765000,1.313088,-3.858481,-4.000000
0.766000,1.306952,-3.858481,-4.000000
0.767000,1.303884,-4.351740,-4.000000
0.768000,1.297748,-4.351740,-4.000000
0.769000,1.291612,-4.798636,-4.000000
0.770000,1.288544,-4.798636,-4.000000
0.771000,1.282408,-4.798636,-4.000000
0.772000,1.276272,-5.250300,-4.000000
0.773000,1.270136,-5.250300,-4.000000
0.774000,1.264000,-5.643670,-4.000000
0.775000,1.257864,-5.643670,-4.000000
0.776000,1.251728,-6.061668,-4.000000
0.777000,1.245592,-6.061668,-4.000000
0.778000,1.236389,-6.429913,-4.000000
0.779000,1.230253,-6.764609,-4.000000
0.780000,1.224117,-6.764609,-4.000000
0.781000,1.214913,-7.122716,-4.000000
0.782000,1.208777,-7.122716,-4.000000
0.783000,1.199573,-7.431977,-4.000000
0.784000,1.193437,-7.742422,-4.000000
0.785000,1.184233,-7.742422,-4.000000
0.786000,1.175029,-8.054301,-4.000000
0.787000,1.165825,-8.344804,-4.000000
0.788000,1.156622,-8.634207,-4.000000
0.789000,1.147418,-8.634207,-4.000000
0.790000,1.141282,-8.938522,-4.000000
0.791000,1.129010,-9.193159,-4.000000
0.792000,1.119806,-9.452505,-4.000000
0.793000,1.110602,-9.452505,-4.000000
0.794000,1.101398,-9.757199,-4.000000
0.795000,1.089126,-9.978125,-4.000000
0.796000,1.079922,-10.200094,-4.000000
0.797000,1.070719,-10.496358,-4.000000
0.798000,1.058447,-10.719980,-4.000000
0.799000,1.046175,-10.907769,-4.000000
0.800000,1.036971,-10.907769,4.000000
0.801000,1.024699,-11.215132,4.000000
0.802000,1.015495,-11.372473,4.000000
0.803000,1.003223,-10.393753,4.000000
0.804000,0.990952,-11.458604,4.000000
0.805000,0.981748,-11.091941,4.000000
0.806000,0.969476,-11.015745,4.000000
0.807000,0.960272,-10.623442,4.000000
0.808000,0.948000,-10.497855,4.000000
0.809000,0.938796,-10.497855,4.000000
0.810000,0.929592,-10.534527,4.000000
0.811000,0.917321,-10.427731,4.000000
0.812000,0.908117,-10.118560,4.000000
0.813000,0.898913,-9.788438,4.000000
0.814000,0.889709,-9.788438,4.000000
0.815000,0.880505,-9.665619,4.000000
0.816000,0.871301,-9.521670,4.000000
0.817000,0.862097,-9.158949,4.000000
0.818000,0.852893,-9.158949,4.000000
0.819000,0.843689,-8.909051,4.000000
0.820000,0.834486,-8.769955,4.000000
0.821000,0.828350,-8.769955,4.000000
0.822000,0.819146,-8.347091,4.000000
0.823000,0.813010,-8.154803,4.000000
0.824000,0.803806,-8.154803,4.000000
0.825000,0.797670,-7.804518,4.000000
0.826000,0.788466,-7.478653,4.000000
0.827000,0.782330,-7.478653,4.000000
0.828000,0.776194,-7.142985,4.000000
0.829000,0.770058,-7.142985,4.000000
0.830000,0.763922,-6.735114,4.000000
0.831000,0.757787,-6.735114,4.000000
0.832000,0.751651,-6.333130,4.000000
0.833000,0.745515,-6.333130,4.000000
0.834000,0.739379,-6.011314,4.000000
0.835000,0.733243,-6.011314,4.000000
0.836000,0.727107,-5.550046,4.000000
0.837000,0.724039,-5.550046,4.000000
0.838000,0.717903,-5.550046,4.000000
0.839000,0.714835,-5.130341,4.000000
0.840000,0.708699,-5.130341,4.000000
0.841000,0.705631,-4.826553,4.000000
0.842000,0.699495,-4.647938,4.000000
0.843000,0.696427,-4.647938,4.000000
0.844000,0.693359,-4.496165,4.000000
0.845000,0.690291,-4.079077,4.000000
0.846000,0.687223,-4.079077,4.000000
0.847000,0.684155,-4.079077,4.000000
0.848000,0.681087,-3.505518,4.000000
0.849000,0.678020,-3.477059,4.000000
0.850000,0.674952,-3.477059,4.000000
0.851000,0.671884,-3.477059,4.000000
0.852000,0.671884,-3.410794,4.000000
0.853000,0.668816,-2.669969,4.000000
0.854000,0.665748,-2.751252,4.000000
0.855000,0.665748,-2.751252,4.000000
0.856000,0.662680,-2.751252,4.000000
0.857000,0.662680,-2.751252,4.000000
0.858000,0.662680,-2.751252,4.000000
0.859000,0.659612,-2.339122,4.000000
0.860000,0.659612,-1.962907,4.000000
0.861000,0.659612,-1.692036,4.000000
0.862000,0.659612,-1.486898,4.000000
0.863000,0.659612,-1.326509,4.000000
0.864000,0.659612,-1.198106,4.000000
0.865000,0.659612,-1.090967,4.000000
0.866000,0.659612,-1.001837,4.000000
0.867000,0.659612,-0.926434,4.000000
0.868000,0.659612,-0.861330,4.000000
0.869000,0.659612,-0.804772,4.000000
0.870000,0.662680,-1.634521,4.000000
0.871000,0.662680,-1.634521,4.000000
0.872000,0.662680,-1.634521,4.000000
0.873000,0.665748,-1.634521,4.000000
0.874000,0.665748,-1.634521,4.000000
0.875000,0.668816,-1.634521,4.000000
0.876000,0.671884,-1.634521,4.000000
0.877000,0.671884,-1.634521,4.000000
0.878000,0.674952,0.775478,4.000000
0.879000,0.678020,0.775478,4.000000
0.880000,0.681087,0.775478,4.000000
0.881000,0.684155,0.775478,4.000000
0.882000,0.687223,2.265514,4.000000
0.883000,0.690291,2.265514,4.000000
0.884000,0.693359,2.265514,4.000000
0.885000,0.696427,2.265514,4.000000
0.886000,0.699495,3.068239,4.000000
0.887000,0.705631,3.068239,4.000000
0.888000,0.708699,3.068239,4.000000
0.889000,0.711767,3.694237,4.000000
0.890000,0.717903,3.694237,4.000000
0.891000,0.720971,3.694237,4.000000
0.892000,0.727107,4.228350,4.000000
0.893000,0.730175,4.228350,4.000000
0.894000,0.736311,4.699481,4.000000
0.895000,0.742447,4.699481,4.000000
0.896000,0.748583,5.127364,4.000000
0.897000,0.751651,5.127364,4.000000
0.898000,0.757787,5.127364,4.000000
0.899000,0.763922,5.533259,4.000000
0.900000,0.770058,5.533259,4.000000
0.901000,0.776194,5.897760,-4.000000
0.902000,0.782330,5.897760,-4.000000
0.903000,0.788466,6.222739,-4.000000
0.904000,0.794602,6.222739,-4.000000
0.905000,0.800738,5.736928,-4.000000
0.906000,0.806874,5.736928,-4.000000
0.907000,0.813010,6.058426,-4.000000
0.908000,0.819146,6.058426,-4.000000
0.909000,0.822214,5.682653,-4.000000
0.910000,0.828350,5.682653,-4.000000
0.911000,0.834486,5.352944,-4.000000
0.912000,0.837554,5.352944,-4.000000
0.913000,0.843689,5.352944,-4.000000
0.914000,0.846757,4.987851,-4.000000
0.915000,0.852893,4.987851,-4.000000
0.916000,0.855961,4.903426,-4.000000
0.917000,0.859029,4.479139,-4.000000
0.918000,0.862097,4.479139,-4.000000
0.919000,0.868233,4.479139,-4.000000
0.920000,0.871301,3.927968,-4.000000
0.921000,0.874369,3.927968,-4.000000
0.922000,0.877437,3.927968,-4.000000
0.923000,0.880505,3.799317,-4.000000
0.924000,0.883573,3.292013,-4.000000
0.925000,0.883573,3.292013,-4.000000
0.926000,0.886641,3.292013,-4.000000
0.927000,0.889709,3.292013,-4.000000
0.928000,0.889709,3.020380,-4.000000
0.929000,0.892777,2.418607,-4.000000
0.930000,0.892777,2.021531,-4.000000
0.931000,0.895845,2.472501,-4.000000
0.932000,0.895845,2.472501,-4.000000
0.933000,0.895845,2.472501,-4.000000
0.934000,0.898913,2.472501,-4.000000
0.935000,0.898913,2.472501,-4.000000
0.936000,0.898913,2.204028,-4.000000
0.937000,0.898913,1.866945,-4.000000
0.938000,0.898913,1.620135,-4.000000
0.939000,0.898913,1.431968,-4.000000
0.940000,0.898913,1.282109,-4.000000
0.941000,0.895845,-1.160589,-4.000000
0.942000,0.895845,-1.060526,-4.000000
0.943000,0.895845,-0.976101,-4.000000
0.944000,0.895845,-0.904722,-4.000000
0.945000,0.892777,-0.842061,-4.000000
0.946000,0.892777,-0.788049,-4.000000
0.947000,0.889709,-0.740433,-4.000000
0.948000,0.886641,-0.703427,-4.000000
0.949000,0.886641,-0.703427,-4.000000
0.950000,0.883573,-0.703427,-4.000000
0.951000,0.880505,-0.703427,-4.000000
0.952000,0.877437,-0.703427,-4.000000
0.953000,0.874369,-1.863304,-4.000000
0.954000,0.874369,-1.863304,-4.000000
0.955000,0.871301,-1.863304,-4.000000
0.956000,0.865165,-1.863304,-4.000000
0.957000,0.862097,-2.856677,-4.000000
0.958000,0.859029,-2.856677,-4.000000
0.959000,0.855961,-2.856677,-4.000000
0.960000,0.852893,-2.856677,-4.000000
0.961000,0.846757,-3.542084,-4.000000
0.962000,0.843689,-3.542084,-4.000000
0.963000,0.837554,-4.088287,-4.000000
0.964000,0.834486,-4.088287,-4.000000
0.965000,0.828350,-4.088287,-4.000000
0.966000,0.825282,-4.563438,-4.000000
0.967000,0.819146,-4.563438,-4.000000
0.968000,0.813010,-4.993348,-4.000000
0.969000,0.806874,-4.993348,-4.000000
0.970000,0.803806,-4.993348,-4.000000
0.971000,0.797670,-5.366925,-4.000000
0.972000,0.791534,-5.366925,-4.000000
0.973000,0.785398,-5.757226,-4.000000
0.974000,0.779262,-5.757226,-4.000000
0.975000,0.773126,-6.060545,-4.000000
0.976000,0.763922,-6.386505,-4.000000
0.977000,0.757787,-6.386505,-4.000000
0.978000,0.751651,-6.712397,-4.000000
0.979000,0.745515,-6.712397,-4.000000
0.980000,0.736311,-6.943271,-4.000000
0.981000,0.730175,-6.943271,-4.000000
0.982000,0.720971,-7.223218,-4.000000
0.983000,0.714835,-7.446007,-4.000000
0.984000,0.705631,-7.446007,-4.000000
0.985000,0.699495,-7.696092,-4.000000
0.986000,0.690291,-7.882850,-4.000000
0.987000,0.681087,-7.882850,-4.000000
0.988000,0.674952,-8.065918,-4.000000
0.989000,0.665748,-8.275634,-4.000000
0.990000,0.656544,-8.275634,-4.000000
0.991000,0.650408,-8.442317,-4.000000
0.992000,0.641204,-8.590889,-4.000000
0.993000,0.632000,-8.590889,-4.000000
0.994000,0.622796,-8.778319,-4.000000
0.995000,0.613592,-8.922456,-4.000000
0.996000,0.604388,-9.056156,-4.000000
0.997000,0.595185,-9.056156,-4.000000
0.998000,0.585981,-9.206186,-4.000000
0.999000,0.576777,-9.321176,-4.000000
1.000000,0.567573,-9.453820,-4.000000
1.001000,0.555301,-9.560408,4.000000
1.002000,0.546097,-9.560408,4.000000
1.003000,0.539961,-9.661392,4.000000
1.004000,0.530757,-8.718380,4.000000
1.005000,0.521553,-8.718380,4.000000
1.006000,0.512350,-8.853081,4.000000
1.007000,0.503146,-9.221752,4.000000
1.008000,0.493942,-8.548417,4.000000
1.009000,0.487806,-8.548417,4.000000
1.010000,0.478602,-8.283315,4.000000
1.011000,0.469398,-8.070044,4.000000
1.012000,0.463262,-8.070044,4.000000
1.013000,0.454058,-7.798663,4.000000
1.014000,0.447922,-7.798663,4.000000
1.015000,0.441786,-7.325382,4.000000
1.016000,0.435651,-7.171975,4.000000
1.017000,0.426447,-7.186733,4.000000
1.018000,0.420311,-6.736039,4.000000
1.019000,0.414175,-6.736039,4.000000
1.020000,0.408039,-6.319451,4.000000
1.021000,0.401903,-6.319451,4.000000
1.022000,0.398835,-5.880646,4.000000
1.023000,0.392699,-5.934839,4.000000
1.024000,0.386563,-5.934839,4.000000
1.025000,0.380427,-5.487622,4.000000
1.026000,0.377359,-5.487622,4.000000
1.027000,0.371223,-5.133649,4.000000
1.028000,0.368155,-5.133649,4.000000
1.029000,0.362019,-5.133649,4.000000
1.030000,0.358952,-4.679842,4.000000
1.031000,0.355884,-4.679842,4.000000
1.032000,0.349748,-4.679842,4.000000
1.033000,0.346680,-4.156289,4.000000
1.034000,0.343612,-4.156289,4.000000
1.035000,0.340544,-4.156289,4.000000
1.036000,0.337476,-3.847091,4.000000
1.037000,0.334408,-3.552709,4.000000
1.038000,0.331340,-3.552709,4.000000
1.039000,0.328272,-3.552709,4.000000
1.040000,0.328272,-3.552709,4.000000
1.041000,0.325204,-2.788378,4.000000
1.042000,0.322136,-2.899327,4.000000
1.043000,0.319068,-2.899327,4.000000
1.044000,0.319068,-2.899327,4.000000
1.045000,0.316000,-2.899327,4.000000
1.046000,0.316000,-2.664269,4.000000
1.047000,0.312932,-2.189229,4.000000
1.048000,0.312932,-1.858041,4.000000
1.049000,0.312932,-1.614705,4.000000
1.050000,0.309864,-2.119393,4.000000
1.051000,0.309864,-2.119393,4.000000
1.052000,0.309864,-2.119393,4.000000
1.053000,0.309864,-2.119393,4.000000
1.054000,0.309864,-2.119393,4.000000
1.055000,0.309864,-2.119393,4.000000
1.056000,0.309864,-1.953576,4.000000
1.057000,0.309864,-1.685909,4.000000
1.058000,0.309864,-1.482224,4.000000
1.059000,0.309864,-1.321588,4.000000
1.060000,0.312932,1.193548,4.000000
1.061000,0.312932,1.087786,4.000000
1.062000,0.312932,0.999134,4.000000
1.063000,0.316000,0.923642,4.000000
1.064000,0.316000,0.859003,4.000000
1.065000,0.319068,0.831031,4.000000
1.066000,0.319068,0.831031,4.000000
1.067000,0.322136,0.831031,4.000000
1.068000,0.325204,0.831031,4.000000
1.069000,0.328272,0.831031,4.000000
1.070000,0.328272,0.831031,4.000000
1.071000,0.331340,1.520599,4.000000
1.072000,0.334408,1.520599,4.000000
1.073000,0.337476,1.520599,4.000000
1.074000,0.340544,1.520599,4.000000
1.075000,0.343612,2.591169,4.000000
1.076000,0.349748,2.591169,4.000000
1.077000,0.352816,2.591169,4.000000
1.078000,0.355884,3.364903,4.000000
1.079000,0.362019,3.364903,4.000000
1.080000,0.365087,3.364903,4.000000
1.081000,0.368155,3.982767,4.000000
1.082000,0.374291,3.982767,4.000000
1.083000,0.380427,4.506921,4.000000
1.084000,0.383495,4.506921,4.000000
1.085000,0.389631,4.506921,4.000000
1.086000,0.395767,4.984390,4.000000
1.087000,0.401903,4.984390,4.000000
1.088000,0.404971,5.436502,4.000000
1.089000,0.411107,5.436502,4.000000
1.090000,0.417243,5.823976,4.000000
1.091000,0.426447,5.823976,4.000000
1.092000,0.432583,6.232132,4.000000
1.093000,0.438719,6.232132,4.000000
1.094000,0.444854,6.603339,4.000000
1.095000,0.454058,6.939618,4.000000
1.096000,0.460194,6.939618,4.000000
1.097000,0.466330,7.282154,4.000000
1.098000,0.475534,7.282154,4.000000
1.099000,0.484738,7.607630,4.000000
1.100000,0.490874,7.847773,-4.000000
1.101000,0.500078,7.847773,-4.000000
1.102000,0.506214,8.153975,-4.000000
1.103000,0.515418,7.188780,-4.000000
1.104000,0.521553,7.188780,-4.000000
1.105000,0.530757,8.103423,-4.000000
1.106000,0.536893,8.103423,-4.000000
1.107000,0.546097,7.514845,-4.000000
1.108000,0.552233,7.448204,-4.000000
1.109000,0.558369,7.448204,-4.000000
1.110000,0.564505,7.170578,-4.000000
1.111000,0.573709,7.170578,-4.000000
1.112000,0.579845,6.759951,-4.000000
1.113000,0.585981,6.759951,-4.000000
1.114000,0.592117,6.417584,-4.000000
1.115000,0.598253,6.417584,-4.000000
1.116000,0.601320,6.157388,-4.000000
1.117000,0.607456,6.157388,-4.000000
1.118000,0.613592,5.671928,-4.000000
1.119000,0.619728,5.671928,-4.000000
1.120000,0.622796,5.298534,-4.000000
1.121000,0.628932,5.311210,-4.000000
1.122000,0.632000,5.311210,-4.000000
1.123000,0.638136,4.727896,-4.000000
1.124000,0.641204,4.727896,-4.000000
1.125000,0.644272,4.727896,-4.000000
1.126000,0.650408,4.213128,-4.000000
1.127000,0.653476,4.213128,-4.000000
1.128000,0.656544,4.213128,-4.000000
1.129000,0.659612,4.096552,-4.000000
1.130000,0.662680,3.562205,-4.000000
1.131000,0.662680,3.562205,-4.000000
1.132000,0.665748,3.562205,-4.000000
1.133000,0.668816,3.562205,-4.000000
1.134000,0.671884,2.992657,-4.000000
1.135000,0.671884,2.404915,-4.000000
1.136000,0.674952,2.731292,-4.000000
1.137000,0.674952,2.731292,-4.000000
1.138000,0.678020,2.731292,-4.000000
1.139000,0.678020,2.731292,-4.000000
1.140000,0.678020,2.624955,-4.000000
1.141000,0.681087,2.164066,-4.000000
1.142000,0.681087,1.836511,-4.000000
1.143000,0.681087,1.597588,-4.000000
1.144000,0.681087,1.414538,-4.000000
1.145000,0.681087,1.267594,-4.000000
1.146000,0.681087,1.150274,-4.000000
1.147000,0.681087,1.050563,-4.000000
1.148000,0.681087,0.968101,-4.000000
1.149000,0.681087,0.897151,-4.000000
1.150000,0.678020,1.547310,-4.000000
1.151000,0.678020,1.547310,-4.000000
1.152000,0.674952,1.547310,-4.000000
1.153000,0.674952,1.547310,-4.000000
1.154000,0.674952,1.547310,-4.000000
1.155000,0.671884,1.547310,-4.000000
1.156000,0.668816,1.547310,-4.000000
1.157000,0.668816,1.547310,-4.000000
1.158000,0.665748,-0.888934,-4.000000
1.159000,0.662680,-0.888934,-4.000000
1.160000,0.659612,-0.888934,-4.000000
1.161000,0.656544,-0.888934,-4.000000
1.162000,0.653476,-2.231882,-4.000000
1.163000,0.650408,-2.231882,-4.000000
1.164000,0.647340,-2.231882,-4.000000
1.165000,0.644272,-2.231882,-4.000000
1.166000,0.641204,-3.027448,-4.000000
1.167000,0.635068,-3.027448,-4.000000
1.168000,0.632000,-3.027448,-4.000000
1.169000,0.628932,-3.661917,-4.000000
1.170000,0.622796,-3.661917,-4.000000
1.171000,0.619728,-3.661917,-4.000000
1.172000,0.613592,-4.215439,-4.000000
1.173000,0.610524,-4.215439,-4.000000
1.174000,0.604388,-4.683712,-4.000000
1.175000,0.598253,-4.683712,-4.000000
1.176000,0.592117,-4.683712,-4.000000
1.177000,0.589049,-5.139831,-4.000000
1.178000,0.582913,-5.139831,-4.000000
1.179000,0.576777,-5.520951,-4.000000
1.180000,0.570641,-5.520951,-4.000000
1.181000,0.564505,-5.906473,-4.000000
1.182000,0.558369,-5.906473,-4.000000
1.183000,0.552233,-6.236927,-4.000000
1.184000,0.543029,-6.573225,-4.000000
1.185000,0.536893,-6.573225,-4.000000
1.186000,0.530757,-6.873059,-4.000000
1.187000,0.521553,-6.873059,-4.000000
1.188000,0.515418,-7.183578,-4.000000
1.189000,0.506214,-7.468097,-4.000000
1.190000,0.500078,-7.468097,-4.000000
1.191000,0.490874,-7.718345,-4.000000
1.192000,0.484738,-7.718345,-4.000000
1.193000,0.475534,-8.007657,-4.000000
1.194000,0.466330,-8.258308,-4.000000
1.195000,0.457126,-8.509886,-4.000000
1.196000,0.447922,-8.509886,-4.000000
1.197000,0.438719,-8.736656,-4.000000
1.198000,0.429515,-8.980951,-4.000000
1.199000,0.420311,-9.210217,-4.000000
1.200000,0.411107,-9.210217,-4.000000
1.201000,0.401903,-9.391320,4.000000
1.202000,0.392699,-9.626236,4.000000
1.203000,0.383495,-8.695044,4.000000
1.204000,0.374291,-8.695044,4.000000
1.205000,0.365087,-9.667417,4.000000
1.206000,0.355884,-9.568587,4.000000
1.207000,0.346680,-8.946034,4.000000
1.208000,0.337476,-8.946034,4.000000
1.209000,0.331340,-8.829372,4.000000
1.210000,0.322136,-8.655945,4.000000
1.211000,0.312932,-8.655945,4.000000
1.212000,0.306796,-8.300044,4.000000
1.213000,0.297592,-8.090957,4.000000
1.214000,0.288388,-8.090957,4.000000
1.215000,0.282252,-7.741744,4.000000
1.216000,0.276117,-7.741744,4.000000
1.217000,0.266913,-7.520922,4.000000
1.218000,0.260777,-7.182469,4.000000
1.219000,0.254641,-7.182469,4.000000
1.220000,0.248505,-6.838271,4.000000
1.221000,0.242369,-6.838271,4.000000
1.222000,0.236233,-6.485510,4.000000
1.223000,0.230097,-6.485510,4.000000
1.224000,0.223961,-6.091632,4.000000
1.225000,0.217825,-6.091632,4.000000
1.226000,0.211689,-5.714443,4.000000
1.227000,0.208621,-5.714443,4.000000
1.228000,0.202485,-5.714443,4.000000
1.229000,0.199418,-5.196021,4.000000
1.230000,0.193282,-5.196021,4.000000
1.231000,0.190214,-4.722312,4.000000
1.232000,0.184078,-4.759630,4.000000
1.233000,0.181010,-4.759630,4.000000
1.234000,0.177942,-4.329224,4.000000
1.235000,0.174874,-4.196300,4.000000
1.236000,0.171806,-4.196300,4.000000
1.237000,0.165670,-4.196300,4.000000
1.238000,0.165670,-3.316578,4.000000
1.239000,0.162602,-3.570915,4.000000
1.240000,0.159534,-3.570915,4.000000
1.241000,0.156466,-3.570915,4.000000
1.242000,0.153398,-3.084175,4.000000
1.243000,0.150330,-2.910243,4.000000
1.244000,0.150330,-2.910243,4.000000
1.245000,0.147262,-2.910243,4.000000
1.246000,0.147262,-2.910243,4.000000
1.247000,0.144194,-2.910243,4.000000
1.248000,0.144194,-2.436898,4.000000
1.249000,0.144194,-2.033844,4.000000
1.250000,0.141126,-1.744340,4.000000
1.251000,0.141126,-1.526768,4.000000
1.252000,0.141126,-1.358183,4.000000
1.253000,0.141126,-1.222487,4.000000
1.254000,0.141126,-1.111621,4.000000
1.255000,0.141126,-1.019243,4.000000
1.256000,0.141126,-0.941037,4.000000
1.257000,0.141126,-0.874187,4.000000
1.258000,0.141126,-0.816127,4.000000
1.259000,0.141126,-0.765198,4.000000
1.260000,0.144194,0.720303,4.000000
1.261000,0.144194,0.680383,4.000000
1.262000,0.147262,1.955958,4.000000
1.263000,0.147262,1.955958,4.000000
1.264000,0.150330,1.955958,4.000000
1.265000,0.150330,1.955958,4.000000
1.266000,0.153398,1.955958,4.000000
1.267000,0.156466,1.955958,4.000000
1.268000,0.156466,1.955958,4.000000
1.269000,0.159534,0.649987,4.000000
1.270000,0.162602,0.649987,4.000000
1.271000,0.165670,0.649987,4.000000
1.272000,0.168738,0.649987,4.000000
1.273000,0.171806,2.443482,4.000000
1.274000,0.174874,2.443482,4.000000
1.275000,0.177942,2.443482,4.000000
1.276000,0.184078,3.222778,4.000000
1.277000,0.187146,3.222778,4.000000
1.278000,0.190214,3.222778,4.000000
1.279000,0.196350,3.815032,4.000000
1.280000,0.199418,3.815032,4.000000
1.281000,0.202485,3.815032,4.000000
1.282000,0.208621,4.324689,4.000000
1.283000,0.214757,4.324689,4.000000
1.284000,0.217825,4.324689,4.000000
1.285000,0.223961,4.760066,4.000000
1.286000,0.230097,4.760066,4.000000
1.287000,0.233165,5.167063,4.000000
1.288000,0.239301,5.167063,4.000000
1.289000,0.245437,5.492158,4.000000
1.290000,0.251573,5.492158,4.000000
1.291000,0.257709,5.800082,4.000000
1.292000,0.263845,5.800082,4.000000
1.293000,0.269981,6.086764,4.000000
1.294000,0.276117,6.086764,4.000000
1.295000,0.282252,6.363140,4.000000
1.296000,0.291456,6.363140,4.000000
1.297000,0.297592,6.579931,4.000000
1.298000,0.303728,6.579931,4.000000
1.299000,0.309864,6.812121,4.000000
1.300000,0.319068,7.029220,4.000000
1.301000,0.325204,7.029220,-4.000000
1.302000,0.331340,7.198502,-4.000000
1.303000,0.337476,7.198502,-4.000000
1.304000,0.346680,6.550225,-4.000000
1.305000,0.352816,6.550225,-4.000000
1.306000,0.358952,6.746634,-4.000000
1.307000,0.365087,6.746634,-4.000000
1.308000,0.371223,6.656418,-4.000000
1.309000,0.377359,6.656418,-4.000000
1.310000,0.383495,6.120240,-4.000000
1.311000,0.389631,6.120240,-4.000000
1.312000,0.392699,5.795859,-4.000000
1.313000,0.398835,5.795859,-4.000000
1.314000,0.404971,5.272072,-4.000000
1.315000,0.408039,5.272072,-4.000000
1.316000,0.414175,5.272072,-4.000000
1.317000,0.417243,4.880162,-4.000000
1.318000,0.420311,4.880162,-4.000000
1.319000,0.426447,4.880162,-4.000000
1.320000,0.429515,4.247988,-4.000000
1.321000,0.432583,4.247988,-4.000000
1.322000,0.435651,4.247988,-4.000000
1.323000,0.438719,3.720385,-4.000000
1.324000,0.441786,3.625093,-4.000000
1.325000,0.444854,3.625093,-4.000000
1.326000,0.447922,3.625093,-4.000000
1.327000,0.450990,3.430299,-4.000000
1.328000,0.450990,2.682574,-4.000000
1.329000,0.454058,2.932925,-4.000000
1.330000,0.454058,2.932925,-4.000000
1.331000,0.457126,2.932925,-4.000000
1.332000,0.457126,2.932925,-4.000000
1.333000,0.460194,2.595576,-4.000000
1.334000,0.460194,2.141398,-4.000000
1.335000,0.463262,1.824211,-4.000000
1.336000,0.463262,1.588786,-4.000000
1.337000,0.463262,1.406150,-4.000000
1.338000,0.463262,1.260999,-4.000000
1.339000,0.463262,1.143708,-4.000000
1.340000,0.463262,1.046316,-4.000000
1.341000,0.463262,0.964388,-4.000000
1.342000,0.463262,0.894349,-4.000000
1.343000,0.463262,0.832977,-4.000000
1.344000,0.463262,0.780399,-4.000000
1.345000,0.460194,-0.733422,-4.000000
1.346000,0.460194,-0.692283,-4.000000
1.347000,0.460194,-0.655493,-4.000000
1.348000,0.457126,-1.943914,-4.000000
1.349000,0.457126,-1.943914,-4.000000
1.350000,0.454058,-1.943914,-4.000000
1.351000,0.450990,-1.943914,-4.000000
1.352000,0.450990,-1.943914,-4.000000
1.353000,0.447922,-1.943914,-4.000000
1.354000,0.444854,-0.648250,-4.000000
1.355000,0.441786,-0.648250,-4.000000
1.356000,0.441786,-0.648250,-4.000000
1.357000,0.435651,-0.648250,-4.000000
1.358000,0.432583,-0.648250,-4.000000
1.359000,0.429515,-2.423969,-4.000000
1.360000,0.426447,-2.423969,-4.000000
1.361000,0.423379,-2.423969,-4.000000
1.362000,0.420311,-3.145966,-4.000000
1.363000,0.417243,-3.145966,-4.000000
1.364000,0.411107,-3.145966,-4.000000
1.365000,0.408039,-3.740450,-4.000000
1.366000,0.404971,-3.740450,-4.000000
1.367000,0.398835,-3.740450,-4.000000
1.368000,0.395767,-4.264410,-4.000000
1.369000,0.389631,-4.264410,-4.000000
1.370000,0.383495,-4.694687,-4.000000
1.371000,0.380427,-4.694687,-4.000000
1.372000,0.374291,-4.694687,-4.000000
1.373000,0.368155,-5.135529,-4.000000
1.374000,0.362019,-5.135529,-4.000000
1.375000,0.355884,-5.529312,-4.000000
1.376000,0.349748,-5.529312,-4.000000
1.377000,0.343612,-5.929622,-4.000000
1.378000,0.337476,-5.929622,-4.000000
1.379000,0.331340,-6.252374,-4.000000
1.380000,0.325204,-6.252374,-4.000000
1.381000,0.316000,-6.641508,-4.000000
1.382000,0.309864,-6.952504,-4.000000
1.383000,0.303728,-6.952504,-4.000000
1.384000,0.294524,-7.249234,-4.000000
1.385000,0.288388,-7.249234,-4.000000
1.386000,0.279185,-7.560306,-4.000000
1.387000,0.269981,-7.839209,-4.000000
1.388000,0.263845,-7.839209,-4.000000
1.389000,0.254641,-8.115033,-4.000000
1.390000,0.245437,-8.372163,-4.000000
1.391000,0.236233,-8.636317,-4.000000
1.392000,0.227029,-8.636317,-4.000000
1.393000,0.217825,-8.893716,-4.000000
1.394000,0.208621,-9.139811,-4.000000
1.395000,0.199418,-9.397513,-4.000000
1.396000,0.190214,-9.397513,-4.000000
1.397000,0.181010,-9.579480,-4.000000
1.398000,0.168738,-9.832225,-4.000000
1.399000,0.159534,-10.026473,-4.000000
1.400000,0.150330,-10.267895,4.000000
1.401000,0.138058,-10.475079,4.000000
1.402000,0.128854,-10.475079,4.000000
1.403000,0.119651,-9.372393,4.000000
1.404000,0.110447,-10.629960,4.000000
1.405000,0.098175,-10.251217,4.000000
1.406000,0.088971,-9.881598,4.000000
1.407000,0.079767,-9.881598,4.000000
1.408000,0.070563,-9.521465,4.000000
1.409000,0.061359,-9.440890,4.000000
1.410000,0.052155,-9.406417,4.000000
1.411000,0.042951,-9.406417,4.000000
1.412000,0.033748,-8.886650,4.000000
1.413000,0.024544,-8.729836,4.000000
1.414000,0.018408,-8.729836,4.000000
1.415000,0.009204,-8.476252,4.000000
1.416000,0.003068,-8.199071,4.000000
1.417000,-0.006136,-8.199071,4.000000
1.418000,-0.012272,-7.792404,4.000000
1.419000,-0.021476,-7.648525,4.000000
1.420000,-0.027612,-7.648525,4.000000
1.421000,-0.033748,-7.190476,4.000000
1.422000,-0.042951,-7.190476,4.000000
1.423000,-0.049087,-6.862329,4.000000
1.424000,-0.055223,-6.862329,4.000000
1.425000,-0.061359,-6.553188,4.000000
1.426000,-0.067495,-6.553188,4.000000
1.427000,-0.070563,-6.050170,4.000000
1.428000,-0.076699,-6.050170,4.000000
1.429000,-0.082835,-5.689385,4.000000
1.430000,-0.088971,-5.689385,4.000000
1.431000,-0.092039,-5.504681,4.000000
1.432000,-0.098175,-5.169814,4.000000
1.433000,-0.101243,-5.169814,4.000000
1.434000,-0.107379,-4.466257,4.000000
1.435000,-0.110447,-4.703784,4.000000
1.436000,-0.113515,-4.703784,4.000000
1.437000,-0.116583,-4.102562,4.000000
1.438000,-0.119651,-4.155194,4.000000
1.439000,-0.122718,-4.155194,4.000000
1.440000,-0.128854,-4.155194,4.000000
1.441000,-0.128854,-3.215062,4.000000
1.442000,-0.131922,-3.521782,4.000000
1.443000,-0.134990,-3.521782,4.000000
1.444000,-0.138058,-3.521782,4.000000
1.445000,-0.141126,-3.106403,4.000000
1.446000,-0.141126,-2.476215,4.000000
1.447000,-0.144194,-2.758528,4.000000
1.448000,-0.144194,-2.758528,4.000000
1.449000,-0.147262,-2.758528,4.000000
1.450000,-0.147262,-2.758528,4.000000
1.451000,-0.150330,-2.658762,4.000000
1.452000,-0.150330,-2.183392,4.000000
1.453000,-0.150330,-1.856468,4.000000
1.454000,-0.150330,-1.611533,4.000000
1.455000,-0.150330,-1.423715,4.000000
1.456000,-0.150330,-1.275680,4.000000
1.457000,-0.150330,-1.155657,4.000000
1.458000,-0.150330,-1.056416,4.000000
1.459000,-0.150330,-0.973294,4.000000
1.460000,-0.150330,-0.901310,4.000000
1.461000,-0.150330,-0.839776,4.000000
1.462000,-0.147262,-1.660340,4.000000
1.463000,-0.147262,-1.660340,4.000000
1.464000,-0.147262,-1.660340,4.000000
1.465000,-0.144194,-1.660340,4.000000
1.466000,-0.144194,-1.660340,4.000000
1.467000,-0.141126,-1.660340,4.000000
1.468000,-0.138058,-1.660340,4.000000
1.469000,-0.138058,-1.660340,4.000000
1.470000,-0.134990,0.799032,4.000000
1.471000,-0.131922,0.799032,4.000000
1.472000,-0.128854,0.799032,4.000000
1.473000,-0.125786,0.799032,4.000000
1.474000,-0.122718,2.268643,4.000000
1.475000,-0.119651,2.268643,4.000000
1.476000,-0.116583,2.268643,4.000000
1.477000,-0.113515,2.268643,4.000000
1.478000,-0.110447,3.135250,4.000000
1.479000,-0.104311,3.135250,4.000000
1.480000,-0.101243,3.135250,4.000000
1.481000,-0.095107,3.790320,4.000000
1.482000,-0.092039,3.790320,4.000000
1.483000,-0.085903,4.339962,4.000000
1.484000,-0.082835,4.339962,4.000000
1.485000,-0.076699,4.339962,4.000000
1.486000,-0.070563,4.840726,4.000000
1.487000,-0.067495,4.840726,4.000000
1.488000,-0.061359,5.212358,4.000000
1.489000,-0.055223,5.212358,4.000000
1.490000,-0.049087,5.653456,4.000000
1.491000,-0.042951,5.653456,4.000000
1.492000,-0.036816,6.004124,4.000000
1.493000,-0.030680,6.004124,4.000000
1.494000,-0.024544,6.320852,4.000000
1.495000,-0.015340,6.320852,4.000000
1.496000,-0.009204,6.656067,4.000000
1.497000,-0.003068,6.656067,4.000000
1.498000,0.006136,6.952669,4.000000
1.499000,0.012272,7.210662,4.000000
1.500000,0.018408,7.210662,4.000000
1.501000,0.027612,7.490064,-4.000000
1.502000,0.036816,7.727052,-4.000000
1.503000,0.042951,7.727052,-4.000000
1.504000,0.049087,7.139579,-4.000000
1.505000,0.058291,7.139579,-4.000000
1.506000,0.064427,7.224813,-4.000000
1.507000,0.070563,7.224813,-4.000000
1.508000,0.076699,7.406373,-4.000000
1.509000,0.085903,6.906205,-4.000000
1.510000,0.092039,6.906205,-4.000000
1.511000,0.098175,6.577972,-4.000000
1.512000,0.104311,6.577972,-4.000000
1.513000,0.110447,6.208441,-4.000000
1.514000,0.113515,6.208441,-4.000000
1.515000,0.119651,5.979663,-4.000000
1.516000,0.125786,5.804540,-4.000000
1.517000,0.131922,5.804540,-4.000000
1.518000,0.134990,5.385866,-4.000000
1.519000,0.141126,5.385866,-4.000000
1.520000,0.144194,4.938728,-4.000000
1.521000,0.150330,4.927408,-4.000000
1.522000,0.153398,4.927408,-4.000000
1.523000,0.156466,4.223863,-4.000000
1.524000,0.162602,4.401469,-4.000000
1.525000,0.165670,4.401469,-4.000000
1.526000,0.168738,4.159086,-4.000000
1.527000,0.171806,3.867957,-4.000000
1.528000,0.174874,3.867957,-4.000000
1.529000,0.177942,3.867957,-4.000000
1.530000,0.181010,3.548799,-4.000000
1.531000,0.184078,3.177451,-4.000000
1.532000,0.184078,3.177451,-4.000000
1.533000,0.187146,3.177451,-4.000000
1.534000,0.190214,3.177451,-4.000000
1.535000,0.190214,3.061201,-4.000000
1.536000,0.193282,2.450068,-4.000000
1.537000,0.193282,2.040424,-4.000000
1.538000,0.193282,1.752384,-4.000000
1.539000,0.196350,2.277667,-4.000000
1.540000,0.196350,2.277667,-4.000000
1.541000,0.196350,2.277667,-4.000000
1.542000,0.196350,2.277667,-4.000000
1.543000,0.196350,2.277667,-4.000000
1.544000,0.196350,2.124234,-4.000000
1.545000,0.196350,1.811079,-4.000000
1.546000,0.196350,1.577445,-4.000000
1.547000,0.196350,1.397340,-4.000000
1.548000,0.196350,1.254542,-4.000000
1.549000,0.196350,1.138726,-4.000000
1.550000,0.193282,-1.041471,-4.000000
1.551000,0.193282,-0.960262,-4.000000
1.552000,0.190214,-0.890457,-4.000000
1.553000,0.190214,-0.830320,-4.000000
1.554000,0.187146,-0.782672,-4.000000
1.555000,0.187146,-0.782672,-4.000000
1.556000,0.184078,-0.782672,-4.000000
1.557000,0.181010,-0.782672,-4.000000
1.558000,0.181010,-0.782672,-4.000000
1.559000,0.177942,-0.782672,-4.000000
1.560000,0.174874,-1.714008,-4.000000
1.561000,0.171806,-1.714008,-4.000000
1.562000,0.168738,-1.714008,-4.000000
1.563000,0.165670,-1.714008,-4.000000
1.564000,0.162602,-2.711494,-4.000000
1.565000,0.156466,-2.711494,-4.000000
1.566000,0.153398,-2.711494,-4.000000
1.567000,0.150330,-3.383509,-4.000000
1.568000,0.147262,-3.383509,-4.000000
1.569000,0.141126,-3.383509,-4.000000
1.570000,0.138058,-3.962708,-4.000000
1.571000,0.131922,-3.962708,-4.000000
1.572000,0.128854,-3.962708,-4.000000
1.573000,0.122718,-4.472451,-4.000000
1.574000,0.116583,-4.472451,-4.000000
1.575000,0.113515,-4.917152,-4.000000
1.576000,0.107379,-4.917152,-4.000000
1.577000,0.101243,-5.347728,-4.000000
1.578000,0.095107,-5.347728,-4.000000
1.579000,0.088971,-5.714776,-4.000000
1.580000,0.082835,-5.714776,-4.000000
1.581000,0.076699,-6.086848,-4.000000
1.582000,0.070563,-6.086848,-4.000000
1.583000,0.064427,-6.397835,-4.000000
1.584000,0.055223,-6.397835,-4.000000
1.585000,0.049087,-6.740612,-4.000000
1.586000,0.042951,-6.740612,-4.000000
1.587000,0.033748,-7.000039,-4.000000
1.588000,0.027612,-7.300687,-4.000000
1.589000,0.018408,-7.300687,-4.000000
1.590000,0.012272,-7.574240,-4.000000
1.591000,0.003068,-7.797011,-4.000000
1.592000,-0.003068,-7.797011,-4.000000
1.593000,-0.012272,-8.055623,-4.000000
1.594000,-0.021476,-8.310271,-4.000000
1.595000,-0.030680,-8.310271,-4.000000
1.596000,-0.036816,-8.470969,-4.000000
1.597000,-0.046019,-8.737347,-4.000000
1.598000,-0.055223,-8.737347,-4.000000
1.599000,-0.064427,-8.938341,-4.000000
1.600000,-0.073631,-9.064983,4.000000
1.601000,-0.082835,-9.305175,4.000000
1.602000,-0.092039,-9.305175,4.000000
1.603000,-0.101243,-8.366613,4.000000
1.604000,-0.110447,-9.447755,4.000000
1.605000,-0.119651,-8.523266,4.000000
1.606000,-0.128854,-8.523266,4.000000
1.607000,-0.134990,-8.711074,4.000000
1.608000,-0.144194,-8.067317,4.000000
1.609000,-0.150330,-8.067317,4.000000
1.610000,-0.159534,-8.018849,4.000000
1.611000,-0.165670,-8.018849,4.000000
1.612000,-0.171806,-7.514717,4.000000
1.613000,-0.181010,-7.308296,4.000000
1.614000,-0.187146,-7.308296,4.000000
1.615000,-0.193282,-6.973410,4.000000
1.616000,-0.199418,-6.973410,4.000000
1.617000,-0.205553,-6.541980,4.000000
1.618000,-0.211689,-6.541980,4.000000
1.619000,-0.217825,-6.180431,4.000000
1.620000,-0.223961,-6.180431,4.000000
1.621000,-0.230097,-5.719252,4.000000
1.622000,-0.233165,-5.719252,4.000000
1.623000,-0.239301,-5.719252,4.000000
1.624000,-0.245437,-5.236919,4.000000
1.625000,-0.248505,-5.236919,4.000000
1.626000,-0.251573,-4.630861,4.000000
1.627000,-0.257709,-4.825920,4.000000
1.628000,-0.260777,-4.825920,4.000000
1.629000,-0.263845,-4.210056,4.000000
1.630000,-0.266913,-4.238390,4.000000
1.631000,-0.273049,-4.238390,4.000000
1.632000,-0.276117,-4.238390,4.000000
1.633000,-0.279185,-3.595648,4.000000
1.634000,-0.282252,-3.595648,4.000000
1.635000,-0.282252,-3.595648,4.000000
1.636000,-0.285320,-3.595648,4.000000
1.637000,-0.288388,-3.014712,4.000000
1.638000,-0.291456,-2.901346,4.000000
1.639000,-0.291456,-2.901346,4.000000
1.640000,-0.294524,-2.901346,4.000000
1.641000,-0.294524,-2.901346,4.000000
1.642000,-0.297592,-2.901346,4.000000
1.643000,-0.297592,-2.411163,4.000000
1.644000,-0.297592,-2.015794,4.000000
1.645000,-0.300660,-1.730064,4.000000
1.646000,-0.300660,-1.516054,4.000000
1.647000,-0.300660,-1.349133,4.000000
1.648000,-0.300660,-1.215818,4.000000
1.649000,-0.300660,-1.106160,4.000000
1.650000,-0.300660,-1.014950,4.000000
1.651000,-0.300660,-0.936988,4.000000
1.652000,-0.300660,-0.870912,4.000000
1.653000,-0.300660,-0.812834,4.000000
1.654000,-0.300660,-0.762714,4.000000
1.655000,-0.297592,0.717776,4.000000
1.656000,-0.297592,0.678145,4.000000
1.657000,-0.294524,1.912036,4.000000
1.658000,-0.294524,1.912036,4.000000
1.659000,-0.291456,1.912036,4.000000
1.660000,-0.291456,1.912036,4.000000
1.661000,-0.288388,1.912036,4.000000
1.662000,-0.285320,1.912036,4.000000
1.663000,-0.285320,1.912036,4.000000
1.664000,-0.282252,0.654669,4.000000
1.665000,-0.279185,0.654669,4.000000
1.666000,-0.276117,0.654669,4.000000
1.667000,-0.273049,0.654669,4.000000
1.668000,-0.269981,2.452053,4.000000
1.669000,-0.266913,2.452053,4.000000
1.670000,-0.263845,2.452053,4.000000
1.671000,-0.257709,3.239070,4.000000
1.672000,-0.254641,3.239070,4.000000
1.673000,-0.251573,3.239070,4.000000
1.674000,-0.245437,3.875320,4.000000
1.675000,-0.242369,3.875320,4.000000
1.676000,-0.236233,3.875320,4.000000
1.677000,-0.233165,4.404717,4.000000
1.678000,-0.227029,4.404717,4.000000
1.679000,-0.220893,4.875934,4.000000
1.680000,-0.214757,4.875934,4.000000
1.681000,-0.211689,4.875934,4.000000
1.682000,-0.205553,5.346498,4.000000
1.683000,-0.199418,5.346498,4.000000
1.684000,-0.193282,5.725292,4.000000
1.685000,-0.187146,5.725292,4.000000
1.686000,-0.181010,6.088735,4.000000
1.687000,-0.171806,6.455516,4.000000
1.688000,-0.165670,6.455516,4.000000
1.689000,-0.159534,6.769948,4.000000
1.690000,-0.150330,6.769948,4.000000
1.691000,-0.144194,7.060224,4.000000
1.692000,-0.138058,7.060224,4.000000
1.693000,-0.128854,7.358876,4.000000
1.694000,-0.119651,7.640985,4.000000
1.695000,-0.113515,7.640985,4.000000
1.696000,-0.104311,7.931036,4.000000
1.697000,-0.095107,8.130117,4.000000
1.698000,-0.088971,8.130117,4.000000
1.699000,-0.079767,8.400260,4.000000
1.700000,-0.070563,8.608885,4.000000
1.701000,-0.061359,8.823993,-4.000000
1.702000,-0.052155,8.823993,-4.000000
1.703000,-0.046019,9.007411,-4.000000
1.704000,-0.036816,8.184110,-4.000000
1.705000,-0.027612,8.184110,-4.000000
1.706000,-0.018408,8.345672,-4.000000
1.707000,-0.012272,8.842981,-4.000000
1.708000,-0.003068,8.842981,-4.000000
1.709000,0.006136,7.902026,-4.000000
1.710000,0.012272,7.925487,-4.000000
1.711000,0.018408,7.925487,-4.000000
1.712000,0.027612,7.453733,-4.000000
1.713000,0.033748,7.453733,-4.000000
1.714000,0.039884,7.089569,-4.000000
1.715000,0.046019,6.957979,-4.000000
1.716000,0.052155,6.885914,-4.000000
1.717000,0.058291,6.309297,-4.000000
1.718000,0.064427,6.467139,-4.000000
1.719000,0.070563,6.244023,-4.000000
1.720000,0.076699,6.028581,-4.000000
1.721000,0.082835,6.028581,-4.000000
1.722000,0.085903,5.621551,-4.000000
1.723000,0.092039,5.621551,-4.000000
1.724000,0.098175,5.127899,-4.000000
1.725000,0.101243,5.127899,-4.000000
1.726000,0.104311,5.127899,-4.000000
1.727000,0.110447,4.666841,-4.000000
1.728000,0.113515,4.666841,-4.000000
1.729000,0.116583,4.666841,-4.000000
1.730000,0.122718,4.099060,-4.000000
1.731000,0.125786,4.099060,-4.000000
1.732000,0.128854,4.099060,-4.000000
1.733000,0.131922,4.024967,-4.000000
1.734000,0.134990,3.423136,-4.000000
1.735000,0.134990,3.423136,-4.000000
1.736000,0.138058,3.423136,-4.000000
1.737000,0.141126,3.423136,-4.000000
1.738000,0.144194,3.016359,-4.000000
1.739000,0.144194,2.420224,-4.000000
1.740000,0.147262,2.672117,-4.000000
1.741000,0.147262,2.672117,-4.000000
1.742000,0.150330,2.672117,-4.000000
1.743000,0.150330,2.672117,-4.000000
1.744000,0.150330,2.672117,-4.000000
1.745000,0.153398,2.238503,-4.000000
1.746000,0.153398,1.892360,-4.000000
1.747000,0.153398,1.639860,-4.000000
1.748000,0.153398,1.446877,-4.000000
1.749000,0.153398,1.293793,-4.000000
1.750000,0.153398,1.170509,-4.000000
1.751000,0.153398,1.068239,-4.000000
1.752000,0.153398,0.983166,-4.000000
1.753000,0.153398,0.910341,-4.000000
1.754000,0.153398,0.847250,-4.000000
1.755000,0.150330,1.545605,-4.000000
1.756000,0.150330,1.545605,-4.000000
1.757000,0.150330,1.545605,-4.000000
1.758000,0.147262,1.545605,-4.000000
1.759000,0.147262,1.545605,-4.000000
1.760000,0.144194,1.545605,-4.000000
1.761000,0.141126,1.545605,-4.000000
1.762000,0.141126,1.545605,-4.000000
1.763000,0.138058,-0.827339,-4.000000
1.764000,0.134990,-0.827339,-4.000000
1.765000,0.131922,-0.827339,-4.000000
1.766000,0.128854,-0.827339,-4.000000
1.767000,0.125786,-2.179450,-4.000000
1.768000,0.122718,-2.179450,-4.000000
1.769000,0.119651,-2.179450,-4.000000
1.770000,0.116583,-2.179450,-4.000000
1.771000,0.113515,-2.998425,-4.000000
1.772000,0.110447,-2.998425,-4.000000
1.773000,0.107379,-2.998425,-4.000000
1.774000,0.101243,-3.646096,-4.000000
1.775000,0.098175,-3.646096,-4.000000
1.776000,0.092039,-3.646096,-4.000000
1.777000,0.088971,-4.202087,-4.000000
1.778000,0.082835,-4.202087,-4.000000
1.779000,0.079767,-4.202087,-4.000000
1.780000,0.073631,-4.671208,-4.000000
1.781000,0.067495,-4.671208,-4.000000
1.782000,0.061359,-5.122667,-4.000000
1.783000,0.055223,-5.122667,-4.000000
1.784000,0.052155,-5.530177,-4.000000
1.785000,0.046019,-5.530177,-4.000000
1.786000,0.039884,-5.898744,-4.000000
1.787000,0.030680,-5.898744,-4.000000
1.788000,0.024544,-6.256712,-4.000000
1.789000,0.018408,-6.256712,-4.000000
1.790000,0.012272,-6.605214,-4.000000
1.791000,0.003068,-6.605214,-4.000000
1.792000,-0.003068,-6.891392,-4.000000
1.793000,-0.009204,-7.214018,-4.000000
1.794000,-0.018408,-7.214018,-4.000000
1.795000,-0.024544,-7.520922,-4.000000
1.796000,-0.033748,-7.754449,-4.000000
1.797000,-0.042951,-7.754449,-4.000000
1.798000,-0.049087,-8.073214,-4.000000
1.799000,-0.058291,-8.318408,-4.000000
1.800000,-0.067495,-8.318408,-4.000000
1.801000,-0.076699,-8.521211,4.000000
1.802000,-0.085903,-8.811410,4.000000
1.803000,-0.092039,-8.678987,4.000000
1.804000,-0.101243,-7.933101,4.000000
1.805000,-0.110447,-9.124049,4.000000
1.806000,-0.119651,-8.254991,4.000000
1.807000,-0.125786,-8.254991,4.000000
1.808000,-0.134990,-8.381136,4.000000
1.809000,-0.141126,-8.381136,4.000000
1.810000,-0.150330,-7.825531,4.000000
1.811000,-0.156466,-7.788283,4.000000
1.812000,-0.165670,-7.788283,4.000000
1.813000,-0.171806,-7.293576,4.000000
1.814000,-0.177942,-7.293576,4.000000
1.815000,-0.184078,-7.033304,4.000000
1.816000,-0.190214,-6.793162,4.000000
1.817000,-0.196350,-6.790290,4.000000
1.818000,-0.202485,-6.299222,4.000000
1.819000,-0.208621,-6.351202,4.000000
1.820000,-0.214757,-6.288462,4.000000
1.821000,-0.220893,-6.007268,4.000000
1.822000,-0.227029,-6.007268,4.000000
1.823000,-0.230097,-5.532878,4.000000
1.824000,-0.236233,-5.532878,4.000000
1.825000,-0.242369,-5.163832,4.000000
1.826000,-0.245437,-5.163832,4.000000
1.827000,-0.248505,-5.163832,4.000000
1.828000,-0.254641,-4.604077,4.000000
1.829000,-0.257709,-4.604077,4.000000
1.830000,-0.260777,-4.604077,4.000000
1.831000,-0.263845,-3.818610,4.000000
1.832000,-0.269981,-4.041592,4.000000
1.833000,-0.269981,-4.041592,4.000000
1.834000,-0.276117,-4.041592,4.000000
1.835000,-0.276117,-3.142118,4.000000
1.836000,-0.279185,-3.370666,4.000000
1.837000,-0.282252,-3.370666,4.000000
1.838000,-0.285320,-3.370666,4.000000
1.839000,-0.285320,-3.205567,4.000000
1.840000,-0.288388,-2.540704,4.000000
1.841000,-0.291456,-2.607110,4.000000
1.842000,-0.291456,-2.607110,4.000000
1.843000,-0.291456,-2.607110,4.000000
1.844000,-0.294524,-2.607110,4.000000
1.845000,-0.294524,-2.607110,4.000000
1.846000,-0.294524,-2.448479,4.000000
1.847000,-0.294524,-2.040612,4.000000
1.848000,-0.297592,-1.748839,4.000000
1.849000,-0.297592,-1.530914,4.000000
1.850000,-0.297592,-1.361647,4.000000
1.851000,-0.297592,-1.225753,4.000000
1.852000,-0.297592,-1.114542,4.000000
1.853000,-0.294524,-1.259559,4.000000
1.854000,-0.294524,-1.259559,4.000000
1.855000,-0.294524,-1.259559,4.000000
1.856000,-0.294524,-1.259559,4.000000
1.857000,-0.291456,-1.259559,4.000000
1.858000,-0.291456,-1.259559,4.000000
1.859000,-0.288388,-1.259559,4.000000
1.860000,-0.285320,-1.259559,4.000000
1.861000,-0.285320,-1.259559,4.000000
1.862000,-0.282252,1.151576,4.000000
1.863000,-0.279185,1.151576,4.000000
1.864000,-0.279185,1.151576,4.000000
1.865000,-0.276117,1.151576,4.000000
1.866000,-0.273049,1.151576,4.000000
1.867000,-0.269981,2.093606,4.000000
1.868000,-0.266913,2.093606,4.000000
1.869000,-0.263845,2.093606,4.000000
1.870000,-0.257709,2.961760,4.000000
1.871000,-0.254641,2.961760,4.000000
1.872000,-0.251573,2.961760,4.000000
1.873000,-0.248505,2.961760,4.000000
1.874000,-0.242369,3.638768,4.000000
1.875000,-0.239301,3.638768,4.000000
1.876000,-0.233165,4.182099,4.000000
1.877000,-0.230097,4.182099,4.000000
1.878000,-0.223961,4.182099,4.000000
1.879000,-0.217825,4.672443,4.000000
1.880000,-0.214757,4.672443,4.000000
1.881000,-0.208621,5.141057,4.000000
1.882000,-0.202485,5.141057,4.000000
1.883000,-0.196350,5.508731,4.000000
1.884000,-0.190214,5.508731,4.000000
1.885000,-0.184078,5.868811,4.000000
1.886000,-0.177942,5.868811,4.000000
1.887000,-0.171806,6.224010,4.000000
1.888000,-0.165670,6.224010,4.000000
1.889000,-0.156466,6.525890,4.000000
1.890000,-0.150330,6.525890,4.000000
1.891000,-0.144194,6.814905,4.000000
1.892000,-0.134990,7.096572,4.000000
1.893000,-0.128854,7.096572,4.000000
1.894000,-0.122718,7.370294,4.000000
1.895000,-0.113515,7.370294,4.000000
1.896000,-0.107379,7.646275,4.000000
1.897000,-0.098175,7.838722,4.000000
1.898000,-0.088971,7.838722,4.000000
1.899000,-0.079767,8.084960,4.000000
1.900000,-0.073631,8.318408,-4.000000
1.901000,-0.064427,8.318408,-4.000000
1.902000,-0.058291,8.466830,-4.000000
1.903000,-0.049087,7.655749,-4.000000
1.904000,-0.039884,7.655749,-4.000000
1.905000,-0.033748,7.993748,-4.000000
1.906000,-0.024544,7.974701,-4.000000
1.907000,-0.018408,7.974701,-4.000000
1.908000,-0.012272,7.539726,-4.000000
1.909000,-0.003068,7.539726,-4.000000
1.910000,0.003068,7.101192,-4.000000
1.911000,0.009204,7.101192,-4.000000
1.912000,0.015340,6.945291,-4.000000
1.913000,0.021476,6.636320,-4.000000
1.914000,0.027612,6.526517,-4.000000
1.915000,0.033748,6.447132,-4.000000
1.916000,0.039884,6.220987,-4.000000
1.917000,0.046019,6.220987,-4.000000
1.918000,0.052155,5.661897,-4.000000
1.919000,0.055223,5.661897,-4.000000
1.920000,0.061359,5.323210,-4.000000
1.921000,0.064427,5.323210,-4.000000
1.922000,0.070563,5.323210,-4.000000
1.923000,0.073631,4.793612,-4.000000
1.924000,0.079767,4.793612,-4.000000
1.925000,0.082835,4.793612,-4.000000
1.926000,0.085903,4.293983,-4.000000
1.927000,0.088971,4.293983,-4.000000
1.928000,0.092039,4.293983,-4.000000
1.929000,0.095107,3.585449,-4.000000
1.930000,0.098175,3.679959,-4.000000
1.931000,0.101243,3.679959,-4.000000
1.932000,0.104311,3.679959,-4.000000
1.933000,0.107379,3.271414,-4.000000
1.934000,0.107379,2.579481,-4.000000
1.935000,0.110447,2.954244,-4.000000
1.936000,0.113515,2.954244,-4.000000
1.937000,0.113515,2.954244,-4.000000
1.938000,0.116583,2.954244,-4.000000
1.939000,0.116583,2.487466,-4.000000
1.940000,0.116583,2.070547,-4.000000
1.941000,0.119651,1.770332,-4.000000
1.942000,0.119651,1.549340,-4.000000
1.943000,0.119651,1.373979,-4.000000
1.944000,0.119651,1.235614,-4.000000
1.945000,0.122718,2.012713,-4.000000
1.946000,0.122718,2.012713,-4.000000
1.947000,0.122718,2.012713,-4.000000
1.948000,0.122718,2.012713,-4.000000
1.949000,0.119651,2.012713,-4.000000
1.950000,0.119651,2.012713,-4.000000
1.951000,0.119651,-1.835424,-4.000000
1.952000,0.119651,-1.597952,-4.000000
1.953000,0.116583,-1.415059,-4.000000
1.954000,0.116583,-1.267791,-4.000000
1.955000,0.113515,-1.125133,-4.000000
1.956000,0.113515,-1.125133,-4.000000
1.957000,0.110447,-1.125133,-4.000000
1.958000,0.110447,-1.125133,-4.000000
1.959000,0.107379,-1.125133,-4.000000
1.960000,0.104311,-1.125133,-4.000000
1.961000,0.101243,-1.286874,-4.000000
1.962000,0.098175,-1.286874,-4.000000
1.963000,0.095107,-1.286874,-4.000000
1.964000,0.092039,-1.286874,-4.000000
1.965000,0.088971,-2.521828,-4.000000
1.966000,0.085903,-2.521828,-4.000000
1.967000,0.082835,-2.521828,-4.000000
1.968000,0.079767,-2.521828,-4.000000
1.969000,0.076699,-3.263138,-4.000000
1.970000,0.070563,-3.263138,-4.000000
1.971000,0.067495,-3.263138,-4.000000
1.972000,0.061359,-3.884862,-4.000000
1.973000,0.058291,-3.884862,-4.000000
1.974000,0.052155,-4.406979,-4.000000
1.975000,0.049087,-4.406979,-4.000000
1.976000,0.042951,-4.406979,-4.000000
1.977000,0.036816,-4.874267,-4.000000
1.978000,0.030680,-4.874267,-4.000000
1.979000,0.027612,-5.310987,-4.000000
1.980000,0.021476,-5.310987,-4.000000
1.981000,0.015340,-5.703046,-4.000000
1.982000,0.009204,-5.703046,-4.000000
1.983000,0.003068,-6.061585,-4.000000
1.984000,-0.006136,-6.061585,-4.000000
1.985000,-0.012272,-6.410600,-4.000000
1.986000,-0.018408,-6.410600,-4.000000
1.987000,-0.024544,-6.738042,-4.000000
1.988000,-0.033748,-7.019949,-4.000000
1.989000,-0.039884,-7.019949,-4.000000
1.990000,-0.049087,-7.322104,-4.000000
1.991000,-0.055223,-7.322104,-4.000000
1.992000,-0.064427,-7.602524,-4.000000
1.993000,-0.070563,-7.824631,-4.000000
1.994000,-0.079767,-7.824631,-4.000000
1.995000,-0.088971,-8.100600,-4.000000
1.996000,-0.098175,-8.335436,-4.000000
1.997000,-0.104311,-8.335436,-4.000000
1.998000,-0.113515,-8.522362,-4.000000
1.999000,-0.122718,-8.786001,-4.000000
2.000000,-0.131922,-8.949477,-4.000000
2.001000,-0.141126,-8.949477,4.000000
2.002000,-0.150330,-9.134897,4.000000
2.003000,-0.159534,-9.331907,4.000000
2.004000,-0.168738,-8.148185,4.000000
2.005000,-0.177942,-8.148185,4.000000
2.006000,-0.184078,-9.074106,4.000000
2.007000,-0.193282,-8.805614,4.000000
2.008000,-0.202485,-8.805614,4.000000
2.009000,-0.208621,-8.093699,4.000000
2.010000,-0.217825,-8.106546,4.000000
2.011000,-0.223961,-8.106546,4.000000
2.012000,-0.233165,-7.657341,4.000000
2.013000,-0.239301,-7.657341,4.000000
2.014000,-0.245437,-7.266942,4.000000
2.015000,-0.254641,-7.105875,4.000000
2.016000,-0.260777,-7.105875,4.000000
2.017000,-0.266913,-6.675982,4.000000
2.018000,-0.273049,-6.675982,4.000000
2.019000,-0.279185,-6.209794,4.000000
2.020000,-0.282252,-6.209794,4.000000
2.021000,-0.288388,-5.928110,4.000000
2.022000,-0.294524,-5.828548,4.000000
2.023000,-0.300660,-5.828548,4.000000
2.024000,-0.303728,-5.316163,4.000000
2.025000,-0.309864,-5.316163,4.000000
2.026000,-0.312932,-4.935307,4.000000
2.027000,-0.319068,-4.900951,4.000000
2.028000,-0.322136,-4.900951,4.000000
2.029000,-0.325204,-4.368436,4.000000
2.030000,-0.328272,-4.319129,4.000000
2.031000,-0.334408,-4.319129,4.000000
2.032000,-0.337476,-4.319129,4.000000
2.033000,-0.340544,-3.694176,4.000000
2.034000,-0.343612,-3.694176,4.000000
2.035000,-0.343612,-3.694176,4.000000
2.036000,-0.346680,-3.694176,4.000000
2.037000,-0.349748,-2.965279,4.000000
2.038000,-0.352816,-2.997703,4.000000
2.039000,-0.352816,-2.997703,4.000000
2.040000,-0.355884,-2.997703,4.000000
2.041000,-0.355884,-2.997703,4.000000
2.042000,-0.358952,-2.791056,4.000000
2.043000,-0.358952,-2.272897,4.000000
2.044000,-0.362019,-1.918621,4.000000
2.045000,-0.362019,-1.658691,4.000000
2.046000,-0.362019,-1.461700,4.000000
2.047000,-0.365087,-2.072466,4.000000
2.048000,-0.365087,-2.072466,4.000000
2.049000,-0.365087,-2.072466,4.000000
2.050000,-0.365087,-2.072466,4.000000
2.051000,-0.365087,-2.072466,4.000000
2.052000,-0.365087,-2.072466,4.000000
2.053000,-0.365087,-1.920711,4.000000
2.054000,-0.362019,1.660776,4.000000
2.055000,-0.362019,1.462491,4.000000
2.056000,-0.362019,1.307296,4.000000
2.057000,-0.358952,1.181080,4.000000
2.058000,-0.358952,1.077428,4.000000
2.059000,-0.355884,0.990434,4.000000
2.060000,-0.355884,0.990434,4.000000
2.061000,-0.352816,0.990434,4.000000
2.062000,-0.352816,0.990434,4.000000
2.063000,-0.349748,0.990434,4.000000
2.064000,-0.346680,0.990434,4.000000
2.065000,-0.343612,1.395468,4.000000
2.066000,-0.340544,1.395468,4.000000
2.067000,-0.340544,1.395468,4.000000
2.068000,-0.337476,1.395468,4.000000
2.069000,-0.331340,2.548442,4.000000
2.070000,-0.328272,2.548442,4.000000
2.071000,-0.325204,2.548442,4.000000
2.072000,-0.322136,2.548442,4.000000
2.073000,-0.319068,3.293645,4.000000
2.074000,-0.312932,3.293645,4.000000
2.075000,-0.309864,3.293645,4.000000
2.076000,-0.306796,3.884025,4.000000
2.077000,-0.300660,3.884025,4.000000
2.078000,-0.294524,4.416473,4.000000
2.079000,-0.291456,4.416473,4.000000
2.080000,-0.285320,4.416473,4.000000
2.081000,-0.279185,4.900924,4.000000
2.082000,-0.276117,4.900924,4.000000
2.083000,-0.269981,5.325776,4.000000
2.084000,-0.263845,5.325776,4.000000
2.085000,-0.257709,5.727891,4.000000
2.086000,-0.251573,5.727891,4.000000
2.087000,-0.245437,6.123888,4.000000
2.088000,-0.236233,6.123888,4.000000
2.089000,-0.230097,6.442243,4.000000
2.090000,-0.223961,6.442243,4.000000
2.091000,-0.217825,6.776386,4.000000
2.092000,-0.208621,7.121281,4.000000
2.093000,-0.202485,7.121281,4.000000
2.094000,-0.193282,7.399736,4.000000
2.095000,-0.187146,7.399736,4.000000
2.096000,-0.177942,7.678302,4.000000
2.097000,-0.168738,7.993097,4.000000
2.098000,-0.162602,7.993097,4.000000
2.099000,-0.153398,8.243208,4.000000
2.100000,-0.144194,8.490995,4.000000
2.101000,-0.134990,8.741755,-4.000000
2.102000,-0.125786,8.741755,-4.000000
2.103000,-0.119651,8.983599,-4.000000
2.104000,-0.110447,7.898000,-4.000000
2.105000,-0.101243,7.898000,-4.000000
2.106000,-0.092039,8.657218,-4.000000
2.107000,-0.085903,8.610815,-4.000000
2.108000,-0.076699,8.610815,-4.000000
2.109000,-0.070563,8.118165,-4.000000
2.110000,-0.061359,7.899553,-4.000000
2.111000,-0.055223,7.899553,-4.000000
2.112000,-0.046019,7.724688,-4.000000
2.113000,-0.039884,7.724688,-4.000000
2.114000,-0.033748,7.250900,-4.000000
2.115000,-0.024544,7.075376,-4.000000
2.116000,-0.018408,7.075376,-4.000000
2.117000,-0.012272,6.766111,-4.000000
2.118000,-0.006136,6.766111,-4.000000
2.119000,0.000000,6.302592,-4.000000
2.120000,0.006136,6.302592,-4.000000
2.121000,0.012272,6.003839,-4.000000
2.122000,0.015340,6.003839,-4.000000
2.123000,0.021476,5.907855,-4.000000
2.124000,0.027612,5.522814,-4.000000
2.125000,0.030680,5.522814,-4.000000
2.126000,0.036816,5.134395,-4.000000
2.127000,0.039884,5.134395,-4.000000
2.128000,0.046019,5.134395,-4.000000
2.129000,0.049087,4.583346,-4.000000
2.130000,0.052155,4.583346,-4.000000
2.131000,0.055223,4.583346,-4.000000
2.132000,0.061359,4.019840,-4.000000
2.133000,0.064427,4.019840,-4.000000
2.134000,0.067495,4.019840,-4.000000
2.135000,0.070563,3.921814,-4.000000
2.136000,0.073631,3.396254,-4.000000
2.137000,0.073631,3.396254,-4.000000
2.138000,0.076699,3.396254,-4.000000
2.139000,0.079767,3.396254,-4.000000
2.140000,0.079767,3.007212,-4.000000
2.141000,0.082835,2.415414,-4.000000
2.142000,0.085903,2.619399,-4.000000
2.143000,0.085903,2.619399,-4.000000
2.144000,0.088971,2.619399,-4.000000
2.145000,0.088971,2.619399,-4.000000
2.146000,0.088971,2.619399,-4.000000
2.147000,0.088971,2.276575,-4.000000
2.148000,0.092039,1.921199,-4.000000
2.149000,0.092039,1.660311,-4.000000
2.150000,0.092039,1.461884,-4.000000
2.151000,0.092039,1.306475,-4.000000
2.152000,0.092039,1.180876,-4.000000
2.153000,0.092039,1.077411,-4.000000
2.154000,0.092039,0.990611,-4.000000
2.155000,0.088971,1.378644,-4.000000
2.156000,0.088971,1.378644,-4.000000
2.157000,0.088971,1.378644,-4.000000
2.158000,0.085903,1.378644,-4.000000
2.159000,0.085903,1.378644,-4.000000
2.160000,0.082835,1.378644,-4.000000
2.161000,0.082835,1.378644,-4.000000
2.162000,0.079767,1.378644,-4.000000
2.163000,0.076699,-1.003680,-4.000000
2.164000,0.076699,-1.003680,-4.000000
2.165000,0.073631,-1.003680,-4.000000
2.166000,0.070563,-1.003680,-4.000000
2.167000,0.067495,-1.003680,-4.000000
2.168000,0.064427,-2.123881,-4.000000
2.169000,0.061359,-2.123881,-4.000000
2.170000,0.058291,-2.123881,-4.000000
2.171000,0.055223,-2.123881,-4.000000
2.172000,0.052155,-2.967310,-4.000000
2.173000,0.046019,-2.967310,-4.000000
2.174000,0.042951,-2.967310,-4.000000
2.175000,0.039884,-3.618013,-4.000000
2.176000,0.033748,-3.618013,-4.000000
2.177000,0.030680,-3.618013,-4.000000
2.178000,0.024544,-4.192159,-4.000000
2.179000,0.021476,-4.192159,-4.000000
2.180000,0.015340,-4.671479,-4.000000
2.181000,0.009204,-4.671479,-4.000000
2.182000,0.003068,-5.091026,-4.000000
2.183000,0.000000,-5.091026,-4.000000
2.184000,-0.006136,-5.091026,-4.000000
2.185000,-0.012272,-5.492192,-4.000000
2.186000,-0.018408,-5.492192,-4.000000
2.187000,-0.024544,-5.855897,-4.000000
2.188000,-0.030680,-5.855897,-4.000000
2.189000,-0.036816,-6.167575,-4.000000
2.190000,-0.046019,-6.506524,-4.000000
2.191000,-0.052155,-6.506524,-4.000000
2.192000,-0.058291,-6.799696,-4.000000
2.193000,-0.064427,-6.799696,-4.000000
2.194000,-0.073631,-7.056334,-4.000000
2.195000,-0.079767,-7.056334,-4.000000
2.196000,-0.088971,-7.341878,-4.000000
2.197000,-0.095107,-7.598862,-4.000000
2.198000,-0.104311,-7.598862,-4.000000
2.199000,-0.110447,-7.801280,-4.000000
2.200000,-0.119651,-8.073657,4.000000
2.201000,-0.128854,-8.073657,4.000000
2.202000,-0.134990,-8.250135,4.000000
2.203000,-0.144194,-7.287380,4.000000
2.204000,-0.150330,-7.287380,4.000000
2.205000,-0.159534,-8.165278,4.000000
2.206000,-0.165670,-8.165278,4.000000
2.207000,-0.174874,-7.445254,4.000000
2.208000,-0.181010,-7.362494,4.000000
2.209000,-0.187146,-7.362494,4.000000
2.210000,-0.193282,-6.955953,4.000000
2.211000,-0.199418,-6.955953,4.000000
2.212000,-0.205553,-6.560195,4.000000
2.213000,-0.211689,-6.560195,4.000000
2.214000,-0.217825,-6.202732,4.000000
2.215000,-0.223961,-6.202732,4.000000
2.216000,-0.230097,-5.870019,4.000000
2.217000,-0.233165,-5.870019,4.000000
2.218000,-0.239301,-5.595669,4.000000
2.219000,-0.245437,-5.334812,4.000000
2.220000,-0.248505,-5.334812,4.000000
2.221000,-0.254641,-4.952735,4.000000
2.222000,-0.257709,-4.952735,4.000000
2.223000,-0.263845,-4.952735,4.000000
2.224000,-0.266913,-4.362268,4.000000
2.225000,-0.269981,-4.362268,4.000000
2.226000,-0.273049,-4.362268,4.000000
2.227000,-0.276117,-3.833388,4.000000
2.228000,-0.279185,-3.796052,4.000000
2.229000,-0.282252,-3.796052,4.000000
2.230000,-0.285320,-3.796052,4.000000
2.231000,-0.288388,-3.354020,4.000000
2.232000,-0.291456,-3.093439,4.000000
2.233000,-0.291456,-3.093439,4.000000
2.234000,-0.294524,-3.093439,4.000000
2.235000,-0.294524,-3.093439,4.000000
2.236000,-0.297592,-3.019967,4.000000
2.237000,-0.297592,-2.421444,4.000000
2.238000,-0.300660,-2.024217,4.000000
2.239000,-0.300660,-1.736186,4.000000
2.240000,-0.300660,-1.520887,4.000000
2.241000,-0.303728,-2.176213,4.000000
2.242000,-0.303728,-2.176213,4.000000
2.243000,-0.303728,-2.176213,4.000000
2.244000,-0.303728,-2.176213,4.000000
2.245000,-0.303728,-2.176213,4.000000
2.246000,-0.303728,-2.075884,4.000000
2.247000,-0.303728,-1.776458,4.000000
2.248000,-0.303728,-1.551012,4.000000
2.249000,-0.303728,-1.377172,4.000000
2.250000,-0.300660,1.239040,4.000000
2.251000,-0.300660,1.125305,4.000000
2.252000,-0.297592,1.030717,4.000000
2.253000,-0.297592,0.950511,4.000000
2.254000,-0.294524,0.877018,4.000000
2.255000,-0.294524,0.877018,4.000000
2.256000,-0.291456,0.877018,4.000000
2.257000,-0.288388,0.877018,4.000000
2.258000,-0.288388,0.877018,4.000000
2.259000,-0.285320,0.877018,4.000000
2.260000,-0.282252,1.568020,4.000000
2.261000,-0.279185,1.568020,4.000000
2.262000,-0.276117,1.568020,4.000000
2.263000,-0.273049,1.568020,4.000000
2.264000,-0.269981,2.651151,4.000000
2.265000,-0.266913,2.651151,4.000000
2.266000,-0.263845,2.651151,4.000000
2.267000,-0.257709,3.366993,4.000000
2.268000,-0.254641,3.366993,4.000000
2.269000,-0.251573,3.366993,4.000000
2.270000,-0.245437,3.977657,4.000000
2.271000,-0.242369,3.977657,4.000000
2.272000,-0.236233,3.977657,4.000000
2.273000,-0.230097,4.493399,4.000000
2.274000,-0.227029,4.493399,4.000000
2.275000,-0.220893,4.947937,4.000000
2.276000,-0.214757,4.947937,4.000000
2.277000,-0.208621,5.400614,4.000000
2.278000,-0.202485,5.400614,4.000000
2.279000,-0.196350,5.763084,4.000000
2.280000,-0.190214,5.763084,4.000000
2.281000,-0.184078,6.119308,4.000000
2.282000,-0.177942,6.119308,4.000000
2.283000,-0.171806,6.478045,4.000000
2.284000,-0.165670,6.478045,4.000000
2.285000,-0.156466,6.787891,4.000000
2.286000,-0.150330,6.787891,4.000000
2.287000,-0.144194,7.066831,4.000000
2.288000,-0.134990,7.358938,4.000000
2.289000,-0.128854,7.358938,4.000000
2.290000,-0.119651,7.628385,4.000000
2.291000,-0.110447,7.907401,4.000000
2.292000,-0.104311,7.907401,4.000000
2.293000,-0.095107,8.092142,4.000000
2.294000,-0.085903,8.354984,4.000000
2.295000,-0.076699,8.354984,4.000000
2.296000,-0.070563,8.561753,4.000000
2.297000,-0.061359,8.762649,4.000000
2.298000,-0.052155,8.762649,4.000000
2.299000,-0.042951,8.943227,4.000000
2.300000,-0.033748,9.137448,-4.000000
2.301000,-0.024544,9.284056,-4.000000
2.302000,-0.015340,9.284056,-4.000000
2.303000,-0.006136,8.391165,-4.000000
2.304000,0.003068,9.469017,-4.000000
2.305000,0.012272,8.492056,-4.000000
2.306000,0.018408,8.492056,-4.000000
2.307000,0.027612,8.618794,-4.000000
2.308000,0.036816,8.005191,-4.000000
2.309000,0.042951,8.005191,-4.000000
2.310000,0.052155,8.003523,-4.000000
2.311000,0.058291,8.003523,-4.000000
2.312000,0.064427,7.499282,-4.000000
2.313000,0.073631,7.274960,-4.000000
2.314000,0.079767,7.274960,-4.000000
2.315000,0.085903,6.948732,-4.000000
2.316000,0.092039,6.948732,-4.000000
2.317000,0.098175,6.452876,-4.000000
2.318000,0.104311,6.452876,-4.000000
2.319000,0.110447,6.106493,-4.000000
2.320000,0.116583,6.106493,-4.000000
2.321000,0.119651,5.552488,-4.000000
2.322000,0.125786,5.645292,-4.000000
2.323000,0.131922,5.645292,-4.000000
2.324000,0.134990,5.198069,-4.000000
2.325000,0.141126,5.198069,-4.000000
2.326000,0.144194,4.956152,-4.000000
2.327000,0.147262,4.701657,-4.000000
2.328000,0.153398,4.701657,-4.000000
2.329000,0.156466,4.547819,-4.000000
2.330000,0.159534,4.180832,-4.000000
2.331000,0.162602,4.180832,-4.000000
2.332000,0.165670,4.180832,-4.000000
2.333000,0.168738,3.478031,-4.000000
2.334000,0.171806,3.519762,-4.000000
2.335000,0.174874,3.519762,-4.000000
2.336000,0.177942,3.519762,-4.000000
2.337000,0.177942,3.323865,-4.000000
2.338000,0.181010,2.617350,-4.000000
2.339000,0.184078,2.803080,-4.000000
2.340000,0.184078,2.803080,-4.000000
2.341000,0.187146,2.803080,-4.000000
2.342000,0.187146,2.803080,-4.000000
2.343000,0.190214,2.732297,-4.000000
2.344000,0.190214,2.233687,-4.000000
2.345000,0.190214,1.890687,-4.000000
2.346000,0.193282,1.637080,-4.000000
2.347000,0.193282,1.443994,-4.000000
2.348000,0.193282,1.292429,-4.000000
2.349000,0.193282,1.169614,-4.000000
2.350000,0.193282,1.067485,-4.000000
2.351000,0.193282,0.981821,-4.000000
2.352000,0.193282,0.909171,-4.000000
2.353000,0.193282,0.846811,-4.000000
2.354000,0.190214,-0.792130,-4.000000
2.355000,0.190214,-0.744023,-4.000000
2.356000,0.190214,-0.701569,-4.000000
2.357000,0.190214,-0.663709,-4.000000
2.358000,0.187146,-1.816795,-4.000000
2.359000,0.187146,-1.816795,-4.000000
2.360000,0.184078,-1.816795,-4.000000
2.361000,0.181010,-1.816795,-4.000000
2.362000,0.181010,-1.816795,-4.000000
2.363000,0.177942,-1.816795,-4.000000
2.364000,0.174874,-0.661796,-4.000000
2.365000,0.171806,-0.661796,-4.000000
2.366000,0.171806,-0.661796,-4.000000
2.367000,0.168738,-0.661796,-4.000000
2.368000,0.165670,-0.661796,-4.000000
2.369000,0.162602,-2.346464,-4.000000
2.370000,0.159534,-2.346464,-4.000000
2.371000,0.153398,-2.346464,-4.000000
2.372000,0.150330,-3.143291,-4.000000
2.373000,0.147262,-3.143291,-4.000000
2.374000,0.144194,-3.143291,-4.000000
2.375000,0.138058,-3.767500,-4.000000
2.376000,0.134990,-3.767500,-4.000000
2.377000,0.128854,-3.767500,-4.000000
2.378000,0.125786,-4.288481,-4.000000
2.379000,0.119651,-4.288481,-4.000000
2.380000,0.113515,-4.793820,-4.000000
2.381000,0.110447,-4.793820,-4.000000
2.382000,0.104311,-4.793820,-4.000000
2.383000,0.098175,-5.223791,-4.000000
2.384000,0.092039,-5.223791,-4.000000
2.385000,0.085903,-5.643562,-4.000000
2.386000,0.079767,-5.643562,-4.000000
2.387000,0.073631,-6.006655,-4.000000
2.388000,0.067495,-6.006655,-4.000000
2.389000,0.061359,-6.372824,-4.000000
2.390000,0.052155,-6.372824,-4.000000
2.391000,0.046019,-6.698911,-4.000000
2.392000,0.039884,-7.015435,-4.000000
2.393000,0.030680,-7.015435,-4.000000
2.394000,0.024544,-7.331704,-4.000000
2.395000,0.015340,-7.625949,-4.000000
2.396000,0.009204,-7.625949,-4.000000
2.397000,0.000000,-7.903935,-4.000000
2.398000,-0.009204,-8.167845,-4.000000
2.399000,-0.015340,-8.167845,-4.000000
2.400000,-0.024544,-8.446837,-4.000000
2.401000,-0.033748,-8.656115,4.000000
2.402000,-0.042951,-8.656115,4.000000
2.403000,-0.052155,-8.917323,4.000000
2.404000,-0.058291,-8.093254,4.000000
2.405000,-0.067495,-8.093254,4.000000
2.406000,-0.076699,-8.452817,4.000000
2.407000,-0.085903,-8.772218,4.000000
2.408000,-0.092039,-8.772218,4.000000
2.409000,-0.101243,-7.946872,4.000000
2.410000,-0.107379,-7.961766,4.000000
2.411000,-0.116583,-7.961766,4.000000
2.412000,-0.122718,-7.510757,4.000000
2.413000,-0.128854,-7.510757,4.000000
2.414000,-0.138058,-7.266583,4.000000
2.415000,-0.144194,-6.987970,4.000000
2.416000,-0.150330,-6.987970,4.000000
2.417000,-0.156466,-6.590385,4.000000
2.418000,-0.162602,-6.590385,4.000000
2.419000,-0.168738,-6.189523,4.000000
2.420000,-0.174874,-6.189523,4.000000
2.421000,-0.177942,-5.713002,4.000000
2.422000,-0.184078,-5.866161,4.000000
2.423000,-0.190214,-5.866161,4.000000
2.424000,-0.193282,-5.350059,4.000000
2.425000,-0.199418,-5.350059,4.000000
2.426000,-0.202485,-4.734052,4.000000
2.427000,-0.208621,-4.960521,4.000000
2.428000,-0.211689,-4.960521,4.000000
2.429000,-0.214757,-4.155253,4.000000
2.430000,-0.220893,-4.389574,4.000000
2.431000,-0.223961,-4.389574,4.000000
2.432000,-0.227029,-4.140784,4.000000
2.433000,-0.230097,-3.739896,4.000000
2.434000,-0.233165,-3.739896,4.000000
2.435000,-0.236233,-3.739896,4.000000
2.436000,-0.239301,-3.609440,4.000000
2.437000,-0.239301,-2.790386,4.000000
2.438000,-0.242369,-3.058669,4.000000
2.439000,-0.245437,-3.058669,4.000000
2.440000,-0.245437,-3.058669,4.000000
2.441000,-0.248505,-3.058669,4.000000
2.442000,-0.248505,-2.565282,4.000000
2.443000,-0.251573,-2.121286,4.000000
2.444000,-0.251573,-1.809388,4.000000
2.445000,-0.251573,-1.576078,4.000000
2.446000,-0.254641,-2.186699,4.000000
2.447000,-0.254641,-2.186699,4.000000
2.448000,-0.254641,-2.186699,4.000000
2.449000,-0.254641,-2.186699,4.000000
2.450000,-0.254641,-2.186699,4.000000
2.451000,-0.254641,-2.186699,4.000000
2.452000,-0.254641,-1.881379,4.000000
2.453000,-0.254641,-1.631807,4.000000
2.454000,-0.251573,1.439248,4.000000
2.455000,-0.251573,1.288945,4.000000
2.456000,-0.251573,1.166031,4.000000
2.457000,-0.248505,1.065371,4.000000
2.458000,-0.248505,0.980213,4.000000
2.459000,-0.245437,0.916823,4.000000
2.460000,-0.245437,0.916823,4.000000
2.461000,-0.242369,0.916823,4.000000
2.462000,-0.239301,0.916823,4.000000
2.463000,-0.239301,0.916823,4.000000
2.464000,-0.236233,0.916823,4.000000
2.465000,-0.233165,1.514240,4.000000
2.466000,-0.230097,1.514240,4.000000
2.467000,-0.227029,1.514240,4.000000
2.468000,-0.223961,1.514240,4.000000
2.469000,-0.220893,2.612104,4.000000
2.470000,-0.217825,2.612104,4.000000
2.471000,-0.214757,2.612104,4.000000
2.472000,-0.208621,3.350243,4.000000
2.473000,-0.205553,3.350243,4.000000
2.474000,-0.202485,3.350243,4.000000
2.475000,-0.196350,3.935351,4.000000
2.476000,-0.193282,3.935351,4.000000
2.477000,-0.187146,3.935351,4.000000
2.478000,-0.184078,4.455941,4.000000
2.479000,-0.177942,4.455941,4.000000
2.480000,-0.171806,4.935500,4.000000
2.481000,-0.165670,4.935500,4.000000
2.482000,-0.159534,5.343006,4.000000
2.483000,-0.156466,5.343006,4.000000
2.484000,-0.150330,5.343006,4.000000
2.485000,-0.144194,5.718808,4.000000
2.486000,-0.138058,5.718808,4.000000
2.487000,-0.128854,6.076676,4.000000
2.488000,-0.122718,6.409530,4.000000
2.489000,-0.116583,6.409530,4.000000
2.490000,-0.110447,6.754938,4.000000
2.491000,-0.101243,6.754938,4.000000
2.492000,-0.095107,7.014766,4.000000
2.493000,-0.088971,7.014766,4.000000
2.494000,-0.079767,7.305274,4.000000
2.495000,-0.073631,7.609857,4.000000
2.496000,-0.064427,7.609857,4.000000
2.497000,-0.055223,7.818399,4.000000
2.498000,-0.049087,8.090883,4.000000
2.499000,-0.039884,8.090883,4.000000
2.500000,-0.030680,8.342598,4.000000
2.501000,-0.021476,8.499653,-4.000000
2.502000,-0.015340,8.398024,-4.000000
2.503000,-0.006136,8.757611,-4.000000
2.504000,0.003068,8.034892,-4.000000
2.505000,0.012272,8.075206,-4.000000
2.506000,0.018408,8.075206,-4.000000
2.507000,0.027612,8.651369,-4.000000
2.508000,0.033748,8.259775,-4.000000
2.509000,0.042951,7.718075,-4.000000
2.510000,0.049087,7.735914,-4.000000
2.511000,0.055223,7.735914,-4.000000
2.512000,0.064427,7.275858,-4.000000
2.513000,0.070563,7.275858,-4.000000
2.514000,0.076699,6.880927,-4.000000
2.515000,0.082835,6.880927,-4.000000
2.516000,0.088971,6.685883,-4.000000
2.517000,0.095107,6.575524,-4.000000
2.518000,0.101243,6.301962,-4.000000
2.519000,0.107379,6.301962,-4.000000
2.520000,0.113515,5.851980,-4.000000
2.521000,0.116583,5.851980,-4.000000
2.522000,0.122718,5.442831,-4.000000
2.523000,0.128854,5.442831,-4.000000
2.524000,0.131922,5.310604,-4.000000
2.525000,0.138058,5.001630,-4.000000
2.526000,0.141126,5.001630,-4.000000
2.527000,0.144194,4.477392,-4.000000
2.528000,0.147262,4.455087,-4.000000
2.529000,0.153398,4.455087,-4.000000
2.530000,0.156466,4.370943,-4.000000
2.531000,0.159534,3.905122,-4.000000
2.532000,0.162602,3.905122,-4.000000
2.533000,0.165670,3.905122,-4.000000
2.534000,0.168738,3.660642,-4.000000
2.535000,0.171806,3.191338,-4.000000
2.536000,0.171806,3.191338,-4.000000
2.537000,0.174874,3.191338,-4.000000
2.538000,0.177942,3.191338,-4.000000
2.539000,0.177942,3.051538,-4.000000
2.540000,0.181010,2.445498,-4.000000
2.541000,0.181010,2.037328,-4.000000
2.542000,0.184078,2.378822,-4.000000
2.543000,0.184078,2.378822,-4.000000
2.544000,0.184078,2.378822,-4.000000
2.545000,0.184078,2.378822,-4.000000
2.546000,0.187146,2.378822,-4.000000
2.547000,0.187146,2.307515,-4.000000
2.548000,0.187146,1.943597,-4.000000
2.549000,0.187146,1.676676,-4.000000
2.550000,0.187146,1.475915,-4.000000
2.551000,0.187146,1.317812,-4.000000
2.552000,0.187146,1.189893,-4.000000
2.553000,0.184078,-1.085397,-4.000000
2.554000,0.184078,-0.996081,-4.000000
2.555000,0.184078,-0.921397,-4.000000
2.556000,0.181010,-0.857209,-4.000000
2.557000,0.181010,-0.801385,-4.000000
2.558000,0.177942,-0.752203,-4.000000
2.559000,0.177942,-0.708780,-4.000000
2.560000,0.174874,-0.690404,-4.000000
2.561000,0.171806,-0.690404,-4.000000
2.562000,0.171806,-0.690404,-4.000000
2.563000,0.168738,-0.690404,-4.000000
2.564000,0.165670,-0.690404,-4.000000
2.565000,0.162602,-1.849764,-4.000000
2.566000,0.159534,-1.849764,-4.000000
2.567000,0.156466,-1.849764,-4.000000
2.568000,0.153398,-1.849764,-4.000000
2.569000,0.150330,-2.790888,-4.000000
2.570000,0.147262,-2.790888,-4.000000
2.571000,0.141126,-2.790888,-4.000000
2.572000,0.138058,-3.492287,-4.000000
2.573000,0.134990,-3.492287,-4.000000
2.574000,0.128854,-3.492287,-4.000000
2.575000,0.125786,-4.056697,-4.000000
2.576000,0.119651,-4.056697,-4.000000
2.577000,0.116583,-4.056697,-4.000000
2.578000,0.110447,-4.580353,-4.000000
2.579000,0.104311,-4.580353,-4.000000
2.580000,0.098175,-5.027671,-4.000000
2.581000,0.095107,-5.027671,-4.000000
2.582000,0.088971,-5.433527,-4.000000
2.583000,0.082835,-5.433527,-4.000000
2.584000,0.076699,-5.808547,-4.000000
2.585000,0.070563,-5.808547,-4.000000
2.586000,0.064427,-6.152244,-4.000000
2.587000,0.058291,-6.152244,-4.000000
2.588000,0.049087,-6.472398,-4.000000
2.589000,0.042951,-6.472398,-4.000000
2.590000,0.036816,-6.768910,-4.000000
2.591000,0.027612,-7.048734,-4.000000
2.592000,0.021476,-7.048734,-4.000000
2.593000,0.012272,-7.332008,-4.000000
2.594000,0.006136,-7.332008,-4.000000
2.595000,0.000000,-7.562441,-4.000000
2.596000,-0.009204,-7.800040,-4.000000
2.597000,-0.018408,-7.800040,-4.000000
2.598000,-0.024544,-8.056064,-4.000000
2.599000,-0.033748,-8.215309,-4.000000
2.600000,-0.042951,-8.215309,-4.000000
2.601000,-0.052155,-8.446756,4.000000
2.602000,-0.061359,-8.641638,4.000000
2.603000,-0.067495,-8.641638,4.000000
2.604000,-0.076699,-7.737269,4.000000
2.605000,-0.085903,-8.794571,4.000000
2.606000,-0.092039,-8.794571,4.000000
2.607000,-0.101243,-7.897294,4.000000
2.608000,-0.107379,-7.985223,4.000000
2.609000,-0.113515,-7.985223,4.000000
2.610000,-0.122718,-7.351468,4.000000
2.611000,-0.128854,-7.351468,4.000000
2.612000,-0.134990,-7.118470,4.000000
2.613000,-0.141126,-6.972805,4.000000
2.614000,-0.147262,-6.737888,4.000000
2.615000,-0.153398,-6.505231,4.000000
2.616000,-0.159534,-6.409019,4.000000
2.617000,-0.165670,-6.365157,4.000000
2.618000,-0.171806,-6.000944,4.000000
2.619000,-0.177942,-6.000944,4.000000
2.620000,-0.181010,-5.557692,4.000000
2.621000,-0.187146,-5.557692,4.000000
2.622000,-0.190214,-4.907076,4.000000
2.623000,-0.196350,-5.097605,4.000000
2.624000,-0.199418,-5.097605,4.000000
2.625000,-0.205553,-4.553232,4.000000
2.626000,-0.208621,-4.553232,4.000000
2.627000,-0.211689,-4.553232,4.000000
2.628000,-0.214757,-3.965536,4.000000
2.629000,-0.217825,-3.998628,4.000000
2.630000,-0.220893,-3.998628,4.000000
2.631000,-0.223961,-3.998628,4.000000
2.632000,-0.227029,-3.266214,4.000000
2.633000,-0.230097,-3.322190,4.000000
2.634000,-0.233165,-3.322190,4.000000
2.635000,-0.233165,-3.322190,4.000000
2.636000,-0.236233,-3.322190,4.000000
2.637000,-0.239301,-2.648576,4.000000
2.638000,-0.239301,-2.178257,4.000000
2.639000,-0.242369,-2.515345,4.000000
2.640000,-0.242369,-2.515345,4.000000
2.641000,-0.245437,-2.515345,4.000000
2.642000,-0.245437,-2.515345,4.000000
2.643000,-0.245437,-2.515345,4.000000
2.644000,-0.245437,-2.225978,4.000000
2.645000,-0.245437,-1.881756,4.000000
2.646000,-0.245437,-1.632000,4.000000
2.647000,-0.248505,-1.441347,4.000000
2.648000,-0.248505,-1.289103,4.000000
2.649000,-0.245437,-1.036799,4.000000
2.650000,-0.245437,-1.036799,4.000000
2.651000,-0.245437,-1.036799,4.000000
2.652000,-0.245437,-1.036799,4.000000
2.653000,-0.245437,-1.036799,4.000000
2.654000,-0.242369,-1.036799,4.000000
2.655000,-0.242369,-1.036799,4.000000
2.656000,-0.239301,-1.036799,4.000000
2.657000,-0.239301,-1.036799,4.000000
2.658000,-0.236233,-1.036799,4.000000
2.659000,-0.233165,1.426616,4.000000
2.660000,-0.233165,1.426616,4.000000
2.661000,-0.230097,1.426616,4.000000
2.662000,-0.227029,1.426616,4.000000
2.663000,-0.223961,1.426616,4.000000
2.664000,-0.220893,2.012878,4.000000
2.665000,-0.217825,2.012878,4.000000
2.666000,-0.214757,2.012878,4.000000
2.667000,-0.211689,2.012878,4.000000
2.668000,-0.208621,2.898823,4.000000
2.669000,-0.205553,2.898823,4.000000
2.670000,-0.202485,2.898823,4.000000
2.671000,-0.196350,3.548087,4.000000
2.672000,-0.193282,3.548087,4.000000
2.673000,-0.190214,3.548087,4.000000
2.674000,-0.184078,4.099954,4.000000
2.675000,-0.177942,4.099954,4.000000
2.676000,-0.174874,4.099954,4.000000
2.677000,-0.168738,4.617502,4.000000
2.678000,-0.162602,4.617502,4.000000
2.679000,-0.159534,5.054823,4.000000
2.680000,-0.153398,5.054823,4.000000
2.681000,-0.147262,5.482548,4.000000
2.682000,-0.141126,5.482548,4.000000
2.683000,-0.134990,5.870136,4.000000
2.684000,-0.128854,5.870136,4.000000
2.685000,-0.122718,6.246451,4.000000
2.686000,-0.116583,6.246451,4.000000
2.687000,-0.107379,6.609513,4.000000
2.688000,-0.101243,6.609513,4.000000
2.689000,-0.095107,6.902482,4.000000
2.690000,-0.085903,7.219087,4.000000
2.691000,-0.079767,7.219087,4.000000
2.692000,-0.070563,7.534711,4.000000
2.693000,-0.061359,7.795361,4.000000
2.694000,-0.055223,7.795361,4.000000
2.695000,-0.046019,8.080154,4.000000
2.696000,-0.036816,8.367485,4.000000
2.697000,-0.027612,8.367485,4.000000
2.698000,-0.021476,8.565073,4.000000
2.699000,-0.012272,8.857608,4.000000
2.700000,-0.003068,8.857608,-4.000000
2.701000,0.006136,9.077369,-4.000000
2.702000,0.015340,9.259538,-4.000000
2.703000,0.024544,8.215615,-4.000000
2.704000,0.033748,8.215615,-4.000000
2.705000,0.042951,8.928406,-4.000000
2.706000,0.049087,9.055228,-4.000000
2.707000,0.058291,9.055228,-4.000000
2.708000,0.067495,8.271219,-4.000000
2.709000,0.073631,8.406174,-4.000000
2.710000,0.082835,8.406174,-4.000000
2.711000,0.088971,7.869020,-4.000000
2.712000,0.098175,7.772662,-4.000000
2.713000,0.104311,7.772662,-4.000000
2.714000,0.113515,7.295563,-4.000000
2.715000,0.119651,7.295563,-4.000000
2.716000,0.125786,7.062538,-4.000000
2.717000,0.131922,7.062538,-4.000000
2.718000,0.138058,6.676638,-4.000000
2.719000,0.144194,6.676638,-4.000000
2.720000,0.150330,6.409483,-4.000000
2.721000,0.156466,6.409483,-4.000000
2.722000,0.162602,5.914143,-4.000000
2.723000,0.165670,5.914143,-4.000000
2.724000,0.171806,5.545901,-4.000000
2.725000,0.177942,5.545901,-4.000000
2.726000,0.181010,5.176690,-4.000000
2.727000,0.187146,5.075059,-4.000000
2.728000,0.190214,5.075059,-4.000000
2.729000,0.193282,4.345149,-4.000000
2.730000,0.199418,4.566056,-4.000000
2.731000,0.202485,4.566056,-4.000000
2.732000,0.205553,4.152870,-4.000000
2.733000,0.208621,3.934300,-4.000000
2.734000,0.211689,3.934300,-4.000000
2.735000,0.214757,3.934300,-4.000000
2.736000,0.217825,3.424608,-4.000000
2.737000,0.220893,3.293203,-4.000000
2.738000,0.223961,3.293203,-4.000000
2.739000,0.223961,3.293203,-4.000000
2.740000,0.227029,3.293203,-4.000000
2.741000,0.227029,2.792008,-4.000000
2.742000,0.230097,2.272173,-4.000000
2.743000,0.233165,2.482874,-4.000000
2.744000,0.233165,2.482874,-4.000000
2.745000,0.233165,2.482874,-4.000000
2.746000,0.236233,2.482874,-4.000000
2.747000,0.236233,2.482874,-4.000000
2.748000,0.236233,2.427358,-4.000000
2.749000,0.236233,2.026167,-4.000000
2.750000,0.236233,1.738834,-4.000000
2.751000,0.236233,1.522055,-4.000000
2.752000,0.236233,1.353954,-4.000000
2.753000,0.236233,1.220019,-4.000000
2.754000,0.236233,1.110517,-4.000000
2.755000,0.236233,1.017776,-4.000000
2.756000,0.233165,-0.939484,-4.000000
2.757000,0.233165,-0.872662,-4.000000
2.758000,0.230097,-0.814699,-4.000000
2.759000,0.230097,-0.763985,-4.000000
2.760000,0.227029,-0.719234,-4.000000
2.761000,0.227029,-0.679643,-4.000000
2.762000,0.223961,-0.659574,-4.000000
2.763000,0.220893,-0.659574,-4.000000
2.764000,0.220893,-0.659574,-4.000000
2.765000,0.217825,-0.659574,-4.000000
2.766000,0.214757,-0.659574,-4.000000
2.767000,0.211689,-1.936793,-4.000000
2.768000,0.208621,-1.936793,-4.000000
2.769000,0.205553,-1.936793,-4.000000
2.770000,0.202485,-1.936793,-4.000000
2.771000,0.199418,-2.865487,-4.000000
2.772000,0.196350,-2.865487,-4.000000
2.773000,0.190214,-2.865487,-4.000000
2.774000,0.187146,-3.561171,-4.000000
2.775000,0.181010,-3.561171,-4.000000
2.776000,0.177942,-3.561171,-4.000000
2.777000,0.171806,-4.170315,-4.000000
2.778000,0.168738,-4.170315,-4.000000
2.779000,0.162602,-4.650408,-4.000000
2.780000,0.159534,-4.650408,-4.000000
2.781000,0.153398,-4.650408,-4.000000
2.782000,0.147262,-5.066126,-4.000000
2.783000,0.141126,-5.066126,-4.000000
2.784000,0.134990,-5.502522,-4.000000
2.785000,0.128854,-5.502522,-4.000000
2.786000,0.122718,-5.827280,-4.000000
2.787000,0.116583,-5.827280,-4.000000
2.788000,0.110447,-6.194643,-4.000000
2.789000,0.104311,-6.194643,-4.000000
2.790000,0.098175,-6.494615,-4.000000
2.791000,0.088971,-6.807502,-4.000000
2.792000,0.082835,-6.807502,-4.000000
2.793000,0.076699,-7.094179,-4.000000
2.794000,0.067495,-7.094179,-4.000000
2.795000,0.061359,-7.347555,-4.000000
2.796000,0.052155,-7.627331,-4.000000
2.797000,0.042951,-7.627331,-4.000000
2.798000,0.036816,-7.839418,-4.000000
2.799000,0.027612,-8.071887,-4.000000
2.800000,0.018408,-8.071887,4.000000
2.801000,0.012272,-8.308005,4.000000
2.802000,0.003068,-7.664515,4.000000
2.803000,-0.003068,-7.664515,4.000000
2.804000,-0.012272,-8.305506,4.000000
2.805000,-0.018408,-8.299499,4.000000
2.806000,-0.027612,-7.828929,4.000000
2.807000,-0.033748,-7.800522,4.000000
2.808000,-0.042951,-7.800522,4.000000
2.809000,-0.049087,-7.137330,4.000000
2.810000,-0.055223,-7.137330,4.000000
2.811000,-0.061359,-7.057517,4.000000
2.812000,-0.067495,-6.797342,4.000000
2.813000,-0.073631,-6.630892,4.000000
2.814000,-0.079767,-6.454667,4.000000
2.815000,-0.085903,-6.315837,4.000000
2.816000,-0.092039,-6.315837,4.000000
2.817000,-0.098175,-5.894219,4.000000
2.818000,-0.104311,-5.894219,4.000000
2.819000,-0.107379,-5.442295,4.000000
2.820000,-0.113515,-5.442295,4.000000
2.821000,-0.116583,-5.111435,4.000000
2.822000,-0.122718,-4.999988,4.000000
2.823000,-0.125786,-4.999988,4.000000
2.824000,-0.128854,-4.436142,4.000000
2.825000,-0.134990,-4.469713,4.000000
2.826000,-0.138058,-4.469713,4.000000
2.827000,-0.141126,-4.332068,4.000000
2.828000,-0.144194,-3.814522,4.000000
2.829000,-0.147262,-3.814522,4.000000
2.830000,-0.150330,-3.814522,4.000000
2.831000,-0.153398,-3.634921,4.000000
2.832000,-0.153398,-2.807962,4.000000
2.833000,-0.156466,-3.162247,4.000000
2.834000,-0.159534,-3.162247,4.000000
2.835000,-0.159534,-3.162247,4.000000
2.836000,-0.162602,-3.106873,4.000000
2.837000,-0.165670,-2.479752,4.000000
2.838000,-0.165670,-2.063155,4.000000
2.839000,-0.165670,-1.768380,4.000000
2.840000,-0.168738,-2.292131,4.000000
2.841000,-0.168738,-2.292131,4.000000
2.842000,-0.168738,-2.292131,4.000000
2.843000,-0.168738,-2.292131,4.000000
2.844000,-0.168738,-2.292131,4.000000
2.845000,-0.171806,-2.153963,4.000000
2.846000,-0.171806,-1.833337,4.000000
2.847000,-0.171806,-1.593879,4.000000
2.848000,-0.168738,1.410593,4.000000
2.849000,-0.168738,1.266310,4.000000
2.850000,-0.168738,1.147217,4.000000
2.851000,-0.168738,1.049110,4.000000
2.852000,-0.165670,0.966339,4.000000
2.853000,-0.165670,0.895817,4.000000
2.854000,-0.162602,0.835175,4.000000
2.855000,-0.162602,0.781987,4.000000
2.856000,-0.159534,0.748229,4.000000
2.857000,-0.159534,0.748229,4.000000
2.858000,-0.156466,0.748229,4.000000
2.859000,-0.153398,0.748229,4.000000
2.860000,-0.150330,0.748229,4.000000
2.861000,-0.147262,1.741480,4.000000
2.862000,-0.147262,1.741480,4.000000
2.863000,-0.144194,1.741480,4.000000
2.864000,-0.141126,1.741480,4.000000
2.865000,-0.134990,2.724285,4.000000
2.866000,-0.131922,2.724285,4.000000
2.867000,-0.128854,2.724285,4.000000
2.868000,-0.125786,2.724285,4.000000
2.869000,-0.119651,3.432271,4.000000
2.870000,-0.116583,3.432271,4.000000
2.871000,-0.113515,3.432271,4.000000
2.872000,-0.107379,4.034469,4.000000
2.873000,-0.104311,4.034469,4.000000
2.874000,-0.098175,4.539011,4.000000
2.875000,-0.092039,4.539011,4.000000
2.876000,-0.085903,5.026041,4.000000
2.877000,-0.082835,5.026041,4.000000
2.878000,-0.076699,5.026041,4.000000
2.879000,-0.070563,5.430655,4.000000
2.880000,-0.064427,5.430655,4.000000
2.881000,-0.058291,5.814969,4.000000
2.882000,-0.052155,5.814969,4.000000
2.883000,-0.046019,6.177708,4.000000
2.884000,-0.036816,6.533660,4.000000
2.885000,-0.030680,6.533660,4.000000
2.886000,-0.024544,6.809811,4.000000
2.887000,-0.015340,6.809811,4.000000
2.888000,-0.009204,7.143389,4.000000
2.889000,0.000000,7.143389,4.000000
2.890000,0.006136,7.407802,4.000000
2.891000,0.015340,7.636164,4.000000
2.892000,0.021476,7.636164,4.000000
2.893000,0.030680,7.937805,4.000000
2.894000,0.039884,8.149313,4.000000
2.895000,0.046019,8.149313,4.000000
2.896000,0.055223,8.377005,4.000000
2.897000,0.064427,8.607292,4.000000
2.898000,0.073631,8.814398,4.000000
2.899000,0.082835,8.814398,4.000000
2.900000,0.092039,8.991553,4.000000
2.901000,0.101243,9.187328,-4.000000
2.902000,0.110447,9.363057,-4.000000
2.903000,0.119651,9.363057,-4.000000
2.904000,0.128854,8.520718,-4.000000
2.905000,0.138058,9.250426,-4.000000
2.906000,0.144194,9.107215,-4.000000
2.907000,0.153398,8.675067,-4.000000
2.908000,0.162602,8.732770,-4.000000
2.909000,0.168738,8.335751,-4.000000
2.910000,0.177942,7.960977,-4.000000
2.911000,0.184078,8.164675,-4.000000
2.912000,0.193282,8.164675,-4.000000
2.913000,0.199418,7.512353,-4.000000
2.914000,0.208621,7.289003,-4.000000
2.915000,0.214757,7.289003,-4.000000
2.916000,0.220893,7.060619,-4.000000
2.917000,0.227029,7.060619,-4.000000
2.918000,0.233165,6.501019,-4.000000
2.919000,0.239301,6.501019,-4.000000
2.920000,0.245437,6.168048,-4.000000
2.921000,0.251573,6.168048,-4.000000
2.922000,0.257709,5.711119,-4.000000
2.923000,0.260777,5.711119,-4.000000
2.924000,0.266913,5.711119,-4.000000
2.925000,0.269981,5.272796,-4.000000
2.926000,0.276117,5.272796,-4.000000
2.927000,0.279185,4.781265,-4.000000
2.928000,0.285320,4.758092,-4.000000
2.929000,0.288388,4.758092,-4.000000
2.930000,0.291456,4.329372,-4.000000
2.931000,0.294524,4.222470,-4.000000
2.932000,0.297592,4.222470,-4.000000
2.933000,0.300660,4.222470,-4.000000
2.934000,0.303728,3.333847,-4.000000
2.935000,0.306796,3.574498,-4.000000
2.936000,0.309864,3.574498,-4.000000
2.937000,0.312932,3.574498,-4.000000
2.938000,0.316000,3.146235,-4.000000
2.939000,0.316000,2.501332,-4.000000
2.940000,0.319068,2.843979,-4.000000
2.941000,0.322136,2.843979,-4.000000
2.942000,0.322136,2.843979,-4.000000
2.943000,0.322136,2.843979,-4.000000
2.944000,0.325204,2.551548,-4.000000
2.945000,0.325204,2.111755,-4.000000
2.946000,0.325204,1.802199,-4.000000
2.947000,0.328272,1.570872,-4.000000
2.948000,0.328272,1.392934,-4.000000
2.949000,0.328272,1.251656,-4.000000
2.950000,0.328272,1.136018,-4.000000
2.951000,0.328272,1.039436,-4.000000
2.952000,0.328272,0.957986,-4.000000
2.953000,0.328272,0.888997,-4.000000
2.954000,0.328272,0.828631,-4.000000
2.955000,0.325204,-0.776454,-4.000000
2.956000,0.325204,-0.730503,-4.000000
2.957000,0.325204,-0.689111,-4.000000
2.958000,0.322136,-1.848096,-4.000000
2.959000,0.322136,-1.848096,-4.000000
2.960000,0.319068,-1.848096,-4.000000
2.961000,0.319068,-1.848096,-4.000000
2.962000,0.316000,-1.848096,-4.000000
2.963000,0.312932,-1.848096,-4.000000
2.964000,0.312932,-1.848096,-4.000000
2.965000,0.309864,-0.674957,-4.000000
2.966000,0.306796,-0.674957,-4.000000
2.967000,0.303728,-0.674957,-4.000000
2.968000,0.300660,-0.674957,-4.000000
2.969000,0.297592,-2.381958,-4.000000
2.970000,0.294524,-2.381958,-4.000000
2.971000,0.291456,-2.381958,-4.000000
2.972000,0.285320,-3.178343,-4.000000
2.973000,0.282252,-3.178343,-4.000000
2.974000,0.279185,-3.178343,-4.000000
2.975000,0.273049,-3.812514,-4.000000
2.976000,0.269981,-3.812514,-4.000000
2.977000,0.263845,-3.812514,-4.000000
2.978000,0.260777,-4.352662,-4.000000
2.979000,0.254641,-4.352662,-4.000000
2.980000,0.251573,-4.352662,-4.000000
2.981000,0.245437,-4.836381,-4.000000
2.982000,0.239301,-4.836381,-4.000000
2.983000,0.233165,-5.276228,-4.000000
2.984000,0.227029,-5.276228,-4.000000
2.985000,0.220893,-5.694299,-4.000000
2.986000,0.214757,-5.694299,-4.000000
2.987000,0.208621,-6.049632,-4.000000
2.988000,0.202485,-6.049632,-4.000000
2.989000,0.196350,-6.425938,-4.000000
2.990000,0.187146,-6.750242,-4.000000
2.991000,0.181010,-6.750242,-4.000000
2.992000,0.174874,-7.086612,-4.000000
2.993000,0.165670,-7.086612,-4.000000
2.994000,0.159534,-7.352141,-4.000000
2.995000,0.150330,-7.661458,-4.000000
2.996000,0.141126,-7.661458,-4.000000
2.997000,0.134990,-7.948874,-4.000000
2.998000,0.125786,-8.189268,-4.000000
2.999000,0.116583,-8.189268,-4.000000
3.000000,0.107379,-8.438770,-4.000000
3.001000,0.101243,-8.685641,4.000000
3.002000,0.092039,-8.685641,4.000000
3.003000,0.082835,-8.912106,4.000000
3.004000,0.073631,-8.185020,4.000000
3.005000,0.064427,-8.185020,4.000000
3.006000,0.058291,-8.354589,4.000000
3.007000,0.049087,-8.777447,4.000000
3.008000,0.042951,-8.270832,4.000000
3.009000,0.033748,-7.974485,4.000000
3.010000,0.027612,-7.936450,4.000000
3.011000,0.018408,-7.936450,4.000000
3.012000,0.012272,-7.528227,4.000000
3.013000,0.003068,-7.269393,4.000000
3.014000,-0.003068,-7.269393,4.000000
3.015000,-0.009204,-6.982889,4.000000
3.016000,-0.015340,-6.982889,4.000000
3.017000,-0.021476,-6.621549,4.000000
3.018000,-0.027612,-6.621549,4.000000
3.019000,-0.033748,-6.168565,4.000000
3.020000,-0.039884,-6.168565,4.000000
3.021000,-0.046019,-5.868265,4.000000
3.022000,-0.049087,-5.868265,4.000000
3.023000,-0.055223,-5.868265,4.000000
3.024000,-0.061359,-5.349735,4.000000
3.025000,-0.064427,-5.349735,4.000000
3.026000,-0.070563,-4.946995,4.000000
3.027000,-0.073631,-4.946995,4.000000
3.028000,-0.076699,-4.946995,4.000000
3.029000,-0.082835,-4.377786,4.000000
3.030000,-0.085903,-4.377786,4.000000
3.031000,-0.088971,-4.377786,4.000000
3.032000,-0.092039,-4.015164,4.000000
3.033000,-0.095107,-3.769429,4.000000
3.034000,-0.098175,-3.769429,4.000000
3.035000,-0.101243,-3.769429,4.000000
3.036000,-0.104311,-3.507146,4.000000
3.037000,-0.104311,-2.729731,4.000000
3.038000,-0.107379,-3.077450,4.000000
3.039000,-0.110447,-3.077450,4.000000
3.040000,-0.110447,-3.077450,4.000000
3.041000,-0.113515,-3.077450,4.000000
3.042000,-0.113515,-2.488286,4.000000
3.043000,-0.116583,-2.069534,4.000000
3.044000,-0.116583,-1.772090,4.000000
3.045000,-0.116583,-1.547416,4.000000
3.046000,-0.119651,-2.171400,4.000000
3.047000,-0.119651,-2.171400,4.000000
3.048000,-0.119651,-2.171400,4.000000
3.049000,-0.119651,-2.171400,4.000000
3.050000,-0.119651,-2.171400,4.000000
3.051000,-0.119651,-2.171400,4.000000
3.052000,-0.119651,-1.977890,4.000000
3.053000,-0.116583,1.703533,4.000000
3.054000,-0.116583,1.495677,4.000000
3.055000,-0.116583,1.332912,4.000000
3.056000,-0.113515,1.202862,4.000000
3.057000,-0.113515,1.095392,4.000000
3.058000,-0.110447,1.030396,4.000000
3.059000,-0.110447,1.030396,4.000000
3.060000,-0.107379,1.030396,4.000000
3.061000,-0.104311,1.030396,4.000000
3.062000,-0.101243,1.030396,4.000000
3.063000,-0.101243,1.030396,4.000000
3.064000,-0.098175,1.458563,4.000000
3.065000,-0.095107,1.458563,4.000000
3.066000,-0.092039,1.458563,4.000000
3.067000,-0.088971,1.458563,4.000000
3.068000,-0.085903,2.628375,4.000000
3.069000,-0.079767,2.628375,4.000000
3.070000,-0.076699,2.628375,4.000000
3.071000,-0.073631,3.353867,4.000000
3.072000,-0.070563,3.353867,4.000000
3.073000,-0.064427,3.353867,4.000000
3.074000,-0.061359,3.934423,4.000000
3.075000,-0.055223,3.934423,4.000000
3.076000,-0.052155,3.934423,4.000000
3.077000,-0.046019,4.471795,4.000000
3.078000,-0.039884,4.471795,4.000000
3.079000,-0.036816,4.920411,4.000000
3.080000,-0.030680,4.920411,4.000000
3.081000,-0.024544,5.327607,4.000000
3.082000,-0.018408,5.327607,4.000000
3.083000,-0.012272,5.724847,4.000000
3.084000,-0.006136,5.724847,4.000000
3.085000,0.000000,6.082616,4.000000
3.086000,0.006136,6.082616,4.000000
3.087000,0.012272,6.388814,4.000000
3.088000,0.021476,6.388814,4.000000
3.089000,0.027612,6.736552,4.000000
3.090000,0.033748,6.736552,4.000000
3.091000,0.042951,7.017385,4.000000
3.092000,0.049087,7.289785,4.000000
3.093000,0.058291,7.289785,4.000000
3.094000,0.064427,7.579373,4.000000
3.095000,0.073631,7.821791,4.000000
3.096000,0.079767,7.821791,4.000000
3.097000,0.088971,8.056431,4.000000
3.098000,0.098175,8.314572,4.000000
3.099000,0.107379,8.314572,4.000000
3.100000,0.116583,8.518172,4.000000
3.101000,0.122718,8.724664,-4.000000
3.102000,0.131922,8.724664,-4.000000
3.103000,0.141126,8.931926,-4.000000
3.104000,0.150330,8.163468,-4.000000
3.105000,0.156466,8.163468,-4.000000
3.106000,0.165670,8.270909,-4.000000
3.107000,0.174874,8.812113,-4.000000
3.108000,0.181010,8.350167,-4.000000
3.109000,0.190214,7.880319,-4.000000
3.110000,0.196350,7.924776,-4.000000
3.111000,0.205553,7.924776,-4.000000
3.112000,0.211689,7.363599,-4.000000
3.113000,0.217825,7.363599,-4.000000
3.114000,0.223961,7.112339,-4.000000
3.115000,0.233165,6.872043,-4.000000
3.116000,0.239301,6.872043,-4.000000
3.117000,0.245437,6.443041,-4.000000
3.118000,0.251573,6.443041,-4.000000
3.119000,0.254641,5.947623,-4.000000
3.120000,0.260777,5.998336,-4.000000
3.121000,0.266913,5.998336,-4.000000
3.122000,0.273049,5.610592,-4.000000
3.123000,0.276117,5.610592,-4.000000
3.124000,0.282252,5.123380,-4.000000
3.125000,0.285320,5.123380,-4.000000
3.126000,0.291456,5.123380,-4.000000
3.127000,0.294524,4.652563,-4.000000
3.128000,0.297592,4.652563,-4.000000
3.129000,0.300660,4.652563,-4.000000
3.130000,0.306796,4.094160,-4.000000
3.131000,0.309864,4.094160,-4.000000
3.132000,0.312932,4.094160,-4.000000
3.133000,0.316000,3.944751,-4.000000
3.134000,0.319068,3.415963,-4.000000
3.135000,0.319068,3.415963,-4.000000
3.136000,0.322136,3.415963,-4.000000
3.137000,0.325204,3.415963,-4.000000
3.138000,0.328272,2.991502,-4.000000
3.139000,0.328272,2.401385,-4.000000
3.140000,0.331340,2.637634,-4.000000
3.141000,0.331340,2.637634,-4.000000
3.142000,0.334408,2.637634,-4.000000
3.143000,0.334408,2.637634,-4.000000
3.144000,0.334408,2.637634,-4.000000
3.145000,0.334408,2.271588,-4.000000
3.146000,0.337476,1.915726,-4.000000
3.147000,0.337476,1.659382,-4.000000
3.148000,0.337476,1.461096,-4.000000
3.149000,0.337476,1.304629,-4.000000
3.150000,0.337476,1.179889,-4.000000
3.151000,0.337476,1.075921,-4.000000
3.152000,0.337476,0.989164,-4.000000
3.153000,0.334408,1.415485,-4.000000
3.154000,0.334408,1.415485,-4.000000
3.155000,0.334408,1.415485,-4.000000
3.156000,0.331340,1.415485,-4.000000
3.157000,0.331340,1.415485,-4.000000
3.158000,0.328272,1.415485,-4.000000
3.159000,0.328272,1.415485,-4.000000
3.160000,0.325204,1.415485,-4.000000
3.161000,0.322136,-0.976896,-4.000000
3.162000,0.322136,-0.976896,-4.000000
3.163000,0.319068,-0.976896,-4.000000
3.164000,0.316000,-0.976896,-4.000000
3.165000,0.312932,-0.976896,-4.000000
3.166000,0.309864,-2.159243,-4.000000
3.167000,0.306796,-2.159243,-4.000000
3.168000,0.303728,-2.159243,-4.000000
3.169000,0.300660,-2.159243,-4.000000
3.170000,0.294524,-3.010973,-4.000000
3.171000,0.291456,-3.010973,-4.000000
3.172000,0.288388,-3.010973,-4.000000
3.173000,0.282252,-3.685977,-4.000000
3.174000,0.279185,-3.685977,-4.000000
3.175000,0.273049,-4.246742,-4.000000
3.176000,0.269981,-4.246742,-4.000000
3.177000,0.263845,-4.246742,-4.000000
3.178000,0.260777,-4.735803,-4.000000
3.179000,0.254641,-4.735803,-4.000000
3.180000,0.248505,-5.178540,-4.000000
3.181000,0.242369,-5.178540,-4.000000
3.182000,0.236233,-5.584564,-4.000000
3.183000,0.230097,-5.584564,-4.000000
3.184000,0.223961,-5.962433,-4.000000
3.185000,0.217825,-5.962433,-4.000000
3.186000,0.211689,-6.288507,-4.000000
3.187000,0.205553,-6.288507,-4.000000
3.188000,0.196350,-6.627161,-4.000000
3.189000,0.190214,-6.627161,-4.000000
3.190000,0.184078,-6.928897,-4.000000
3.191000,0.174874,-7.212899,-4.000000
3.192000,0.168738,-7.212899,-4.000000
3.193000,0.159534,-7.456375,-4.000000
3.194000,0.153398,-7.456375,-4.000000
3.195000,0.144194,-7.743711,-4.000000
3.196000,0.138058,-7.960260,-4.000000
3.197000,0.128854,-7.960260,-4.000000
3.198000,0.119651,-8.199832,-4.000000
3.199000,0.110447,-8.390050,-4.000000
3.200000,0.101243,-8.390050,4.000000
3.201000,0.095107,-8.601092,4.000000
3.202000,0.085903,-8.789671,4.000000
3.203000,0.076699,-7.649254,4.000000
3.204000,0.070563,-7.649254,4.000000
3.205000,0.061359,-8.678731,4.000000
3.206000,0.055223,-8.193445,4.000000
3.207000,0.046019,-7.920940,4.000000
3.208000,0.039884,-7.831427,4.000000
3.209000,0.030680,-7.831427,4.000000
3.210000,0.024544,-7.291710,4.000000
3.211000,0.018408,-7.291710,4.000000
3.212000,0.012272,-7.101078,4.000000
3.213000,0.003068,-6.624429,4.000000
3.214000,-0.003068,-6.707047,4.000000
3.215000,-0.009204,-6.406649,4.000000
3.216000,-0.012272,-6.406649,4.000000
3.217000,-0.018408,-6.121088,4.000000
3.218000,-0.024544,-5.915529,4.000000
3.219000,-0.030680,-5.915529,4.000000
3.220000,-0.033748,-5.504544,4.000000
3.221000,-0.039884,-5.504544,4.000000
3.222000,-0.042951,-4.826527,4.000000
3.223000,-0.049087,-5.029875,4.000000
3.224000,-0.052155,-5.029875,4.000000
3.225000,-0.058291,-4.538498,4.000000
3.226000,-0.061359,-4.538498,4.000000
3.227000,-0.064427,-4.538498,4.000000
3.228000,-0.067495,-4.006915,4.000000
3.229000,-0.070563,-3.921988,4.000000
3.230000,-0.073631,-3.921988,4.000000
3.231000,-0.076699,-3.921988,4.000000
3.232000,-0.079767,-3.313854,4.000000
3.233000,-0.082835,-3.272965,4.000000
3.234000,-0.085903,-3.272965,4.000000
3.235000,-0.085903,-3.272965,4.000000
3.236000,-0.088971,-3.272965,4.000000
3.237000,-0.092039,-2.750122,4.000000
3.238000,-0.092039,-2.246014,4.000000
3.239000,-0.095107,-2.456628,4.000000
3.240000,-0.095107,-2.456628,4.000000
3.241000,-0.095107,-2.456628,4.000000
3.242000,-0.098175,-2.456628,4.000000
3.243000,-0.098175,-2.456628,4.000000
3.244000,-0.098175,-2.421975,4.000000
3.245000,-0.098175,-2.024004,4.000000
3.246000,-0.098175,-1.736770,4.000000
3.247000,-0.098175,-1.522113,4.000000
3.248000,-0.098175,-1.353880,4.000000
3.249000,-0.098175,-1.218720,4.000000
3.250000,-0.098175,-1.109351,4.000000
3.251000,-0.098175,-1.016939,4.000000
3.252000,-0.098175,-0.938977,4.000000
3.253000,-0.095107,0.872338,4.000000
3.254000,-0.095107,0.814818,4.000000
3.255000,-0.092039,0.763950,4.000000
3.256000,-0.092039,0.718989,4.000000
3.257000,-0.088971,0.679375,4.000000
3.258000,-0.088971,0.643746,4.000000
3.259000,-0.085903,0.626890,4.000000
3.260000,-0.082835,0.626890,4.000000
3.261000,-0.082835,0.626890,4.000000
3.262000,-0.079767,0.626890,4.000000
3.263000,-0.076699,0.626890,4.000000
3.264000,-0.073631,1.940827,4.000000
3.265000,-0.070563,1.940827,4.000000
3.266000,-0.067495,1.940827,4.000000
3.267000,-0.064427,1.940827,4.000000
3.268000,-0.061359,2.822394,4.000000
3.269000,-0.058291,2.822394,4.000000
3.270000,-0.052155,2.822394,4.000000
3.271000,-0.049087,3.509473,4.000000
3.272000,-0.046019,3.509473,4.000000
3.273000,-0.039884,3.509473,4.000000
3.274000,-0.036816,4.070058,4.000000
3.275000,-0.030680,4.070058,4.000000
3.276000,-0.024544,4.553490,4.000000
3.277000,-0.021476,4.553490,4.000000
3.278000,-0.015340,4.553490,4.000000
3.279000,-0.009204,5.025412,4.000000
3.280000,-0.006136,5.025412,4.000000
3.281000,0.000000,5.447026,4.000000
3.282000,0.006136,5.447026,4.000000
3.283000,0.012272,5.811450,4.000000
3.284000,0.018408,5.811450,4.000000
3.285000,0.027612,6.211889,4.000000
3.286000,0.033748,6.211889,4.000000
3.287000,0.039884,6.519919,4.000000
3.288000,0.046019,6.519919,4.000000
3.289000,0.055223,6.848235,4.000000
3.290000,0.061359,7.159016,4.000000
3.291000,0.070563,7.159016,4.000000
3.292000,0.076699,7.444815,4.000000
3.293000,0.085903,7.724688,4.000000
3.294000,0.092039,7.724688,4.000000
3.295000,0.101243,8.004248,4.000000
3.296000,0.110447,8.260239,4.000000
3.297000,0.119651,8.260239,4.000000
3.298000,0.128854,8.513494,4.000000
3.299000,0.138058,8.736224,4.000000
3.300000,0.147262,8.736224,-4.000000
3.301000,0.156466,8.980677,-4.000000
3.302000,0.165670,9.188379,-4.000000
3.303000,0.174874,8.052026,-4.000000
3.304000,0.184078,8.052026,-4.000000
3.305000,0.190214,8.955192,-4.000000
3.306000,0.199418,8.797723,-4.000000
3.307000,0.208621,8.797723,-4.000000
3.308000,0.214757,8.136630,-4.000000
3.309000,0.223961,8.233989,-4.000000
3.310000,0.230097,8.233989,-4.000000
3.311000,0.239301,7.706967,-4.000000
3.312000,0.245437,7.706967,-4.000000
3.313000,0.254641,7.423735,-4.000000
3.314000,0.260777,7.229779,-4.000000
3.315000,0.266913,7.229779,-4.000000
3.316000,0.273049,6.795722,-4.000000
3.317000,0.279185,6.795722,-4.000000
3.318000,0.285320,6.382491,-4.000000
3.319000,0.291456,6.382491,-4.000000
3.320000,0.297592,6.104173,-4.000000
3.321000,0.303728,6.104173,-4.000000
3.322000,0.306796,5.530592,-4.000000
3.323000,0.312932,5.615263,-4.000000
3.324000,0.319068,5.615263,-4.000000
3.325000,0.322136,5.233507,-4.000000
3.326000,0.328272,5.233507,-4.000000
3.327000,0.331340,4.959017,-4.000000
3.328000,0.334408,4.652490,-4.000000
3.329000,0.340544,4.652490,-4.000000
3.330000,0.343612,4.514128,-4.000000
3.331000,0.346680,4.092036,-4.000000
3.332000,0.349748,4.092036,-4.000000
3.333000,0.352816,4.092036,-4.000000
3.334000,0.355884,3.548186,-4.000000
3.335000,0.358952,3.456209,-4.000000
3.336000,0.362019,3.456209,-4.000000
3.337000,0.365087,3.456209,-4.000000
3.338000,0.365087,3.456209,-4.000000
3.339000,0.368155,2.738122,-4.000000
3.340000,0.368155,2.239848,-4.000000
3.341000,0.371223,2.687478,-4.000000
3.342000,0.371223,2.687478,-4.000000
3.343000,0.374291,2.687478,-4.000000
3.344000,0.374291,2.687478,-4.000000
3.345000,0.374291,2.484110,-4.000000
3.346000,0.377359,2.068114,-4.000000
3.347000,0.377359,1.768724,-4.000000
3.348000,0.377359,1.545437,-4.000000
3.349000,0.377359,1.372315,-4.000000
3.350000,0.377359,1.234625,-4.000000
3.351000,0.377359,1.121513,-4.000000
3.352000,0.377359,1.027879,-4.000000
3.353000,0.377359,0.948268,-4.000000
3.354000,0.374291,1.484128,-4.000000
3.355000,0.374291,1.484128,-4.000000
3.356000,0.374291,1.484128,-4.000000
3.357000,0.371223,1.484128,-4.000000
3.358000,0.371223,1.484128,-4.000000
3.359000,0.368155,1.484128,-4.000000
3.360000,0.365087,1.484128,-4.000000
3.361000,0.365087,1.484128,-4.000000
3.362000,0.362019,-0.932166,-4.000000
3.363000,0.358952,-0.932166,-4.000000
3.364000,0.358952,-0.932166,-4.000000
3.365000,0.355884,-0.932166,-4.000000
3.366000,0.352816,-0.932166,-4.000000
3.367000,0.349748,-2.188112,-4.000000
3.368000,0.346680,-2.188112,-4.000000
3.369000,0.340544,-2.188112,-4.000000
3.370000,0.337476,-3.023615,-4.000000
3.371000,0.334408,-3.023615,-4.000000
3.372000,0.331340,-3.023615,-4.000000
3.373000,0.325204,-3.696216,-4.000000
3.374000,0.322136,-3.696216,-4.000000
3.375000,0.316000,-3.696216,-4.000000
3.376000,0.312932,-4.268860,-4.000000
3.377000,0.306796,-4.268860,-4.000000
3.378000,0.303728,-4.268860,-4.000000
3.379000,0.297592,-4.729769,-4.000000
3.380000,0.291456,-4.729769,-4.000000
3.381000,0.285320,-5.181152,-4.000000
3.382000,0.279185,-5.181152,-4.000000
3.383000,0.273049,-5.581847,-4.000000
3.384000,0.266913,-5.581847,-4.000000
3.385000,0.260777,-5.939227,-4.000000
3.386000,0.254641,-5.939227,-4.000000
3.387000,0.248505,-6.260348,-4.000000
3.388000,0.242369,-6.260348,-4.000000
3.389000,0.236233,-6.606005,-4.000000
3.390000,0.227029,-6.880070,-4.000000
3.391000,0.220893,-6.880070,-4.000000
3.392000,0.214757,-7.174304,-4.000000
3.393000,0.205553,-7.174304,-4.000000
3.394000,0.199418,-7.455557,-4.000000
3.395000,0.190214,-7.686786,-4.000000
3.396000,0.181010,-7.686786,-4.000000
3.397000,0.174874,-7.941729,-4.000000
3.398000,0.165670,-8.156535,-4.000000
3.399000,0.156466,-8.156535,-4.000000
3.400000,0.150330,-8.360043,-4.000000
3.401000,0.141126,-8.600171,4.000000
3.402000,0.131922,-8.600171,4.000000
3.403000,0.122718,-8.732684,4.000000
3.404000,0.116583,-7.988905,4.000000
3.405000,0.107379,-7.988905,4.000000
3.406000,0.098175,-8.166184,4.000000
3.407000,0.092039,-8.469751,4.000000
3.408000,0.082835,-8.469751,4.000000
3.409000,0.076699,-7.599581,4.000000
3.410000,0.067495,-7.467907,4.000000
3.411000,0.061359,-7.467907,4.000000
3.412000,0.055223,-7.304489,4.000000
3.413000,0.049087,-7.304489,4.000000
3.414000,0.042951,-6.744729,4.000000
3.415000,0.036816,-6.744729,4.000000
3.416000,0.030680,-6.468134,4.000000
3.417000,0.024544,-6.468134,4.000000
3.418000,0.018408,-6.077595,4.000000
3.419000,0.012272,-6.077595,4.000000
3.420000,0.006136,-5.649841,4.000000
3.421000,0.003068,-5.649841,4.000000
3.422000,-0.003068,-5.649841,4.000000
3.423000,-0.006136,-5.139741,4.000000
3.424000,-0.012272,-5.139741,4.000000
3.425000,-0.015340,-4.730174,4.000000
3.426000,-0.021476,-4.736514,4.000000
3.427000,-0.024544,-4.736514,4.000000
3.428000,-0.027612,-4.349598,4.000000
3.429000,-0.030680,-4.105250,4.000000
3.430000,-0.033748,-4.105250,4.000000
3.431000,-0.036816,-4.105250,4.000000
3.432000,-0.039884,-3.358035,4.000000
3.433000,-0.042951,-3.513031,4.000000
3.434000,-0.046019,-3.513031,4.000000
3.435000,-0.049087,-3.513031,4.000000
3.436000,-0.052155,-3.257580,4.000000
3.437000,-0.052155,-2.574003,4.000000
3.438000,-0.055223,-2.766829,4.000000
3.439000,-0.055223,-2.766829,4.000000
3.440000,-0.058291,-2.766829,4.000000
3.441000,-0.058291,-2.766829,4.000000
3.442000,-0.061359,-2.738250,4.000000
3.443000,-0.061359,-2.239990,4.000000
3.444000,-0.061359,-1.893743,4.000000
3.445000,-0.061359,-1.641353,4.000000
3.446000,-0.064427,-1.447488,4.000000
3.447000,-0.064427,-1.295261,4.000000
3.448000,-0.064427,-1.171711,4.000000
3.449000,-0.064427,-1.069178,4.000000
3.450000,-0.064427,-0.984267,4.000000
3.451000,-0.064427,-0.910264,4.000000
3.452000,-0.061359,0.847448,4.000000
3.453000,-0.061359,0.792917,4.000000
3.454000,-0.061359,0.744942,4.000000
3.455000,-0.058291,1.703309,4.000000
3.456000,-0.058291,1.703309,4.000000
3.457000,-0.055223,1.703309,4.000000
3.458000,-0.055223,1.703309,4.000000
3.459000,-0.052155,1.703309,4.000000
3.460000,-0.052155,1.703309,4.000000
3.461000,-0.049087,1.703309,4.000000
3.462000,-0.046019,0.729947,4.000000
3.463000,-0.042951,0.729947,4.000000
3.464000,-0.042951,0.729947,4.000000
3.465000,-0.039884,0.729947,4.000000
3.466000,-0.036816,0.729947,4.000000
3.467000,-0.033748,2.302968,4.000000
3.468000,-0.027612,2.302968,4.000000
3.469000,-0.024544,2.302968,4.000000
3.470000,-0.021476,3.094079,4.000000
3.471000,-0.018408,3.094079,4.000000
3.472000,-0.015340,3.094079,4.000000
3.473000,-0.009204,3.749530,4.000000
3.474000,-0.006136,3.749530,4.000000
3.475000,0.000000,3.749530,4.000000
3.476000,0.003068,4.276505,4.000000
3.477000,0.009204,4.276505,4.000000
3.478000,0.015340,4.747227,4.000000
3.479000,0.018408,4.747227,4.000000
3.480000,0.024544,4.747227,4.000000
3.481000,0.030680,5.213281,4.000000
3.482000,0.036816,5.213281,4.000000
3.483000,0.042951,5.606285,4.000000
3.484000,0.049087,5.606285,4.000000
3.485000,0.055223,5.988133,4.000000
3.486000,0.061359,5.988133,4.000000
3.487000,0.067495,6.348464,4.000000
3.488000,0.076699,6.667569,4.000000
3.489000,0.082835,6.667569,4.000000
3.490000,0.088971,6.976163,4.000000
3.491000,0.098175,6.976163,4.000000
3.492000,0.104311,7.273522,4.000000
3.493000,0.113515,7.555328,4.000000
3.494000,0.119651,7.555328,4.000000
3.495000,0.128854,7.820129,4.000000
3.496000,0.138058,8.067612,4.000000
3.497000,0.144194,8.067612,4.000000
3.498000,0.153398,8.337481,4.000000
3.499000,0.162602,8.555536,4.000000
3.500000,0.171806,8.555536,4.000000
3.501000,0.181010,8.755963,-4.000000
3.502000,0.190214,9.005483,-4.000000
3.503000,0.196350,8.518500,-4.000000
3.504000,0.205553,8.095330,-4.000000
3.505000,0.214757,9.307332,-4.000000
3.506000,0.223961,8.480726,-4.000000
3.507000,0.230097,8.480726,-4.000000
3.508000,0.239301,8.331899,-4.000000
3.509000,0.248505,7.975853,-4.000000
3.510000,0.254641,7.975853,-4.000000
3.511000,0.263845,7.817984,-4.000000
3.512000,0.269981,7.817984,-4.000000
3.513000,0.276117,7.397011,-4.000000
3.514000,0.285320,7.025810,-4.000000
3.515000,0.291456,7.158262,-4.000000
3.516000,0.297592,6.834568,-4.000000
3.517000,0.303728,6.834568,-4.000000
3.518000,0.309864,6.341584,-4.000000
3.519000,0.316000,6.341584,-4.000000
3.520000,0.322136,6.022376,-4.000000
3.521000,0.325204,6.022376,-4.000000
3.522000,0.331340,6.022376,-4.000000
3.523000,0.337476,5.538809,-4.000000
3.524000,0.340544,5.538809,-4.000000
3.525000,0.346680,5.087772,-4.000000
3.526000,0.349748,5.087772,-4.000000
3.527000,0.355884,5.087772,-4.000000
3.528000,0.358952,4.555110,-4.000000
3.529000,0.362019,4.555110,-4.000000
3.530000,0.365087,4.555110,-4.000000
3.531000,0.368155,3.715629,-4.000000
3.532000,0.371223,3.985336,-4.000000
3.533000,0.374291,3.985336,-4.000000
3.534000,0.377359,3.985336,-4.000000
3.535000,0.380427,3.119069,-4.000000
3.536000,0.383495,3.275428,-4.000000
3.537000,0.386563,3.275428,-4.000000
3.538000,0.386563,3.275428,-4.000000
3.539000,0.389631,3.275428,-4.000000
3.540000,0.392699,2.600618,-4.000000
3.541000,0.392699,2.146934,-4.000000
3.542000,0.395767,2.447489,-4.000000
3.543000,0.395767,2.447489,-4.000000
3.544000,0.395767,2.447489,-4.000000
3.545000,0.398835,2.447489,-4.000000
3.546000,0.398835,2.447489,-4.000000
3.547000,0.398835,2.304999,-4.000000
3.548000,0.398835,1.941906,-4.000000
3.549000,0.398835,1.677675,-4.000000
3.550000,0.398835,1.475728,-4.000000
3.551000,0.398835,1.317234,-4.000000
3.552000,0.398835,1.188926,-4.000000
3.553000,0.398835,1.084365,-4.000000
3.554000,0.395767,-0.996203,-4.000000
3.555000,0.395767,-0.921578,-4.000000
3.556000,0.395767,-0.856930,-4.000000
3.557000,0.392699,-0.800992,-4.000000
3.558000,0.392699,-0.751768,-4.000000
3.559000,0.389631,-0.708369,-4.000000
3.560000,0.386563,-0.672023,-4.000000
3.561000,0.386563,-0.672023,-4.000000
3.562000,0.383495,-0.672023,-4.000000
3.563000,0.380427,-0.672023,-4.000000
3.564000,0.377359,-0.672023,-4.000000
3.565000,0.374291,-0.672023,-4.000000
3.566000,0.374291,-1.907804,-4.000000
3.567000,0.371223,-1.907804,-4.000000
3.568000,0.365087,-1.907804,-4.000000
3.569000,0.362019,-2.843750,-4.000000
3.570000,0.358952,-2.843750,-4.000000
3.571000,0.355884,-2.843750,-4.000000
3.572000,0.352816,-2.843750,-4.000000
3.573000,0.346680,-3.537773,-4.000000
3.574000,0.343612,-3.537773,-4.000000
3.575000,0.337476,-4.102562,-4.000000
3.576000,0.334408,-4.102562,-4.000000
3.577000,0.328272,-4.102562,-4.000000
3.578000,0.322136,-4.635161,-4.000000
3.579000,0.319068,-4.635161,-4.000000
3.580000,0.312932,-5.092933,-4.000000
3.581000,0.306796,-5.092933,-4.000000
3.582000,0.300660,-5.489394,-4.000000
3.583000,0.294524,-5.489394,-4.000000
3.584000,0.288388,-5.882094,-4.000000
3.585000,0.282252,-5.882094,-4.000000
3.586000,0.276117,-6.246804,-4.000000
3.587000,0.269981,-6.246804,-4.000000
3.588000,0.263845,-6.561997,-4.000000
3.589000,0.254641,-6.561997,-4.000000
3.590000,0.248505,-6.881195,-4.000000
3.591000,0.242369,-6.881195,-4.000000
3.592000,0.233165,-7.174945,-4.000000
3.593000,0.227029,-7.474288,-4.000000
3.594000,0.217825,-7.474288,-4.000000
3.595000,0.208621,-7.729215,-4.000000
3.596000,0.202485,-8.006787,-4.000000
3.597000,0.193282,-8.006787,-4.000000
3.598000,0.184078,-8.236292,-4.000000
3.599000,0.174874,-8.487406,-4.000000
3.600000,0.168738,-8.487406,-4.000000
3.601000,0.159534,-8.678902,4.000000
3.602000,0.150330,-8.914894,4.000000
3.603000,0.141126,-8.111904,4.000000
3.604000,0.131922,-8.111904,4.000000
3.605000,0.125786,-9.046050,4.000000
3.606000,0.116583,-8.619803,4.000000
3.607000,0.107379,-8.619803,4.000000
3.608000,0.101243,-8.206992,4.000000
3.609000,0.092039,-8.046160,4.000000
3.610000,0.082835,-8.046160,4.000000
3.611000,0.076699,-7.725228,4.000000
3.612000,0.070563,-7.725228,4.000000
3.613000,0.064427,-7.371524,4.000000
3.614000,0.055223,-7.098283,4.000000
3.615000,0.049087,-7.098283,4.000000
3.616000,0.042951,-6.797970,4.000000
3.617000,0.036816,-6.797970,4.000000
3.618000,0.030680,-6.347507,4.000000
3.619000,0.024544,-6.347507,4.000000
3.620000,0.018408,-5.984523,4.000000
3.621000,0.015340,-5.984523,4.000000
3.622000,0.009204,-5.808662,4.000000
3.623000,0.003068,-5.507804,4.000000
3.624000,0.000000,-5.507804,4.000000
3.625000,-0.006136,-5.112589,4.000000
3.626000,-0.009204,-5.112589,4.000000
3.627000,-0.015340,-5.112589,4.000000
3.628000,-0.018408,-4.561224,4.000000
3.629000,-0.021476,-4.561224,4.000000
3.630000,-0.027612,-4.561224,4.000000
3.631000,-0.030680,-4.005244,4.000000
3.632000,-0.033748,-4.005244,4.000000
3.633000,-0.036816,-4.005244,4.000000
3.634000,-0.039884,-3.984384,4.000000
3.635000,-0.039884,-3.003399,4.000000
3.636000,-0.042951,-3.350027,4.000000
3.637000,-0.046019,-3.350027,4.000000
3.638000,-0.049087,-3.350027,4.000000
3.639000,-0.049087,-3.090226,4.000000
3.640000,-0.052155,-2.465526,4.000000
3.641000,-0.055223,-2.572250,4.000000
3.642000,-0.055223,-2.572250,4.000000
3.643000,-0.055223,-2.572250,4.000000
3.644000,-0.058291,-2.572250,4.000000
3.645000,-0.058291,-2.572250,4.000000
3.646000,-0.058291,-2.417747,4.000000
3.647000,-0.058291,-2.021032,4.000000
3.648000,-0.061359,-1.735310,4.000000
3.649000,-0.061359,-1.519234,4.000000
3.650000,-0.061359,-1.353137,4.000000
3.651000,-0.061359,-1.218031,4.000000
3.652000,-0.061359,-1.108391,4.000000
3.653000,-0.058291,-1.241906,4.000000
3.654000,-0.058291,-1.241906,4.000000
3.655000,-0.058291,-1.241906,4.000000
3.656000,-0.058291,-1.241906,4.000000
3.657000,-0.055223,-1.241906,4.000000
3.658000,-0.055223,-1.241906,4.000000
3.659000,-0.052155,-1.241906,4.000000
3.660000,-0.052155,-1.241906,4.000000
3.661000,-0.049087,-1.241906,4.000000
3.662000,-0.046019,1.129350,4.000000
3.663000,-0.046019,1.129350,4.000000
3.664000,-0.042951,1.129350,4.000000
3.665000,-0.039884,1.129350,4.000000
3.666000,-0.036816,1.129350,4.000000
3.667000,-0.033748,2.067055,4.000000
3.668000,-0.030680,2.067055,4.000000
3.669000,-0.027612,2.067055,4.000000
3.670000,-0.024544,2.067055,4.000000
3.671000,-0.021476,2.928162,4.000000
3.672000,-0.015340,2.928162,4.000000
3.673000,-0.012272,2.928162,4.000000
3.674000,-0.009204,3.617687,4.000000
3.675000,-0.003068,3.617687,4.000000
3.676000,0.000000,3.617687,4.000000
3.677000,0.006136,4.172757,4.000000
3.678000,0.009204,4.172757,4.000000
3.679000,0.015340,4.644273,4.000000
3.680000,0.021476,4.644273,4.000000
3.681000,0.027612,5.121806,4.000000
3.682000,0.030680,5.121806,4.000000
3.683000,0.036816,5.121806,4.000000
3.684000,0.042951,5.503344,4.000000
3.685000,0.049087,5.503344,4.000000
3.686000,0.055223,5.888720,4.000000
3.687000,0.061359,5.888720,4.000000
3.688000,0.067495,6.236266,4.000000
3.689000,0.076699,6.563070,4.000000
3.690000,0.082835,6.563070,4.000000
3.691000,0.088971,6.859133,4.000000
3.692000,0.098175,6.859133,4.000000
3.693000,0.104311,7.159016,4.000000
3.694000,0.113515,7.436857,4.000000
3.695000,0.119651,7.436857,4.000000
3.696000,0.128854,7.684780,4.000000
3.697000,0.134990,7.684780,4.000000
3.698000,0.144194,7.942014,4.000000
3.699000,0.153398,8.187371,4.000000
3.700000,0.162602,8.394434,4.000000
3.701000,0.168738,8.394434,-4.000000
3.702000,0.177942,8.593981,-4.000000
3.703000,0.187146,7.880952,-4.000000
3.704000,0.193282,7.880952,-4.000000
3.705000,0.202485,8.863294,-4.000000
3.706000,0.211689,8.044988,-4.000000
3.707000,0.217825,8.044988,-4.000000
3.708000,0.227029,8.133859,-4.000000
3.709000,0.233165,8.133859,-4.000000
3.710000,0.242369,7.434291,-4.000000
3.711000,0.248505,7.576578,-4.000000
3.712000,0.254641,7.576578,-4.000000
3.713000,0.260777,6.960665,-4.000000
3.714000,0.266913,6.960665,-4.000000
3.715000,0.273049,6.583461,-4.000000
3.716000,0.279185,6.583461,-4.000000
3.717000,0.285320,6.319179,-4.000000
3.718000,0.291456,6.319179,-4.000000
3.719000,0.297592,5.843079,-4.000000
3.720000,0.303728,5.843079,-4.000000
3.721000,0.306796,5.332333,-4.000000
3.722000,0.312932,5.515092,-4.000000
3.723000,0.319068,5.515092,-4.000000
3.724000,0.322136,4.918713,-4.000000
3.725000,0.325204,4.918713,-4.000000
3.726000,0.331340,4.918713,-4.000000
3.727000,0.334408,4.479798,-4.000000
3.728000,0.337476,4.479798,-4.000000
3.729000,0.340544,4.479798,-4.000000
3.730000,0.343612,3.613766,-4.000000
3.731000,0.346680,3.845065,-4.000000
3.732000,0.349748,3.845065,-4.000000
3.733000,0.352816,3.845065,-4.000000
3.734000,0.355884,3.146459,-4.000000
3.735000,0.358952,3.132060,-4.000000
3.736000,0.358952,3.132060,-4.000000
3.737000,0.362019,3.132060,-4.000000
3.738000,0.365087,3.132060,-4.000000
3.739000,0.365087,2.787930,-4.000000
3.740000,0.368155,2.272868,-4.000000
3.741000,0.368155,1.918767,-4.000000
3.742000,0.368155,1.656759,-4.000000
3.743000,0.371223,2.251262,-4.000000
3.744000,0.371223,2.251262,-4.000000
3.745000,0.371223,2.251262,-4.000000
3.746000,0.371223,2.251262,-4.000000
3.747000,0.371223,2.251262,-4.000000
3.748000,0.371223,2.087645,-4.000000
3.749000,0.371223,1.783839,-4.000000
3.750000,0.371223,1.558179,-4.000000
3.751000,0.371223,1.382287,-4.000000
3.752000,0.371223,1.241561,-4.000000
3.753000,0.368155,-1.127543,-4.000000
3.754000,0.368155,-1.033079,-4.000000
3.755000,0.368155,-0.952870,-4.000000
3.756000,0.365087,-0.884005,-4.000000
3.757000,0.365087,-0.824931,-4.000000
3.758000,0.362019,-0.814515,-4.000000
3.759000,0.358952,-0.814515,-4.000000
3.760000,0.358952,-0.814515,-4.000000
3.761000,0.355884,-0.814515,-4.000000
3.762000,0.352816,-0.814515,-4.000000
3.763000,0.349748,-1.654919,-4.000000
3.764000,0.346680,-1.654919,-4.000000
3.765000,0.343612,-1.654919,-4.000000
3.766000,0.340544,-1.654919,-4.000000
3.767000,0.337476,-2.693582,-4.000000
3.768000,0.334408,-2.693582,-4.000000
3.769000,0.331340,-2.693582,-4.000000
3.770000,0.325204,-3.412612,-4.000000
3.771000,0.322136,-3.412612,-4.000000
3.772000,0.316000,-3.412612,-4.000000
3.773000,0.312932,-4.020663,-4.000000
3.774000,0.309864,-4.020663,-4.000000
3.775000,0.303728,-4.020663,-4.000000
3.776000,0.297592,-4.523928,-4.000000
3.777000,0.294524,-4.523928,-4.000000
3.778000,0.288388,-4.986191,-4.000000
3.779000,0.282252,-4.986191,-4.000000
3.780000,0.276117,-5.431957,-4.000000
3.781000,0.269981,-5.431957,-4.000000
3.782000,0.263845,-5.794985,-4.000000
3.783000,0.257709,-5.794985,-4.000000
3.784000,0.251573,-6.159492,-4.000000
3.785000,0.245437,-6.159492,-4.000000
3.786000,0.239301,-6.504895,-4.000000
3.787000,0.230097,-6.504895,-4.000000
3.788000,0.223961,-6.813066,-4.000000
3.789000,0.217825,-6.813066,-4.000000
3.790000,0.208621,-7.115603,-4.000000
3.791000,0.202485,-7.407367,-4.000000
3.792000,0.193282,-7.407367,-4.000000
3.793000,0.187146,-7.670836,-4.000000
3.794000,0.177942,-7.930395,-4.000000
3.795000,0.168738,-7.930395,-4.000000
3.796000,0.162602,-8.167467,-4.000000
3.797000,0.153398,-8.404814,-4.000000
3.798000,0.144194,-8.404814,-4.000000
3.799000,0.134990,-8.649760,-4.000000
3.800000,0.125786,-8.808950,4.000000
3.801000,0.116583,-9.040867,4.000000
3.802000,0.110447,-9.040867,4.000000
3.803000,0.101243,-8.269051,4.000000
3.804000,0.092039,-8.898195,4.000000
3.805000,0.082835,-8.898195,4.000000
3.806000,0.073631,-8.383920,4.000000
3.807000,0.067495,-8.507100,4.000000
3.808000,0.058291,-8.507100,4.000000
3.809000,0.052155,-7.750844,4.000000
3.810000,0.042951,-7.784029,4.000000
3.811000,0.036816,-7.784029,4.000000
3.812000,0.030680,-7.371032,4.000000
3.813000,0.021476,-7.371032,4.000000
3.814000,0.015340,-6.927050,4.000000
3.815000,0.009204,-6.927050,4.000000
3.816000,0.003068,-6.698860,4.000000
3.817000,-0.003068,-6.698860,4.000000
3.818000,-0.009204,-6.237103,4.000000
3.819000,-0.015340,-6.237103,4.000000
3.820000,-0.018408,-5.941464,4.000000
3.821000,-0.024544,-5.941464,4.000000
3.822000,-0.030680,-5.417004,4.000000
3.823000,-0.033748,-5.417004,4.000000
3.824000,-0.039884,-5.417004,4.000000
3.825000,-0.042951,-4.970595,4.000000
3.826000,-0.049087,-4.970595,4.000000
3.827000,-0.052155,-4.938645,4.000000
3.828000,-0.055223,-4.436476,4.000000
3.829000,-0.058291,-4.436476,4.000000
3.830000,-0.064427,-4.436476,4.000000
3.831000,-0.067495,-3.834702,4.000000
3.832000,-0.070563,-3.834702,4.000000
3.833000,-0.070563,-3.834702,4.000000
3.834000,-0.073631,-3.834702,4.000000
3.835000,-0.076699,-3.014836,4.000000
3.836000,-0.079767,-3.187619,4.000000
3.837000,-0.082835,-3.187619,4.000000
3.838000,-0.082835,-3.187619,4.000000
3.839000,-0.085903,-3.187619,4.000000
3.840000,-0.088971,-2.628688,4.000000
3.841000,-0.088971,-2.166061,4.000000
3.842000,-0.088971,-1.840934,4.000000
3.843000,-0.092039,-2.339587,4.000000
3.844000,-0.092039,-2.339587,4.000000
3.845000,-0.092039,-2.339587,4.000000
3.846000,-0.095107,-2.339587,4.000000
3.847000,-0.095107,-2.339587,4.000000
3.848000,-0.095107,-2.124918,4.000000
3.849000,-0.095107,-1.809870,4.000000
3.850000,-0.095107,-1.578006,4.000000
3.851000,-0.095107,-1.397928,4.000000
3.852000,-0.095107,-1.255419,4.000000
3.853000,-0.092039,1.138861,4.000000
3.854000,-0.092039,1.041584,4.000000
3.855000,-0.092039,0.960325,4.000000
3.856000,-0.088971,0.890473,4.000000
3.857000,-0.088971,0.830247,4.000000
3.858000,-0.085903,0.777680,4.000000
3.859000,-0.085903,0.731566,4.000000
3.860000,-0.082835,0.708285,4.000000
3.861000,-0.082835,0.708285,4.000000
3.862000,-0.079767,0.708285,4.000000
3.863000,-0.076699,0.708285,4.000000
3.864000,-0.073631,0.708285,4.000000
3.865000,-0.070563,1.791024,4.000000
3.866000,-0.067495,1.791024,4.000000
3.867000,-0.064427,1.791024,4.000000
3.868000,-0.061359,1.791024,4.000000
3.869000,-0.058291,2.742831,4.000000
3.870000,-0.055223,2.742831,4.000000
3.871000,-0.052155,2.742831,4.000000
3.872000,-0.046019,3.463579,4.000000
3.873000,-0.042951,3.463579,4.000000
3.874000,-0.039884,3.463579,4.000000
3.875000,-0.033748,4.037437,4.000000
3.876000,-0.030680,4.037437,4.000000
3.877000,-0.024544,4.037437,4.000000
3.878000,-0.021476,4.524391,4.000000
3.879000,-0.015340,4.524391,4.000000
3.880000,-0.009204,5.013009,4.000000
3.881000,-0.003068,5.013009,4.000000
3.882000,0.003068,5.417203,4.000000
3.883000,0.006136,5.417203,4.000000
3.884000,0.012272,5.417203,4.000000
3.885000,0.018408,5.797304,4.000000
3.886000,0.027612,6.171279,4.000000
3.887000,0.033748,6.171279,4.000000
3.888000,0.039884,6.500636,4.000000
3.889000,0.046019,6.500636,4.000000
3.890000,0.052155,6.810441,4.000000
3.891000,0.061359,6.810441,4.000000
3.892000,0.067495,7.114114,4.000000
3.893000,0.076699,7.408671,4.000000
3.894000,0.082835,7.408671,4.000000
3.895000,0.092039,7.656877,4.000000
3.896000,0.101243,7.934027,4.000000
3.897000,0.107379,7.934027,4.000000
3.898000,0.116583,8.182292,4.000000
3.899000,0.125786,8.403775,4.000000
3.900000,0.134990,8.403775,4.000000
3.901000,0.141126,8.626115,-4.000000
3.902000,0.150330,8.854146,-4.000000
3.903000,0.159534,8.854146,-4.000000
3.904000,0.168738,8.021761,-4.000000
3.905000,0.174874,8.979765,-4.000000
3.906000,0.184078,8.979765,-4.000000
3.907000,0.193282,8.214240,-4.000000
3.908000,0.199418,8.364871,-4.000000
3.909000,0.208621,8.364871,-4.000000
3.910000,0.214757,7.547712,-4.000000
3.911000,0.223961,7.698909,-4.000000
3.912000,0.230097,7.698909,-4.000000
3.913000,0.236233,7.207898,-4.000000
3.914000,0.242369,7.207898,-4.000000
3.915000,0.251573,6.764816,-4.000000
3.916000,0.257709,6.764816,-4.000000
3.917000,0.263845,6.511511,-4.000000
3.918000,0.266913,6.511511,-4.000000
3.919000,0.273049,6.050170,-4.000000
3.920000,0.279185,6.050170,-4.000000
3.921000,0.285320,5.755388,-4.000000
3.922000,0.288388,5.755388,-4.000000
3.923000,0.294524,5.572448,-4.000000
3.924000,0.300660,5.204468,-4.000000
3.925000,0.303728,5.204468,-4.000000
3.926000,0.309864,4.736971,-4.000000
3.927000,0.312932,4.736971,-4.000000
3.928000,0.316000,4.736971,-4.000000
3.929000,0.319068,4.081885,-4.000000
3.930000,0.322136,4.171201,-4.000000
3.931000,0.325204,4.171201,-4.000000
3.932000,0.328272,4.171201,-4.000000
3.933000,0.331340,3.204637,-4.000000
3.934000,0.334408,3.506840,-4.000000
3.935000,0.337476,3.506840,-4.000000
3.936000,0.340544,3.506840,-4.000000
3.937000,0.343612,3.107179,-4.000000
3.938000,0.343612,2.477576,-4.000000
3.939000,0.346680,2.736342,-4.000000
3.940000,0.346680,2.736342,-4.000000
3.941000,0.349748,2.736342,-4.000000
3.942000,0.349748,2.736342,-4.000000
3.943000,0.352816,2.675637,-4.000000
3.944000,0.352816,2.197882,-4.000000
3.945000,0.352816,1.863115,-4.000000
3.946000,0.352816,1.618037,-4.000000
3.947000,0.352816,1.429871,-4.000000
3.948000,0.352816,1.280921,-4.000000
3.949000,0.352816,1.159446,-4.000000
3.950000,0.352816,1.059894,-4.000000
3.951000,0.352816,0.975013,-4.000000
3.952000,0.352816,0.903370,-4.000000
3.953000,0.352816,0.841355,-4.000000
3.954000,0.349748,1.655775,-4.000000
3.955000,0.349748,1.655775,-4.000000
3.956000,0.349748,1.655775,-4.000000
3.957000,0.346680,1.655775,-4.000000
3.958000,0.346680,1.655775,-4.000000
3.959000,0.343612,1.655775,-4.000000
3.960000,0.340544,1.655775,-4.000000
3.961000,0.340544,1.655775,-4.000000
3.962000,0.337476,-0.795670,-4.000000
3.963000,0.334408,-0.795670,-4.000000
3.964000,0.331340,-0.795670,-4.000000
3.965000,0.328272,-0.795670,-4.000000
3.966000,0.325204,-2.275274,-4.000000
3.967000,0.322136,-2.275274,-4.000000
3.968000,0.319068,-2.275274,-4.000000
3.969000,0.316000,-2.275274,-4.000000
3.970000,0.312932,-3.091026,-4.000000
3.971000,0.309864,-3.091026,-4.000000
3.972000,0.303728,-3.091026,-4.000000
3.973000,0.300660,-3.736006,-4.000000
3.974000,0.294524,-3.736006,-4.000000
3.975000,0.291456,-3.736006,-4.000000
3.976000,0.285320,-4.280607,-4.000000
3.977000,0.282252,-4.280607,-4.000000
3.978000,0.276117,-4.779015,-4.000000
3.979000,0.269981,-4.779015,-4.000000
3.980000,0.263845,-5.217160,-4.000000
3.981000,0.257709,-5.217160,-4.000000
3.982000,0.251573,-5.217160,-4.000000
3.983000,0.248505,-5.600990,-4.000000
3.984000,0.239301,-5.999640,-4.000000
3.985000,0.233165,-5.999640,-4.000000
3.986000,0.227029,-6.330543,-4.000000
3.987000,0.220893,-6.330543,-4.000000
3.988000,0.214757,-6.650406,-4.000000
3.989000,0.205553,-6.650406,-4.000000
3.990000,0.199418,-6.986257,-4.000000
3.991000,0.193282,-6.986257,-4.000000
3.992000,0.184078,-7.252150,-4.000000
3.993000,0.177942,-7.542880,-4.000000
3.994000,0.168738,-7.542880,-4.000000
3.995000,0.159534,-7.793710,-4.000000
3.996000,0.153398,-8.052980,-4.000000
3.997000,0.144194,-8.052980,-4.000000
3.998000,0.134990,-8.306911,-4.000000
3.999000,0.125786,-8.502598,-4.000000
4.000000,0.116583,-8.502598,-4.000000
4.001000,0.110447,-8.729578,4.000000
4.002000,0.101243,-8.924889,4.000000
4.003000,0.092039,-8.602515,4.000000
4.004000,0.082835,-8.602515,4.000000
4.005000,0.073631,-8.411055,4.000000
4.006000,0.067495,-8.943680,4.000000
4.007000,0.058291,-8.943680,4.000000
4.008000,0.049087,-8.140753,4.000000
4.009000,0.042951,-8.197854,4.000000
4.010000,0.033748,-8.197854,4.000000
4.011000,0.027612,-7.614907,4.000000
4.012000,0.021476,-7.487018,4.000000
4.013000,0.012272,-7.560306,4.000000
4.014000,0.006136,-7.116750,4.000000
4.015000,0.000000,-7.116750,4.000000
4.016000,-0.006136,-6.777321,4.000000
4.017000,-0.012272,-6.777321,4.000000
4.018000,-0.018408,-6.402146,4.000000
4.019000,-0.024544,-6.402146,4.000000
4.020000,-0.030680,-6.001351,4.000000
4.021000,-0.036816,-6.001351,4.000000
4.022000,-0.039884,-5.423987,4.000000
4.023000,-0.046019,-5.592375,4.000000
4.024000,-0.052155,-5.592375,4.000000
4.025000,-0.055223,-5.097399,4.000000
4.026000,-0.061359,-5.097399,4.000000
4.027000,-0.064427,-4.997076,4.000000
4.028000,-0.067495,-4.601942,4.000000
4.029000,-0.073631,-4.601942,4.000000
4.030000,-0.076699,-4.601942,4.000000
4.031000,-0.079767,-4.068990,4.000000
4.032000,-0.082835,-4.068990,4.000000
4.033000,-0.085903,-4.068990,4.000000
4.034000,-0.088971,-3.684210,4.000000
4.035000,-0.092039,-3.410175,4.000000
4.036000,-0.095107,-3.410175,4.000000
4.037000,-0.095107,-3.410175,4.000000
4.038000,-0.098175,-3.410175,4.000000
4.039000,-0.101243,-2.847379,4.000000
4.040000,-0.101243,-2.309747,4.000000
4.041000,-0.104311,-2.627734,4.000000
4.042000,-0.104311,-2.627734,4.000000
4.043000,-0.107379,-2.627734,4.000000
4.044000,-0.107379,-2.627734,4.000000
4.045000,-0.107379,-2.627734,4.000000
4.046000,-0.107379,-2.189794,4.000000
4.047000,-0.110447,-1.856620,4.000000
4.048000,-0.110447,-1.612871,4.000000
4.049000,-0.110447,-1.427152,4.000000
4.050000,-0.110447,-1.276622,4.000000
4.051000,-0.110447,-1.156812,4.000000
4.052000,-0.110447,-1.057233,4.000000
4.053000,-0.107379,-1.348660,4.000000
4.054000,-0.107379,-1.348660,4.000000
4.055000,-0.107379,-1.348660,4.000000
4.056000,-0.104311,-1.348660,4.000000
4.057000,-0.104311,-1.348660,4.000000
4.058000,-0.101243,-1.348660,4.000000
4.059000,-0.101243,-1.348660,4.000000
4.060000,-0.098175,-1.348660,4.000000
4.061000,-0.095107,1.083686,4.000000
4.062000,-0.095107,1.083686,4.000000
4.063000,-0.092039,1.083686,4.000000
4.064000,-0.088971,1.083686,4.000000
4.065000,-0.085903,1.083686,4.000000
4.066000,-0.082835,2.132030,4.000000
4.067000,-0.079767,2.132030,4.000000
4.068000,-0.076699,2.132030,4.000000
4.069000,-0.073631,2.132030,4.000000
4.070000,-0.070563,2.984298,4.000000
4.071000,-0.064427,2.984298,4.000000
4.072000,-0.061359,2.984298,4.000000
4.073000,-0.058291,3.635803,4.000000
4.074000,-0.052155,3.635803,4.000000
4.075000,-0.049087,3.635803,4.000000
4.076000,-0.042951,4.204907,4.000000
4.077000,-0.039884,4.204907,4.000000
4.078000,-0.033748,4.702107,4.000000
4.079000,-0.027612,4.702107,4.000000
4.080000,-0.021476,5.110962,4.000000
4.081000,-0.018408,5.110962,4.000000
4.082000,-0.012272,5.110962,4.000000
4.083000,-0.006136,5.557272,4.000000
4.084000,0.000000,5.557272,4.000000
4.085000,0.006136,5.917034,4.000000
4.086000,0.015340,6.261856,4.000000
4.087000,0.021476,6.261856,4.000000
4.088000,0.027612,6.609958,4.000000
4.089000,0.033748,6.609958,4.000000
4.090000,0.042951,6.917505,4.000000
4.091000,0.049087,6.917505,4.000000
4.092000,0.055223,7.194165,4.000000
4.093000,0.064427,7.492097,4.000000
4.094000,0.070563,7.492097,4.000000
4.095000,0.079767,7.756015,4.000000
4.096000,0.088971,7.988761,4.000000
4.097000,0.095107,7.988761,4.000000
4.098000,0.104311,8.253834,4.000000
4.099000,0.113515,8.478692,4.000000
4.100000,0.122718,8.478692,4.000000
4.101000,0.131922,8.686410,-4.000000
4.102000,0.141126,8.897567,-4.000000
4.103000,0.147262,8.593646,-4.000000
4.104000,0.156466,8.038035,-4.000000
4.105000,0.165670,9.262450,-4.000000
4.106000,0.174874,8.351904,-4.000000
4.107000,0.181010,8.351904,-4.000000
4.108000,0.190214,8.299889,-4.000000
4.109000,0.199418,8.073362,-4.000000
4.110000,0.205553,7.865028,-4.000000
4.111000,0.211689,7.755742,-4.000000
4.112000,0.220893,7.755742,-4.000000
4.113000,0.227029,7.297853,-4.000000
4.114000,0.233165,7.297853,-4.000000
4.115000,0.239301,7.040422,-4.000000
4.116000,0.245437,6.622939,-4.000000
4.117000,0.251573,6.758762,-4.000000
4.118000,0.257709,6.269365,-4.000000
4.119000,0.263845,6.223090,-4.000000
4.120000,0.269981,6.223090,-4.000000
4.121000,0.276117,5.881546,-4.000000
4.122000,0.279185,5.881546,-4.000000
4.123000,0.285320,5.378392,-4.000000
4.124000,0.291456,5.378392,-4.000000
4.125000,0.294524,5.151758,-4.000000
4.126000,0.300660,4.982676,-4.000000
4.127000,0.303728,4.982676,-4.000000
4.128000,0.306796,4.398008,-4.000000
4.129000,0.309864,4.383302,-4.000000
4.130000,0.316000,4.383302,-4.000000
4.131000,0.319068,4.337342,-4.000000
4.132000,0.322136,3.822211,-4.000000
4.133000,0.325204,3.822211,-4.000000
4.134000,0.328272,3.822211,-4.000000
4.135000,0.328272,3.745683,-4.000000
4.136000,0.331340,2.868883,-4.000000
4.137000,0.334408,3.103119,-4.000000
4.138000,0.337476,3.103119,-4.000000
4.139000,0.337476,3.103119,-4.000000
4.140000,0.340544,3.103119,-4.000000
4.141000,0.340544,2.586746,-4.000000
4.142000,0.343612,2.135064,-4.000000
4.143000,0.343612,1.818497,-4.000000
4.144000,0.343612,1.584455,-4.000000
4.145000,0.346680,2.200285,-4.000000
4.146000,0.346680,2.200285,-4.000000
4.147000,0.346680,2.200285,-4.000000
4.148000,0.346680,2.200285,-4.000000
4.149000,0.346680,2.200285,-4.000000
4.150000,0.346680,2.073983,-4.000000
4.151000,0.346680,1.772645,-4.000000
4.152000,0.346680,1.549788,-4.000000
4.153000,0.346680,1.375710,-4.000000
4.154000,0.343612,-1.236934,-4.000000
4.155000,0.343612,-1.123848,-4.000000
4.156000,0.343612,-1.030203,-4.000000
4.157000,0.340544,-0.949885,-4.000000
4.158000,0.340544,-0.881750,-4.000000
4.159000,0.337476,-0.847117,-4.000000
4.160000,0.337476,-0.847117,-4.000000
4.161000,0.334408,-0.847117,-4.000000
4.162000,0.331340,-0.847117,-4.000000
4.163000,0.328272,-0.847117,-4.000000
4.164000,0.325204,-1.609812,-4.000000
4.165000,0.325204,-1.609812,-4.000000
4.166000,0.322136,-1.609812,-4.000000
4.167000,0.319068,-1.609812,-4.000000
4.168000,0.316000,-1.609812,-4.000000
4.169000,0.309864,-2.662511,-4.000000
4.170000,0.306796,-2.662511,-4.000000
4.171000,0.303728,-2.662511,-4.000000
4.172000,0.300660,-3.380881,-4.000000
4.173000,0.294524,-3.380881,-4.000000
4.174000,0.291456,-3.380881,-4.000000
4.175000,0.285320,-3.983216,-4.000000
4.176000,0.282252,-3.983216,-4.000000
4.177000,0.276117,-4.526199,-4.000000
4.178000,0.273049,-4.526199,-4.000000
4.179000,0.266913,-4.526199,-4.000000
4.180000,0.260777,-4.967828,-4.000000
4.181000,0.254641,-4.967828,-4.000000
4.182000,0.248505,-5.392802,-4.000000
4.183000,0.242369,-5.392802,-4.000000
4.184000,0.236233,-5.790845,-4.000000
4.185000,0.236233,-5.790845,-4.000000
4.186000,0.223961,-6.156445,-4.000000
4.187000,0.217825,-6.156445,-4.000000
4.188000,0.211689,-6.472066,-4.000000
4.189000,0.202485,-6.828071,-4.000000
4.190000,0.196350,-6.828071,-4.000000
4.191000,0.190214,-7.106275,-4.000000
4.192000,0.181010,-7.106275,-4.000000
4.193000,0.174874,-7.403146,-4.000000
4.194000,0.165670,-7.655616,-4.000000
4.195000,0.156466,-7.655616,-4.000000
4.196000,0.150330,-7.940872,-4.000000
4.197000,0.141126,-8.177823,-4.000000
4.198000,0.131922,-8.177823,-4.000000
4.199000,0.125786,-8.413057,-4.000000
4.200000,0.116583,-8.616273,-4.000000
4.201000,0.107379,-8.616273,4.000000
4.202000,0.098175,-8.840945,4.000000
4.203000,0.088971,-8.769955,4.000000
4.204000,0.082835,-8.738902,4.000000
4.205000,0.073631,-8.099115,4.000000
4.206000,0.064427,-8.932107,4.000000
4.207000,0.055223,-8.100006,4.000000
4.208000,0.049087,-8.100006,4.000000
4.209000,0.039884,-8.134982,4.000000
4.210000,0.033748,-8.134982,4.000000
4.211000,0.024544,-7.560759,4.000000
4.212000,0.018408,-7.519770,4.000000
4.213000,0.012272,-7.519770,4.000000
4.214000,0.006136,-7.063046,4.000000
4.215000,-0.003068,-7.063046,4.000000
4.216000,-0.009204,-6.728959,4.000000
4.217000,-0.015340,-6.728959,4.000000
4.218000,-0.021476,-6.352207,4.000000
4.219000,-0.024544,-6.352207,4.000000
4.220000,-0.030680,-5.946822,4.000000
4.221000,-0.036816,-5.946822,4.000000
4.222000,-0.042951,-5.525404,4.000000
4.223000,-0.046019,-5.525404,4.000000
4.224000,-0.052155,-5.525404,4.000000
4.225000,-0.055223,-5.055951,4.000000
4.226000,-0.061359,-5.055951,4.000000
4.227000,-0.064427,-4.847286,4.000000
4.228000,-0.067495,-4.520133,4.000000
4.229000,-0.073631,-4.520133,4.000000
4.230000,-0.076699,-4.520133,4.000000
4.231000,-0.079767,-3.991241,4.000000
4.232000,-0.082835,-3.991241,4.000000
4.233000,-0.085903,-3.991241,4.000000
4.234000,-0.088971,-3.745477,4.000000
4.235000,-0.092039,-3.316180,4.000000
4.236000,-0.092039,-3.316180,4.000000
4.237000,-0.095107,-3.316180,4.000000
4.238000,-0.098175,-3.316180,4.000000
4.239000,-0.098175,-2.985699,4.000000
4.240000,-0.101243,-2.398856,4.000000
4.241000,-0.104311,-2.009376,4.000000
4.242000,-0.104311,-2.511777,4.000000
4.243000,-0.104311,-2.511777,4.000000
4.244000,-0.107379,-2.511777,4.000000
4.245000,-0.107379,-2.511777,4.000000
4.246000,-0.107379,-2.457872,4.000000
4.247000,-0.107379,-2.045966,4.000000
4.248000,-0.107379,-1.755395,4.000000
4.249000,-0.107379,-1.534714,4.000000
4.250000,-0.107379,-1.365019,4.000000
4.251000,-0.107379,-1.227742,4.000000
4.252000,-0.107379,-1.116472,4.000000
4.253000,-0.107379,-1.022930,4.000000
4.254000,-0.104311,0.944599,4.000000
4.255000,-0.104311,0.877066,4.000000
4.256000,-0.104311,0.818253,4.000000
4.257000,-0.101243,0.767428,4.000000
4.258000,-0.101243,0.722221,4.000000
4.259000,-0.098175,0.681966,4.000000
4.260000,-0.095107,0.656998,4.000000
4.261000,-0.095107,0.656998,4.000000
4.262000,-0.092039,0.656998,4.000000
4.263000,-0.088971,0.656998,4.000000
4.264000,-0.085903,0.656998,4.000000
4.265000,-0.082835,1.990720,4.000000
4.266000,-0.079767,1.990720,4.000000
4.267000,-0.076699,1.990720,4.000000
4.268000,-0.073631,1.990720,4.000000
4.269000,-0.070563,2.881542,4.000000
4.270000,-0.067495,2.881542,4.000000
4.271000,-0.061359,2.881542,4.000000
4.272000,-0.058291,3.547674,4.000000
4.273000,-0.055223,3.547674,4.000000
4.274000,-0.049087,3.547674,4.000000
4.275000,-0.046019,4.126589,4.000000
4.276000,-0.039884,4.126589,4.000000
4.277000,-0.033748,4.635331,4.000000
4.278000,-0.030680,4.635331,4.000000
4.279000,-0.024544,4.635331,4.000000
4.280000,-0.018408,5.039025,4.000000
4.281000,-0.012272,5.039025,4.000000
4.282000,-0.009204,5.492534,4.000000
4.283000,-0.003068,5.492534,4.000000
4.284000,0.003068,5.857411,4.000000
4.285000,0.012272,5.857411,4.000000
4.286000,0.018408,6.200903,4.000000
4.287000,0.024544,6.200903,4.000000
4.288000,0.030680,6.548866,4.000000
4.289000,0.036816,6.548866,4.000000
4.290000,0.046019,6.856472,4.000000
4.291000,0.052155,7.142465,4.000000
4.292000,0.061359,7.142465,4.000000
4.293000,0.067495,7.431477,4.000000
4.294000,0.076699,7.699512,4.000000
4.295000,0.082835,7.699512,4.000000
4.296000,0.092039,7.934526,4.000000
4.297000,0.101243,8.197702,4.000000
4.298000,0.110447,8.197702,4.000000
4.299000,0.116583,8.427099,4.000000
4.300000,0.116583,8.427099,4.000000
4.301000,0.134990,8.632182,-4.000000
4.302000,0.144194,8.840945,-4.000000
4.303000,0.153398,9.056620,-4.000000
4.304000,0.162602,7.943085,-4.000000
4.305000,0.168738,7.943085,-4.000000
4.306000,0.177942,8.739767,-4.000000
4.307000,0.187146,8.467722,-4.000000
4.308000,0.193282,8.467722,-4.000000
4.309000,0.202485,8.052539,-4.000000
4.310000,0.208621,8.052539,-4.000000
4.311000,0.217825,7.703876,-4.000000
4.312000,0.223961,7.683176,-4.000000
4.313000,0.230097,7.683176,-4.000000
4.314000,0.239301,6.977320,-4.000000
4.315000,0.245437,6.977320,-4.000000
4.316000,0.251573,6.820271,-4.000000
4.317000,0.257709,6.820271,-4.000000
4.318000,0.263845,6.436283,-4.000000
4.319000,0.269981,6.436283,-4.000000
4.320000,0.273049,6.012377,-4.000000
4.321000,0.279185,6.012377,-4.000000
4.322000,0.285320,5.596839,-4.000000
4.323000,0.291456,5.596839,-4.000000
4.324000,0.294524,5.478265,-4.000000
4.325000,0.300660,5.150587,-4.000000
4.326000,0.303728,5.150587,-4.000000
4.327000,0.306796,4.450666,-4.000000
4.328000,0.312932,4.589918,-4.000000
4.329000,0.316000,4.589918,-4.000000
4.330000,0.319068,4.196539,-4.000000
4.331000,0.322136,4.073755,-4.000000
4.332000,0.325204,4.073755,-4.000000
4.333000,0.328272,4.073755,-4.000000
4.334000,0.331340,3.390676,-4.000000
4.335000,0.334408,3.375482,-4.000000
4.336000,0.337476,3.375482,-4.000000
4.337000,0.337476,3.375482,-4.000000
4.338000,0.340544,3.375482,-4.000000
4.339000,0.343612,2.699754,-4.000000
4.340000,0.343612,2.211924,-4.000000
4.341000,0.346680,2.579843,-4.000000
4.342000,0.346680,2.579843,-4.000000
4.343000,0.349748,2.579843,-4.000000
4.344000,0.349748,2.579843,-4.000000
4.345000,0.349748,2.579843,-4.000000
4.346000,0.349748,2.164691,-4.000000
4.347000,0.352816,1.839704,-4.000000
4.348000,0.352816,1.598692,-4.000000
4.349000,0.352816,1.415096,-4.000000
4.350000,0.352816,1.269047,-4.000000
4.351000,0.352816,1.149715,-4.000000
4.352000,0.349748,1.269248,-4.000000
4.353000,0.349748,1.269248,-4.000000
4.354000,0.349748,1.269248,-4.000000
4.355000,0.349748,1.269248,-4.000000
4.356000,0.346680,1.269248,-4.000000
4.357000,0.346680,1.269248,-4.000000
4.358000,0.343612,1.269248,-4.000000
4.359000,0.343612,1.269248,-4.000000
4.360000,0.340544,1.269248,-4.000000
4.361000,0.337476,-1.128786,-4.000000
4.362000,0.337476,-1.128786,-4.000000
4.363000,0.334408,-1.128786,-4.000000
4.364000,0.331340,-1.128786,-4.000000
4.365000,0.328272,-1.128786,-4.000000
4.366000,0.325204,-2.083456,-4.000000
4.367000,0.322136,-2.083456,-4.000000
4.368000,0.319068,-2.083456,-4.000000
4.369000,0.316000,-2.083456,-4.000000
4.370000,0.312932,-2.958339,-4.000000
4.371000,0.309864,-2.958339,-4.000000
4.372000,0.303728,-2.958339,-4.000000
4.373000,0.300660,-3.628308,-4.000000
4.374000,0.294524,-3.628308,-4.000000
4.375000,0.291456,-3.628308,-4.000000
4.376000,0.285320,-4.188661,-4.000000
4.377000,0.282252,-4.188661,-4.000000
4.378000,0.276117,-4.697457,-4.000000
4.379000,0.269981,-4.697457,-4.000000
4.380000,0.266913,-4.697457,-4.000000
4.381000,0.260777,-5.146267,-4.000000
4.382000,0.254641,-5.146267,-4.000000
4.383000,0.248505,-5.535374,-4.000000
4.384000,0.242369,-5.535374,-4.000000
4.385000,0.236233,-5.942903,-4.000000
4.386000,0.230097,-5.942903,-4.000000
4.387000,0.223961,-6.278051,-4.000000
4.388000,0.214757,-6.605313,-4.000000
4.389000,0.208621,-6.605313,-4.000000
4.390000,0.202485,-6.941417,-4.000000
4.391000,0.193282,-6.941417,-4.000000
4.392000,0.187146,-7.213606,-4.000000
4.393000,0.177942,-7.512417,-4.000000
4.394000,0.171806,-7.512417,-4.000000
4.395000,0.162602,-7.751048,-4.000000
4.396000,0.153398,-7.751048,-4.000000
4.397000,0.147262,-8.030291,-4.000000
4.398000,0.138058,-8.271761,-4.000000
4.399000,0.128854,-8.478285,-4.000000
4.400000,0.119651,-8.478285,4.000000
4.401000,0.113515,-8.700609,4.000000
4.402000,0.104311,-8.223644,4.000000
4.403000,0.095107,-8.223644,4.000000
4.404000,0.085903,-8.468290,4.000000
4.405000,0.079767,-8.598915,4.000000
4.406000,0.070563,-8.598915,4.000000
4.407000,0.064427,-7.969810,4.000000
4.408000,0.055223,-7.889114,4.000000
4.409000,0.049087,-7.889114,4.000000
4.410000,0.039884,-7.545972,4.000000
4.411000,0.033748,-7.545972,4.000000
4.412000,0.027612,-7.170578,4.000000
4.413000,0.021476,-7.166216,4.000000
4.414000,0.015340,-6.854450,4.000000
4.415000,0.009204,-6.451604,4.000000
4.416000,0.003068,-6.600330,4.000000
4.417000,-0.003068,-6.217747,4.000000
4.418000,-0.009204,-6.097686,4.000000
4.419000,-0.015340,-6.097686,4.000000
4.420000,-0.021476,-5.758464,4.000000
4.421000,-0.024544,-5.758464,4.000000
4.422000,-0.030680,-5.264251,4.000000
4.423000,-0.033748,-5.264251,4.000000
4.424000,-0.039884,-5.264251,4.000000
4.425000,-0.042951,-4.811205,4.000000
4.426000,-0.049087,-4.811205,4.000000
4.427000,-0.052155,-4.811205,4.000000
4.428000,-0.055223,-4.246436,4.000000
4.429000,-0.058291,-4.246436,4.000000
4.430000,-0.061359,-4.246436,4.000000
4.431000,-0.064427,-3.551067,4.000000
4.432000,-0.067495,-3.620652,4.000000
4.433000,-0.070563,-3.620652,4.000000
4.434000,-0.073631,-3.620652,4.000000
4.435000,-0.076699,-3.295696,4.000000
4.436000,-0.076699,-2.597590,4.000000
4.437000,-0.079767,-2.916583,4.000000
4.438000,-0.082835,-2.916583,4.000000
4.439000,-0.082835,-2.916583,4.000000
4.440000,-0.085903,-2.916583,4.000000
4.441000,-0.085903,-2.556553,4.000000
4.442000,-0.085903,-2.116783,4.000000
4.443000,-0.088971,-1.805277,4.000000
4.444000,-0.088971,-1.573417,4.000000
4.445000,-0.088971,-1.395081,4.000000
4.446000,-0.088971,-1.252139,4.000000
4.447000,-0.088971,-1.136722,4.000000
4.448000,-0.088971,-1.039991,4.000000
4.449000,-0.088971,-0.958752,4.000000
4.450000,-0.088971,-0.889331,4.000000
4.451000,-0.088971,-0.829482,4.000000
4.452000,-0.088971,-0.776836,4.000000
4.453000,-0.088971,-0.730674,4.000000
4.454000,-0.085903,0.689404,4.000000
4.455000,-0.085903,0.652947,4.000000
4.456000,-0.082835,1.948647,4.000000
4.457000,-0.082835,1.948647,4.000000
4.458000,-0.079767,1.948647,4.000000
4.459000,-0.079767,1.948647,4.000000
4.460000,-0.076699,1.948647,4.000000
4.461000,-0.073631,1.948647,4.000000
4.462000,-0.070563,0.632477,4.000000
4.463000,-0.070563,0.632477,4.000000
4.464000,-0.067495,0.632477,4.000000
4.465000,-0.064427,0.632477,4.000000
4.466000,-0.061359,0.632477,4.000000
4.467000,-0.058291,2.448914,4.000000
4.468000,-0.055223,2.448914,4.000000
4.469000,-0.049087,2.448914,4.000000
4.470000,-0.046019,3.217591,4.000000
4.471000,-0.042951,3.217591,4.000000
4.472000,-0.039884,3.217591,4.000000
4.473000,-0.033748,3.842139,4.000000
4.474000,-0.030680,3.842139,4.000000
4.475000,-0.024544,3.842139,4.000000
4.476000,-0.021476,4.350947,4.000000
4.477000,-0.015340,4.350947,4.000000
4.478000,-0.009204,4.836646,4.000000
4.479000,-0.003068,4.836646,4.000000
4.480000,0.000000,4.836646,4.000000
4.481000,0.006136,5.271286,4.000000
4.482000,0.012272,5.271286,4.000000
4.483000,0.018408,5.635211,4.000000
4.484000,0.024544,5.635211,4.000000
4.485000,0.030680,6.044045,4.000000
4.486000,0.036816,6.044045,4.000000
4.487000,0.046019,6.358332,4.000000
4.488000,0.052155,6.687807,4.000000
4.489000,0.058291,6.687807,4.000000
4.490000,0.067495,6.994885,4.000000
4.491000,0.073631,6.994885,4.000000
4.492000,0.079767,7.274900,4.000000
4.493000,0.088971,7.551325,4.000000
4.494000,0.098175,7.551325,4.000000
4.495000,0.104311,7.814942,4.000000
4.496000,0.113515,8.059885,4.000000
4.497000,0.122718,8.059885,4.000000
4.498000,0.128854,8.303086,4.000000
4.499000,0.138058,8.517926,4.000000
4.500000,0.147262,8.517926,4.000000
4.501000,0.156466,8.745043,-4.000000
4.502000,0.165670,8.944042,-4.000000
4.503000,0.174874,8.162563,-4.000000
4.504000,0.184078,8.162563,-4.000000
4.505000,0.190214,9.102337,-4.000000
4.506000,0.199418,8.591223,-4.000000
4.507000,0.208621,8.591223,-4.000000
4.508000,0.214757,8.129668,-4.000000
4.509000,0.223961,8.132885,-4.000000
4.510000,0.230097,8.132885,-4.000000
4.511000,0.239301,7.673634,-4.000000
4.512000,0.245437,7.673634,-4.000000
4.513000,0.251573,7.414453,-4.000000
4.514000,0.260777,7.123750,-4.000000
4.515000,0.266913,7.123750,-4.000000
4.516000,0.273049,6.770466,-4.000000
4.517000,0.279185,6.770466,-4.000000
4.518000,0.285320,6.300255,-4.000000
4.519000,0.291456,6.300255,-4.000000
4.520000,0.297592,5.964083,-4.000000
4.521000,0.300660,5.964083,-4.000000
4.522000,0.306796,5.964083,-4.000000
4.523000,0.312932,5.479590,-4.000000
4.524000,0.316000,5.479590,-4.000000
4.525000,0.322136,5.043253,-4.000000
4.526000,0.325204,5.043253,-4.000000
4.527000,0.328272,5.043253,-4.000000
4.528000,0.334408,4.502971,-4.000000
4.529000,0.337476,4.502971,-4.000000
4.530000,0.340544,4.502971,-4.000000
4.531000,0.343612,3.789703,-4.000000
4.532000,0.346680,3.920509,-4.000000
4.533000,0.349748,3.920509,-4.000000
4.534000,0.352816,3.920509,-4.000000
4.535000,0.355884,3.213472,-4.000000
4.536000,0.358952,3.240804,-4.000000
4.537000,0.362019,3.240804,-4.000000
4.538000,0.362019,3.240804,-4.000000
4.539000,0.365087,3.240804,-4.000000
4.540000,0.365087,2.730338,-4.000000
4.541000,0.368155,2.232479,-4.000000
4.542000,0.368155,1.889830,-4.000000
4.543000,0.371223,2.386306,-4.000000
4.544000,0.371223,2.386306,-4.000000
4.545000,0.371223,2.386306,-4.000000
4.546000,0.374291,2.386306,-4.000000
4.547000,0.374291,2.386306,-4.000000
4.548000,0.374291,2.097393,-4.000000
4.549000,0.374291,1.791096,-4.000000
4.550000,0.374291,1.561894,-4.000000
4.551000,0.374291,1.386232,-4.000000
4.552000,0.374291,1.245385,-4.000000
4.553000,0.371223,-1.131266,-4.000000
4.554000,0.371223,-1.035359,-4.000000
4.555000,0.371223,-0.954473,-4.000000
4.556000,0.368155,-0.885949,-4.000000
4.557000,0.368155,-0.826067,-4.000000
4.558000,0.365087,-0.773965,-4.000000
4.559000,0.365087,-0.728085,-4.000000
4.560000,0.362019,-0.699943,-4.000000
4.561000,0.362019,-0.699943,-4.000000
4.562000,0.358952,-0.699943,-4.000000
4.563000,0.355884,-0.699943,-4.000000
4.564000,0.352816,-0.699943,-4.000000
4.565000,0.349748,-1.854742,-4.000000
4.566000,0.346680,-1.854742,-4.000000
4.567000,0.343612,-1.854742,-4.000000
4.568000,0.340544,-1.854742,-4.000000
4.569000,0.337476,-2.798313,-4.000000
4.570000,0.334408,-2.798313,-4.000000
4.571000,0.331340,-2.798313,-4.000000
4.572000,0.325204,-3.513212,-4.000000
4.573000,0.322136,-3.513212,-4.000000
4.574000,0.319068,-3.513212,-4.000000
4.575000,0.312932,-4.091904,-4.000000
4.576000,0.309864,-4.091904,-4.000000
4.577000,0.303728,-4.091904,-4.000000
4.578000,0.297592,-4.605468,-4.000000
4.579000,0.291456,-4.605468,-4.000000
4.580000,0.288388,-5.062991,-4.000000
4.581000,0.282252,-5.062991,-4.000000
4.582000,0.276117,-5.487485,-4.000000
4.583000,0.269981,-5.487485,-4.000000
4.584000,0.263845,-5.863553,-4.000000
4.585000,0.257709,-5.863553,-4.000000
4.586000,0.251573,-6.210143,-4.000000
4.587000,0.245437,-6.210143,-4.000000
4.588000,0.236233,-6.552897,-4.000000
4.589000,0.230097,-6.552897,-4.000000
4.590000,0.223961,-6.871509,-4.000000
4.591000,0.214757,-7.139810,-4.000000
4.592000,0.208621,-7.139810,-4.000000
4.593000,0.199418,-7.465510,-4.000000
4.594000,0.193282,-7.465510,-4.000000
4.595000,0.184078,-7.707034,-4.000000
4.596000,0.177942,-7.955601,-4.000000
4.597000,0.168738,-7.955601,-4.000000
4.598000,0.159534,-8.214393,-4.000000
4.599000,0.150330,-8.422842,-4.000000
4.600000,0.141126,-8.660442,4.000000
4.601000,0.134990,-8.660442,4.000000
4.602000,0.125786,-8.837497,4.000000
4.603000,0.116583,-7.747242,4.000000
4.604000,0.107379,-7.747242,4.000000
4.605000,0.101243,-8.739421,4.000000
4.606000,0.092039,-8.187902,4.000000
4.607000,0.085903,-8.187902,4.000000
4.608000,0.076699,-7.891299,4.000000
4.609000,0.070563,-7.891299,4.000000
4.610000,0.064427,-7.428291,4.000000
4.611000,0.055223,-7.417814,4.000000
4.612000,0.049087,-7.417814,4.000000
4.613000,0.042951,-6.880337,4.000000
4.614000,0.036816,-6.880337,4.000000
4.615000,0.030680,-6.581255,4.000000
4.616000,0.024544,-6.581255,4.000000
4.617000,0.018408,-6.180950,4.000000
4.618000,0.012272,-6.180950,4.000000
4.619000,0.006136,-5.773477,4.000000
4.620000,0.003068,-5.773477,4.000000
4.621000,-0.003068,-5.773477,4.000000
4.622000,-0.009204,-5.288734,4.000000
4.623000,-0.012272,-5.288734,4.000000
4.624000,-0.018408,-4.892241,4.000000
4.625000,-0.021476,-4.892241,4.000000
4.626000,-0.024544,-4.892241,4.000000
4.627000,-0.027612,-4.079190,4.000000
4.628000,-0.033748,-4.271873,4.000000
4.629000,-0.036816,-4.271873,4.000000
4.630000,-0.039884,-4.143153,4.000000
4.631000,-0.042951,-3.695752,4.000000
4.632000,-0.046019,-3.695752,4.000000
4.633000,-0.049087,-3.695752,4.000000
4.634000,-0.049087,-3.695752,4.000000
4.635000,-0.052155,-2.861413,4.000000
4.636000,-0.055223,-2.984661,4.000000
4.637000,-0.058291,-2.984661,4.000000
4.638000,-0.058291,-2.984661,4.000000
4.639000,-0.061359,-2.984661,4.000000
4.640000,-0.061359,-2.711020,4.000000
4.641000,-0.061359,-2.220875,4.000000
4.642000,-0.064427,-1.881267,4.000000
4.643000,-0.064427,-1.631114,4.000000
4.644000,-0.064427,-1.438699,4.000000
4.645000,-0.067495,-1.288892,4.000000
4.646000,-0.067495,-2.037817,4.000000
4.647000,-0.067495,-2.037817,4.000000
4.648000,-0.067495,-2.037817,4.000000
4.649000,-0.067495,-2.037817,4.000000
4.650000,-0.067495,-2.037817,4.000000
4.651000,-0.064427,-2.037817,4.000000
4.652000,-0.064427,1.755664,4.000000
4.653000,-0.064427,1.755664,4.000000
4.654000,-0.064427,1.365289,4.000000
4.655000,-0.061359,1.228490,4.000000
4.656000,-0.061359,1.116190,4.000000
4.657000,-0.058291,1.054732,4.000000
4.658000,-0.058291,1.054732,4.000000
4.659000,-0.055223,1.054732,4.000000
4.660000,-0.052155,1.054732,4.000000
4.661000,-0.052155,1.054732,4.000000
4.662000,-0.049087,1.054732,4.000000
4.663000,-0.046019,1.352009,4.000000
4.664000,-0.042951,1.352009,4.000000
4.665000,-0.039884,1.352009,4.000000
4.666000,-0.036816,1.352009,4.000000
4.667000,-0.033748,2.535913,4.000000
4.668000,-0.030680,2.535913,4.000000
4.669000,-0.027612,2.535913,4.000000
4.670000,-0.021476,3.261187,4.000000
4.671000,-0.018408,3.261187,4.000000
4.672000,-0.015340,3.261187,4.000000
4.673000,-0.009204,3.890558,4.000000
4.674000,-0.006136,3.890558,4.000000
4.675000,0.000000,3.890558,4.000000
4.676000,0.003068,4.410653,4.000000
4.677000,0.009204,4.410653,4.000000
4.678000,0.015340,4.852024,4.000000
4.679000,0.018408,4.852024,4.000000
4.680000,0.024544,4.852024,4.000000
4.681000,0.030680,5.314341,4.000000
4.682000,0.036816,5.314341,4.000000
4.683000,0.042951,5.685761,4.000000
4.684000,0.049087,5.685761,4.000000
4.685000,0.055223,6.059880,4.000000
4.686000,0.061359,6.059880,4.000000
4.687000,0.070563,6.401589,4.000000
4.688000,0.076699,6.723276,4.000000
4.689000,0.082835,6.723276,4.000000
4.690000,0.092039,7.017552,4.000000
4.691000,0.098175,7.017552,4.000000
4.692000,0.104311,7.310714,4.000000
4.693000,0.113515,7.593507,4.000000
4.694000,0.122718,7.593507,4.000000
4.695000,0.128854,7.842201,4.000000
4.696000,0.138058,8.093773,4.000000
4.697000,0.147262,8.093773,4.000000
4.698000,0.156466,8.353009,4.000000
4.699000,0.162602,8.560675,4.000000
4.700000,0.171806,8.560675,4.000000
4.701000,0.181010,8.760477,-4.000000
4.702000,0.190214,9.006676,-4.000000
4.703000,0.199418,8.438528,-4.000000
4.704000,0.208621,8.438528,-4.000000
4.705000,0.214757,8.760564,-4.000000
4.706000,0.223961,8.793520,-4.000000
4.707000,0.233165,8.793520,-4.000000
4.708000,0.242369,8.163015,-4.000000
4.709000,0.248505,8.260702,-4.000000
4.710000,0.257709,8.260702,-4.000000
4.711000,0.263845,7.660395,-4.000000
4.712000,0.269981,7.511523,-4.000000
4.713000,0.279185,7.646937,-4.000000
4.714000,0.285320,7.138137,-4.000000
4.715000,0.291456,7.138137,-4.000000
4.716000,0.297592,6.818534,-4.000000
4.717000,0.303728,6.818534,-4.000000
4.718000,0.309864,6.422062,-4.000000
4.719000,0.316000,6.422062,-4.000000
4.720000,0.322136,6.087687,-4.000000
4.721000,0.328272,6.087687,-4.000000
4.722000,0.334408,5.648757,-4.000000
4.723000,0.337476,5.648757,-4.000000
4.724000,0.343612,5.648757,-4.000000
4.725000,0.346680,5.200027,-4.000000
4.726000,0.352816,5.200027,-4.000000
4.727000,0.355884,4.788468,-4.000000
4.728000,0.358952,4.650580,-4.000000
4.729000,0.365087,4.650580,-4.000000
4.730000,0.368155,4.440935,-4.000000
4.731000,0.371223,4.124201,-4.000000
4.732000,0.374291,4.124201,-4.000000
4.733000,0.377359,4.124201,-4.000000
4.734000,0.380427,3.483749,-4.000000
4.735000,0.383495,3.421293,-4.000000
4.736000,0.386563,3.421293,-4.000000
4.737000,0.389631,3.421293,-4.000000
4.738000,0.389631,3.421293,-4.000000
4.739000,0.392699,2.704481,-4.000000
4.740000,0.392699,2.216107,-4.000000
4.741000,0.395767,2.660563,-4.000000
4.742000,0.395767,2.660563,-4.000000
4.743000,0.398835,2.660563,-4.000000
4.744000,0.398835,2.660563,-4.000000
4.745000,0.398835,2.506938,-4.000000
4.746000,0.401903,2.079832,-4.000000
4.747000,0.401903,1.779341,-4.000000
4.748000,0.401903,1.554070,-4.000000
4.749000,0.401903,1.378801,-4.000000
4.750000,0.401903,1.240940,-4.000000
4.751000,0.401903,1.126571,-4.000000
4.752000,0.401903,1.031994,-4.000000
4.753000,0.401903,0.951674,-4.000000
4.754000,0.398835,1.464134,-4.000000
4.755000,0.398835,1.464134,-4.000000
4.756000,0.398835,1.464134,-4.000000
4.757000,0.395767,1.464134,-4.000000
4.758000,0.395767,1.464134,-4.000000
4.759000,0.392699,1.464134,-4.000000
4.760000,0.392699,1.464134,-4.000000
4.761000,0.389631,1.464134,-4.000000
4.762000,0.386563,-0.938156,-4.000000
4.763000,0.383495,-0.938156,-4.000000
4.764000,0.383495,-0.938156,-4.000000
4.765000,0.380427,-0.938156,-4.000000
4.766000,0.377359,-0.938156,-4.000000
4.767000,0.374291,-2.164983,-4.000000
4.768000,0.371223,-2.164983,-4.000000
4.769000,0.365087,-2.164983,-4.000000
4.770000,0.362019,-3.025976,-4.000000
4.771000,0.358952,-3.025976,-4.000000
4.772000,0.355884,-3.025976,-4.000000
4.773000,0.349748,-3.693295,-4.000000
4.774000,0.346680,-3.693295,-4.000000
4.775000,0.343612,-3.693295,-4.000000
4.776000,0.337476,-4.243438,-4.000000
4.777000,0.331340,-4.243438,-4.000000
4.778000,0.328272,-4.243438,-4.000000
4.779000,0.322136,-4.743405,-4.000000
4.780000,0.316000,-4.743405,-4.000000
4.781000,0.309864,-5.207566,-4.000000
4.782000,0.306796,-5.207566,-4.000000
4.783000,0.300660,-5.578852,-4.000000
4.784000,0.294524,-5.578852,-4.000000
4.785000,0.288388,-5.976306,-4.000000
4.786000,0.279185,-5.976306,-4.000000
4.787000,0.273049,-6.317598,-4.000000
4.788000,0.266913,-6.317598,-4.000000
4.789000,0.260777,-6.641807,-4.000000
4.790000,0.251573,-6.936077,-4.000000
4.791000,0.245437,-6.936077,-4.000000
4.792000,0.239301,-7.235403,-4.000000
4.793000,0.230097,-7.235403,-4.000000
4.794000,0.223961,-7.524380,-4.000000
4.795000,0.214757,-7.760647,-4.000000
4.796000,0.205553,-7.760647,-4.000000
4.797000,0.199418,-8.044548,-4.000000
4.798000,0.190214,-8.260239,-4.000000
4.799000,0.181010,-8.260239,-4.000000
4.800000,0.171806,-8.485776,-4.000000
4.801000,0.162602,-8.680010,4.000000
4.802000,0.156466,-8.680010,4.000000
4.803000,0.147262,-8.905639,4.000000
4.804000,0.138058,-8.229388,4.000000
4.805000,0.128854,-8.226017,4.000000
4.806000,0.122718,-8.226017,4.000000
4.807000,0.113515,-8.727681,4.000000
4.808000,0.107379,-8.064078,4.000000
4.809000,0.098175,-7.856566,4.000000
4.810000,0.092039,-7.841644,4.000000
4.811000,0.082835,-7.841644,4.000000
4.812000,0.076699,-7.358570,4.000000
4.813000,0.070563,-7.358570,4.000000
4.814000,0.064427,-7.025196,4.000000
4.815000,0.055223,-6.807555,4.000000
4.816000,0.049087,-6.807555,4.000000
4.817000,0.042951,-6.389045,4.000000
4.818000,0.039884,-6.389045,4.000000
4.819000,0.033748,-6.021802,4.000000
4.820000,0.027612,-5.933644,4.000000
4.821000,0.021476,-5.933644,4.000000
4.822000,0.015340,-5.552558,4.000000
4.823000,0.012272,-5.552558,4.000000
4.824000,0.006136,-5.076226,4.000000
4.825000,0.003068,-5.076226,4.000000
4.826000,0.000000,-5.076226,4.000000
4.827000,-0.006136,-4.557225,4.000000
4.828000,-0.009204,-4.557225,4.000000
4.829000,-0.012272,-4.557225,4.000000
4.830000,-0.015340,-3.849001,4.000000
4.831000,-0.018408,-4.009788,4.000000
4.832000,-0.021476,-4.009788,4.000000
4.833000,-0.024544,-4.009788,4.000000
4.834000,-0.027612,-3.190877,4.000000
4.835000,-0.030680,-3.299302,4.000000
4.836000,-0.033748,-3.299302,4.000000
4.837000,-0.036816,-3.299302,4.000000
4.838000,-0.036816,-3.299302,4.000000
4.839000,-0.039884,-2.600564,4.000000
4.840000,-0.039884,-2.145824,4.000000
4.841000,-0.042951,-2.531633,4.000000
4.842000,-0.042951,-2.531633,4.000000
4.843000,-0.046019,-2.531633,4.000000
4.844000,-0.046019,-2.531633,4.000000
4.845000,-0.046019,-2.531633,4.000000
4.846000,-0.046019,-2.178160,4.000000
4.847000,-0.046019,-1.851139,4.000000
4.848000,-0.046019,-1.607218,4.000000
4.849000,-0.049087,-1.421909,4.000000
4.850000,-0.049087,-1.274366,4.000000
4.851000,-0.046019,-1.098646,4.000000
4.852000,-0.046019,-1.098646,4.000000
4.853000,-0.046019,-1.098646,4.000000
4.854000,-0.046019,-1.098646,4.000000
4.855000,-0.046019,-1.098646,4.000000
4.856000,-0.042951,-1.098646,4.000000
4.857000,-0.042951,-1.098646,4.000000
4.858000,-0.039884,-1.098646,4.000000
4.859000,-0.039884,-1.098646,4.000000
4.860000,-0.036816,-1.098646,4.000000
4.861000,-0.033748,1.336572,4.000000
4.862000,-0.033748,1.336572,4.000000
4.863000,-0.030680,1.336572,4.000000
4.864000,-0.027612,1.336572,4.000000
4.865000,-0.024544,1.336572,4.000000
4.866000,-0.021476,2.012933,4.000000
4.867000,-0.018408,2.012933,4.000000
4.868000,-0.015340,2.012933,4.000000
4.869000,-0.012272,2.012933,4.000000
4.870000,-0.009204,2.910089,4.000000
4.871000,-0.006136,2.910089,4.000000
4.872000,0.000000,2.910089,4.000000
4.873000,0.003068,3.576422,4.000000
4.874000,0.006136,3.576422,4.000000
4.875000,0.012272,3.576422,4.000000
4.876000,0.015340,4.120566,4.000000
4.877000,0.021476,4.120566,4.000000
4.878000,0.027612,4.639201,4.000000
4.879000,0.030680,4.639201,4.000000
4.880000,0.036816,4.639201,4.000000
4.881000,0.042951,5.078326,4.000000
4.882000,0.049087,5.078326,4.000000
4.883000,0.055223,5.483331,4.000000
4.884000,0.061359,5.483331,4.000000
4.885000,0.061359,5.483331,4.000000
4.886000,0.073631,5.881742,4.000000
4.887000,0.079767,6.232000,4.000000
4.888000,0.085903,6.232000,4.000000
4.889000,0.092039,6.551925,4.000000
4.890000,0.101243,6.888759,4.000000
4.891000,0.107379,6.888759,4.000000
4.892000,0.113515,7.171684,4.000000
4.893000,0.122718,7.171684,4.000000
4.894000,0.128854,7.457948,4.000000
4.895000,0.138058,7.727390,4.000000
4.896000,0.147262,7.727390,4.000000
4.897000,0.153398,7.996208,4.000000
4.898000,0.162602,8.237981,4.000000
4.899000,0.171806,8.237981,4.000000
4.900000,0.181010,8.458805,-4.000000
4.901000,0.190214,8.706782,-4.000000
4.902000,0.196350,8.683507,-4.000000
4.903000,0.205553,7.865588,-4.000000
4.904000,0.214757,9.065727,-4.000000
4.905000,0.220893,8.744610,-4.000000
4.906000,0.230097,8.112351,-4.000000
4.907000,0.236233,8.263715,-4.000000
4.908000,0.245437,8.263715,-4.000000
4.909000,0.251573,7.559982,-4.000000
4.910000,0.260777,7.686919,-4.000000
4.911000,0.266913,7.686919,-4.000000
4.912000,0.273049,7.130994,-4.000000
4.913000,0.279185,7.130994,-4.000000
4.914000,0.288388,6.770363,-4.000000
4.915000,0.294524,6.770363,-4.000000
4.916000,0.300660,6.532790,-4.000000
4.917000,0.306796,6.532790,-4.000000
4.918000,0.309864,6.052491,-4.000000
4.919000,0.316000,6.052491,-4.000000
4.920000,0.322136,5.756363,-4.000000
4.921000,0.328272,5.756363,-4.000000
4.922000,0.331340,5.394383,-4.000000
4.923000,0.337476,5.241268,-4.000000
4.924000,0.340544,5.241268,-4.000000
4.925000,0.346680,4.770655,-4.000000
4.926000,0.349748,4.770655,-4.000000
4.927000,0.352816,4.770655,-4.000000
4.928000,0.355884,3.959813,-4.000000
4.929000,0.362019,4.199491,-4.000000
4.930000,0.365087,4.199491,-4.000000
4.931000,0.368155,4.146283,-4.000000
4.932000,0.371223,3.548015,-4.000000
4.933000,0.371223,3.548015,-4.000000
4.934000,0.374291,3.548015,-4.000000
4.935000,0.377359,3.548015,-4.000000
4.936000,0.380427,2.973281,-4.000000
4.937000,0.380427,2.392374,-4.000000
4.938000,0.383495,2.784275,-4.000000
4.939000,0.383495,2.784275,-4.000000
4.940000,0.386563,2.784275,-4.000000
4.941000,0.386563,2.784275,-4.000000
4.942000,0.389631,2.496089,-4.000000
4.943000,0.389631,2.073419,-4.000000
4.944000,0.389631,1.774610,-4.000000
4.945000,0.389631,1.549076,-4.000000
4.946000,0.389631,1.377202,-4.000000
4.947000,0.392699,1.237783,-4.000000
4.948000,0.392699,1.123628,-4.000000
4.949000,0.392699,1.029554,-4.000000
4.950000,0.389631,-0.949791,-4.000000
4.951000,0.389631,-0.881840,-4.000000
4.952000,0.389631,-0.822592,-4.000000
4.953000,0.389631,-0.770918,-4.000000
4.954000,0.386563,-1.737446,-4.000000
4.955000,0.386563,-1.737446,-4.000000
4.956000,0.383495,-1.737446,-4.000000
4.957000,0.383495,-1.737446,-4.000000
4.958000,0.380427,-1.737446,-4.000000
4.959000,0.377359,-1.737446,-4.000000
4.960000,0.377359,-1.737446,-4.000000
4.961000,0.374291,-0.759927,-4.000000
4.962000,0.371223,-0.759927,-4.000000
4.963000,0.368155,-0.759927,-4.000000
4.964000,0.365087,-0.759927,-4.000000
4.965000,0.362019,-2.332927,-4.000000
4.966000,0.358952,-2.332927,-4.000000
4.967000,0.355884,-2.332927,-4.000000
4.968000,0.352816,-2.332927,-4.000000
4.969000,0.349748,-3.134571,-4.000000
4.970000,0.343612,-3.134571,-4.000000
4.971000,0.340544,-3.134571,-4.000000
4.972000,0.337476,-3.771569,-4.000000
4.973000,0.331340,-3.771569,-4.000000
4.974000,0.328272,-3.771569,-4.000000
4.975000,0.322136,-4.317800,-4.000000
4.976000,0.316000,-4.317800,-4.000000
4.977000,0.312932,-4.808534,-4.000000
4.978000,0.306796,-4.808534,-4.000000
4.979000,0.300660,-5.233848,-4.000000
4.980000,0.294524,-5.233848,-4.000000
4.981000,0.288388,-5.624521,-4.000000
4.982000,0.282252,-5.624521,-4.000000
4.983000,0.276117,-6.008656,-4.000000
4.984000,0.269981,-6.008656,-4.000000
4.985000,0.263845,-6.327234,-4.000000
4.986000,0.257709,-6.327234,-4.000000
4.987000,0.248505,-6.630991,-4.000000
4.988000,0.242369,-6.630991,-4.000000
4.989000,0.236233,-6.956117,-4.000000
4.990000,0.227029,-7.214254,-4.000000
4.991000,0.220893,-7.214254,-4.000000
4.992000,0.211689,-7.489176,-4.000000
4.993000,0.205553,-7.489176,-4.000000
4.994000,0.196350,-7.764398,-4.000000
4.995000,0.190214,-7.972902,-4.000000
4.996000,0.181010,-7.972902,-4.000000
4.997000,0.171806,-8.224409,-4.000000
4.998000,0.162602,-8.421798,-4.000000
4.999000,0.153398,-8.625862,-4.000000
5.000000,0.147262,-8.625862,-4.000000
5.001000,0.138058,-8.838381,4.000000
5.002000,0.128854,-8.987346,4.000000
5.003000,0.119651,-8.987346,4.000000
5.004000,0.110447,-8.129518,4.000000
5.005000,0.101243,-9.137731,4.000000
5.006000,0.095107,-9.023048,4.000000
5.007000,0.085903,-8.207830,4.000000
5.008000,0.076699,-8.475357,4.000000
5.009000,0.070563,-8.475357,4.000000
5.010000,0.064427,-7.647731,4.000000
5.011000,0.055223,-7.748601,4.000000
5.012000,0.049087,-7.748601,4.000000
5.013000,0.042951,-7.247451,4.000000
5.014000,0.033748,-7.247451,4.000000
5.015000,0.027612,-6.833722,4.000000
5.016000,0.021476,-6.833722,4.000000
5.017000,0.015340,-6.594517,4.000000
5.018000,0.009204,-6.594517,4.000000
5.019000,0.003068,-6.126308,4.000000
5.020000,0.000000,-6.126308,4.000000
5.021000,-0.006136,-5.797913,4.000000
5.022000,-0.012272,-5.797913,4.000000
5.023000,-0.015340,-5.152179,4.000000
5.024000,-0.021476,-5.273992,4.000000
5.025000,-0.024544,-5.273992,4.000000
5.026000,-0.030680,-4.799731,4.000000
5.027000,-0.033748,-4.799731,4.000000
5.028000,-0.039884,-4.799731,4.000000
5.029000,-0.042951,-4.255025,4.000000
5.030000,-0.046019,-4.255025,4.000000
5.031000,-0.049087,-4.255025,4.000000
5.032000,-0.052155,-3.868889,4.000000
5.033000,-0.055223,-3.672541,4.000000
5.034000,-0.058291,-3.672541,4.000000
5.035000,-0.061359,-3.672541,4.000000
5.036000,-0.064427,-3.504392,4.000000
5.037000,-0.064427,-2.728096,4.000000
5.038000,-0.067495,-2.939570,4.000000
5.039000,-0.070563,-2.939570,4.000000
5.040000,-0.070563,-2.939570,4.000000
5.041000,-0.073631,-2.939570,4.000000
5.042000,-0.073631,-2.618809,4.000000
5.043000,-0.076699,-2.158009,4.000000
5.044000,-0.076699,-1.834909,4.000000
5.045000,-0.076699,-1.596133,4.000000
5.046000,-0.076699,-1.413210,4.000000
5.047000,-0.079767,-2.030166,4.000000
5.048000,-0.079767,-2.030166,4.000000
5.049000,-0.079767,-2.030166,4.000000
5.050000,-0.079767,-2.030166,4.000000
5.051000,-0.079767,-2.030166,4.000000
5.052000,-0.079767,-2.030166,4.000000
5.053000,-0.076699,2.015408,4.000000
5.054000,-0.076699,1.730165,4.000000
5.055000,-0.076699,1.516502,4.000000
5.056000,-0.076699,1.349187,4.000000
5.057000,-0.073631,1.215618,4.000000
5.058000,-0.073631,1.106022,4.000000
5.059000,-0.070563,1.053624,4.000000
5.060000,-0.070563,1.053624,4.000000
5.061000,-0.067495,1.053624,4.000000
5.062000,-0.064427,1.053624,4.000000
5.063000,-0.064427,1.053624,4.000000
5.064000,-0.061359,1.053624,4.000000
5.065000,-0.058291,1.328911,4.000000
5.066000,-0.055223,1.328911,4.000000
5.067000,-0.052155,1.328911,4.000000
5.068000,-0.049087,1.328911,4.000000
5.069000,-0.046019,2.525844,4.000000
5.070000,-0.042951,2.525844,4.000000
5.071000,-0.039884,2.525844,4.000000
5.072000,-0.033748,3.277567,4.000000
5.073000,-0.030680,3.277567,4.000000
5.074000,-0.027612,3.277567,4.000000
5.075000,-0.021476,3.860589,4.000000
5.076000,-0.018408,3.860589,4.000000
5.077000,-0.012272,3.860589,4.000000
5.078000,-0.009204,4.414774,4.000000
5.079000,-0.003068,4.414774,4.000000
5.080000,0.003068,4.878061,4.000000
5.081000,0.006136,4.878061,4.000000
5.082000,0.012272,4.878061,4.000000
5.083000,0.018408,5.302827,4.000000
5.084000,0.024544,5.302827,4.000000
5.085000,0.030680,5.724513,4.000000
5.086000,0.036816,5.724513,4.000000
5.087000,0.042951,6.087100,4.000000
5.088000,0.049087,6.087100,4.000000
5.089000,0.058291,6.422715,4.000000
5.090000,0.064427,6.767770,4.000000
5.091000,0.070563,6.767770,4.000000
5.092000,0.079767,7.057743,4.000000
5.093000,0.085903,7.057743,4.000000
5.094000,0.095107,7.354895,4.000000
5.095000,0.101243,7.648393,4.000000
5.096000,0.110447,7.648393,4.000000
5.097000,0.116583,7.908108,4.000000
5.098000,0.125786,8.168071,4.000000
5.099000,0.134990,8.168071,4.000000
5.100000,0.144194,8.412897,-4.000000
5.101000,0.150330,8.651877,-4.000000
5.102000,0.159534,8.651877,-4.000000
5.103000,0.168738,7.818884,-4.000000
5.104000,0.177942,9.077089,-4.000000
5.105000,0.184078,9.055228,-4.000000
5.106000,0.193282,8.029999,-4.000000
5.107000,0.199418,8.312069,-4.000000
5.108000,0.208621,8.312069,-4.000000
5.109000,0.214757,7.461727,-4.000000
5.110000,0.223961,7.734154,-4.000000
5.111000,0.230097,7.734154,-4.000000
5.112000,0.236233,7.120076,-4.000000
5.113000,0.242369,7.120076,-4.000000
5.114000,0.248505,6.719186,-4.000000
5.115000,0.257709,6.719186,-4.000000
5.116000,0.260777,6.499440,-4.000000
5.117000,0.266913,6.499440,-4.000000
5.118000,0.273049,6.028170,-4.000000
5.119000,0.279185,6.028170,-4.000000
5.120000,0.285320,5.739686,-4.000000
5.121000,0.288388,5.739686,-4.000000
5.122000,0.294524,5.657872,-4.000000
5.123000,0.300660,5.204867,-4.000000
5.124000,0.303728,5.204867,-4.000000
5.125000,0.306796,4.511939,-4.000000
5.126000,0.312932,4.726784,-4.000000
5.127000,0.316000,4.726784,-4.000000
5.128000,0.319068,4.152792,-4.000000
5.129000,0.322136,4.161202,-4.000000
5.130000,0.325204,4.161202,-4.000000
5.131000,0.328272,4.161202,-4.000000
5.132000,0.331340,3.258433,-4.000000
5.133000,0.334408,3.495893,-4.000000
5.134000,0.337476,3.495893,-4.000000
5.135000,0.340544,3.495893,-4.000000
5.136000,0.340544,3.156937,-4.000000
5.137000,0.343612,2.513142,-4.000000
5.138000,0.346680,2.719632,-4.000000
5.139000,0.346680,2.719632,-4.000000
5.140000,0.349748,2.719632,-4.000000
5.141000,0.349748,2.719632,-4.000000
5.142000,0.349748,2.719632,-4.000000
5.143000,0.352816,2.247391,-4.000000
5.144000,0.352816,1.900365,-4.000000
5.145000,0.352816,1.644821,-4.000000
5.146000,0.352816,1.450968,-4.000000
5.147000,0.352816,1.297047,-4.000000
5.148000,0.352816,1.174316,-4.000000
5.149000,0.352816,1.070542,-4.000000
5.150000,0.352816,0.984802,-4.000000
5.151000,0.352816,0.912040,-4.000000
5.152000,0.352816,0.848508,-4.000000
5.153000,0.349748,1.610311,-4.000000
5.154000,0.349748,1.610311,-4.000000
5.155000,0.346680,1.610311,-4.000000
5.156000,0.346680,1.610311,-4.000000
5.157000,0.346680,1.610311,-4.000000
5.158000,0.343612,1.610311,-4.000000
5.159000,0.340544,1.610311,-4.000000
5.160000,0.337476,-0.830291,-4.000000
5.161000,0.337476,-0.830291,-4.000000
5.162000,0.334408,-0.830291,-4.000000
5.163000,0.331340,-0.830291,-4.000000
5.164000,0.328272,-0.830291,-4.000000
5.165000,0.325204,-2.248655,-4.000000
5.166000,0.322136,-2.248655,-4.000000
5.167000,0.319068,-2.248655,-4.000000
5.168000,0.316000,-2.248655,-4.000000
5.169000,0.309864,-3.068846,-4.000000
5.170000,0.306796,-3.068846,-4.000000
5.171000,0.303728,-3.068846,-4.000000
5.172000,0.297592,-3.709483,-4.000000
5.173000,0.294524,-3.709483,-4.000000
5.174000,0.288388,-4.252895,-4.000000
5.175000,0.285320,-4.252895,-4.000000
5.176000,0.279185,-4.252895,-4.000000
5.177000,0.276117,-4.757272,-4.000000
5.178000,0.269981,-4.757272,-4.000000
5.179000,0.263845,-5.186444,-4.000000
5.180000,0.257709,-5.186444,-4.000000
5.181000,0.251573,-5.573924,-4.000000
5.182000,0.245437,-5.573924,-4.000000
5.183000,0.239301,-5.963399,-4.000000
5.184000,0.233165,-5.963399,-4.000000
5.185000,0.227029,-6.298234,-4.000000
5.186000,0.220893,-6.298234,-4.000000
5.187000,0.211689,-6.606746,-4.000000
5.188000,0.205553,-6.606746,-4.000000
5.189000,0.199418,-6.944090,-4.000000
5.190000,0.190214,-7.210486,-4.000000
5.191000,0.184078,-7.210486,-4.000000
5.192000,0.174874,-7.497055,-4.000000
5.193000,0.168738,-7.497055,-4.000000
5.194000,0.159534,-7.745137,-4.000000
5.195000,0.150330,-8.005408,-4.000000
5.196000,0.144194,-8.005408,-4.000000
5.197000,0.134990,-8.250828,-4.000000
5.198000,0.125786,-8.455972,-4.000000
5.199000,0.116583,-8.669364,-4.000000
5.200000,0.107379,-8.669364,-4.000000
5.201000,0.098175,-8.875759,4.000000
5.202000,0.092039,-9.080074,4.000000
5.203000,0.082835,-9.080074,4.000000
5.204000,0.073631,-8.137604,4.000000
5.205000,0.064427,-9.350077,4.000000
5.206000,0.055223,-8.454434,4.000000
5.207000,0.049087,-8.454434,4.000000
5.208000,0.039884,-8.444173,4.000000
5.209000,0.030680,-8.115630,4.000000
5.210000,0.024544,-7.969378,4.000000
5.211000,0.018408,-7.896165,4.000000
5.212000,0.009204,-7.896165,4.000000
5.213000,0.003068,-7.373308,4.000000
5.214000,-0.003068,-7.310714,4.000000
5.215000,-0.012272,-7.120420,4.000000
5.216000,-0.018408,-6.897094,4.000000
5.217000,-0.024544,-6.897094,4.000000
5.218000,-0.030680,-6.388952,4.000000
5.219000,-0.036816,-6.388952,4.000000
5.220000,-0.042951,-6.033603,4.000000
5.221000,-0.046019,-6.033603,4.000000
5.222000,-0.052155,-6.033603,4.000000
5.223000,-0.058291,-5.573608,4.000000
5.224000,-0.061359,-5.573608,4.000000
5.225000,-0.067495,-5.148126,4.000000
5.226000,-0.070563,-5.148126,4.000000
5.227000,-0.076699,-5.148126,4.000000
5.228000,-0.079767,-4.627514,4.000000
5.229000,-0.082835,-4.627514,4.000000
5.230000,-0.088971,-4.627514,4.000000
5.231000,-0.092039,-4.111745,4.000000
5.232000,-0.095107,-4.111745,4.000000
5.233000,-0.098175,-4.111745,4.000000
5.234000,-0.101243,-3.869058,4.000000
5.235000,-0.104311,-3.453507,4.000000
5.236000,-0.107379,-3.453507,4.000000
5.237000,-0.107379,-3.453507,4.000000
5.238000,-0.110447,-3.453507,4.000000
5.239000,-0.113515,-2.911844,4.000000
5.240000,-0.113515,-2.352412,4.000000
5.241000,-0.116583,-2.673346,4.000000
5.242000,-0.116583,-2.673346,4.000000
5.243000,-0.119651,-2.673346,4.000000
5.244000,-0.119651,-2.673346,4.000000
5.245000,-0.119651,-2.673346,4.000000
5.246000,-0.122718,-2.209838,4.000000
5.247000,-0.122718,-1.872532,4.000000
5.248000,-0.122718,-1.624543,4.000000
5.249000,-0.122718,-1.436036,4.000000
5.250000,-0.122718,-1.284562,4.000000
5.251000,-0.122718,-1.163331,4.000000
5.252000,-0.122718,-1.062687,4.000000
5.253000,-0.122718,-0.977940,4.000000
5.254000,-0.119651,-1.445615,4.000000
5.255000,-0.119651,-1.445615,4.000000
5.256000,-0.119651,-1.445615,4.000000
5.257000,-0.116583,-1.445615,4.000000
5.258000,-0.116583,-1.445615,4.000000
5.259000,-0.113515,-1.445615,4.000000
5.260000,-0.113515,-1.445615,4.000000
5.261000,-0.110447,-1.445615,4.000000
5.262000,-0.107379,0.938812,4.000000
5.263000,-0.107379,0.938812,4.000000
5.264000,-0.104311,0.938812,4.000000
5.265000,-0.101243,0.938812,4.000000
5.266000,-0.098175,0.938812,4.000000
5.267000,-0.095107,2.188047,4.000000
5.268000,-0.092039,2.188047,4.000000
5.269000,-0.088971,2.188047,4.000000
5.270000,-0.085903,2.188047,4.000000
5.271000,-0.082835,3.055675,4.000000
5.272000,-0.076699,3.055675,4.000000
5.273000,-0.073631,3.055675,4.000000
5.274000,-0.067495,3.725012,4.000000
5.275000,-0.064427,3.725012,4.000000
5.276000,-0.058291,4.242419,4.000000
5.277000,-0.055223,4.242419,4.000000
5.278000,-0.049087,4.242419,4.000000
5.279000,-0.046019,4.749192,4.000000
5.280000,-0.039884,4.749192,4.000000
5.281000,-0.033748,5.207443,4.000000
5.282000,-0.027612,5.207443,4.000000
5.283000,-0.021476,5.576985,4.000000
5.284000,-0.015340,5.576985,4.000000
5.285000,-0.009204,5.991137,4.000000
5.286000,-0.003068,5.991137,4.000000
5.287000,0.003068,6.320807,4.000000
5.288000,0.009204,6.320807,4.000000
5.289000,0.018408,6.628305,4.000000
5.290000,0.024544,6.628305,4.000000
5.291000,0.030680,6.960665,4.000000
5.292000,0.039884,7.219854,4.000000
5.293000,0.046019,7.219854,4.000000
5.294000,0.055223,7.504059,4.000000
5.295000,0.061359,7.504059,4.000000
5.296000,0.070563,7.763374,4.000000
5.297000,0.079767,8.005481,4.000000
5.298000,0.085903,8.005481,4.000000
5.299000,0.095107,8.235524,4.000000
5.300000,0.104311,8.468534,4.000000
5.301000,0.113515,8.664009,-4.000000
5.302000,0.122718,8.664009,-4.000000
5.303000,0.128854,8.867119,-4.000000
5.304000,0.138058,7.970672,-4.000000
5.305000,0.147262,7.970672,-4.000000
5.306000,0.153398,8.358382,-4.000000
5.307000,0.162602,8.555039,-4.000000
5.308000,0.168738,8.555039,-4.000000
5.309000,0.177942,7.734763,-4.000000
5.310000,0.184078,7.734763,-4.000000
5.311000,0.193282,7.686652,-4.000000
5.312000,0.199418,7.426730,-4.000000
5.313000,0.205553,7.426730,-4.000000
5.314000,0.211689,6.783201,-4.000000
5.315000,0.220893,6.783201,-4.000000
5.316000,0.227029,6.652309,-4.000000
5.317000,0.230097,6.652309,-4.000000
5.318000,0.236233,6.204256,-4.000000
5.319000,0.242369,6.204256,-4.000000
5.320000,0.248505,5.784022,-4.000000
5.321000,0.254641,5.784022,-4.000000
5.322000,0.257709,5.443435,-4.000000
5.323000,0.263845,5.335682,-4.000000
5.324000,0.266913,5.335682,-4.000000
5.325000,0.273049,4.822891,-4.000000
5.326000,0.276117,4.822891,-4.000000
5.327000,0.279185,4.822891,-4.000000
5.328000,0.285320,4.274912,-4.000000
5.329000,0.288388,4.274912,-4.000000
5.330000,0.291456,4.274912,-4.000000
5.331000,0.294524,3.985858,-4.000000
5.332000,0.297592,3.654254,-4.000000
5.333000,0.300660,3.654254,-4.000000
5.334000,0.303728,3.654254,-4.000000
5.335000,0.303728,3.651867,-4.000000
5.336000,0.306796,2.811804,-4.000000
5.337000,0.309864,2.916159,-4.000000
5.338000,0.309864,2.916159,-4.000000
5.339000,0.312932,2.916159,-4.000000
5.340000,0.312932,2.916159,-4.000000
5.341000,0.316000,2.767262,-4.000000
5.342000,0.316000,2.255722,-4.000000
5.343000,0.316000,1.907520,-4.000000
5.344000,0.319068,1.651618,-4.000000
5.345000,0.319068,1.455277,-4.000000
5.346000,0.319068,1.300583,-4.000000
5.347000,0.319068,1.176176,-4.000000
5.348000,0.319068,1.072608,-4.000000
5.349000,0.319068,0.986854,-4.000000
5.350000,0.319068,0.913181,-4.000000
5.351000,0.319068,0.849971,-4.000000
5.352000,0.319068,0.795013,-4.000000
5.353000,0.316000,0.746736,-4.000000
5.354000,0.316000,-0.703877,-4.000000
5.355000,0.316000,-0.665936,-4.000000
5.356000,0.312932,-1.930940,-4.000000
5.357000,0.312932,-1.930940,-4.000000
5.358000,0.309864,-1.930940,-4.000000
5.359000,0.309864,-1.930940,-4.000000
5.360000,0.306796,-1.930940,-4.000000
5.361000,0.303728,-1.930940,-4.000000
5.362000,0.303728,-1.930940,-4.000000
5.363000,0.300660,-0.642323,-4.000000
5.364000,0.297592,-0.642323,-4.000000
5.365000,0.294524,-0.642323,-4.000000
5.366000,0.291456,-0.642323,-4.000000
5.367000,0.288388,-2.447570,-4.000000
5.368000,0.285320,-2.447570,-4.000000
5.369000,0.282252,-2.447570,-4.000000
5.370000,0.276117,-3.207720,-4.000000
5.371000,0.273049,-3.207720,-4.000000
5.372000,0.269981,-3.207720,-4.000000
5.373000,0.263845,-3.830579,-4.000000
5.374000,0.260777,-3.830579,-4.000000
5.375000,0.254641,-3.830579,-4.000000
5.376000,0.251573,-4.354356,-4.000000
5.377000,0.245437,-4.354356,-4.000000
5.378000,0.239301,-4.833788,-4.000000
5.379000,0.236233,-4.833788,-4.000000
5.380000,0.230097,-4.833788,-4.000000
5.381000,0.223961,-5.276196,-4.000000
5.382000,0.217825,-5.276196,-4.000000
5.383000,0.211689,-5.651503,-4.000000
5.384000,0.205553,-5.651503,-4.000000
5.385000,0.199418,-6.052118,-4.000000
5.386000,0.193282,-6.052118,-4.000000
5.387000,0.187146,-6.376964,-4.000000
5.388000,0.177942,-6.748644,-4.000000
5.389000,0.171806,-6.748644,-4.000000
5.390000,0.165670,-7.038122,-4.000000
5.391000,0.156466,-7.038122,-4.000000
5.392000,0.150330,-7.302678,-4.000000
5.393000,0.141126,-7.644092,-4.000000
5.394000,0.131922,-7.644092,-4.000000
5.395000,0.125786,-7.867899,-4.000000
5.396000,0.116583,-8.127125,-4.000000
5.397000,0.107379,-8.127125,-4.000000
5.398000,0.101243,-8.397386,-4.000000
5.399000,0.092039,-8.628136,-4.000000
5.400000,0.082835,-8.628136,4.000000
5.401000,0.073631,-8.825668,4.000000
5.402000,0.064427,-8.814135,4.000000
5.403000,0.055223,-8.128845,4.000000
5.404000,0.049087,-8.128845,4.000000
5.405000,0.039884,-9.003372,4.000000
5.406000,0.030680,-8.224945,4.000000
5.407000,0.024544,-8.224945,4.000000
5.408000,0.015340,-8.216990,4.000000
5.409000,0.009204,-8.031532,4.000000
5.410000,0.000000,-7.691670,4.000000
5.411000,-0.006136,-7.717131,4.000000
5.412000,-0.015340,-7.717131,4.000000
5.413000,-0.021476,-7.164647,4.000000
5.414000,-0.027612,-7.164647,4.000000
5.415000,-0.033748,-6.868144,4.000000
5.416000,-0.039884,-6.868144,4.000000
5.417000,-0.046019,-6.564923,4.000000
5.418000,-0.052155,-6.564923,4.000000
5.419000,-0.058291,-6.192689,4.000000
5.420000,-0.064427,-6.192689,4.000000
5.421000,-0.070563,-5.792288,4.000000
5.422000,-0.073631,-5.792288,4.000000
5.423000,-0.079767,-5.371068,4.000000
5.424000,-0.082835,-5.371068,4.000000
5.425000,-0.088971,-5.371068,4.000000
5.426000,-0.092039,-4.883237,4.000000
5.427000,-0.098175,-4.883237,4.000000
5.428000,-0.101243,-4.862304,4.000000
5.429000,-0.104311,-4.345277,4.000000
5.430000,-0.107379,-4.345277,4.000000
5.431000,-0.110447,-4.345277,4.000000
5.432000,-0.113515,-3.491390,4.000000
5.433000,-0.116583,-3.708829,4.000000
5.434000,-0.119651,-3.708829,4.000000
5.435000,-0.122718,-3.708829,4.000000
5.436000,-0.125786,-3.181295,4.000000
5.437000,-0.128854,-2.984015,4.000000
5.438000,-0.128854,-2.984015,4.000000
5.439000,-0.131922,-2.984015,4.000000
5.440000,-0.131922,-2.984015,4.000000
5.441000,-0.134990,-2.984015,4.000000
5.442000,-0.134990,-2.408356,4.000000
5.443000,-0.138058,-2.013800,4.000000
5.444000,-0.138058,-1.730853,4.000000
5.445000,-0.138058,-1.516049,4.000000
5.446000,-0.138058,-1.350106,4.000000
5.447000,-0.141126,-2.069999,4.000000
5.448000,-0.141126,-2.069999,4.000000
5.449000,-0.141126,-2.069999,4.000000
5.450000,-0.141126,-2.069999,4.000000
5.451000,-0.141126,-2.069999,4.000000
5.452000,-0.138058,-2.069999,4.000000
5.453000,-0.138058,1.946462,4.000000
5.454000,-0.138058,1.678890,4.000000
5.455000,-0.138058,1.476450,4.000000
5.456000,-0.134990,1.318679,4.000000
5.457000,-0.134990,1.190863,4.000000
5.458000,-0.131922,1.106942,4.000000
5.459000,-0.131922,1.106942,4.000000
5.460000,-0.128854,1.106942,4.000000
5.461000,-0.125786,1.106942,4.000000
5.462000,-0.125786,1.106942,4.000000
5.463000,-0.122718,1.106942,4.000000
5.464000,-0.119651,1.316024,4.000000
5.465000,-0.116583,1.316024,4.000000
5.466000,-0.113515,1.316024,4.000000
5.467000,-0.110447,1.316024,4.000000
5.468000,-0.107379,2.549435,4.000000
5.469000,-0.104311,2.549435,4.000000
5.470000,-0.101243,2.549435,4.000000
5.471000,-0.095107,3.310105,4.000000
5.472000,-0.092039,3.310105,4.000000
5.473000,-0.088971,3.310105,4.000000
5.474000,-0.082835,3.932636,4.000000
5.475000,-0.079767,3.932636,4.000000
5.476000,-0.073631,3.932636,4.000000
5.477000,-0.070563,4.465151,4.000000
5.478000,-0.064427,4.465151,4.000000
5.479000,-0.058291,4.905877,4.000000
5.480000,-0.052155,4.905877,4.000000
5.481000,-0.046019,5.336520,4.000000
5.482000,-0.042951,5.336520,4.000000
5.483000,-0.036816,5.336520,4.000000
5.484000,-0.030680,5.729190,4.000000
5.485000,-0.024544,5.729190,4.000000
5.486000,-0.015340,6.048431,4.000000
5.487000,-0.009204,6.399642,4.000000
5.488000,-0.003068,6.399642,4.000000
5.489000,0.003068,6.703434,4.000000
5.490000,0.009204,6.703434,4.000000
5.491000,0.018408,6.963518,4.000000
5.492000,0.024544,6.963518,4.000000
5.493000,0.033748,7.281074,4.000000
5.494000,0.039884,7.511842,4.000000
5.495000,0.049087,7.511842,4.000000
5.496000,0.055223,7.757445,4.000000
5.497000,0.064427,8.014194,4.000000
5.498000,0.073631,8.014194,4.000000
5.499000,0.082835,8.217678,4.000000
5.500000,0.088971,8.411135,4.000000
5.501000,0.098175,8.411135,-4.000000
5.502000,0.107379,8.634713,-4.000000
5.503000,0.116583,8.785913,-4.000000
5.504000,0.122718,8.785913,-4.000000
5.505000,0.131922,7.729553,-4.000000
5.506000,0.141126,8.578045,-4.000000
5.507000,0.147262,8.522855,-4.000000
5.508000,0.156466,7.835664,-4.000000
5.509000,0.162602,7.898353,-4.000000
5.510000,0.171806,7.898353,-4.000000
5.511000,0.177942,7.319011,-4.000000
5.512000,0.184078,7.319011,-4.000000
5.513000,0.190214,7.126105,-4.000000
5.514000,0.196350,6.819008,-4.000000
5.515000,0.202485,6.782888,-4.000000
5.516000,0.208621,6.293075,-4.000000
5.517000,0.214757,6.440083,-4.000000
5.518000,0.214757,6.440083,-4.000000
5.519000,0.227029,5.951108,-4.000000
5.520000,0.233165,5.951108,-4.000000
5.521000,0.236233,5.528135,-4.000000
5.522000,0.242369,5.528135,-4.000000
5.523000,0.245437,4.921397,-4.000000
5.524000,0.251573,5.022527,-4.000000
5.525000,0.254641,5.022527,-4.000000
5.526000,0.260777,4.571561,-4.000000
5.527000,0.263845,4.571561,-4.000000
5.528000,0.266913,4.571561,-4.000000
5.529000,0.269981,3.968564,-4.000000
5.530000,0.273049,3.976064,-4.000000
5.531000,0.276117,3.976064,-4.000000
5.532000,0.279185,3.976064,-4.000000
5.533000,0.282252,3.274712,-4.000000
5.534000,0.285320,3.309646,-4.000000
5.535000,0.288388,3.309646,-4.000000
5.536000,0.288388,3.309646,-4.000000
5.537000,0.291456,3.309646,-4.000000
5.538000,0.294524,2.681418,-4.000000
5.539000,0.294524,2.202891,-4.000000
5.540000,0.297592,2.499824,-4.000000
5.541000,0.297592,2.499824,-4.000000
5.542000,0.297592,2.499824,-4.000000
5.543000,0.300660,2.499824,-4.000000
5.544000,0.300660,2.499824,-4.000000
5.545000,0.300660,2.280647,-4.000000
5.546000,0.300660,1.924392,-4.000000
5.547000,0.300660,1.663171,-4.000000
5.548000,0.300660,1.463669,-4.000000
5.549000,0.300660,1.307525,-4.000000
5.550000,0.300660,1.182129,-4.000000
5.551000,0.300660,1.078159,-4.000000
5.552000,0.300660,0.990904,-4.000000
5.553000,0.300660,0.917386,-4.000000
5.554000,0.297592,-0.853075,-4.000000
5.555000,0.297592,-0.797688,-4.000000
5.556000,0.294524,-0.749468,-4.000000
5.557000,0.294524,-0.706008,-4.000000
5.558000,0.291456,-0.667702,-4.000000
5.559000,0.291456,-0.633250,-4.000000
5.560000,0.288388,-0.620237,-4.000000
5.561000,0.285320,-0.620237,-4.000000
5.562000,0.285320,-0.620237,-4.000000
5.563000,0.282252,-0.620237,-4.000000
5.564000,0.279185,-0.620237,-4.000000
5.565000,0.276117,-2.013158,-4.000000
5.566000,0.273049,-2.013158,-4.000000
5.567000,0.269981,-2.013158,-4.000000
5.568000,0.266913,-2.013158,-4.000000
5.569000,0.260777,-2.886371,-4.000000
5.570000,0.257709,-2.886371,-4.000000
5.571000,0.254641,-2.886371,-4.000000
5.572000,0.248505,-3.561645,-4.000000
5.573000,0.245437,-3.561645,-4.000000
5.574000,0.242369,-3.561645,-4.000000
5.575000,0.236233,-4.142764,-4.000000
5.576000,0.230097,-4.142764,-4.000000
5.577000,0.227029,-4.664032,-4.000000
5.578000,0.220893,-4.664032,-4.000000
5.579000,0.214757,-5.093138,-4.000000
5.580000,0.208621,-5.093138,-4.000000
5.581000,0.202485,-5.538114,-4.000000
5.582000,0.199418,-5.538114,-4.000000
5.583000,0.190214,-5.903868,-4.000000
5.584000,0.184078,-5.903868,-4.000000
5.585000,0.177942,-6.302727,-4.000000
5.586000,0.171806,-6.302727,-4.000000
5.587000,0.165670,-6.604968,-4.000000
5.588000,0.156466,-6.604968,-4.000000
5.589000,0.150330,-6.940817,-4.000000
5.590000,0.144194,-6.940817,-4.000000
5.591000,0.134990,-7.232915,-4.000000
5.592000,0.128854,-7.497691,-4.000000
5.593000,0.119651,-7.497691,-4.000000
5.594000,0.113515,-7.787940,-4.000000
5.595000,0.104311,-8.032846,-4.000000
5.596000,0.095107,-8.032846,-4.000000
5.597000,0.085903,-8.286500,-4.000000
5.598000,0.076699,-8.519979,-4.000000
5.599000,0.070563,-8.519979,-4.000000
5.600000,0.061359,-8.731907,4.000000
5.601000,0.052155,-8.953740,4.000000
5.602000,0.042951,-8.048358,4.000000
5.603000,0.033748,-8.048358,4.000000
5.604000,0.027612,-9.261965,4.000000
5.605000,0.018408,-8.490016,4.000000
5.606000,0.009204,-8.490016,4.000000
5.607000,0.003068,-8.316528,4.000000
5.608000,-0.006136,-7.991579,4.000000
5.609000,-0.015340,-7.991579,4.000000
5.610000,-0.021476,-7.813283,4.000000
5.611000,-0.027612,-7.813283,4.000000
5.612000,-0.027612,-7.813283,4.000000
5.613000,-0.042951,-7.102105,4.000000
5.614000,-0.049087,-7.102105,4.000000
5.615000,-0.055223,-6.844892,4.000000
5.616000,-0.061359,-6.844892,4.000000
5.617000,-0.067495,-6.334219,4.000000
5.618000,-0.073631,-6.334219,4.000000
5.619000,-0.079767,-5.995853,4.000000
5.620000,-0.082835,-5.995853,4.000000
5.621000,-0.088971,-5.760454,4.000000
5.622000,-0.095107,-5.520192,4.000000
5.623000,-0.098175,-5.520192,4.000000
5.624000,-0.104311,-5.108805,4.000000
5.625000,-0.107379,-5.108805,4.000000
5.626000,-0.113515,-5.108805,4.000000
5.627000,-0.116583,-4.520503,4.000000
5.628000,-0.119651,-4.520503,4.000000
5.629000,-0.122718,-4.520503,4.000000
5.630000,-0.128854,-3.972096,4.000000
5.631000,-0.131922,-3.972096,4.000000
5.632000,-0.134990,-3.972096,4.000000
5.633000,-0.134990,-3.972096,4.000000
5.634000,-0.138058,-3.062623,4.000000
5.635000,-0.141126,-3.257424,4.000000
5.636000,-0.144194,-3.257424,4.000000
5.637000,-0.144194,-3.257424,4.000000
5.638000,-0.147262,-3.257424,4.000000
5.639000,-0.150330,-2.573246,4.000000
5.640000,-0.150330,-2.130185,4.000000
5.641000,-0.153398,-2.445728,4.000000
5.642000,-0.153398,-2.445728,4.000000
5.643000,-0.153398,-2.445728,4.000000
5.644000,-0.156466,-2.445728,4.000000
5.645000,-0.156466,-2.445728,4.000000
5.646000,-0.156466,-2.288024,4.000000
5.647000,-0.156466,-1.927511,4.000000
5.648000,-0.156466,-1.665080,4.000000
5.649000,-0.156466,-1.466134,4.000000
5.650000,-0.156466,-1.310680,4.000000
5.651000,-0.156466,-1.183588,4.000000
5.652000,-0.156466,-1.079198,4.000000
5.653000,-0.156466,-0.992592,4.000000
5.654000,-0.153398,0.917818,4.000000
5.655000,-0.153398,0.854072,4.000000
5.656000,-0.150330,0.798356,4.000000
5.657000,-0.150330,0.749981,4.000000
5.658000,-0.147262,0.706975,4.000000
5.659000,-0.147262,0.668097,4.000000
5.660000,-0.144194,0.655075,4.000000
5.661000,-0.141126,0.655075,4.000000
5.662000,-0.141126,0.655075,4.000000
5.663000,-0.138058,0.655075,4.000000
5.664000,-0.134990,0.655075,4.000000
5.665000,-0.131922,1.911788,4.000000
5.666000,-0.128854,1.911788,4.000000
5.667000,-0.125786,1.911788,4.000000
5.668000,-0.122718,1.911788,4.000000
5.669000,-0.119651,2.825752,4.000000
5.670000,-0.113515,2.825752,4.000000
5.671000,-0.110447,2.825752,4.000000
5.672000,-0.107379,3.532003,4.000000
5.673000,-0.101243,3.532003,4.000000
5.674000,-0.098175,3.532003,4.000000
5.675000,-0.092039,4.105250,4.000000
5.676000,-0.088971,4.105250,4.000000
5.677000,-0.082835,4.617044,4.000000
5.678000,-0.079767,4.617044,4.000000
5.679000,-0.073631,4.617044,4.000000
5.680000,-0.067495,5.083118,4.000000
5.681000,-0.061359,5.083118,4.000000
5.682000,-0.055223,5.461537,4.000000
5.683000,-0.049087,5.461537,4.000000
5.684000,-0.042951,5.869863,4.000000
5.685000,-0.036816,5.869863,4.000000
5.686000,-0.030680,6.230330,4.000000
5.687000,-0.024544,6.230330,4.000000
5.688000,-0.018408,6.528832,4.000000
5.689000,-0.009204,6.893112,4.000000
5.690000,-0.003068,6.893112,4.000000
5.691000,0.006136,7.158610,4.000000
5.692000,0.012272,7.158610,4.000000
5.693000,0.021476,7.431602,4.000000
5.694000,0.027612,7.734831,4.000000
5.695000,0.036816,7.734831,4.000000
5.696000,0.046019,7.968372,4.000000
5.697000,0.052155,8.223644,4.000000
5.698000,0.061359,8.223644,4.000000
5.699000,0.070563,8.469102,4.000000
5.700000,0.079767,8.684788,4.000000
5.701000,0.088971,8.897119,-4.000000
5.702000,0.095107,8.897119,-4.000000
5.703000,0.104311,9.111160,-4.000000
5.704000,0.113515,8.062165,-4.000000
5.705000,0.122718,8.062165,-4.000000
5.706000,0.131922,8.732080,-4.000000
5.707000,0.138058,8.748853,-4.000000
5.708000,0.147262,8.748853,-4.000000
5.709000,0.156466,8.025331,-4.000000
5.710000,0.162602,8.065550,-4.000000
5.711000,0.171806,8.065550,-4.000000
5.712000,0.177942,7.608416,-4.000000
5.713000,0.184078,7.608416,-4.000000
5.714000,0.190214,7.223868,-4.000000
5.715000,0.199418,7.098283,-4.000000
5.716000,0.205553,7.098283,-4.000000
5.717000,0.211689,6.617483,-4.000000
5.718000,0.217825,6.617483,-4.000000
5.719000,0.223961,6.246539,-4.000000
5.720000,0.230097,6.246539,-4.000000
5.721000,0.233165,5.684371,-4.000000
5.722000,0.239301,5.867719,-4.000000
5.723000,0.245437,5.867719,-4.000000
5.724000,0.248505,5.314660,-4.000000
5.725000,0.254641,5.314660,-4.000000
5.726000,0.257709,4.725873,-4.000000
5.727000,0.263845,4.951015,-4.000000
5.728000,0.266913,4.951015,-4.000000
5.729000,0.269981,4.144805,-4.000000
5.730000,0.276117,4.362634,-4.000000
5.731000,0.279185,4.362634,-4.000000
5.732000,0.282252,4.146925,-4.000000
5.733000,0.285320,3.752603,-4.000000
5.734000,0.288388,3.752603,-4.000000
5.735000,0.291456,3.752603,-4.000000
5.736000,0.291456,3.643314,-4.000000
5.737000,0.294524,2.806874,-4.000000
5.738000,0.297592,3.048464,-4.000000
5.739000,0.300660,3.048464,-4.000000
5.740000,0.300660,3.048464,-4.000000
5.741000,0.303728,3.048464,-4.000000
5.742000,0.303728,2.565208,-4.000000
5.743000,0.306796,2.119068,-4.000000
5.744000,0.306796,1.807604,-4.000000
5.745000,0.306796,1.575999,-4.000000
5.746000,0.309864,2.167272,-4.000000
5.747000,0.309864,2.167272,-4.000000
5.748000,0.309864,2.167272,-4.000000
5.749000,0.309864,2.167272,-4.000000
5.750000,0.309864,2.167272,-4.000000
5.751000,0.309864,2.167272,-4.000000
5.752000,0.309864,1.880098,-4.000000
5.753000,0.309864,1.630049,-4.000000
5.754000,0.306796,-1.439046,-4.000000
5.755000,0.306796,-1.286895,-4.000000
5.756000,0.306796,-1.165585,-4.000000
5.757000,0.303728,-1.064319,-4.000000
5.758000,0.303728,-0.979492,-4.000000
5.759000,0.300660,-0.913017,-4.000000
5.760000,0.300660,-0.913017,-4.000000
5.761000,0.297592,-0.913017,-4.000000
5.762000,0.294524,-0.913017,-4.000000
5.763000,0.294524,-0.913017,-4.000000
5.764000,0.291456,-0.913017,-4.000000
5.765000,0.288388,-1.525832,-4.000000
5.766000,0.285320,-1.525832,-4.000000
5.767000,0.282252,-1.525832,-4.000000
5.768000,0.279185,-1.525832,-4.000000
5.769000,0.276117,-2.626890,-4.000000
5.770000,0.273049,-2.626890,-4.000000
5.771000,0.269981,-2.626890,-4.000000
5.772000,0.263845,-3.357384,-4.000000
5.773000,0.260777,-3.357384,-4.000000
5.774000,0.257709,-3.357384,-4.000000
5.775000,0.251573,-3.950695,-4.000000
5.776000,0.248505,-3.950695,-4.000000
5.777000,0.242369,-3.950695,-4.000000
5.778000,0.236233,-4.495182,-4.000000
5.779000,0.233165,-4.495182,-4.000000
5.780000,0.227029,-4.957070,-4.000000
5.781000,0.220893,-4.957070,-4.000000
5.782000,0.214757,-5.360575,-4.000000
5.783000,0.211689,-5.360575,-4.000000
5.784000,0.202485,-5.360575,-4.000000
5.785000,0.196350,-5.771252,-4.000000
5.786000,0.187146,-6.103498,-4.000000
5.787000,0.181010,-6.103498,-4.000000
5.788000,0.174874,-6.468702,-4.000000
5.789000,0.168738,-6.468702,-4.000000
5.790000,0.162602,-6.766889,-4.000000
5.791000,0.153398,-6.766889,-4.000000
5.792000,0.147262,-7.039749,-4.000000
5.793000,0.138058,-7.348044,-4.000000
5.794000,0.131922,-7.348044,-4.000000
5.795000,0.122718,-7.581584,-4.000000
5.796000,0.116583,-7.581584,-4.000000
5.797000,0.107379,-7.828305,-4.000000
5.798000,0.098175,-8.090512,-4.000000
5.799000,0.092039,-8.090512,-4.000000
5.800000,0.082835,-8.286112,-4.000000
5.801000,0.073631,-8.500961,4.000000
5.802000,0.064427,-8.703180,4.000000
5.803000,0.058291,-8.703180,4.000000
5.804000,0.049087,-8.048945,4.000000
5.805000,0.039884,-8.099412,4.000000
5.806000,0.033748,-8.099412,4.000000
5.807000,0.024544,-8.478122,4.000000
5.808000,0.018408,-8.035184,4.000000
5.809000,0.009204,-7.660594,4.000000
5.810000,0.003068,-7.631086,4.000000
5.811000,-0.006136,-7.631086,4.000000
5.812000,-0.012272,-7.186675,4.000000
5.813000,-0.018408,-7.186675,4.000000
5.814000,-0.024544,-6.780130,4.000000
5.815000,-0.030680,-6.780130,4.000000
5.816000,-0.036816,-6.491991,4.000000
5.817000,-0.042951,-6.491991,4.000000
5.818000,-0.049087,-6.124822,4.000000
5.819000,-0.055223,-6.124822,4.000000
5.820000,-0.058291,-5.722956,4.000000
5.821000,-0.064427,-5.722956,4.000000
5.822000,-0.067495,-5.004293,4.000000
5.823000,-0.073631,-5.235802,4.000000
5.824000,-0.076699,-5.235802,4.000000
5.825000,-0.082835,-4.749932,4.000000
5.826000,-0.085903,-4.749932,4.000000
5.827000,-0.088971,-4.749932,4.000000
5.828000,-0.095107,-4.196440,4.000000
5.829000,-0.098175,-4.196440,4.000000
5.830000,-0.101243,-4.196440,4.000000
5.831000,-0.104311,-3.943026,4.000000
5.832000,-0.107379,-3.581017,4.000000
5.833000,-0.110447,-3.581017,4.000000
5.834000,-0.110447,-3.581017,4.000000
5.835000,-0.113515,-3.581017,4.000000
5.836000,-0.116583,-2.844171,4.000000
5.837000,-0.119651,-2.818684,4.000000
5.838000,-0.119651,-2.818684,4.000000
5.839000,-0.122718,-2.818684,4.000000
5.840000,-0.122718,-2.818684,4.000000
5.841000,-0.122718,-2.818684,4.000000
5.842000,-0.125786,-2.419535,4.000000
5.843000,-0.125786,-2.020903,4.000000
5.844000,-0.125786,-1.735085,4.000000
5.845000,-0.128854,-1.520248,4.000000
5.846000,-0.128854,-1.352831,4.000000
5.847000,-0.128854,-1.217947,4.000000
5.848000,-0.128854,-1.107983,4.000000
5.849000,-0.128854,-1.017113,4.000000
5.850000,-0.128854,-0.938714,4.000000
5.851000,-0.125786,0.872231,4.000000
5.852000,-0.125786,0.814072,4.000000
5.853000,-0.125786,0.763376,4.000000
5.854000,-0.122718,1.717947,4.000000
5.855000,-0.122718,1.717947,4.000000
5.856000,-0.122718,1.717947,4.000000
5.857000,-0.119651,1.717947,4.000000
5.858000,-0.116583,1.717947,4.000000
5.859000,-0.116583,1.717947,4.000000
5.860000,-0.113515,1.717947,4.000000
5.861000,-0.110447,0.735896,4.000000
5.862000,-0.107379,0.735896,4.000000
5.863000,-0.107379,0.735896,4.000000
5.864000,-0.104311,0.735896,4.000000
5.865000,-0.101243,0.735896,4.000000
5.866000,-0.098175,2.344615,4.000000
5.867000,-0.095107,2.344615,4.000000
5.868000,-0.088971,2.344615,4.000000
5.869000,-0.085903,3.148062,4.000000
5.870000,-0.082835,3.148062,4.000000
5.871000,-0.079767,3.148062,4.000000
5.872000,-0.073631,3.786828,4.000000
5.873000,-0.070563,3.786828,4.000000
5.874000,-0.064427,3.786828,4.000000
5.875000,-0.061359,4.289876,4.000000
5.876000,-0.055223,4.289876,4.000000
5.877000,-0.049087,4.799445,4.000000
5.878000,-0.046019,4.799445,4.000000
5.879000,-0.039884,4.799445,4.000000
5.880000,-0.033748,5.230254,4.000000
5.881000,-0.027612,5.230254,4.000000
5.882000,-0.021476,5.613087,4.000000
5.883000,-0.015340,5.613087,4.000000
5.884000,-0.009204,6.016963,4.000000
5.885000,-0.003068,6.016963,4.000000
5.886000,0.003068,6.366625,4.000000
5.887000,0.012272,6.662692,4.000000
5.888000,0.018408,6.662692,4.000000
5.889000,0.024544,7.006867,4.000000
5.890000,0.033748,7.006867,4.000000
5.891000,0.039884,7.283835,4.000000
5.892000,0.049087,7.551841,4.000000
5.893000,0.055223,7.551841,4.000000
5.894000,0.064427,7.841714,4.000000
5.895000,0.073631,8.086884,4.000000
5.896000,0.079767,8.086884,4.000000
5.897000,0.088971,8.323187,4.000000
5.898000,0.098175,8.582544,4.000000
5.899000,0.107379,8.582544,4.000000
5.900000,0.116583,8.794746,-4.000000
5.901000,0.125786,8.999521,-4.000000
5.902000,0.134990,8.118016,-4.000000
5.903000,0.141126,8.118016,-4.000000
5.904000,0.150330,9.444725,-4.000000
5.905000,0.159534,8.475601,-4.000000
5.906000,0.168738,8.475601,-4.000000
5.907000,0.174874,8.389014,-4.000000
5.908000,0.184078,8.098818,-4.000000
5.909000,0.190214,8.098818,-4.000000
5.910000,0.199418,7.882499,-4.000000
5.911000,0.205553,7.774714,-4.000000
5.912000,0.214757,7.477008,-4.000000
5.913000,0.220893,7.313074,-4.000000
5.914000,0.227029,7.313074,-4.000000
5.915000,0.233165,6.913500,-4.000000
5.916000,0.239301,6.913500,-4.000000
5.917000,0.245437,6.457026,-4.000000
5.918000,0.251573,6.457026,-4.000000
5.919000,0.257709,6.135710,-4.000000
5.920000,0.263845,6.135710,-4.000000
5.921000,0.269981,5.706619,-4.000000
5.922000,0.273049,5.706619,-4.000000
5.923000,0.279185,5.706619,-4.000000
5.924000,0.285320,5.287057,-4.000000
5.925000,0.288388,5.287057,-4.000000
5.926000,0.291456,4.608159,-4.000000
5.927000,0.297592,4.722893,-4.000000
5.928000,0.300660,4.722893,-4.000000
5.929000,0.303728,4.158519,-4.000000
5.930000,0.306796,4.222006,-4.000000
5.931000,0.309864,4.222006,-4.000000
5.932000,0.312932,4.222006,-4.000000
5.933000,0.316000,3.245280,-4.000000
5.934000,0.319068,3.572171,-4.000000
5.935000,0.322136,3.572171,-4.000000
5.936000,0.325204,3.572171,-4.000000
5.937000,0.328272,3.088260,-4.000000
5.938000,0.328272,2.469005,-4.000000
5.939000,0.331340,2.821736,-4.000000
5.940000,0.334408,2.821736,-4.000000
5.941000,0.334408,2.821736,-4.000000
5.942000,0.334408,2.821736,-4.000000
5.943000,0.337476,2.537282,-4.000000
5.944000,0.337476,2.101913,-4.000000
5.945000,0.337476,1.795318,-4.000000
5.946000,0.337476,1.565730,-4.000000
5.947000,0.340544,1.389672,-4.000000
5.948000,0.340544,1.247822,-4.000000
5.949000,0.340544,1.132861,-4.000000
5.950000,0.340544,1.036846,-4.000000
5.951000,0.340544,0.956188,-4.000000
5.952000,0.337476,-0.887155,-4.000000
5.953000,0.337476,-0.827202,-4.000000
5.954000,0.337476,-0.775045,-4.000000
5.955000,0.337476,-0.729324,-4.000000
5.956000,0.334408,-1.778525,-4.000000
5.957000,0.334408,-1.778525,-4.000000
5.958000,0.331340,-1.778525,-4.000000
5.959000,0.331340,-1.778525,-4.000000
5.960000,0.328272,-1.778525,-4.000000
5.961000,0.325204,-1.778525,-4.000000
5.962000,0.322136,-0.725164,-4.000000
5.963000,0.322136,-0.725164,-4.000000
5.964000,0.319068,-0.725164,-4.000000
5.965000,0.316000,-0.725164,-4.000000
5.966000,0.316000,-0.725164,-4.000000
5.967000,0.309864,-2.363575,-4.000000
5.968000,0.306796,-2.363575,-4.000000
5.969000,0.303728,-2.363575,-4.000000
5.970000,0.297592,-3.146347,-4.000000
5.971000,0.294524,-3.146347,-4.000000
5.972000,0.291456,-3.146347,-4.000000
5.973000,0.285320,-3.789751,-4.000000
5.974000,0.282252,-3.789751,-4.000000
5.975000,0.276117,-3.789751,-4.000000
5.976000,0.273049,-4.356783,-4.000000
5.977000,0.266913,-4.356783,-4.000000
5.978000,0.263845,-4.356783,-4.000000
5.979000,0.257709,-4.810969,-4.000000
5.980000,0.251573,-4.810969,-4.000000
5.981000,0.245437,-5.247462,-4.000000
5.982000,0.239301,-5.247462,-4.000000
5.983000,0.233165,-5.649335,-4.000000
5.984000,0.227029,-5.649335,-4.000000
5.985000,0.220893,-6.017536,-4.000000
5.986000,0.214757,-6.017536,-4.000000
5.987000,0.208621,-6.338809,-4.000000
5.988000,0.202485,-6.338809,-4.000000
5.989000,0.193282,-6.692163,-4.000000
5.990000,0.187146,-6.971870,-4.000000
5.991000,0.181010,-6.971870,-4.000000
5.992000,0.171806,-7.289484,-4.000000
5.993000,0.165670,-7.289484,-4.000000
5.994000,0.156466,-7.509672,-4.000000
5.995000,0.147262,-7.811349,-4.000000
5.996000,0.141126,-7.811349,-4.000000
5.997000,0.131922,-8.041693,-4.000000
5.998000,0.122718,-8.271761,-4.000000
5.999000,0.116583,-8.271761,-4.000000
6.000000,0.107379,-8.463504,-4.000000
6.001000,0.098175,-8.705924,4.000000
6.002000,0.088971,-8.875492,4.000000
6.003000,0.079767,-8.875492,4.000000
6.004000,0.073631,-8.146608,4.000000
6.005000,0.064427,-8.598246,4.000000
6.006000,0.055223,-8.598246,4.000000
6.007000,0.049087,-8.353562,4.000000
6.008000,0.039884,-8.168449,4.000000
6.009000,0.030680,-8.168449,4.000000
6.010000,0.024544,-7.676234,4.000000
6.011000,0.018408,-7.676234,4.000000
6.012000,0.009204,-7.413271,4.000000
6.013000,0.003068,-7.165925,4.000000
6.014000,-0.003068,-7.165925,4.000000
6.015000,-0.009204,-6.795356,4.000000
6.016000,-0.015340,-6.795356,4.000000
6.017000,-0.021476,-6.445062,4.000000
6.018000,-0.027612,-6.445062,4.000000
6.019000,-0.033748,-5.953033,4.000000
6.020000,-0.039884,-5.953033,4.000000
6.021000,-0.039884,-5.604009,4.000000
6.022000,-0.049087,-5.578816,4.000000
6.023000,-0.055223,-5.578816,4.000000
6.024000,-0.058291,-5.099370,4.000000
6.025000,-0.061359,-5.099370,4.000000
6.026000,-0.067495,-5.099370,4.000000
6.027000,-0.070563,-4.597393,4.000000
6.028000,-0.073631,-4.597393,4.000000
6.029000,-0.079767,-4.597393,4.000000
6.030000,-0.082835,-4.055654,4.000000
6.031000,-0.085903,-4.055654,4.000000
6.032000,-0.088971,-4.055654,4.000000
6.033000,-0.092039,-3.769670,4.000000
6.034000,-0.095107,-3.406967,4.000000
6.035000,-0.098175,-3.406967,4.000000
6.036000,-0.098175,-3.406967,4.000000
6.037000,-0.101243,-3.406967,4.000000
6.038000,-0.104311,-2.898072,4.000000
6.039000,-0.104311,-2.348448,4.000000
6.040000,-0.107379,-2.620525,4.000000
6.041000,-0.107379,-2.620525,4.000000
6.042000,-0.110447,-2.620525,4.000000
6.043000,-0.110447,-2.620525,4.000000
6.044000,-0.110447,-2.620525,4.000000
6.045000,-0.110447,-2.238123,4.000000
6.046000,-0.113515,-1.893548,4.000000
6.047000,-0.113515,-1.640551,4.000000
6.048000,-0.113515,-1.446344,4.000000
6.049000,-0.113515,-1.293826,4.000000
6.050000,-0.113515,-1.171535,4.000000
6.051000,-0.113515,-1.069034,4.000000
6.052000,-0.110447,-1.337011,4.000000
6.053000,-0.110447,-1.337011,4.000000
6.054000,-0.110447,-1.337011,4.000000
6.055000,-0.107379,-1.337011,4.000000
6.056000,-0.107379,-1.337011,4.000000
6.057000,-0.104311,-1.337011,4.000000
6.058000,-0.104311,-1.337011,4.000000
6.059000,-0.101243,-1.337011,4.000000
6.060000,-0.101243,-1.337011,4.000000
6.061000,-0.098175,1.083667,4.000000
6.062000,-0.095107,1.083667,4.000000
6.063000,-0.092039,1.083667,4.000000
6.064000,-0.088971,1.083667,4.000000
6.065000,-0.085903,2.122142,4.000000
6.066000,-0.082835,2.122142,4.000000
6.067000,-0.079767,2.122142,4.000000
6.068000,-0.076699,2.122142,4.000000
6.069000,-0.073631,2.976827,4.000000
6.070000,-0.070563,2.976827,4.000000
6.071000,-0.064427,2.976827,4.000000
6.072000,-0.061359,3.619005,4.000000
6.073000,-0.058291,3.619005,4.000000
6.074000,-0.052155,3.619005,4.000000
6.075000,-0.049087,4.190548,4.000000
6.076000,-0.042951,4.190548,4.000000
6.077000,-0.036816,4.686768,4.000000
6.078000,-0.033748,4.686768,4.000000
6.079000,-0.027612,4.686768,4.000000
6.080000,-0.021476,5.091524,4.000000
6.081000,-0.015340,5.091524,4.000000
6.082000,-0.009204,5.545796,4.000000
6.083000,-0.003068,5.545796,4.000000
6.084000,0.003068,5.908250,4.000000
6.085000,0.009204,5.908250,4.000000
6.086000,0.015340,6.261457,4.000000
6.087000,0.021476,6.261457,4.000000
6.088000,0.030680,6.608080,4.000000
6.089000,0.036816,6.916585,4.000000
6.090000,0.042951,6.916585,4.000000
6.091000,0.052155,7.207133,4.000000
6.092000,0.058291,7.207133,4.000000
6.093000,0.067495,7.491017,4.000000
6.094000,0.073631,7.768835,4.000000
6.095000,0.082835,7.768835,4.000000
6.096000,0.092039,8.006714,4.000000
6.097000,0.098175,8.269980,4.000000
6.098000,0.107379,8.269980,4.000000
6.099000,0.116583,8.509558,4.000000
6.100000,0.125786,8.722425,-4.000000
6.101000,0.134990,8.929760,-4.000000
6.102000,0.144194,8.929760,-4.000000
6.103000,0.150330,8.169431,-4.000000
6.104000,0.159534,9.031625,-4.000000
6.105000,0.168738,9.031625,-4.000000
6.106000,0.177942,8.310193,-4.000000
6.107000,0.184078,8.526886,-4.000000
6.108000,0.193282,8.526886,-4.000000
6.109000,0.199418,7.679103,-4.000000
6.110000,0.208621,7.816947,-4.000000
6.111000,0.214757,7.816947,-4.000000
6.112000,0.220893,7.342549,-4.000000
6.113000,0.230097,7.342549,-4.000000
6.114000,0.236233,6.913554,-4.000000
6.115000,0.242369,6.913554,-4.000000
6.116000,0.248505,6.718777,-4.000000
6.117000,0.254641,6.718777,-4.000000
6.118000,0.260777,6.229803,-4.000000
6.119000,0.266913,6.229803,-4.000000
6.120000,0.269981,5.910424,-4.000000
6.121000,0.276117,5.910424,-4.000000
6.122000,0.282252,5.419396,-4.000000
6.123000,0.285320,5.419396,-4.000000
6.124000,0.291456,5.419396,-4.000000
6.125000,0.294524,5.010593,-4.000000
6.126000,0.300660,5.010593,-4.000000
6.127000,0.303728,4.826263,-4.000000
6.128000,0.306796,4.410499,-4.000000
6.129000,0.309864,4.410499,-4.000000
6.130000,0.312932,4.410499,-4.000000
6.131000,0.319068,3.826548,-4.000000
6.132000,0.322136,3.826548,-4.000000
6.133000,0.322136,3.826548,-4.000000
6.134000,0.325204,3.826548,-4.000000
6.135000,0.328272,3.015968,-4.000000
6.136000,0.331340,3.125501,-4.000000
6.137000,0.334408,3.125501,-4.000000
6.138000,0.334408,3.125501,-4.000000
6.139000,0.337476,3.125501,-4.000000
6.140000,0.337476,2.676293,-4.000000
6.141000,0.340544,2.196315,-4.000000
6.142000,0.340544,1.861910,-4.000000
6.143000,0.343612,2.234342,-4.000000
6.144000,0.343612,2.234342,-4.000000
6.145000,0.343612,2.234342,-4.000000
6.146000,0.343612,2.234342,-4.000000
6.147000,0.343612,2.234342,-4.000000
6.148000,0.343612,2.234342,-4.000000
6.149000,0.343612,2.043756,-4.000000
6.150000,0.343612,1.750783,-4.000000
6.151000,0.343612,1.531928,-4.000000
6.152000,0.343612,1.363017,-4.000000
6.153000,0.343612,1.226142,-4.000000
6.154000,0.340544,-1.115056,-4.000000
6.155000,0.340544,-1.022211,-4.000000
6.156000,0.337476,-0.944031,-4.000000
6.157000,0.337476,-0.876082,-4.000000
6.158000,0.334408,-0.820672,-4.000000
6.159000,0.334408,-0.820672,-4.000000
6.160000,0.331340,-0.820672,-4.000000
6.161000,0.328272,-0.820672,-4.000000
6.162000,0.328272,-0.820672,-4.000000
6.163000,0.325204,-0.820672,-4.000000
6.164000,0.322136,-1.653507,-4.000000
6.165000,0.319068,-1.653507,-4.000000
6.166000,0.316000,-1.653507,-4.000000
6.167000,0.312932,-1.653507,-4.000000
6.168000,0.309864,-2.685787,-4.000000
6.169000,0.306796,-2.685787,-4.000000
6.170000,0.300660,-2.685787,-4.000000
6.171000,0.297592,-3.400228,-4.000000
6.172000,0.294524,-3.400228,-4.000000
6.173000,0.288388,-3.400228,-4.000000
6.174000,0.285320,-3.994182,-4.000000
6.175000,0.279185,-3.994182,-4.000000
6.176000,0.276117,-3.994182,-4.000000
6.177000,0.269981,-4.534445,-4.000000
6.178000,0.263845,-4.534445,-4.000000
6.179000,0.260777,-4.978970,-4.000000
6.180000,0.254641,-4.978970,-4.000000
6.181000,0.248505,-5.391717,-4.000000
6.182000,0.242369,-5.391717,-4.000000
6.183000,0.236233,-5.793769,-4.000000
6.184000,0.230097,-5.793769,-4.000000
6.185000,0.223961,-6.144842,-4.000000
6.186000,0.217825,-6.144842,-4.000000
6.187000,0.208621,-6.465057,-4.000000
6.188000,0.202485,-6.465057,-4.000000
6.189000,0.196350,-6.810966,-4.000000
6.190000,0.187146,-7.084282,-4.000000
6.191000,0.181010,-7.084282,-4.000000
6.192000,0.171806,-7.388784,-4.000000
6.193000,0.165670,-7.388784,-4.000000
6.194000,0.156466,-7.620358,-4.000000
6.195000,0.150330,-7.911578,-4.000000
6.196000,0.141126,-7.911578,-4.000000
6.197000,0.131922,-8.139778,-4.000000
6.198000,0.125786,-8.366851,-4.000000
6.199000,0.116583,-8.366851,-4.000000
6.200000,0.107379,-8.565571,-4.000000
6.201000,0.098175,-8.793345,4.000000
6.202000,0.088971,-8.983508,4.000000
6.203000,0.079767,-8.983508,4.000000
6.204000,0.073631,-8.165505,4.000000
6.205000,0.064427,-9.012188,4.000000
6.206000,0.055223,-9.012188,4.000000
6.207000,0.046019,-8.247132,4.000000
6.208000,0.039884,-8.461478,4.000000
6.209000,0.030680,-8.461478,4.000000
6.210000,0.024544,-7.670969,4.000000
6.211000,0.015340,-7.744797,4.000000
6.212000,0.009204,-7.744797,4.000000
6.213000,0.003068,-7.287199,4.000000
6.214000,-0.003068,-7.287199,4.000000
6.215000,-0.012272,-6.855780,4.000000
6.216000,-0.018408,-6.855780,4.000000
6.217000,-0.024544,-6.630693,4.000000
6.218000,-0.030680,-6.630693,4.000000
6.219000,-0.036816,-6.142962,4.000000
6.220000,-0.039884,-6.142962,4.000000
6.221000,-0.046019,-5.849927,4.000000
6.222000,-0.052155,-5.849927,4.000000
6.223000,-0.055223,-5.241392,4.000000
6.224000,-0.061359,-5.328410,4.000000
6.225000,-0.064427,-5.328410,4.000000
6.226000,-0.070563,-4.852503,4.000000
6.227000,-0.073631,-4.852503,4.000000
6.228000,-0.079767,-4.852503,4.000000
6.229000,-0.082835,-4.315480,4.000000
6.230000,-0.085903,-4.315480,4.000000
6.231000,-0.088971,-4.315480,4.000000
6.232000,-0.092039,-3.790320,4.000000
6.233000,-0.095107,-3.739137,4.000000
6.234000,-0.098175,-3.739137,4.000000
6.235000,-0.101243,-3.739137,4.000000
6.236000,-0.104311,-3.381178,4.000000
6.237000,-0.104311,-2.651501,4.000000
6.238000,-0.107379,-3.026121,4.000000
6.239000,-0.110447,-3.026121,4.000000
6.240000,-0.110447,-3.026121,4.000000
6.241000,-0.113515,-3.026121,4.000000
6.242000,-0.113515,-2.484717,4.000000
6.243000,-0.116583,-2.067984,4.000000
6.244000,-0.116583,-1.767949,4.000000
6.245000,-0.116583,-1.545251,4.000000
6.246000,-0.116583,-1.372871,4.000000
6.247000,-0.119651,-2.082111,4.000000
6.248000,-0.119651,-2.082111,4.000000
6.249000,-0.119651,-2.082111,4.000000
6.250000,-0.119651,-2.082111,4.000000
6.251000,-0.119651,-2.082111,4.000000
6.252000,-0.116583,-2.082111,4.000000
6.253000,-0.116583,1.941505,4.000000
6.254000,-0.116583,1.677077,4.000000
6.255000,-0.113515,1.476307,4.000000
6.256000,-0.113515,1.317061,4.000000
6.257000,-0.110447,1.189302,4.000000
6.258000,-0.110447,1.129864,4.000000
6.259000,-0.107379,1.129864,4.000000
6.260000,-0.107379,1.129864,4.000000
6.261000,-0.104311,1.129864,4.000000
6.262000,-0.101243,1.129864,4.000000
6.263000,-0.098175,1.355300,4.000000
6.264000,-0.098175,1.355300,4.000000
6.265000,-0.095107,1.355300,4.000000
6.266000,-0.092039,1.355300,4.000000
6.267000,-0.088971,1.355300,4.000000
6.268000,-0.082835,2.576458,4.000000
6.269000,-0.079767,2.576458,4.000000
6.270000,-0.076699,2.576458,4.000000
6.271000,-0.073631,3.323890,4.000000
6.272000,-0.067495,3.323890,4.000000
6.273000,-0.064427,3.323890,4.000000
6.274000,-0.061359,3.912904,4.000000
6.275000,-0.055223,3.912904,4.000000
6.276000,-0.049087,4.449232,4.000000
6.277000,-0.046019,4.449232,4.000000
6.278000,-0.039884,4.449232,4.000000
6.279000,-0.033748,4.909039,4.000000
6.280000,-0.030680,4.909039,4.000000
6.281000,-0.024544,5.316003,4.000000
6.282000,-0.018408,5.316003,4.000000
6.283000,-0.012272,5.732387,4.000000
6.284000,-0.006136,5.732387,4.000000
6.285000,0.000000,6.102950,4.000000
6.286000,0.006136,6.102950,4.000000
6.287000,0.015340,6.419729,4.000000
6.288000,0.021476,6.419729,4.000000
6.289000,0.027612,6.773788,4.000000
6.290000,0.036816,7.062933,4.000000
6.291000,0.042951,7.062933,4.000000
6.292000,0.042951,7.062933,4.000000
6.293000,0.058291,7.335660,4.000000
6.294000,0.067495,7.633789,4.000000
6.295000,0.073631,7.886509,4.000000
6.296000,0.082835,7.886509,4.000000
6.297000,0.092039,8.121971,4.000000
6.298000,0.098175,8.384159,4.000000
6.299000,0.107379,8.384159,4.000000
6.300000,0.116583,8.601929,4.000000
6.301000,0.125786,8.810092,-4.000000
6.302000,0.134990,9.021666,-4.000000
6.303000,0.144194,9.021666,-4.000000
6.304000,0.153398,8.274084,-4.000000
6.305000,0.153398,8.274084,-4.000000
6.306000,0.168738,8.891210,-4.000000
6.307000,0.177942,8.481377,-4.000000
6.308000,0.184078,8.548996,-4.000000
6.309000,0.193282,8.548996,-4.000000
6.310000,0.199418,7.721042,-4.000000
6.311000,0.208621,7.826710,-4.000000
6.312000,0.214757,7.826710,-4.000000
6.313000,0.220893,7.378973,-4.000000
6.314000,0.230097,7.378973,-4.000000
6.315000,0.236233,6.927647,-4.000000
6.316000,0.242369,6.927647,-4.000000
6.317000,0.248505,6.726347,-4.000000
6.318000,0.254641,6.726347,-4.000000
6.319000,0.260777,6.244817,-4.000000
6.320000,0.266913,6.244817,-4.000000
6.321000,0.269981,5.924850,-4.000000
6.322000,0.276117,5.924850,-4.000000
6.323000,0.282252,5.426252,-4.000000
6.324000,0.285320,5.426252,-4.000000
6.325000,0.291456,5.426252,-4.000000
6.326000,0.294524,5.017478,-4.000000
6.327000,0.300660,5.017478,-4.000000
6.328000,0.303728,4.683836,-4.000000
6.329000,0.306796,4.416738,-4.000000
6.330000,0.309864,4.416738,-4.000000
6.331000,0.316000,4.416738,-4.000000
6.332000,0.319068,3.834220,-4.000000
6.333000,0.322136,3.834220,-4.000000
6.334000,0.325204,3.834220,-4.000000
6.335000,0.325204,3.834220,-4.000000
6.336000,0.328272,2.948221,-4.000000
6.337000,0.331340,3.136819,-4.000000
6.338000,0.334408,3.136819,-4.000000
6.339000,0.334408,3.136819,-4.000000
6.340000,0.337476,3.136819,-4.000000
6.341000,0.337476,2.608156,-4.000000
6.342000,0.340544,2.155198,-4.000000
6.343000,0.340544,1.831532,-4.000000
6.344000,0.343612,2.248809,-4.000000
6.345000,0.343612,2.248809,-4.000000
6.346000,0.343612,2.248809,-4.000000
6.347000,0.343612,2.248809,-4.000000
6.348000,0.343612,2.248809,-4.000000
6.349000,0.343612,2.248809,-4.000000
6.350000,0.343612,1.963805,-4.000000
6.351000,0.343612,1.693723,-4.000000
6.352000,0.343612,1.488110,-4.000000
6.353000,0.343612,1.326529,-4.000000
6.354000,0.343612,1.197177,-4.000000
6.355000,0.343612,1.197177,-4.000000
6.356000,0.340544,-1.001894,-4.000000
6.357000,0.340544,-0.926163,-4.000000
6.358000,0.337476,-0.861620,-4.000000
6.359000,0.337476,-0.804747,-4.000000
6.360000,0.334408,-0.796355,-4.000000
6.361000,0.331340,-0.796355,-4.000000
6.362000,0.331340,-0.796355,-4.000000
6.363000,0.328272,-0.796355,-4.000000
6.364000,0.325204,-0.796355,-4.000000
6.365000,0.322136,-1.680893,-4.000000
6.366000,0.319068,-1.680893,-4.000000
6.367000,0.316000,-1.680893,-4.000000
6.368000,0.312932,-1.680893,-4.000000
6.369000,0.309864,-2.694181,-4.000000
6.370000,0.306796,-2.694181,-4.000000
6.371000,0.303728,-2.694181,-4.000000
6.372000,0.297592,-3.410096,-4.000000
6.373000,0.294524,-3.410096,-4.000000
6.374000,0.288388,-3.410096,-4.000000
6.375000,0.285320,-4.002777,-4.000000
6.376000,0.282252,-4.002777,-4.000000
6.377000,0.276117,-4.002777,-4.000000
6.378000,0.269981,-4.538475,-4.000000
6.379000,0.266913,-4.538475,-4.000000
6.380000,0.260777,-4.991148,-4.000000
6.381000,0.254641,-4.991148,-4.000000
6.382000,0.248505,-5.399096,-4.000000
6.383000,0.242369,-5.399096,-4.000000
6.384000,0.236233,-5.811107,-4.000000
6.385000,0.230097,-5.811107,-4.000000
6.386000,0.223961,-6.160007,-4.000000
6.387000,0.217825,-6.160007,-4.000000
6.388000,0.211689,-6.491085,-4.000000
6.389000,0.202485,-6.491085,-4.000000
6.390000,0.196350,-6.836313,-4.000000
6.391000,0.190214,-6.836313,-4.000000
6.392000,0.181010,-7.117782,-4.000000
6.393000,0.174874,-7.426106,-4.000000
6.394000,0.165670,-7.426106,-4.000000
6.395000,0.159534,-7.662255,-4.000000
6.396000,0.150330,-7.961121,-4.000000
6.397000,0.141126,-7.961121,-4.000000
6.398000,0.134990,-8.197778,-4.000000
6.399000,0.125786,-8.425572,-4.000000
6.400000,0.116583,-8.425572,4.000000
6.401000,0.107379,-8.637245,4.000000
6.402000,0.098175,-8.836436,4.000000
6.403000,0.092039,-8.836436,4.000000
6.404000,0.082835,-7.750708,4.000000
6.405000,0.073631,-8.840149,4.000000
6.406000,0.067495,-8.694872,4.000000
6.407000,0.058291,-8.031678,4.000000
6.408000,0.052155,-7.992302,4.000000
6.409000,0.042951,-7.992302,4.000000
6.410000,0.036816,-7.435605,4.000000
6.411000,0.030680,-7.318283,4.000000
6.412000,0.021476,-7.398683,4.000000
6.413000,0.015340,-6.947857,4.000000
6.414000,0.009204,-6.947857,4.000000
6.415000,0.003068,-6.623734,4.000000
6.416000,-0.003068,-6.623734,4.000000
6.417000,-0.009204,-6.213812,4.000000
6.418000,-0.015340,-6.213812,4.000000
6.419000,-0.021476,-5.852135,4.000000
6.420000,-0.024544,-5.852135,4.000000
6.421000,-0.030680,-5.852135,4.000000
6.422000,-0.036816,-5.341746,4.000000
6.423000,-0.039884,-5.341746,4.000000
6.424000,-0.046019,-4.966181,4.000000
6.425000,-0.049087,-4.966181,4.000000
6.426000,-0.052155,-4.966181,4.000000
6.427000,-0.058291,-4.381846,4.000000
6.428000,-0.061359,-4.381846,4.000000
6.429000,-0.064427,-4.381846,4.000000
6.430000,-0.067495,-4.029005,4.000000
6.431000,-0.070563,-3.800575,4.000000
6.432000,-0.073631,-3.800575,4.000000
6.433000,-0.076699,-3.800575,4.000000
6.434000,-0.079767,-3.491127,4.000000
6.435000,-0.082835,-2.717708,4.000000
6.436000,-0.082835,-3.116802,4.000000
6.437000,-0.085903,-3.116802,4.000000
6.438000,-0.085903,-3.116802,4.000000
6.439000,-0.088971,-3.089567,4.000000
6.440000,-0.092039,-2.465037,4.000000
6.441000,-0.092039,-2.052558,4.000000
6.442000,-0.092039,-1.760477,4.000000
6.443000,-0.095107,-2.243550,4.000000
6.444000,-0.095107,-2.243550,4.000000
6.445000,-0.095107,-2.243550,4.000000
6.446000,-0.095107,-2.243550,4.000000
6.447000,-0.095107,-2.243550,4.000000
6.448000,-0.095107,-2.228088,4.000000
6.449000,-0.095107,-1.884847,4.000000
6.450000,-0.095107,-1.633158,4.000000
6.451000,-0.095107,-1.441756,4.000000
6.452000,-0.095107,-1.289709,4.000000
6.453000,-0.095107,-1.167319,4.000000
6.454000,-0.092039,1.066029,4.000000
6.455000,-0.092039,0.980914,4.000000
6.456000,-0.092039,0.908023,4.000000
6.457000,-0.088971,0.845365,4.000000
6.458000,-0.085903,0.788445,4.000000
6.459000,-0.085903,0.788445,4.000000
6.460000,-0.082835,0.788445,4.000000
6.461000,-0.079767,0.788445,4.000000
6.462000,-0.079767,0.788445,4.000000
6.463000,-0.076699,0.788445,4.000000
6.464000,-0.073631,1.669406,4.000000
6.465000,-0.070563,1.669406,4.000000
6.466000,-0.067495,1.669406,4.000000
6.467000,-0.064427,1.669406,4.000000
6.468000,-0.061359,2.669671,4.000000
6.469000,-0.058291,2.669671,4.000000
6.470000,-0.055223,2.669671,4.000000
6.471000,-0.049087,3.392303,4.000000
6.472000,-0.046019,3.392303,4.000000
6.473000,-0.042951,3.392303,4.000000
6.474000,-0.036816,3.984689,4.000000
6.475000,-0.033748,3.984689,4.000000
6.476000,-0.027612,3.984689,4.000000
6.477000,-0.021476,4.485233,4.000000
6.478000,-0.018408,4.485233,4.000000
6.479000,-0.012272,4.957654,4.000000
6.480000,-0.006136,4.957654,4.000000
6.481000,0.000000,5.375545,4.000000
6.482000,0.006136,5.375545,4.000000
6.483000,0.012272,5.734880,4.000000
6.484000,0.018408,5.734880,4.000000
6.485000,0.024544,6.120028,4.000000
6.486000,0.030680,6.120028,4.000000
6.487000,0.036816,6.429913,4.000000
6.488000,0.042951,6.429913,4.000000
6.489000,0.042951,6.429913,4.000000
6.490000,0.058291,6.747871,4.000000
6.491000,0.064427,7.044632,4.000000
6.492000,0.073631,7.323864,4.000000
6.493000,0.079767,7.323864,4.000000
6.494000,0.088971,7.581714,4.000000
6.495000,0.098175,7.581714,4.000000
6.496000,0.104311,7.839000,4.000000
6.497000,0.113515,8.081780,4.000000
6.498000,0.122718,8.302540,4.000000
6.499000,0.128854,8.302540,4.000000
6.500000,0.138058,8.508165,4.000000
6.501000,0.147262,8.730095,-4.000000
6.502000,0.156466,8.730095,-4.000000
6.503000,0.162602,8.908332,-4.000000
6.504000,0.171806,8.001349,-4.000000
6.505000,0.181010,8.001349,-4.000000
6.506000,0.190214,8.390209,-4.000000
6.507000,0.196350,8.645951,-4.000000
6.508000,0.205553,8.645951,-4.000000
6.509000,0.211689,7.712214,-4.000000
6.510000,0.220893,7.795154,-4.000000
6.511000,0.220893,7.795154,-4.000000
6.512000,0.233165,7.398373,-4.000000
6.513000,0.242369,7.398373,-4.000000
6.514000,0.248505,6.840123,-4.000000
6.515000,0.254641,6.840123,-4.000000
6.516000,0.260777,6.692974,-4.000000
6.517000,0.266913,6.692974,-4.000000
6.518000,0.273049,6.269943,-4.000000
6.519000,0.279185,6.269943,-4.000000
6.520000,0.282252,5.860092,-4.000000
6.521000,0.288388,5.860092,-4.000000
6.522000,0.294524,5.402100,-4.000000
6.523000,0.297592,5.402100,-4.000000
6.524000,0.303728,5.402100,-4.000000
6.525000,0.306796,4.953957,-4.000000
6.526000,0.312932,4.953957,-4.000000
6.527000,0.316000,4.849494,-4.000000
6.528000,0.319068,4.386087,-4.000000
6.529000,0.322136,4.386087,-4.000000
6.530000,0.325204,4.386087,-4.000000
6.531000,0.331340,3.473860,-4.000000
6.532000,0.331340,3.807716,-4.000000
6.533000,0.334408,3.807716,-4.000000
6.534000,0.337476,3.807716,-4.000000
6.535000,0.340544,3.069976,-4.000000
6.536000,0.343612,3.083013,-4.000000
6.537000,0.343612,3.083013,-4.000000
6.538000,0.346680,3.083013,-4.000000
6.539000,0.349748,3.083013,-4.000000
6.540000,0.349748,2.778566,-4.000000
6.541000,0.352816,2.267188,-4.000000
6.542000,0.352816,1.914194,-4.000000
6.543000,0.352816,1.654315,-4.000000
6.544000,0.355884,2.179848,-4.000000
6.545000,0.355884,2.179848,-4.000000
6.546000,0.355884,2.179848,-4.000000
6.547000,0.355884,2.179848,-4.000000
6.548000,0.355884,2.179848,-4.000000
6.549000,0.355884,2.179848,-4.000000
6.550000,0.355884,1.916415,-4.000000
6.551000,0.355884,1.658604,-4.000000
6.552000,0.355884,1.460178,-4.000000
6.553000,0.352816,-1.304442,-4.000000
6.554000,0.352816,-1.179946,-4.000000
6.555000,0.352816,-1.076090,-4.000000
6.556000,0.349748,-0.989338,-4.000000
6.557000,0.349748,-0.915328,-4.000000
6.558000,0.346680,-0.864937,-4.000000
6.559000,0.346680,-0.864937,-4.000000
6.560000,0.343612,-0.864937,-4.000000
6.561000,0.340544,-0.864937,-4.000000
6.562000,0.337476,-0.864937,-4.000000
6.563000,0.337476,-0.864937,-4.000000
6.564000,0.334408,-1.575670,-4.000000
6.565000,0.331340,-1.575670,-4.000000
6.566000,0.328272,-1.575670,-4.000000
6.567000,0.325204,-1.575670,-4.000000
6.568000,0.322136,-2.652289,-4.000000
6.569000,0.319068,-2.652289,-4.000000
6.570000,0.312932,-2.652289,-4.000000
6.571000,0.309864,-3.376372,-4.000000
6.572000,0.306796,-3.376372,-4.000000
6.573000,0.300660,-3.376372,-4.000000
6.574000,0.297592,-3.978105,-4.000000
6.575000,0.291456,-3.978105,-4.000000
6.576000,0.288388,-3.978105,-4.000000
6.577000,0.282252,-4.515374,-4.000000
6.578000,0.276117,-4.515374,-4.000000
6.579000,0.269981,-4.970427,-4.000000
6.580000,0.266913,-4.970427,-4.000000
6.581000,0.260777,-5.408880,-4.000000
6.582000,0.254641,-5.408880,-4.000000
6.583000,0.248505,-5.769104,-4.000000
6.584000,0.242369,-5.769104,-4.000000
6.585000,0.236233,-6.172487,-4.000000
6.586000,0.227029,-6.172487,-4.000000
6.587000,0.220893,-6.482703,-4.000000
6.588000,0.214757,-6.482703,-4.000000
6.589000,0.208621,-6.812173,-4.000000
6.590000,0.199418,-7.128175,-4.000000
6.591000,0.193282,-7.128175,-4.000000
6.592000,0.184078,-7.392988,-4.000000
6.593000,0.177942,-7.392988,-4.000000
6.594000,0.168738,-7.687588,-4.000000
6.595000,0.159534,-7.919946,-4.000000
6.596000,0.153398,-7.919946,-4.000000
6.597000,0.144194,-8.179640,-4.000000
6.598000,0.134990,-8.436514,-4.000000
6.599000,0.125786,-8.610311,-4.000000
6.600000,0.116583,-8.610311,4.000000
6.601000,0.110447,-8.848826,4.000000
6.602000,0.101243,-8.052466,4.000000
6.603000,0.092039,-8.052466,4.000000
6.604000,0.082835,-8.983599,4.000000
6.605000,0.076699,-8.565488,4.000000
6.606000,0.067495,-8.565488,4.000000
6.607000,0.061359,-8.129069,4.000000
6.608000,0.052155,-7.961479,4.000000
6.609000,0.046019,-7.961479,4.000000
6.610000,0.036816,-7.659465,4.000000
6.611000,0.030680,-7.659465,4.000000
6.612000,0.024544,-7.267241,4.000000
6.613000,0.015340,-6.980131,4.000000
6.614000,0.009204,-6.980131,4.000000
6.615000,0.003068,-6.716479,4.000000
6.616000,-0.003068,-6.716479,4.000000
6.617000,-0.009204,-6.223396,4.000000
6.618000,-0.015340,-6.223396,4.000000
6.619000,-0.018408,-5.827433,4.000000
6.620000,-0.024544,-5.864137,4.000000
6.621000,-0.030680,-5.864137,4.000000
6.622000,-0.033748,-5.363634,4.000000
6.623000,-0.039884,-5.363634,4.000000
6.624000,-0.042951,-4.791636,4.000000
6.625000,-0.049087,-4.985712,4.000000
6.626000,-0.052155,-4.985712,4.000000
6.627000,-0.055223,-4.171339,4.000000
6.628000,-0.061359,-4.396301,4.000000
6.629000,-0.064427,-4.396301,4.000000
6.630000,-0.067495,-4.142784,4.000000
6.631000,-0.070563,-3.793884,4.000000
6.632000,-0.073631,-3.793884,4.000000
6.633000,-0.076699,-3.793884,4.000000
6.634000,-0.079767,-3.553809,4.000000
6.635000,-0.079767,-2.754889,4.000000
6.636000,-0.082835,-3.133604,4.000000
6.637000,-0.085903,-3.133604,4.000000
6.638000,-0.085903,-3.133604,4.000000
6.639000,-0.088971,-3.109497,4.000000
6.640000,-0.092039,-2.478764,4.000000
6.641000,-0.092039,-2.062548,4.000000
6.642000,-0.092039,-1.765659,4.000000
6.643000,-0.095107,-2.266711,4.000000
6.644000,-0.095107,-2.266711,4.000000
6.645000,-0.095107,-2.266711,4.000000
6.646000,-0.095107,-2.266711,4.000000
6.647000,-0.095107,-2.266711,4.000000
6.648000,-0.095107,-2.180203,4.000000
6.649000,-0.095107,-1.852405,4.000000
6.650000,-0.095107,-1.610211,4.000000
6.651000,-0.095107,-1.423160,4.000000
6.652000,-0.095107,-1.275032,4.000000
6.653000,-0.095107,-1.154456,4.000000
6.654000,-0.095107,-1.055180,4.000000
6.655000,-0.092039,0.972277,4.000000
6.656000,-0.092039,0.900356,4.000000
6.657000,-0.088971,0.839122,4.000000
6.658000,-0.088971,0.785423,4.000000
6.659000,-0.085903,0.760387,4.000000
6.660000,-0.085903,0.760387,4.000000
6.661000,-0.082835,0.760387,4.000000
6.662000,-0.079767,0.760387,4.000000
6.663000,-0.076699,0.760387,4.000000
6.664000,-0.073631,1.699434,4.000000
6.665000,-0.070563,1.699434,4.000000
6.666000,-0.070563,1.699434,4.000000
6.667000,-0.067495,1.699434,4.000000
6.668000,-0.061359,2.677615,4.000000
6.669000,-0.058291,2.677615,4.000000
6.670000,-0.055223,2.677615,4.000000
6.671000,-0.052155,2.677615,4.000000
6.672000,-0.046019,3.402545,4.000000
6.673000,-0.042951,3.402545,4.000000
6.674000,-0.039884,3.402545,4.000000
6.675000,-0.033748,3.987548,4.000000
6.676000,-0.030680,3.987548,4.000000
6.677000,-0.024544,4.481502,4.000000
6.678000,-0.018408,4.481502,4.000000
6.679000,-0.015340,4.481502,4.000000
6.680000,-0.009204,4.960075,4.000000
6.681000,-0.003068,4.960075,4.000000
6.682000,0.003068,5.375251,4.000000
6.683000,0.009204,5.375251,4.000000
6.684000,0.015340,5.745769,4.000000
6.685000,0.015340,5.745769,4.000000
6.686000,0.027612,6.133197,4.000000
6.687000,0.033748,6.133197,4.000000
6.688000,0.039884,6.454573,4.000000
6.689000,0.049087,6.776386,4.000000
6.690000,0.055223,6.776386,4.000000
6.691000,0.061359,7.076736,4.000000
6.692000,0.070563,7.076736,4.000000
6.693000,0.076699,7.373615,4.000000
6.694000,0.085903,7.631416,4.000000
6.695000,0.095107,7.631416,4.000000
6.696000,0.101243,7.902097,4.000000
6.697000,0.110447,8.156610,4.000000
6.698000,0.119651,8.156610,4.000000
6.699000,0.128854,8.387183,4.000000
6.700000,0.134990,8.609976,4.000000
6.701000,0.144194,8.609976,-4.000000
6.702000,0.153398,8.843335,-4.000000
6.703000,0.162602,9.033472,-4.000000
6.704000,0.162602,9.033472,-4.000000
6.705000,0.177942,7.931606,-4.000000
6.706000,0.187146,8.813256,-4.000000
6.707000,0.196350,8.465045,-4.000000
6.708000,0.202485,8.465045,-4.000000
6.709000,0.211689,8.017248,-4.000000
6.710000,0.220893,7.837679,-4.000000
6.711000,0.227029,7.837679,-4.000000
6.712000,0.233165,7.640721,-4.000000
6.713000,0.239301,7.640721,-4.000000
6.714000,0.239301,7.640721,-4.000000
6.715000,0.254641,7.002980,-4.000000
6.716000,0.260777,6.896610,-4.000000
6.717000,0.266913,6.896610,-4.000000
6.718000,0.273049,6.505709,-4.000000
6.719000,0.273049,6.505709,-4.000000
6.720000,0.285320,6.090036,-4.000000
6.721000,0.285320,6.090036,-4.000000
6.722000,0.294524,5.648288,-4.000000
6.723000,0.294524,5.648288,-4.000000
6.724000,0.303728,5.099193,-4.000000
6.725000,0.309864,5.217745,-4.000000
6.726000,0.312932,5.217745,-4.000000
6.727000,0.319068,4.719638,-4.000000
6.728000,0.322136,4.719638,-4.000000
6.729000,0.325204,4.719638,-4.000000
6.730000,0.331340,4.174945,-4.000000
6.731000,0.334408,4.174945,-4.000000
6.732000,0.337476,4.174945,-4.000000
6.733000,0.340544,4.081187,-4.000000
6.734000,0.343612,3.479675,-4.000000
6.735000,0.343612,3.479675,-4.000000
6.736000,0.346680,3.479675,-4.000000
6.737000,0.349748,3.479675,-4.000000
6.738000,0.349748,3.479675,-4.000000
6.739000,0.352816,2.981307,-4.000000
6.740000,0.355884,2.735046,-4.000000
6.741000,0.355884,2.735046,-4.000000
6.742000,0.358952,2.735046,-4.000000
6.743000,0.358952,2.735046,-4.000000
6.744000,0.362019,2.613255,-4.000000
6.745000,0.362019,2.153596,-4.000000
6.746000,0.362019,1.832994,-4.000000
6.747000,0.362019,1.594425,-4.000000
6.748000,0.362019,1.411488,-4.000000
6.749000,0.362019,1.411488,-4.000000
6.750000,0.362019,1.147333,-4.000000
6.751000,0.362019,1.048582,-4.000000
6.752000,0.362019,0.966185,-4.000000
6.753000,0.362019,0.895841,-4.000000
6.754000,0.362019,0.834681,-4.000000
6.755000,0.358952,1.627515,-4.000000
6.756000,0.358952,1.627515,-4.000000
6.757000,0.355884,1.627515,-4.000000
6.758000,0.355884,1.627515,-4.000000
6.759000,0.352816,1.627515,-4.000000
6.760000,0.352816,1.627515,-4.000000
6.761000,0.349748,1.627515,-4.000000
6.762000,0.346680,-0.815052,-4.000000
6.763000,0.346680,-0.815052,-4.000000
6.764000,0.343612,-0.815052,-4.000000
6.765000,0.340544,-0.815052,-4.000000
6.766000,0.337476,-0.815052,-4.000000
6.767000,0.337476,-2.260847,-4.000000
6.768000,0.331340,-2.260847,-4.000000
6.769000,0.328272,-2.260847,-4.000000
6.770000,0.325204,-2.260847,-4.000000
6.771000,0.319068,-3.085467,-4.000000
6.772000,0.316000,-3.085467,-4.000000
6.773000,0.316000,-3.085467,-4.000000
6.774000,0.306796,-3.742573,-4.000000
6.775000,0.303728,-3.742573,-4.000000
6.776000,0.297592,-4.286921,-4.000000
6.777000,0.294524,-4.286921,-4.000000
6.778000,0.288388,-4.286921,-4.000000
6.779000,0.282252,-4.762606,-4.000000
6.780000,0.276117,-4.762606,-4.000000
6.781000,0.276117,-4.762606,-4.000000
6.782000,0.273049,-5.232360,-4.000000
6.783000,0.260777,-5.599889,-4.000000
6.784000,0.254641,-5.599889,-4.000000
6.785000,0.248505,-5.983388,-4.000000
6.786000,0.242369,-5.983388,-4.000000
6.787000,0.233165,-6.316379,-4.000000
6.788000,0.233165,-6.316379,-4.000000
6.789000,0.227029,-6.316379,-4.000000
6.790000,0.214757,-6.650306,-4.000000
6.791000,0.205553,-6.933301,-4.000000
6.792000,0.199418,-7.242282,-4.000000
6.793000,0.190214,-7.242282,-4.000000
6.794000,0.184078,-7.515165,-4.000000
6.795000,0.174874,-7.751252,-4.000000
6.796000,0.168738,-7.751252,-4.000000
6.797000,0.168738,-8.010198,-4.000000
6.798000,0.150330,-8.240286,-4.000000
6.799000,0.141126,-8.240286,-4.000000
6.800000,0.134990,-8.467966,-4.000000
6.801000,0.125786,-8.641216,4.000000
6.802000,0.125786,-8.641216,4.000000
6.803000,0.107379,-8.873352,4.000000
6.804000,0.098175,-8.149914,4.000000
6.805000,0.092039,-8.149914,4.000000
6.806000,0.082835,-8.195269,4.000000
6.807000,0.073631,-8.680436,4.000000
6.808000,0.067495,-8.680436,4.000000
6.809000,0.058291,-7.709455,4.000000
6.810000,0.052155,-7.773825,4.000000
6.811000,0.046019,-7.773825,4.000000
6.812000,0.036816,-7.322893,4.000000
6.813000,0.030680,-7.322893,4.000000
6.814000,0.030680,-7.322893,4.000000
6.815000,0.018408,-6.891231,4.000000
6.816000,0.012272,-6.672453,4.000000
6.817000,0.006136,-6.672453,4.000000
6.818000,0.000000,-6.264742,4.000000
6.819000,-0.006136,-6.264742,4.000000
6.820000,-0.012272,-5.853764,4.000000
6.821000,-0.015340,-5.853764,4.000000
6.822000,-0.021476,-5.470329,4.000000
6.823000,-0.024544,-5.470329,4.000000
6.824000,-0.030680,-5.470329,4.000000
6.825000,-0.033748,-4.888533,4.000000
6.826000,-0.039884,-4.888533,4.000000
6.827000,-0.042951,-4.717295,4.000000
6.828000,-0.046019,-4.426474,4.000000
6.829000,-0.049087,-4.426474,4.000000
6.830000,-0.055223,-4.426474,4.000000
6.831000,-0.058291,-3.836967,4.000000
6.832000,-0.061359,-3.836967,4.000000
6.833000,-0.064427,-3.836967,4.000000
6.834000,-0.064427,-3.836967,4.000000
6.835000,-0.067495,-2.986083,4.000000
6.836000,-0.070563,-3.127504,4.000000
6.837000,-0.073631,-3.127504,4.000000
6.838000,-0.073631,-3.127504,4.000000
6.839000,-0.076699,-3.127504,4.000000
6.840000,-0.076699,-2.627125,4.000000
6.841000,-0.079767,-2.167102,4.000000
6.842000,-0.079767,-1.840321,4.000000
6.843000,-0.082835,-2.292559,4.000000
6.844000,-0.082835,-2.292559,4.000000
6.845000,-0.082835,-2.292559,4.000000
6.846000,-0.082835,-2.292559,4.000000
6.847000,-0.085903,-2.292559,4.000000
6.848000,-0.085903,-2.251021,4.000000
6.849000,-0.085903,-1.902923,4.000000
6.850000,-0.085903,-1.647040,4.000000
6.851000,-0.085903,-1.452779,4.000000
6.852000,-0.082835,1.298839,4.000000
6.853000,-0.082835,1.174713,4.000000
6.854000,-0.082835,1.072223,4.000000
6.855000,-0.082835,0.985894,4.000000
6.856000,-0.079767,0.912657,4.000000
6.857000,-0.079767,0.849448,4.000000
6.858000,-0.076699,0.794512,4.000000
6.859000,-0.076699,0.746038,4.000000
6.860000,-0.073631,0.736453,4.000000
6.861000,-0.070563,0.736453,4.000000
6.862000,-0.070563,0.736453,4.000000
6.863000,-0.067495,0.736453,4.000000
6.864000,-0.064427,0.736453,4.000000
6.865000,-0.061359,1.727159,4.000000
6.866000,-0.058291,1.727159,4.000000
6.867000,-0.055223,1.727159,4.000000
6.868000,-0.052155,1.727159,4.000000
6.869000,-0.049087,2.710754,4.000000
6.870000,-0.046019,2.710754,4.000000
6.871000,-0.042951,2.710754,4.000000
6.872000,-0.036816,3.420869,4.000000
6.873000,-0.033748,3.420869,4.000000
6.874000,-0.030680,3.420869,4.000000
6.875000,-0.024544,3.983629,4.000000
6.876000,-0.021476,3.983629,4.000000
6.877000,-0.015340,3.983629,4.000000
6.878000,-0.009204,4.522863,4.000000
6.879000,-0.006136,4.522863,4.000000
6.880000,0.000000,4.966069,4.000000
6.881000,0.006136,4.966069,4.000000
6.882000,0.012272,5.380226,4.000000
6.883000,0.018408,5.380226,4.000000
6.884000,0.024544,5.787773,4.000000
6.885000,0.030680,5.787773,4.000000
6.886000,0.036816,6.151130,4.000000
6.887000,0.042951,6.151130,4.000000
6.888000,0.049087,6.472540,4.000000
6.889000,0.055223,6.472540,4.000000
6.890000,0.064427,6.818376,4.000000
6.891000,0.070563,6.818376,4.000000
6.892000,0.079767,7.100679,4.000000
6.893000,0.085903,7.385696,4.000000
6.894000,0.095107,7.385696,4.000000
6.895000,0.101243,7.681239,4.000000
6.896000,0.110447,7.925345,4.000000
6.897000,0.119651,7.925345,4.000000
6.898000,0.125786,8.182974,4.000000
6.899000,0.134990,8.423404,4.000000
6.900000,0.144194,8.423404,4.000000
6.901000,0.153398,8.653148,-4.000000
6.902000,0.159534,8.868454,-4.000000
6.903000,0.168738,8.451038,-4.000000
6.904000,0.177942,8.058709,-4.000000
6.905000,0.187146,9.122260,-4.000000
6.906000,0.196350,8.202725,-4.000000
6.907000,0.202485,8.202725,-4.000000
6.908000,0.211689,8.410495,-4.000000
6.909000,0.217825,8.239210,-4.000000
6.910000,0.227029,7.667508,-4.000000
6.911000,0.233165,7.783412,-4.000000
6.912000,0.239301,7.783412,-4.000000
6.913000,0.248505,7.250424,-4.000000
6.914000,0.254641,7.250424,-4.000000
6.915000,0.260777,6.857430,-4.000000
6.916000,0.266913,6.857430,-4.000000
6.917000,0.273049,6.652860,-4.000000
6.918000,0.279185,6.652860,-4.000000
6.919000,0.285320,6.175420,-4.000000
6.920000,0.291456,6.175420,-4.000000
6.921000,0.297592,5.857373,-4.000000
6.922000,0.300660,5.857373,-4.000000
6.923000,0.306796,5.346918,-4.000000
6.924000,0.309864,5.346918,-4.000000
6.925000,0.316000,5.346918,-4.000000
6.926000,0.319068,4.946663,-4.000000
6.927000,0.325204,4.946663,-4.000000
6.928000,0.328272,4.761733,-4.000000
6.929000,0.331340,4.345362,-4.000000
6.930000,0.334408,4.345362,-4.000000
6.931000,0.337476,4.345362,-4.000000
6.932000,0.340544,3.426042,-4.000000
6.933000,0.343612,3.709405,-4.000000
6.934000,0.346680,3.709405,-4.000000
6.935000,0.349748,3.709405,-4.000000
6.936000,0.352816,3.097398,-4.000000
6.937000,0.355884,3.014177,-4.000000
6.938000,0.355884,3.014177,-4.000000
6.939000,0.358952,3.014177,-4.000000
6.940000,0.358952,3.014177,-4.000000
6.941000,0.362019,2.884929,-4.000000
6.942000,0.362019,2.339066,-4.000000
6.943000,0.365087,1.960568,-4.000000
6.944000,0.365087,1.691560,-4.000000
6.945000,0.365087,1.486991,-4.000000
6.946000,0.365087,1.325961,-4.000000
6.947000,0.368155,2.093993,-4.000000
6.948000,0.368155,2.093993,-4.000000
6.949000,0.368155,2.093993,-4.000000
6.950000,0.368155,2.093993,-4.000000
6.951000,0.368155,2.093993,-4.000000
6.952000,0.365087,-2.060864,-4.000000
6.953000,0.365087,-1.763080,-4.000000
6.954000,0.365087,-1.541170,-4.000000
6.955000,0.362019,-1.369496,-4.000000
6.956000,0.362019,-1.231833,-4.000000
6.957000,0.362019,-1.119639,-4.000000
6.958000,0.358952,-1.068119,-4.000000
6.959000,0.355884,-1.068119,-4.000000
6.960000,0.355884,-1.068119,-4.000000
6.961000,0.352816,-1.068119,-4.000000
6.962000,0.349748,-1.068119,-4.000000
6.963000,0.349748,-1.068119,-4.000000
6.964000,0.346680,-1.368811,-4.000000
6.965000,0.343612,-1.368811,-4.000000
6.966000,0.340544,-1.368811,-4.000000
6.967000,0.337476,-1.368811,-4.000000
6.968000,0.334408,-2.566899,-4.000000
6.969000,0.331340,-2.566899,-4.000000
6.970000,0.325204,-2.566899,-4.000000
6.971000,0.322136,-3.311718,-4.000000
6.972000,0.319068,-3.311718,-4.000000
6.973000,0.312932,-3.311718,-4.000000
6.974000,0.309864,-3.928562,-4.000000
6.975000,0.303728,-3.928562,-4.000000
6.976000,0.300660,-3.928562,-4.000000
6.977000,0.294524,-4.459517,-4.000000
6.978000,0.288388,-4.459517,-4.000000
6.979000,0.285320,-4.911658,-4.000000
6.980000,0.279185,-4.911658,-4.000000
6.981000,0.273049,-5.364611,-4.000000
6.982000,0.266913,-5.364611,-4.000000
6.983000,0.260777,-5.725441,-4.000000
6.984000,0.254641,-5.725441,-4.000000
6.985000,0.248505,-6.095162,-4.000000
6.986000,0.242369,-6.095162,-4.000000
6.987000,0.236233,-6.422202,-4.000000
6.988000,0.230097,-6.422202,-4.000000
6.989000,0.220893,-6.753028,-4.000000
6.990000,0.214757,-6.753028,-4.000000
6.991000,0.208621,-7.023241,-4.000000
6.992000,0.199418,-7.336696,-4.000000
6.993000,0.193282,-7.336696,-4.000000
6.994000,0.184078,-7.606189,-4.000000
6.995000,0.174874,-7.834482,-4.000000
6.996000,0.168738,-7.834482,-4.000000
6.997000,0.159534,-8.101565,-4.000000
6.998000,0.150330,-8.316842,-4.000000
6.999000,0.141126,-8.316842,-4.000000
7.000000,0.134990,-8.551727,-4.000000
7.001000,0.125786,-8.722856,4.000000
7.002000,0.116583,-8.722856,4.000000
7.003000,0.107379,-8.950746,4.000000
7.004000,0.098175,-8.225251,4.000000
7.005000,0.092039,-8.225251,4.000000
7.006000,0.082835,-8.266189,4.000000
7.007000,0.073631,-8.765865,4.000000
7.008000,0.067495,-8.628810,4.000000
7.009000,0.058291,-7.823730,4.000000
7.010000,0.052155,-7.880601,4.000000
7.011000,0.042951,-7.880601,4.000000
7.012000,0.036816,-7.370970,4.000000
7.013000,0.030680,-7.370970,4.000000
7.014000,0.024544,-7.029164,4.000000
7.015000,0.018408,-6.875358,4.000000
7.016000,0.012272,-6.822061,4.000000
7.017000,0.006136,-6.338991,4.000000
7.018000,0.000000,-6.408879,4.000000
7.019000,-0.006136,-6.269009,4.000000
7.020000,-0.012272,-5.955119,4.000000
7.021000,-0.018408,-5.955119,4.000000
7.022000,-0.021476,-5.587495,4.000000
7.023000,-0.027612,-5.587495,4.000000
7.024000,-0.033748,-5.096076,4.000000
7.025000,-0.036816,-5.096076,4.000000
7.026000,-0.039884,-5.096076,4.000000
7.027000,-0.046019,-4.595958,4.000000
7.028000,-0.049087,-4.595958,4.000000
7.029000,-0.052155,-4.595958,4.000000
7.030000,-0.055223,-3.866214,4.000000
7.031000,-0.058291,-4.049409,4.000000
7.032000,-0.061359,-4.049409,4.000000
7.033000,-0.064427,-4.049409,4.000000
7.034000,-0.067495,-3.169564,4.000000
7.035000,-0.070563,-3.355357,4.000000
7.036000,-0.073631,-3.355357,4.000000
7.037000,-0.076699,-3.355357,4.000000
7.038000,-0.076699,-3.195701,4.000000
7.039000,-0.079767,-2.536867,4.000000
7.040000,-0.082835,-2.617242,4.000000
7.041000,-0.082835,-2.617242,4.000000
7.042000,-0.085903,-2.617242,4.000000
7.043000,-0.085903,-2.617242,4.000000
7.044000,-0.085903,-2.617242,4.000000
7.045000,-0.085903,-2.430811,4.000000
7.046000,-0.088971,-2.028484,4.000000
7.047000,-0.088971,-1.740657,4.000000
7.048000,-0.088971,-1.526035,4.000000
7.049000,-0.088971,-1.356357,4.000000
7.050000,-0.088971,-1.221716,4.000000
7.051000,-0.088971,-1.111070,4.000000
7.052000,-0.088971,-1.018329,4.000000
7.053000,-0.088971,-0.940903,4.000000
7.054000,-0.085903,-1.413622,4.000000
7.055000,-0.085903,-1.413622,4.000000
7.056000,-0.085903,-1.413622,4.000000
7.057000,-0.082835,-1.413622,4.000000
7.058000,-0.082835,-1.413622,4.000000
7.059000,-0.079767,-1.413622,4.000000
7.060000,-0.079767,-1.413622,4.000000
7.061000,-0.076699,-1.413622,4.000000
7.062000,-0.073631,0.943032,4.000000
7.063000,-0.073631,0.943032,4.000000
7.064000,-0.070563,0.943032,4.000000
7.065000,-0.067495,0.943032,4.000000
7.066000,-0.064427,0.943032,4.000000
7.067000,-0.061359,2.111578,4.000000
7.068000,-0.058291,2.111578,4.000000
7.069000,-0.055223,2.111578,4.000000
7.070000,-0.052155,2.111578,4.000000
7.071000,-0.046019,2.978222,4.000000
7.072000,-0.042951,2.978222,4.000000
7.073000,-0.039884,2.978222,4.000000
7.074000,-0.033748,3.642173,4.000000
7.075000,-0.030680,3.642173,4.000000
7.076000,-0.024544,3.642173,4.000000
7.077000,-0.021476,4.173466,4.000000
7.078000,-0.015340,4.173466,4.000000
7.079000,-0.012272,4.682967,4.000000
7.080000,-0.006136,4.682967,4.000000
7.081000,0.000000,5.130251,4.000000
7.082000,0.006136,5.130251,4.000000
7.083000,0.012272,5.510861,4.000000
7.084000,0.018408,5.510861,4.000000
7.085000,0.024544,5.931532,4.000000
7.086000,0.030680,5.931532,4.000000
7.087000,0.036816,6.254719,4.000000
7.088000,0.042951,6.254719,4.000000
7.089000,0.049087,6.592057,4.000000
7.090000,0.055223,6.592057,4.000000
7.091000,0.064427,6.909553,4.000000
7.092000,0.070563,6.909553,4.000000
7.093000,0.079767,7.192584,4.000000
7.094000,0.085903,7.477324,4.000000
7.095000,0.095107,7.477324,4.000000
7.096000,0.101243,7.745476,4.000000
7.097000,0.110447,7.996931,4.000000
7.098000,0.119651,7.996931,4.000000
7.099000,0.125786,8.245438,4.000000
7.100000,0.134990,8.464234,-4.000000
7.101000,0.144194,8.464234,-4.000000
7.102000,0.153398,8.695300,-4.000000
7.103000,0.159534,7.822483,-4.000000
7.104000,0.168738,7.822483,-4.000000
7.105000,0.177942,8.260779,-4.000000
7.106000,0.184078,8.346775,-4.000000
7.107000,0.193282,8.346775,-4.000000
7.108000,0.199418,7.736118,-4.000000
7.109000,0.208621,7.402464,-4.000000
7.110000,0.214757,7.402464,-4.000000
7.111000,0.220893,7.452538,-4.000000
7.112000,0.227029,7.452538,-4.000000
7.113000,0.233165,6.771971,-4.000000
7.114000,0.239301,6.771971,-4.000000
7.115000,0.245437,6.525553,-4.000000
7.116000,0.251573,6.525553,-4.000000
7.117000,0.257709,6.109069,-4.000000
7.118000,0.263845,6.109069,-4.000000
7.119000,0.269981,5.743528,-4.000000
7.120000,0.276117,5.743528,-4.000000
7.121000,0.279185,5.516745,-4.000000
7.122000,0.285320,5.268960,-4.000000
7.123000,0.285320,5.268960,-4.000000
7.124000,0.294524,4.774289,-4.000000
7.125000,0.297592,4.774289,-4.000000
7.126000,0.300660,4.774289,-4.000000
7.127000,0.303728,4.001870,-4.000000
7.128000,0.309864,4.205187,-4.000000
7.129000,0.312932,4.205187,-4.000000
7.130000,0.316000,4.183980,-4.000000
7.131000,0.319068,3.607348,-4.000000
7.132000,0.319068,3.607348,-4.000000
7.133000,0.322136,3.607348,-4.000000
7.134000,0.325204,3.607348,-4.000000
7.135000,0.328272,2.959320,-4.000000
7.136000,0.331340,2.826185,-4.000000
7.137000,0.331340,2.826185,-4.000000
7.138000,0.334408,2.826185,-4.000000
7.139000,0.334408,2.826185,-4.000000
7.140000,0.334408,2.826185,-4.000000
7.141000,0.337476,2.443949,-4.000000
7.142000,0.337476,2.038640,-4.000000
7.143000,0.337476,1.747314,-4.000000
7.144000,0.340544,1.529787,-4.000000
7.145000,0.340544,1.359864,-4.000000
7.146000,0.340544,1.224611,-4.000000
7.147000,0.340544,1.113274,-4.000000
7.148000,0.340544,1.020952,-4.000000
7.149000,0.340544,0.942807,-4.000000
7.150000,0.337476,-0.874975,-4.000000
7.151000,0.337476,-0.816883,-4.000000
7.152000,0.337476,-0.765714,-4.000000
7.153000,0.337476,-0.720880,-4.000000
7.154000,0.337476,-0.720880,-4.000000
7.155000,0.334408,-1.801574,-4.000000
7.156000,0.331340,-1.801574,-4.000000
7.157000,0.331340,-1.801574,-4.000000
7.158000,0.328272,-1.801574,-4.000000
7.159000,0.325204,-1.801574,-4.000000
7.160000,0.322136,-0.715487,-4.000000
7.161000,0.322136,-0.715487,-4.000000
7.162000,0.319068,-0.715487,-4.000000
7.163000,0.316000,-0.715487,-4.000000
7.164000,0.312932,-0.715487,-4.000000
7.165000,0.309864,-2.370996,-4.000000
7.166000,0.306796,-2.370996,-4.000000
7.167000,0.303728,-2.370996,-4.000000
7.168000,0.297592,-3.149993,-4.000000
7.169000,0.294524,-3.149993,-4.000000
7.170000,0.291456,-3.149993,-4.000000
7.171000,0.285320,-3.785854,-4.000000
7.172000,0.282252,-3.785854,-4.000000
7.173000,0.276117,-3.785854,-4.000000
7.174000,0.273049,-4.327676,-4.000000
7.175000,0.266913,-4.327676,-4.000000
7.176000,0.263845,-4.327676,-4.000000
7.177000,0.257709,-4.807174,-4.000000
7.178000,0.251573,-4.807174,-4.000000
7.179000,0.245437,-5.233600,-4.000000
7.180000,0.239301,-5.233600,-4.000000
7.181000,0.233165,-5.641256,-4.000000
7.182000,0.233165,-5.641256,-4.000000
7.183000,0.220893,-6.004369,-4.000000
7.184000,0.214757,-6.004369,-4.000000
7.185000,0.214757,-6.004369,-4.000000
7.186000,0.202485,-6.341493,-4.000000
7.187000,0.193282,-6.671244,-4.000000
7.188000,0.193282,-6.671244,-4.000000
7.189000,0.181010,-6.979359,-4.000000
7.190000,0.171806,-7.267898,-4.000000
7.191000,0.165670,-7.267898,-4.000000
7.192000,0.156466,-7.505780,-4.000000
7.193000,0.150330,-7.817500,-4.000000
7.194000,0.141126,-7.817500,-4.000000
7.195000,0.131922,-8.023874,-4.000000
7.196000,0.122718,-8.278814,-4.000000
7.197000,0.116583,-8.278814,-4.000000
7.198000,0.107379,-8.482436,-4.000000
7.199000,0.098175,-8.702751,-4.000000
7.200000,0.088971,-8.899001,-4.000000
7.201000,0.079767,-8.899001,4.000000
7.202000,0.070563,-9.087452,4.000000
7.203000,0.061359,-9.236791,4.000000
7.204000,0.052155,-8.077347,4.000000
7.205000,0.042951,-8.077347,4.000000
7.206000,0.036816,-9.089976,4.000000
7.207000,0.027612,-8.648151,4.000000
7.208000,0.018408,-8.648151,4.000000
7.209000,0.012272,-8.115779,4.000000
7.210000,0.003068,-7.937947,4.000000
7.211000,-0.003068,-7.937947,4.000000
7.212000,-0.012272,-7.728133,4.000000
7.213000,-0.018408,-7.728133,4.000000
7.214000,-0.024544,-7.210721,4.000000
7.215000,-0.030680,-7.210721,4.000000
7.216000,-0.036816,-6.987362,4.000000
7.217000,-0.046019,-6.439989,4.000000
7.218000,-0.049087,-6.665256,4.000000
7.219000,-0.055223,-6.215254,4.000000
7.220000,-0.061359,-6.226159,4.000000
7.221000,-0.067495,-6.226159,4.000000
7.222000,-0.073631,-5.790048,4.000000
7.223000,-0.079767,-5.790048,4.000000
7.224000,-0.082835,-5.374956,4.000000
7.225000,-0.088971,-5.374956,4.000000
7.226000,-0.092039,-5.140190,4.000000
7.227000,-0.098175,-4.926117,4.000000
7.228000,-0.101243,-4.926117,4.000000
7.229000,-0.104311,-4.489517,4.000000
7.230000,-0.107379,-4.363108,4.000000
7.231000,-0.110447,-4.363108,4.000000
7.232000,-0.116583,-4.363108,4.000000
7.233000,-0.119651,-3.738741,4.000000
7.234000,-0.122718,-3.738741,4.000000
7.235000,-0.122718,-3.738741,4.000000
7.236000,-0.125786,-3.738741,4.000000
7.237000,-0.128854,-2.968646,4.000000
7.238000,-0.131922,-3.033539,4.000000
7.239000,-0.134990,-3.033539,4.000000
7.240000,-0.134990,-3.033539,4.000000
7.241000,-0.138058,-3.033539,4.000000
7.242000,-0.138058,-2.736359,4.000000
7.243000,-0.141126,-2.239360,4.000000
7.244000,-0.141126,-1.891440,4.000000
7.245000,-0.141126,-1.640387,4.000000
7.246000,-0.144194,-2.131253,4.000000
7.247000,-0.144194,-2.131253,4.000000
7.248000,-0.144194,-2.131253,4.000000
7.249000,-0.144194,-2.131253,4.000000
7.250000,-0.144194,-2.131253,4.000000
7.251000,-0.144194,-2.131253,4.000000
7.252000,-0.144194,-1.999690,4.000000
7.253000,-0.144194,-1.718448,4.000000
7.254000,-0.144194,-1.507590,4.000000
7.255000,-0.141126,1.342451,4.000000
7.256000,-0.141126,1.210555,4.000000
7.257000,-0.141126,1.101669,4.000000
7.258000,-0.138058,1.011223,4.000000
7.259000,-0.138058,0.934283,4.000000
7.260000,-0.134990,0.896685,4.000000
7.261000,-0.134990,0.896685,4.000000
7.262000,-0.131922,0.896685,4.000000
7.263000,-0.128854,0.896685,4.000000
7.264000,-0.128854,0.896685,4.000000
7.265000,-0.125786,0.896685,4.000000
7.266000,-0.122718,1.506462,4.000000
7.267000,-0.119651,1.506462,4.000000
7.268000,-0.116583,1.506462,4.000000
7.269000,-0.113515,1.506462,4.000000
7.270000,-0.110447,2.612946,4.000000
7.271000,-0.104311,2.612946,4.000000
7.272000,-0.101243,2.612946,4.000000
7.273000,-0.098175,3.365890,4.000000
7.274000,-0.095107,3.365890,4.000000
7.275000,-0.088971,3.365890,4.000000
7.276000,-0.085903,3.980220,4.000000
7.277000,-0.079767,3.980220,4.000000
7.278000,-0.076699,3.980220,4.000000
7.279000,-0.070563,4.504279,4.000000
7.280000,-0.064427,4.504279,4.000000
7.281000,-0.058291,4.955902,4.000000
7.282000,-0.055223,4.955902,4.000000
7.283000,-0.049087,5.393560,4.000000
7.284000,-0.042951,5.393560,4.000000
7.285000,-0.036816,5.808776,4.000000
7.286000,-0.030680,5.808776,4.000000
7.287000,-0.024544,6.131325,4.000000
7.288000,-0.018408,6.131325,4.000000
7.289000,-0.009204,6.506380,4.000000
7.290000,-0.003068,6.506380,4.000000
7.291000,0.003068,6.812646,4.000000
7.292000,0.012272,7.088829,4.000000
7.293000,0.018408,7.088829,4.000000
7.294000,0.027612,7.417378,4.000000
7.295000,0.033748,7.417378,4.000000
7.296000,0.042951,7.667042,4.000000
7.297000,0.049087,7.930467,4.000000
7.298000,0.058291,7.930467,4.000000
7.299000,0.067495,8.201202,4.000000
7.300000,0.076699,8.422922,4.000000
7.301000,0.085903,8.639441,-4.000000
7.302000,0.092039,8.639441,-4.000000
7.303000,0.101243,8.821527,-4.000000
7.304000,0.110447,7.831427,-4.000000
7.305000,0.116583,7.831427,-4.000000
7.306000,0.125786,8.686666,-4.000000
7.307000,0.134990,7.953954,-4.000000
7.308000,0.141126,7.953954,-4.000000
7.309000,0.150330,8.087772,-4.000000
7.310000,0.156466,8.087772,-4.000000
7.311000,0.165670,7.445254,-4.000000
7.312000,0.171806,7.389402,-4.000000
7.313000,0.177942,7.389402,-4.000000
7.314000,0.184078,6.980076,-4.000000
7.315000,0.190214,6.980076,-4.000000
7.316000,0.196350,6.643356,-4.000000
7.317000,0.202485,6.643356,-4.000000
7.318000,0.208621,6.158934,-4.000000
7.319000,0.214757,6.158934,-4.000000
7.320000,0.220893,5.880059,-4.000000
7.321000,0.227029,5.880059,-4.000000
7.322000,0.230097,5.526683,-4.000000
7.323000,0.236233,5.313414,-4.000000
7.324000,0.239301,5.313414,-4.000000
7.325000,0.245437,4.902284,-4.000000
7.326000,0.248505,4.902284,-4.000000
7.327000,0.251573,4.902284,-4.000000
7.328000,0.257709,4.299395,-4.000000
7.329000,0.260777,4.299395,-4.000000
7.330000,0.263845,4.299395,-4.000000
7.331000,0.266913,3.906175,-4.000000
7.332000,0.269981,3.727165,-4.000000
7.333000,0.273049,3.727165,-4.000000
7.334000,0.276117,3.727165,-4.000000
7.335000,0.276117,3.529830,-4.000000
7.336000,0.279185,2.743163,-4.000000
7.337000,0.279185,2.743163,-4.000000
7.338000,0.285320,2.994310,-4.000000
7.339000,0.285320,2.994310,-4.000000
7.340000,0.288388,2.994310,-4.000000
7.341000,0.288388,2.603430,-4.000000
7.342000,0.288388,2.149844,-4.000000
7.343000,0.288388,2.149844,-4.000000
7.344000,0.291456,1.592052,-4.000000
7.345000,0.291456,1.408713,-4.000000
7.346000,0.291456,1.263409,-4.000000
7.347000,0.294524,2.045492,-4.000000
7.348000,0.294524,2.045492,-4.000000
7.349000,0.294524,2.045492,-4.000000
7.350000,0.294524,2.045492,-4.000000
7.351000,0.291456,2.045492,-4.000000
7.352000,0.291456,2.045492,-4.000000
7.353000,0.291456,-1.794323,-4.000000
7.354000,0.291456,-1.565417,-4.000000
7.355000,0.288388,-1.389211,-4.000000
7.356000,0.288388,-1.389211,-4.000000
7.357000,0.285320,-1.123888,-4.000000
7.358000,0.285320,-1.123888,-4.000000
7.359000,0.282252,-1.123888,-4.000000
7.360000,0.282252,-1.123888,-4.000000
7.361000,0.279185,-1.123888,-4.000000
7.362000,0.276117,-1.123888,-4.000000
7.363000,0.273049,-1.309637,-4.000000
7.364000,0.269981,-1.309637,-4.000000
7.365000,0.266913,-1.309637,-4.000000
7.366000,0.263845,-1.309637,-4.000000
7.367000,0.260777,-2.535287,-4.000000
7.368000,0.257709,-2.535287,-4.000000
7.369000,0.254641,-2.535287,-4.000000
7.370000,0.251573,-2.535287,-4.000000
7.371000,0.245437,-3.263994,-4.000000
7.372000,0.242369,-3.263994,-4.000000
7.373000,0.239301,-3.263994,-4.000000
7.374000,0.233165,-3.890609,-4.000000
7.375000,0.230097,-3.890609,-4.000000
7.376000,0.223961,-4.420650,-4.000000
7.377000,0.220893,-4.420650,-4.000000
7.378000,0.214757,-4.420650,-4.000000
7.379000,0.208621,-4.869941,-4.000000
7.380000,0.202485,-4.869941,-4.000000
7.381000,0.196350,-5.332333,-4.000000
7.382000,0.193282,-5.332333,-4.000000
7.383000,0.187146,-5.699845,-4.000000
7.384000,0.177942,-5.699845,-4.000000
7.385000,0.171806,-6.103456,-4.000000
7.386000,0.165670,-6.103456,-4.000000
7.387000,0.159534,-6.404234,-4.000000
7.388000,0.153398,-6.404234,-4.000000
7.389000,0.147262,-6.740355,-4.000000
7.390000,0.138058,-7.046879,-4.000000
7.391000,0.131922,-7.046879,-4.000000
7.392000,0.122718,-7.300627,-4.000000
7.393000,0.116583,-7.300627,-4.000000
7.394000,0.107379,-7.610710,-4.000000
7.395000,0.098175,-7.849795,-4.000000
7.396000,0.092039,-7.849795,-4.000000
7.397000,0.082835,-8.106917,-4.000000
7.398000,0.073631,-8.349851,-4.000000
7.399000,0.064427,-8.565073,-4.000000
7.400000,0.058291,-8.565073,-4.000000
7.401000,0.049087,-8.786525,4.000000
7.402000,0.039884,-8.974931,4.000000
7.403000,0.030680,-8.974931,4.000000
7.404000,0.021476,-8.161809,4.000000
7.405000,0.012272,-9.172260,4.000000
7.406000,0.006136,-9.085676,4.000000
7.407000,-0.003068,-8.220583,4.000000
7.408000,-0.012272,-8.553051,4.000000
7.409000,-0.018408,-8.553051,4.000000
7.410000,-0.027612,-7.760920,4.000000
7.411000,-0.033748,-7.879055,4.000000
7.412000,-0.039884,-7.879055,4.000000
7.413000,-0.049087,-7.331035,4.000000
7.414000,-0.055223,-7.331035,4.000000
7.415000,-0.061359,-6.974126,4.000000
7.416000,-0.067495,-6.974126,4.000000
7.417000,-0.073631,-6.764557,4.000000
7.418000,-0.079767,-6.631389,4.000000
7.419000,-0.085903,-6.323430,4.000000
7.420000,-0.092039,-6.323430,4.000000
7.421000,-0.098175,-5.987281,4.000000
7.422000,-0.104311,-5.987281,4.000000
7.423000,-0.107379,-5.502282,4.000000
7.424000,-0.113515,-5.502282,4.000000
7.425000,-0.116583,-5.114631,4.000000
7.426000,-0.122718,-5.081831,4.000000
7.427000,-0.125786,-5.081831,4.000000
7.428000,-0.128854,-4.320460,4.000000
7.429000,-0.134990,-4.514959,4.000000
7.430000,-0.138058,-4.514959,4.000000
7.431000,-0.141126,-4.164359,4.000000
7.432000,-0.144194,-3.915766,4.000000
7.433000,-0.147262,-3.915766,4.000000
7.434000,-0.150330,-3.915766,4.000000
7.435000,-0.153398,-3.464381,4.000000
7.436000,-0.156466,-3.268679,4.000000
7.437000,-0.159534,-3.268679,4.000000
7.438000,-0.159534,-3.268679,4.000000
7.439000,-0.162602,-3.268679,4.000000
7.440000,-0.162602,-2.850428,4.000000
7.441000,-0.165670,-2.311064,4.000000
7.442000,-0.165670,-1.945155,4.000000
7.443000,-0.168738,-2.455570,4.000000
7.444000,-0.168738,-2.455570,4.000000
7.445000,-0.171806,-2.455570,4.000000
7.446000,-0.171806,-2.455570,4.000000
7.447000,-0.171806,-2.455570,4.000000
7.448000,-0.171806,-2.059707,4.000000
7.449000,-0.171806,-1.763288,4.000000
7.450000,-0.171806,-1.542497,4.000000
7.451000,-0.171806,-1.369978,4.000000
7.452000,-0.171806,-1.232086,4.000000
7.453000,-0.171806,-1.119836,4.000000
7.454000,-0.171806,-1.119836,4.000000
7.455000,-0.168738,0.947249,4.000000
7.456000,-0.168738,0.879480,4.000000
7.457000,-0.168738,0.820298,4.000000
7.458000,-0.165670,0.769139,4.000000
7.459000,-0.165670,0.723584,4.000000
7.460000,-0.162602,0.683507,4.000000
7.461000,-0.159534,0.650870,4.000000
7.462000,-0.159534,0.650870,4.000000
7.463000,-0.156466,0.650870,4.000000
7.464000,-0.153398,0.650870,4.000000
7.465000,-0.153398,0.650870,4.000000
7.466000,-0.147262,1.927582,4.000000
7.467000,-0.147262,1.927582,4.000000
7.468000,-0.141126,1.927582,4.000000
7.469000,-0.138058,1.927582,4.000000
7.470000,-0.134990,2.848802,4.000000
7.471000,-0.131922,2.848802,4.000000
7.472000,-0.128854,2.848802,4.000000
7.473000,-0.128854,3.543192,4.000000
7.474000,-0.119651,3.543192,4.000000
7.475000,-0.116583,3.543192,4.000000
7.476000,-0.110447,4.127438,4.000000
7.477000,-0.107379,4.127438,4.000000
7.478000,-0.101243,4.127438,4.000000
7.479000,-0.095107,4.627320,4.000000
7.480000,-0.092039,4.627320,4.000000
7.481000,-0.092039,4.627320,4.000000
7.482000,-0.079767,5.101519,4.000000
7.483000,-0.073631,5.502145,4.000000
7.484000,-0.067495,5.502145,4.000000
7.485000,-0.061359,5.864176,4.000000
7.486000,-0.055223,5.864176,4.000000
7.487000,-0.049087,6.227476,4.000000
7.488000,-0.042951,6.227476,4.000000
7.489000,-0.042951,6.227476,4.000000
7.490000,-0.027612,6.564581,4.000000
7.491000,-0.021476,6.841871,4.000000
7.492000,-0.012272,7.154321,4.000000
7.493000,-0.006136,7.154321,4.000000
7.494000,0.000000,7.422425,4.000000
7.495000,0.009204,7.422425,4.000000
7.496000,0.018408,7.653229,4.000000
7.497000,0.024544,7.927976,4.000000
7.498000,0.033748,7.927976,4.000000
7.499000,0.042951,8.152922,4.000000
7.500000,0.049087,8.360359,4.000000
7.501000,0.058291,8.360359,-4.000000
7.502000,0.067495,8.582461,-4.000000
7.503000,0.076699,8.691793,-4.000000
7.504000,0.082835,8.691793,-4.000000
7.505000,0.092039,7.798732,-4.000000
7.506000,0.101243,8.565903,-4.000000
7.507000,0.107379,8.428225,-4.000000
7.508000,0.116583,7.764125,-4.000000
7.509000,0.122718,7.861878,-4.000000
7.510000,0.131922,7.861878,-4.000000
7.511000,0.138058,7.348594,-4.000000
7.512000,0.144194,7.348594,-4.000000
7.513000,0.144194,7.348594,-4.000000
7.514000,0.156466,6.898548,-4.000000
7.515000,0.162602,6.757676,-4.000000
7.516000,0.162602,6.757676,-4.000000
7.517000,0.168738,6.339264,-4.000000
7.518000,0.181010,6.289268,-4.000000
7.519000,0.187146,5.905644,-4.000000
7.520000,0.193282,5.905644,-4.000000
7.521000,0.196350,5.547363,-4.000000
7.522000,0.196350,5.547363,-4.000000
7.523000,0.205553,4.932745,-4.000000
7.524000,0.211689,5.034575,-4.000000
7.525000,0.214757,5.034575,-4.000000
7.526000,0.220893,4.562566,-4.000000
7.527000,0.223961,4.562566,-4.000000
7.528000,0.227029,4.562566,-4.000000
7.529000,0.227029,4.562566,-4.000000
7.530000,0.230097,3.993315,-4.000000
7.531000,0.236233,3.955789,-4.000000
7.532000,0.239301,3.955789,-4.000000
7.533000,0.242369,3.315035,-4.000000
7.534000,0.245437,3.270893,-4.000000
7.535000,0.248505,3.270893,-4.000000
7.536000,0.248505,3.270893,-4.000000
7.537000,0.251573,3.270893,-4.000000
7.538000,0.251573,2.748445,-4.000000
7.539000,0.251573,2.246442,-4.000000
7.540000,0.257709,2.444104,-4.000000
7.541000,0.257709,2.444104,-4.000000
7.542000,0.257709,2.444104,-4.000000
7.543000,0.257709,2.444104,-4.000000
7.544000,0.260777,2.444104,-4.000000
7.545000,0.260777,2.433596,-4.000000
7.546000,0.260777,2.433596,-4.000000
7.547000,0.260777,1.740993,-4.000000
7.548000,0.260777,1.526378,-4.000000
7.549000,0.260777,1.356732,-4.000000
7.550000,0.260777,1.356732,-4.000000
7.551000,0.260777,1.111408,-4.000000
7.552000,0.260777,1.019011,-4.000000
7.553000,0.257709,-0.940825,-4.000000
7.554000,0.257709,-0.873556,-4.000000
7.555000,0.257709,-0.815671,-4.000000
7.556000,0.254641,-0.764697,-4.000000
7.557000,0.254641,-0.720083,-4.000000
7.558000,0.251573,-0.680174,-4.000000
7.559000,0.248505,-0.650251,-4.000000
7.560000,0.248505,-0.650251,-4.000000
7.561000,0.245437,-0.650251,-4.000000
7.562000,0.242369,-0.650251,-4.000000
7.563000,0.239301,-0.650251,-4.000000
7.564000,0.236233,-1.939093,-4.000000
7.565000,0.233165,-1.939093,-4.000000
7.566000,0.230097,-1.939093,-4.000000
7.567000,0.227029,-1.939093,-4.000000
7.568000,0.223961,-2.831248,-4.000000
7.569000,0.223961,-2.831248,-4.000000
7.570000,0.220893,-2.831248,-4.000000
7.571000,0.211689,-3.507244,-4.000000
7.572000,0.208621,-3.507244,-4.000000
7.573000,0.205553,-3.507244,-4.000000
7.574000,0.199418,-4.106280,-4.000000
7.575000,0.196350,-4.106280,-4.000000
7.576000,0.196350,-4.106280,-4.000000
7.577000,0.184078,-4.613356,-4.000000
7.578000,0.177942,-4.613356,-4.000000
7.579000,0.174874,-5.090674,-4.000000
7.580000,0.168738,-5.090674,-4.000000
7.581000,0.168738,-5.090674,-4.000000
7.582000,0.156466,-5.484079,-4.000000
7.583000,0.150330,-5.858110,-4.000000
7.584000,0.150330,-5.858110,-4.000000
7.585000,0.144194,-5.858110,-4.000000
7.586000,0.138058,-6.242082,-4.000000
7.587000,0.122718,-6.542755,-4.000000
7.588000,0.116583,-6.542755,-4.000000
7.589000,0.110447,-6.880177,-4.000000
7.590000,0.101243,-7.170112,-4.000000
7.591000,0.101243,-7.170112,-4.000000
7.592000,0.085903,-7.460152,-4.000000
7.593000,0.079767,-7.460152,-4.000000
7.594000,0.070563,-7.731447,-4.000000
7.595000,0.061359,-7.982266,-4.000000
7.596000,0.055223,-7.982266,-4.000000
7.597000,0.046019,-8.247516,-4.000000
7.598000,0.036816,-8.463748,-4.000000
7.599000,0.027612,-8.701637,-4.000000
7.600000,0.018408,-8.701637,4.000000
7.601000,0.012272,-8.916333,4.000000
7.602000,0.003068,-8.234680,4.000000
7.603000,-0.006136,-8.234680,4.000000
7.604000,-0.015340,-8.855388,4.000000
7.605000,-0.024544,-8.857252,4.000000
7.606000,-0.030680,-8.752233,4.000000
7.607000,-0.039884,-8.123389,4.000000
7.608000,-0.046019,-8.229311,4.000000
7.609000,-0.055223,-8.229311,4.000000
7.610000,-0.061359,-7.678969,4.000000
7.611000,-0.070563,-7.535353,4.000000
7.612000,-0.076699,-7.535353,4.000000
7.613000,-0.082835,-7.194809,4.000000
7.614000,-0.088971,-7.194809,4.000000
7.615000,-0.098175,-6.843885,4.000000
7.616000,-0.104311,-6.843885,4.000000
7.617000,-0.110447,-6.433284,4.000000
7.618000,-0.113515,-6.433284,4.000000
7.619000,-0.119651,-6.065121,4.000000
7.620000,-0.125786,-6.065121,4.000000
7.621000,-0.131922,-5.693345,4.000000
7.622000,-0.134990,-5.693345,4.000000
7.623000,-0.141126,-5.664328,4.000000
7.624000,-0.147262,-5.103700,4.000000
7.625000,-0.150330,-5.103700,4.000000
7.626000,-0.153398,-4.574756,4.000000
7.627000,-0.159534,-4.698656,4.000000
7.628000,-0.162602,-4.698656,4.000000
7.629000,-0.165670,-4.254021,4.000000
7.630000,-0.168738,-4.126744,4.000000
7.631000,-0.171806,-4.126744,4.000000
7.632000,-0.174874,-4.126744,4.000000
7.633000,-0.177942,-3.351297,4.000000
7.634000,-0.181010,-3.457507,4.000000
7.635000,-0.184078,-3.457507,4.000000
7.636000,-0.187146,-3.457507,4.000000
7.637000,-0.187146,-3.288655,4.000000
7.638000,-0.190214,-2.590568,4.000000
7.639000,-0.193282,-2.701546,4.000000
7.640000,-0.193282,-2.701546,4.000000
7.641000,-0.196350,-2.701546,4.000000
7.642000,-0.196350,-2.701546,4.000000
7.643000,-0.196350,-2.701546,4.000000
7.644000,-0.199418,-2.324048,4.000000
7.645000,-0.199418,-1.954924,4.000000
7.646000,-0.199418,-1.686140,4.000000
7.647000,-0.199418,-1.483015,4.000000
7.648000,-0.199418,-1.322300,4.000000
7.649000,-0.199418,-1.193780,4.000000
7.650000,-0.199418,-1.088365,4.000000
7.651000,-0.199418,-0.999780,4.000000
7.652000,-0.199418,-0.924440,4.000000
7.653000,-0.199418,-0.859692,4.000000
7.654000,-0.196350,-1.584714,4.000000
7.655000,-0.196350,-1.584714,4.000000
7.656000,-0.196350,-1.584714,4.000000
7.657000,-0.193282,-1.584714,4.000000
7.658000,-0.193282,-1.584714,4.000000
7.659000,-0.190214,-1.584714,4.000000
7.660000,-0.187146,-1.584714,4.000000
7.661000,-0.187146,-1.584714,4.000000
7.662000,-0.184078,0.826052,4.000000
7.663000,-0.181010,0.826052,4.000000
7.664000,-0.177942,0.826052,4.000000
7.665000,-0.174874,0.826052,4.000000
7.666000,-0.171806,2.237573,4.000000
7.667000,-0.168738,2.237573,4.000000
7.668000,-0.165670,2.237573,4.000000
7.669000,-0.162602,2.237573,4.000000
7.670000,-0.159534,3.055855,4.000000
7.671000,-0.156466,3.055855,4.000000
7.672000,-0.150330,3.055855,4.000000
7.673000,-0.147262,3.702085,4.000000
7.674000,-0.144194,3.702085,4.000000
7.675000,-0.138058,3.702085,4.000000
7.676000,-0.134990,4.255947,4.000000
7.677000,-0.134990,4.255947,4.000000
7.678000,-0.128854,4.255947,4.000000
7.679000,-0.119651,4.732556,4.000000
7.680000,-0.113515,4.732556,4.000000
7.681000,-0.113515,4.732556,4.000000
7.682000,-0.101243,5.192845,4.000000
7.683000,-0.101243,5.192845,4.000000
7.684000,-0.088971,5.588838,4.000000
7.685000,-0.088971,5.588838,4.000000
7.686000,-0.076699,5.970854,4.000000
7.687000,-0.070563,6.330770,4.000000
7.688000,-0.061359,6.609019,4.000000
7.689000,-0.055223,6.609019,4.000000
7.690000,-0.049087,6.935423,4.000000
7.691000,-0.039884,6.935423,4.000000
7.692000,-0.033748,7.246202,4.000000
7.693000,-0.024544,7.478020,4.000000
7.694000,-0.018408,7.478020,4.000000
7.695000,-0.009204,7.760511,4.000000
7.696000,-0.003068,7.760511,4.000000
7.697000,0.006136,8.010561,4.000000
7.698000,0.015340,8.207983,4.000000
7.699000,0.024544,8.476333,4.000000
7.700000,0.033748,8.476333,4.000000
7.701000,0.039884,8.652555,-4.000000
7.702000,0.049087,8.857608,-4.000000
7.703000,0.058291,8.857608,-4.000000
7.704000,0.067495,8.049972,-4.000000
7.705000,0.073631,9.040589,-4.000000
7.706000,0.082835,9.040589,-4.000000
7.707000,0.092039,8.172302,-4.000000
7.708000,0.098175,8.368753,-4.000000
7.709000,0.107379,8.368753,-4.000000
7.710000,0.113515,7.551454,-4.000000
7.711000,0.122718,7.665911,-4.000000
7.712000,0.128854,7.665911,-4.000000
7.713000,0.134990,7.192525,-4.000000
7.714000,0.141126,7.192525,-4.000000
7.715000,0.150330,6.766318,-4.000000
7.716000,0.156466,6.766318,-4.000000
7.717000,0.162602,6.504847,-4.000000
7.718000,0.165670,6.504847,-4.000000
7.719000,0.171806,6.038139,-4.000000
7.720000,0.177942,6.038139,-4.000000
7.721000,0.184078,5.764738,-4.000000
7.722000,0.187146,5.764738,-4.000000
7.723000,0.193282,5.583646,-4.000000
7.724000,0.199418,5.216297,-4.000000
7.725000,0.202485,5.216297,-4.000000
7.726000,0.208621,4.462016,-4.000000
7.727000,0.211689,4.729896,-4.000000
7.728000,0.214757,4.729896,-4.000000
7.729000,0.217825,4.124451,-4.000000
7.730000,0.220893,4.178302,-4.000000
7.731000,0.223961,4.178302,-4.000000
7.732000,0.227029,4.178302,-4.000000
7.733000,0.230097,3.195239,-4.000000
7.734000,0.233165,3.511830,-4.000000
7.735000,0.236233,3.511830,-4.000000
7.736000,0.239301,3.511830,-4.000000
7.737000,0.242369,3.094360,-4.000000
7.738000,0.242369,2.472826,-4.000000
7.739000,0.245437,2.762711,-4.000000
7.740000,0.245437,2.762711,-4.000000
7.741000,0.248505,2.762711,-4.000000
7.742000,0.248505,2.762711,-4.000000
7.743000,0.251573,2.628312,-4.000000
7.744000,0.251573,2.165328,-4.000000
7.745000,0.251573,1.839516,-4.000000
7.746000,0.251573,1.600116,-4.000000
7.747000,0.251573,1.416057,-4.000000
7.748000,0.254641,1.269273,-4.000000
7.749000,0.254641,1.150692,-4.000000
7.750000,0.254641,1.051431,-4.000000
7.751000,0.251573,-0.968591,-4.000000
7.752000,0.251573,-0.898100,-4.000000
7.753000,0.251573,-0.836854,-4.000000
7.754000,0.251573,-0.783273,-4.000000
7.755000,0.248505,-1.711001,-4.000000
7.756000,0.248505,-1.711001,-4.000000
7.757000,0.248505,-1.711001,-4.000000
7.758000,0.245437,-1.711001,-4.000000
7.759000,0.245437,-1.711001,-4.000000
7.760000,0.242369,-1.711001,-4.000000
7.761000,0.239301,-1.711001,-4.000000
7.762000,0.236233,-0.748278,-4.000000
7.763000,0.236233,-0.748278,-4.000000
7.764000,0.233165,-0.748278,-4.000000
7.765000,0.230097,-0.748278,-4.000000
7.766000,0.227029,-0.748278,-4.000000
7.767000,0.223961,-2.305318,-4.000000
7.768000,0.220893,-2.305318,-4.000000
7.769000,0.217825,-2.305318,-4.000000
7.770000,0.211689,-3.097647,-4.000000
7.771000,0.208621,-3.097647,-4.000000
7.772000,0.205553,-3.097647,-4.000000
7.773000,0.202485,-3.097647,-4.000000
7.774000,0.196350,-3.766071,-4.000000
7.775000,0.193282,-3.766071,-4.000000
7.776000,0.187146,-4.313521,-4.000000
7.777000,0.181010,-4.313521,-4.000000
7.778000,0.177942,-4.313521,-4.000000
7.779000,0.171806,-4.824208,-4.000000
7.780000,0.165670,-4.824208,-4.000000
7.781000,0.159534,-5.236826,-4.000000
7.782000,0.153398,-5.236826,-4.000000
7.783000,0.150330,-5.625202,-4.000000
7.784000,0.144194,-5.625202,-4.000000
7.785000,0.134990,-6.025004,-4.000000
7.786000,0.128854,-6.025004,-4.000000
7.787000,0.122718,-6.337763,-4.000000
7.788000,0.116583,-6.337763,-4.000000
7.789000,0.110447,-6.682293,-4.000000
7.790000,0.101243,-6.988412,-4.000000
7.791000,0.095107,-6.988412,-4.000000
7.792000,0.085903,-7.265149,-4.000000
7.793000,0.079767,-7.265149,-4.000000
7.794000,0.070563,-7.556814,-4.000000
7.795000,0.064427,-7.807553,-4.000000
7.796000,0.055223,-7.807553,-4.000000
7.797000,0.046019,-8.065918,-4.000000
7.798000,0.039884,-8.299733,-4.000000
7.799000,0.030680,-8.299733,-4.000000
7.800000,0.021476,-8.527462,-4.000000
7.801000,0.021476,-8.739853,4.000000
7.802000,0.003068,-8.941960,4.000000
7.803000,-0.006136,-8.941960,4.000000
7.804000,-0.012272,-8.214698,4.000000
7.805000,-0.012272,-8.214698,4.000000
7.806000,-0.030680,-8.692563,4.000000
7.807000,-0.030680,-8.692563,4.000000
7.808000,-0.046019,-8.347564,4.000000
7.809000,-0.055223,-8.347564,4.000000
7.810000,-0.061359,-7.730094,4.000000
7.811000,-0.067495,-7.724147,4.000000
7.812000,-0.076699,-7.575928,4.000000
7.813000,-0.082835,-7.337244,4.000000
7.814000,-0.088971,-7.337244,4.000000
7.815000,-0.095107,-6.878409,4.000000
7.816000,-0.104311,-6.878409,4.000000
7.817000,-0.107379,-6.564874,4.000000
7.818000,-0.113515,-6.564874,4.000000
7.819000,-0.119651,-6.109238,4.000000
7.820000,-0.125786,-6.109238,4.000000
7.821000,-0.131922,-5.819527,4.000000
7.822000,-0.134990,-5.819527,4.000000
7.823000,-0.141126,-5.595173,4.000000
7.824000,-0.147262,-5.171115,4.000000
7.825000,-0.150330,-5.171115,4.000000
7.826000,-0.156466,-4.831092,4.000000
7.827000,-0.159534,-4.831092,4.000000
7.828000,-0.162602,-4.831092,4.000000
7.829000,-0.165670,-4.069702,4.000000
7.830000,-0.171806,-4.224166,4.000000
7.831000,-0.174874,-4.224166,4.000000
7.832000,-0.177942,-4.213188,4.000000
7.833000,-0.181010,-3.582963,4.000000
7.834000,-0.184078,-3.582963,4.000000
7.835000,-0.184078,-3.582963,4.000000
7.836000,-0.187146,-3.582963,4.000000
7.837000,-0.190214,-2.960509,4.000000
7.838000,-0.193282,-2.868902,4.000000
7.839000,-0.193282,-2.868902,4.000000
7.840000,-0.196350,-2.868902,4.000000
7.841000,-0.196350,-2.868902,4.000000
7.842000,-0.199418,-2.868902,4.000000
7.843000,-0.199418,-2.390400,4.000000
7.844000,-0.199418,-2.001588,4.000000
7.845000,-0.202485,-1.721673,4.000000
7.846000,-0.202485,-1.509576,4.000000
7.847000,-0.202485,-1.344369,4.000000
7.848000,-0.202485,-1.211772,4.000000
7.849000,-0.202485,-1.102438,4.000000
7.850000,-0.202485,-1.011637,4.000000
7.851000,-0.202485,-0.934958,4.000000
7.852000,-0.202485,-0.868766,4.000000
7.853000,-0.202485,-0.811033,4.000000
7.854000,-0.199418,0.760766,4.000000
7.855000,-0.199418,0.716553,4.000000
7.856000,-0.199418,0.677049,4.000000
7.857000,-0.196350,1.880435,4.000000
7.858000,-0.196350,1.880435,4.000000
7.859000,-0.193282,1.880435,4.000000
7.860000,-0.193282,1.880435,4.000000
7.861000,-0.190214,1.880435,4.000000
7.862000,-0.187146,1.880435,4.000000
7.863000,-0.184078,0.661590,4.000000
7.864000,-0.184078,0.661590,4.000000
7.865000,-0.181010,0.661590,4.000000
7.866000,-0.177942,0.661590,4.000000
7.867000,-0.174874,0.661590,4.000000
7.868000,-0.171806,2.418753,4.000000
7.869000,-0.168738,2.418753,4.000000
7.870000,-0.165670,2.418753,4.000000
7.871000,-0.159534,3.185011,4.000000
7.872000,-0.156466,3.185011,4.000000
7.873000,-0.153398,3.185011,4.000000
7.874000,-0.147262,3.804847,4.000000
7.875000,-0.144194,3.804847,4.000000
7.876000,-0.138058,3.804847,4.000000
7.877000,-0.134990,4.344358,4.000000
7.878000,-0.128854,4.344358,4.000000
7.879000,-0.122718,4.810576,4.000000
7.880000,-0.119651,4.810576,4.000000
7.881000,-0.113515,4.810576,4.000000
7.882000,-0.107379,5.270657,4.000000
7.883000,-0.101243,5.270657,4.000000
7.884000,-0.095107,5.664183,4.000000
7.885000,-0.088971,5.664183,4.000000
7.886000,-0.082835,6.047272,4.000000
7.887000,-0.076699,6.047272,4.000000
7.888000,-0.070563,6.408135,4.000000
7.889000,-0.061359,6.687300,4.000000
7.890000,-0.055223,6.687300,4.000000
7.891000,-0.049087,7.025252,4.000000
7.892000,-0.039884,7.025252,4.000000
7.893000,-0.033748,7.335173,4.000000
7.894000,-0.024544,7.563477,4.000000
7.895000,-0.018408,7.563477,4.000000
7.896000,-0.009204,7.870282,4.000000
7.897000,0.000000,8.113915,4.000000
7.898000,0.006136,8.113915,4.000000
7.899000,0.015340,8.328522,4.000000
7.900000,0.024544,8.593396,4.000000
7.901000,0.033748,8.593396,-4.000000
7.902000,0.042951,8.791858,-4.000000
7.903000,0.049087,8.596489,-4.000000
7.904000,0.058291,8.596489,-4.000000
7.905000,0.067495,8.311365,-4.000000
7.906000,0.076699,8.740804,-4.000000
7.907000,0.082835,8.313868,-4.000000
7.908000,0.092039,8.038766,-4.000000
7.909000,0.098175,8.215233,-4.000000
7.910000,0.107379,8.215233,-4.000000
7.911000,0.113515,7.564448,-4.000000
7.912000,0.122718,7.545779,-4.000000
7.913000,0.128854,7.545779,-4.000000
7.914000,0.134990,7.083033,-4.000000
7.915000,0.141126,7.083033,-4.000000
7.916000,0.147262,6.767096,-4.000000
7.917000,0.153398,6.767096,-4.000000
7.918000,0.159534,6.349103,-4.000000
7.919000,0.165670,6.349103,-4.000000
7.920000,0.171806,6.021186,-4.000000
7.921000,0.177942,6.021186,-4.000000
7.922000,0.184078,5.612374,-4.000000
7.923000,0.187146,5.612374,-4.000000
7.924000,0.193282,5.612374,-4.000000
7.925000,0.196350,5.144559,-4.000000
7.926000,0.202485,5.144559,-4.000000
7.927000,0.205553,4.746437,-4.000000
7.928000,0.208621,4.601176,-4.000000
7.929000,0.214757,4.601176,-4.000000
7.930000,0.217825,4.457334,-4.000000
7.931000,0.220893,4.065021,-4.000000
7.932000,0.223961,4.065021,-4.000000
7.933000,0.227029,4.065021,-4.000000
7.934000,0.230097,3.548970,-4.000000
7.935000,0.233165,3.363942,-4.000000
7.936000,0.236233,3.363942,-4.000000
7.937000,0.236233,3.363942,-4.000000
7.938000,0.239301,3.363942,-4.000000
7.939000,0.242369,2.805947,-4.000000
7.940000,0.242369,2.282780,-4.000000
7.941000,0.245437,2.585081,-4.000000
7.942000,0.245437,2.585081,-4.000000
7.943000,0.248505,2.585081,-4.000000
7.944000,0.248505,2.585081,-4.000000
7.945000,0.248505,2.585081,-4.000000
7.946000,0.248505,2.229921,-4.000000
7.947000,0.251573,1.885483,-4.000000
7.948000,0.251573,1.635413,-4.000000
7.949000,0.251573,1.442156,-4.000000
7.950000,0.251573,1.291409,-4.000000
7.951000,0.251573,1.167840,-4.000000
7.952000,0.248505,1.259042,-4.000000
7.953000,0.248505,1.259042,-4.000000
7.954000,0.248505,1.259042,-4.000000
7.955000,0.248505,1.259042,-4.000000
7.956000,0.245437,1.259042,-4.000000
7.957000,0.245437,1.259042,-4.000000
7.958000,0.242369,1.259042,-4.000000
7.959000,0.242369,1.259042,-4.000000
7.960000,0.239301,1.259042,-4.000000
7.961000,0.239301,1.259042,-4.000000
7.962000,0.236233,-1.133046,-4.000000
7.963000,0.233165,-1.133046,-4.000000
7.964000,0.230097,-1.133046,-4.000000
7.965000,0.227029,-1.133046,-4.000000
7.966000,0.223961,-2.080954,-4.000000
7.967000,0.220893,-2.080954,-4.000000
7.968000,0.217825,-2.080954,-4.000000
7.969000,0.214757,-2.080954,-4.000000
7.970000,0.211689,-2.945135,-4.000000
7.971000,0.208621,-2.945135,-4.000000
7.972000,0.202485,-2.945135,-4.000000
7.973000,0.199418,-3.632873,-4.000000
7.974000,0.196350,-3.632873,-4.000000
7.975000,0.190214,-3.632873,-4.000000
7.976000,0.187146,-4.194706,-4.000000
7.977000,0.187146,-4.194706,-4.000000
7.978000,0.181010,-4.194706,-4.000000
7.979000,0.174874,-4.726303,-4.000000
7.980000,0.171806,-4.726303,-4.000000
7.981000,0.165670,-4.726303,-4.000000
7.982000,0.159534,-5.133411,-4.000000
7.983000,0.153398,-5.133411,-4.000000
7.984000,0.147262,-5.533675,-4.000000
7.985000,0.134990,-5.925844,-4.000000
7.986000,0.134990,-5.925844,-4.000000
7.987000,0.122718,-6.236707,-4.000000
7.988000,0.116583,-6.236707,-4.000000
7.989000,0.116583,-6.574301,-4.000000
7.990000,0.110447,-6.574301,-4.000000
7.991000,0.101243,-6.876107,-4.000000
7.992000,0.085903,-7.155364,-4.000000
7.993000,0.085903,-7.155364,-4.000000
7.994000,0.073631,-7.435480,-4.000000
7.995000,0.064427,-7.683777,-4.000000
7.996000,0.064427,-7.683777,-4.000000
7.997000,0.055223,-7.683777,-4.000000
7.998000,0.049087,-7.935238,-4.000000
7.999000,0.030680,-8.158870,-4.000000
8.000000,0.021476,-8.381295,-4.000000
8.001000,0.015340,-8.588133,4.000000
8.002000,0.006136,-8.588133,4.000000
8.003000,-0.003068,-8.775093,4.000000
8.004000,-0.012272,-7.920017,4.000000
8.005000,-0.018408,-7.920017,4.000000
8.006000,-0.027612,-8.314650,4.000000
8.007000,-0.033748,-8.428546,4.000000
8.008000,-0.042951,-8.428546,4.000000
8.009000,-0.049087,-7.660993,4.000000
8.010000,-0.058291,-7.492986,4.000000
8.011000,-0.064427,-7.492986,4.000000
8.012000,-0.070563,-7.337975,4.000000
8.013000,-0.076699,-7.337975,4.000000
8.014000,-0.085903,-6.813539,4.000000
8.015000,-0.092039,-6.813539,4.000000
8.016000,-0.098175,-6.519534,4.000000
8.017000,-0.104311,-6.519534,4.000000
8.018000,-0.107379,-6.114565,4.000000
8.019000,-0.113515,-6.114565,4.000000
8.020000,-0.119651,-5.700029,4.000000
8.021000,-0.125786,-5.700029,4.000000
8.022000,-0.128854,-5.428319,4.000000
8.023000,-0.134990,-5.204805,4.000000
8.024000,-0.138058,-5.204805,4.000000
8.025000,-0.144194,-4.747151,4.000000
8.026000,-0.147262,-4.747151,4.000000
8.027000,-0.150330,-4.747151,4.000000
8.028000,-0.153398,-4.057498,4.000000
8.029000,-0.159534,-4.151368,4.000000
8.030000,-0.162602,-4.151368,4.000000
8.031000,-0.165670,-4.151368,4.000000
8.032000,-0.168738,-3.534900,4.000000
8.033000,-0.168738,-3.534900,4.000000
8.034000,-0.171806,-3.534900,4.000000
8.035000,-0.174874,-3.534900,4.000000
8.036000,-0.177942,-3.050116,4.000000
8.037000,-0.177942,-2.441450,4.000000
8.038000,-0.181010,-2.809417,4.000000
8.039000,-0.184078,-2.809417,4.000000
8.040000,-0.184078,-2.809417,4.000000
8.041000,-0.184078,-2.809417,4.000000
8.042000,-0.187146,-2.543446,4.000000
8.043000,-0.187146,-2.107167,4.000000
8.044000,-0.187146,-1.797714,4.000000
8.045000,-0.190214,-1.568382,4.000000
8.046000,-0.190214,-1.389755,4.000000
8.047000,-0.190214,-1.249371,4.000000
8.048000,-0.190214,-1.133859,4.000000
8.049000,-0.190214,-1.037922,4.000000
8.050000,-0.190214,-0.956538,4.000000
8.051000,-0.190214,-0.888150,4.000000
8.052000,-0.187146,0.827593,4.000000
8.053000,-0.187146,0.775256,4.000000
8.054000,-0.187146,0.729390,4.000000
8.055000,-0.184078,1.753392,4.000000
8.056000,-0.184078,1.753392,4.000000
8.057000,-0.181010,1.753392,4.000000
8.058000,-0.181010,1.753392,4.000000
8.059000,-0.177942,1.753392,4.000000
8.060000,-0.177942,1.753392,4.000000
8.061000,-0.174874,1.753392,4.000000
8.062000,-0.171806,0.713784,4.000000
8.063000,-0.168738,0.713784,4.000000
8.064000,-0.165670,0.713784,4.000000
8.065000,-0.162602,0.713784,4.000000
8.066000,-0.159534,2.330312,4.000000
8.067000,-0.156466,2.330312,4.000000
8.068000,-0.153398,2.330312,4.000000
8.069000,-0.150330,2.330312,4.000000
8.070000,-0.147262,3.127426,4.000000
8.071000,-0.141126,3.127426,4.000000
8.072000,-0.138058,3.127426,4.000000
8.073000,-0.134990,3.765509,4.000000
8.074000,-0.128854,3.765509,4.000000
8.075000,-0.125786,3.765509,4.000000
8.076000,-0.119651,4.296531,4.000000
8.077000,-0.116583,4.296531,4.000000
8.078000,-0.110447,4.790883,4.000000
8.079000,-0.104311,4.790883,4.000000
8.080000,-0.098175,5.236857,4.000000
8.081000,-0.092039,5.236857,4.000000
8.082000,-0.085903,5.632589,4.000000
8.083000,-0.079767,5.632589,4.000000
8.084000,-0.073631,6.050005,4.000000
8.085000,-0.067495,6.050005,4.000000
8.086000,-0.061359,6.340447,4.000000
8.087000,-0.055223,6.340447,4.000000
8.088000,-0.049087,6.712550,4.000000
8.089000,-0.039884,6.712550,4.000000
8.090000,-0.033748,7.012818,4.000000
8.091000,-0.024544,7.261149,4.000000
8.092000,-0.018408,7.261149,4.000000
8.093000,-0.009204,7.598928,4.000000
8.094000,-0.003068,7.598928,4.000000
8.095000,0.006136,7.836706,4.000000
8.096000,0.015340,8.067465,4.000000
8.097000,0.021476,8.067465,4.000000
8.098000,0.030680,8.342598,4.000000
8.099000,0.039884,8.558353,4.000000
8.100000,0.049087,8.763953,4.000000
8.101000,0.058291,8.763953,-4.000000
8.102000,0.067495,8.998238,-4.000000
8.103000,0.073631,9.040959,-4.000000
8.104000,0.073631,9.040959,-4.000000
8.105000,0.082835,9.040959,-4.000000
8.106000,0.101243,8.964732,-4.000000
8.107000,0.110447,8.305428,-4.000000
8.108000,0.116583,8.305428,-4.000000
8.109000,0.125786,8.305350,-4.000000
8.110000,0.131922,8.157740,-4.000000
8.111000,0.131922,8.157740,-4.000000
8.112000,0.141126,7.791030,-4.000000
8.113000,0.147262,7.835664,-4.000000
8.114000,0.153398,7.835664,-4.000000
8.115000,0.162602,7.111365,-4.000000
8.116000,0.168738,7.111365,-4.000000
8.117000,0.174874,6.984821,-4.000000
8.118000,0.181010,6.895856,-4.000000
8.119000,0.187146,6.656719,-4.000000
8.120000,0.193282,6.656719,-4.000000
8.121000,0.199418,6.212239,-4.000000
8.122000,0.205553,6.212239,-4.000000
8.123000,0.208621,5.773100,-4.000000
8.124000,0.220893,5.335875,-4.000000
8.125000,0.223961,5.335875,-4.000000
8.126000,0.230097,5.335875,-4.000000
8.127000,0.230097,5.335875,-4.000000
8.128000,0.239301,4.861126,-4.000000
8.129000,0.242369,4.861126,-4.000000
8.130000,0.242369,4.861126,-4.000000
8.131000,0.245437,4.312615,-4.000000
8.132000,0.251573,4.312615,-4.000000
8.133000,0.251573,4.312615,-4.000000
8.134000,0.257709,3.650193,-4.000000
8.135000,0.260777,3.650193,-4.000000
8.136000,0.263845,3.650193,-4.000000
8.137000,0.263845,3.650193,-4.000000
8.138000,0.266913,3.225943,-4.000000
8.139000,0.266913,2.553126,-4.000000
8.140000,0.273049,2.945773,-4.000000
8.141000,0.273049,2.945773,-4.000000
8.142000,0.276117,2.945773,-4.000000
8.143000,0.276117,2.476486,-4.000000
8.144000,0.276117,2.060759,-4.000000
8.145000,0.279185,1.763946,-4.000000
8.146000,0.279185,1.542817,-4.000000
8.147000,0.279185,1.370142,-4.000000
8.148000,0.279185,1.232304,-4.000000
8.149000,0.279185,1.120155,-4.000000
8.150000,0.279185,1.025963,-4.000000
8.151000,0.279185,0.946765,-4.000000
8.152000,0.279185,0.879414,-4.000000
8.153000,0.279185,0.820602,-4.000000
8.154000,0.279185,0.769097,-4.000000
8.155000,0.279185,0.723592,-4.000000
8.156000,0.276117,-0.683179,-4.000000
8.157000,0.276117,-0.647409,-4.000000
8.158000,0.273049,-2.026088,-4.000000
8.159000,0.273049,-2.026088,-4.000000
8.160000,0.269981,-2.026088,-4.000000
8.161000,0.269981,-2.026088,-4.000000
8.162000,0.266913,-2.026088,-4.000000
8.163000,0.263845,-2.026088,-4.000000
8.164000,0.260777,-0.618429,-4.000000
8.165000,0.260777,-0.618429,-4.000000
8.166000,0.257709,-0.618429,-4.000000
8.167000,0.254641,-0.618429,-4.000000
8.168000,0.251573,-0.618429,-4.000000
8.169000,0.248505,-2.496914,-4.000000
8.170000,0.245437,-2.496914,-4.000000
8.171000,0.239301,-2.496914,-4.000000
8.172000,0.236233,-3.262764,-4.000000
8.173000,0.236233,-3.262764,-4.000000
8.174000,0.227029,-3.262764,-4.000000
8.175000,0.223961,-3.873553,-4.000000
8.176000,0.223961,-3.873553,-4.000000
8.177000,0.214757,-3.873553,-4.000000
8.178000,0.208621,-4.412548,-4.000000
8.179000,0.205553,-4.412548,-4.000000
8.180000,0.199418,-4.896280,-4.000000
8.181000,0.193282,-4.896280,-4.000000
8.182000,0.187146,-5.317763,-4.000000
8.183000,0.181010,-5.317763,-4.000000
8.184000,0.174874,-5.733242,-4.000000
8.185000,0.168738,-5.733242,-4.000000
8.186000,0.162602,-6.077762,-4.000000
8.187000,0.156466,-6.077762,-4.000000
8.188000,0.150330,-6.426312,-4.000000
8.189000,0.150330,-6.426312,-4.000000
8.190000,0.144194,-6.426312,-4.000000
8.191000,0.128854,-6.764454,-4.000000
8.192000,0.122718,-7.017050,-4.000000
8.193000,0.113515,-7.336574,-4.000000
8.194000,0.107379,-7.336574,-4.000000
8.195000,0.098175,-7.606058,-4.000000
8.196000,0.092039,-7.606058,-4.000000
8.197000,0.082835,-7.857194,-4.000000
8.198000,0.073631,-8.123688,-4.000000
8.199000,0.064427,-8.123688,-4.000000
8.200000,0.058291,-8.337954,-4.000000
8.201000,0.049087,-8.571055,4.000000
8.202000,0.039884,-8.773264,4.000000
8.203000,0.030680,-8.773264,4.000000
8.204000,0.024544,-8.124360,4.000000
8.205000,0.015340,-8.298096,4.000000
8.206000,0.006136,-8.298096,4.000000
8.207000,0.000000,-8.479749,4.000000
8.208000,-0.009204,-7.951663,4.000000
8.209000,-0.009204,-7.951663,4.000000
8.210000,-0.024544,-7.752204,4.000000
8.211000,-0.030680,-7.752204,4.000000
8.212000,-0.030680,-7.752204,4.000000
8.213000,-0.036816,-7.303161,4.000000
8.214000,-0.046019,-7.054418,4.000000
8.215000,-0.052155,-7.054418,4.000000
8.216000,-0.064427,-6.794206,4.000000
8.217000,-0.070563,-6.365524,4.000000
8.218000,-0.070563,-6.365524,4.000000
8.219000,-0.082835,-5.937751,4.000000
8.220000,-0.085903,-5.937751,4.000000
8.221000,-0.085903,-5.937751,4.000000
8.222000,-0.098175,-5.556014,4.000000
8.223000,-0.098175,-5.556014,4.000000
8.224000,-0.101243,-5.556014,4.000000
8.225000,-0.107379,-5.088621,4.000000
8.226000,-0.116583,-5.088621,4.000000
8.227000,-0.119651,-4.553068,4.000000
8.228000,-0.122718,-4.553068,4.000000
8.229000,-0.122718,-4.553068,4.000000
8.230000,-0.125786,-4.553068,4.000000
8.231000,-0.134990,-3.986739,4.000000
8.232000,-0.134990,-3.986739,4.000000
8.233000,-0.138058,-3.986739,4.000000
8.234000,-0.138058,-3.986739,4.000000
8.235000,-0.144194,-3.270191,4.000000
8.236000,-0.147262,-3.270191,4.000000
8.237000,-0.147262,-3.270191,4.000000
8.238000,-0.150330,-3.270191,4.000000
8.239000,-0.153398,-2.585777,4.000000
8.240000,-0.153398,-2.136789,4.000000
8.241000,-0.156466,-2.482358,4.000000
8.242000,-0.156466,-2.482358,4.000000
8.243000,-0.156466,-2.482358,4.000000
8.244000,-0.159534,-2.482358,4.000000
8.245000,-0.159534,-2.482358,4.000000
8.246000,-0.159534,-2.230743,4.000000
8.247000,-0.159534,-1.887077,4.000000
8.248000,-0.159534,-1.887077,4.000000
8.249000,-0.159534,-1.443541,4.000000
8.250000,-0.159534,-1.292111,4.000000
8.251000,-0.159534,-1.292111,4.000000
8.252000,-0.159534,-1.067521,4.000000
8.253000,-0.159534,-0.982310,4.000000
8.254000,-0.156466,0.909030,4.000000
8.255000,-0.156466,0.846205,4.000000
8.256000,-0.156466,0.846205,4.000000
8.257000,-0.156466,0.791618,4.000000
8.258000,-0.153398,0.701101,4.000000
8.259000,-0.150330,0.663260,4.000000
8.260000,-0.147262,0.632903,4.000000
8.261000,-0.147262,0.632903,4.000000
8.262000,-0.147262,0.632903,4.000000
8.263000,-0.144194,0.632903,4.000000
8.264000,-0.138058,0.632903,4.000000
8.265000,-0.134990,1.971135,4.000000
8.266000,-0.131922,1.971135,4.000000
8.267000,-0.128854,1.971135,4.000000
8.268000,-0.125786,1.971135,4.000000
8.269000,-0.125786,1.971135,4.000000
8.270000,-0.119651,2.859459,4.000000
8.271000,-0.116583,2.859459,4.000000
8.272000,-0.116583,2.859459,4.000000
8.273000,-0.107379,3.552380,4.000000
8.274000,-0.104311,3.552380,4.000000
8.275000,-0.104311,3.552380,4.000000
8.276000,-0.098175,4.130061,4.000000
8.277000,-0.092039,4.130061,4.000000
8.278000,-0.088971,4.130061,4.000000
8.279000,-0.082835,4.646740,4.000000
8.280000,-0.076699,4.646740,4.000000
8.281000,-0.073631,5.096223,4.000000
8.282000,-0.067495,5.096223,4.000000
8.283000,-0.061359,5.488985,4.000000
8.284000,-0.055223,5.488985,4.000000
8.285000,-0.049087,5.875289,4.000000
8.286000,-0.042951,5.875289,4.000000
8.287000,-0.030680,6.246892,4.000000
8.288000,-0.021476,6.523963,4.000000
8.289000,-0.015340,6.523963,4.000000
8.290000,-0.009204,6.889887,4.000000
8.291000,0.000000,7.155248,4.000000
8.292000,0.000000,7.155248,4.000000
8.293000,0.015340,7.407802,4.000000
8.294000,0.021476,7.407802,4.000000
8.295000,0.030680,7.715244,4.000000
8.296000,0.030680,7.715244,4.000000
8.297000,0.046019,7.937306,4.000000
8.298000,0.055223,8.179640,4.000000
8.299000,0.064427,8.424528,4.000000
8.300000,0.073631,8.622663,-4.000000
8.301000,0.073631,8.622663,-4.000000
8.302000,0.088971,8.824610,-4.000000
8.303000,0.088971,8.824610,-4.000000
8.304000,0.098175,7.776083,-4.000000
8.305000,0.107379,7.776083,-4.000000
8.306000,0.122718,8.052539,-4.000000
8.307000,0.122718,8.052539,-4.000000
8.308000,0.128854,8.052539,-4.000000
8.309000,0.144194,8.004683,-4.000000
8.310000,0.153398,7.428104,-4.000000
8.311000,0.159534,7.458074,-4.000000
8.312000,0.165670,7.458074,-4.000000
8.313000,0.171806,6.879159,-4.000000
8.314000,0.177942,6.879159,-4.000000
8.315000,0.184078,6.619714,-4.000000
8.316000,0.190214,6.619714,-4.000000
8.317000,0.196350,6.177277,-4.000000
8.318000,0.202485,6.177277,-4.000000
8.319000,0.208621,5.804464,-4.000000
8.320000,0.214757,5.804464,-4.000000
8.321000,0.217825,5.569638,-4.000000
8.322000,0.217825,5.569638,-4.000000
8.323000,0.227029,5.357585,-4.000000
8.324000,0.227029,5.357585,-4.000000
8.325000,0.233165,4.836672,-4.000000
8.326000,0.239301,4.836672,-4.000000
8.327000,0.245437,4.298642,-4.000000
8.328000,0.245437,4.298642,-4.000000
8.329000,0.251573,4.298642,-4.000000
8.330000,0.254641,3.955240,-4.000000
8.331000,0.257709,3.709187,-4.000000
8.332000,0.257709,3.709187,-4.000000
8.333000,0.260777,3.709187,-4.000000
8.334000,0.263845,3.709187,-4.000000
8.335000,0.263845,2.772194,-4.000000
8.336000,0.266913,2.772194,-4.000000
8.337000,0.269981,2.975284,-4.000000
8.338000,0.269981,2.975284,-4.000000
8.339000,0.273049,2.975284,-4.000000
8.340000,0.276117,2.654815,-4.000000
8.341000,0.276117,2.654815,-4.000000
8.342000,0.279185,1.852498,-4.000000
8.343000,0.279185,1.610511,-4.000000
8.344000,0.279185,1.610511,-4.000000
8.345000,0.279185,1.275444,-4.000000
8.346000,0.282252,2.035155,-4.000000
8.347000,0.282252,2.035155,-4.000000
8.348000,0.282252,2.035155,-4.000000
8.349000,0.282252,2.035155,-4.000000
8.350000,0.279185,2.035155,-4.000000
8.351000,0.279185,2.035155,-4.000000
8.352000,0.279185,2.035155,-4.000000
8.353000,0.279185,-1.680771,-4.000000
8.354000,0.276117,-1.478266,-4.000000
8.355000,0.276117,-1.318897,-4.000000
8.356000,0.276117,-1.318897,-4.000000
8.357000,0.273049,-1.171746,-4.000000
8.358000,0.269981,-1.171746,-4.000000
8.359000,0.266913,-1.171746,-4.000000
8.360000,0.266913,-1.171746,-4.000000
8.361000,0.266913,-1.171746,-4.000000
8.362000,0.260777,-1.275122,-4.000000
8.363000,0.260777,-1.275122,-4.000000
8.364000,0.257709,-1.275122,-4.000000
8.365000,0.251573,-1.275122,-4.000000
8.366000,0.248505,-2.533063,-4.000000
8.367000,0.248505,-2.533063,-4.000000
8.368000,0.245437,-2.533063,-4.000000
8.369000,0.242369,-2.533063,-4.000000
8.370000,0.233165,-3.281754,-4.000000
8.371000,0.230097,-3.281754,-4.000000
8.372000,0.227029,-3.281754,-4.000000
8.373000,0.227029,-3.281754,-4.000000
8.374000,0.217825,-3.900433,-4.000000
8.375000,0.211689,-4.427894,-4.000000
8.376000,0.211689,-4.427894,-4.000000
8.377000,0.205553,-4.427894,-4.000000
8.378000,0.202485,-4.427894,-4.000000
8.379000,0.196350,-4.900245,-4.000000
8.380000,0.184078,-5.346013,-4.000000
8.381000,0.184078,-5.346013,-4.000000
8.382000,0.177942,-5.346013,-4.000000
8.383000,0.165670,-5.723475,-4.000000
8.384000,0.159534,-6.097097,-4.000000
8.385000,0.153398,-6.097097,-4.000000
8.386000,0.153398,-6.097097,-4.000000
8.387000,0.138058,-6.419309,-4.000000
8.388000,0.131922,-6.759434,-4.000000
8.389000,0.131922,-7.013653,-4.000000
8.390000,0.116583,-7.013653,-4.000000
8.391000,0.110447,-7.302195,-4.000000
8.392000,0.110447,-7.302195,-4.000000
8.393000,0.095107,-7.594878,-4.000000
8.394000,0.095107,-7.594878,-4.000000
8.395000,0.085903,-7.820475,-4.000000
8.396000,0.070563,-8.072477,-4.000000
8.397000,0.061359,-8.304023,-4.000000
8.398000,0.061359,-8.304023,-4.000000
8.399000,0.042951,-8.514232,-4.000000
8.400000,0.042951,-8.514232,-4.000000
8.401000,0.024544,-8.922456,4.000000
8.402000,0.024544,-8.922456,4.000000
8.403000,0.018408,-8.922456,4.000000
8.404000,0.000000,-8.366851,4.000000
8.405000,0.000000,-8.366851,4.000000
8.406000,-0.018408,-8.387740,4.000000
8.407000,-0.024544,-8.859117,4.000000
8.408000,-0.024544,-8.859117,4.000000
8.409000,-0.033748,-7.987750,4.000000
8.410000,-0.049087,-7.988183,4.000000
8.411000,-0.055223,-7.988183,4.000000
8.412000,-0.055223,-7.988183,4.000000
8.413000,-0.061359,-7.479603,4.000000
8.414000,-0.070563,-7.207192,4.000000
8.415000,-0.076699,-7.207192,4.000000
8.416000,-0.088971,-6.972750,4.000000
8.417000,-0.088971,-6.972750,4.000000
8.418000,-0.095107,-6.564289,4.000000
8.419000,-0.101243,-6.564289,4.000000
8.420000,-0.113515,-6.089827,4.000000
8.421000,-0.119651,-5.685249,4.000000
8.422000,-0.119651,-5.685249,4.000000
8.423000,-0.128854,-5.685249,4.000000
8.424000,-0.131922,-5.210115,4.000000
8.425000,-0.131922,-5.210115,4.000000
8.426000,-0.138058,-5.210115,4.000000
8.427000,-0.141126,-4.790207,4.000000
8.428000,-0.150330,-4.734813,4.000000
8.429000,-0.153398,-4.398095,4.000000
8.430000,-0.153398,-4.398095,4.000000
8.431000,-0.156466,-4.164889,4.000000
8.432000,-0.162602,-4.164889,4.000000
8.433000,-0.162602,-3.368931,4.000000
8.434000,-0.168738,-3.540523,4.000000
8.435000,-0.171806,-3.540523,4.000000
8.436000,-0.171806,-3.540523,4.000000
8.437000,-0.174874,-3.220593,4.000000
8.438000,-0.177942,-3.220593,4.000000
8.439000,-0.177942,-2.550738,4.000000
8.440000,-0.181010,-2.810069,4.000000
8.441000,-0.181010,-2.810069,4.000000
8.442000,-0.184078,-2.810069,4.000000
8.443000,-0.187146,-2.653842,4.000000
8.444000,-0.187146,-2.183095,4.000000
8.445000,-0.187146,-1.851698,4.000000
8.446000,-0.190214,-1.608763,4.000000
8.447000,-0.190214,-1.608763,4.000000
8.448000,-0.190214,-1.422830,4.000000
8.449000,-0.190214,-1.274795,4.000000
8.450000,-0.190214,-1.056010,4.000000
8.451000,-0.190214,-0.971994,4.000000
8.452000,-0.190214,-0.900727,4.000000
8.453000,-0.190214,-0.839192,4.000000
8.454000,-0.190214,-0.839192,4.000000
8.455000,-0.187146,0.738047,4.000000
8.456000,-0.187146,0.738047,4.000000
8.457000,-0.187146,0.696124,4.000000
8.458000,-0.184078,1.791783,4.000000
8.459000,-0.184078,1.791783,4.000000
8.460000,-0.181010,1.791783,4.000000
8.461000,-0.181010,1.791783,4.000000
8.462000,-0.177942,1.791783,4.000000
8.463000,-0.174874,1.791783,4.000000
8.464000,-0.174874,1.791783,4.000000
8.465000,-0.168738,0.688468,4.000000
8.466000,-0.165670,0.688468,4.000000
8.467000,-0.162602,0.688468,4.000000
8.468000,-0.159534,2.350991,4.000000
8.469000,-0.156466,2.350991,4.000000
8.470000,-0.153398,2.350991,4.000000
8.471000,-0.150330,2.350991,4.000000
8.472000,-0.144194,3.137331,4.000000
8.473000,-0.141126,3.137331,4.000000
8.474000,-0.138058,3.137331,4.000000
8.475000,-0.131922,3.765621,4.000000
8.476000,-0.128854,3.765621,4.000000
8.477000,-0.122718,4.304652,4.000000
8.478000,-0.119651,4.304652,4.000000
8.479000,-0.113515,4.304652,4.000000
8.480000,-0.107379,4.791013,4.000000
8.481000,-0.101243,4.791013,4.000000
8.482000,-0.098175,5.253390,4.000000
8.483000,-0.092039,5.253390,4.000000
8.484000,-0.085903,5.645437,4.000000
8.485000,-0.079767,5.645437,4.000000
8.486000,-0.073631,6.066412,4.000000
8.487000,-0.067495,6.066412,4.000000
8.488000,-0.058291,6.348100,4.000000
8.489000,-0.052155,6.348100,4.000000
8.490000,-0.046019,6.730241,4.000000
8.491000,-0.036816,7.028940,4.000000
8.492000,-0.030680,7.028940,4.000000
8.493000,-0.021476,7.294720,4.000000
8.494000,-0.015340,7.294720,4.000000
8.495000,-0.006136,7.635109,4.000000
8.496000,-0.006136,7.635109,4.000000
8.497000,0.009204,7.873087,4.000000
8.498000,0.018408,8.129518,4.000000
8.499000,0.027612,8.404735,4.000000
8.500000,0.033748,8.404735,4.000000
8.501000,0.042951,8.616945,-4.000000
8.502000,0.052155,8.843777,-4.000000
8.503000,0.061359,8.124510,-4.000000
8.504000,0.070563,8.124510,-4.000000
8.505000,0.076699,9.058384,-4.000000
8.506000,0.085903,8.558685,-4.000000
8.507000,0.095107,8.558685,-4.000000
8.508000,0.101243,8.203867,-4.000000
8.509000,0.110447,8.135207,-4.000000
8.510000,0.119651,8.135207,-4.000000
8.511000,0.125786,7.719356,-4.000000
8.512000,0.125786,7.719356,-4.000000
8.513000,0.131922,7.719356,-4.000000
8.514000,0.141126,7.503995,-4.000000
8.515000,0.153398,7.210721,-4.000000
8.516000,0.159534,6.849084,-4.000000
8.517000,0.165670,6.849084,-4.000000
8.518000,0.165670,6.849084,-4.000000
8.519000,0.171806,6.406416,-4.000000
8.520000,0.177942,6.406416,-4.000000
8.521000,0.184078,6.131580,-4.000000
8.522000,0.190214,6.131580,-4.000000
8.523000,0.196350,5.694556,-4.000000
8.524000,0.199418,5.694556,-4.000000
8.525000,0.208621,5.236267,-4.000000
8.526000,0.214757,5.236267,-4.000000
8.527000,0.214757,5.236267,-4.000000
8.528000,0.223961,4.709526,-4.000000
8.529000,0.223961,4.709526,-4.000000
8.530000,0.227029,4.709526,-4.000000
8.531000,0.230097,4.307548,-4.000000
8.532000,0.233165,4.169882,-4.000000
8.533000,0.236233,4.169882,-4.000000
8.534000,0.242369,3.384390,-4.000000
8.535000,0.242369,3.384390,-4.000000
8.536000,0.245437,3.505407,-4.000000
8.537000,0.248505,3.505407,-4.000000
8.538000,0.251573,3.505407,-4.000000
8.539000,0.254641,2.581629,-4.000000
8.540000,0.257709,2.746096,-4.000000
8.541000,0.257709,2.746096,-4.000000
8.542000,0.260777,2.746096,-4.000000
8.543000,0.260777,2.746096,-4.000000
8.544000,0.260777,2.746096,-4.000000
8.545000,0.263845,2.269704,-4.000000
8.546000,0.263845,2.269704,-4.000000
8.547000,0.263845,1.916287,-4.000000
8.548000,0.263845,1.459930,-4.000000
8.549000,0.263845,1.459930,-4.000000
8.550000,0.263845,1.304182,-4.000000
8.551000,0.263845,1.180155,-4.000000
8.552000,0.263845,1.076239,-4.000000
8.553000,0.263845,0.989599,-4.000000
8.554000,0.263845,0.915183,-4.000000
8.555000,0.263845,0.851985,-4.000000
8.556000,0.260777,1.646289,-4.000000
8.557000,0.260777,1.646289,-4.000000
8.558000,0.257709,1.646289,-4.000000
8.559000,0.257709,1.646289,-4.000000
8.560000,0.254641,1.646289,-4.000000
8.561000,0.254641,1.646289,-4.000000
8.562000,0.254641,1.646289,-4.000000
8.563000,0.248505,-0.795291,-4.000000
8.564000,0.248505,-0.795291,-4.000000
8.565000,0.245437,-0.795291,-4.000000
8.566000,0.242369,-0.795291,-4.000000
8.567000,0.239301,-0.795291,-4.000000
8.568000,0.233165,-2.275848,-4.000000
8.569000,0.233165,-2.275848,-4.000000
8.570000,0.230097,-2.275848,-4.000000
8.571000,0.227029,-2.275848,-4.000000
8.572000,0.223961,-3.075736,-4.000000
8.573000,0.214757,-3.075736,-4.000000
8.574000,0.214757,-3.075736,-4.000000
8.575000,0.211689,-3.717396,-4.000000
8.576000,0.208621,-3.717396,-4.000000
8.577000,0.199418,-4.298537,-4.000000
8.578000,0.193282,-4.298537,-4.000000
8.579000,0.193282,-4.750239,-4.000000
8.580000,0.187146,-4.750239,-4.000000
8.581000,0.184078,-4.750239,-4.000000
8.582000,0.171806,-5.243445,-4.000000
8.583000,0.171806,-5.243445,-4.000000
8.584000,0.165670,-5.243445,-4.000000
8.585000,0.159534,-5.597583,-4.000000
8.586000,0.153398,-5.597583,-4.000000
8.587000,0.147262,-5.972266,-4.000000
8.588000,0.141126,-5.972266,-4.000000
8.589000,0.134990,-6.303716,-4.000000
8.590000,0.125786,-6.621897,-4.000000
8.591000,0.113515,-6.909121,-4.000000
8.592000,0.104311,-6.909121,-4.000000
8.593000,0.098175,-7.216257,-4.000000
8.594000,0.088971,-7.487272,-4.000000
8.595000,0.082835,-7.487272,-4.000000
8.596000,0.073631,-7.722797,-4.000000
8.597000,0.067495,-7.722797,-4.000000
8.598000,0.058291,-7.993025,-4.000000
8.599000,0.049087,-8.217754,-4.000000
8.600000,0.039884,-8.417225,-4.000000
8.601000,0.033748,-8.417225,4.000000
8.602000,0.024544,-8.653487,4.000000
8.603000,0.015340,-7.915760,4.000000
8.604000,0.006136,-7.915760,4.000000
8.605000,0.000000,-8.726474,4.000000
8.606000,-0.009204,-8.289921,4.000000
8.607000,-0.018408,-8.289921,4.000000
8.608000,-0.024544,-8.038620,4.000000
8.609000,-0.030680,-7.941729,4.000000
8.610000,-0.039884,-7.554294,4.000000
8.611000,-0.046019,-7.596511,4.000000
8.612000,-0.052155,-7.596511,4.000000
8.613000,-0.061359,-7.035040,4.000000
8.614000,-0.067495,-7.035040,4.000000
8.615000,-0.073631,-6.643555,4.000000
8.616000,-0.079767,-6.643555,4.000000
8.617000,-0.085903,-6.442807,4.000000
8.618000,-0.092039,-6.442807,4.000000
8.619000,-0.095107,-5.970370,4.000000
8.620000,-0.101243,-5.970370,4.000000
8.621000,-0.107379,-5.627351,4.000000
8.622000,-0.110447,-5.627351,4.000000
8.623000,-0.116583,-5.538705,4.000000
8.624000,-0.122718,-5.031479,4.000000
8.625000,-0.125786,-5.031479,4.000000
8.626000,-0.128854,-4.602925,4.000000
8.627000,-0.134990,-4.633703,4.000000
8.628000,-0.138058,-4.633703,4.000000
8.629000,-0.141126,-4.358760,4.000000
8.630000,-0.144194,-3.972739,4.000000
8.631000,-0.147262,-3.972739,4.000000
8.632000,-0.150330,-3.972739,4.000000
8.633000,-0.153398,-3.502920,4.000000
8.634000,-0.156466,-3.338332,4.000000
8.635000,-0.159534,-3.338332,4.000000
8.636000,-0.159534,-3.338332,4.000000
8.637000,-0.162602,-3.338332,4.000000
8.638000,-0.165670,-2.800894,4.000000
8.639000,-0.165670,-2.280182,4.000000
8.640000,-0.168738,-2.549222,4.000000
8.641000,-0.168738,-2.549222,4.000000
8.642000,-0.171806,-2.549222,4.000000
8.643000,-0.171806,-2.549222,4.000000
8.644000,-0.171806,-2.549222,4.000000
8.645000,-0.171806,-2.289696,4.000000
8.646000,-0.171806,-1.928655,4.000000
8.647000,-0.174874,-1.667890,4.000000
8.648000,-0.174874,-1.468088,4.000000
8.649000,-0.174874,-1.311147,4.000000
8.650000,-0.174874,-1.183889,4.000000
8.651000,-0.171806,-1.174385,4.000000
8.652000,-0.171806,-1.174385,4.000000
8.653000,-0.171806,-1.174385,4.000000
8.654000,-0.171806,-1.174385,4.000000
8.655000,-0.168738,-1.174385,4.000000
8.656000,-0.168738,-1.174385,4.000000
8.657000,-0.165670,-1.174385,4.000000
8.658000,-0.165670,-1.174385,4.000000
8.659000,-0.162602,-1.174385,4.000000
8.660000,-0.162602,-1.174385,4.000000
8.661000,-0.159534,1.225722,4.000000
8.662000,-0.156466,1.225722,4.000000
8.663000,-0.153398,1.225722,4.000000
8.664000,-0.150330,1.225722,4.000000
8.665000,-0.147262,2.053951,4.000000
8.666000,-0.144194,2.053951,4.000000
8.667000,-0.141126,2.053951,4.000000
8.668000,-0.138058,2.053951,4.000000
8.669000,-0.134990,2.922970,4.000000
8.670000,-0.131922,2.922970,4.000000
8.671000,-0.128854,2.922970,4.000000
8.672000,-0.122718,3.594419,4.000000
8.673000,-0.119651,3.594419,4.000000
8.674000,-0.113515,3.594419,4.000000
8.675000,-0.110447,4.173861,4.000000
8.676000,-0.104311,4.173861,4.000000
8.677000,-0.101243,4.173861,4.000000
8.678000,-0.095107,4.675261,4.000000
8.679000,-0.088971,4.675261,4.000000
8.680000,-0.082835,5.129954,4.000000
8.681000,-0.079767,5.129954,4.000000
8.682000,-0.073631,5.548408,4.000000
8.683000,-0.067495,5.548408,4.000000
8.684000,-0.061359,5.888641,4.000000
8.685000,-0.055223,5.888641,4.000000
8.686000,-0.046019,6.278453,4.000000
8.687000,-0.039884,6.278453,4.000000
8.688000,-0.033748,6.593385,4.000000
8.689000,-0.027612,6.593385,4.000000
8.690000,-0.018408,6.885538,4.000000
8.691000,-0.012272,7.195981,4.000000
8.692000,-0.003068,7.195981,4.000000
8.693000,0.003068,7.448957,4.000000
8.694000,0.012272,7.702466,4.000000
8.695000,0.018408,7.702466,4.000000
8.696000,0.027612,7.966217,4.000000
8.697000,0.036816,8.187827,4.000000
8.698000,0.046019,8.187827,4.000000
8.699000,0.052155,8.410014,4.000000
8.700000,0.061359,8.630328,-4.000000
8.701000,0.070563,8.630328,-4.000000
8.702000,0.079767,8.815278,-4.000000
8.703000,0.085903,7.914129,-4.000000
8.704000,0.095107,7.914129,-4.000000
8.705000,0.104311,8.371052,-4.000000
8.706000,0.110447,8.410495,-4.000000
8.707000,0.119651,8.410495,-4.000000
8.708000,0.125786,7.759965,-4.000000
8.709000,0.134990,7.550873,-4.000000
8.710000,0.141126,7.550873,-4.000000
8.711000,0.147262,7.454362,-4.000000
8.712000,0.153398,7.454362,-4.000000
8.713000,0.162602,6.792169,-4.000000
8.714000,0.162602,6.792169,-4.000000
8.715000,0.168738,6.792169,-4.000000
8.716000,0.174874,6.582137,-4.000000
8.717000,0.187146,6.197337,-4.000000
8.718000,0.190214,6.197337,-4.000000
8.719000,0.190214,6.197337,-4.000000
8.720000,0.202485,5.803930,-4.000000
8.721000,0.202485,5.803930,-4.000000
8.722000,0.205553,5.199996,-4.000000
8.723000,0.211689,5.324396,-4.000000
8.724000,0.214757,5.324396,-4.000000
8.725000,0.220893,4.833312,-4.000000
8.726000,0.227029,4.833312,-4.000000
8.727000,0.227029,4.833312,-4.000000
8.728000,0.233165,4.263669,-4.000000
8.729000,0.239301,4.263669,-4.000000
8.730000,0.242369,3.853954,-4.000000
8.731000,0.242369,3.853954,-4.000000
8.732000,0.248505,3.665472,-4.000000
8.733000,0.248505,3.665472,-4.000000
8.734000,0.251573,3.665472,-4.000000
8.735000,0.251573,3.570064,-4.000000
8.736000,0.254641,2.767799,-4.000000
8.737000,0.257709,2.922071,-4.000000
8.738000,0.257709,2.922071,-4.000000
8.739000,0.260777,2.922071,-4.000000
8.740000,0.260777,2.692876,-4.000000
8.741000,0.263845,2.692876,-4.000000
8.742000,0.266913,1.872349,-4.000000
8.743000,0.266913,1.872349,-4.000000
8.744000,0.266913,1.624953,-4.000000
8.745000,0.266913,1.434970,-4.000000
8.746000,0.266913,1.283989,-4.000000
8.747000,0.266913,1.062726,-4.000000
8.748000,0.266913,1.062726,-4.000000
8.749000,0.266913,0.905449,-4.000000
8.750000,0.266913,0.842897,-4.000000
8.751000,0.266913,0.842897,-4.000000
8.752000,0.266913,0.789070,-4.000000
8.753000,0.263845,-0.699074,-4.000000
8.754000,0.263845,-0.661337,-4.000000
8.755000,0.260777,-1.943003,-4.000000
8.756000,0.260777,-1.943003,-4.000000
8.757000,0.260777,-1.943003,-4.000000
8.758000,0.257709,-1.943003,-4.000000
8.759000,0.254641,-1.943003,-4.000000
8.760000,0.254641,-1.943003,-4.000000
8.761000,0.251573,-1.943003,-4.000000
8.762000,0.251573,-1.943003,-4.000000
8.763000,0.248505,-0.635992,-4.000000
8.764000,0.245437,-0.635992,-4.000000
8.765000,0.239301,-0.635992,-4.000000
8.766000,0.236233,-2.469536,-4.000000
8.767000,0.236233,-2.469536,-4.000000
8.768000,0.227029,-2.469536,-4.000000
8.769000,0.227029,-2.469536,-4.000000
8.770000,0.220893,-3.223789,-4.000000
8.771000,0.220893,-3.223789,-4.000000
8.772000,0.217825,-3.223789,-4.000000
8.773000,0.211689,-3.848968,-4.000000
8.774000,0.202485,-3.848968,-4.000000
8.775000,0.202485,-3.848968,-4.000000
8.776000,0.199418,-4.397898,-4.000000
8.777000,0.193282,-4.397898,-4.000000
8.778000,0.187146,-4.851518,-4.000000
8.779000,0.184078,-4.851518,-4.000000
8.780000,0.177942,-4.851518,-4.000000
8.781000,0.165670,-5.332623,-4.000000
8.782000,0.165670,-5.332623,-4.000000
8.783000,0.153398,-5.694335,-4.000000
8.784000,0.147262,-6.076258,-4.000000
8.785000,0.138058,-6.076258,-4.000000
8.786000,0.138058,-6.076258,-4.000000
8.787000,0.125786,-6.718879,-4.000000
8.788000,0.119651,-6.718879,-4.000000
8.789000,0.119651,-6.718879,-4.000000
8.790000,0.104311,-7.047947,-4.000000
8.791000,0.104311,-7.047947,-4.000000
8.792000,0.088971,-7.608612,-4.000000
8.793000,0.088971,-7.608612,-4.000000
8.794000,0.073631,-7.864818,-4.000000
8.795000,0.073631,-7.864818,-4.000000
8.796000,0.064427,-8.109150,-4.000000
8.797000,0.055223,-8.109150,-4.000000
8.798000,0.046019,-8.376925,-4.000000
8.799000,0.036816,-8.566153,-4.000000
8.800000,0.018408,-8.802018,4.000000
8.801000,0.018408,-8.802018,4.000000
8.802000,0.003068,-8.157137,4.000000
8.803000,0.003068,-8.157137,4.000000
8.804000,-0.006136,-8.157137,4.000000
8.805000,-0.015340,-9.161608,4.000000
8.806000,-0.024544,-8.786700,4.000000
8.807000,-0.030680,-8.786700,4.000000
8.808000,-0.039884,-8.220736,4.000000
8.809000,-0.046019,-8.225787,4.000000
8.810000,-0.061359,-7.754449,4.000000
8.811000,-0.061359,-7.754449,4.000000
8.812000,-0.070563,-7.527265,4.000000
8.813000,-0.082835,-7.241808,4.000000
8.814000,-0.082835,-7.241808,4.000000
8.815000,-0.088971,-7.241808,4.000000
8.816000,-0.098175,-6.884894,4.000000
8.817000,-0.110447,-6.457403,4.000000
8.818000,-0.110447,-6.457403,4.000000
8.819000,-0.119651,-6.092598,4.000000
8.820000,-0.119651,-6.092598,4.000000
8.821000,-0.125786,-6.092598,4.000000
8.822000,-0.131922,-5.710898,4.000000
8.823000,-0.134990,-5.710898,4.000000
8.824000,-0.141126,-5.600280,4.000000
8.825000,-0.147262,-5.126917,4.000000
8.826000,-0.150330,-5.126917,4.000000
8.827000,-0.159534,-4.725343,4.000000
8.828000,-0.159534,-4.725343,4.000000
8.829000,-0.165670,-4.177828,4.000000
8.830000,-0.165670,-4.177828,4.000000
8.831000,-0.168738,-4.161084,4.000000
8.832000,-0.171806,-4.161084,4.000000
8.833000,-0.177942,-3.277749,4.000000
8.834000,-0.177942,-3.277749,4.000000
8.835000,-0.184078,-3.487462,4.000000
8.836000,-0.187146,-3.487462,4.000000
8.837000,-0.187146,-3.487462,4.000000
8.838000,-0.190214,-3.172990,4.000000
8.839000,-0.190214,-2.525050,4.000000
8.840000,-0.193282,-2.760467,4.000000
8.841000,-0.196350,-2.760467,4.000000
8.842000,-0.196350,-2.760467,4.000000
8.843000,-0.196350,-2.760467,4.000000
8.844000,-0.199418,-2.683153,4.000000
8.845000,-0.199418,-2.200274,4.000000
8.846000,-0.199418,-1.866070,4.000000
8.847000,-0.202485,-1.431722,4.000000
8.848000,-0.202485,-1.431722,4.000000
8.849000,-0.202485,-1.160885,4.000000
8.850000,-0.202485,-1.060480,4.000000
8.851000,-0.202485,-1.060480,4.000000
8.852000,-0.199418,0.903807,4.000000
8.853000,-0.199418,0.903807,4.000000
8.854000,-0.199418,0.787973,4.000000
8.855000,-0.196350,1.685603,4.000000
8.856000,-0.196350,1.685603,4.000000
8.857000,-0.196350,1.685603,4.000000
8.858000,-0.193282,1.685603,4.000000
8.859000,-0.193282,1.685603,4.000000
8.860000,-0.190214,1.685603,4.000000
8.861000,-0.187146,1.685603,4.000000
8.862000,-0.187146,1.685603,4.000000
8.863000,-0.184078,0.755583,4.000000
8.864000,-0.184078,0.755583,4.000000
8.865000,-0.181010,0.755583,4.000000
8.866000,-0.177942,0.755583,4.000000
8.867000,-0.174874,0.755583,4.000000
8.868000,-0.171806,2.298176,4.000000
8.869000,-0.168738,2.298176,4.000000
8.870000,-0.165670,2.298176,4.000000
8.871000,-0.162602,2.298176,4.000000
8.872000,-0.156466,3.098299,4.000000
8.873000,-0.153398,3.098299,4.000000
8.874000,-0.144194,3.734411,4.000000
8.875000,-0.144194,3.734411,4.000000
8.876000,-0.134990,4.286110,4.000000
8.877000,-0.131922,4.286110,4.000000
8.878000,-0.131922,4.286110,4.000000
8.879000,-0.125786,4.286110,4.000000
8.880000,-0.119651,4.759809,4.000000
8.881000,-0.110447,5.216359,4.000000
8.882000,-0.110447,5.216359,4.000000
8.883000,-0.104311,5.216359,4.000000
8.884000,-0.098175,5.617513,4.000000
8.885000,-0.085903,5.998336,4.000000
8.886000,-0.079767,5.998336,4.000000
8.887000,-0.079767,5.998336,4.000000
8.888000,-0.064427,6.359797,4.000000
8.889000,-0.064427,6.359797,4.000000
8.890000,-0.058291,6.641109,4.000000
8.891000,-0.052155,6.641109,4.000000
8.892000,-0.042951,6.973520,4.000000
8.893000,-0.027612,7.288342,4.000000
8.894000,-0.021476,7.508395,4.000000
8.895000,-0.012272,7.808312,4.000000
8.896000,-0.012272,7.808312,4.000000
8.897000,-0.006136,7.808312,4.000000
8.898000,0.003068,8.061356,4.000000
8.899000,0.021476,8.255299,4.000000
8.900000,0.021476,8.255299,4.000000
8.901000,0.030680,8.529026,-4.000000
8.902000,0.036816,8.717348,-4.000000
8.903000,0.046019,8.717348,-4.000000
8.904000,0.055223,8.915253,-4.000000
8.905000,0.073631,8.220583,-4.000000
8.906000,0.079767,8.220583,-4.000000
8.907000,0.088971,8.882362,-4.000000
8.908000,0.088971,8.882362,-4.000000
8.909000,0.104311,7.870492,-4.000000
8.910000,0.110447,7.965499,-4.000000
8.911000,0.110447,7.965499,-4.000000
8.912000,0.125786,7.379527,-4.000000
8.913000,0.125786,7.379527,-4.000000
8.914000,0.131922,7.358141,-4.000000
8.915000,0.141126,7.154495,-4.000000
8.916000,0.147262,6.907123,-4.000000
8.917000,0.153398,6.469602,-4.000000
8.918000,0.159534,6.469602,-4.000000
8.919000,0.165670,6.469602,-4.000000
8.920000,0.171806,6.039212,-4.000000
8.921000,0.174874,6.039212,-4.000000
8.922000,0.187146,5.698302,-4.000000
8.923000,0.187146,5.698302,-4.000000
8.924000,0.196350,5.145218,-4.000000
8.925000,0.199418,5.145218,-4.000000
8.926000,0.205553,5.145218,-4.000000
8.927000,0.208621,4.730706,-4.000000
8.928000,0.208621,4.730706,-4.000000
8.929000,0.214757,4.730706,-4.000000
8.930000,0.220893,4.150451,-4.000000
8.931000,0.220893,4.150451,-4.000000
8.932000,0.223961,4.150451,-4.000000
8.933000,0.227029,4.150451,-4.000000
8.934000,0.230097,3.676851,-4.000000
8.935000,0.233165,3.447094,-4.000000
8.936000,0.236233,3.447094,-4.000000
8.937000,0.236233,3.447094,-4.000000
8.938000,0.239301,3.447094,-4.000000
8.939000,0.242369,2.268800,-4.000000
8.940000,0.242369,2.268800,-4.000000
8.941000,0.245437,2.709615,-4.000000
8.942000,0.248505,2.709615,-4.000000
8.943000,0.248505,2.709615,-4.000000
8.944000,0.251573,2.487550,-4.000000
8.945000,0.251573,2.487550,-4.000000
8.946000,0.251573,1.771696,-4.000000
8.947000,0.251573,1.771696,-4.000000
8.948000,0.251573,1.547722,-4.000000
8.949000,0.251573,1.374689,-4.000000
8.950000,0.251573,1.122576,-4.000000
8.951000,0.251573,1.028798,-4.000000
8.952000,0.251573,0.949450,-4.000000
8.953000,0.251573,0.881406,-4.000000
8.954000,0.251573,0.822046,-4.000000
8.955000,0.251573,0.822046,-4.000000
8.956000,0.248505,1.579064,-4.000000
8.957000,0.245437,1.579064,-4.000000
8.958000,0.245437,1.579064,-4.000000
8.959000,0.242369,1.579064,-4.000000
8.960000,0.242369,1.579064,-4.000000
8.961000,0.239301,1.579064,-4.000000
8.962000,0.239301,1.579064,-4.000000
8.963000,0.233165,-0.829322,-4.000000
8.964000,0.233165,-0.829322,-4.000000
8.965000,0.233165,-0.829322,-4.000000
8.966000,0.227029,-0.829322,-4.000000
8.967000,0.223961,-2.230642,-4.000000
8.968000,0.223961,-2.230642,-4.000000
8.969000,0.214757,-2.230642,-4.000000
8.970000,0.214757,-2.230642,-4.000000
8.971000,0.208621,-3.044745,-4.000000
8.972000,0.205553,-3.044745,-4.000000
8.973000,0.199418,-3.717959,-4.000000
8.974000,0.199418,-3.717959,-4.000000
8.975000,0.190214,-3.717959,-4.000000
8.976000,0.187146,-4.275284,-4.000000
8.977000,0.181010,-4.275284,-4.000000
8.978000,0.177942,-4.275284,-4.000000
8.979000,0.171806,-4.781808,-4.000000
8.980000,0.165670,-4.781808,-4.000000
8.981000,0.159534,-5.207351,-4.000000
8.982000,0.153398,-5.207351,-4.000000
8.983000,0.147262,-5.593225,-4.000000
8.984000,0.147262,-5.593225,-4.000000
8.985000,0.134990,-5.990447,-4.000000
8.986000,0.128854,-5.990447,-4.000000
8.987000,0.122718,-6.304660,-4.000000
8.988000,0.116583,-6.304660,-4.000000
8.989000,0.110447,-6.649155,-4.000000
8.990000,0.110447,-6.649155,-4.000000
8.991000,0.101243,-6.955898,-4.000000
8.992000,0.085903,-7.231317,-4.000000
8.993000,0.079767,-7.231317,-4.000000
8.994000,0.070563,-7.523676,-4.000000
8.995000,0.064427,-7.777794,-4.000000
8.996000,0.055223,-7.777794,-4.000000
8.997000,0.046019,-8.032189,-4.000000
8.998000,0.039884,-8.268742,-4.000000
8.999000,0.030680,-8.268742,-4.000000
9.000000,0.021476,-8.491485,-4.000000
9.001000,0.012272,-8.709271,4.000000
9.002000,0.003068,-8.907165,4.000000
9.003000,-0.003068,-8.907165,4.000000
9.004000,-0.003068,-8.907165,4.000000
9.005000,-0.021476,-8.747208,4.000000
9.006000,-0.030680,-8.747208,4.000000
9.007000,-0.030680,-8.747208,4.000000
9.008000,-0.046019,-8.356801,4.000000
9.009000,-0.052155,-8.356801,4.000000
9.010000,-0.061359,-7.686652,4.000000
9.011000,-0.067495,-7.686652,4.000000
9.012000,-0.076699,-7.560565,4.000000
9.013000,-0.082835,-7.310896,4.000000
9.014000,-0.088971,-7.310896,4.000000
9.015000,-0.095107,-6.854025,4.000000
9.016000,-0.101243,-6.854025,4.000000
9.017000,-0.107379,-6.543918,4.000000
9.018000,-0.113515,-6.543918,4.000000
9.019000,-0.119651,-6.083035,4.000000
9.020000,-0.125786,-6.083035,4.000000
9.021000,-0.131922,-5.791376,4.000000
9.022000,-0.134990,-5.791376,4.000000
9.023000,-0.141126,-5.791376,4.000000
9.024000,-0.144194,-5.140848,4.000000
9.025000,-0.150330,-5.140848,4.000000
9.026000,-0.153398,-4.708748,4.000000
9.027000,-0.159534,-4.806964,4.000000
9.028000,-0.162602,-4.806964,4.000000
9.029000,-0.165670,-4.277126,4.000000
9.030000,-0.165670,-4.277126,4.000000
9.031000,-0.171806,-4.194428,4.000000
9.032000,-0.174874,-4.194428,4.000000
9.033000,-0.177942,-3.276400,4.000000
9.034000,-0.181010,-3.546435,4.000000
9.035000,-0.181010,-3.546435,4.000000
9.036000,-0.184078,-3.546435,4.000000
9.037000,-0.187146,-3.123888,4.000000
9.038000,-0.190214,-3.123888,4.000000
9.039000,-0.193282,-2.834236,4.000000
9.040000,-0.196350,-2.834236,4.000000
9.041000,-0.196350,-2.834236,4.000000
9.042000,-0.196350,-2.834236,4.000000
9.043000,-0.196350,-2.834236,4.000000
9.044000,-0.199418,-2.108932,4.000000
9.045000,-0.199418,-1.798076,4.000000
9.046000,-0.202485,-1.568148,4.000000
9.047000,-0.202485,-1.390383,4.000000
9.048000,-0.202485,-1.249260,4.000000
9.049000,-0.202485,-1.133267,4.000000
9.050000,-0.202485,-1.037348,4.000000
9.051000,-0.202485,-0.956466,4.000000
9.052000,-0.202485,-0.887780,4.000000
9.053000,-0.202485,-0.827825,4.000000
9.054000,-0.199418,0.775209,4.000000
9.055000,-0.199418,0.729332,4.000000
9.056000,-0.199418,0.688373,4.000000
9.057000,-0.196350,1.819245,4.000000
9.058000,-0.196350,1.819245,4.000000
9.059000,-0.193282,1.819245,4.000000
9.060000,-0.193282,1.819245,4.000000
9.061000,-0.190214,1.819245,4.000000
9.062000,-0.187146,1.819245,4.000000
9.063000,-0.184078,0.688415,4.000000
9.064000,-0.184078,0.688415,4.000000
9.065000,-0.181010,0.688415,4.000000
9.066000,-0.177942,0.688415,4.000000
9.067000,-0.174874,0.688415,4.000000
9.068000,-0.171806,2.379155,4.000000
9.069000,-0.168738,2.379155,4.000000
9.070000,-0.162602,2.379155,4.000000
9.071000,-0.159534,3.156317,4.000000
9.072000,-0.156466,3.156317,4.000000
9.073000,-0.153398,3.156317,4.000000
9.074000,-0.147262,3.782645,4.000000
9.075000,-0.144194,3.782645,4.000000
9.076000,-0.138058,3.782645,4.000000
9.077000,-0.134990,4.321559,4.000000
9.078000,-0.128854,4.321559,4.000000
9.079000,-0.122718,4.791662,4.000000
9.080000,-0.119651,4.791662,4.000000
9.081000,-0.113515,4.791662,4.000000
9.082000,-0.113515,4.791662,4.000000
9.083000,-0.107379,5.254921,4.000000
9.084000,-0.095107,5.644679,4.000000
9.085000,-0.088971,5.644679,4.000000
9.086000,-0.082835,6.030762,4.000000
9.087000,-0.076699,6.030762,4.000000
9.088000,-0.067495,6.390939,4.000000
9.089000,-0.067495,6.670942,4.000000
9.090000,-0.055223,6.670942,4.000000
9.091000,-0.049087,7.009646,4.000000
9.092000,-0.039884,7.009646,4.000000
9.093000,-0.033748,7.313135,4.000000
9.094000,-0.024544,7.540434,4.000000
9.095000,-0.018408,7.540434,4.000000
9.096000,-0.009204,7.844429,4.000000
9.097000,0.000000,8.087402,4.000000
9.098000,0.009204,8.087402,4.000000
9.099000,0.015340,8.297862,4.000000
9.100000,0.024544,8.562666,4.000000
9.101000,0.033748,8.562666,-4.000000
9.102000,0.042951,8.753360,-4.000000
9.103000,0.049087,8.439495,-4.000000
9.104000,0.058291,8.439495,-4.000000
9.105000,0.067495,8.424127,-4.000000
9.106000,0.076699,8.644936,-4.000000
9.107000,0.082835,8.410735,-4.000000
9.108000,0.092039,8.005118,-4.000000
9.109000,0.098175,8.080671,-4.000000
9.110000,0.107379,8.080671,-4.000000
9.111000,0.113515,7.564189,-4.000000
9.112000,0.122718,7.355262,-4.000000
9.113000,0.128854,7.355262,-4.000000
9.114000,0.134990,7.057066,-4.000000
9.115000,0.141126,7.057066,-4.000000
9.116000,0.147262,6.721997,-4.000000
9.117000,0.153398,6.721997,-4.000000
9.118000,0.159534,6.239393,-4.000000
9.119000,0.165670,6.239393,-4.000000
9.120000,0.171806,5.906868,-4.000000
9.121000,0.177942,5.906868,-4.000000
9.122000,0.181010,5.608883,-4.000000
9.123000,0.187146,5.444508,-4.000000
9.124000,0.190214,5.444508,-4.000000
9.125000,0.196350,5.001998,-4.000000
9.126000,0.199418,5.001998,-4.000000
9.127000,0.205553,5.001998,-4.000000
9.128000,0.208621,4.436676,-4.000000
9.129000,0.211689,4.436676,-4.000000
9.130000,0.214757,4.436676,-4.000000
9.131000,0.217825,3.700411,-4.000000
9.132000,0.220893,3.868973,-4.000000
9.133000,0.223961,3.868973,-4.000000
9.134000,0.227029,3.868973,-4.000000
9.135000,0.230097,3.200818,-4.000000
9.136000,0.233165,3.162451,-4.000000
9.137000,0.233165,3.162451,-4.000000
9.138000,0.236233,3.162451,-4.000000
9.139000,0.239301,3.162451,-4.000000
9.140000,0.239301,2.798818,-4.000000
9.141000,0.242369,2.276446,-4.000000
9.142000,0.242369,1.921910,-4.000000
9.143000,0.245437,2.295287,-4.000000
9.144000,0.245437,2.295287,-4.000000
9.145000,0.245437,2.295287,-4.000000
9.146000,0.245437,2.295287,-4.000000
9.147000,0.245437,2.295287,-4.000000
9.148000,0.245437,2.295287,-4.000000
9.149000,0.245437,1.978856,-4.000000
9.150000,0.245437,1.703749,-4.000000
9.151000,0.245437,1.495966,-4.000000
9.152000,0.245437,1.332510,-4.000000
9.153000,0.245437,1.202891,-4.000000
9.154000,0.245437,1.094828,-4.000000
9.155000,0.242369,-1.005961,-4.000000
9.156000,0.242369,-0.929235,-4.000000
9.157000,0.239301,-0.863830,-4.000000
9.158000,0.239301,-0.806850,-4.000000
9.159000,0.236233,-0.759610,-4.000000
9.160000,0.236233,-0.759610,-4.000000
9.161000,0.233165,-0.759610,-4.000000
9.162000,0.230097,-0.759610,-4.000000
9.163000,0.230097,-0.759610,-4.000000
9.164000,0.227029,-0.759610,-4.000000
9.165000,0.223961,-1.736227,-4.000000
9.166000,0.220893,-1.736227,-4.000000
9.167000,0.217825,-1.736227,-4.000000
9.168000,0.214757,-1.736227,-4.000000
9.169000,0.211689,-2.716596,-4.000000
9.170000,0.205553,-2.716596,-4.000000
9.171000,0.202485,-2.716596,-4.000000
9.172000,0.199418,-3.438161,-4.000000
9.173000,0.193282,-3.438161,-4.000000
9.174000,0.190214,-3.438161,-4.000000
9.175000,0.184078,-4.028509,-4.000000
9.176000,0.181010,-4.028509,-4.000000
9.177000,0.174874,-4.603645,-4.000000
9.178000,0.171806,-4.603645,-4.000000
9.179000,0.165670,-4.603645,-4.000000
9.180000,0.159534,-4.996850,-4.000000
9.181000,0.153398,-4.996850,-4.000000
9.182000,0.147262,-5.438075,-4.000000
9.183000,0.141126,-5.438075,-4.000000
9.184000,0.134990,-5.818492,-4.000000
9.185000,0.128854,-5.818492,-4.000000
9.186000,0.122718,-6.153701,-4.000000
9.187000,0.116583,-6.153701,-4.000000
9.188000,0.110447,-6.482370,-4.000000
9.189000,0.101243,-6.482370,-4.000000
9.190000,0.095107,-6.809023,-4.000000
9.191000,0.088971,-7.082124,-4.000000
9.192000,0.079767,-7.082124,-4.000000
9.193000,0.073631,-7.381068,-4.000000
9.194000,0.073631,-7.381068,-4.000000
9.195000,0.058291,-7.635043,-4.000000
9.196000,0.049087,-7.887706,-4.000000
9.197000,0.039884,-8.128396,-4.000000
9.198000,0.033748,-8.128396,-4.000000
9.199000,0.024544,-8.354115,-4.000000
9.200000,0.015340,-8.567315,4.000000
9.201000,0.006136,-8.567315,4.000000
9.202000,0.000000,-8.766387,4.000000
9.203000,-0.009204,-7.699781,4.000000
9.204000,-0.018408,-7.699781,4.000000
9.205000,-0.024544,-8.634460,4.000000
9.206000,-0.033748,-8.137604,4.000000
9.207000,-0.042951,-8.137604,4.000000
9.208000,-0.049087,-7.815356,4.000000
9.209000,-0.055223,-7.815356,4.000000
9.210000,-0.064427,-7.371093,4.000000
9.211000,-0.070563,-7.313922,4.000000
9.212000,-0.076699,-7.313922,4.000000
9.213000,-0.082835,-6.851474,4.000000
9.214000,-0.088971,-6.851474,4.000000
9.215000,-0.088971,-6.851474,4.000000
9.216000,-0.101243,-6.523963,4.000000
9.217000,-0.107379,-6.090876,4.000000
9.218000,-0.107379,-6.090876,4.000000
9.219000,-0.119651,-5.667598,4.000000
9.220000,-0.122718,-5.667598,4.000000
9.221000,-0.128854,-5.667598,4.000000
9.222000,-0.131922,-5.200853,4.000000
9.223000,-0.138058,-5.200853,4.000000
9.224000,-0.141126,-4.733494,4.000000
9.225000,-0.147262,-4.744067,4.000000
9.226000,-0.150330,-4.744067,4.000000
9.227000,-0.153398,-4.327019,4.000000
9.228000,-0.156466,-4.144941,4.000000
9.229000,-0.159534,-4.144941,4.000000
9.230000,-0.162602,-4.144941,4.000000
9.231000,-0.165670,-3.338685,4.000000
9.232000,-0.165670,-3.338685,4.000000
9.233000,-0.171806,-3.534843,4.000000
9.234000,-0.174874,-3.534843,4.000000
9.235000,-0.177942,-3.204451,4.000000
9.236000,-0.177942,-2.544772,4.000000
9.237000,-0.181010,-2.791664,4.000000
9.238000,-0.181010,-2.791664,4.000000
9.239000,-0.184078,-2.791664,4.000000
9.240000,-0.184078,-2.791664,4.000000
9.241000,-0.187146,-2.672335,4.000000
9.242000,-0.187146,-2.193942,4.000000
9.243000,-0.187146,-1.860737,4.000000
9.244000,-0.187146,-1.614844,4.000000
9.245000,-0.190214,-1.428719,4.000000
9.246000,-0.190214,-1.279133,4.000000
9.247000,-0.190214,-1.157923,4.000000
9.248000,-0.190214,-1.058165,4.000000
9.249000,-0.190214,-0.974522,4.000000
9.250000,-0.190214,-0.902899,4.000000
9.251000,-0.187146,0.840768,4.000000
9.252000,-0.187146,0.787005,4.000000
9.253000,-0.187146,0.739417,4.000000
9.254000,-0.184078,1.738612,4.000000
9.255000,-0.184078,1.738612,4.000000
9.256000,-0.181010,1.738612,4.000000
9.257000,-0.181010,1.738612,4.000000
9.258000,-0.177942,1.738612,4.000000
9.259000,-0.177942,1.738612,4.000000
9.260000,-0.174874,1.738612,4.000000
9.261000,-0.171806,0.726833,4.000000
9.262000,-0.168738,0.726833,4.000000
9.263000,-0.165670,0.726833,4.000000
9.264000,-0.162602,0.726833,4.000000
9.265000,-0.159534,2.321203,4.000000
9.266000,-0.156466,2.321203,4.000000
9.267000,-0.153398,2.321203,4.000000
9.268000,-0.150330,2.321203,4.000000
9.269000,-0.147262,3.117748,4.000000
9.270000,-0.144194,3.117748,4.000000
9.271000,-0.138058,3.117748,4.000000
9.272000,-0.134990,3.759789,4.000000
9.273000,-0.128854,3.759789,4.000000
9.274000,-0.125786,3.759789,4.000000
9.275000,-0.119651,4.290939,4.000000
9.276000,-0.116583,4.290939,4.000000
9.277000,-0.110447,4.785978,4.000000
9.278000,-0.104311,4.785978,4.000000
9.279000,-0.104311,4.785978,4.000000
9.280000,-0.092039,5.230904,4.000000
9.281000,-0.085903,5.624808,4.000000
9.282000,-0.079767,5.624808,4.000000
9.283000,-0.073631,6.030268,4.000000
9.284000,-0.067495,6.030268,4.000000
9.285000,-0.067495,6.030268,4.000000
9.286000,-0.055223,6.326192,4.000000
9.287000,-0.049087,6.685782,4.000000
9.288000,-0.039884,6.685782,4.000000
9.289000,-0.033748,6.992062,4.000000
9.290000,-0.027612,6.992062,4.000000
9.291000,-0.018408,7.235344,4.000000
9.292000,-0.012272,7.561212,4.000000
9.293000,-0.003068,7.561212,4.000000
9.294000,0.006136,7.803347,4.000000
9.295000,0.012272,8.026425,4.000000
9.296000,0.021476,8.026425,4.000000
9.297000,0.030680,8.297940,4.000000
9.298000,0.039884,8.503743,4.000000
9.299000,0.049087,8.707211,4.000000
9.300000,0.058291,8.707211,-4.000000
9.301000,0.064427,8.933823,-4.000000
9.302000,0.073631,8.325070,-4.000000
9.303000,0.082835,8.325070,-4.000000
9.304000,0.092039,8.854323,-4.000000
9.305000,0.098175,8.721822,-4.000000
9.306000,0.107379,8.721822,-4.000000
9.307000,0.116583,8.088216,-4.000000
9.308000,0.122718,8.178732,-4.000000
9.309000,0.131922,8.178732,-4.000000
9.310000,0.138058,7.629966,-4.000000
9.311000,0.147262,7.518042,-4.000000
9.312000,0.153398,7.518042,-4.000000
9.313000,0.159534,7.126335,-4.000000
9.314000,0.165670,7.126335,-4.000000
9.315000,0.171806,6.770155,-4.000000
9.316000,0.177942,6.770155,-4.000000
9.317000,0.184078,6.352983,-4.000000
9.318000,0.190214,6.352983,-4.000000
9.319000,0.196350,6.014342,-4.000000
9.320000,0.202485,6.014342,-4.000000
9.321000,0.205553,5.432725,-4.000000
9.322000,0.211689,5.540684,-4.000000
9.323000,0.217825,5.540684,-4.000000
9.324000,0.220893,5.095664,-4.000000
9.325000,0.227029,5.095664,-4.000000
9.326000,0.230097,5.095664,-4.000000
9.327000,0.233165,4.554265,-4.000000
9.328000,0.236233,4.554265,-4.000000
9.329000,0.242369,4.554265,-4.000000
9.330000,0.245437,3.999262,-4.000000
9.331000,0.248505,3.999262,-4.000000
9.332000,0.251573,3.999262,-4.000000
9.333000,0.254641,3.859273,-4.000000
9.334000,0.257709,3.299216,-4.000000
9.335000,0.257709,3.299216,-4.000000
9.336000,0.260777,3.299216,-4.000000
9.337000,0.263845,3.299216,-4.000000
9.338000,0.263845,3.062411,-4.000000
9.339000,0.266913,2.447977,-4.000000
9.340000,0.266913,2.041942,-4.000000
9.341000,0.269981,2.493152,-4.000000
9.342000,0.269981,2.493152,-4.000000
9.343000,0.273049,2.493152,-4.000000
9.344000,0.273049,2.493152,-4.000000
9.345000,0.273049,2.493152,-4.000000
9.346000,0.273049,2.099192,-4.000000
9.347000,0.273049,1.792444,-4.000000
9.348000,0.273049,1.564812,-4.000000
9.349000,0.273049,1.387091,-4.000000
9.350000,0.273049,1.246785,-4.000000
9.351000,0.273049,1.131687,-4.000000
9.352000,0.273049,1.036083,-4.000000
9.353000,0.273049,0.955614,-4.000000
9.354000,0.273049,0.955614,-4.000000
9.355000,0.269981,-0.886663,-4.000000
9.356000,0.269981,-0.826587,-4.000000
9.357000,0.269981,-0.774410,-4.000000
9.358000,0.263845,-0.687642,-4.000000
9.359000,0.263845,-0.687642,-4.000000
9.360000,0.260777,-0.629657,-4.000000
9.361000,0.260777,-0.629657,-4.000000
9.362000,0.257709,-0.629657,-4.000000
9.363000,0.257709,-0.629657,-4.000000
9.364000,0.254641,-0.629657,-4.000000
9.365000,0.251573,-0.629657,-4.000000
9.366000,0.248505,-1.979037,-4.000000
9.367000,0.245437,-1.979037,-4.000000
9.368000,0.242369,-1.979037,-4.000000
9.369000,0.236233,-2.886229,-4.000000
9.370000,0.236233,-2.886229,-4.000000
9.371000,0.233165,-2.886229,-4.000000
9.372000,0.227029,-2.886229,-4.000000
9.373000,0.223961,-3.573197,-4.000000
9.374000,0.220893,-3.573197,-4.000000
9.375000,0.211689,-4.133249,-4.000000
9.376000,0.211689,-4.133249,-4.000000
9.377000,0.199418,-4.649332,-4.000000
9.378000,0.199418,-4.649332,-4.000000
9.379000,0.190214,-4.649332,-4.000000
9.380000,0.184078,-5.108126,-4.000000
9.381000,0.177942,-5.108126,-4.000000
9.382000,0.171806,-5.518399,-4.000000
9.383000,0.165670,-5.518399,-4.000000
9.384000,0.159534,-5.909120,-4.000000
9.385000,0.153398,-5.909120,-4.000000
9.386000,0.147262,-6.246451,-4.000000
9.387000,0.141126,-6.246451,-4.000000
9.388000,0.134990,-6.596338,-4.000000
9.389000,0.125786,-6.888169,-4.000000
9.390000,0.119651,-6.888169,-4.000000
9.391000,0.110447,-7.183169,-4.000000
9.392000,0.104311,-7.183169,-4.000000
9.393000,0.095107,-7.469423,-4.000000
9.394000,0.088971,-7.735034,-4.000000
9.395000,0.079767,-7.735034,-4.000000
9.396000,0.070563,-7.985801,-4.000000
9.397000,0.064427,-8.236599,-4.000000
9.398000,0.064427,-8.236599,-4.000000
9.399000,0.046019,-8.458562,-4.000000
9.400000,0.036816,-8.665538,-4.000000
9.401000,0.027612,-8.889332,4.000000
9.402000,0.018408,-8.889332,4.000000
9.403000,0.012272,-9.075691,4.000000
9.404000,0.003068,-7.960834,4.000000
9.405000,-0.006136,-7.960834,4.000000
9.406000,-0.015340,-8.867297,4.000000
9.407000,-0.021476,-8.641892,4.000000
9.408000,-0.030680,-8.641892,4.000000
9.409000,-0.036816,-7.909949,4.000000
9.410000,-0.046019,-7.838235,4.000000
9.411000,-0.052155,-7.838235,4.000000
9.412000,-0.061359,-7.622396,4.000000
9.413000,-0.067495,-7.622396,4.000000
9.414000,-0.073631,-7.041712,4.000000
9.415000,-0.079767,-7.041712,4.000000
9.416000,-0.085903,-6.872257,4.000000
9.417000,-0.085903,-6.872257,4.000000
9.418000,-0.092039,-6.387520,4.000000
9.419000,-0.104311,-6.261190,4.000000
9.420000,-0.104311,-6.261190,4.000000
9.421000,-0.110447,-6.063207,4.000000
9.422000,-0.122718,-5.669344,4.000000
9.423000,-0.122718,-5.669344,4.000000
9.424000,-0.125786,-5.669344,4.000000
9.425000,-0.134990,-5.219934,4.000000
9.426000,-0.134990,-5.219934,4.000000
9.427000,-0.144194,-4.656707,4.000000
9.428000,-0.147262,-4.656707,4.000000
9.429000,-0.153398,-4.656707,4.000000
9.430000,-0.153398,-4.117877,4.000000
9.431000,-0.159534,-4.117877,4.000000
9.432000,-0.162602,-4.117877,4.000000
9.433000,-0.165670,-3.921692,4.000000
9.434000,-0.168738,-3.457764,4.000000
9.435000,-0.171806,-3.457764,4.000000
9.436000,-0.171806,-3.457764,4.000000
9.437000,-0.174874,-3.457764,4.000000
9.438000,-0.177942,-2.919725,4.000000
9.439000,-0.177942,-2.356710,4.000000
9.440000,-0.181010,-2.725218,4.000000
9.441000,-0.181010,-2.725218,4.000000
9.442000,-0.184078,-2.725218,4.000000
9.443000,-0.184078,-2.725218,4.000000
9.444000,-0.187146,-2.578036,4.000000
9.445000,-0.187146,-2.130894,4.000000
9.446000,-0.187146,-1.813696,4.000000
9.447000,-0.187146,-1.581888,4.000000
9.448000,-0.187146,-1.400409,4.000000
9.449000,-0.187146,-1.256805,4.000000
9.450000,-0.187146,-1.140007,4.000000
9.451000,-0.187146,-1.042984,4.000000
9.452000,-0.187146,-0.961925,4.000000
9.453000,-0.187146,-0.891487,4.000000
9.454000,-0.187146,-0.831136,4.000000
9.455000,-0.184078,-1.608459,4.000000
9.456000,-0.184078,-1.608459,4.000000
9.457000,-0.184078,-1.608459,4.000000
9.458000,-0.181010,-1.608459,4.000000
9.459000,-0.181010,-1.608459,4.000000
9.460000,-0.177942,-1.608459,4.000000
9.461000,-0.174874,-1.608459,4.000000
9.462000,-0.174874,-1.608459,4.000000
9.463000,-0.171806,0.796276,4.000000
9.464000,-0.168738,0.796276,4.000000
9.465000,-0.165670,0.796276,4.000000
9.466000,-0.162602,0.796276,4.000000
9.467000,-0.159534,2.235258,4.000000
9.468000,-0.156466,2.235258,4.000000
9.469000,-0.153398,2.235258,4.000000
9.470000,-0.150330,2.235258,4.000000
9.471000,-0.147262,3.053152,4.000000
9.472000,-0.144194,3.053152,4.000000
9.473000,-0.138058,3.053152,4.000000
9.474000,-0.134990,3.705827,4.000000
9.475000,-0.131922,3.705827,4.000000
9.476000,-0.125786,3.705827,4.000000
9.477000,-0.119651,4.249193,4.000000
9.478000,-0.116583,4.249193,4.000000
9.479000,-0.110447,4.734661,4.000000
9.480000,-0.110447,4.734661,4.000000
9.481000,-0.104311,4.734661,4.000000
9.482000,-0.095107,5.198772,4.000000
9.483000,-0.088971,5.198772,4.000000
9.484000,-0.088971,5.198772,4.000000
9.485000,-0.076699,5.583117,4.000000
9.486000,-0.070563,6.007227,4.000000
9.487000,-0.064427,6.007227,4.000000
9.488000,-0.055223,6.291014,4.000000
9.489000,-0.049087,6.676487,4.000000
9.490000,-0.042951,6.676487,4.000000
9.491000,-0.036816,6.970715,4.000000
9.492000,-0.027612,6.970715,4.000000
9.493000,-0.021476,7.223277,4.000000
9.494000,-0.012272,7.565484,4.000000
9.495000,-0.006136,7.565484,4.000000
9.496000,0.003068,7.804174,4.000000
9.497000,0.012272,8.040083,4.000000
9.498000,0.012272,8.040083,4.000000
9.499000,0.027612,8.325619,4.000000
9.500000,0.036816,8.521951,4.000000
9.501000,0.046019,8.521951,-4.000000
9.502000,0.055223,8.749460,-4.000000
9.503000,0.061359,8.430718,-4.000000
9.504000,0.070563,8.430718,-4.000000
9.505000,0.079767,8.449260,-4.000000
9.506000,0.088971,8.648405,-4.000000
9.507000,0.095107,8.500880,-4.000000
9.508000,0.104311,8.033942,-4.000000
9.509000,0.110447,8.094218,-4.000000
9.510000,0.119651,8.094218,-4.000000
9.511000,0.125786,7.583536,-4.000000
9.512000,0.134990,7.401782,-4.000000
9.513000,0.141126,7.401782,-4.000000
9.514000,0.147262,7.093382,-4.000000
9.515000,0.153398,7.093382,-4.000000
9.516000,0.159534,6.749572,-4.000000
9.517000,0.165670,6.749572,-4.000000
9.518000,0.165670,6.749572,-4.000000
9.519000,0.171806,6.272837,-4.000000
9.520000,0.184078,5.988539,-4.000000
9.521000,0.184078,5.988539,-4.000000
9.522000,0.190214,5.489326,-4.000000
9.523000,0.193282,5.489326,-4.000000
9.524000,0.199418,5.508525,-4.000000
9.525000,0.205553,5.508525,-4.000000
9.526000,0.208621,5.041412,-4.000000
9.527000,0.217825,5.041412,-4.000000
9.528000,0.220893,4.532980,-4.000000
9.529000,0.220893,4.532980,-4.000000
9.530000,0.223961,4.532980,-4.000000
9.531000,0.233165,3.941583,-4.000000
9.532000,0.233165,3.941583,-4.000000
9.533000,0.236233,3.941583,-4.000000
9.534000,0.239301,3.941583,-4.000000
9.535000,0.239301,3.941583,-4.000000
9.536000,0.242369,3.018430,-4.000000
9.537000,0.245437,3.264344,-4.000000
9.538000,0.248505,3.264344,-4.000000
9.539000,0.248505,3.264344,-4.000000
9.540000,0.251573,3.233463,-4.000000
9.541000,0.254641,2.117088,-4.000000
9.542000,0.257709,2.419932,-4.000000
9.543000,0.257709,2.419932,-4.000000
9.544000,0.257709,2.419932,-4.000000
9.545000,0.260777,2.419932,-4.000000
9.546000,0.260777,2.419932,-4.000000
9.547000,0.260777,2.419932,-4.000000
9.548000,0.260777,2.297842,-4.000000
9.549000,0.260777,1.936764,-4.000000
9.550000,0.260777,1.672664,-4.000000
9.551000,0.260777,1.471035,-4.000000
9.552000,0.260777,1.313455,-4.000000
9.553000,0.260777,1.187019,-4.000000
9.554000,0.260777,1.082466,-4.000000
9.555000,0.257709,-0.994312,-4.000000
9.556000,0.257709,-0.919606,-4.000000
9.557000,0.257709,-0.855481,-4.000000
9.558000,0.254641,-0.800060,-4.000000
9.559000,0.254641,-0.751099,-4.000000
9.560000,0.248505,-0.675240,-4.000000
9.561000,0.248505,-0.675240,-4.000000
9.562000,0.245437,-0.675240,-4.000000
9.563000,0.245437,-0.675240,-4.000000
9.564000,0.242369,-0.675240,-4.000000
9.565000,0.239301,-0.675240,-4.000000
9.566000,0.236233,-1.896950,-4.000000
9.567000,0.230097,-1.896950,-4.000000
9.568000,0.227029,-1.896950,-4.000000
9.569000,0.227029,-1.896950,-4.000000
9.570000,0.223961,-2.823900,-4.000000
9.571000,0.220893,-2.823900,-4.000000
9.572000,0.214757,-2.823900,-4.000000
9.573000,0.214757,-2.823900,-4.000000
9.574000,0.205553,-3.513995,-4.000000
9.575000,0.199418,-4.101077,-4.000000
9.576000,0.199418,-4.101077,-4.000000
9.577000,0.190214,-4.101077,-4.000000
9.578000,0.184078,-4.602973,-4.000000
9.579000,0.184078,-4.602973,-4.000000
9.580000,0.181010,-4.602973,-4.000000
9.581000,0.174874,-5.104496,-4.000000
9.582000,0.168738,-5.104496,-4.000000
9.583000,0.162602,-5.458534,-4.000000
9.584000,0.156466,-5.458534,-4.000000
9.585000,0.144194,-5.858460,-4.000000
9.586000,0.138058,-6.198380,-4.000000
9.587000,0.138058,-6.198380,-4.000000
9.588000,0.131922,-6.198380,-4.000000
9.589000,0.116583,-6.512855,-4.000000
9.590000,0.116583,-6.512855,-4.000000
9.591000,0.110447,-6.828071,-4.000000
9.592000,0.104311,-6.828071,-4.000000
9.593000,0.088971,-7.402836,-4.000000
9.594000,0.079767,-7.402836,-4.000000
9.595000,0.073631,-7.637616,-4.000000
9.596000,0.073631,-7.637616,-4.000000
9.597000,0.064427,-7.891933,-4.000000
9.598000,0.049087,-8.146082,-4.000000
9.599000,0.039884,-8.326089,-4.000000
9.600000,0.030680,-8.326089,-4.000000
9.601000,0.030680,-8.326089,4.000000
9.602000,0.012272,-8.767344,4.000000
9.603000,0.012272,-8.767344,4.000000
9.604000,-0.003068,-7.884961,4.000000
9.605000,-0.012272,-9.018535,4.000000
9.606000,-0.012272,-9.018535,4.000000
9.607000,-0.027612,-8.018485,4.000000
9.608000,-0.027612,-8.018485,4.000000
9.609000,-0.033748,-8.265029,4.000000
9.610000,-0.049087,-7.489239,4.000000
9.611000,-0.058291,-7.519386,4.000000
9.612000,-0.064427,-7.519386,4.000000
9.613000,-0.064427,-7.519386,4.000000
9.614000,-0.076699,-7.086725,4.000000
9.615000,-0.082835,-6.701197,4.000000
9.616000,-0.082835,-6.701197,4.000000
9.617000,-0.095107,-6.401867,4.000000
9.618000,-0.095107,-6.401867,4.000000
9.619000,-0.107379,-5.918144,4.000000
9.620000,-0.107379,-5.918144,4.000000
9.621000,-0.113515,-5.918144,4.000000
9.622000,-0.116583,-5.425986,4.000000
9.623000,-0.122718,-5.523056,4.000000
9.624000,-0.128854,-5.523056,4.000000
9.625000,-0.131922,-5.003754,4.000000
9.626000,-0.134990,-5.003754,4.000000
9.627000,-0.144194,-4.516113,4.000000
9.628000,-0.147262,-4.516113,4.000000
9.629000,-0.153398,-4.516113,4.000000
9.630000,-0.153398,-3.939475,4.000000
9.631000,-0.159534,-3.939475,4.000000
9.632000,-0.162602,-3.939475,4.000000
9.633000,-0.165670,-3.939475,4.000000
9.634000,-0.165670,-3.939475,4.000000
9.635000,-0.165670,-3.010019,4.000000
9.636000,-0.171806,-3.269755,4.000000
9.637000,-0.171806,-3.269755,4.000000
9.638000,-0.174874,-3.269755,4.000000
9.639000,-0.174874,-3.187631,4.000000
9.640000,-0.177942,-2.526905,4.000000
9.641000,-0.177942,-2.095066,4.000000
9.642000,-0.181010,-2.460384,4.000000
9.643000,-0.181010,-2.460384,4.000000
9.644000,-0.184078,-2.460384,4.000000
9.645000,-0.184078,-2.460384,4.000000
9.646000,-0.184078,-2.460384,4.000000
9.647000,-0.184078,-1.893751,4.000000
9.648000,-0.184078,-1.893751,4.000000
9.649000,-0.184078,-1.448302,4.000000
9.650000,-0.184078,-1.295043,4.000000
9.651000,-0.184078,-1.171333,4.000000
9.652000,-0.184078,-1.069107,4.000000
9.653000,-0.184078,-0.983355,4.000000
9.654000,-0.181010,0.910839,4.000000
9.655000,-0.181010,0.847498,4.000000
9.656000,-0.181010,0.793084,4.000000
9.657000,-0.177942,0.744628,4.000000
9.658000,-0.177942,0.744628,4.000000
9.659000,-0.174874,0.664281,4.000000
9.660000,-0.171806,0.636269,4.000000
9.661000,-0.171806,0.636269,4.000000
9.662000,-0.168738,0.636269,4.000000
9.663000,-0.165670,0.636269,4.000000
9.664000,-0.162602,0.636269,4.000000
9.665000,-0.159534,1.946234,4.000000
9.666000,-0.156466,1.946234,4.000000
9.667000,-0.153398,1.946234,4.000000
9.668000,-0.150330,1.946234,4.000000
9.669000,-0.147262,2.847048,4.000000
9.670000,-0.144194,2.847048,4.000000
9.671000,-0.141126,2.847048,4.000000
9.672000,-0.134990,3.537362,4.000000
9.673000,-0.131922,3.537362,4.000000
9.674000,-0.125786,3.537362,4.000000
9.675000,-0.122718,4.102105,4.000000
9.676000,-0.116583,4.102105,4.000000
9.677000,-0.113515,4.102105,4.000000
9.678000,-0.107379,4.621560,4.000000
9.679000,-0.101243,4.621560,4.000000
9.680000,-0.101243,4.621560,4.000000
9.681000,-0.092039,5.071797,4.000000
9.682000,-0.085903,5.494105,4.000000
9.683000,-0.079767,5.494105,4.000000
9.684000,-0.073631,5.899138,4.000000
9.685000,-0.067495,5.899138,4.000000
9.686000,-0.061359,6.222739,4.000000
9.687000,-0.052155,6.222739,4.000000
9.688000,-0.046019,6.588518,4.000000
9.689000,-0.039884,6.588518,4.000000
9.690000,-0.039884,6.588518,4.000000
9.691000,-0.024544,7.154147,4.000000
9.692000,-0.018408,7.154147,4.000000
9.693000,-0.009204,7.478906,4.000000
9.694000,0.000000,7.747717,4.000000
9.695000,0.006136,7.747717,4.000000
9.696000,0.015340,7.960117,4.000000
9.697000,0.024544,8.248594,4.000000
9.698000,0.030680,8.248594,4.000000
9.699000,0.039884,8.458238,4.000000
9.700000,0.049087,8.679754,-4.000000
9.701000,0.058291,8.679754,-4.000000
9.702000,0.064427,8.900256,-4.000000
9.703000,0.073631,8.011506,-4.000000
9.704000,0.082835,8.011506,-4.000000
9.705000,0.092039,8.420193,-4.000000
9.706000,0.098175,8.660187,-4.000000
9.707000,0.107379,8.660187,-4.000000
9.708000,0.113515,7.814320,-4.000000
9.709000,0.122718,7.816255,-4.000000
9.710000,0.128854,7.816255,-4.000000
9.711000,0.128854,7.501001,-4.000000
9.712000,0.144194,7.501001,-4.000000
9.713000,0.144194,7.501001,-4.000000
9.714000,0.150330,6.962695,-4.000000
9.715000,0.156466,6.962695,-4.000000
9.716000,0.168738,6.652158,-4.000000
9.717000,0.168738,6.652158,-4.000000
9.718000,0.174874,6.426219,-4.000000
9.719000,0.181010,6.426219,-4.000000
9.720000,0.187146,6.013768,-4.000000
9.721000,0.193282,6.013768,-4.000000
9.722000,0.196350,5.579662,-4.000000
9.723000,0.202485,5.579662,-4.000000
9.724000,0.205553,5.020073,-4.000000
9.725000,0.211689,5.136395,-4.000000
9.726000,0.214757,5.136395,-4.000000
9.727000,0.223961,4.599547,-4.000000
9.728000,0.227029,4.599547,-4.000000
9.729000,0.227029,4.599547,-4.000000
9.730000,0.233165,4.046034,-4.000000
9.731000,0.236233,4.046034,-4.000000
9.732000,0.239301,4.046034,-4.000000
9.733000,0.239301,4.046034,-4.000000
9.734000,0.245437,3.363865,-4.000000
9.735000,0.245437,3.363865,-4.000000
9.736000,0.248505,3.363865,-4.000000
9.737000,0.251573,3.363865,-4.000000
9.738000,0.251573,3.313444,-4.000000
9.739000,0.254641,2.605864,-4.000000
9.740000,0.254641,2.148824,-4.000000
9.741000,0.257709,2.560213,-4.000000
9.742000,0.260777,2.560213,-4.000000
9.743000,0.260777,2.560213,-4.000000
9.744000,0.260777,2.560213,-4.000000
9.745000,0.260777,2.131994,-4.000000
9.746000,0.260777,1.814091,-4.000000
9.747000,0.263845,1.579662,-4.000000
9.748000,0.263845,1.579662,-4.000000
9.749000,0.263845,1.256226,-4.000000
9.750000,0.263845,1.256226,-4.000000
9.751000,0.260777,1.151192,-4.000000
9.752000,0.260777,1.151192,-4.000000
9.753000,0.260777,1.151192,-4.000000
9.754000,0.257709,1.151192,-4.000000
9.755000,0.257709,1.151192,-4.000000
9.756000,0.257709,1.151192,-4.000000
9.757000,0.254641,1.151192,-4.000000
9.758000,0.254641,1.151192,-4.000000
9.759000,0.251573,1.151192,-4.000000
9.760000,0.248505,-1.274350,-4.000000
9.761000,0.245437,-1.274350,-4.000000
9.762000,0.245437,-1.274350,-4.000000
9.763000,0.242369,-1.274350,-4.000000
9.764000,0.239301,-1.274350,-4.000000
9.765000,0.236233,-2.055533,-4.000000
9.766000,0.233165,-2.055533,-4.000000
9.767000,0.230097,-2.055533,-4.000000
9.768000,0.227029,-2.055533,-4.000000
9.769000,0.227029,-2.055533,-4.000000
9.770000,0.220893,-2.928997,-4.000000
9.771000,0.217825,-2.928997,-4.000000
9.772000,0.214757,-2.928997,-4.000000
9.773000,0.208621,-3.600982,-4.000000
9.774000,0.205553,-3.600982,-4.000000
9.775000,0.202485,-3.600982,-4.000000
9.776000,0.196350,-4.177828,-4.000000
9.777000,0.187146,-4.664870,-4.000000
9.778000,0.181010,-4.664870,-4.000000
9.779000,0.181010,-4.664870,-4.000000
9.780000,0.174874,-5.163138,-4.000000
9.781000,0.168738,-5.163138,-4.000000
9.782000,0.162602,-5.519743,-4.000000
9.783000,0.159534,-5.519743,-4.000000
9.784000,0.150330,-5.913391,-4.000000
9.785000,0.144194,-5.913391,-4.000000
9.786000,0.131922,-6.255871,-4.000000
9.787000,0.131922,-6.255871,-4.000000
9.788000,0.125786,-6.571759,-4.000000
9.789000,0.119651,-6.571759,-4.000000
9.790000,0.110447,-6.884197,-4.000000
9.791000,0.104311,-6.884197,-4.000000
9.792000,0.095107,-7.166855,-4.000000
9.793000,0.088971,-7.470117,-4.000000
9.794000,0.073631,-7.706900,-4.000000
9.795000,0.073631,-7.706900,-4.000000
9.796000,0.055223,-7.964493,-4.000000
9.797000,0.055223,-7.964493,-4.000000
9.798000,0.049087,-8.222878,-4.000000
9.799000,0.039884,-8.412657,-4.000000
9.800000,0.021476,-8.649505,4.000000
9.801000,0.012272,-8.865873,4.000000
9.802000,0.012272,-8.865873,4.000000
9.803000,0.006136,-8.483169,4.000000
9.804000,-0.003068,-8.004466,4.000000
9.805000,-0.012272,-9.056435,4.000000
9.806000,-0.021476,-8.127499,4.000000
9.807000,-0.027612,-8.127499,4.000000
9.808000,-0.042951,-8.324913,4.000000
9.809000,-0.052155,-7.596576,4.000000
9.810000,-0.052155,-7.596576,4.000000
9.811000,-0.064427,-7.707370,4.000000
9.812000,-0.064427,-7.707370,4.000000
9.813000,-0.073631,-7.198502,4.000000
9.814000,-0.079767,-7.198502,4.000000
9.815000,-0.085903,-6.812804,4.000000
9.816000,-0.092039,-6.812804,4.000000
9.817000,-0.098175,-6.565264,4.000000
9.818000,-0.104311,-6.565264,4.000000
9.819000,-0.110447,-6.088652,4.000000
9.820000,-0.119651,-5.769782,4.000000
9.821000,-0.119651,-5.769782,4.000000
9.822000,-0.125786,-5.769782,4.000000
9.823000,-0.128854,-5.099017,4.000000
9.824000,-0.138058,-5.229913,4.000000
9.825000,-0.144194,-4.768749,4.000000
9.826000,-0.144194,-4.768749,4.000000
9.827000,-0.150330,-4.768749,4.000000
9.828000,-0.156466,-4.190012,4.000000
9.829000,-0.159534,-4.190012,4.000000
9.830000,-0.159534,-4.190012,4.000000
9.831000,-0.162602,-4.190012,4.000000
9.832000,-0.165670,-3.983809,4.000000
9.833000,-0.171806,-3.561229,4.000000
9.834000,-0.171806,-3.561229,4.000000
9.835000,-0.174874,-3.561229,4.000000
9.836000,-0.177942,-2.856021,4.000000
9.837000,-0.181010,-2.850530,4.000000
9.838000,-0.181010,-2.850530,4.000000
9.839000,-0.184078,-2.850530,4.000000
9.840000,-0.184078,-2.850530,4.000000
9.841000,-0.187146,-2.850530,4.000000
9.842000,-0.187146,-2.358679,4.000000
9.843000,-0.187146,-1.978262,4.000000
9.844000,-0.190214,-1.703638,4.000000
9.845000,-0.190214,-1.703638,4.000000
9.846000,-0.190214,-1.497777,4.000000
9.847000,-0.190214,-1.332848,4.000000
9.848000,-0.190214,-1.095520,4.000000
9.849000,-0.190214,-1.005821,4.000000
9.850000,-0.190214,-0.929301,4.000000
9.851000,-0.190214,-0.864148,4.000000
9.852000,-0.190214,-0.807306,4.000000
9.853000,-0.187146,0.757399,4.000000
9.854000,-0.187146,0.713379,4.000000
9.855000,-0.184078,1.843788,4.000000
9.856000,-0.184078,1.843788,4.000000
9.857000,-0.184078,1.843788,4.000000
9.858000,-0.181010,1.843788,4.000000
9.859000,-0.177942,1.843788,4.000000
9.860000,-0.177942,1.843788,4.000000
9.861000,-0.174874,1.843788,4.000000
9.862000,-0.171806,0.677151,4.000000
9.863000,-0.168738,0.677151,4.000000
9.864000,-0.165670,0.677151,4.000000
9.865000,-0.165670,0.677151,4.000000
9.866000,-0.159534,2.391953,4.000000
9.867000,-0.156466,2.391953,4.000000
9.868000,-0.153398,2.391953,4.000000
9.869000,-0.150330,2.391953,4.000000
9.870000,-0.147262,3.167825,4.000000
9.871000,-0.144194,3.167825,4.000000
9.872000,-0.138058,3.167825,4.000000
9.873000,-0.134990,3.805174,4.000000
9.874000,-0.128854,3.805174,4.000000
9.875000,-0.125786,3.805174,4.000000
9.876000,-0.119651,4.337725,4.000000
9.877000,-0.116583,4.337725,4.000000
9.878000,-0.110447,4.815295,4.000000
9.879000,-0.104311,4.815295,4.000000
9.880000,-0.104311,4.815295,4.000000
9.881000,-0.098175,5.272450,4.000000
9.882000,-0.092039,5.272450,4.000000
9.883000,-0.085903,5.648432,4.000000
9.884000,-0.079767,5.648432,4.000000
9.885000,-0.067495,6.067454,4.000000
9.886000,-0.067495,6.067454,4.000000
9.887000,-0.055223,6.343451,4.000000
9.888000,-0.055223,6.343451,4.000000
9.889000,-0.049087,6.714999,4.000000
9.890000,-0.039884,6.714999,4.000000
9.891000,-0.033748,7.005589,4.000000
9.892000,-0.024544,7.252090,4.000000
9.893000,-0.018408,7.252090,4.000000
9.894000,-0.003068,7.587639,4.000000
9.895000,0.006136,7.807415,4.000000
9.896000,0.006136,7.807415,4.000000
9.897000,0.012272,8.044621,4.000000
9.898000,0.021476,8.044621,4.000000
9.899000,0.030680,8.310505,4.000000
9.900000,0.049087,8.713737,4.000000
9.901000,0.049087,8.713737,-4.000000
9.902000,0.058291,8.713737,-4.000000
9.903000,0.064427,8.936262,-4.000000
9.904000,0.073631,8.492301,-4.000000
9.905000,0.082835,8.492301,-4.000000
9.906000,0.101243,8.785302,-4.000000
9.907000,0.101243,8.785302,-4.000000
9.908000,0.107379,8.752493,-4.000000
9.909000,0.122718,8.207144,-4.000000
9.910000,0.122718,8.207144,-4.000000
9.911000,0.138058,7.592985,-4.000000
9.912000,0.147262,7.543524,-4.000000
9.913000,0.147262,7.543524,-4.000000
9.914000,0.153398,7.090137,-4.000000
9.915000,0.159534,7.090137,-4.000000
9.916000,0.165670,7.090137,-4.000000
9.917000,0.177942,6.744008,-4.000000
9.918000,0.177942,6.744008,-4.000000
9.919000,0.184078,6.334446,-4.000000
9.920000,0.196350,5.990366,-4.000000
9.921000,0.196350,5.990366,-4.000000
9.922000,0.202485,5.990366,-4.000000
9.923000,0.205553,5.387541,-4.000000
9.924000,0.211689,5.510174,-4.000000
9.925000,0.217825,5.510174,-4.000000
9.926000,0.220893,5.060410,-4.000000
9.927000,0.223961,5.060410,-4.000000
9.928000,0.233165,4.518145,-4.000000
9.929000,0.233165,4.518145,-4.000000
9.930000,0.236233,4.518145,-4.000000
9.931000,0.239301,4.518145,-4.000000
9.932000,0.245437,3.947959,-4.000000
9.933000,0.251573,3.947959,-4.000000
9.934000,0.251573,3.947959,-4.000000
9.935000,0.251573,3.947959,-4.000000
9.936000,0.254641,3.000054,-4.000000
9.937000,0.257709,3.250748,-4.000000
9.938000,0.260777,3.250748,-4.000000
9.939000,0.263845,3.250748,-4.000000
9.940000,0.263845,3.198894,-4.000000
9.941000,0.266913,2.540550,-4.000000
9.942000,0.266913,2.104246,-4.000000
9.943000,0.269981,2.419230,-4.000000
9.944000,0.269981,2.419230,-4.000000
9.945000,0.273049,2.419230,-4.000000
9.946000,0.273049,2.419230,-4.000000
9.947000,0.273049,2.290705,-4.000000
9.948000,0.273049,2.290705,-4.000000
9.949000,0.273049,1.931573,-4.000000
9.950000,0.273049,1.667846,-4.000000
9.951000,0.273049,1.468044,-4.000000
9.952000,0.273049,1.311813,-4.000000
9.953000,0.273049,1.080116,-4.000000
9.954000,0.273049,1.080116,-4.000000
9.955000,0.269981,-0.993092,-4.000000
9.956000,0.269981,-0.918833,-4.000000
9.957000,0.269981,-0.855015,-4.000000
9.958000,0.266913,-0.798963,-4.000000
9.959000,0.266913,-0.750396,-4.000000
9.960000,0.263845,-0.706958,-4.000000
9.961000,0.260777,-0.663019,-4.000000
9.962000,0.260777,-0.663019,-4.000000
9.963000,0.257709,-0.663019,-4.000000
9.964000,0.254641,-0.663019,-4.000000
9.965000,0.254641,-0.663019,-4.000000
9.966000,0.251573,-0.663019,-4.000000
9.967000,0.245437,-1.894408,-4.000000
9.968000,0.245437,-1.894408,-4.000000
9.969000,0.242369,-1.894408,-4.000000
9.970000,0.239301,-1.894408,-4.000000
9.971000,0.230097,-2.823133,-4.000000
9.972000,0.230097,-2.823133,-4.000000
9.973000,0.227029,-2.823133,-4.000000
9.974000,0.223961,-3.518263,-4.000000
9.975000,0.214757,-3.518263,-4.000000
9.976000,0.208621,-4.085074,-4.000000
9.977000,0.208621,-4.085074,-4.000000
9.978000,0.199418,-4.611068,-4.000000
9.979000,0.199418,-4.611068,-4.000000
9.980000,0.193282,-4.611068,-4.000000
9.981000,0.184078,-5.064065,-4.000000
9.982000,0.177942,-5.064065,-4.000000
9.983000,0.177942,-5.064065,-4.000000
9.984000,0.171806,-5.490486,-4.000000
9.985000,0.165670,-5.490486,-4.000000
9.986000,0.159534,-5.877986,-4.000000
9.987000,0.147262,-6.223265,-4.000000
9.988000,0.147262,-6.223265,-4.000000
9.989000,0.138058,-6.573323,-4.000000
9.990000,0.125786,-6.873700,-4.000000
9.991000,0.125786,-6.873700,-4.000000
9.992000,0.116583,-6.873700,-4.000000
9.993000,0.110447,-7.175178,-4.000000
9.994000,0.095107,-7.462420,-4.000000
9.995000,0.085903,-7.733342,-4.000000
9.996000,0.085903,-7.733342,-4.000000
9.997000,0.070563,-7.992229,-4.000000
9.998000,0.070563,-7.992229,-4.000000
9.999000,0.061359,-8.246516,-4.000000
