t,theta,theta_dot,voltage
0.000000,0.000000,0.000000,1.000000
0.001000,0.000000,0.000000,1.000000
0.002000,0.000000,0.000000,1.000000
0.003000,0.000000,0.000000,1.000000
0.004000,0.000000,0.000000,1.000000
0.005000,0.000000,0.000000,1.000000
0.006000,0.000000,0.000000,1.000000
0.007000,0.000000,0.000000,1.000000
0.008000,0.003068,0.000000,1.000000
0.009000,0.003068,0.000000,1.000000
0.010000,0.003068,0.000000,1.000000
0.011000,0.003068,0.000000,1.000000
0.012000,0.003068,0.000000,1.000000
0.013000,0.003068,0.000000,1.000000
0.014000,0.003068,0.000000,1.000000
0.015000,0.003068,0.000000,1.000000
0.016000,0.006136,0.011111,1.000000
0.017000,0.006136,0.011111,1.000000
0.018000,0.006136,0.011111,1.000000
0.019000,0.006136,0.011111,1.000000
0.020000,0.006136,0.011111,1.000000
0.021000,0.006136,0.011111,1.000000
0.022000,0.009204,0.011111,1.000000
0.023000,0.009204,0.011111,1.000000
0.024000,0.009204,0.011111,1.000000
0.025000,0.009204,0.011111,1.000000
0.026000,0.012272,0.011111,1.000000
0.027000,0.012272,0.011111,1.000000
0.028000,0.012272,0.011111,1.000000
0.029000,0.012272,0.011111,1.000000
0.030000,0.015340,0.011111,1.000000
0.031000,0.015340,0.011111,1.000000
0.032000,0.015340,0.011111,1.000000
0.033000,0.018408,0.012993,1.000000
0.034000,0.018408,0.012993,1.000000
0.035000,0.018408,0.012993,1.000000
0.036000,0.021476,0.012993,1.000000
0.037000,0.021476,0.012993,1.000000
0.038000,0.021476,0.012993,1.000000
0.039000,0.024544,0.012993,1.000000
0.040000,0.024544,0.012993,1.000000
0.041000,0.027612,0.012993,1.000000
0.042000,0.027612,0.012993,1.000000
0.043000,0.027612,0.012993,1.000000
0.044000,0.030680,0.988782,1.000000
0.045000,0.030680,0.988782,1.000000
0.046000,0.033748,0.988782,1.000000
0.047000,0.033748,0.988782,1.000000
0.048000,0.036816,0.988782,1.000000
0.049000,0.036816,0.988782,1.000000
0.050000,0.039884,0.988782,1.000000
0.051000,0.039884,0.988782,1.000000
0.052000,0.042951,1.299425,1.000000
0.053000,0.042951,1.299425,1.000000
0.054000,0.046019,1.299425,1.000000
0.055000,0.046019,1.299425,1.000000
0.056000,0.049087,1.299425,1.000000
0.057000,0.049087,1.299425,1.000000
0.058000,0.052155,1.299425,1.000000
0.059000,0.052155,1.299425,1.000000
0.060000,0.055223,1.539921,1.000000
0.061000,0.055223,1.539921,1.000000
0.062000,0.058291,1.539921,1.000000
0.063000,0.061359,1.539921,1.000000
0.064000,0.061359,1.539921,1.000000
0.065000,0.064427,1.539921,1.000000
0.066000,0.064427,1.539921,1.000000
0.067000,0.067495,1.720761,1.000000
0.068000,0.070563,1.720761,1.000000
0.069000,0.070563,1.720761,1.000000
0.070000,0.073631,1.720761,1.000000
0.071000,0.076699,1.720761,1.000000
0.072000,0.076699,1.720761,1.000000
0.073000,0.079767,1.869469,1.000000
0.074000,0.082835,1.869469,1.000000
0.075000,0.082835,1.869469,1.000000
0.076000,0.085903,1.869469,1.000000
0.077000,0.088971,1.869469,1.000000
0.078000,0.088971,1.869469,1.000000
0.079000,0.092039,2.014268,1.000000
0.080000,0.095107,2.014268,1.000000
0.081000,0.095107,2.014268,1.000000
0.082000,0.098175,2.014268,1.000000
0.083000,0.101243,2.014268,1.000000
0.084000,0.104311,2.125741,1.000000
0.085000,0.104311,2.125741,1.000000
0.086000,0.107379,2.125741,1.000000
0.087000,0.110447,2.125741,1.000000
0.088000,0.110447,2.125741,1.000000
0.089000,0.113515,2.125741,1.000000
0.090000,0.116583,2.213836,1.000000
0.091000,0.119651,2.213836,1.000000
0.092000,0.119651,2.213836,1.000000
0.093000,0.122718,2.213836,1.000000
0.094000,0.125786,2.213836,1.000000
0.095000,0.128854,2.289672,1.000000
0.096000,0.128854,2.289672,1.000000
0.097000,0.131922,2.289672,1.000000
0.098000,0.134990,2.289672,1.000000
0.099000,0.138058,2.289672,1.000000
0.100000,0.141126,2.361125,-1.000000
0.101000,0.141126,2.361125,-1.000000
0.102000,0.144194,2.361125,-1.000000
0.103000,0.147262,2.361125,-1.000000
0.104000,0.150330,2.361125,-1.000000
0.105000,0.150330,2.356528,-1.000000
0.106000,0.153398,2.373888,-1.000000
0.107000,0.156466,2.373888,-1.000000
0.108000,0.156466,2.373888,-1.000000
0.109000,0.159534,2.373888,-1.000000
0.110000,0.162602,2.373888,-1.000000
0.111000,0.162602,2.096258,-1.000000
0.112000,0.165670,2.164437,-1.000000
0.113000,0.165670,2.164437,-1.000000
0.114000,0.168738,2.164437,-1.000000
0.115000,0.171806,2.164437,-1.000000
0.116000,0.171806,2.164437,-1.000000
0.117000,0.174874,2.121306,-1.000000
0.118000,0.174874,1.808085,-1.000000
0.119000,0.177942,1.835992,-1.000000
0.120000,0.177942,1.835992,-1.000000
0.121000,0.177942,1.835992,-1.000000
0.122000,0.181010,1.835992,-1.000000
0.123000,0.181010,1.835992,-1.000000
0.124000,0.184078,1.835992,-1.000000
0.125000,0.184078,1.835992,-1.000000
0.126000,0.184078,1.700935,-1.000000
0.127000,0.187146,1.491476,-1.000000
0.128000,0.187146,1.330676,-1.000000
0.129000,0.187146,1.200698,-1.000000
0.130000,0.187146,1.092872,-1.000000
0.131000,0.190214,1.363299,-1.000000
0.132000,0.190214,1.363299,-1.000000
0.133000,0.190214,1.363299,-1.000000
0.134000,0.190214,1.363299,-1.000000
0.135000,0.190214,1.363299,-1.000000
0.136000,0.190214,1.363299,-1.000000
0.137000,0.190214,1.363299,-1.000000
0.138000,0.193282,1.363299,-1.000000
0.139000,0.193282,1.363299,-1.000000
0.140000,0.193282,1.302012,-1.000000
0.141000,0.193282,1.176997,-1.000000
0.142000,0.193282,1.073343,-1.000000
0.143000,0.193282,0.987392,-1.000000
0.144000,0.193282,0.913634,-1.000000
0.145000,0.193282,0.850670,-1.000000
0.146000,0.193282,0.795496,-1.000000
0.147000,0.193282,0.747335,-1.000000
0.148000,0.193282,0.704112,-1.000000
0.149000,0.193282,0.665780,-1.000000
0.150000,0.190214,-0.631552,-1.000000
0.151000,0.190214,-0.600614,-1.000000
0.152000,0.190214,-0.572789,-1.000000
0.153000,0.190214,-0.547093,-1.000000
0.154000,0.190214,-0.523811,-1.000000
0.155000,0.190214,-0.502360,-1.000000
0.156000,0.187146,-0.482561,-1.000000
0.157000,0.187146,-0.464273,-1.000000
0.158000,0.187146,-0.447363,-1.000000
0.159000,0.184078,-0.431710,-1.000000
0.160000,0.184078,-0.416997,-1.000000
0.161000,0.184078,-0.403297,-1.000000
0.162000,0.184078,-0.390517,-1.000000
0.163000,0.181010,-0.389733,-1.000000
0.164000,0.181010,-0.389733,-1.000000
0.165000,0.177942,-0.389733,-1.000000
0.166000,0.177942,-0.389733,-1.000000
0.167000,0.177942,-0.389733,-1.000000
0.168000,0.174874,-0.389733,-1.000000
0.169000,0.174874,-0.389733,-1.000000
0.170000,0.171806,-0.389733,-1.000000
0.171000,0.171806,-0.389733,-1.000000
0.172000,0.168738,-0.997126,-1.000000
0.173000,0.168738,-0.997126,-1.000000
0.174000,0.165670,-0.997126,-1.000000
0.175000,0.165670,-0.997126,-1.000000
0.176000,0.162602,-0.997126,-1.000000
0.177000,0.162602,-0.997126,-1.000000
0.178000,0.159534,-0.997126,-1.000000
0.179000,0.159534,-0.997126,-1.000000
0.180000,0.156466,-1.489269,-1.000000
0.181000,0.153398,-1.489269,-1.000000
0.182000,0.153398,-1.489269,-1.000000
0.183000,0.150330,-1.489269,-1.000000
0.184000,0.150330,-1.489269,-1.000000
0.185000,0.147262,-1.489269,-1.000000
0.186000,0.144194,-1.819980,-1.000000
0.187000,0.144194,-1.819980,-1.000000
0.188000,0.141126,-1.819980,-1.000000
0.189000,0.138058,-1.819980,-1.000000
0.190000,0.134990,-1.819980,-1.000000
0.191000,0.134990,-1.819980,-1.000000
0.192000,0.131922,-2.063049,-1.000000
0.193000,0.128854,-2.063049,-1.000000
0.194000,0.125786,-2.063049,-1.000000
0.195000,0.125786,-2.063049,-1.000000
0.196000,0.122718,-2.063049,-1.000000
0.197000,0.119651,-2.262474,-1.000000
0.198000,0.116583,-2.262474,-1.000000
0.199000,0.116583,-2.262474,-1.000000
0.200000,0.113515,-2.262474,1.000000
0.201000,0.110447,-2.262474,1.000000
0.202000,0.107379,-2.435246,1.000000
0.203000,0.104311,-2.435246,1.000000
0.204000,0.104311,-2.435246,1.000000
0.205000,0.101243,-2.435246,1.000000
0.206000,0.098175,-2.435246,1.000000
0.207000,0.095107,-2.450591,1.000000
0.208000,0.092039,-2.450591,1.000000
0.209000,0.092039,-2.450591,1.000000
0.210000,0.088971,-2.450591,1.000000
0.211000,0.085903,-2.450591,1.000000
0.212000,0.085903,-2.220272,1.000000
0.213000,0.082835,-2.327777,1.000000
0.214000,0.079767,-2.327777,1.000000
0.215000,0.079767,-2.327777,1.000000
0.216000,0.076699,-2.327777,1.000000
0.217000,0.073631,-2.327777,1.000000
0.218000,0.073631,-2.097104,1.000000
0.219000,0.070563,-2.036117,1.000000
0.220000,0.070563,-2.036117,1.000000
0.221000,0.067495,-2.036117,1.000000
0.222000,0.067495,-2.036117,1.000000
0.223000,0.064427,-2.036117,1.000000
0.224000,0.064427,-2.036117,1.000000
0.225000,0.061359,-1.935576,1.000000
0.226000,0.061359,-1.673811,1.000000
0.227000,0.058291,-1.684565,1.000000
0.228000,0.058291,-1.684565,1.000000
0.229000,0.058291,-1.684565,1.000000
0.230000,0.055223,-1.684565,1.000000
0.231000,0.055223,-1.684565,1.000000
0.232000,0.055223,-1.684565,1.000000
0.233000,0.052155,-1.684565,1.000000
0.234000,0.052155,-1.684565,1.000000
0.235000,0.052155,-1.531739,1.000000
0.236000,0.052155,-1.361738,1.000000
0.237000,0.049087,-1.224971,1.000000
0.238000,0.049087,-1.114366,1.000000
0.239000,0.049087,-1.021558,1.000000
0.240000,0.049087,-0.943018,1.000000
0.241000,0.049087,-0.875340,1.000000
0.242000,0.046019,-1.215447,1.000000
0.243000,0.046019,-1.215447,1.000000
0.244000,0.046019,-1.215447,1.000000
0.245000,0.046019,-1.215447,1.000000
0.246000,0.046019,-1.215447,1.000000
0.247000,0.046019,-1.215447,1.000000
0.248000,0.046019,-1.215447,1.000000
0.249000,0.046019,-1.215447,1.000000
0.250000,0.046019,-1.215447,1.000000
0.251000,0.046019,-1.215447,1.000000
0.252000,0.046019,-1.124247,1.000000
0.253000,0.046019,-1.030086,1.000000
0.254000,0.046019,-0.950242,1.000000
0.255000,0.046019,-0.881577,1.000000
0.256000,0.046019,-0.822687,1.000000
0.257000,0.046019,-0.771185,1.000000
0.258000,0.046019,-0.725743,1.000000
0.259000,0.046019,-0.684814,1.000000
0.260000,0.046019,-0.648685,1.000000
0.261000,0.049087,0.616186,1.000000
0.262000,0.049087,0.586639,1.000000
0.263000,0.049087,0.559884,1.000000
0.264000,0.049087,0.535477,1.000000
0.265000,0.049087,0.513199,1.000000
0.266000,0.052155,0.492427,1.000000
0.267000,0.052155,0.473534,1.000000
0.268000,0.052155,0.455947,1.000000
0.269000,0.055223,0.447346,1.000000
0.270000,0.055223,0.447346,1.000000
0.271000,0.055223,0.447346,1.000000
0.272000,0.058291,0.447346,1.000000
0.273000,0.058291,0.447346,1.000000
0.274000,0.058291,0.447346,1.000000
0.275000,0.061359,0.447346,1.000000
0.276000,0.061359,0.447346,1.000000
0.277000,0.064427,0.447346,1.000000
0.278000,0.064427,0.447346,1.000000
0.279000,0.067495,0.868728,1.000000
0.280000,0.067495,0.868728,1.000000
0.281000,0.070563,0.868728,1.000000
0.282000,0.070563,0.868728,1.000000
0.283000,0.073631,0.868728,1.000000
0.284000,0.073631,0.868728,1.000000
0.285000,0.076699,0.868728,1.000000
0.286000,0.076699,0.868728,1.000000
0.287000,0.079767,1.430563,1.000000
0.288000,0.079767,1.430563,1.000000
0.289000,0.082835,1.430563,1.000000
0.290000,0.085903,1.430563,1.000000
0.291000,0.085903,1.430563,1.000000
0.292000,0.088971,1.430563,1.000000
0.293000,0.092039,1.806724,1.000000
0.294000,0.092039,1.806724,1.000000
0.295000,0.095107,1.806724,1.000000
0.296000,0.098175,1.806724,1.000000
0.297000,0.101243,1.806724,1.000000
0.298000,0.101243,1.806724,1.000000
0.299000,0.104311,2.098549,1.000000
0.300000,0.107379,2.098549,1.000000
0.301000,0.110447,2.098549,-1.000000
0.302000,0.113515,2.098549,-1.000000
0.303000,0.113515,2.098549,-1.000000
0.304000,0.116583,2.347256,-1.000000
0.305000,0.119651,2.347256,-1.000000
0.306000,0.122718,2.347256,-1.000000
0.307000,0.122718,2.347256,-1.000000
0.308000,0.125786,2.347256,-1.000000
0.309000,0.128854,2.433737,-1.000000
0.310000,0.131922,2.433737,-1.000000
0.311000,0.134990,2.433737,-1.000000
0.312000,0.134990,2.433737,-1.000000
0.313000,0.138058,2.433737,-1.000000
0.314000,0.141126,2.349203,-1.000000
0.315000,0.141126,2.349203,-1.000000
0.316000,0.144194,2.349203,-1.000000
0.317000,0.147262,2.349203,-1.000000
0.318000,0.147262,2.349203,-1.000000
0.319000,0.150330,2.280488,-1.000000
0.320000,0.153398,2.220256,-1.000000
0.321000,0.153398,2.220256,-1.000000
0.322000,0.156466,2.220256,-1.000000
0.323000,0.159534,2.220256,-1.000000
0.324000,0.159534,2.220256,-1.000000
0.325000,0.162602,2.193703,-1.000000
0.326000,0.165670,2.014342,-1.000000
0.327000,0.165670,2.014342,-1.000000
0.328000,0.168738,2.014342,-1.000000
0.329000,0.168738,2.014342,-1.000000
0.330000,0.171806,2.014342,-1.000000
0.331000,0.171806,2.014342,-1.000000
0.332000,0.174874,1.977173,-1.000000
0.333000,0.174874,1.702305,-1.000000
0.334000,0.177942,1.804101,-1.000000
0.335000,0.177942,1.804101,-1.000000
0.336000,0.181010,1.804101,-1.000000
0.337000,0.181010,1.804101,-1.000000
0.338000,0.184078,1.804101,-1.000000
0.339000,0.184078,1.804101,-1.000000
0.340000,0.187146,1.779288,-1.000000
0.341000,0.187146,1.554645,-1.000000
0.342000,0.190214,1.380742,-1.000000
0.343000,0.190214,1.533305,-1.000000
0.344000,0.190214,1.533305,-1.000000
0.345000,0.193282,1.533305,-1.000000
0.346000,0.193282,1.533305,-1.000000
0.347000,0.193282,1.533305,-1.000000
0.348000,0.196350,1.533305,-1.000000
0.349000,0.196350,1.533305,-1.000000
0.350000,0.196350,1.533305,-1.000000
0.351000,0.196350,1.364648,-1.000000
0.352000,0.199418,1.227824,-1.000000
0.353000,0.199418,1.116345,-1.000000
0.354000,0.199418,1.023144,-1.000000
0.355000,0.202485,1.195633,-1.000000
0.356000,0.202485,1.195633,-1.000000
0.357000,0.202485,1.195633,-1.000000
0.358000,0.202485,1.195633,-1.000000
0.359000,0.202485,1.195633,-1.000000
0.360000,0.205553,1.195633,-1.000000
0.361000,0.205553,1.195633,-1.000000
0.362000,0.205553,1.195633,-1.000000
0.363000,0.205553,1.195633,-1.000000
0.364000,0.205553,1.195633,-1.000000
0.365000,0.205553,1.185356,-1.000000
0.366000,0.205553,1.080880,-1.000000
0.367000,0.205553,0.993472,-1.000000
0.368000,0.205553,0.918801,-1.000000
0.369000,0.205553,0.854809,-1.000000
0.370000,0.208621,0.799417,-1.000000
0.371000,0.208621,0.750436,-1.000000
0.372000,0.208621,0.706936,-1.000000
0.373000,0.208621,0.668674,-1.000000
0.374000,0.208621,0.633939,-1.000000
0.375000,0.208621,0.602745,-1.000000
0.376000,0.208621,0.574606,-1.000000
0.377000,0.208621,0.548840,-1.000000
0.378000,0.205553,0.559521,-1.000000
0.379000,0.205553,0.559521,-1.000000
0.380000,0.205553,0.559521,-1.000000
0.381000,0.205553,0.559521,-1.000000
0.382000,0.205553,0.559521,-1.000000
0.383000,0.205553,0.559521,-1.000000
0.384000,0.205553,0.559521,-1.000000
0.385000,0.205553,0.559521,-1.000000
0.386000,0.202485,0.559521,-1.000000
0.387000,0.202485,0.559521,-1.000000
0.388000,0.202485,0.559521,-1.000000
0.389000,0.202485,0.559521,-1.000000
0.390000,0.202485,0.559521,-1.000000
0.391000,0.202485,0.559521,-1.000000
0.392000,0.199418,0.559521,-1.000000
0.393000,0.199418,0.559521,-1.000000
0.394000,0.199418,0.559521,-1.000000
0.395000,0.196350,0.559521,-1.000000
0.396000,0.196350,0.559521,-1.000000
0.397000,0.196350,0.559521,-1.000000
0.398000,0.196350,0.559521,-1.000000
0.399000,0.193282,-0.570928,-1.000000
0.400000,0.193282,-0.570928,1.000000
0.401000,0.193282,-0.570928,1.000000
0.402000,0.190214,-0.570928,1.000000
0.403000,0.190214,-0.570928,1.000000
0.404000,0.190214,-0.570928,1.000000
0.405000,0.187146,-0.570928,1.000000
0.406000,0.187146,-0.570928,1.000000
0.407000,0.187146,-0.570928,1.000000
0.408000,0.184078,-0.570928,1.000000
0.409000,0.184078,-0.570928,1.000000
0.410000,0.184078,-0.570928,1.000000
0.411000,0.184078,-0.570928,1.000000
0.412000,0.181010,-0.920407,1.000000
0.413000,0.181010,-0.920407,1.000000
0.414000,0.181010,-0.920407,1.000000
0.415000,0.181010,-0.920407,1.000000
0.416000,0.181010,-0.920407,1.000000
0.417000,0.177942,-0.920407,1.000000
0.418000,0.177942,-0.920407,1.000000
0.419000,0.177942,-0.920407,1.000000
0.420000,0.177942,-0.920407,1.000000
0.421000,0.177942,-0.920407,1.000000
0.422000,0.177942,-0.920407,1.000000
0.423000,0.177942,-0.920407,1.000000
0.424000,0.177942,-0.920407,1.000000
0.425000,0.177942,-0.920407,1.000000
0.426000,0.174874,-0.858123,1.000000
0.427000,0.174874,-0.802081,1.000000
0.428000,0.174874,-0.752670,1.000000
0.429000,0.174874,-0.709156,1.000000
0.430000,0.174874,-0.670382,1.000000
0.431000,0.174874,-0.635603,1.000000
0.432000,0.174874,-0.604293,1.000000
0.433000,0.174874,-0.576007,1.000000
0.434000,0.174874,-0.550392,1.000000
0.435000,0.174874,-0.526627,1.000000
0.436000,0.174874,-0.504831,1.000000
0.437000,0.174874,-0.485045,1.000000
0.438000,0.177942,-0.581590,1.000000
0.439000,0.177942,-0.581590,1.000000
0.440000,0.177942,-0.581590,1.000000
0.441000,0.177942,-0.581590,1.000000
0.442000,0.177942,-0.581590,1.000000
0.443000,0.177942,-0.581590,1.000000
0.444000,0.177942,-0.581590,1.000000
0.445000,0.177942,-0.581590,1.000000
0.446000,0.177942,-0.581590,1.000000
0.447000,0.181010,-0.581590,1.000000
0.448000,0.181010,-0.581590,1.000000
0.449000,0.181010,-0.581590,1.000000
0.450000,0.181010,-0.581590,1.000000
0.451000,0.181010,-0.581590,1.000000
0.452000,0.184078,-0.581590,1.000000
0.453000,0.184078,-0.581590,1.000000
0.454000,0.184078,-0.581590,1.000000
0.455000,0.184078,-0.581590,1.000000
0.456000,0.187146,-0.581590,1.000000
0.457000,0.187146,-0.581590,1.000000
0.458000,0.187146,-0.581590,1.000000
0.459000,0.190214,0.475761,1.000000
0.460000,0.190214,0.475761,1.000000
0.461000,0.190214,0.475761,1.000000
0.462000,0.190214,0.475761,1.000000
0.463000,0.193282,0.475761,1.000000
0.464000,0.193282,0.475761,1.000000
0.465000,0.193282,0.475761,1.000000
0.466000,0.196350,0.475761,1.000000
0.467000,0.196350,0.475761,1.000000
0.468000,0.196350,0.475761,1.000000
0.469000,0.199418,0.475761,1.000000
0.470000,0.199418,0.475761,1.000000
0.471000,0.202485,0.880879,1.000000
0.472000,0.202485,0.880879,1.000000
0.473000,0.202485,0.880879,1.000000
0.474000,0.205553,0.880879,1.000000
0.475000,0.205553,0.880879,1.000000
0.476000,0.208621,0.880879,1.000000
0.477000,0.208621,0.880879,1.000000
0.478000,0.211689,0.880879,1.000000
0.479000,0.211689,0.880879,1.000000
0.480000,0.214757,1.201094,1.000000
0.481000,0.214757,1.201094,1.000000
0.482000,0.214757,1.201094,1.000000
0.483000,0.217825,1.201094,1.000000
0.484000,0.217825,1.201094,1.000000
0.485000,0.220893,1.201094,1.000000
0.486000,0.220893,1.201094,1.000000
0.487000,0.223961,1.201094,1.000000
0.488000,0.227029,1.426302,1.000000
0.489000,0.227029,1.426302,1.000000
0.490000,0.230097,1.426302,1.000000
0.491000,0.230097,1.426302,1.000000
0.492000,0.233165,1.426302,1.000000
0.493000,0.233165,1.426302,1.000000
0.494000,0.236233,1.426302,1.000000
0.495000,0.236233,1.426302,1.000000
0.496000,0.239301,1.586230,1.000000
0.497000,0.239301,1.586230,1.000000
0.498000,0.242369,1.586230,1.000000
0.499000,0.245437,1.586230,1.000000
0.500000,0.245437,1.586230,1.000000
0.501000,0.248505,1.586230,-1.000000
0.502000,0.248505,1.586230,-1.000000
0.503000,0.251573,1.712089,-1.000000
0.504000,0.251573,1.712089,-1.000000
0.505000,0.254641,1.712089,-1.000000
0.506000,0.254641,1.712089,-1.000000
0.507000,0.257709,1.712089,-1.000000
0.508000,0.257709,1.712089,-1.000000
0.509000,0.260777,1.712089,-1.000000
0.510000,0.260777,1.592230,-1.000000
0.511000,0.263845,1.711800,-1.000000
0.512000,0.263845,1.711800,-1.000000
0.513000,0.266913,1.711800,-1.000000
0.514000,0.266913,1.711800,-1.000000
0.515000,0.266913,1.711800,-1.000000
0.516000,0.269981,1.711800,-1.000000
0.517000,0.269981,1.711800,-1.000000
0.518000,0.269981,1.573611,-1.000000
0.519000,0.273049,1.395753,-1.000000
0.520000,0.273049,1.253412,-1.000000
0.521000,0.273049,1.136677,-1.000000
0.522000,0.273049,1.040617,-1.000000
0.523000,0.276117,1.339843,-1.000000
0.524000,0.276117,1.339843,-1.000000
0.525000,0.276117,1.339843,-1.000000
0.526000,0.276117,1.339843,-1.000000
0.527000,0.276117,1.339843,-1.000000
0.528000,0.276117,1.339843,-1.000000
0.529000,0.279185,1.339843,-1.000000
0.530000,0.279185,1.339843,-1.000000
0.531000,0.279185,1.339843,-1.000000
0.532000,0.279185,1.239467,-1.000000
0.533000,0.279185,1.125255,-1.000000
0.534000,0.279185,1.030655,-1.000000
0.535000,0.279185,0.950756,-1.000000
0.536000,0.279185,0.882656,-1.000000
0.537000,0.279185,0.823357,-1.000000
0.538000,0.279185,0.771819,-1.000000
0.539000,0.279185,0.726106,-1.000000
0.540000,0.279185,0.685433,-1.000000
0.541000,0.276117,-0.649161,-1.000000
0.542000,0.276117,-0.616547,-1.000000
0.543000,0.276117,-0.587174,-1.000000
0.544000,0.276117,-0.560162,-1.000000
0.545000,0.276117,-0.535813,-1.000000
0.546000,0.276117,-0.513296,-1.000000
0.547000,0.276117,-0.492714,-1.000000
0.548000,0.273049,-0.473727,-1.000000
0.549000,0.273049,-0.456091,-1.000000
0.550000,0.273049,-0.439846,-1.000000
0.551000,0.269981,-0.424637,-1.000000
0.552000,0.269981,-0.410386,-1.000000
0.553000,0.269981,-0.397108,-1.000000
0.554000,0.266913,-0.386468,-1.000000
0.555000,0.266913,-0.386468,-1.000000
0.556000,0.266913,-0.386468,-1.000000
0.557000,0.263845,-0.386468,-1.000000
0.558000,0.263845,-0.386468,-1.000000
0.559000,0.263845,-0.386468,-1.000000
0.560000,0.260777,-0.386468,-1.000000
0.561000,0.260777,-0.386468,-1.000000
0.562000,0.257709,-0.386468,-1.000000
0.563000,0.257709,-0.386468,-1.000000
0.564000,0.254641,-1.007797,-1.000000
0.565000,0.254641,-1.007797,-1.000000
0.566000,0.251573,-1.007797,-1.000000
0.567000,0.251573,-1.007797,-1.000000
0.568000,0.248505,-1.007797,-1.000000
0.569000,0.248505,-1.007797,-1.000000
0.570000,0.245437,-1.007797,-1.000000
0.571000,0.242369,-1.501845,-1.000000
0.572000,0.242369,-1.501845,-1.000000
0.573000,0.239301,-1.501845,-1.000000
0.574000,0.239301,-1.501845,-1.000000
0.575000,0.236233,-1.501845,-1.000000
0.576000,0.233165,-1.501845,-1.000000
0.577000,0.230097,-1.850058,-1.000000
0.578000,0.230097,-1.850058,-1.000000
0.579000,0.227029,-1.850058,-1.000000
0.580000,0.223961,-1.850058,-1.000000
0.581000,0.223961,-1.850058,-1.000000
0.582000,0.220893,-1.850058,-1.000000
0.583000,0.217825,-2.121826,-1.000000
0.584000,0.214757,-2.121826,-1.000000
0.585000,0.214757,-2.121826,-1.000000
0.586000,0.211689,-2.121826,-1.000000
0.587000,0.208621,-2.121826,-1.000000
0.588000,0.205553,-2.339686,-1.000000
0.589000,0.202485,-2.339686,-1.000000
0.590000,0.199418,-2.339686,-1.000000
0.591000,0.196350,-2.339686,-1.000000
0.592000,0.196350,-2.339686,-1.000000
0.593000,0.193282,-2.534654,-1.000000
0.594000,0.190214,-2.534654,-1.000000
0.595000,0.187146,-2.534654,-1.000000
0.596000,0.184078,-2.534654,-1.000000
0.597000,0.181010,-2.702405,-1.000000
0.598000,0.177942,-2.702405,-1.000000
0.599000,0.174874,-2.702405,-1.000000
0.600000,0.171806,-2.702405,-1.000000
0.601000,0.168738,-2.842240,1.000000
0.602000,0.165670,-2.842240,1.000000
0.603000,0.165670,-2.842240,1.000000
0.604000,0.159534,-2.842240,1.000000
0.605000,0.159534,-2.842240,1.000000
0.606000,0.156466,-2.891301,1.000000
0.607000,0.153398,-2.891301,1.000000
0.608000,0.150330,-2.891301,1.000000
0.609000,0.147262,-2.891301,1.000000
0.610000,0.144194,-2.907140,1.000000
0.611000,0.141126,-2.907140,1.000000
0.612000,0.138058,-2.907140,1.000000
0.613000,0.134990,-2.907140,1.000000
0.614000,0.134990,-2.683438,1.000000
0.615000,0.131922,-2.673678,1.000000
0.616000,0.128854,-2.673678,1.000000
0.617000,0.125786,-2.673678,1.000000
0.618000,0.125786,-2.673678,1.000000
0.619000,0.122718,-2.557093,1.000000
0.620000,0.119651,-2.451135,1.000000
0.621000,0.116583,-2.451135,1.000000
0.622000,0.116583,-2.451135,1.000000
0.623000,0.113515,-2.451135,1.000000
0.624000,0.110447,-2.451135,1.000000
0.625000,0.110447,-2.214957,1.000000
0.626000,0.107379,-2.197500,1.000000
0.627000,0.107379,-2.197500,1.000000
0.628000,0.104311,-2.197500,1.000000
0.629000,0.101243,-2.197500,1.000000
0.630000,0.101243,-2.197500,1.000000
0.631000,0.098175,-2.197500,1.000000
0.632000,0.098175,-1.871307,1.000000
0.633000,0.095107,-1.887363,1.000000
0.634000,0.095107,-1.887363,1.000000
0.635000,0.092039,-1.887363,1.000000
0.636000,0.092039,-1.887363,1.000000
0.637000,0.092039,-1.887363,1.000000
0.638000,0.088971,-1.887363,1.000000
0.639000,0.088971,-1.887363,1.000000
0.640000,0.085903,-1.667915,1.000000
0.641000,0.085903,-1.468244,1.000000
0.642000,0.085903,-1.310498,1.000000
0.643000,0.082835,-1.496227,1.000000
0.644000,0.082835,-1.496227,1.000000
0.645000,0.082835,-1.496227,1.000000
0.646000,0.079767,-1.496227,1.000000
0.647000,0.079767,-1.496227,1.000000
0.648000,0.079767,-1.496227,1.000000
0.649000,0.079767,-1.496227,1.000000
0.650000,0.079767,-1.496227,1.000000
0.651000,0.076699,-1.413344,1.000000
0.652000,0.076699,-1.267220,1.000000
0.653000,0.076699,-1.148907,1.000000
0.654000,0.076699,-1.050526,1.000000
0.655000,0.076699,-0.967853,1.000000
0.656000,0.076699,-0.897175,1.000000
0.657000,0.076699,-0.835801,1.000000
0.658000,0.073631,-0.782742,1.000000
0.659000,0.073631,-0.735842,1.000000
0.660000,0.073631,-0.694210,1.000000
0.661000,0.073631,-0.656877,1.000000
0.662000,0.073631,-0.623823,1.000000
0.663000,0.073631,-0.593510,1.000000
0.664000,0.073631,-0.566012,1.000000
0.665000,0.073631,-0.541078,1.000000
0.666000,0.076699,0.518171,1.000000
0.667000,0.076699,0.497338,1.000000
0.668000,0.076699,0.477852,1.000000
0.669000,0.076699,0.459911,1.000000
0.670000,0.076699,0.443381,1.000000
0.671000,0.076699,0.427871,1.000000
0.672000,0.076699,0.413447,1.000000
0.673000,0.079767,0.940432,1.000000
0.674000,0.079767,0.940432,1.000000
0.675000,0.079767,0.940432,1.000000
0.676000,0.079767,0.940432,1.000000
0.677000,0.082835,0.940432,1.000000
0.678000,0.082835,0.940432,1.000000
0.679000,0.082835,0.940432,1.000000
0.680000,0.082835,0.940432,1.000000
0.681000,0.085903,0.940432,1.000000
0.682000,0.085903,0.940432,1.000000
0.683000,0.085903,0.940432,1.000000
0.684000,0.088971,0.940432,1.000000
0.685000,0.088971,0.940432,1.000000
0.686000,0.092039,0.407927,1.000000
0.687000,0.092039,0.407927,1.000000
0.688000,0.092039,0.407927,1.000000
0.689000,0.095107,0.407927,1.000000
0.690000,0.095107,0.407927,1.000000
0.691000,0.098175,0.407927,1.000000
0.692000,0.098175,0.407927,1.000000
0.693000,0.101243,0.407927,1.000000
0.694000,0.101243,0.407927,1.000000
0.695000,0.104311,1.208688,1.000000
0.696000,0.104311,1.208688,1.000000
0.697000,0.107379,1.208688,1.000000
0.698000,0.107379,1.208688,1.000000
0.699000,0.110447,1.208688,1.000000
0.700000,0.113515,1.208688,-1.000000
0.701000,0.113515,1.208688,-1.000000
0.702000,0.116583,1.600925,-1.000000
0.703000,0.116583,1.600925,-1.000000
0.704000,0.119651,1.600925,-1.000000
0.705000,0.122718,1.600925,-1.000000
0.706000,0.122718,1.600925,-1.000000
0.707000,0.125786,1.600925,-1.000000
0.708000,0.125786,1.600925,-1.000000
0.709000,0.128854,1.790138,-1.000000
0.710000,0.128854,1.790138,-1.000000
0.711000,0.131922,1.790138,-1.000000
0.712000,0.131922,1.790138,-1.000000
0.713000,0.134990,1.790138,-1.000000
0.714000,0.134990,1.790138,-1.000000
0.715000,0.138058,1.790138,-1.000000
0.716000,0.138058,1.604970,-1.000000
0.717000,0.141126,1.670245,-1.000000
0.718000,0.141126,1.670245,-1.000000
0.719000,0.144194,1.670245,-1.000000
0.720000,0.144194,1.670245,-1.000000
0.721000,0.144194,1.670245,-1.000000
0.722000,0.147262,1.670245,-1.000000
0.723000,0.147262,1.670245,-1.000000
0.724000,0.150330,1.596941,-1.000000
0.725000,0.150330,1.415055,-1.000000
0.726000,0.150330,1.267285,-1.000000
0.727000,0.153398,1.404360,-1.000000
0.728000,0.153398,1.404360,-1.000000
0.729000,0.153398,1.404360,-1.000000
0.730000,0.156466,1.404360,-1.000000
0.731000,0.156466,1.404360,-1.000000
0.732000,0.156466,1.404360,-1.000000
0.733000,0.156466,1.404360,-1.000000
0.734000,0.159534,1.404360,-1.000000
0.735000,0.159534,1.398300,-1.000000
0.736000,0.159534,1.254820,-1.000000
0.737000,0.159534,1.138148,-1.000000
0.738000,0.162602,1.041850,-1.000000
0.739000,0.162602,0.960586,-1.000000
0.740000,0.162602,0.890480,-1.000000
0.741000,0.162602,0.830942,-1.000000
0.742000,0.162602,0.777684,-1.000000
0.743000,0.162602,0.731486,-1.000000
0.744000,0.165670,1.017507,-1.000000
0.745000,0.165670,1.017507,-1.000000
0.746000,0.165670,1.017507,-1.000000
0.747000,0.165670,1.017507,-1.000000
0.748000,0.165670,1.017507,-1.000000
0.749000,0.165670,1.017507,-1.000000
0.750000,0.165670,1.017507,-1.000000
0.751000,0.165670,1.017507,-1.000000
0.752000,0.165670,1.017507,-1.000000
0.753000,0.165670,1.017507,-1.000000
0.754000,0.165670,1.017507,-1.000000
0.755000,0.165670,1.017507,-1.000000
0.756000,0.165670,0.955342,-1.000000
0.757000,0.165670,0.887230,-1.000000
0.758000,0.165670,0.826831,-1.000000
0.759000,0.165670,0.774534,-1.000000
0.760000,0.165670,0.728756,-1.000000
0.761000,0.165670,0.687721,-1.000000
0.762000,0.165670,0.651402,-1.000000
0.763000,0.165670,0.618727,-1.000000
0.764000,0.162602,-0.588906,-1.000000
0.765000,0.162602,-0.561946,-1.000000
0.766000,0.162602,-0.537272,-1.000000
0.767000,0.162602,-0.514739,-1.000000
0.768000,0.162602,-0.494135,-1.000000
0.769000,0.159534,-0.474844,-1.000000
0.770000,0.159534,-0.457159,-1.000000
0.771000,0.159534,-0.440836,-1.000000
0.772000,0.159534,-0.425554,-1.000000
0.773000,0.159534,-0.411358,-1.000000
0.774000,0.156466,-0.403388,-1.000000
0.775000,0.156466,-0.403388,-1.000000
0.776000,0.156466,-0.403388,-1.000000
0.777000,0.153398,-0.403388,-1.000000
0.778000,0.153398,-0.403388,-1.000000
0.779000,0.153398,-0.403388,-1.000000
0.780000,0.153398,-0.403388,-1.000000
0.781000,0.150330,-0.403388,-1.000000
0.782000,0.150330,-0.403388,-1.000000
0.783000,0.147262,-0.403388,-1.000000
0.784000,0.147262,-0.403388,-1.000000
0.785000,0.147262,-0.403388,-1.000000
0.786000,0.144194,-0.735089,-1.000000
0.787000,0.144194,-0.735089,-1.000000
0.788000,0.141126,-0.735089,-1.000000
0.789000,0.141126,-0.735089,-1.000000
0.790000,0.141126,-0.735089,-1.000000
0.791000,0.138058,-0.735089,-1.000000
0.792000,0.138058,-0.735089,-1.000000
0.793000,0.134990,-0.735089,-1.000000
0.794000,0.134990,-0.735089,-1.000000
0.795000,0.131922,-1.222050,-1.000000
0.796000,0.131922,-1.222050,-1.000000
0.797000,0.128854,-1.222050,-1.000000
0.798000,0.128854,-1.222050,-1.000000
0.799000,0.125786,-1.222050,-1.000000
0.800000,0.122718,-1.222050,1.000000
0.801000,0.122718,-1.222050,1.000000
0.802000,0.119651,-1.532448,1.000000
0.803000,0.119651,-1.532448,1.000000
0.804000,0.116583,-1.532448,1.000000
0.805000,0.116583,-1.532448,1.000000
0.806000,0.113515,-1.532448,1.000000
0.807000,0.113515,-1.532448,1.000000
0.808000,0.110447,-1.532448,1.000000
0.809000,0.110447,-1.532448,1.000000
0.810000,0.107379,-1.668104,1.000000
0.811000,0.107379,-1.668104,1.000000
0.812000,0.104311,-1.668104,1.000000
0.813000,0.104311,-1.668104,1.000000
0.814000,0.104311,-1.668104,1.000000
0.815000,0.101243,-1.668104,1.000000
0.816000,0.101243,-1.668104,1.000000
0.817000,0.098175,-1.653730,1.000000
0.818000,0.098175,-1.457168,1.000000
0.819000,0.098175,-1.302757,1.000000
0.820000,0.095107,-1.417907,1.000000
0.821000,0.095107,-1.417907,1.000000
0.822000,0.095107,-1.417907,1.000000
0.823000,0.092039,-1.417907,1.000000
0.824000,0.092039,-1.417907,1.000000
0.825000,0.092039,-1.417907,1.000000
0.826000,0.092039,-1.417907,1.000000
0.827000,0.088971,-1.417907,1.000000
0.828000,0.088971,-1.417907,1.000000
0.829000,0.088971,-1.288212,1.000000
0.830000,0.088971,-1.165794,1.000000
0.831000,0.085903,-1.065571,1.000000
0.832000,0.085903,-0.980522,1.000000
0.833000,0.085903,-0.907704,1.000000
0.834000,0.085903,-0.845232,1.000000
0.835000,0.085903,-0.790356,1.000000
0.836000,0.085903,-0.742780,1.000000
0.837000,0.085903,-0.700146,1.000000
0.838000,0.082835,-1.004026,1.000000
0.839000,0.082835,-1.004026,1.000000
0.840000,0.082835,-1.004026,1.000000
0.841000,0.082835,-1.004026,1.000000
0.842000,0.082835,-1.004026,1.000000
0.843000,0.082835,-1.004026,1.000000
0.844000,0.082835,-1.004026,1.000000
0.845000,0.082835,-1.004026,1.000000
0.846000,0.082835,-1.004026,1.000000
0.847000,0.082835,-1.004026,1.000000
0.848000,0.082835,-1.004026,1.000000
0.849000,0.082835,-1.004026,1.000000
0.850000,0.082835,-1.004026,1.000000
0.851000,0.082835,-0.944019,1.000000
0.852000,0.082835,-0.876619,1.000000
0.853000,0.082835,-0.818711,1.000000
0.854000,0.085903,0.767295,1.000000
0.855000,0.085903,0.722004,1.000000
0.856000,0.085903,0.681900,1.000000
0.857000,0.085903,0.645904,1.000000
0.858000,0.085903,0.613621,1.000000
0.859000,0.085903,0.584420,1.000000
0.860000,0.085903,0.557986,1.000000
0.861000,0.088971,0.533605,1.000000
0.862000,0.088971,0.511382,1.000000
0.863000,0.088971,0.490868,1.000000
0.864000,0.088971,0.472006,1.000000
0.865000,0.092039,0.458274,1.000000
0.866000,0.092039,0.458274,1.000000
0.867000,0.092039,0.458274,1.000000
0.868000,0.092039,0.458274,1.000000
0.869000,0.092039,0.458274,1.000000
0.870000,0.095107,0.458274,1.000000
0.871000,0.095107,0.458274,1.000000
0.872000,0.095107,0.458274,1.000000
0.873000,0.098175,0.458274,1.000000
0.874000,0.098175,0.458274,1.000000
0.875000,0.098175,0.458274,1.000000
0.876000,0.101243,0.458274,1.000000
0.877000,0.101243,0.458274,1.000000
0.878000,0.101243,0.458274,1.000000
0.879000,0.104311,0.638450,1.000000
0.880000,0.104311,0.638450,1.000000
0.881000,0.104311,0.638450,1.000000
0.882000,0.107379,0.638450,1.000000
0.883000,0.107379,0.638450,1.000000
0.884000,0.110447,0.638450,1.000000
0.885000,0.110447,0.638450,1.000000
0.886000,0.110447,0.638450,1.000000
0.887000,0.113515,0.638450,1.000000
0.888000,0.113515,0.638450,1.000000
0.889000,0.116583,1.098354,1.000000
0.890000,0.116583,1.098354,1.000000
0.891000,0.119651,1.098354,1.000000
0.892000,0.119651,1.098354,1.000000
0.893000,0.122718,1.098354,1.000000
0.894000,0.122718,1.098354,1.000000
0.895000,0.125786,1.098354,1.000000
0.896000,0.125786,1.098354,1.000000
0.897000,0.128854,1.353614,1.000000
0.898000,0.128854,1.353614,1.000000
0.899000,0.131922,1.353614,1.000000
0.900000,0.131922,1.353614,1.000000
0.901000,0.134990,1.353614,-1.000000
0.902000,0.134990,1.353614,-1.000000
0.903000,0.138058,1.353614,-1.000000
0.904000,0.138058,1.353614,-1.000000
0.905000,0.141126,1.545413,-1.000000
0.906000,0.141126,1.545413,-1.000000
0.907000,0.144194,1.545413,-1.000000
0.908000,0.144194,1.545413,-1.000000
0.909000,0.147262,1.545413,-1.000000
0.910000,0.147262,1.545413,-1.000000
0.911000,0.147262,1.545413,-1.000000
0.912000,0.150330,1.545413,-1.000000
0.913000,0.150330,1.436746,-1.000000
0.914000,0.150330,1.285406,-1.000000
0.915000,0.153398,1.471910,-1.000000
0.916000,0.153398,1.471910,-1.000000
0.917000,0.153398,1.471910,-1.000000
0.918000,0.156466,1.471910,-1.000000
0.919000,0.156466,1.471910,-1.000000
0.920000,0.156466,1.471910,-1.000000
0.921000,0.156466,1.471910,-1.000000
0.922000,0.159534,1.471910,-1.000000
0.923000,0.159534,1.378586,-1.000000
0.924000,0.159534,1.239443,-1.000000
0.925000,0.159534,1.126321,-1.000000
0.926000,0.159534,1.031810,-1.000000
0.927000,0.159534,0.951914,-1.000000
0.928000,0.159534,0.882705,-1.000000
0.929000,0.162602,0.823662,-1.000000
0.930000,0.162602,0.771742,-1.000000
0.931000,0.162602,0.726228,-1.000000
0.932000,0.162602,0.685781,-1.000000
0.933000,0.162602,0.649401,-1.000000
0.934000,0.162602,0.616689,-1.000000
0.935000,0.162602,0.587277,-1.000000
0.936000,0.162602,0.560317,-1.000000
0.937000,0.162602,0.535906,-1.000000
0.938000,0.162602,0.513431,-1.000000
0.939000,0.162602,0.492957,-1.000000
0.940000,0.159534,-0.473918,-1.000000
0.941000,0.159534,-0.456288,-1.000000
0.942000,0.159534,-0.439873,-1.000000
0.943000,0.159534,-0.424732,-1.000000
0.944000,0.159534,-0.410397,-1.000000
0.945000,0.159534,-0.397237,-1.000000
0.946000,0.156466,-0.979975,-1.000000
0.947000,0.156466,-0.979975,-1.000000
0.948000,0.156466,-0.979975,-1.000000
0.949000,0.156466,-0.979975,-1.000000
0.950000,0.156466,-0.979975,-1.000000
0.951000,0.153398,-0.979975,-1.000000
0.952000,0.153398,-0.979975,-1.000000
0.953000,0.153398,-0.979975,-1.000000
0.954000,0.150330,-0.979975,-1.000000
0.955000,0.150330,-0.979975,-1.000000
0.956000,0.150330,-0.979975,-1.000000
0.957000,0.147262,-0.979975,-1.000000
0.958000,0.147262,-0.979975,-1.000000
0.959000,0.144194,-0.383589,-1.000000
0.960000,0.144194,-0.383589,-1.000000
0.961000,0.141126,-0.383589,-1.000000
0.962000,0.141126,-0.383589,-1.000000
0.963000,0.141126,-0.383589,-1.000000
0.964000,0.138058,-0.383589,-1.000000
0.965000,0.138058,-0.383589,-1.000000
0.966000,0.134990,-0.383589,-1.000000
0.967000,0.134990,-0.383589,-1.000000
0.968000,0.131922,-1.252320,-1.000000
0.969000,0.128854,-1.252320,-1.000000
0.970000,0.128854,-1.252320,-1.000000
0.971000,0.125786,-1.252320,-1.000000
0.972000,0.125786,-1.252320,-1.000000
0.973000,0.122718,-1.252320,-1.000000
0.974000,0.119651,-1.640585,-1.000000
0.975000,0.119651,-1.640585,-1.000000
0.976000,0.116583,-1.640585,-1.000000
0.977000,0.116583,-1.640585,-1.000000
0.978000,0.113515,-1.640585,-1.000000
0.979000,0.110447,-1.640585,-1.000000
0.980000,0.107379,-1.947397,-1.000000
0.981000,0.107379,-1.947397,-1.000000
0.982000,0.104311,-1.947397,-1.000000
0.983000,0.101243,-1.947397,-1.000000
0.984000,0.098175,-1.947397,-1.000000
0.985000,0.098175,-1.947397,-1.000000
0.986000,0.095107,-2.191934,-1.000000
0.987000,0.092039,-2.191934,-1.000000
0.988000,0.088971,-2.191934,-1.000000
0.989000,0.085903,-2.191934,-1.000000
0.990000,0.085903,-2.191934,-1.000000
0.991000,0.082835,-2.394208,-1.000000
0.992000,0.079767,-2.394208,-1.000000
0.993000,0.076699,-2.394208,-1.000000
0.994000,0.073631,-2.394208,-1.000000
0.995000,0.070563,-2.575264,-1.000000
0.996000,0.067495,-2.575264,-1.000000
0.997000,0.067495,-2.575264,-1.000000
0.998000,0.064427,-2.575264,-1.000000
0.999000,0.061359,-2.575264,-1.000000
1.000000,0.058291,-2.738606,-1.000000
1.001000,0.055223,-2.738606,1.000000
1.002000,0.052155,-2.738606,1.000000
1.003000,0.049087,-2.738606,1.000000
1.004000,0.046019,-2.884712,1.000000
1.005000,0.042951,-2.884712,1.000000
1.006000,0.039884,-2.884712,1.000000
1.007000,0.036816,-2.884712,1.000000
1.008000,0.033748,-2.866789,1.000000
1.009000,0.030680,-2.866789,1.000000
1.010000,0.030680,-2.866789,1.000000
1.011000,0.027612,-2.866789,1.000000
1.012000,0.024544,-2.866789,1.000000
1.013000,0.021476,-2.700324,1.000000
1.014000,0.018408,-2.700324,1.000000
1.015000,0.015340,-2.700324,1.000000
1.016000,0.015340,-2.700324,1.000000
1.017000,0.012272,-2.691596,1.000000
1.018000,0.009204,-2.528135,1.000000
1.019000,0.006136,-2.528135,1.000000
1.020000,0.006136,-2.528135,1.000000
1.021000,0.003068,-2.528135,1.000000
1.022000,0.000000,-2.528135,1.000000
1.023000,0.000000,-2.251629,1.000000
1.024000,-0.003068,-2.277790,1.000000
1.025000,-0.006136,-2.277790,1.000000
1.026000,-0.006136,-2.277790,1.000000
1.027000,-0.009204,-2.277790,1.000000
1.028000,-0.009204,-2.277790,1.000000
1.029000,-0.012272,-2.142052,1.000000
1.030000,-0.015340,-1.991756,1.000000
1.031000,-0.015340,-1.991756,1.000000
1.032000,-0.018408,-1.991756,1.000000
1.033000,-0.018408,-1.991756,1.000000
1.034000,-0.018408,-1.991756,1.000000
1.035000,-0.021476,-1.991756,1.000000
1.036000,-0.021476,-1.991756,1.000000
1.037000,-0.024544,-1.747124,1.000000
1.038000,-0.024544,-1.529946,1.000000
1.039000,-0.027612,-1.637338,1.000000
1.040000,-0.027612,-1.637338,1.000000
1.041000,-0.027612,-1.637338,1.000000
1.042000,-0.030680,-1.637338,1.000000
1.043000,-0.030680,-1.637338,1.000000
1.044000,-0.030680,-1.637338,1.000000
1.045000,-0.033748,-1.637338,1.000000
1.046000,-0.033748,-1.637338,1.000000
1.047000,-0.033748,-1.447365,1.000000
1.048000,-0.036816,-1.294914,1.000000
1.049000,-0.036816,-1.170712,1.000000
1.050000,-0.036816,-1.069433,1.000000
1.051000,-0.036816,-0.983342,1.000000
1.052000,-0.036816,-0.910462,1.000000
1.053000,-0.039884,-1.185533,1.000000
1.054000,-0.039884,-1.185533,1.000000
1.055000,-0.039884,-1.185533,1.000000
1.056000,-0.039884,-1.185533,1.000000
1.057000,-0.039884,-1.185533,1.000000
1.058000,-0.039884,-1.185533,1.000000
1.059000,-0.039884,-1.185533,1.000000
1.060000,-0.039884,-1.185533,1.000000
1.061000,-0.039884,-1.185533,1.000000
1.062000,-0.039884,-1.185533,1.000000
1.063000,-0.039884,-1.185533,1.000000
1.064000,-0.039884,-1.106373,1.000000
1.065000,-0.039884,-1.015803,1.000000
1.066000,-0.039884,-0.937286,1.000000
1.067000,-0.039884,-0.871137,1.000000
1.068000,-0.039884,-0.813467,1.000000
1.069000,-0.039884,-0.762576,1.000000
1.070000,-0.039884,-0.718196,1.000000
1.071000,-0.039884,-0.678385,1.000000
1.072000,-0.039884,-0.642910,1.000000
1.073000,-0.036816,0.610974,1.000000
1.074000,-0.036816,0.581867,1.000000
1.075000,-0.036816,0.555634,1.000000
1.076000,-0.036816,0.531506,1.000000
1.077000,-0.036816,0.509359,1.000000
1.078000,-0.033748,0.489072,1.000000
1.079000,-0.033748,0.470438,1.000000
1.080000,-0.033748,0.453075,1.000000
1.081000,-0.033748,0.437031,1.000000
1.082000,-0.030680,0.435490,1.000000
1.083000,-0.030680,0.435490,1.000000
1.084000,-0.030680,0.435490,1.000000
1.085000,-0.027612,0.435490,1.000000
1.086000,-0.027612,0.435490,1.000000
1.087000,-0.027612,0.435490,1.000000
1.088000,-0.024544,0.435490,1.000000
1.089000,-0.024544,0.435490,1.000000
1.090000,-0.021476,0.435490,1.000000
1.091000,-0.021476,0.435490,1.000000
1.092000,-0.018408,0.839953,1.000000
1.093000,-0.018408,0.839953,1.000000
1.094000,-0.018408,0.839953,1.000000
1.095000,-0.015340,0.839953,1.000000
1.096000,-0.015340,0.839953,1.000000
1.097000,-0.012272,0.839953,1.000000
1.098000,-0.012272,0.839953,1.000000
1.099000,-0.009204,0.839953,1.000000
1.100000,-0.006136,1.361651,-1.000000
1.101000,-0.006136,1.361651,-1.000000
1.102000,-0.003068,1.361651,-1.000000
1.103000,-0.003068,1.361651,-1.000000
1.104000,0.000000,1.361651,-1.000000
1.105000,0.000000,1.361651,-1.000000
1.106000,0.003068,1.361651,-1.000000
1.107000,0.003068,1.361651,-1.000000
1.108000,0.006136,1.639763,-1.000000
1.109000,0.006136,1.639763,-1.000000
1.110000,0.009204,1.639763,-1.000000
1.111000,0.009204,1.639763,-1.000000
1.112000,0.012272,1.639763,-1.000000
1.113000,0.012272,1.639763,-1.000000
1.114000,0.015340,1.639763,-1.000000
1.115000,0.015340,1.601108,-1.000000
1.116000,0.015340,1.416793,-1.000000
1.117000,0.018408,1.558643,-1.000000
1.118000,0.018408,1.558643,-1.000000
1.119000,0.021476,1.558643,-1.000000
1.120000,0.021476,1.558643,-1.000000
1.121000,0.021476,1.558643,-1.000000
1.122000,0.024544,1.558643,-1.000000
1.123000,0.024544,1.558643,-1.000000
1.124000,0.024544,1.542971,-1.000000
1.125000,0.027612,1.368892,-1.000000
1.126000,0.027612,1.231938,-1.000000
1.127000,0.027612,1.119328,-1.000000
1.128000,0.030680,1.250372,-1.000000
1.129000,0.030680,1.250372,-1.000000
1.130000,0.030680,1.250372,-1.000000
1.131000,0.030680,1.250372,-1.000000
1.132000,0.033748,1.250372,-1.000000
1.133000,0.033748,1.250372,-1.000000
1.134000,0.033748,1.250372,-1.000000
1.135000,0.033748,1.250372,-1.000000
1.136000,0.033748,1.250372,-1.000000
1.137000,0.033748,1.250372,-1.000000
1.138000,0.036816,1.175613,-1.000000
1.139000,0.036816,1.074087,-1.000000
1.140000,0.036816,0.986651,-1.000000
1.141000,0.036816,0.913319,-1.000000
1.142000,0.036816,0.850125,-1.000000
1.143000,0.036816,0.795220,-1.000000
1.144000,0.036816,0.746673,-1.000000
1.145000,0.036816,0.703778,-1.000000
1.146000,0.036816,0.665735,-1.000000
1.147000,0.036816,0.631563,-1.000000
1.148000,0.036816,0.600583,-1.000000
1.149000,0.036816,0.572409,-1.000000
1.150000,0.036816,0.547063,-1.000000
1.151000,0.036816,0.523674,-1.000000
1.152000,0.036816,0.502293,-1.000000
1.153000,0.036816,0.482403,-1.000000
1.154000,0.036816,0.464170,-1.000000
1.155000,0.036816,0.447343,-1.000000
1.156000,0.036816,0.431563,-1.000000
1.157000,0.036816,0.416919,-1.000000
1.158000,0.036816,0.403172,-1.000000
1.159000,0.036816,0.390370,-1.000000
1.160000,0.036816,0.378401,-1.000000
1.161000,0.036816,0.367001,-1.000000
1.162000,0.036816,0.356410,-1.000000
1.163000,0.033748,0.773422,-1.000000
1.164000,0.033748,0.773422,-1.000000
1.165000,0.033748,0.773422,-1.000000
1.166000,0.033748,0.773422,-1.000000
1.167000,0.033748,0.773422,-1.000000
1.168000,0.030680,0.773422,-1.000000
1.169000,0.030680,0.773422,-1.000000
1.170000,0.030680,0.773422,-1.000000
1.171000,0.030680,0.773422,-1.000000
1.172000,0.027612,0.773422,-1.000000
1.173000,0.027612,0.773422,-1.000000
1.174000,0.027612,0.773422,-1.000000
1.175000,0.027612,0.773422,-1.000000
1.176000,0.024544,0.773422,-1.000000
1.177000,0.024544,0.773422,-1.000000
1.178000,0.024544,0.773422,-1.000000
1.179000,0.021476,-0.353179,-1.000000
1.180000,0.021476,-0.353179,-1.000000
1.181000,0.021476,-0.353179,-1.000000
1.182000,0.018408,-0.353179,-1.000000
1.183000,0.018408,-0.353179,-1.000000
1.184000,0.015340,-0.353179,-1.000000
1.185000,0.015340,-0.353179,-1.000000
1.186000,0.012272,-0.353179,-1.000000
1.187000,0.012272,-0.353179,-1.000000
1.188000,0.012272,-0.353179,-1.000000
1.189000,0.009204,-1.042667,-1.000000
1.190000,0.009204,-1.042667,-1.000000
1.191000,0.006136,-1.042667,-1.000000
1.192000,0.006136,-1.042667,-1.000000
1.193000,0.003068,-1.042667,-1.000000
1.194000,0.003068,-1.042667,-1.000000
1.195000,0.000000,-1.042667,-1.000000
1.196000,0.000000,-1.042667,-1.000000
1.197000,-0.003068,-1.380578,-1.000000
1.198000,-0.003068,-1.380578,-1.000000
1.199000,-0.006136,-1.380578,-1.000000
1.200000,-0.006136,-1.380578,-1.000000
1.201000,-0.009204,-1.380578,1.000000
1.202000,-0.012272,-1.380578,1.000000
1.203000,-0.012272,-1.380578,1.000000
1.204000,-0.015340,-1.642060,1.000000
1.205000,-0.015340,-1.642060,1.000000
1.206000,-0.018408,-1.642060,1.000000
1.207000,-0.018408,-1.642060,1.000000
1.208000,-0.021476,-1.642060,1.000000
1.209000,-0.021476,-1.642060,1.000000
1.210000,-0.024544,-1.642060,1.000000
1.211000,-0.024544,-1.642060,1.000000
1.212000,-0.027612,-1.704699,1.000000
1.213000,-0.027612,-1.704699,1.000000
1.214000,-0.030680,-1.704699,1.000000
1.215000,-0.030680,-1.704699,1.000000
1.216000,-0.033748,-1.704699,1.000000
1.217000,-0.033748,-1.704699,1.000000
1.218000,-0.033748,-1.704699,1.000000
1.219000,-0.036816,-1.590464,1.000000
1.220000,-0.036816,-1.407120,1.000000
1.221000,-0.036816,-1.262204,1.000000
1.222000,-0.039884,-1.422507,1.000000
1.223000,-0.039884,-1.422507,1.000000
1.224000,-0.039884,-1.422507,1.000000
1.225000,-0.042951,-1.422507,1.000000
1.226000,-0.042951,-1.422507,1.000000
1.227000,-0.042951,-1.422507,1.000000
1.228000,-0.042951,-1.422507,1.000000
1.229000,-0.046019,-1.422507,1.000000
1.230000,-0.046019,-1.396589,1.000000
1.231000,-0.046019,-1.254585,1.000000
1.232000,-0.046019,-1.137761,1.000000
1.233000,-0.046019,-1.041305,1.000000
1.234000,-0.049087,-0.960202,1.000000
1.235000,-0.049087,-0.890197,1.000000
1.236000,-0.049087,-0.830033,1.000000
1.237000,-0.049087,-0.777664,1.000000
1.238000,-0.049087,-0.731272,1.000000
1.239000,-0.049087,-0.690095,1.000000
1.240000,-0.049087,-0.653440,1.000000
1.241000,-0.049087,-0.620369,1.000000
1.242000,-0.049087,-0.590329,1.000000
1.243000,-0.049087,-0.563433,1.000000
1.244000,-0.049087,-0.538547,1.000000
1.245000,-0.049087,-0.516053,1.000000
1.246000,-0.049087,-0.495092,1.000000
1.247000,-0.049087,-0.475869,1.000000
1.248000,-0.049087,-0.458150,1.000000
1.249000,-0.049087,-0.441639,1.000000
1.250000,-0.049087,-0.426333,1.000000
1.251000,-0.049087,-0.412126,1.000000
1.252000,-0.049087,-0.398689,1.000000
1.253000,-0.049087,-0.386071,1.000000
1.254000,-0.049087,-0.374278,1.000000
1.255000,-0.049087,-0.363232,1.000000
1.256000,-0.049087,-0.352875,1.000000
1.257000,-0.049087,-0.342956,1.000000
1.258000,-0.046019,0.333592,1.000000
1.259000,-0.046019,0.324813,1.000000
1.260000,-0.046019,0.316440,1.000000
1.261000,-0.046019,0.308460,1.000000
1.262000,-0.046019,0.300892,1.000000
1.263000,-0.042951,0.975297,1.000000
1.264000,-0.042951,0.975297,1.000000
1.265000,-0.042951,0.975297,1.000000
1.266000,-0.042951,0.975297,1.000000
1.267000,-0.039884,0.975297,1.000000
1.268000,-0.039884,0.975297,1.000000
1.269000,-0.039884,0.975297,1.000000
1.270000,-0.039884,0.975297,1.000000
1.271000,-0.036816,0.975297,1.000000
1.272000,-0.036816,0.975297,1.000000
1.273000,-0.036816,0.975297,1.000000
1.274000,-0.033748,0.975297,1.000000
1.275000,-0.033748,0.962064,1.000000
1.276000,-0.030680,0.295548,1.000000
1.277000,-0.030680,0.295548,1.000000
1.278000,-0.030680,0.295548,1.000000
1.279000,-0.027612,0.295548,1.000000
1.280000,-0.027612,0.295548,1.000000
1.281000,-0.024544,0.295548,1.000000
1.282000,-0.024544,0.295548,1.000000
1.283000,-0.024544,0.295548,1.000000
1.284000,-0.021476,0.295548,1.000000
1.285000,-0.021476,0.295548,1.000000
1.286000,-0.018408,1.123681,1.000000
1.287000,-0.018408,1.123681,1.000000
1.288000,-0.015340,1.123681,1.000000
1.289000,-0.015340,1.123681,1.000000
1.290000,-0.012272,1.123681,1.000000
1.291000,-0.012272,1.123681,1.000000
1.292000,-0.009204,1.123681,1.000000
1.293000,-0.009204,1.123681,1.000000
1.294000,-0.006136,1.417468,1.000000
1.295000,-0.006136,1.417468,1.000000
1.296000,-0.003068,1.417468,1.000000
1.297000,-0.003068,1.417468,1.000000
1.298000,0.000000,1.417468,1.000000
1.299000,0.003068,1.417468,1.000000
1.300000,0.003068,1.417468,1.000000
1.301000,0.006136,1.633638,-1.000000
1.302000,0.006136,1.633638,-1.000000
1.303000,0.009204,1.633638,-1.000000
1.304000,0.009204,1.633638,-1.000000
1.305000,0.012272,1.633638,-1.000000
1.306000,0.015340,1.633638,-1.000000
1.307000,0.015340,1.633638,-1.000000
1.308000,0.018408,1.758197,-1.000000
1.309000,0.018408,1.758197,-1.000000
1.310000,0.021476,1.758197,-1.000000
1.311000,0.021476,1.758197,-1.000000
1.312000,0.021476,1.758197,-1.000000
1.313000,0.024544,1.758197,-1.000000
1.314000,0.024544,1.758197,-1.000000
1.315000,0.027612,1.693911,-1.000000
1.316000,0.027612,1.488341,-1.000000
1.317000,0.030680,1.544368,-1.000000
1.318000,0.030680,1.544368,-1.000000
1.319000,0.030680,1.544368,-1.000000
1.320000,0.033748,1.544368,-1.000000
1.321000,0.033748,1.544368,-1.000000
1.322000,0.033748,1.544368,-1.000000
1.323000,0.033748,1.544368,-1.000000
1.324000,0.036816,1.544368,-1.000000
1.325000,0.036816,1.508841,-1.000000
1.326000,0.036816,1.343312,-1.000000
1.327000,0.036816,1.210346,-1.000000
1.328000,0.036816,1.102036,-1.000000
1.329000,0.039884,1.011028,-1.000000
1.330000,0.039884,0.934328,-1.000000
1.331000,0.039884,0.868073,-1.000000
1.332000,0.039884,0.810609,-1.000000
1.333000,0.039884,0.760541,-1.000000
1.334000,0.039884,0.716088,-1.000000
1.335000,0.039884,0.676670,-1.000000
1.336000,0.039884,0.641204,-1.000000
1.337000,0.039884,0.609376,-1.000000
1.338000,0.039884,0.580600,-1.000000
1.339000,0.039884,0.554415,-1.000000
1.340000,0.039884,0.530364,-1.000000
1.341000,0.039884,0.508433,-1.000000
1.342000,0.039884,0.488244,-1.000000
1.343000,0.039884,0.469493,-1.000000
1.344000,0.039884,0.452231,-1.000000
1.345000,0.039884,0.436096,-1.000000
1.346000,0.039884,0.421161,-1.000000
1.347000,0.039884,0.407340,-1.000000
1.348000,0.039884,0.394074,-1.000000
1.349000,0.039884,0.381880,-1.000000
1.350000,0.036816,-0.370285,-1.000000
1.351000,0.036816,-0.359440,-1.000000
1.352000,0.036816,-0.349219,-1.000000
1.353000,0.036816,-0.339607,-1.000000
1.354000,0.036816,-0.330425,-1.000000
1.355000,0.033748,-1.073856,-1.000000
1.356000,0.033748,-1.073856,-1.000000
1.357000,0.033748,-1.073856,-1.000000
1.358000,0.033748,-1.073856,-1.000000
1.359000,0.030680,-1.073856,-1.000000
1.360000,0.030680,-1.073856,-1.000000
1.361000,0.030680,-1.073856,-1.000000
1.362000,0.027612,-1.073856,-1.000000
1.363000,0.027612,-1.073856,-1.000000
1.364000,0.024544,-1.073856,-1.000000
1.365000,0.024544,-1.073856,-1.000000
1.366000,0.024544,-1.073856,-1.000000
1.367000,0.021476,-0.323686,-1.000000
1.368000,0.021476,-0.323686,-1.000000
1.369000,0.018408,-0.323686,-1.000000
1.370000,0.018408,-0.323686,-1.000000
1.371000,0.015340,-0.323686,-1.000000
1.372000,0.015340,-0.323686,-1.000000
1.373000,0.012272,-0.323686,-1.000000
1.374000,0.012272,-0.323686,-1.000000
1.375000,0.009204,-1.290852,-1.000000
1.376000,0.009204,-1.290852,-1.000000
1.377000,0.006136,-1.290852,-1.000000
1.378000,0.006136,-1.290852,-1.000000
1.379000,0.003068,-1.290852,-1.000000
1.380000,0.000000,-1.290852,-1.000000
1.381000,0.000000,-1.290852,-1.000000
1.382000,-0.003068,-1.650372,-1.000000
1.383000,-0.003068,-1.650372,-1.000000
1.384000,-0.006136,-1.650372,-1.000000
1.385000,-0.009204,-1.650372,-1.000000
1.386000,-0.009204,-1.650372,-1.000000
1.387000,-0.012272,-1.650372,-1.000000
1.388000,-0.015340,-1.931472,-1.000000
1.389000,-0.018408,-1.931472,-1.000000
1.390000,-0.018408,-1.931472,-1.000000
1.391000,-0.021476,-1.931472,-1.000000
1.392000,-0.024544,-1.931472,-1.000000
1.393000,-0.027612,-2.155913,-1.000000
1.394000,-0.027612,-2.155913,-1.000000
1.395000,-0.030680,-2.155913,-1.000000
1.396000,-0.033748,-2.155913,-1.000000
1.397000,-0.036816,-2.155913,-1.000000
1.398000,-0.036816,-2.155913,-1.000000
1.399000,-0.039884,-2.349122,-1.000000
1.400000,-0.042951,-2.349122,1.000000
1.401000,-0.046019,-2.349122,1.000000
1.402000,-0.049087,-2.349122,1.000000
1.403000,-0.052155,-2.515030,1.000000
1.404000,-0.052155,-2.515030,1.000000
1.405000,-0.055223,-2.515030,1.000000
1.406000,-0.058291,-2.515030,1.000000
1.407000,-0.061359,-2.515030,1.000000
1.408000,-0.064427,-2.501296,1.000000
1.409000,-0.064427,-2.501296,1.000000
1.410000,-0.067495,-2.501296,1.000000
1.411000,-0.070563,-2.501296,1.000000
1.412000,-0.070563,-2.501296,1.000000
1.413000,-0.073631,-2.432658,1.000000
1.414000,-0.076699,-2.319826,1.000000
1.415000,-0.079767,-2.319826,1.000000
1.416000,-0.079767,-2.319826,1.000000
1.417000,-0.082835,-2.319826,1.000000
1.418000,-0.082835,-2.319826,1.000000
1.419000,-0.085903,-2.224801,1.000000
1.420000,-0.088971,-2.072252,1.000000
1.421000,-0.088971,-2.072252,1.000000
1.422000,-0.092039,-2.072252,1.000000
1.423000,-0.092039,-2.072252,1.000000
1.424000,-0.095107,-2.072252,1.000000
1.425000,-0.095107,-2.072252,1.000000
1.426000,-0.098175,-1.978413,1.000000
1.427000,-0.098175,-1.704538,1.000000
1.428000,-0.101243,-1.787303,1.000000
1.429000,-0.101243,-1.787303,1.000000
1.430000,-0.104311,-1.787303,1.000000
1.431000,-0.104311,-1.787303,1.000000
1.432000,-0.104311,-1.787303,1.000000
1.433000,-0.107379,-1.787303,1.000000
1.434000,-0.107379,-1.787303,1.000000
1.435000,-0.110447,-1.617285,1.000000
1.436000,-0.110447,-1.427994,1.000000
1.437000,-0.110447,-1.279611,1.000000
1.438000,-0.113515,-1.402935,1.000000
1.439000,-0.113515,-1.402935,1.000000
1.440000,-0.113515,-1.402935,1.000000
1.441000,-0.113515,-1.402935,1.000000
1.442000,-0.116583,-1.402935,1.000000
1.443000,-0.116583,-1.402935,1.000000
1.444000,-0.116583,-1.402935,1.000000
1.445000,-0.116583,-1.402935,1.000000
1.446000,-0.116583,-1.402935,1.000000
1.447000,-0.119651,-1.350672,1.000000
1.448000,-0.119651,-1.217712,1.000000
1.449000,-0.119651,-1.107158,1.000000
1.450000,-0.119651,-1.015467,1.000000
1.451000,-0.119651,-0.938172,1.000000
1.452000,-0.119651,-0.871614,1.000000
1.453000,-0.119651,-0.813559,1.000000
1.454000,-0.119651,-0.763240,1.000000
1.455000,-0.119651,-0.718562,1.000000
1.456000,-0.119651,-0.678654,1.000000
1.457000,-0.119651,-0.643114,1.000000
1.458000,-0.119651,-0.610979,1.000000
1.459000,-0.119651,-0.582018,1.000000
1.460000,-0.119651,-0.555667,1.000000
1.461000,-0.119651,-0.531699,1.000000
1.462000,-0.119651,-0.509641,1.000000
1.463000,-0.119651,-0.489337,1.000000
1.464000,-0.119651,-0.470501,1.000000
1.465000,-0.119651,-0.453137,1.000000
1.466000,-0.119651,-0.437069,1.000000
1.467000,-0.119651,-0.421922,1.000000
1.468000,-0.116583,-0.836313,1.000000
1.469000,-0.116583,-0.836313,1.000000
1.470000,-0.116583,-0.836313,1.000000
1.471000,-0.116583,-0.836313,1.000000
1.472000,-0.116583,-0.836313,1.000000
1.473000,-0.113515,-0.836313,1.000000
1.474000,-0.113515,-0.836313,1.000000
1.475000,-0.113515,-0.836313,1.000000
1.476000,-0.113515,-0.836313,1.000000
1.477000,-0.110447,-0.836313,1.000000
1.478000,-0.110447,-0.836313,1.000000
1.479000,-0.110447,-0.836313,1.000000
1.480000,-0.107379,-0.836313,1.000000
1.481000,-0.107379,-0.836313,1.000000
1.482000,-0.107379,0.832822,1.000000
1.483000,-0.104311,0.417733,1.000000
1.484000,-0.104311,0.417733,1.000000
1.485000,-0.101243,0.417733,1.000000
1.486000,-0.101243,0.417733,1.000000
1.487000,-0.101243,0.417733,1.000000
1.488000,-0.098175,0.417733,1.000000
1.489000,-0.098175,0.417733,1.000000
1.490000,-0.095107,0.417733,1.000000
1.491000,-0.095107,0.417733,1.000000
1.492000,-0.092039,1.131685,1.000000
1.493000,-0.092039,1.131685,1.000000
1.494000,-0.088971,1.131685,1.000000
1.495000,-0.088971,1.131685,1.000000
1.496000,-0.085903,1.131685,1.000000
1.497000,-0.082835,1.131685,1.000000
1.498000,-0.082835,1.131685,1.000000
1.499000,-0.079767,1.520196,1.000000
1.500000,-0.079767,1.520196,1.000000
1.501000,-0.076699,1.520196,-1.000000
1.502000,-0.073631,1.520196,-1.000000
1.503000,-0.073631,1.520196,-1.000000
1.504000,-0.070563,1.520196,-1.000000
1.505000,-0.070563,1.520196,-1.000000
1.506000,-0.067495,1.813756,-1.000000
1.507000,-0.067495,1.813756,-1.000000
1.508000,-0.064427,1.813756,-1.000000
1.509000,-0.061359,1.813756,-1.000000
1.510000,-0.061359,1.813756,-1.000000
1.511000,-0.058291,1.813756,-1.000000
1.512000,-0.058291,1.813756,-1.000000
1.513000,-0.055223,1.791728,-1.000000
1.514000,-0.055223,1.791728,-1.000000
1.515000,-0.052155,1.791728,-1.000000
1.516000,-0.052155,1.791728,-1.000000
1.517000,-0.049087,1.791728,-1.000000
1.518000,-0.049087,1.791728,-1.000000
1.519000,-0.046019,1.791728,-1.000000
1.520000,-0.046019,1.612059,-1.000000
1.521000,-0.042951,1.425955,-1.000000
1.522000,-0.042951,1.582534,-1.000000
1.523000,-0.042951,1.582534,-1.000000
1.524000,-0.039884,1.582534,-1.000000
1.525000,-0.039884,1.582534,-1.000000
1.526000,-0.039884,1.582534,-1.000000
1.527000,-0.036816,1.582534,-1.000000
1.528000,-0.036816,1.582534,-1.000000
1.529000,-0.036816,1.539615,-1.000000
1.530000,-0.033748,1.368548,-1.000000
1.531000,-0.033748,1.230541,-1.000000
1.532000,-0.033748,1.118651,-1.000000
1.533000,-0.033748,1.024920,-1.000000
1.534000,-0.030680,1.241746,-1.000000
1.535000,-0.030680,1.241746,-1.000000
1.536000,-0.030680,1.241746,-1.000000
1.537000,-0.030680,1.241746,-1.000000
1.538000,-0.027612,1.241746,-1.000000
1.539000,-0.027612,1.241746,-1.000000
1.540000,-0.027612,1.241746,-1.000000
1.541000,-0.027612,1.241746,-1.000000
1.542000,-0.027612,1.241746,-1.000000
1.543000,-0.027612,1.232859,-1.000000
1.544000,-0.027612,1.120422,-1.000000
1.545000,-0.024544,1.026810,-1.000000
1.546000,-0.024544,0.947272,-1.000000
1.547000,-0.024544,0.879516,-1.000000
1.548000,-0.024544,0.821316,-1.000000
1.549000,-0.024544,0.769115,-1.000000
1.550000,-0.024544,0.723847,-1.000000
1.551000,-0.024544,0.683603,-1.000000
1.552000,-0.024544,0.647401,-1.000000
1.553000,-0.024544,0.615302,-1.000000
1.554000,-0.024544,0.585822,-1.000000
1.555000,-0.024544,0.559034,-1.000000
1.556000,-0.024544,0.534721,-1.000000
1.557000,-0.024544,0.512312,-1.000000
1.558000,-0.024544,0.491818,-1.000000
1.559000,-0.024544,0.472777,-1.000000
1.560000,-0.024544,0.455341,-1.000000
1.561000,-0.027612,0.675495,-1.000000
1.562000,-0.027612,0.675495,-1.000000
1.563000,-0.027612,0.675495,-1.000000
1.564000,-0.027612,0.675495,-1.000000
1.565000,-0.027612,0.675495,-1.000000
1.566000,-0.027612,0.675495,-1.000000
1.567000,-0.027612,0.675495,-1.000000
1.568000,-0.030680,0.675495,-1.000000
1.569000,-0.030680,0.675495,-1.000000
1.570000,-0.030680,0.675495,-1.000000
1.571000,-0.030680,0.675495,-1.000000
1.572000,-0.030680,0.675495,-1.000000
1.573000,-0.033748,0.675495,-1.000000
1.574000,-0.033748,0.675495,-1.000000
1.575000,-0.033748,0.675495,-1.000000
1.576000,-0.036816,0.675495,-1.000000
1.577000,-0.036816,0.675495,-1.000000
1.578000,-0.036816,0.675495,-1.000000
1.579000,-0.039884,-0.446421,-1.000000
1.580000,-0.039884,-0.446421,-1.000000
1.581000,-0.039884,-0.446421,-1.000000
1.582000,-0.042951,-0.446421,-1.000000
1.583000,-0.042951,-0.446421,-1.000000
1.584000,-0.042951,-0.446421,-1.000000
1.585000,-0.046019,-0.446421,-1.000000
1.586000,-0.046019,-0.446421,-1.000000
1.587000,-0.049087,-0.446421,-1.000000
1.588000,-0.049087,-0.446421,-1.000000
1.589000,-0.049087,-0.446421,-1.000000
1.590000,-0.052155,-0.987247,-1.000000
1.591000,-0.052155,-0.987247,-1.000000
1.592000,-0.055223,-0.987247,-1.000000
1.593000,-0.055223,-0.987247,-1.000000
1.594000,-0.058291,-0.987247,-1.000000
1.595000,-0.058291,-0.987247,-1.000000
1.596000,-0.061359,-0.987247,-1.000000
1.597000,-0.061359,-0.987247,-1.000000
1.598000,-0.064427,-1.345372,-1.000000
1.599000,-0.064427,-1.345372,-1.000000
1.600000,-0.067495,-1.345372,1.000000
1.601000,-0.067495,-1.345372,1.000000
1.602000,-0.070563,-1.345372,1.000000
1.603000,-0.070563,-1.345372,1.000000
1.604000,-0.073631,-1.345372,1.000000
1.605000,-0.073631,-1.345372,1.000000
1.606000,-0.076699,-1.609156,1.000000
1.607000,-0.076699,-1.609156,1.000000
1.608000,-0.079767,-1.609156,1.000000
1.609000,-0.079767,-1.609156,1.000000
1.610000,-0.082835,-1.609156,1.000000
1.611000,-0.082835,-1.609156,1.000000
1.612000,-0.085903,-1.609156,1.000000
1.613000,-0.085903,-1.553630,1.000000
1.614000,-0.085903,-1.378883,1.000000
1.615000,-0.088971,-1.517731,1.000000
1.616000,-0.088971,-1.517731,1.000000
1.617000,-0.092039,-1.517731,1.000000
1.618000,-0.092039,-1.517731,1.000000
1.619000,-0.092039,-1.517731,1.000000
1.620000,-0.092039,-1.517731,1.000000
1.621000,-0.095107,-1.517731,1.000000
1.622000,-0.095107,-1.517731,1.000000
1.623000,-0.095107,-1.372709,1.000000
1.624000,-0.098175,-1.234570,1.000000
1.625000,-0.098175,-1.122019,1.000000
1.626000,-0.098175,-1.027892,1.000000
1.627000,-0.098175,-0.948662,1.000000
1.628000,-0.098175,-0.880248,1.000000
1.629000,-0.101243,-1.147389,1.000000
1.630000,-0.101243,-1.147389,1.000000
1.631000,-0.101243,-1.147389,1.000000
1.632000,-0.101243,-1.147389,1.000000
1.633000,-0.101243,-1.147389,1.000000
1.634000,-0.101243,-1.147389,1.000000
1.635000,-0.101243,-1.147389,1.000000
1.636000,-0.101243,-1.147389,1.000000
1.637000,-0.104311,-1.147389,1.000000
1.638000,-0.104311,-1.147389,1.000000
1.639000,-0.104311,-1.136605,1.000000
1.640000,-0.104311,-1.040561,1.000000
1.641000,-0.104311,-0.959082,1.000000
1.642000,-0.104311,-0.889820,1.000000
1.643000,-0.104311,-0.829563,1.000000
1.644000,-0.104311,-0.776974,1.000000
1.645000,-0.104311,-0.730852,1.000000
1.646000,-0.104311,-0.689665,1.000000
1.647000,-0.101243,0.653077,1.000000
1.648000,-0.101243,0.620004,1.000000
1.649000,-0.101243,0.590226,1.000000
1.650000,-0.101243,0.563200,1.000000
1.651000,-0.101243,0.538419,1.000000
1.652000,-0.101243,0.515748,1.000000
1.653000,-0.101243,0.494981,1.000000
1.654000,-0.098175,0.475915,1.000000
1.655000,-0.098175,0.457969,1.000000
1.656000,-0.098175,0.441616,1.000000
1.657000,-0.098175,0.426197,1.000000
1.658000,-0.098175,0.411871,1.000000
1.659000,-0.095107,0.398573,1.000000
1.660000,-0.095107,0.385930,1.000000
1.661000,-0.095107,0.374227,1.000000
1.662000,-0.095107,0.363107,1.000000
1.663000,-0.092039,0.364206,1.000000
1.664000,-0.092039,0.364206,1.000000
1.665000,-0.092039,0.364206,1.000000
1.666000,-0.088971,0.364206,1.000000
1.667000,-0.088971,0.364206,1.000000
1.668000,-0.088971,0.364206,1.000000
1.669000,-0.085903,0.364206,1.000000
1.670000,-0.085903,0.364206,1.000000
1.671000,-0.085903,0.364206,1.000000
1.672000,-0.082835,0.364206,1.000000
1.673000,-0.082835,0.364206,1.000000
1.674000,-0.079767,0.835844,1.000000
1.675000,-0.079767,0.835844,1.000000
1.676000,-0.076699,0.835844,1.000000
1.677000,-0.076699,0.835844,1.000000
1.678000,-0.073631,0.835844,1.000000
1.679000,-0.073631,0.835844,1.000000
1.680000,-0.073631,0.835844,1.000000
1.681000,-0.070563,0.835844,1.000000
1.682000,-0.067495,1.283315,1.000000
1.683000,-0.067495,1.283315,1.000000
1.684000,-0.064427,1.283315,1.000000
1.685000,-0.064427,1.283315,1.000000
1.686000,-0.061359,1.283315,1.000000
1.687000,-0.061359,1.283315,1.000000
1.688000,-0.058291,1.283315,1.000000
1.689000,-0.058291,1.283315,1.000000
1.690000,-0.055223,1.573605,1.000000
1.691000,-0.052155,1.573605,1.000000
1.692000,-0.052155,1.573605,1.000000
1.693000,-0.049087,1.573605,1.000000
1.694000,-0.049087,1.573605,1.000000
1.695000,-0.046019,1.573605,1.000000
1.696000,-0.042951,1.794749,1.000000
1.697000,-0.042951,1.794749,1.000000
1.698000,-0.039884,1.794749,1.000000
1.699000,-0.036816,1.794749,1.000000
1.700000,-0.036816,1.794749,1.000000
1.701000,-0.033748,1.794749,-1.000000
1.702000,-0.030680,1.981825,-1.000000
1.703000,-0.030680,1.981825,-1.000000
1.704000,-0.027612,1.981825,-1.000000
1.705000,-0.024544,1.981825,-1.000000
1.706000,-0.024544,1.981825,-1.000000
1.707000,-0.021476,1.981825,-1.000000
1.708000,-0.018408,2.048409,-1.000000
1.709000,-0.018408,2.048409,-1.000000
1.710000,-0.015340,2.048409,-1.000000
1.711000,-0.015340,2.048409,-1.000000
1.712000,-0.012272,2.048409,-1.000000
1.713000,-0.012272,2.048409,-1.000000
1.714000,-0.009204,2.001774,-1.000000
1.715000,-0.009204,1.720476,-1.000000
1.716000,-0.006136,1.880659,-1.000000
1.717000,-0.006136,1.880659,-1.000000
1.718000,-0.003068,1.880659,-1.000000
1.719000,-0.003068,1.880659,-1.000000
1.720000,0.000000,1.880659,-1.000000
1.721000,0.000000,1.880659,-1.000000
1.722000,0.003068,1.762778,-1.000000
1.723000,0.003068,1.541993,-1.000000
1.724000,0.003068,1.369573,-1.000000
1.725000,0.006136,1.519229,-1.000000
1.726000,0.006136,1.519229,-1.000000
1.727000,0.006136,1.519229,-1.000000
1.728000,0.009204,1.519229,-1.000000
1.729000,0.009204,1.519229,-1.000000
1.730000,0.009204,1.519229,-1.000000
1.731000,0.009204,1.519229,-1.000000
1.732000,0.012272,1.519229,-1.000000
1.733000,0.012272,1.426298,-1.000000
1.734000,0.012272,1.277569,-1.000000
1.735000,0.012272,1.157383,-1.000000
1.736000,0.012272,1.057405,-1.000000
1.737000,0.012272,0.973770,-1.000000
1.738000,0.015340,0.902039,-1.000000
1.739000,0.015340,0.840460,-1.000000
1.740000,0.015340,0.786471,-1.000000
1.741000,0.015340,0.739254,-1.000000
1.742000,0.015340,0.697111,-1.000000
1.743000,0.015340,0.659763,-1.000000
1.744000,0.015340,0.625899,-1.000000
1.745000,0.015340,0.595847,-1.000000
1.746000,0.015340,0.568157,-1.000000
1.747000,0.015340,0.542838,-1.000000
1.748000,0.015340,0.519887,-1.000000
1.749000,0.015340,0.498820,-1.000000
1.750000,0.015340,0.479335,-1.000000
1.751000,0.015340,0.461322,-1.000000
1.752000,0.015340,0.444519,-1.000000
1.753000,0.015340,0.429062,-1.000000
1.754000,0.015340,0.414520,-1.000000
1.755000,0.012272,-0.400972,-1.000000
1.756000,0.012272,-0.388309,-1.000000
1.757000,0.012272,-0.376374,-1.000000
1.758000,0.012272,-0.365193,-1.000000
1.759000,0.012272,-0.354623,-1.000000
1.760000,0.012272,-0.344737,-1.000000
1.761000,0.009204,-1.014640,-1.000000
1.762000,0.009204,-1.014640,-1.000000
1.763000,0.009204,-1.014640,-1.000000
1.764000,0.009204,-1.014640,-1.000000
1.765000,0.006136,-1.014640,-1.000000
1.766000,0.006136,-1.014640,-1.000000
1.767000,0.006136,-1.014640,-1.000000
1.768000,0.003068,-1.014640,-1.000000
1.769000,0.003068,-1.014640,-1.000000
1.770000,0.003068,-1.014640,-1.000000
1.771000,0.000000,-1.014640,-1.000000
1.772000,0.000000,-1.014640,-1.000000
1.773000,-0.003068,-0.339113,-1.000000
1.774000,-0.003068,-0.339113,-1.000000
1.775000,-0.003068,-0.339113,-1.000000
1.776000,-0.006136,-0.339113,-1.000000
1.777000,-0.006136,-0.339113,-1.000000
1.778000,-0.009204,-0.339113,-1.000000
1.779000,-0.009204,-0.339113,-1.000000
1.780000,-0.012272,-0.339113,-1.000000
1.781000,-0.012272,-0.339113,-1.000000
1.782000,-0.015340,-1.235535,-1.000000
1.783000,-0.015340,-1.235535,-1.000000
1.784000,-0.018408,-1.235535,-1.000000
1.785000,-0.018408,-1.235535,-1.000000
1.786000,-0.021476,-1.235535,-1.000000
1.787000,-0.024544,-1.235535,-1.000000
1.788000,-0.024544,-1.235535,-1.000000
1.789000,-0.027612,-1.596560,-1.000000
1.790000,-0.027612,-1.596560,-1.000000
1.791000,-0.030680,-1.596560,-1.000000
1.792000,-0.033748,-1.596560,-1.000000
1.793000,-0.033748,-1.596560,-1.000000
1.794000,-0.036816,-1.596560,-1.000000
1.795000,-0.039884,-1.863028,-1.000000
1.796000,-0.039884,-1.863028,-1.000000
1.797000,-0.042951,-1.863028,-1.000000
1.798000,-0.046019,-1.863028,-1.000000
1.799000,-0.046019,-1.863028,-1.000000
1.800000,-0.049087,-1.863028,-1.000000
1.801000,-0.052155,-2.083722,1.000000
1.802000,-0.055223,-2.083722,1.000000
1.803000,-0.055223,-2.083722,1.000000
1.804000,-0.058291,-2.083722,1.000000
1.805000,-0.061359,-2.083722,1.000000
1.806000,-0.061359,-2.083722,1.000000
1.807000,-0.064427,-2.226499,1.000000
1.808000,-0.067495,-2.226499,1.000000
1.809000,-0.067495,-2.226499,1.000000
1.810000,-0.070563,-2.226499,1.000000
1.811000,-0.073631,-2.226499,1.000000
1.812000,-0.073631,-2.061971,1.000000
1.813000,-0.076699,-2.136427,1.000000
1.814000,-0.079767,-2.136427,1.000000
1.815000,-0.079767,-2.136427,1.000000
1.816000,-0.082835,-2.136427,1.000000
1.817000,-0.082835,-2.136427,1.000000
1.818000,-0.085903,-2.077485,1.000000
1.819000,-0.085903,-1.775166,1.000000
1.820000,-0.088971,-1.900525,1.000000
1.821000,-0.088971,-1.900525,1.000000
1.822000,-0.092039,-1.900525,1.000000
1.823000,-0.092039,-1.900525,1.000000
1.824000,-0.095107,-1.900525,1.000000
1.825000,-0.095107,-1.900525,1.000000
1.826000,-0.098175,-1.781128,1.000000
1.827000,-0.098175,-1.555277,1.000000
1.828000,-0.101243,-1.571816,1.000000
1.829000,-0.101243,-1.571816,1.000000
1.830000,-0.101243,-1.571816,1.000000
1.831000,-0.104311,-1.571816,1.000000
1.832000,-0.104311,-1.571816,1.000000
1.833000,-0.104311,-1.571816,1.000000
1.834000,-0.104311,-1.571816,1.000000
1.835000,-0.107379,-1.571816,1.000000
1.836000,-0.107379,-1.533275,1.000000
1.837000,-0.107379,-1.363423,1.000000
1.838000,-0.110447,-1.227016,1.000000
1.839000,-0.110447,-1.115410,1.000000
1.840000,-0.110447,-1.022733,1.000000
1.841000,-0.110447,-0.944064,1.000000
1.842000,-0.110447,-0.876657,1.000000
1.843000,-0.110447,-0.817891,1.000000
1.844000,-0.113515,-1.130212,1.000000
1.845000,-0.113515,-1.130212,1.000000
1.846000,-0.113515,-1.130212,1.000000
1.847000,-0.113515,-1.130212,1.000000
1.848000,-0.113515,-1.130212,1.000000
1.849000,-0.113515,-1.130212,1.000000
1.850000,-0.113515,-1.130212,1.000000
1.851000,-0.113515,-1.130212,1.000000
1.852000,-0.113515,-1.130212,1.000000
1.853000,-0.113515,-1.130212,1.000000
1.854000,-0.113515,-1.130212,1.000000
1.855000,-0.113515,-1.054430,1.000000
1.856000,-0.113515,-0.970886,1.000000
1.857000,-0.113515,-0.899345,1.000000
1.858000,-0.113515,-0.838308,1.000000
1.859000,-0.113515,-0.784427,1.000000
1.860000,-0.113515,-0.737232,1.000000
1.861000,-0.113515,-0.695401,1.000000
1.862000,-0.113515,-0.658226,1.000000
1.863000,-0.110447,0.624610,1.000000
1.864000,-0.110447,0.594588,1.000000
1.865000,-0.110447,0.567082,1.000000
1.866000,-0.110447,0.541878,1.000000
1.867000,-0.110447,0.519030,1.000000
1.868000,-0.107379,0.497917,1.000000
1.869000,-0.107379,0.478551,1.000000
1.870000,-0.107379,0.460689,1.000000
1.871000,-0.107379,0.443937,1.000000
1.872000,-0.104311,0.436851,1.000000
1.873000,-0.104311,0.436851,1.000000
1.874000,-0.104311,0.436851,1.000000
1.875000,-0.101243,0.436851,1.000000
1.876000,-0.101243,0.436851,1.000000
1.877000,-0.101243,0.436851,1.000000
1.878000,-0.098175,0.436851,1.000000
1.879000,-0.098175,0.436851,1.000000
1.880000,-0.098175,0.436851,1.000000
1.881000,-0.095107,0.436851,1.000000
1.882000,-0.095107,0.436851,1.000000
1.883000,-0.092039,0.792215,1.000000
1.884000,-0.092039,0.792215,1.000000
1.885000,-0.088971,0.792215,1.000000
1.886000,-0.088971,0.792215,1.000000
1.887000,-0.088971,0.792215,1.000000
1.888000,-0.085903,0.792215,1.000000
1.889000,-0.085903,0.792215,1.000000
1.890000,-0.082835,0.792215,1.000000
1.891000,-0.079767,1.319614,1.000000
1.892000,-0.079767,1.319614,1.000000
1.893000,-0.076699,1.319614,1.000000
1.894000,-0.076699,1.319614,1.000000
1.895000,-0.073631,1.319614,1.000000
1.896000,-0.073631,1.319614,1.000000
1.897000,-0.070563,1.319614,1.000000
1.898000,-0.067495,1.653188,1.000000
1.899000,-0.067495,1.653188,1.000000
1.900000,-0.064427,1.653188,-1.000000
1.901000,-0.061359,1.653188,-1.000000
1.902000,-0.061359,1.653188,-1.000000
1.903000,-0.058291,1.653188,-1.000000
1.904000,-0.058291,1.653188,-1.000000
1.905000,-0.055223,1.913900,-1.000000
1.906000,-0.052155,1.913900,-1.000000
1.907000,-0.052155,1.913900,-1.000000
1.908000,-0.049087,1.913900,-1.000000
1.909000,-0.049087,1.913900,-1.000000
1.910000,-0.046019,1.913900,-1.000000
1.911000,-0.042951,1.900750,-1.000000
1.912000,-0.042951,1.900750,-1.000000
1.913000,-0.039884,1.900750,-1.000000
1.914000,-0.039884,1.900750,-1.000000
1.915000,-0.036816,1.900750,-1.000000
1.916000,-0.036816,1.900750,-1.000000
1.917000,-0.033748,1.900750,-1.000000
1.918000,-0.033748,1.689093,-1.000000
1.919000,-0.030680,1.691981,-1.000000
1.920000,-0.030680,1.691981,-1.000000
1.921000,-0.030680,1.691981,-1.000000
1.922000,-0.027612,1.691981,-1.000000
1.923000,-0.027612,1.691981,-1.000000
1.924000,-0.024544,1.691981,-1.000000
1.925000,-0.024544,1.691981,-1.000000
1.926000,-0.024544,1.676720,-1.000000
1.927000,-0.021476,1.476320,-1.000000
1.928000,-0.021476,1.317010,-1.000000
1.929000,-0.021476,1.189246,-1.000000
1.930000,-0.018408,1.373385,-1.000000
1.931000,-0.018408,1.373385,-1.000000
1.932000,-0.018408,1.373385,-1.000000
1.933000,-0.015340,1.373385,-1.000000
1.934000,-0.015340,1.373385,-1.000000
1.935000,-0.015340,1.373385,-1.000000
1.936000,-0.015340,1.373385,-1.000000
1.937000,-0.015340,1.373385,-1.000000
1.938000,-0.012272,1.373385,-1.000000
1.939000,-0.012272,1.241482,-1.000000
1.940000,-0.012272,1.128140,-1.000000
1.941000,-0.012272,1.033363,-1.000000
1.942000,-0.012272,0.952876,-1.000000
1.943000,-0.012272,0.883974,-1.000000
1.944000,-0.009204,0.824690,-1.000000
1.945000,-0.009204,0.772575,-1.000000
1.946000,-0.009204,0.727315,-1.000000
1.947000,-0.009204,0.686476,-1.000000
1.948000,-0.009204,0.649865,-1.000000
1.949000,-0.009204,0.617243,-1.000000
1.950000,-0.009204,0.587842,-1.000000
1.951000,-0.009204,0.560994,-1.000000
1.952000,-0.009204,0.536384,-1.000000
1.953000,-0.009204,0.513841,-1.000000
1.954000,-0.009204,0.493229,-1.000000
1.955000,-0.009204,0.474206,-1.000000
1.956000,-0.009204,0.456502,-1.000000
1.957000,-0.009204,0.440162,-1.000000
1.958000,-0.009204,0.424868,-1.000000
1.959000,-0.009204,0.410673,-1.000000
1.960000,-0.009204,0.397399,-1.000000
1.961000,-0.009204,0.384914,-1.000000
1.962000,-0.009204,0.373271,-1.000000
1.963000,-0.012272,-0.362160,-1.000000
1.964000,-0.012272,-0.351799,-1.000000
1.965000,-0.012272,-0.341979,-1.000000
1.966000,-0.012272,-0.332724,-1.000000
1.967000,-0.012272,-0.323957,-1.000000
1.968000,-0.012272,-0.315600,-1.000000
1.969000,-0.015340,-0.907257,-1.000000
1.970000,-0.015340,-0.907257,-1.000000
1.971000,-0.015340,-0.907257,-1.000000
1.972000,-0.015340,-0.907257,-1.000000
1.973000,-0.018408,-0.907257,-1.000000
1.974000,-0.018408,-0.907257,-1.000000
1.975000,-0.018408,-0.907257,-1.000000
1.976000,-0.018408,-0.907257,-1.000000
1.977000,-0.021476,-0.907257,-1.000000
1.978000,-0.021476,-0.907257,-1.000000
1.979000,-0.021476,-0.907257,-1.000000
1.980000,-0.024544,-0.907257,-1.000000
1.981000,-0.024544,-0.907257,-1.000000
1.982000,-0.024544,-0.898072,-1.000000
1.983000,-0.027612,-0.312012,-1.000000
1.984000,-0.027612,-0.312012,-1.000000
1.985000,-0.030680,-0.312012,-1.000000
1.986000,-0.030680,-0.312012,-1.000000
1.987000,-0.030680,-0.312012,-1.000000
1.988000,-0.033748,-0.312012,-1.000000
1.989000,-0.033748,-0.312012,-1.000000
1.990000,-0.036816,-0.312012,-1.000000
1.991000,-0.036816,-0.312012,-1.000000
1.992000,-0.039884,-1.115814,-1.000000
1.993000,-0.039884,-1.115814,-1.000000
1.994000,-0.042951,-1.115814,-1.000000
1.995000,-0.042951,-1.115814,-1.000000
1.996000,-0.046019,-1.115814,-1.000000
1.997000,-0.046019,-1.115814,-1.000000
1.998000,-0.049087,-1.115814,-1.000000
1.999000,-0.049087,-1.115814,-1.000000
2.000000,-0.052155,-1.433794,-1.000000
2.001000,-0.052155,-1.433794,1.000000
2.002000,-0.055223,-1.433794,1.000000
2.003000,-0.055223,-1.433794,1.000000
2.004000,-0.058291,-1.433794,1.000000
2.005000,-0.058291,-1.433794,1.000000
2.006000,-0.061359,-1.433794,1.000000
2.007000,-0.061359,-1.433794,1.000000
2.008000,-0.064427,-1.645029,1.000000
2.009000,-0.064427,-1.645029,1.000000
2.010000,-0.067495,-1.645029,1.000000
2.011000,-0.067495,-1.645029,1.000000
2.012000,-0.070563,-1.645029,1.000000
2.013000,-0.070563,-1.645029,1.000000
2.014000,-0.073631,-1.645029,1.000000
2.015000,-0.073631,-1.564211,1.000000
2.016000,-0.073631,-1.386427,1.000000
2.017000,-0.076699,-1.530744,1.000000
2.018000,-0.076699,-1.530744,1.000000
2.019000,-0.079767,-1.530744,1.000000
2.020000,-0.079767,-1.530744,1.000000
2.021000,-0.079767,-1.530744,1.000000
2.022000,-0.079767,-1.530744,1.000000
2.023000,-0.082835,-1.530744,1.000000
2.024000,-0.082835,-1.530744,1.000000
2.025000,-0.082835,-1.399819,1.000000
2.026000,-0.082835,-1.256896,1.000000
2.027000,-0.085903,-1.139463,1.000000
2.028000,-0.085903,-1.042619,1.000000
2.029000,-0.085903,-0.961608,1.000000
2.030000,-0.085903,-0.891704,1.000000
2.031000,-0.085903,-0.830965,1.000000
2.032000,-0.088971,-1.112064,1.000000
2.033000,-0.088971,-1.112064,1.000000
2.034000,-0.088971,-1.112064,1.000000
2.035000,-0.088971,-1.112064,1.000000
2.036000,-0.088971,-1.112064,1.000000
2.037000,-0.088971,-1.112064,1.000000
2.038000,-0.088971,-1.112064,1.000000
2.039000,-0.088971,-1.112064,1.000000
2.040000,-0.088971,-1.112064,1.000000
2.041000,-0.088971,-1.112064,1.000000
2.042000,-0.088971,-1.112064,1.000000
2.043000,-0.088971,-1.072408,1.000000
2.044000,-0.088971,-0.986094,1.000000
2.045000,-0.088971,-0.912841,1.000000
2.046000,-0.088971,-0.849778,1.000000
2.047000,-0.088971,-0.794584,1.000000
2.048000,-0.088971,-0.746552,1.000000
2.049000,-0.088971,-0.703446,1.000000
2.050000,-0.088971,-0.665519,1.000000
2.051000,-0.088971,-0.631323,1.000000
2.052000,-0.088971,-0.600346,1.000000
2.053000,-0.085903,0.572605,1.000000
2.054000,-0.085903,0.546864,1.000000
2.055000,-0.085903,0.523541,1.000000
2.056000,-0.085903,0.502059,1.000000
2.057000,-0.085903,0.482330,1.000000
2.058000,-0.082835,0.464195,1.000000
2.059000,-0.082835,0.447224,1.000000
2.060000,-0.082835,0.431501,1.000000
2.061000,-0.082835,0.416770,1.000000
2.062000,-0.079767,0.411135,1.000000
2.063000,-0.079767,0.411135,1.000000
2.064000,-0.079767,0.411135,1.000000
2.065000,-0.076699,0.411135,1.000000
2.066000,-0.076699,0.411135,1.000000
2.067000,-0.076699,0.411135,1.000000
2.068000,-0.073631,0.411135,1.000000
2.069000,-0.073631,0.411135,1.000000
2.070000,-0.073631,0.411135,1.000000
2.071000,-0.070563,0.411135,1.000000
2.072000,-0.070563,0.411135,1.000000
2.073000,-0.067495,0.786535,1.000000
2.074000,-0.067495,0.786535,1.000000
2.075000,-0.067495,0.786535,1.000000
2.076000,-0.064427,0.786535,1.000000
2.077000,-0.064427,0.786535,1.000000
2.078000,-0.061359,0.786535,1.000000
2.079000,-0.061359,0.786535,1.000000
2.080000,-0.058291,0.786535,1.000000
2.081000,-0.058291,0.786535,1.000000
2.082000,-0.055223,1.271222,1.000000
2.083000,-0.055223,1.271222,1.000000
2.084000,-0.052155,1.271222,1.000000
2.085000,-0.052155,1.271222,1.000000
2.086000,-0.049087,1.271222,1.000000
2.087000,-0.049087,1.271222,1.000000
2.088000,-0.046019,1.271222,1.000000
2.089000,-0.042951,1.579292,1.000000
2.090000,-0.042951,1.579292,1.000000
2.091000,-0.039884,1.579292,1.000000
2.092000,-0.039884,1.579292,1.000000
2.093000,-0.036816,1.579292,1.000000
2.094000,-0.033748,1.579292,1.000000
2.095000,-0.033748,1.579292,1.000000
2.096000,-0.030680,1.813953,1.000000
2.097000,-0.027612,1.813953,1.000000
2.098000,-0.027612,1.813953,1.000000
2.099000,-0.024544,1.813953,1.000000
2.100000,-0.021476,1.813953,1.000000
2.101000,-0.021476,1.813953,-1.000000
2.102000,-0.018408,2.005682,-1.000000
2.103000,-0.015340,2.005682,-1.000000
2.104000,-0.015340,2.005682,-1.000000
2.105000,-0.012272,2.005682,-1.000000
2.106000,-0.009204,2.005682,-1.000000
2.107000,-0.006136,2.005682,-1.000000
2.108000,-0.006136,2.097229,-1.000000
2.109000,-0.003068,2.097229,-1.000000
2.110000,-0.003068,2.097229,-1.000000
2.111000,0.000000,2.097229,-1.000000
2.112000,0.000000,2.097229,-1.000000
2.113000,0.003068,2.053684,-1.000000
2.114000,0.006136,1.971698,-1.000000
2.115000,0.006136,1.971698,-1.000000
2.116000,0.009204,1.971698,-1.000000
2.117000,0.009204,1.971698,-1.000000
2.118000,0.012272,1.971698,-1.000000
2.119000,0.012272,1.971698,-1.000000
2.120000,0.015340,1.956496,-1.000000
2.121000,0.015340,1.688715,-1.000000
2.122000,0.015340,1.483341,-1.000000
2.123000,0.018408,1.648343,-1.000000
2.124000,0.018408,1.648343,-1.000000
2.125000,0.021476,1.648343,-1.000000
2.126000,0.021476,1.648343,-1.000000
2.127000,0.021476,1.648343,-1.000000
2.128000,0.024544,1.648343,-1.000000
2.129000,0.024544,1.648343,-1.000000
2.130000,0.024544,1.567611,-1.000000
2.131000,0.024544,1.388883,-1.000000
2.132000,0.027612,1.247732,-1.000000
2.133000,0.027612,1.132918,-1.000000
2.134000,0.027612,1.037417,-1.000000
2.135000,0.027612,0.956118,-1.000000
2.136000,0.030680,1.220604,-1.000000
2.137000,0.030680,1.220604,-1.000000
2.138000,0.030680,1.220604,-1.000000
2.139000,0.030680,1.220604,-1.000000
2.140000,0.030680,1.220604,-1.000000
2.141000,0.030680,1.220604,-1.000000
2.142000,0.030680,1.220604,-1.000000
2.143000,0.030680,1.220604,-1.000000
2.144000,0.030680,1.220604,-1.000000
2.145000,0.030680,1.220604,-1.000000
2.146000,0.033748,1.179418,-1.000000
2.147000,0.033748,1.075875,-1.000000
2.148000,0.033748,0.989528,-1.000000
2.149000,0.033748,0.914977,-1.000000
2.150000,0.033748,0.851438,-1.000000
2.151000,0.033748,0.796212,-1.000000
2.152000,0.030680,-0.747859,-1.000000
2.153000,0.030680,-0.705013,-1.000000
2.154000,0.030680,-0.666519,-1.000000
2.155000,0.030680,-0.632150,-1.000000
2.156000,0.030680,-0.601178,-1.000000
2.157000,0.030680,-0.573178,-1.000000
2.158000,0.030680,-0.547594,-1.000000
2.159000,0.030680,-0.524197,-1.000000
2.160000,0.027612,-0.502695,-1.000000
2.161000,0.027612,-0.483022,-1.000000
2.162000,0.027612,-0.464659,-1.000000
2.163000,0.027612,-0.447707,-1.000000
2.164000,0.024544,-0.432037,-1.000000
2.165000,0.024544,-0.417299,-1.000000
2.166000,0.024544,-0.403538,-1.000000
2.167000,0.024544,-0.390685,-1.000000
2.168000,0.021476,-0.385333,-1.000000
2.169000,0.021476,-0.385333,-1.000000
2.170000,0.021476,-0.385333,-1.000000
2.171000,0.018408,-0.385333,-1.000000
2.172000,0.018408,-0.385333,-1.000000
2.173000,0.018408,-0.385333,-1.000000
2.174000,0.015340,-0.385333,-1.000000
2.175000,0.015340,-0.385333,-1.000000
2.176000,0.012272,-0.385333,-1.000000
2.177000,0.012272,-0.385333,-1.000000
2.178000,0.012272,-0.385333,-1.000000
2.179000,0.009204,-0.890875,-1.000000
2.180000,0.009204,-0.890875,-1.000000
2.181000,0.006136,-0.890875,-1.000000
2.182000,0.006136,-0.890875,-1.000000
2.183000,0.003068,-0.890875,-1.000000
2.184000,0.003068,-0.890875,-1.000000
2.185000,0.000000,-0.890875,-1.000000
2.186000,0.000000,-0.890875,-1.000000
2.187000,-0.003068,-1.368881,-1.000000
2.188000,-0.006136,-1.368881,-1.000000
2.189000,-0.006136,-1.368881,-1.000000
2.190000,-0.009204,-1.368881,-1.000000
2.191000,-0.009204,-1.368881,-1.000000
2.192000,-0.012272,-1.368881,-1.000000
2.193000,-0.015340,-1.683541,-1.000000
2.194000,-0.015340,-1.683541,-1.000000
2.195000,-0.018408,-1.683541,-1.000000
2.196000,-0.018408,-1.683541,-1.000000
2.197000,-0.021476,-1.683541,-1.000000
2.198000,-0.024544,-1.683541,-1.000000
2.199000,-0.027612,-1.931159,-1.000000
2.200000,-0.027612,-1.931159,1.000000
2.201000,-0.030680,-1.931159,1.000000
2.202000,-0.033748,-1.931159,1.000000
2.203000,-0.033748,-1.931159,1.000000
2.204000,-0.036816,-1.931159,1.000000
2.205000,-0.039884,-2.081522,1.000000
2.206000,-0.039884,-2.081522,1.000000
2.207000,-0.042951,-2.081522,1.000000
2.208000,-0.046019,-2.081522,1.000000
2.209000,-0.046019,-2.081522,1.000000
2.210000,-0.049087,-2.081522,1.000000
2.211000,-0.049087,-1.953671,1.000000
2.212000,-0.052155,-2.058075,1.000000
2.213000,-0.055223,-2.058075,1.000000
2.214000,-0.055223,-2.058075,1.000000
2.215000,-0.058291,-2.058075,1.000000
2.216000,-0.058291,-2.058075,1.000000
2.217000,-0.061359,-2.058075,1.000000
2.218000,-0.061359,-1.768012,1.000000
2.219000,-0.064427,-1.804510,1.000000
2.220000,-0.064427,-1.804510,1.000000
2.221000,-0.067495,-1.804510,1.000000
2.222000,-0.067495,-1.804510,1.000000
2.223000,-0.070563,-1.804510,1.000000
2.224000,-0.070563,-1.804510,1.000000
2.225000,-0.070563,-1.804510,1.000000
2.226000,-0.073631,-1.634391,1.000000
2.227000,-0.073631,-1.442213,1.000000
2.228000,-0.073631,-1.289735,1.000000
2.229000,-0.076699,-1.476125,1.000000
2.230000,-0.076699,-1.476125,1.000000
2.231000,-0.076699,-1.476125,1.000000
2.232000,-0.079767,-1.476125,1.000000
2.233000,-0.079767,-1.476125,1.000000
2.234000,-0.079767,-1.476125,1.000000
2.235000,-0.079767,-1.476125,1.000000
2.236000,-0.082835,-1.476125,1.000000
2.237000,-0.082835,-1.385942,1.000000
2.238000,-0.082835,-1.246208,1.000000
2.239000,-0.082835,-1.130561,1.000000
2.240000,-0.085903,-1.034812,1.000000
2.241000,-0.085903,-0.954421,1.000000
2.242000,-0.085903,-0.885849,1.000000
2.243000,-0.085903,-0.826066,1.000000
2.244000,-0.085903,-0.774111,1.000000
2.245000,-0.085903,-0.727920,1.000000
2.246000,-0.085903,-0.687142,1.000000
2.247000,-0.085903,-0.650798,1.000000
2.248000,-0.085903,-0.618007,1.000000
2.249000,-0.085903,-0.588457,1.000000
2.250000,-0.085903,-0.561520,1.000000
2.251000,-0.085903,-0.536811,1.000000
2.252000,-0.085903,-0.514497,1.000000
2.253000,-0.085903,-0.493758,1.000000
2.254000,-0.085903,-0.474781,1.000000
2.255000,-0.085903,-0.457018,1.000000
2.256000,-0.085903,-0.440481,1.000000
2.257000,-0.085903,-0.425284,1.000000
2.258000,-0.085903,-0.411050,1.000000
2.259000,-0.085903,-0.397669,1.000000
2.260000,-0.085903,-0.385249,1.000000
2.261000,-0.085903,-0.373525,1.000000
2.262000,-0.085903,-0.362501,1.000000
2.263000,-0.082835,0.352036,1.000000
2.264000,-0.082835,0.342243,1.000000
2.265000,-0.082835,0.333027,1.000000
2.266000,-0.082835,0.324160,1.000000
2.267000,-0.082835,0.315805,1.000000
2.268000,-0.079767,0.993029,1.000000
2.269000,-0.079767,0.993029,1.000000
2.270000,-0.079767,0.993029,1.000000
2.271000,-0.079767,0.993029,1.000000
2.272000,-0.076699,0.993029,1.000000
2.273000,-0.076699,0.993029,1.000000
2.274000,-0.076699,0.993029,1.000000
2.275000,-0.073631,0.993029,1.000000
2.276000,-0.073631,0.993029,1.000000
2.277000,-0.073631,0.993029,1.000000
2.278000,-0.070563,0.993029,1.000000
2.279000,-0.070563,0.993029,1.000000
2.280000,-0.067495,0.313449,1.000000
2.281000,-0.067495,0.313449,1.000000
2.282000,-0.067495,0.313449,1.000000
2.283000,-0.064427,0.313449,1.000000
2.284000,-0.064427,0.313449,1.000000
2.285000,-0.061359,0.313449,1.000000
2.286000,-0.061359,0.313449,1.000000
2.287000,-0.058291,0.313449,1.000000
2.288000,-0.058291,0.313449,1.000000
2.289000,-0.055223,1.214732,1.000000
2.290000,-0.055223,1.214732,1.000000
2.291000,-0.052155,1.214732,1.000000
2.292000,-0.052155,1.214732,1.000000
2.293000,-0.049087,1.214732,1.000000
2.294000,-0.049087,1.214732,1.000000
2.295000,-0.046019,1.214732,1.000000
2.296000,-0.042951,1.554174,1.000000
2.297000,-0.042951,1.554174,1.000000
2.298000,-0.039884,1.554174,1.000000
2.299000,-0.039884,1.554174,1.000000
2.300000,-0.036816,1.554174,-1.000000
2.301000,-0.033748,1.554174,-1.000000
2.302000,-0.033748,1.554174,-1.000000
2.303000,-0.030680,1.825183,-1.000000
2.304000,-0.030680,1.825183,-1.000000
2.305000,-0.027612,1.825183,-1.000000
2.306000,-0.024544,1.825183,-1.000000
2.307000,-0.024544,1.825183,-1.000000
2.308000,-0.021476,1.825183,-1.000000
2.309000,-0.021476,1.825183,-1.000000
2.310000,-0.018408,1.891051,-1.000000
2.311000,-0.018408,1.891051,-1.000000
2.312000,-0.015340,1.891051,-1.000000
2.313000,-0.015340,1.891051,-1.000000
2.314000,-0.012272,1.891051,-1.000000
2.315000,-0.012272,1.891051,-1.000000
2.316000,-0.009204,1.784048,-1.000000
2.317000,-0.009204,1.558244,-1.000000
2.318000,-0.006136,1.681948,-1.000000
2.319000,-0.006136,1.681948,-1.000000
2.320000,-0.003068,1.681948,-1.000000
2.321000,-0.003068,1.681948,-1.000000
2.322000,-0.003068,1.681948,-1.000000
2.323000,0.000000,1.681948,-1.000000
2.324000,0.000000,1.681948,-1.000000
2.325000,0.003068,1.556252,-1.000000
2.326000,0.003068,1.380257,-1.000000
2.327000,0.003068,1.241550,-1.000000
2.328000,0.006136,1.356024,-1.000000
2.329000,0.006136,1.356024,-1.000000
2.330000,0.006136,1.356024,-1.000000
2.331000,0.006136,1.356024,-1.000000
2.332000,0.009204,1.356024,-1.000000
2.333000,0.009204,1.356024,-1.000000
2.334000,0.009204,1.356024,-1.000000
2.335000,0.009204,1.356024,-1.000000
2.336000,0.009204,1.356024,-1.000000
2.337000,0.012272,1.333544,-1.000000
2.338000,0.012272,1.203130,-1.000000
2.339000,0.012272,1.095485,-1.000000
2.340000,0.012272,1.005574,-1.000000
2.341000,0.012272,0.929610,-1.000000
2.342000,0.012272,0.863817,-1.000000
2.343000,0.012272,0.807334,-1.000000
2.344000,0.012272,0.757597,-1.000000
2.345000,0.012272,0.713387,-1.000000
2.346000,0.015340,0.674062,-1.000000
2.347000,0.015340,0.639031,-1.000000
2.348000,0.015340,0.607538,-1.000000
2.349000,0.015340,0.578929,-1.000000
2.350000,0.015340,0.552900,-1.000000
2.351000,0.015340,0.528978,-1.000000
2.352000,0.015340,0.507084,-1.000000
2.353000,0.015340,0.486854,-1.000000
2.354000,0.015340,0.468343,-1.000000
2.355000,0.012272,-0.451245,-1.000000
2.356000,0.012272,-0.435106,-1.000000
2.357000,0.012272,-0.420211,-1.000000
2.358000,0.012272,-0.406256,-1.000000
2.359000,0.012272,-0.393310,-1.000000
2.360000,0.012272,-0.381167,-1.000000
2.361000,0.012272,-0.369574,-1.000000
2.362000,0.012272,-0.358738,-1.000000
2.363000,0.009204,-0.850749,-1.000000
2.364000,0.009204,-0.850749,-1.000000
2.365000,0.009204,-0.850749,-1.000000
2.366000,0.009204,-0.850749,-1.000000
2.367000,0.009204,-0.850749,-1.000000
2.368000,0.006136,-0.850749,-1.000000
2.369000,0.006136,-0.850749,-1.000000
2.370000,0.006136,-0.850749,-1.000000
2.371000,0.006136,-0.850749,-1.000000
2.372000,0.003068,-0.850749,-1.000000
2.373000,0.003068,-0.850749,-1.000000
2.374000,0.003068,-0.850749,-1.000000
2.375000,0.000000,-0.850749,-1.000000
2.376000,0.000000,-0.850749,-1.000000
2.377000,0.000000,-0.850749,-1.000000
2.378000,-0.003068,-0.349740,-1.000000
2.379000,-0.003068,-0.349740,-1.000000
2.380000,-0.003068,-0.349740,-1.000000
2.381000,-0.006136,-0.349740,-1.000000
2.382000,-0.006136,-0.349740,-1.000000
2.383000,-0.009204,-0.349740,-1.000000
2.384000,-0.009204,-0.349740,-1.000000
2.385000,-0.012272,-0.349740,-1.000000
2.386000,-0.012272,-0.349740,-1.000000
2.387000,-0.012272,-0.349740,-1.000000
2.388000,-0.015340,-1.089096,-1.000000
2.389000,-0.015340,-1.089096,-1.000000
2.390000,-0.018408,-1.089096,-1.000000
2.391000,-0.018408,-1.089096,-1.000000
2.392000,-0.021476,-1.089096,-1.000000
2.393000,-0.021476,-1.089096,-1.000000
2.394000,-0.024544,-1.089096,-1.000000
2.395000,-0.024544,-1.089096,-1.000000
2.396000,-0.027612,-1.423678,-1.000000
2.397000,-0.030680,-1.423678,-1.000000
2.398000,-0.030680,-1.423678,-1.000000
2.399000,-0.033748,-1.423678,-1.000000
2.400000,-0.033748,-1.423678,-1.000000
2.401000,-0.036816,-1.423678,1.000000
2.402000,-0.036816,-1.423678,1.000000
2.403000,-0.039884,-1.674407,1.000000
2.404000,-0.042951,-1.674407,1.000000
2.405000,-0.042951,-1.674407,1.000000
2.406000,-0.046019,-1.674407,1.000000
2.407000,-0.046019,-1.674407,1.000000
2.408000,-0.049087,-1.674407,1.000000
2.409000,-0.049087,-1.674407,1.000000
2.410000,-0.052155,-1.779084,1.000000
2.411000,-0.052155,-1.779084,1.000000
2.412000,-0.055223,-1.779084,1.000000
2.413000,-0.055223,-1.779084,1.000000
2.414000,-0.058291,-1.779084,1.000000
2.415000,-0.058291,-1.779084,1.000000
2.416000,-0.061359,-1.779084,1.000000
2.417000,-0.061359,-1.600824,1.000000
2.418000,-0.061359,-1.416593,1.000000
2.419000,-0.064427,-1.542316,1.000000
2.420000,-0.064427,-1.542316,1.000000
2.421000,-0.064427,-1.542316,1.000000
2.422000,-0.067495,-1.542316,1.000000
2.423000,-0.067495,-1.542316,1.000000
2.424000,-0.067495,-1.542316,1.000000
2.425000,-0.070563,-1.542316,1.000000
2.426000,-0.070563,-1.542316,1.000000
2.427000,-0.070563,-1.423375,1.000000
2.428000,-0.070563,-1.275407,1.000000
2.429000,-0.073631,-1.156208,1.000000
2.430000,-0.073631,-1.056108,1.000000
2.431000,-0.073631,-0.972559,1.000000
2.432000,-0.073631,-0.901119,1.000000
2.433000,-0.073631,-0.839637,1.000000
2.434000,-0.076699,-1.127002,1.000000
2.435000,-0.076699,-1.127002,1.000000
2.436000,-0.076699,-1.127002,1.000000
2.437000,-0.076699,-1.127002,1.000000
2.438000,-0.076699,-1.127002,1.000000
2.439000,-0.076699,-1.127002,1.000000
2.440000,-0.076699,-1.127002,1.000000
2.441000,-0.076699,-1.127002,1.000000
2.442000,-0.076699,-1.127002,1.000000
2.443000,-0.076699,-1.127002,1.000000
2.444000,-0.076699,-1.127002,1.000000
2.445000,-0.076699,-1.094014,1.000000
2.446000,-0.076699,-1.004778,1.000000
2.447000,-0.076699,-0.928615,1.000000
2.448000,-0.076699,-0.862973,1.000000
2.449000,-0.076699,-0.806660,1.000000
2.450000,-0.076699,-0.756657,1.000000
2.451000,-0.076699,-0.712666,1.000000
2.452000,-0.076699,-0.673743,1.000000
2.453000,-0.076699,-0.638548,1.000000
2.454000,-0.073631,0.607098,1.000000
2.455000,-0.073631,0.578343,1.000000
2.456000,-0.073631,0.552302,1.000000
2.457000,-0.073631,0.528607,1.000000
2.458000,-0.073631,0.506759,1.000000
2.459000,-0.070563,0.486748,1.000000
2.460000,-0.070563,0.468166,1.000000
2.461000,-0.070563,0.450880,1.000000
2.462000,-0.070563,0.434906,1.000000
2.463000,-0.067495,0.422488,1.000000
2.464000,-0.067495,0.422488,1.000000
2.465000,-0.067495,0.422488,1.000000
2.466000,-0.067495,0.422488,1.000000
2.467000,-0.064427,0.422488,1.000000
2.468000,-0.064427,0.422488,1.000000
2.469000,-0.064427,0.422488,1.000000
2.470000,-0.061359,0.422488,1.000000
2.471000,-0.061359,0.422488,1.000000
2.472000,-0.058291,0.422488,1.000000
2.473000,-0.058291,0.422488,1.000000
2.474000,-0.058291,0.422488,1.000000
2.475000,-0.055223,0.784366,1.000000
2.476000,-0.055223,0.784366,1.000000
2.477000,-0.052155,0.784366,1.000000
2.478000,-0.052155,0.784366,1.000000
2.479000,-0.049087,0.784366,1.000000
2.480000,-0.049087,0.784366,1.000000
2.481000,-0.046019,0.784366,1.000000
2.482000,-0.046019,0.784366,1.000000
2.483000,-0.042951,1.283496,1.000000
2.484000,-0.042951,1.283496,1.000000
2.485000,-0.039884,1.283496,1.000000
2.486000,-0.039884,1.283496,1.000000
2.487000,-0.036816,1.283496,1.000000
2.488000,-0.036816,1.283496,1.000000
2.489000,-0.033748,1.283496,1.000000
2.490000,-0.030680,1.599239,1.000000
2.491000,-0.030680,1.599239,1.000000
2.492000,-0.027612,1.599239,1.000000
2.493000,-0.027612,1.599239,1.000000
2.494000,-0.024544,1.599239,1.000000
2.495000,-0.021476,1.599239,1.000000
2.496000,-0.021476,1.599239,1.000000
2.497000,-0.018408,1.836706,1.000000
2.498000,-0.015340,1.836706,1.000000
2.499000,-0.015340,1.836706,1.000000
2.500000,-0.012272,1.836706,1.000000
2.501000,-0.009204,1.836706,-1.000000
2.502000,-0.006136,2.034331,-1.000000
2.503000,-0.006136,2.034331,-1.000000
2.504000,-0.003068,2.034331,-1.000000
2.505000,-0.003068,2.034331,-1.000000
2.506000,0.000000,2.034331,-1.000000
2.507000,0.003068,2.034331,-1.000000
2.508000,0.006136,2.098454,-1.000000
2.509000,0.006136,2.098454,-1.000000
2.510000,0.009204,2.098454,-1.000000
2.511000,0.009204,2.098454,-1.000000
2.512000,0.012272,2.098454,-1.000000
2.513000,0.012272,2.098454,-1.000000
2.514000,0.015340,2.043203,-1.000000
2.515000,0.018408,1.951888,-1.000000
2.516000,0.018408,1.951888,-1.000000
2.517000,0.021476,1.951888,-1.000000
2.518000,0.021476,1.951888,-1.000000
2.519000,0.024544,1.951888,-1.000000
2.520000,0.024544,1.951888,-1.000000
2.521000,0.024544,1.951888,-1.000000
2.522000,0.027612,1.721945,-1.000000
2.523000,0.027612,1.508450,-1.000000
2.524000,0.030680,1.604017,-1.000000
2.525000,0.030680,1.604017,-1.000000
2.526000,0.030680,1.604017,-1.000000
2.527000,0.033748,1.604017,-1.000000
2.528000,0.033748,1.604017,-1.000000
2.529000,0.033748,1.604017,-1.000000
2.530000,0.036816,1.604017,-1.000000
2.531000,0.036816,1.604017,-1.000000
2.532000,0.036816,1.436333,-1.000000
2.533000,0.036816,1.285520,-1.000000
2.534000,0.039884,1.163881,-1.000000
2.535000,0.039884,1.062519,-1.000000
2.536000,0.039884,0.978836,-1.000000
2.537000,0.039884,0.905763,-1.000000
2.538000,0.042951,1.179980,-1.000000
2.539000,0.042951,1.179980,-1.000000
2.540000,0.042951,1.179980,-1.000000
2.541000,0.042951,1.179980,-1.000000
2.542000,0.042951,1.179980,-1.000000
2.543000,0.042951,1.179980,-1.000000
2.544000,0.042951,1.179980,-1.000000
2.545000,0.042951,1.179980,-1.000000
2.546000,0.042951,1.179980,-1.000000
2.547000,0.042951,1.179980,-1.000000
2.548000,0.042951,1.179980,-1.000000
2.549000,0.042951,1.088462,-1.000000
2.550000,0.042951,0.999694,-1.000000
2.551000,0.042951,0.924700,-1.000000
2.552000,0.042951,0.859289,-1.000000
2.553000,0.042951,0.803510,-1.000000
2.554000,0.042951,0.753850,-1.000000
2.555000,0.042951,0.710177,-1.000000
2.556000,0.042951,0.671487,-1.000000
2.557000,0.042951,0.636632,-1.000000
2.558000,0.042951,0.605080,-1.000000
2.559000,0.042951,0.576867,-1.000000
2.560000,0.039884,-0.550845,-1.000000
2.561000,0.039884,-0.527111,-1.000000
2.562000,0.039884,-0.505399,-1.000000
2.563000,0.039884,-0.485514,-1.000000
2.564000,0.039884,-0.467039,-1.000000
2.565000,0.036816,-0.449862,-1.000000
2.566000,0.036816,-0.433906,-1.000000
2.567000,0.036816,-0.419097,-1.000000
2.568000,0.036816,-0.405330,-1.000000
2.569000,0.033748,-0.402800,-1.000000
2.570000,0.033748,-0.402800,-1.000000
2.571000,0.033748,-0.402800,-1.000000
2.572000,0.030680,-0.402800,-1.000000
2.573000,0.030680,-0.402800,-1.000000
2.574000,0.030680,-0.402800,-1.000000
2.575000,0.027612,-0.402800,-1.000000
2.576000,0.027612,-0.402800,-1.000000
2.577000,0.024544,-0.402800,-1.000000
2.578000,0.024544,-0.402800,-1.000000
2.579000,0.024544,-0.402800,-1.000000
2.580000,0.021476,-0.842152,-1.000000
2.581000,0.021476,-0.842152,-1.000000
2.582000,0.018408,-0.842152,-1.000000
2.583000,0.018408,-0.842152,-1.000000
2.584000,0.015340,-0.842152,-1.000000
2.585000,0.015340,-0.842152,-1.000000
2.586000,0.012272,-0.842152,-1.000000
2.587000,0.012272,-0.842152,-1.000000
2.588000,0.009204,-1.343516,-1.000000
2.589000,0.009204,-1.343516,-1.000000
2.590000,0.006136,-1.343516,-1.000000
2.591000,0.003068,-1.343516,-1.000000
2.592000,0.003068,-1.343516,-1.000000
2.593000,0.000000,-1.343516,-1.000000
2.594000,0.000000,-1.343516,-1.000000
2.595000,-0.003068,-1.659716,-1.000000
2.596000,-0.006136,-1.659716,-1.000000
2.597000,-0.006136,-1.659716,-1.000000
2.598000,-0.009204,-1.659716,-1.000000
2.599000,-0.012272,-1.659716,-1.000000
2.600000,-0.012272,-1.659716,-1.000000
2.601000,-0.015340,-1.916711,1.000000
2.602000,-0.018408,-1.916711,1.000000
2.603000,-0.018408,-1.916711,1.000000
2.604000,-0.021476,-1.916711,1.000000
2.605000,-0.024544,-1.916711,1.000000
2.606000,-0.024544,-1.916711,1.000000
2.607000,-0.027612,-2.086452,1.000000
2.608000,-0.030680,-2.086452,1.000000
2.609000,-0.030680,-2.086452,1.000000
2.610000,-0.033748,-2.086452,1.000000
2.611000,-0.036816,-2.086452,1.000000
2.612000,-0.036816,-2.086452,1.000000
2.613000,-0.039884,-2.016820,1.000000
2.614000,-0.039884,-2.016820,1.000000
2.615000,-0.042951,-2.016820,1.000000
2.616000,-0.042951,-2.016820,1.000000
2.617000,-0.046019,-2.016820,1.000000
2.618000,-0.046019,-2.016820,1.000000
2.619000,-0.049087,-1.913991,1.000000
2.620000,-0.049087,-1.656452,1.000000
2.621000,-0.052155,-1.755444,1.000000
2.622000,-0.052155,-1.755444,1.000000
2.623000,-0.055223,-1.755444,1.000000
2.624000,-0.055223,-1.755444,1.000000
2.625000,-0.058291,-1.755444,1.000000
2.626000,-0.058291,-1.755444,1.000000
2.627000,-0.058291,-1.755444,1.000000
2.628000,-0.061359,-1.578048,1.000000
2.629000,-0.061359,-1.398154,1.000000
2.630000,-0.061359,-1.255109,1.000000
2.631000,-0.064427,-1.420736,1.000000
2.632000,-0.064427,-1.420736,1.000000
2.633000,-0.064427,-1.420736,1.000000
2.634000,-0.067495,-1.420736,1.000000
2.635000,-0.067495,-1.420736,1.000000
2.636000,-0.067495,-1.420736,1.000000
2.637000,-0.067495,-1.420736,1.000000
2.638000,-0.067495,-1.420736,1.000000
2.639000,-0.070563,-1.420736,1.000000
2.640000,-0.070563,-1.273811,1.000000
2.641000,-0.070563,-1.153967,1.000000
2.642000,-0.070563,-1.055543,1.000000
2.643000,-0.070563,-0.971426,1.000000
2.644000,-0.070563,-0.899812,1.000000
2.645000,-0.073631,-0.838386,1.000000
2.646000,-0.073631,-0.785021,1.000000
2.647000,-0.073631,-0.737861,1.000000
2.648000,-0.073631,-0.695839,1.000000
2.649000,-0.073631,-0.658531,1.000000
2.650000,-0.073631,-0.625140,1.000000
2.651000,-0.073631,-0.594607,1.000000
2.652000,-0.073631,-0.567395,1.000000
2.653000,-0.073631,-0.542216,1.000000
2.654000,-0.073631,-0.519154,1.000000
2.655000,-0.073631,-0.498098,1.000000
2.656000,-0.073631,-0.478688,1.000000
2.657000,-0.073631,-0.460792,1.000000
2.658000,-0.073631,-0.444135,1.000000
2.659000,-0.073631,-0.428555,1.000000
2.660000,-0.073631,-0.414109,1.000000
2.661000,-0.070563,0.400643,1.000000
2.662000,-0.070563,0.387897,1.000000
2.663000,-0.070563,0.376047,1.000000
2.664000,-0.070563,0.364836,1.000000
2.665000,-0.070563,0.354330,1.000000
2.666000,-0.070563,0.344431,1.000000
2.667000,-0.067495,0.924290,1.000000
2.668000,-0.067495,0.924290,1.000000
2.669000,-0.067495,0.924290,1.000000
2.670000,-0.067495,0.924290,1.000000
2.671000,-0.064427,0.924290,1.000000
2.672000,-0.064427,0.924290,1.000000
2.673000,-0.064427,0.924290,1.000000
2.674000,-0.064427,0.924290,1.000000
2.675000,-0.061359,0.924290,1.000000
2.676000,-0.061359,0.924290,1.000000
2.677000,-0.061359,0.924290,1.000000
2.678000,-0.058291,0.924290,1.000000
2.679000,-0.058291,0.924290,1.000000
2.680000,-0.055223,0.341981,1.000000
2.681000,-0.055223,0.341981,1.000000
2.682000,-0.055223,0.341981,1.000000
2.683000,-0.052155,0.341981,1.000000
2.684000,-0.052155,0.341981,1.000000
2.685000,-0.049087,0.341981,1.000000
2.686000,-0.049087,0.341981,1.000000
2.687000,-0.046019,0.341981,1.000000
2.688000,-0.046019,0.341981,1.000000
2.689000,-0.042951,1.162295,1.000000
2.690000,-0.042951,1.162295,1.000000
2.691000,-0.039884,1.162295,1.000000
2.692000,-0.039884,1.162295,1.000000
2.693000,-0.036816,1.162295,1.000000
2.694000,-0.036816,1.162295,1.000000
2.695000,-0.033748,1.162295,1.000000
2.696000,-0.033748,1.162295,1.000000
2.697000,-0.030680,1.509767,1.000000
2.698000,-0.030680,1.509767,1.000000
2.699000,-0.027612,1.509767,1.000000
2.700000,-0.024544,1.509767,-1.000000
2.701000,-0.024544,1.509767,-1.000000
2.702000,-0.021476,1.509767,-1.000000
2.703000,-0.018408,1.773969,-1.000000
2.704000,-0.018408,1.773969,-1.000000
2.705000,-0.015340,1.773969,-1.000000
2.706000,-0.015340,1.773969,-1.000000
2.707000,-0.012272,1.773969,-1.000000
2.708000,-0.012272,1.773969,-1.000000
2.709000,-0.009204,1.773969,-1.000000
2.710000,-0.009204,1.750048,-1.000000
2.711000,-0.006136,1.818347,-1.000000
2.712000,-0.006136,1.818347,-1.000000
2.713000,-0.003068,1.818347,-1.000000
2.714000,-0.003068,1.818347,-1.000000
2.715000,0.000000,1.818347,-1.000000
2.716000,0.000000,1.818347,-1.000000
2.717000,0.003068,1.783328,-1.000000
2.718000,0.003068,1.557777,-1.000000
2.719000,0.006136,1.553945,-1.000000
2.720000,0.006136,1.553945,-1.000000
2.721000,0.006136,1.553945,-1.000000
2.722000,0.009204,1.553945,-1.000000
2.723000,0.009204,1.553945,-1.000000
2.724000,0.009204,1.553945,-1.000000
2.725000,0.012272,1.553945,-1.000000
2.726000,0.012272,1.553945,-1.000000
2.727000,0.012272,1.524879,-1.000000
2.728000,0.012272,1.356792,-1.000000
2.729000,0.015340,1.221467,-1.000000
2.730000,0.015340,1.111236,-1.000000
2.731000,0.015340,1.018770,-1.000000
2.732000,0.015340,0.940495,-1.000000
2.733000,0.018408,1.177182,-1.000000
2.734000,0.018408,1.177182,-1.000000
2.735000,0.018408,1.177182,-1.000000
2.736000,0.018408,1.177182,-1.000000
2.737000,0.018408,1.177182,-1.000000
2.738000,0.018408,1.177182,-1.000000
2.739000,0.018408,1.177182,-1.000000
2.740000,0.021476,1.177182,-1.000000
2.741000,0.021476,1.177182,-1.000000
2.742000,0.021476,1.177182,-1.000000
2.743000,0.021476,1.165725,-1.000000
2.744000,0.021476,1.064485,-1.000000
2.745000,0.021476,0.979883,-1.000000
2.746000,0.021476,0.907343,-1.000000
2.747000,0.021476,0.845134,-1.000000
2.748000,0.021476,0.790184,-1.000000
2.749000,0.021476,0.742565,-1.000000
2.750000,0.021476,0.700159,-1.000000
2.751000,0.021476,0.662529,-1.000000
2.752000,0.021476,0.628441,-1.000000
2.753000,0.021476,0.597766,-1.000000
2.754000,0.021476,0.569969,-1.000000
2.755000,0.018408,-0.544671,-1.000000
2.756000,0.018408,-0.521574,-1.000000
2.757000,0.018408,-0.500269,-1.000000
2.758000,0.018408,-0.480868,-1.000000
2.759000,0.018408,-0.462654,-1.000000
2.760000,0.018408,-0.445778,-1.000000
2.761000,0.018408,-0.430172,-1.000000
2.762000,0.015340,-0.415547,-1.000000
2.763000,0.015340,-0.402017,-1.000000
2.764000,0.015340,-0.389261,-1.000000
2.765000,0.015340,-0.377251,-1.000000
2.766000,0.012272,-0.366002,-1.000000
2.767000,0.012272,-0.355460,-1.000000
2.768000,0.012272,-0.345455,-1.000000
2.769000,0.012272,-0.335919,-1.000000
2.770000,0.009204,-0.334643,-1.000000
2.771000,0.009204,-0.334643,-1.000000
2.772000,0.009204,-0.334643,-1.000000
2.773000,0.006136,-0.334643,-1.000000
2.774000,0.006136,-0.334643,-1.000000
2.775000,0.006136,-0.334643,-1.000000
2.776000,0.003068,-0.334643,-1.000000
2.777000,0.003068,-0.334643,-1.000000
2.778000,0.000000,-0.334643,-1.000000
2.779000,0.000000,-0.334643,-1.000000
2.780000,0.000000,-0.334643,-1.000000
2.781000,-0.003068,-0.876164,-1.000000
2.782000,-0.003068,-0.876164,-1.000000
2.783000,-0.006136,-0.876164,-1.000000
2.784000,-0.006136,-0.876164,-1.000000
2.785000,-0.009204,-0.876164,-1.000000
2.786000,-0.009204,-0.876164,-1.000000
2.787000,-0.012272,-0.876164,-1.000000
2.788000,-0.012272,-0.876164,-1.000000
2.789000,-0.015340,-1.301834,-1.000000
2.790000,-0.015340,-1.301834,-1.000000
2.791000,-0.018408,-1.301834,-1.000000
2.792000,-0.018408,-1.301834,-1.000000
2.793000,-0.021476,-1.301834,-1.000000
2.794000,-0.021476,-1.301834,-1.000000
2.795000,-0.024544,-1.301834,-1.000000
2.796000,-0.024544,-1.301834,-1.000000
2.797000,-0.027612,-1.582956,-1.000000
2.798000,-0.030680,-1.582956,-1.000000
2.799000,-0.030680,-1.582956,-1.000000
2.800000,-0.033748,-1.582956,1.000000
2.801000,-0.036816,-1.582956,1.000000
2.802000,-0.036816,-1.582956,1.000000
2.803000,-0.039884,-1.805432,1.000000
2.804000,-0.039884,-1.805432,1.000000
2.805000,-0.042951,-1.805432,1.000000
2.806000,-0.042951,-1.805432,1.000000
2.807000,-0.046019,-1.805432,1.000000
2.808000,-0.049087,-1.805432,1.000000
2.809000,-0.049087,-1.805432,1.000000
2.810000,-0.052155,-1.828106,1.000000
2.811000,-0.052155,-1.828106,1.000000
2.812000,-0.055223,-1.828106,1.000000
2.813000,-0.055223,-1.828106,1.000000
2.814000,-0.055223,-1.828106,1.000000
2.815000,-0.058291,-1.828106,1.000000
2.816000,-0.058291,-1.828106,1.000000
2.817000,-0.061359,-1.700451,1.000000
2.818000,-0.061359,-1.494150,1.000000
2.819000,-0.064427,-1.552252,1.000000
2.820000,-0.064427,-1.552252,1.000000
2.821000,-0.064427,-1.552252,1.000000
2.822000,-0.067495,-1.552252,1.000000
2.823000,-0.067495,-1.552252,1.000000
2.824000,-0.067495,-1.552252,1.000000
2.825000,-0.070563,-1.552252,1.000000
2.826000,-0.070563,-1.552252,1.000000
2.827000,-0.070563,-1.485943,1.000000
2.828000,-0.070563,-1.324659,1.000000
2.829000,-0.073631,-1.195437,1.000000
2.830000,-0.073631,-1.089605,1.000000
2.831000,-0.073631,-1.000711,1.000000
2.832000,-0.073631,-0.924846,1.000000
2.833000,-0.073631,-0.860236,1.000000
2.834000,-0.076699,-1.135253,1.000000
2.835000,-0.076699,-1.135253,1.000000
2.836000,-0.076699,-1.135253,1.000000
2.837000,-0.076699,-1.135253,1.000000
2.838000,-0.076699,-1.135253,1.000000
2.839000,-0.076699,-1.135253,1.000000
2.840000,-0.076699,-1.135253,1.000000
2.841000,-0.076699,-1.135253,1.000000
2.842000,-0.076699,-1.135253,1.000000
2.843000,-0.076699,-1.135253,1.000000
2.844000,-0.076699,-1.135253,1.000000
2.845000,-0.076699,-1.106279,1.000000
2.846000,-0.076699,-1.014998,1.000000
2.847000,-0.076699,-0.937606,1.000000
2.848000,-0.076699,-0.871199,1.000000
2.849000,-0.076699,-0.813574,1.000000
2.850000,-0.076699,-0.762411,1.000000
2.851000,-0.076699,-0.717870,1.000000
2.852000,-0.076699,-0.678284,1.000000
2.853000,-0.076699,-0.642837,1.000000
2.854000,-0.076699,-0.610736,1.000000
2.855000,-0.073631,0.581744,1.000000
2.856000,-0.073631,0.555568,1.000000
2.857000,-0.073631,0.531508,1.000000
2.858000,-0.073631,0.509380,1.000000
2.859000,-0.073631,0.489014,1.000000
2.860000,-0.070563,0.470290,1.000000
2.861000,-0.070563,0.453002,1.000000
2.862000,-0.070563,0.436876,1.000000
2.863000,-0.070563,0.421801,1.000000
2.864000,-0.067495,0.413605,1.000000
2.865000,-0.067495,0.413605,1.000000
2.866000,-0.067495,0.413605,1.000000
2.867000,-0.067495,0.413605,1.000000
2.868000,-0.064427,0.413605,1.000000
2.869000,-0.064427,0.413605,1.000000
2.870000,-0.064427,0.413605,1.000000
2.871000,-0.061359,0.413605,1.000000
2.872000,-0.061359,0.413605,1.000000
2.873000,-0.058291,0.413605,1.000000
2.874000,-0.058291,0.413605,1.000000
2.875000,-0.058291,0.413605,1.000000
2.876000,-0.055223,0.792021,1.000000
2.877000,-0.055223,0.792021,1.000000
2.878000,-0.052155,0.792021,1.000000
2.879000,-0.052155,0.792021,1.000000
2.880000,-0.049087,0.792021,1.000000
2.881000,-0.049087,0.792021,1.000000
2.882000,-0.046019,0.792021,1.000000
2.883000,-0.046019,0.792021,1.000000
2.884000,-0.042951,1.281783,1.000000
2.885000,-0.042951,1.281783,1.000000
2.886000,-0.039884,1.281783,1.000000
2.887000,-0.039884,1.281783,1.000000
2.888000,-0.036816,1.281783,1.000000
2.889000,-0.036816,1.281783,1.000000
2.890000,-0.033748,1.281783,1.000000
2.891000,-0.030680,1.594888,1.000000
2.892000,-0.030680,1.594888,1.000000
2.893000,-0.027612,1.594888,1.000000
2.894000,-0.024544,1.594888,1.000000
2.895000,-0.024544,1.594888,1.000000
2.896000,-0.021476,1.594888,1.000000
2.897000,-0.018408,1.834033,1.000000
2.898000,-0.018408,1.834033,1.000000
2.899000,-0.015340,1.834033,1.000000
2.900000,-0.015340,1.834033,1.000000
2.901000,-0.012272,1.834033,-1.000000
2.902000,-0.009204,1.834033,-1.000000
2.903000,-0.006136,2.032034,-1.000000
2.904000,-0.006136,2.032034,-1.000000
2.905000,-0.003068,2.032034,-1.000000
2.906000,0.000000,2.032034,-1.000000
2.907000,0.000000,2.032034,-1.000000
2.908000,0.003068,2.032034,-1.000000
2.909000,0.003068,2.026678,-1.000000
2.910000,0.006136,2.067311,-1.000000
2.911000,0.009204,2.067311,-1.000000
2.912000,0.009204,2.067311,-1.000000
2.913000,0.012272,2.067311,-1.000000
2.914000,0.012272,2.067311,-1.000000
2.915000,0.015340,2.062076,-1.000000
2.916000,0.015340,1.764728,-1.000000
2.917000,0.018408,1.874065,-1.000000
2.918000,0.018408,1.874065,-1.000000
2.919000,0.021476,1.874065,-1.000000
2.920000,0.021476,1.874065,-1.000000
2.921000,0.024544,1.874065,-1.000000
2.922000,0.024544,1.874065,-1.000000
2.923000,0.027612,1.798721,-1.000000
2.924000,0.027612,1.569477,-1.000000
2.925000,0.027612,1.391131,-1.000000
2.926000,0.030680,1.534785,-1.000000
2.927000,0.030680,1.534785,-1.000000
2.928000,0.030680,1.534785,-1.000000
2.929000,0.033748,1.534785,-1.000000
2.930000,0.033748,1.534785,-1.000000
2.931000,0.033748,1.534785,-1.000000
2.932000,0.033748,1.534785,-1.000000
2.933000,0.036816,1.534785,-1.000000
2.934000,0.036816,1.418603,-1.000000
2.935000,0.036816,1.271304,-1.000000
2.936000,0.036816,1.152342,-1.000000
2.937000,0.039884,1.053213,-1.000000
2.938000,0.039884,0.970223,-1.000000
2.939000,0.039884,0.898982,-1.000000
2.940000,0.039884,0.837425,-1.000000
2.941000,0.039884,0.784091,-1.000000
2.942000,0.039884,0.736855,-1.000000
2.943000,0.039884,0.695183,-1.000000
2.944000,0.042951,1.062473,-1.000000
2.945000,0.042951,1.062473,-1.000000
2.946000,0.042951,1.062473,-1.000000
2.947000,0.042951,1.062473,-1.000000
2.948000,0.042951,1.062473,-1.000000
2.949000,0.042951,1.062473,-1.000000
2.950000,0.042951,1.062473,-1.000000
2.951000,0.042951,1.062473,-1.000000
2.952000,0.042951,1.062473,-1.000000
2.953000,0.042951,1.062473,-1.000000
2.954000,0.042951,1.062473,-1.000000
2.955000,0.039884,1.062473,-1.000000
2.956000,0.039884,-1.013934,-1.000000
2.957000,0.039884,-0.936518,-1.000000
2.958000,0.039884,-0.870460,-1.000000
2.959000,0.039884,-0.812804,-1.000000
2.960000,0.039884,-0.762077,-1.000000
2.961000,0.036816,-0.717763,-1.000000
2.962000,0.036816,-0.678106,-1.000000
2.963000,0.036816,-0.642500,-1.000000
2.964000,0.036816,-0.610438,-1.000000
2.965000,0.036816,-0.581519,-1.000000
2.966000,0.033748,-0.557497,-1.000000
2.967000,0.033748,-0.557497,-1.000000
2.968000,0.033748,-0.557497,-1.000000
2.969000,0.030680,-0.557497,-1.000000
2.970000,0.030680,-0.557497,-1.000000
2.971000,0.030680,-0.557497,-1.000000
2.972000,0.030680,-0.557497,-1.000000
2.973000,0.027612,-0.557497,-1.000000
2.974000,0.027612,-0.557497,-1.000000
2.975000,0.024544,-0.557497,-1.000000
2.976000,0.024544,-0.557497,-1.000000
2.977000,0.024544,-0.557497,-1.000000
2.978000,0.021476,-0.677707,-1.000000
2.979000,0.021476,-0.677707,-1.000000
2.980000,0.018408,-0.677707,-1.000000
2.981000,0.018408,-0.677707,-1.000000
2.982000,0.015340,-0.677707,-1.000000
2.983000,0.015340,-0.677707,-1.000000
2.984000,0.012272,-0.677707,-1.000000
2.985000,0.012272,-0.677707,-1.000000
2.986000,0.009204,-1.277428,-1.000000
2.987000,0.009204,-1.277428,-1.000000
2.988000,0.006136,-1.277428,-1.000000
2.989000,0.006136,-1.277428,-1.000000
2.990000,0.003068,-1.277428,-1.000000
2.991000,0.000000,-1.277428,-1.000000
2.992000,0.000000,-1.277428,-1.000000
2.993000,-0.003068,-1.612977,-1.000000
2.994000,-0.003068,-1.612977,-1.000000
2.995000,-0.006136,-1.612977,-1.000000
2.996000,-0.009204,-1.612977,-1.000000
2.997000,-0.009204,-1.612977,-1.000000
2.998000,-0.012272,-1.612977,-1.000000
2.999000,-0.015340,-1.875704,-1.000000
3.000000,-0.015340,-1.875704,-1.000000
3.001000,-0.018408,-1.875704,1.000000
3.002000,-0.021476,-1.875704,1.000000
3.003000,-0.021476,-1.875704,1.000000
3.004000,-0.024544,-1.875704,1.000000
3.005000,-0.027612,-2.091747,1.000000
3.006000,-0.027612,-2.091747,1.000000
3.007000,-0.030680,-2.091747,1.000000
3.008000,-0.033748,-2.091747,1.000000
3.009000,-0.033748,-2.091747,1.000000
3.010000,-0.036816,-2.091747,1.000000
3.011000,-0.039884,-2.041810,1.000000
3.012000,-0.039884,-2.041810,1.000000
3.013000,-0.042951,-2.041810,1.000000
3.014000,-0.042951,-2.041810,1.000000
3.015000,-0.046019,-2.041810,1.000000
3.016000,-0.046019,-2.041810,1.000000
3.017000,-0.049087,-2.025076,1.000000
3.018000,-0.049087,-1.738540,1.000000
3.019000,-0.052155,-1.838701,1.000000
3.020000,-0.052155,-1.838701,1.000000
3.021000,-0.055223,-1.838701,1.000000
3.022000,-0.055223,-1.838701,1.000000
3.023000,-0.058291,-1.838701,1.000000
3.024000,-0.058291,-1.838701,1.000000
3.025000,-0.061359,-1.805170,1.000000
3.026000,-0.061359,-1.573471,1.000000
3.027000,-0.061359,-1.395083,1.000000
3.028000,-0.064427,-1.517791,1.000000
3.029000,-0.064427,-1.517791,1.000000
3.030000,-0.064427,-1.517791,1.000000
3.031000,-0.067495,-1.517791,1.000000
3.032000,-0.067495,-1.517791,1.000000
3.033000,-0.067495,-1.517791,1.000000
3.034000,-0.070563,-1.517791,1.000000
3.035000,-0.070563,-1.517791,1.000000
3.036000,-0.070563,-1.430014,1.000000
3.037000,-0.070563,-1.281133,1.000000
3.038000,-0.073631,-1.159963,1.000000
3.039000,-0.073631,-1.059218,1.000000
3.040000,-0.073631,-0.975342,1.000000
3.041000,-0.073631,-0.903448,1.000000
3.042000,-0.073631,-0.841664,1.000000
3.043000,-0.073631,-0.787604,1.000000
3.044000,-0.076699,-1.081775,1.000000
3.045000,-0.076699,-1.081775,1.000000
3.046000,-0.076699,-1.081775,1.000000
3.047000,-0.076699,-1.081775,1.000000
3.048000,-0.076699,-1.081775,1.000000
3.049000,-0.076699,-1.081775,1.000000
3.050000,-0.076699,-1.081775,1.000000
3.051000,-0.076699,-1.081775,1.000000
3.052000,-0.076699,-1.081775,1.000000
3.053000,-0.076699,-1.081775,1.000000
3.054000,-0.076699,-1.081775,1.000000
3.055000,-0.076699,-1.081775,1.000000
3.056000,-0.076699,-1.023176,1.000000
3.057000,-0.076699,-0.944284,1.000000
3.058000,-0.076699,-0.876483,1.000000
3.059000,-0.076699,-0.818453,1.000000
3.060000,-0.076699,-0.767028,1.000000
3.061000,-0.073631,0.722161,1.000000
3.062000,-0.073631,0.681767,1.000000
3.063000,-0.073631,0.646039,1.000000
3.064000,-0.073631,0.613702,1.000000
3.065000,-0.073631,0.584598,1.000000
3.066000,-0.073631,0.558103,1.000000
3.067000,-0.070563,0.533585,1.000000
3.068000,-0.070563,0.511478,1.000000
3.069000,-0.070563,0.490949,1.000000
3.070000,-0.070563,0.472008,1.000000
3.071000,-0.067495,0.454611,1.000000
3.072000,-0.067495,0.454611,1.000000
3.073000,-0.067495,0.454611,1.000000
3.074000,-0.067495,0.454611,1.000000
3.075000,-0.064427,0.454611,1.000000
3.076000,-0.064427,0.454611,1.000000
3.077000,-0.064427,0.454611,1.000000
3.078000,-0.061359,0.454611,1.000000
3.079000,-0.061359,0.454611,1.000000
3.080000,-0.061359,0.454611,1.000000
3.081000,-0.058291,0.454611,1.000000
3.082000,-0.058291,0.454611,1.000000
3.083000,-0.055223,0.735046,1.000000
3.084000,-0.055223,0.735046,1.000000
3.085000,-0.055223,0.735046,1.000000
3.086000,-0.052155,0.735046,1.000000
3.087000,-0.052155,0.735046,1.000000
3.088000,-0.049087,0.735046,1.000000
3.089000,-0.049087,0.735046,1.000000
3.090000,-0.046019,0.735046,1.000000
3.091000,-0.046019,0.735046,1.000000
3.092000,-0.042951,1.256294,1.000000
3.093000,-0.042951,1.256294,1.000000
3.094000,-0.039884,1.256294,1.000000
3.095000,-0.039884,1.256294,1.000000
3.096000,-0.036816,1.256294,1.000000
3.097000,-0.033748,1.256294,1.000000
3.098000,-0.033748,1.256294,1.000000
3.099000,-0.030680,1.574435,1.000000
3.100000,-0.030680,1.574435,1.000000
3.101000,-0.027612,1.574435,-1.000000
3.102000,-0.024544,1.574435,-1.000000
3.103000,-0.024544,1.574435,-1.000000
3.104000,-0.021476,1.574435,-1.000000
3.105000,-0.021476,1.574435,-1.000000
3.106000,-0.018408,1.821586,-1.000000
3.107000,-0.018408,1.821586,-1.000000
3.108000,-0.015340,1.821586,-1.000000
3.109000,-0.012272,1.821586,-1.000000
3.110000,-0.012272,1.821586,-1.000000
3.111000,-0.009204,1.821586,-1.000000
3.112000,-0.009204,1.808277,-1.000000
3.113000,-0.006136,1.760775,-1.000000
3.114000,-0.006136,1.760775,-1.000000
3.115000,-0.003068,1.760775,-1.000000
3.116000,-0.003068,1.760775,-1.000000
3.117000,-0.003068,1.760775,-1.000000
3.118000,0.000000,1.760775,-1.000000
3.119000,0.000000,1.760775,-1.000000
3.120000,0.003068,1.652381,-1.000000
3.121000,0.003068,1.454755,-1.000000
3.122000,0.006136,1.505268,-1.000000
3.123000,0.006136,1.505268,-1.000000
3.124000,0.006136,1.505268,-1.000000
3.125000,0.009204,1.505268,-1.000000
3.126000,0.009204,1.505268,-1.000000
3.127000,0.009204,1.505268,-1.000000
3.128000,0.009204,1.505268,-1.000000
3.129000,0.012272,1.505268,-1.000000
3.130000,0.012272,1.505268,-1.000000
3.131000,0.012272,1.346399,-1.000000
3.132000,0.012272,1.213554,-1.000000
3.133000,0.015340,1.103998,-1.000000
3.134000,0.015340,1.013045,-1.000000
3.135000,0.015340,0.935559,-1.000000
3.136000,0.015340,0.869371,-1.000000
3.137000,0.015340,0.811875,-1.000000
3.138000,0.018408,1.092514,-1.000000
3.139000,0.018408,1.092514,-1.000000
3.140000,0.018408,1.092514,-1.000000
3.141000,0.018408,1.092514,-1.000000
3.142000,0.018408,1.092514,-1.000000
3.143000,0.018408,1.092514,-1.000000
3.144000,0.018408,1.092514,-1.000000
3.145000,0.018408,1.092514,-1.000000
3.146000,0.018408,1.092514,-1.000000
3.147000,0.018408,1.092514,-1.000000
3.148000,0.018408,1.092514,-1.000000
3.149000,0.018408,1.092514,-1.000000
3.150000,0.018408,1.003932,-1.000000
3.151000,0.018408,0.928318,-1.000000
3.152000,0.018408,0.862440,-1.000000
3.153000,0.018408,0.806000,-1.000000
3.154000,0.018408,0.756111,-1.000000
3.155000,0.018408,0.712554,-1.000000
3.156000,0.018408,0.673622,-1.000000
3.157000,0.018408,0.638238,-1.000000
3.158000,0.018408,0.606824,-1.000000
3.159000,0.015340,-0.578157,-1.000000
3.160000,0.015340,-0.552194,-1.000000
3.161000,0.015340,-0.528378,-1.000000
3.162000,0.015340,-0.506607,-1.000000
3.163000,0.015340,-0.486376,-1.000000
3.164000,0.012272,-0.467967,-1.000000
3.165000,0.012272,-0.450753,-1.000000
3.166000,0.012272,-0.434813,-1.000000
3.167000,0.012272,-0.420012,-1.000000
3.168000,0.009204,-0.408827,-1.000000
3.169000,0.009204,-0.408827,-1.000000
3.170000,0.009204,-0.408827,-1.000000
3.171000,0.009204,-0.408827,-1.000000
3.172000,0.006136,-0.408827,-1.000000
3.173000,0.006136,-0.408827,-1.000000
3.174000,0.006136,-0.408827,-1.000000
3.175000,0.003068,-0.408827,-1.000000
3.176000,0.003068,-0.408827,-1.000000
3.177000,0.000000,-0.408827,-1.000000
3.178000,0.000000,-0.408827,-1.000000
3.179000,0.000000,-0.408827,-1.000000
3.180000,-0.003068,-0.758081,-1.000000
3.181000,-0.003068,-0.758081,-1.000000
3.182000,-0.006136,-0.758081,-1.000000
3.183000,-0.006136,-0.758081,-1.000000
3.184000,-0.006136,-0.758081,-1.000000
3.185000,-0.009204,-0.758081,-1.000000
3.186000,-0.009204,-0.758081,-1.000000
3.187000,-0.012272,-0.758081,-1.000000
3.188000,-0.012272,-0.758081,-1.000000
3.189000,-0.015340,-1.245200,-1.000000
3.190000,-0.015340,-1.245200,-1.000000
3.191000,-0.018408,-1.245200,-1.000000
3.192000,-0.018408,-1.245200,-1.000000
3.193000,-0.021476,-1.245200,-1.000000
3.194000,-0.024544,-1.245200,-1.000000
3.195000,-0.024544,-1.245200,-1.000000
3.196000,-0.027612,-1.543790,-1.000000
3.197000,-0.027612,-1.543790,-1.000000
3.198000,-0.030680,-1.543790,-1.000000
3.199000,-0.030680,-1.543790,-1.000000
3.200000,-0.033748,-1.543790,1.000000
3.201000,-0.036816,-1.543790,1.000000
3.202000,-0.036816,-1.543790,1.000000
3.203000,-0.039884,-1.779238,1.000000
3.204000,-0.039884,-1.779238,1.000000
3.205000,-0.042951,-1.779238,1.000000
3.206000,-0.046019,-1.779238,1.000000
3.207000,-0.046019,-1.779238,1.000000
3.208000,-0.049087,-1.779238,1.000000
3.209000,-0.049087,-1.779238,1.000000
3.210000,-0.052155,-1.813685,1.000000
3.211000,-0.052155,-1.813685,1.000000
3.212000,-0.055223,-1.813685,1.000000
3.213000,-0.055223,-1.813685,1.000000
3.214000,-0.058291,-1.813685,1.000000
3.215000,-0.058291,-1.813685,1.000000
3.216000,-0.061359,-1.813685,1.000000
3.217000,-0.061359,-1.635543,1.000000
3.218000,-0.061359,-1.443388,1.000000
3.219000,-0.064427,-1.563337,1.000000
3.220000,-0.064427,-1.563337,1.000000
3.221000,-0.064427,-1.563337,1.000000
3.222000,-0.067495,-1.563337,1.000000
3.223000,-0.067495,-1.563337,1.000000
3.224000,-0.067495,-1.563337,1.000000
3.225000,-0.070563,-1.563337,1.000000
3.226000,-0.070563,-1.563337,1.000000
3.227000,-0.070563,-1.427542,1.000000
3.228000,-0.073631,-1.278145,1.000000
3.229000,-0.073631,-1.157708,1.000000
3.230000,-0.073631,-1.057884,1.000000
3.231000,-0.073631,-0.974481,1.000000
3.232000,-0.073631,-0.902433,1.000000
3.233000,-0.076699,-1.154357,1.000000
3.234000,-0.076699,-1.154357,1.000000
3.235000,-0.076699,-1.154357,1.000000
3.236000,-0.076699,-1.154357,1.000000
3.237000,-0.076699,-1.154357,1.000000
3.238000,-0.076699,-1.154357,1.000000
3.239000,-0.076699,-1.154357,1.000000
3.240000,-0.076699,-1.154357,1.000000
3.241000,-0.076699,-1.154357,1.000000
3.242000,-0.076699,-1.154357,1.000000
3.243000,-0.076699,-1.154357,1.000000
3.244000,-0.076699,-1.112786,1.000000
3.245000,-0.076699,-1.020595,1.000000
3.246000,-0.076699,-0.942103,1.000000
3.247000,-0.076699,-0.874786,1.000000
3.248000,-0.076699,-0.816663,1.000000
3.249000,-0.076699,-0.765949,1.000000
3.250000,-0.076699,-0.721019,1.000000
3.251000,-0.076699,-0.680848,1.000000
3.252000,-0.076699,-0.644947,1.000000
3.253000,-0.076699,-0.612777,1.000000
3.254000,-0.076699,-0.583785,1.000000
3.255000,-0.076699,-0.557305,1.000000
3.256000,-0.073631,0.532920,1.000000
3.257000,-0.073631,0.511033,1.000000
3.258000,-0.073631,0.490385,1.000000
3.259000,-0.073631,0.471525,1.000000
3.260000,-0.073631,0.454155,1.000000
3.261000,-0.070563,0.437933,1.000000
3.262000,-0.070563,0.422858,1.000000
3.263000,-0.070563,0.408850,1.000000
3.264000,-0.070563,0.395541,1.000000
3.265000,-0.067495,0.391255,1.000000
3.266000,-0.067495,0.391255,1.000000
3.267000,-0.067495,0.391255,1.000000
3.268000,-0.064427,0.391255,1.000000
3.269000,-0.064427,0.391255,1.000000
3.270000,-0.064427,0.391255,1.000000
3.271000,-0.061359,0.391255,1.000000
3.272000,-0.061359,0.391255,1.000000
3.273000,-0.061359,0.391255,1.000000
3.274000,-0.058291,0.391255,1.000000
3.275000,-0.058291,0.391255,1.000000
3.276000,-0.055223,0.823245,1.000000
3.277000,-0.055223,0.823245,1.000000
3.278000,-0.052155,0.823245,1.000000
3.279000,-0.052155,0.823245,1.000000
3.280000,-0.052155,0.823245,1.000000
3.281000,-0.049087,0.823245,1.000000
3.282000,-0.049087,0.823245,1.000000
3.283000,-0.046019,0.823245,1.000000
3.284000,-0.042951,1.299057,1.000000
3.285000,-0.042951,1.299057,1.000000
3.286000,-0.039884,1.299057,1.000000
3.287000,-0.039884,1.299057,1.000000
3.288000,-0.036816,1.299057,1.000000
3.289000,-0.036816,1.299057,1.000000
3.290000,-0.033748,1.299057,1.000000
3.291000,-0.033748,1.299057,1.000000
3.292000,-0.030680,1.606952,1.000000
3.293000,-0.027612,1.606952,1.000000
3.294000,-0.027612,1.606952,1.000000
3.295000,-0.024544,1.606952,1.000000
3.296000,-0.021476,1.606952,1.000000
3.297000,-0.021476,1.606952,1.000000
3.298000,-0.018408,1.842869,1.000000
3.299000,-0.015340,1.842869,1.000000
3.300000,-0.015340,1.842869,-1.000000
3.301000,-0.012272,1.842869,-1.000000
3.302000,-0.012272,1.842869,-1.000000
3.303000,-0.009204,1.842869,-1.000000
3.304000,-0.006136,2.039463,-1.000000
3.305000,-0.006136,2.039463,-1.000000
3.306000,-0.003068,2.039463,-1.000000
3.307000,0.000000,2.039463,-1.000000
3.308000,0.000000,2.039463,-1.000000
3.309000,0.003068,2.039463,-1.000000
3.310000,0.006136,2.009692,-1.000000
3.311000,0.006136,2.009692,-1.000000
3.312000,0.009204,2.009692,-1.000000
3.313000,0.009204,2.009692,-1.000000
3.314000,0.012272,2.009692,-1.000000
3.315000,0.012272,2.009692,-1.000000
3.316000,0.015340,1.995310,-1.000000
3.317000,0.015340,1.713430,-1.000000
3.318000,0.018408,1.752884,-1.000000
3.319000,0.018408,1.752884,-1.000000
3.320000,0.021476,1.752884,-1.000000
3.321000,0.021476,1.752884,-1.000000
3.322000,0.021476,1.752884,-1.000000
3.323000,0.024544,1.752884,-1.000000
3.324000,0.024544,1.752884,-1.000000
3.325000,0.024544,1.643248,-1.000000
3.326000,0.027612,1.449440,-1.000000
3.327000,0.027612,1.296088,-1.000000
3.328000,0.027612,1.172488,-1.000000
3.329000,0.030680,1.395475,-1.000000
3.330000,0.030680,1.395475,-1.000000
3.331000,0.030680,1.395475,-1.000000
3.332000,0.030680,1.395475,-1.000000
3.333000,0.033748,1.395475,-1.000000
3.334000,0.033748,1.395475,-1.000000
3.335000,0.033748,1.395475,-1.000000
3.336000,0.033748,1.395475,-1.000000
3.337000,0.033748,1.366844,-1.000000
3.338000,0.036816,1.230543,-1.000000
3.339000,0.036816,1.118018,-1.000000
3.340000,0.036816,1.024954,-1.000000
3.341000,0.036816,0.945768,-1.000000
3.342000,0.036816,0.878306,-1.000000
3.343000,0.036816,0.819516,-1.000000
3.344000,0.036816,0.768047,-1.000000
3.345000,0.036816,0.722947,-1.000000
3.346000,0.036816,0.682511,-1.000000
3.347000,0.036816,0.646775,-1.000000
3.348000,0.036816,0.614339,-1.000000
3.349000,0.036816,0.584882,-1.000000
3.350000,0.036816,0.558440,-1.000000
3.351000,0.036816,0.533999,-1.000000
3.352000,0.036816,0.511789,-1.000000
3.353000,0.036816,0.491238,-1.000000
3.354000,0.036816,0.472339,-1.000000
3.355000,0.036816,0.454924,-1.000000
3.356000,0.036816,0.438693,-1.000000
3.357000,0.036816,0.423444,-1.000000
3.358000,0.033748,0.828526,-1.000000
3.359000,0.033748,0.828526,-1.000000
3.360000,0.033748,0.828526,-1.000000
3.361000,0.033748,0.828526,-1.000000
3.362000,0.033748,0.828526,-1.000000
3.363000,0.030680,0.828526,-1.000000
3.364000,0.030680,0.828526,-1.000000
3.365000,0.030680,0.828526,-1.000000
3.366000,0.030680,0.828526,-1.000000
3.367000,0.030680,0.828526,-1.000000
3.368000,0.027612,0.828526,-1.000000
3.369000,0.027612,0.828526,-1.000000
3.370000,0.024544,0.828526,-1.000000
3.371000,0.024544,0.828526,-1.000000
3.372000,0.024544,0.828526,-1.000000
3.373000,0.021476,-0.410425,-1.000000
3.374000,0.021476,-0.410425,-1.000000
3.375000,0.021476,-0.410425,-1.000000
3.376000,0.018408,-0.410425,-1.000000
3.377000,0.018408,-0.410425,-1.000000
3.378000,0.015340,-0.410425,-1.000000
3.379000,0.015340,-0.410425,-1.000000
3.380000,0.015340,-0.410425,-1.000000
3.381000,0.012272,-0.410425,-1.000000
3.382000,0.012272,-0.410425,-1.000000
3.383000,0.009204,-1.119778,-1.000000
3.384000,0.009204,-1.119778,-1.000000
3.385000,0.006136,-1.119778,-1.000000
3.386000,0.006136,-1.119778,-1.000000
3.387000,0.003068,-1.119778,-1.000000
3.388000,0.000000,-1.119778,-1.000000
3.389000,0.000000,-1.119778,-1.000000
3.390000,-0.003068,-1.496696,-1.000000
3.391000,-0.003068,-1.496696,-1.000000
3.392000,-0.006136,-1.496696,-1.000000
3.393000,-0.006136,-1.496696,-1.000000
3.394000,-0.009204,-1.496696,-1.000000
3.395000,-0.012272,-1.496696,-1.000000
3.396000,-0.012272,-1.496696,-1.000000
3.397000,-0.015340,-1.776201,-1.000000
3.398000,-0.018408,-1.776201,-1.000000
3.399000,-0.018408,-1.776201,-1.000000
3.400000,-0.021476,-1.776201,-1.000000
3.401000,-0.024544,-1.776201,1.000000
3.402000,-0.024544,-1.776201,1.000000
3.403000,-0.027612,-2.002191,1.000000
3.404000,-0.030680,-2.002191,1.000000
3.405000,-0.030680,-2.002191,1.000000
3.406000,-0.033748,-2.002191,1.000000
3.407000,-0.036816,-2.002191,1.000000
3.408000,-0.036816,-2.002191,1.000000
3.409000,-0.039884,-2.090065,1.000000
3.410000,-0.042951,-2.090065,1.000000
3.411000,-0.042951,-2.090065,1.000000
3.412000,-0.046019,-2.090065,1.000000
3.413000,-0.049087,-2.090065,1.000000
3.414000,-0.049087,-2.074884,1.000000
3.415000,-0.052155,-1.961682,1.000000
3.416000,-0.052155,-1.961682,1.000000
3.417000,-0.055223,-1.961682,1.000000
3.418000,-0.055223,-1.961682,1.000000
3.419000,-0.058291,-1.961682,1.000000
3.420000,-0.058291,-1.961682,1.000000
3.421000,-0.061359,-1.961682,1.000000
3.422000,-0.061359,-1.711876,1.000000
3.423000,-0.061359,-1.502213,1.000000
3.424000,-0.064427,-1.650674,1.000000
3.425000,-0.064427,-1.650674,1.000000
3.426000,-0.067495,-1.650674,1.000000
3.427000,-0.067495,-1.650674,1.000000
3.428000,-0.067495,-1.650674,1.000000
3.429000,-0.070563,-1.650674,1.000000
3.430000,-0.070563,-1.650674,1.000000
3.431000,-0.070563,-1.552427,1.000000
3.432000,-0.073631,-1.379402,1.000000
3.433000,-0.073631,-1.239229,1.000000
3.434000,-0.073631,-1.125860,1.000000
3.435000,-0.073631,-1.031197,1.000000
3.436000,-0.076699,-1.279352,1.000000
3.437000,-0.076699,-1.279352,1.000000
3.438000,-0.076699,-1.279352,1.000000
3.439000,-0.076699,-1.279352,1.000000
3.440000,-0.079767,-1.279352,1.000000
3.441000,-0.079767,-1.279352,1.000000
3.442000,-0.079767,-1.279352,1.000000
3.443000,-0.079767,-1.279352,1.000000
3.444000,-0.079767,-1.279352,1.000000
3.445000,-0.079767,-1.245421,1.000000
3.446000,-0.079767,-1.130917,1.000000
3.447000,-0.079767,-1.035673,1.000000
3.448000,-0.079767,-0.954750,1.000000
3.449000,-0.079767,-0.885652,1.000000
3.450000,-0.079767,-0.826142,1.000000
3.451000,-0.079767,-0.774140,1.000000
3.452000,-0.079767,-0.728070,1.000000
3.453000,-0.079767,-0.687383,1.000000
3.454000,-0.079767,-0.651005,1.000000
3.455000,-0.079767,-0.618317,1.000000
3.456000,-0.079767,-0.588493,1.000000
3.457000,-0.079767,-0.561517,1.000000
3.458000,-0.079767,-0.537046,1.000000
3.459000,-0.079767,-0.514438,1.000000
3.460000,-0.079767,-0.493853,1.000000
3.461000,-0.079767,-0.474763,1.000000
3.462000,-0.079767,-0.457012,1.000000
3.463000,-0.079767,-0.440626,1.000000
3.464000,-0.076699,0.425312,1.000000
3.465000,-0.076699,0.411100,1.000000
3.466000,-0.076699,0.397739,1.000000
3.467000,-0.076699,0.385225,1.000000
3.468000,-0.076699,0.373572,1.000000
3.469000,-0.073631,0.362591,1.000000
3.470000,-0.073631,0.352080,1.000000
3.471000,-0.073631,0.342302,1.000000
3.472000,-0.073631,0.332969,1.000000
3.473000,-0.070563,0.324221,1.000000
3.474000,-0.070563,0.315850,1.000000
3.475000,-0.070563,0.307926,1.000000
3.476000,-0.067495,0.308514,1.000000
3.477000,-0.067495,0.308514,1.000000
3.478000,-0.067495,0.308514,1.000000
3.479000,-0.064427,0.308514,1.000000
3.480000,-0.064427,0.308514,1.000000
3.481000,-0.061359,0.308514,1.000000
3.482000,-0.061359,0.308514,1.000000
3.483000,-0.061359,0.308514,1.000000
3.484000,-0.058291,0.308514,1.000000
3.485000,-0.058291,0.308514,1.000000
3.486000,-0.055223,0.985758,1.000000
3.487000,-0.055223,0.985758,1.000000
3.488000,-0.052155,0.985758,1.000000
3.489000,-0.052155,0.985758,1.000000
3.490000,-0.049087,0.985758,1.000000
3.491000,-0.049087,0.985758,1.000000
3.492000,-0.046019,0.985758,1.000000
3.493000,-0.046019,0.985758,1.000000
3.494000,-0.042951,1.392987,1.000000
3.495000,-0.042951,1.392987,1.000000
3.496000,-0.039884,1.392987,1.000000
3.497000,-0.036816,1.392987,1.000000
3.498000,-0.036816,1.392987,1.000000
3.499000,-0.033748,1.392987,1.000000
3.500000,-0.030680,1.684093,1.000000
3.501000,-0.030680,1.684093,-1.000000
3.502000,-0.027612,1.684093,-1.000000
3.503000,-0.027612,1.684093,-1.000000
3.504000,-0.024544,1.684093,-1.000000
3.505000,-0.021476,1.684093,-1.000000
3.506000,-0.021476,1.684093,-1.000000
3.507000,-0.018408,1.880399,-1.000000
3.508000,-0.018408,1.880399,-1.000000
3.509000,-0.015340,1.880399,-1.000000
3.510000,-0.015340,1.880399,-1.000000
3.511000,-0.012272,1.880399,-1.000000
3.512000,-0.012272,1.880399,-1.000000
3.513000,-0.009204,1.867553,-1.000000
3.514000,-0.006136,1.790218,-1.000000
3.515000,-0.006136,1.790218,-1.000000
3.516000,-0.006136,1.790218,-1.000000
3.517000,-0.003068,1.790218,-1.000000
3.518000,-0.003068,1.790218,-1.000000
3.519000,0.000000,1.790218,-1.000000
3.520000,0.000000,1.790218,-1.000000
3.521000,0.003068,1.724957,-1.000000
3.522000,0.003068,1.511319,-1.000000
3.523000,0.003068,1.346108,-1.000000
3.524000,0.006136,1.498760,-1.000000
3.525000,0.006136,1.498760,-1.000000
3.526000,0.006136,1.498760,-1.000000
3.527000,0.009204,1.498760,-1.000000
3.528000,0.009204,1.498760,-1.000000
3.529000,0.009204,1.498760,-1.000000
3.530000,0.012272,1.498760,-1.000000
3.531000,0.012272,1.498760,-1.000000
3.532000,0.012272,1.392897,-1.000000
3.533000,0.012272,1.251328,-1.000000
3.534000,0.012272,1.135295,-1.000000
3.535000,0.015340,1.038938,-1.000000
3.536000,0.015340,0.958110,-1.000000
3.537000,0.015340,0.888290,-1.000000
3.538000,0.015340,0.828708,-1.000000
3.539000,0.015340,0.776005,-1.000000
3.540000,0.018408,1.078605,-1.000000
3.541000,0.018408,1.078605,-1.000000
3.542000,0.018408,1.078605,-1.000000
3.543000,0.018408,1.078605,-1.000000
3.544000,0.018408,1.078605,-1.000000
3.545000,0.018408,1.078605,-1.000000
3.546000,0.018408,1.078605,-1.000000
3.547000,0.018408,1.078605,-1.000000
3.548000,0.018408,1.078605,-1.000000
3.549000,0.018408,1.078605,-1.000000
3.550000,0.018408,1.078605,-1.000000
3.551000,0.018408,1.078605,-1.000000
3.552000,0.018408,0.998727,-1.000000
3.553000,0.018408,0.923473,-1.000000
3.554000,0.018408,0.859126,-1.000000
3.555000,0.018408,0.802846,-1.000000
3.556000,0.018408,0.753329,-1.000000
3.557000,0.018408,0.709714,-1.000000
3.558000,0.015340,-0.671135,-1.000000
3.559000,0.015340,-0.636183,-1.000000
3.560000,0.015340,-0.604852,-1.000000
3.561000,0.015340,-0.576340,-1.000000
3.562000,0.015340,-0.550632,-1.000000
3.563000,0.015340,-0.526916,-1.000000
3.564000,0.012272,-0.505340,-1.000000
3.565000,0.012272,-0.485351,-1.000000
3.566000,0.012272,-0.466897,-1.000000
3.567000,0.012272,-0.449704,-1.000000
3.568000,0.009204,-0.437289,-1.000000
3.569000,0.009204,-0.437289,-1.000000
3.570000,0.009204,-0.437289,-1.000000
3.571000,0.009204,-0.437289,-1.000000
3.572000,0.006136,-0.437289,-1.000000
3.573000,0.006136,-0.437289,-1.000000
3.574000,0.006136,-0.437289,-1.000000
3.575000,0.003068,-0.437289,-1.000000
3.576000,0.003068,-0.437289,-1.000000
3.577000,0.000000,-0.437289,-1.000000
3.578000,0.000000,-0.437289,-1.000000
3.579000,0.000000,-0.437289,-1.000000
3.580000,-0.003068,-0.737386,-1.000000
3.581000,-0.003068,-0.737386,-1.000000
3.582000,-0.006136,-0.737386,-1.000000
3.583000,-0.006136,-0.737386,-1.000000
3.584000,-0.006136,-0.737386,-1.000000
3.585000,-0.009204,-0.737386,-1.000000
3.586000,-0.009204,-0.737386,-1.000000
3.587000,-0.012272,-0.737386,-1.000000
3.588000,-0.012272,-0.737386,-1.000000
3.589000,-0.015340,-1.246863,-1.000000
3.590000,-0.015340,-1.246863,-1.000000
3.591000,-0.018408,-1.246863,-1.000000
3.592000,-0.018408,-1.246863,-1.000000
3.593000,-0.021476,-1.246863,-1.000000
3.594000,-0.024544,-1.246863,-1.000000
3.595000,-0.024544,-1.246863,-1.000000
3.596000,-0.027612,-1.553434,-1.000000
3.597000,-0.027612,-1.553434,-1.000000
3.598000,-0.030680,-1.553434,-1.000000
3.599000,-0.033748,-1.553434,-1.000000
3.600000,-0.033748,-1.553434,-1.000000
3.601000,-0.036816,-1.553434,1.000000
3.602000,-0.036816,-1.553434,1.000000
3.603000,-0.039884,-1.794468,1.000000
3.604000,-0.042951,-1.794468,1.000000
3.605000,-0.042951,-1.794468,1.000000
3.606000,-0.046019,-1.794468,1.000000
3.607000,-0.049087,-1.794468,1.000000
3.608000,-0.052155,-1.794468,1.000000
3.609000,-0.055223,-1.906417,1.000000
3.610000,-0.055223,-1.906417,1.000000
3.611000,-0.058291,-1.906417,1.000000
3.612000,-0.058291,-1.906417,1.000000
3.613000,-0.061359,-1.906417,1.000000
3.614000,-0.061359,-1.906417,1.000000
3.615000,-0.064427,-1.906417,1.000000
3.616000,-0.064427,-1.710398,1.000000
3.617000,-0.067495,-1.681001,1.000000
3.618000,-0.067495,-1.681001,1.000000
3.619000,-0.067495,-1.681001,1.000000
3.620000,-0.070563,-1.681001,1.000000
3.621000,-0.070563,-1.681001,1.000000
3.622000,-0.073631,-1.681001,1.000000
3.623000,-0.073631,-1.681001,1.000000
3.624000,-0.073631,-1.681001,1.000000
3.625000,-0.076699,-1.501957,1.000000
3.626000,-0.076699,-1.337318,1.000000
3.627000,-0.076699,-1.205849,1.000000
3.628000,-0.079767,-1.336608,1.000000
3.629000,-0.079767,-1.336608,1.000000
3.630000,-0.079767,-1.336608,1.000000
3.631000,-0.079767,-1.336608,1.000000
3.632000,-0.082835,-1.336608,1.000000
3.633000,-0.082835,-1.336608,1.000000
3.634000,-0.082835,-1.336608,1.000000
3.635000,-0.082835,-1.336608,1.000000
3.636000,-0.082835,-1.336608,1.000000
3.637000,-0.082835,-1.336608,1.000000
3.638000,-0.082835,-1.219780,1.000000
3.639000,-0.085903,-1.109118,1.000000
3.640000,-0.085903,-1.017293,1.000000
3.641000,-0.085903,-0.939478,1.000000
3.642000,-0.085903,-0.872312,1.000000
3.643000,-0.085903,-0.814574,1.000000
3.644000,-0.085903,-0.764277,1.000000
3.645000,-0.085903,-0.719159,1.000000
3.646000,-0.085903,-0.679327,1.000000
3.647000,-0.085903,-0.643792,1.000000
3.648000,-0.085903,-0.611685,1.000000
3.649000,-0.085903,-0.582628,1.000000
3.650000,-0.085903,-0.556072,1.000000
3.651000,-0.085903,-0.532157,1.000000
3.652000,-0.085903,-0.509912,1.000000
3.653000,-0.085903,-0.489561,1.000000
3.654000,-0.085903,-0.470830,1.000000
3.655000,-0.085903,-0.453407,1.000000
3.656000,-0.082835,-0.740739,1.000000
3.657000,-0.082835,-0.740739,1.000000
3.658000,-0.082835,-0.740739,1.000000
3.659000,-0.082835,-0.740739,1.000000
3.660000,-0.082835,-0.740739,1.000000
3.661000,-0.082835,-0.740739,1.000000
3.662000,-0.079767,-0.740739,1.000000
3.663000,-0.079767,-0.740739,1.000000
3.664000,-0.079767,-0.740739,1.000000
3.665000,-0.079767,-0.740739,1.000000
3.666000,-0.076699,-0.740739,1.000000
3.667000,-0.076699,-0.740739,1.000000
3.668000,-0.076699,-0.740739,1.000000
3.669000,-0.073631,-0.740739,1.000000
3.670000,-0.073631,-0.740739,1.000000
3.671000,-0.073631,-0.740739,1.000000
3.672000,-0.070563,0.454725,1.000000
3.673000,-0.070563,0.454725,1.000000
3.674000,-0.070563,0.454725,1.000000
3.675000,-0.067495,0.454725,1.000000
3.676000,-0.067495,0.454725,1.000000
3.677000,-0.067495,0.454725,1.000000
3.678000,-0.064427,0.454725,1.000000
3.679000,-0.064427,0.454725,1.000000
3.680000,-0.061359,0.454725,1.000000
3.681000,-0.061359,0.454725,1.000000
3.682000,-0.058291,1.051202,1.000000
3.683000,-0.058291,1.051202,1.000000
3.684000,-0.055223,1.051202,1.000000
3.685000,-0.055223,1.051202,1.000000
3.686000,-0.052155,1.051202,1.000000
3.687000,-0.052155,1.051202,1.000000
3.688000,-0.049087,1.051202,1.000000
3.689000,-0.049087,1.051202,1.000000
3.690000,-0.046019,1.432247,1.000000
3.691000,-0.046019,1.432247,1.000000
3.692000,-0.042951,1.432247,1.000000
3.693000,-0.039884,1.432247,1.000000
3.694000,-0.039884,1.432247,1.000000
3.695000,-0.036816,1.432247,1.000000
3.696000,-0.036816,1.432247,1.000000
3.697000,-0.033748,1.704305,1.000000
3.698000,-0.030680,1.704305,1.000000
3.699000,-0.030680,1.704305,1.000000
3.700000,-0.027612,1.704305,1.000000
3.701000,-0.024544,1.704305,-1.000000
3.702000,-0.024544,1.704305,-1.000000
3.703000,-0.021476,1.919455,-1.000000
3.704000,-0.018408,1.919455,-1.000000
3.705000,-0.018408,1.919455,-1.000000
3.706000,-0.015340,1.919455,-1.000000
3.707000,-0.015340,1.919455,-1.000000
3.708000,-0.012272,1.919455,-1.000000
3.709000,-0.009204,2.004476,-1.000000
3.710000,-0.009204,2.004476,-1.000000
3.711000,-0.006136,2.004476,-1.000000
3.712000,-0.006136,2.004476,-1.000000
3.713000,-0.003068,2.004476,-1.000000
3.714000,-0.003068,2.004476,-1.000000
3.715000,0.000000,1.923872,-1.000000
3.716000,0.000000,1.661885,-1.000000
3.717000,0.003068,1.791754,-1.000000
3.718000,0.003068,1.791754,-1.000000
3.719000,0.006136,1.791754,-1.000000
3.720000,0.006136,1.791754,-1.000000
3.721000,0.009204,1.791754,-1.000000
3.722000,0.009204,1.791754,-1.000000
3.723000,0.009204,1.775723,-1.000000
3.724000,0.012272,1.550658,-1.000000
3.725000,0.012272,1.377185,-1.000000
3.726000,0.015340,1.238651,-1.000000
3.727000,0.015340,1.452297,-1.000000
3.728000,0.015340,1.452297,-1.000000
3.729000,0.015340,1.452297,-1.000000
3.730000,0.018408,1.452297,-1.000000
3.731000,0.018408,1.452297,-1.000000
3.732000,0.018408,1.452297,-1.000000
3.733000,0.018408,1.452297,-1.000000
3.734000,0.021476,1.452297,-1.000000
3.735000,0.021476,1.366588,-1.000000
3.736000,0.021476,1.229350,-1.000000
3.737000,0.021476,1.117739,-1.000000
3.738000,0.021476,1.024637,-1.000000
3.739000,0.021476,0.945400,-1.000000
3.740000,0.021476,0.878488,-1.000000
3.741000,0.024544,0.819030,-1.000000
3.742000,0.024544,0.767876,-1.000000
3.743000,0.024544,0.722739,-1.000000
3.744000,0.024544,0.682402,-1.000000
3.745000,0.024544,0.646839,-1.000000
3.746000,0.024544,0.614337,-1.000000
3.747000,0.024544,0.584842,-1.000000
3.748000,0.024544,0.558295,-1.000000
3.749000,0.024544,0.534129,-1.000000
3.750000,0.024544,0.511899,-1.000000
3.751000,0.024544,0.491303,-1.000000
3.752000,0.024544,0.472428,-1.000000
3.753000,0.024544,0.454791,-1.000000
3.754000,0.024544,0.438630,-1.000000
3.755000,0.021476,-0.423438,-1.000000
3.756000,0.021476,-0.409308,-1.000000
3.757000,0.021476,-0.396097,-1.000000
3.758000,0.021476,-0.383794,-1.000000
3.759000,0.021476,-0.372136,-1.000000
3.760000,0.021476,-0.361108,-1.000000
3.761000,0.021476,-0.350849,-1.000000
3.762000,0.018408,-0.940375,-1.000000
3.763000,0.018408,-0.940375,-1.000000
3.764000,0.018408,-0.940375,-1.000000
3.765000,0.018408,-0.940375,-1.000000
3.766000,0.015340,-0.940375,-1.000000
3.767000,0.015340,-0.940375,-1.000000
3.768000,0.015340,-0.940375,-1.000000
3.769000,0.015340,-0.940375,-1.000000
3.770000,0.012272,-0.940375,-1.000000
3.771000,0.012272,-0.940375,-1.000000
3.772000,0.009204,-0.940375,-1.000000
3.773000,0.009204,-0.940375,-1.000000
3.774000,0.009204,-0.940375,-1.000000
3.775000,0.006136,-0.347182,-1.000000
3.776000,0.006136,-0.347182,-1.000000
3.777000,0.006136,-0.347182,-1.000000
3.778000,0.003068,-0.347182,-1.000000
3.779000,0.003068,-0.347182,-1.000000
3.780000,0.000000,-0.347182,-1.000000
3.781000,0.000000,-0.347182,-1.000000
3.782000,-0.003068,-0.347182,-1.000000
3.783000,-0.003068,-0.347182,-1.000000
3.784000,-0.006136,-1.167516,-1.000000
3.785000,-0.006136,-1.167516,-1.000000
3.786000,-0.009204,-1.167516,-1.000000
3.787000,-0.009204,-1.167516,-1.000000
3.788000,-0.012272,-1.167516,-1.000000
3.789000,-0.012272,-1.167516,-1.000000
3.790000,-0.015340,-1.167516,-1.000000
3.791000,-0.015340,-1.167516,-1.000000
3.792000,-0.018408,-1.522530,-1.000000
3.793000,-0.021476,-1.522530,-1.000000
3.794000,-0.021476,-1.522530,-1.000000
3.795000,-0.024544,-1.522530,-1.000000
3.796000,-0.027612,-1.522530,-1.000000
3.797000,-0.027612,-1.522530,-1.000000
3.798000,-0.030680,-1.786898,-1.000000
3.799000,-0.030680,-1.786898,-1.000000
3.800000,-0.033748,-1.786898,1.000000
3.801000,-0.036816,-1.786898,1.000000
3.802000,-0.036816,-1.786898,1.000000
3.803000,-0.039884,-1.786898,1.000000
3.804000,-0.042951,-2.005987,1.000000
3.805000,-0.042951,-2.005987,1.000000
3.806000,-0.046019,-2.005987,1.000000
3.807000,-0.049087,-2.005987,1.000000
3.808000,-0.049087,-2.005987,1.000000
3.809000,-0.052155,-2.005987,1.000000
3.810000,-0.052155,-1.934470,1.000000
3.811000,-0.055223,-1.964111,1.000000
3.812000,-0.058291,-1.964111,1.000000
3.813000,-0.058291,-1.964111,1.000000
3.814000,-0.061359,-1.964111,1.000000
3.815000,-0.061359,-1.964111,1.000000
3.816000,-0.064427,-1.964111,1.000000
3.817000,-0.064427,-1.794024,1.000000
3.818000,-0.067495,-1.742335,1.000000
3.819000,-0.067495,-1.742335,1.000000
3.820000,-0.067495,-1.742335,1.000000
3.821000,-0.070563,-1.742335,1.000000
3.822000,-0.070563,-1.742335,1.000000
3.823000,-0.073631,-1.742335,1.000000
3.824000,-0.073631,-1.742335,1.000000
3.825000,-0.073631,-1.731868,1.000000
3.826000,-0.076699,-1.516543,1.000000
3.827000,-0.076699,-1.349648,1.000000
3.828000,-0.076699,-1.215741,1.000000
3.829000,-0.079767,-1.407544,1.000000
3.830000,-0.079767,-1.407544,1.000000
3.831000,-0.079767,-1.407544,1.000000
3.832000,-0.082835,-1.407544,1.000000
3.833000,-0.082835,-1.407544,1.000000
3.834000,-0.082835,-1.407544,1.000000
3.835000,-0.082835,-1.407544,1.000000
3.836000,-0.082835,-1.407544,1.000000
3.837000,-0.085903,-1.390492,1.000000
3.838000,-0.085903,-1.248914,1.000000
3.839000,-0.085903,-1.133399,1.000000
3.840000,-0.085903,-1.037839,1.000000
3.841000,-0.085903,-0.957042,1.000000
3.842000,-0.085903,-0.887515,1.000000
3.843000,-0.088971,-0.827701,1.000000
3.844000,-0.088971,-0.775177,1.000000
3.845000,-0.088971,-0.729161,1.000000
3.846000,-0.088971,-0.688453,1.000000
3.847000,-0.088971,-0.651919,1.000000
3.848000,-0.088971,-0.618793,1.000000
3.849000,-0.088971,-0.589119,1.000000
3.850000,-0.088971,-0.562226,1.000000
3.851000,-0.088971,-0.537621,1.000000
3.852000,-0.088971,-0.514966,1.000000
3.853000,-0.088971,-0.494241,1.000000
3.854000,-0.088971,-0.475126,1.000000
3.855000,-0.088971,-0.457434,1.000000
3.856000,-0.088971,-0.440927,1.000000
3.857000,-0.088971,-0.425644,1.000000
3.858000,-0.085903,0.411384,1.000000
3.859000,-0.085903,0.398091,1.000000
3.860000,-0.085903,0.385510,1.000000
3.861000,-0.085903,0.373862,1.000000
3.862000,-0.085903,0.362857,1.000000
3.863000,-0.085903,0.352331,1.000000
3.864000,-0.082835,0.896287,1.000000
3.865000,-0.082835,0.896287,1.000000
3.866000,-0.082835,0.896287,1.000000
3.867000,-0.082835,0.896287,1.000000
3.868000,-0.079767,0.896287,1.000000
3.869000,-0.079767,0.896287,1.000000
3.870000,-0.079767,0.896287,1.000000
3.871000,-0.079767,0.896287,1.000000
3.872000,-0.076699,0.896287,1.000000
3.873000,-0.076699,0.896287,1.000000
3.874000,-0.076699,0.896287,1.000000
3.875000,-0.073631,0.896287,1.000000
3.876000,-0.073631,0.896287,1.000000
3.877000,-0.073631,0.892080,1.000000
3.878000,-0.070563,0.349225,1.000000
3.879000,-0.070563,0.349225,1.000000
3.880000,-0.067495,0.349225,1.000000
3.881000,-0.067495,0.349225,1.000000
3.882000,-0.067495,0.349225,1.000000
3.883000,-0.064427,0.349225,1.000000
3.884000,-0.064427,0.349225,1.000000
3.885000,-0.061359,0.349225,1.000000
3.886000,-0.061359,0.349225,1.000000
3.887000,-0.058291,1.144155,1.000000
3.888000,-0.058291,1.144155,1.000000
3.889000,-0.055223,1.144155,1.000000
3.890000,-0.055223,1.144155,1.000000
3.891000,-0.052155,1.144155,1.000000
3.892000,-0.052155,1.144155,1.000000
3.893000,-0.049087,1.144155,1.000000
3.894000,-0.046019,1.495045,1.000000
3.895000,-0.046019,1.495045,1.000000
3.896000,-0.042951,1.495045,1.000000
3.897000,-0.042951,1.495045,1.000000
3.898000,-0.039884,1.495045,1.000000
3.899000,-0.036816,1.495045,1.000000
3.900000,-0.036816,1.495045,1.000000
3.901000,-0.033748,1.764686,-1.000000
3.902000,-0.033748,1.764686,-1.000000
3.903000,-0.030680,1.764686,-1.000000
3.904000,-0.027612,1.764686,-1.000000
3.905000,-0.027612,1.764686,-1.000000
3.906000,-0.024544,1.764686,-1.000000
3.907000,-0.021476,1.916727,-1.000000
3.908000,-0.021476,1.916727,-1.000000
3.909000,-0.018408,1.916727,-1.000000
3.910000,-0.018408,1.916727,-1.000000
3.911000,-0.015340,1.916727,-1.000000
3.912000,-0.015340,1.916727,-1.000000
3.913000,-0.012272,1.916727,-1.000000
3.914000,-0.012272,1.734819,-1.000000
3.915000,-0.009204,1.839237,-1.000000
3.916000,-0.009204,1.839237,-1.000000
3.917000,-0.006136,1.839237,-1.000000
3.918000,-0.006136,1.839237,-1.000000
3.919000,-0.003068,1.839237,-1.000000
3.920000,-0.003068,1.839237,-1.000000
3.921000,0.000000,1.800109,-1.000000
3.922000,0.000000,1.571601,-1.000000
3.923000,0.000000,1.392572,-1.000000
3.924000,0.003068,1.512447,-1.000000
3.925000,0.003068,1.512447,-1.000000
3.926000,0.003068,1.512447,-1.000000
3.927000,0.006136,1.512447,-1.000000
3.928000,0.006136,1.512447,-1.000000
3.929000,0.006136,1.512447,-1.000000
3.930000,0.009204,1.512447,-1.000000
3.931000,0.009204,1.512447,-1.000000
3.932000,0.009204,1.423155,-1.000000
3.933000,0.009204,1.275529,-1.000000
3.934000,0.009204,1.155676,-1.000000
3.935000,0.012272,1.056384,-1.000000
3.936000,0.012272,0.972384,-1.000000
3.937000,0.012272,0.900876,-1.000000
3.938000,0.012272,0.839468,-1.000000
3.939000,0.012272,0.785430,-1.000000
3.940000,0.015340,1.092956,-1.000000
3.941000,0.015340,1.092956,-1.000000
3.942000,0.015340,1.092956,-1.000000
3.943000,0.015340,1.092956,-1.000000
3.944000,0.015340,1.092956,-1.000000
3.945000,0.015340,1.092956,-1.000000
3.946000,0.015340,1.092956,-1.000000
3.947000,0.015340,1.092956,-1.000000
3.948000,0.015340,1.092956,-1.000000
3.949000,0.015340,1.092956,-1.000000
3.950000,0.015340,1.092956,-1.000000
3.951000,0.015340,1.075460,-1.000000
3.952000,0.015340,0.988707,-1.000000
3.953000,0.015340,0.915311,-1.000000
3.954000,0.015340,0.851504,-1.000000
3.955000,0.015340,0.796416,-1.000000
3.956000,0.015340,0.747830,-1.000000
3.957000,0.015340,0.705060,-1.000000
3.958000,0.012272,-0.666747,-1.000000
3.959000,0.012272,-0.632219,-1.000000
3.960000,0.012272,-0.601198,-1.000000
3.961000,0.012272,-0.573157,-1.000000
3.962000,0.012272,-0.547544,-1.000000
3.963000,0.012272,-0.524194,-1.000000
3.964000,0.009204,-0.502691,-1.000000
3.965000,0.009204,-0.483032,-1.000000
3.966000,0.009204,-0.464710,-1.000000
3.967000,0.009204,-0.447768,-1.000000
3.968000,0.006136,-0.436758,-1.000000
3.969000,0.006136,-0.436758,-1.000000
3.970000,0.006136,-0.436758,-1.000000
3.971000,0.003068,-0.436758,-1.000000
3.972000,0.003068,-0.436758,-1.000000
3.973000,0.003068,-0.436758,-1.000000
3.974000,0.003068,-0.436758,-1.000000
3.975000,0.000000,-0.436758,-1.000000
3.976000,0.000000,-0.436758,-1.000000
3.977000,-0.003068,-0.436758,-1.000000
3.978000,-0.003068,-0.436758,-1.000000
3.979000,-0.003068,-0.436758,-1.000000
3.980000,-0.006136,-0.752247,-1.000000
3.981000,-0.006136,-0.752247,-1.000000
3.982000,-0.009204,-0.752247,-1.000000
3.983000,-0.009204,-0.752247,-1.000000
3.984000,-0.012272,-0.752247,-1.000000
3.985000,-0.012272,-0.752247,-1.000000
3.986000,-0.015340,-0.752247,-1.000000
3.987000,-0.015340,-0.752247,-1.000000
3.988000,-0.018408,-1.266501,-1.000000
3.989000,-0.018408,-1.266501,-1.000000
3.990000,-0.021476,-1.266501,-1.000000
3.991000,-0.021476,-1.266501,-1.000000
3.992000,-0.024544,-1.266501,-1.000000
3.993000,-0.024544,-1.266501,-1.000000
3.994000,-0.027612,-1.266501,-1.000000
3.995000,-0.027612,-1.266501,-1.000000
3.996000,-0.030680,-1.576078,-1.000000
3.997000,-0.033748,-1.576078,-1.000000
3.998000,-0.033748,-1.576078,-1.000000
3.999000,-0.036816,-1.576078,-1.000000
4.000000,-0.039884,-1.576078,-1.000000
4.001000,-0.039884,-1.576078,1.000000
4.002000,-0.042951,-1.817924,1.000000
4.003000,-0.042951,-1.817924,1.000000
4.004000,-0.046019,-1.817924,1.000000
4.005000,-0.049087,-1.817924,1.000000
4.006000,-0.049087,-1.817924,1.000000
4.007000,-0.052155,-1.817924,1.000000
4.008000,-0.052155,-1.817924,1.000000
4.009000,-0.055223,-1.920944,1.000000
4.010000,-0.058291,-1.920944,1.000000
4.011000,-0.058291,-1.920944,1.000000
4.012000,-0.061359,-1.920944,1.000000
4.013000,-0.061359,-1.920944,1.000000
4.014000,-0.064427,-1.920944,1.000000
4.015000,-0.064427,-1.758624,1.000000
4.016000,-0.067495,-1.774656,1.000000
4.017000,-0.067495,-1.774656,1.000000
4.018000,-0.070563,-1.774656,1.000000
4.019000,-0.070563,-1.774656,1.000000
4.020000,-0.070563,-1.774656,1.000000
4.021000,-0.073631,-1.774656,1.000000
4.022000,-0.073631,-1.774656,1.000000
4.023000,-0.076699,-1.665453,1.000000
4.024000,-0.076699,-1.466370,1.000000
4.025000,-0.076699,-1.310220,1.000000
4.026000,-0.079767,-1.427720,1.000000
4.027000,-0.079767,-1.427720,1.000000
4.028000,-0.079767,-1.427720,1.000000
4.029000,-0.079767,-1.427720,1.000000
4.030000,-0.082835,-1.427720,1.000000
4.031000,-0.082835,-1.427720,1.000000
4.032000,-0.082835,-1.427720,1.000000
4.033000,-0.082835,-1.427720,1.000000
4.034000,-0.085903,-1.427720,1.000000
4.035000,-0.085903,-1.332639,1.000000
4.036000,-0.085903,-1.201375,1.000000
4.037000,-0.085903,-1.095065,1.000000
4.038000,-0.085903,-1.004879,1.000000
4.039000,-0.085903,-0.929009,1.000000
4.040000,-0.085903,-0.863605,1.000000
4.041000,-0.088971,-0.806738,1.000000
4.042000,-0.088971,-0.757110,1.000000
4.043000,-0.088971,-0.712884,1.000000
4.044000,-0.088971,-0.673711,1.000000
4.045000,-0.088971,-0.638746,1.000000
4.046000,-0.088971,-0.607141,1.000000
4.047000,-0.088971,-0.578645,1.000000
4.048000,-0.088971,-0.552616,1.000000
4.049000,-0.088971,-0.528697,1.000000
4.050000,-0.088971,-0.506883,1.000000
4.051000,-0.088971,-0.486844,1.000000
4.052000,-0.088971,-0.468123,1.000000
4.053000,-0.088971,-0.450999,1.000000
4.054000,-0.085903,0.435011,1.000000
4.055000,-0.085903,0.420169,1.000000
4.056000,-0.085903,0.406194,1.000000
4.057000,-0.085903,0.393167,1.000000
4.058000,-0.085903,0.381015,1.000000
4.059000,-0.085903,0.369529,1.000000
4.060000,-0.082835,0.904228,1.000000
4.061000,-0.082835,0.904228,1.000000
4.062000,-0.082835,0.904228,1.000000
4.063000,-0.082835,0.904228,1.000000
4.064000,-0.082835,0.904228,1.000000
4.065000,-0.079767,0.904228,1.000000
4.066000,-0.079767,0.904228,1.000000
4.067000,-0.079767,0.904228,1.000000
4.068000,-0.079767,0.904228,1.000000
4.069000,-0.076699,0.904228,1.000000
4.070000,-0.076699,0.904228,1.000000
4.071000,-0.076699,0.904228,1.000000
4.072000,-0.073631,0.904228,1.000000
4.073000,-0.073631,0.904228,1.000000
4.074000,-0.070563,0.357744,1.000000
4.075000,-0.070563,0.357744,1.000000
4.076000,-0.070563,0.357744,1.000000
4.077000,-0.067495,0.357744,1.000000
4.078000,-0.067495,0.357744,1.000000
4.079000,-0.064427,0.357744,1.000000
4.080000,-0.064427,0.357744,1.000000
4.081000,-0.064427,0.357744,1.000000
4.082000,-0.061359,0.357744,1.000000
4.083000,-0.061359,0.357744,1.000000
4.084000,-0.058291,1.142230,1.000000
4.085000,-0.058291,1.142230,1.000000
4.086000,-0.055223,1.142230,1.000000
4.087000,-0.055223,1.142230,1.000000
4.088000,-0.052155,1.142230,1.000000
4.089000,-0.052155,1.142230,1.000000
4.090000,-0.049087,1.142230,1.000000
4.091000,-0.046019,1.494468,1.000000
4.092000,-0.046019,1.494468,1.000000
4.093000,-0.042951,1.494468,1.000000
4.094000,-0.042951,1.494468,1.000000
4.095000,-0.039884,1.494468,1.000000
4.096000,-0.036816,1.494468,1.000000
4.097000,-0.036816,1.494468,1.000000
4.098000,-0.033748,1.757857,1.000000
4.099000,-0.030680,1.757857,1.000000
4.100000,-0.030680,1.757857,1.000000
4.101000,-0.027612,1.757857,-1.000000
4.102000,-0.024544,1.757857,-1.000000
4.103000,-0.024544,1.757857,-1.000000
4.104000,-0.021476,1.969491,-1.000000
4.105000,-0.018408,1.969491,-1.000000
4.106000,-0.018408,1.969491,-1.000000
4.107000,-0.015340,1.969491,-1.000000
4.108000,-0.015340,1.969491,-1.000000
4.109000,-0.012272,1.969491,-1.000000
4.110000,-0.009204,2.005672,-1.000000
4.111000,-0.009204,2.005672,-1.000000
4.112000,-0.006136,2.005672,-1.000000
4.113000,-0.006136,2.005672,-1.000000
4.114000,-0.003068,2.005672,-1.000000
4.115000,-0.003068,2.005672,-1.000000
4.116000,0.000000,1.963927,-1.000000
4.117000,0.000000,1.692685,-1.000000
4.118000,0.003068,1.770662,-1.000000
4.119000,0.003068,1.770662,-1.000000
4.120000,0.006136,1.770662,-1.000000
4.121000,0.006136,1.770662,-1.000000
4.122000,0.009204,1.770662,-1.000000
4.123000,0.009204,1.770662,-1.000000
4.124000,0.009204,1.770662,-1.000000
4.125000,0.012272,1.594932,-1.000000
4.126000,0.012272,1.411152,-1.000000
4.127000,0.012272,1.266020,-1.000000
4.128000,0.015340,1.429658,-1.000000
4.129000,0.015340,1.429658,-1.000000
4.130000,0.015340,1.429658,-1.000000
4.131000,0.015340,1.429658,-1.000000
4.132000,0.018408,1.429658,-1.000000
4.133000,0.018408,1.429658,-1.000000
4.134000,0.018408,1.429658,-1.000000
4.135000,0.018408,1.429658,-1.000000
4.136000,0.021476,1.424277,-1.000000
4.137000,0.021476,1.275866,-1.000000
4.138000,0.021476,1.156455,-1.000000
4.139000,0.021476,1.056341,-1.000000
4.140000,0.021476,0.972886,-1.000000
4.141000,0.021476,0.901267,-1.000000
4.142000,0.021476,0.839739,-1.000000
4.143000,0.024544,0.785840,-1.000000
4.144000,0.024544,0.738708,-1.000000
4.145000,0.024544,0.696541,-1.000000
4.146000,0.024544,0.659256,-1.000000
4.147000,0.024544,0.625579,-1.000000
4.148000,0.024544,0.595338,-1.000000
4.149000,0.024544,0.567709,-1.000000
4.150000,0.024544,0.542657,-1.000000
4.151000,0.024544,0.519718,-1.000000
4.152000,0.024544,0.498623,-1.000000
4.153000,0.024544,0.479080,-1.000000
4.154000,0.024544,0.461114,-1.000000
4.155000,0.024544,0.444355,-1.000000
4.156000,0.021476,-0.428852,-1.000000
4.157000,0.021476,-0.414348,-1.000000
4.158000,0.021476,-0.400795,-1.000000
4.159000,0.021476,-0.388141,-1.000000
4.160000,0.021476,-0.376268,-1.000000
4.161000,0.021476,-0.365051,-1.000000
4.162000,0.021476,-0.354479,-1.000000
4.163000,0.018408,-0.919584,-1.000000
4.164000,0.018408,-0.919584,-1.000000
4.165000,0.018408,-0.919584,-1.000000
4.166000,0.018408,-0.919584,-1.000000
4.167000,0.015340,-0.919584,-1.000000
4.168000,0.015340,-0.919584,-1.000000
4.169000,0.015340,-0.919584,-1.000000
4.170000,0.015340,-0.919584,-1.000000
4.171000,0.012272,-0.919584,-1.000000
4.172000,0.012272,-0.919584,-1.000000
4.173000,0.012272,-0.919584,-1.000000
4.174000,0.009204,-0.919584,-1.000000
4.175000,0.009204,-0.919584,-1.000000
4.176000,0.006136,-0.351212,-1.000000
4.177000,0.006136,-0.351212,-1.000000
4.178000,0.006136,-0.351212,-1.000000
4.179000,0.003068,-0.351212,-1.000000
4.180000,0.003068,-0.351212,-1.000000
4.181000,0.000000,-0.351212,-1.000000
4.182000,0.000000,-0.351212,-1.000000
4.183000,-0.003068,-0.351212,-1.000000
4.184000,-0.003068,-0.351212,-1.000000
4.185000,-0.003068,-0.351212,-1.000000
4.186000,-0.006136,-1.151874,-1.000000
4.187000,-0.006136,-1.151874,-1.000000
4.188000,-0.009204,-1.151874,-1.000000
4.189000,-0.009204,-1.151874,-1.000000
4.190000,-0.012272,-1.151874,-1.000000
4.191000,-0.015340,-1.151874,-1.000000
4.192000,-0.015340,-1.151874,-1.000000
4.193000,-0.018408,-1.507001,-1.000000
4.194000,-0.018408,-1.507001,-1.000000
4.195000,-0.021476,-1.507001,-1.000000
4.196000,-0.021476,-1.507001,-1.000000
4.197000,-0.024544,-1.507001,-1.000000
4.198000,-0.027612,-1.507001,-1.000000
4.199000,-0.027612,-1.507001,-1.000000
4.200000,-0.030680,-1.770964,-1.000000
4.201000,-0.033748,-1.770964,1.000000
4.202000,-0.033748,-1.770964,1.000000
4.203000,-0.036816,-1.770964,1.000000
4.204000,-0.039884,-1.770964,1.000000
4.205000,-0.039884,-1.770964,1.000000
4.206000,-0.042951,-1.989267,1.000000
4.207000,-0.046019,-1.989267,1.000000
4.208000,-0.046019,-1.989267,1.000000
4.209000,-0.049087,-1.989267,1.000000
4.210000,-0.049087,-1.989267,1.000000
4.211000,-0.052155,-1.989267,1.000000
4.212000,-0.052155,-1.818744,1.000000
4.213000,-0.055223,-1.903715,1.000000
4.214000,-0.058291,-1.903715,1.000000
4.215000,-0.058291,-1.903715,1.000000
4.216000,-0.058291,-1.903715,1.000000
4.217000,-0.061359,-1.903715,1.000000
4.218000,-0.064427,-1.903715,1.000000
4.219000,-0.064427,-1.767432,1.000000
4.220000,-0.064427,-1.544654,1.000000
4.221000,-0.067495,-1.661738,1.000000
4.222000,-0.067495,-1.661738,1.000000
4.223000,-0.070563,-1.661738,1.000000
4.224000,-0.070563,-1.661738,1.000000
4.225000,-0.070563,-1.661738,1.000000
4.226000,-0.073631,-1.661738,1.000000
4.227000,-0.073631,-1.661738,1.000000
4.228000,-0.073631,-1.584029,1.000000
4.229000,-0.076699,-1.402172,1.000000
4.230000,-0.076699,-1.258251,1.000000
4.231000,-0.076699,-1.141530,1.000000
4.232000,-0.079767,-1.298935,1.000000
4.233000,-0.079767,-1.298935,1.000000
4.234000,-0.079767,-1.298935,1.000000
4.235000,-0.079767,-1.298935,1.000000
4.236000,-0.079767,-1.298935,1.000000
4.237000,-0.082835,-1.298935,1.000000
4.238000,-0.082835,-1.298935,1.000000
4.239000,-0.082835,-1.298935,1.000000
4.240000,-0.082835,-1.298935,1.000000
4.241000,-0.082835,-1.298935,1.000000
4.242000,-0.082835,-1.217209,1.000000
4.243000,-0.082835,-1.107191,1.000000
4.244000,-0.082835,-1.015887,1.000000
4.245000,-0.085903,-0.937923,1.000000
4.246000,-0.085903,-0.871326,1.000000
4.247000,-0.085903,-0.813608,1.000000
4.248000,-0.085903,-0.763072,1.000000
4.249000,-0.085903,-0.718221,1.000000
4.250000,-0.085903,-0.678887,1.000000
4.251000,-0.085903,-0.643151,1.000000
4.252000,-0.085903,-0.610990,1.000000
4.253000,-0.085903,-0.582034,1.000000
4.254000,-0.085903,-0.555563,1.000000
4.255000,-0.085903,-0.531729,1.000000
4.256000,-0.082835,-0.654865,1.000000
4.257000,-0.082835,-0.654865,1.000000
4.258000,-0.082835,-0.654865,1.000000
4.259000,-0.082835,-0.654865,1.000000
4.260000,-0.082835,-0.654865,1.000000
4.261000,-0.082835,-0.654865,1.000000
4.262000,-0.082835,-0.654865,1.000000
4.263000,-0.082835,-0.654865,1.000000
4.264000,-0.079767,-0.654865,1.000000
4.265000,-0.079767,-0.654865,1.000000
4.266000,-0.079767,-0.654865,1.000000
4.267000,-0.079767,-0.654865,1.000000
4.268000,-0.076699,-0.654865,1.000000
4.269000,-0.076699,-0.654865,1.000000
4.270000,-0.076699,-0.654865,1.000000
4.271000,-0.076699,-0.654865,1.000000
4.272000,-0.073631,-0.654865,1.000000
4.273000,-0.073631,-0.654865,1.000000
4.274000,-0.073631,-0.654865,1.000000
4.275000,-0.070563,0.526131,1.000000
4.276000,-0.070563,0.526131,1.000000
4.277000,-0.070563,0.526131,1.000000
4.278000,-0.067495,0.526131,1.000000
4.279000,-0.067495,0.526131,1.000000
4.280000,-0.064427,0.526131,1.000000
4.281000,-0.064427,0.526131,1.000000
4.282000,-0.061359,0.526131,1.000000
4.283000,-0.061359,0.526131,1.000000
4.284000,-0.061359,0.526131,1.000000
4.285000,-0.058291,1.020306,1.000000
4.286000,-0.058291,1.020306,1.000000
4.287000,-0.055223,1.020306,1.000000
4.288000,-0.055223,1.020306,1.000000
4.289000,-0.052155,1.020306,1.000000
4.290000,-0.052155,1.020306,1.000000
4.291000,-0.049087,1.020306,1.000000
4.292000,-0.046019,1.415057,1.000000
4.293000,-0.046019,1.415057,1.000000
4.294000,-0.042951,1.415057,1.000000
4.295000,-0.042951,1.415057,1.000000
4.296000,-0.039884,1.415057,1.000000
4.297000,-0.039884,1.415057,1.000000
4.298000,-0.036816,1.415057,1.000000
4.299000,-0.033748,1.699476,1.000000
4.300000,-0.033748,1.699476,1.000000
4.301000,-0.030680,1.699476,-1.000000
4.302000,-0.027612,1.699476,-1.000000
4.303000,-0.027612,1.699476,-1.000000
4.304000,-0.024544,1.699476,-1.000000
4.305000,-0.021476,1.925688,-1.000000
4.306000,-0.021476,1.925688,-1.000000
4.307000,-0.018408,1.925688,-1.000000
4.308000,-0.018408,1.925688,-1.000000
4.309000,-0.015340,1.925688,-1.000000
4.310000,-0.015340,1.925688,-1.000000
4.311000,-0.012272,1.925688,-1.000000
4.312000,-0.009204,1.872699,-1.000000
4.313000,-0.009204,1.872699,-1.000000
4.314000,-0.006136,1.872699,-1.000000
4.315000,-0.006136,1.872699,-1.000000
4.316000,-0.006136,1.872699,-1.000000
4.317000,-0.003068,1.872699,-1.000000
4.318000,-0.003068,1.872699,-1.000000
4.319000,0.000000,1.737302,-1.000000
4.320000,0.000000,1.522386,-1.000000
4.321000,0.003068,1.603336,-1.000000
4.322000,0.003068,1.603336,-1.000000
4.323000,0.003068,1.603336,-1.000000
4.324000,0.006136,1.603336,-1.000000
4.325000,0.006136,1.603336,-1.000000
4.326000,0.006136,1.603336,-1.000000
4.327000,0.009204,1.603336,-1.000000
4.328000,0.009204,1.603336,-1.000000
4.329000,0.009204,1.433348,-1.000000
4.330000,0.012272,1.283144,-1.000000
4.331000,0.012272,1.162342,-1.000000
4.332000,0.012272,1.060961,-1.000000
4.333000,0.012272,0.976686,-1.000000
4.334000,0.015340,1.223125,-1.000000
4.335000,0.015340,1.223125,-1.000000
4.336000,0.015340,1.223125,-1.000000
4.337000,0.015340,1.223125,-1.000000
4.338000,0.015340,1.223125,-1.000000
4.339000,0.015340,1.223125,-1.000000
4.340000,0.018408,1.223125,-1.000000
4.341000,0.018408,1.223125,-1.000000
4.342000,0.018408,1.223125,-1.000000
4.343000,0.018408,1.223125,-1.000000
4.344000,0.018408,1.155259,-1.000000
4.345000,0.018408,1.055702,-1.000000
4.346000,0.018408,0.972046,-1.000000
4.347000,0.018408,0.900869,-1.000000
4.348000,0.018408,0.839535,-1.000000
4.349000,0.018408,0.785713,-1.000000
4.350000,0.018408,0.738230,-1.000000
4.351000,0.018408,0.696296,-1.000000
4.352000,0.018408,0.658874,-1.000000
4.353000,0.018408,0.625441,-1.000000
4.354000,0.018408,0.594978,-1.000000
4.355000,0.018408,0.567582,-1.000000
4.356000,0.018408,0.542468,-1.000000
4.357000,0.015340,-0.519579,-1.000000
4.358000,0.015340,-0.498479,-1.000000
4.359000,0.015340,-0.478873,-1.000000
4.360000,0.015340,-0.460966,-1.000000
4.361000,0.015340,-0.444216,-1.000000
4.362000,0.015340,-0.428709,-1.000000
4.363000,0.012272,-0.414291,-1.000000
4.364000,0.012272,-0.400742,-1.000000
4.365000,0.012272,-0.388092,-1.000000
4.366000,0.012272,-0.376176,-1.000000
4.367000,0.009204,-0.364993,-1.000000
4.368000,0.009204,-0.354439,-1.000000
4.369000,0.009204,-0.344520,-1.000000
4.370000,0.009204,-0.335085,-1.000000
4.371000,0.006136,-0.333818,-1.000000
4.372000,0.006136,-0.333818,-1.000000
4.373000,0.006136,-0.333818,-1.000000
4.374000,0.003068,-0.333818,-1.000000
4.375000,0.003068,-0.333818,-1.000000
4.376000,0.003068,-0.333818,-1.000000
4.377000,0.000000,-0.333818,-1.000000
4.378000,0.000000,-0.333818,-1.000000
4.379000,-0.003068,-0.333818,-1.000000
4.380000,-0.003068,-0.333818,-1.000000
4.381000,-0.006136,-0.916600,-1.000000
4.382000,-0.006136,-0.916600,-1.000000
4.383000,-0.006136,-0.916600,-1.000000
4.384000,-0.009204,-0.916600,-1.000000
4.385000,-0.009204,-0.916600,-1.000000
4.386000,-0.012272,-0.916600,-1.000000
4.387000,-0.012272,-0.916600,-1.000000
4.388000,-0.015340,-0.916600,-1.000000
4.389000,-0.015340,-0.916600,-1.000000
4.390000,-0.018408,-1.350872,-1.000000
4.391000,-0.021476,-1.350872,-1.000000
4.392000,-0.021476,-1.350872,-1.000000
4.393000,-0.024544,-1.350872,-1.000000
4.394000,-0.024544,-1.350872,-1.000000
4.395000,-0.027612,-1.350872,-1.000000
4.396000,-0.027612,-1.350872,-1.000000
4.397000,-0.030680,-1.639857,-1.000000
4.398000,-0.033748,-1.639857,-1.000000
4.399000,-0.033748,-1.639857,-1.000000
4.400000,-0.036816,-1.639857,1.000000
4.401000,-0.039884,-1.639857,1.000000
4.402000,-0.039884,-1.639857,1.000000
4.403000,-0.042951,-1.870043,1.000000
4.404000,-0.042951,-1.870043,1.000000
4.405000,-0.046019,-1.870043,1.000000
4.406000,-0.049087,-1.870043,1.000000
4.407000,-0.049087,-1.870043,1.000000
4.408000,-0.052155,-1.870043,1.000000
4.409000,-0.052155,-1.869430,1.000000
4.410000,-0.055223,-1.901011,1.000000
4.411000,-0.055223,-1.901011,1.000000
4.412000,-0.058291,-1.901011,1.000000
4.413000,-0.058291,-1.901011,1.000000
4.414000,-0.061359,-1.901011,1.000000
4.415000,-0.061359,-1.901011,1.000000
4.416000,-0.064427,-1.798940,1.000000
4.417000,-0.064427,-1.568880,1.000000
4.418000,-0.067495,-1.673938,1.000000
4.419000,-0.067495,-1.673938,1.000000
4.420000,-0.070563,-1.673938,1.000000
4.421000,-0.070563,-1.673938,1.000000
4.422000,-0.070563,-1.673938,1.000000
4.423000,-0.073631,-1.673938,1.000000
4.424000,-0.073631,-1.673938,1.000000
4.425000,-0.073631,-1.601926,1.000000
4.426000,-0.076699,-1.417457,1.000000
4.427000,-0.076699,-1.270547,1.000000
4.428000,-0.076699,-1.151300,1.000000
4.429000,-0.079767,-1.306112,1.000000
4.430000,-0.079767,-1.306112,1.000000
4.431000,-0.079767,-1.306112,1.000000
4.432000,-0.079767,-1.306112,1.000000
4.433000,-0.079767,-1.306112,1.000000
4.434000,-0.082835,-1.306112,1.000000
4.435000,-0.082835,-1.306112,1.000000
4.436000,-0.082835,-1.306112,1.000000
4.437000,-0.082835,-1.306112,1.000000
4.438000,-0.082835,-1.306112,1.000000
4.439000,-0.082835,-1.215425,1.000000
4.440000,-0.082835,-1.105373,1.000000
4.441000,-0.082835,-1.014295,1.000000
4.442000,-0.085903,-0.937158,1.000000
4.443000,-0.085903,-0.870594,1.000000
4.444000,-0.085903,-0.812905,1.000000
4.445000,-0.085903,-0.762104,1.000000
4.446000,-0.085903,-0.717910,1.000000
4.447000,-0.085903,-0.678003,1.000000
4.448000,-0.085903,-0.642498,1.000000
4.449000,-0.085903,-0.610517,1.000000
4.450000,-0.085903,-0.581571,1.000000
4.451000,-0.085903,-0.555304,1.000000
4.452000,-0.085903,-0.531342,1.000000
4.453000,-0.082835,-0.651424,1.000000
4.454000,-0.082835,-0.651424,1.000000
4.455000,-0.082835,-0.651424,1.000000
4.456000,-0.082835,-0.651424,1.000000
4.457000,-0.082835,-0.651424,1.000000
4.458000,-0.082835,-0.651424,1.000000
4.459000,-0.082835,-0.651424,1.000000
4.460000,-0.079767,-0.651424,1.000000
4.461000,-0.079767,-0.651424,1.000000
4.462000,-0.079767,-0.651424,1.000000
4.463000,-0.079767,-0.651424,1.000000
4.464000,-0.079767,-0.651424,1.000000
4.465000,-0.076699,-0.651424,1.000000
4.466000,-0.076699,-0.651424,1.000000
4.467000,-0.076699,-0.651424,1.000000
4.468000,-0.073631,-0.651424,1.000000
4.469000,-0.073631,-0.651424,1.000000
4.470000,-0.073631,-0.651424,1.000000
4.471000,-0.070563,0.537250,1.000000
4.472000,-0.070563,0.537250,1.000000
4.473000,-0.070563,0.537250,1.000000
4.474000,-0.067495,0.537250,1.000000
4.475000,-0.067495,0.537250,1.000000
4.476000,-0.067495,0.537250,1.000000
4.477000,-0.064427,0.537250,1.000000
4.478000,-0.064427,0.537250,1.000000
4.479000,-0.061359,0.537250,1.000000
4.480000,-0.061359,0.537250,1.000000
4.481000,-0.058291,1.014744,1.000000
4.482000,-0.058291,1.014744,1.000000
4.483000,-0.058291,1.014744,1.000000
4.484000,-0.055223,1.014744,1.000000
4.485000,-0.052155,1.014744,1.000000
4.486000,-0.052155,1.014744,1.000000
4.487000,-0.049087,1.014744,1.000000
4.488000,-0.049087,1.014744,1.000000
4.489000,-0.046019,1.409605,1.000000
4.490000,-0.046019,1.409605,1.000000
4.491000,-0.042951,1.409605,1.000000
4.492000,-0.042951,1.409605,1.000000
4.493000,-0.039884,1.409605,1.000000
4.494000,-0.036816,1.409605,1.000000
4.495000,-0.036816,1.409605,1.000000
4.496000,-0.033748,1.690027,1.000000
4.497000,-0.033748,1.690027,1.000000
4.498000,-0.030680,1.690027,1.000000
4.499000,-0.027612,1.690027,1.000000
4.500000,-0.027612,1.690027,1.000000
4.501000,-0.024544,1.690027,-1.000000
4.502000,-0.021476,1.912086,-1.000000
4.503000,-0.021476,1.912086,-1.000000
4.504000,-0.018408,1.912086,-1.000000
4.505000,-0.015340,1.912086,-1.000000
4.506000,-0.015340,1.912086,-1.000000
4.507000,-0.012272,1.912086,-1.000000
4.508000,-0.009204,2.001751,-1.000000
4.509000,-0.009204,2.001751,-1.000000
4.510000,-0.006136,2.001751,-1.000000
4.511000,-0.006136,2.001751,-1.000000
4.512000,-0.003068,2.001751,-1.000000
4.513000,-0.003068,2.001751,-1.000000
4.514000,0.000000,2.001751,-1.000000
4.515000,0.000000,1.726501,-1.000000
4.516000,0.003068,1.874960,-1.000000
4.517000,0.003068,1.874960,-1.000000
4.518000,0.006136,1.874960,-1.000000
4.519000,0.006136,1.874960,-1.000000
4.520000,0.009204,1.874960,-1.000000
4.521000,0.009204,1.874960,-1.000000
4.522000,0.012272,1.770733,-1.000000
4.523000,0.012272,1.547812,-1.000000
4.524000,0.012272,1.374366,-1.000000
4.525000,0.015340,1.531152,-1.000000
4.526000,0.015340,1.531152,-1.000000
4.527000,0.015340,1.531152,-1.000000
4.528000,0.018408,1.531152,-1.000000
4.529000,0.018408,1.531152,-1.000000
4.530000,0.018408,1.531152,-1.000000
4.531000,0.021476,1.531152,-1.000000
4.532000,0.021476,1.531152,-1.000000
4.533000,0.021476,1.396785,-1.000000
4.534000,0.021476,1.253131,-1.000000
4.535000,0.021476,1.137435,-1.000000
4.536000,0.024544,1.040746,-1.000000
4.537000,0.024544,0.959170,-1.000000
4.538000,0.024544,0.889814,-1.000000
4.539000,0.024544,0.829509,-1.000000
4.540000,0.024544,0.777160,-1.000000
4.541000,0.024544,0.731024,-1.000000
4.542000,0.027612,1.084502,-1.000000
4.543000,0.027612,1.084502,-1.000000
4.544000,0.027612,1.084502,-1.000000
4.545000,0.027612,1.084502,-1.000000
4.546000,0.027612,1.084502,-1.000000
4.547000,0.027612,1.084502,-1.000000
4.548000,0.027612,1.084502,-1.000000
4.549000,0.027612,1.084502,-1.000000
4.550000,0.027612,1.084502,-1.000000
4.551000,0.027612,1.084502,-1.000000
4.552000,0.027612,1.084502,-1.000000
4.553000,0.027612,1.028405,-1.000000
4.554000,0.027612,0.948494,-1.000000
4.555000,0.027612,0.880733,-1.000000
4.556000,0.027612,0.821501,-1.000000
4.557000,0.024544,-0.770154,-1.000000
4.558000,0.024544,-0.724712,-1.000000
4.559000,0.024544,-0.684028,-1.000000
4.560000,0.024544,-0.648169,-1.000000
4.561000,0.024544,-0.615594,-1.000000
4.562000,0.024544,-0.586142,-1.000000
4.563000,0.021476,-0.559456,-1.000000
4.564000,0.021476,-0.535118,-1.000000
4.565000,0.021476,-0.512714,-1.000000
4.566000,0.021476,-0.492186,-1.000000
4.567000,0.018408,-0.477014,-1.000000
4.568000,0.018408,-0.477014,-1.000000
4.569000,0.018408,-0.477014,-1.000000
4.570000,0.018408,-0.477014,-1.000000
4.571000,0.015340,-0.477014,-1.000000
4.572000,0.015340,-0.477014,-1.000000
4.573000,0.015340,-0.477014,-1.000000
4.574000,0.012272,-0.477014,-1.000000
4.575000,0.012272,-0.477014,-1.000000
4.576000,0.009204,-0.477014,-1.000000
4.577000,0.009204,-0.477014,-1.000000
4.578000,0.009204,-0.477014,-1.000000
4.579000,0.006136,-0.725863,-1.000000
4.580000,0.006136,-0.725863,-1.000000
4.581000,0.003068,-0.725863,-1.000000
4.582000,0.003068,-0.725863,-1.000000
4.583000,0.003068,-0.725863,-1.000000
4.584000,0.000000,-0.725863,-1.000000
4.585000,-0.003068,-0.725863,-1.000000
4.586000,-0.003068,-0.725863,-1.000000
4.587000,-0.006136,-1.263245,-1.000000
4.588000,-0.006136,-1.263245,-1.000000
4.589000,-0.009204,-1.263245,-1.000000
4.590000,-0.009204,-1.263245,-1.000000
4.591000,-0.012272,-1.263245,-1.000000
4.592000,-0.012272,-1.263245,-1.000000
4.593000,-0.015340,-1.263245,-1.000000
4.594000,-0.015340,-1.263245,-1.000000
4.595000,-0.018408,-1.586219,-1.000000
4.596000,-0.021476,-1.586219,-1.000000
4.597000,-0.021476,-1.586219,-1.000000
4.598000,-0.024544,-1.586219,-1.000000
4.599000,-0.027612,-1.586219,-1.000000
4.600000,-0.027612,-1.586219,1.000000
4.601000,-0.030680,-1.838024,1.000000
4.602000,-0.030680,-1.838024,1.000000
4.603000,-0.033748,-1.838024,1.000000
4.604000,-0.036816,-1.838024,1.000000
4.605000,-0.036816,-1.838024,1.000000
4.606000,-0.039884,-1.838024,1.000000
4.607000,-0.042951,-1.954682,1.000000
4.608000,-0.042951,-1.954682,1.000000
4.609000,-0.046019,-1.954682,1.000000
4.610000,-0.046019,-1.954682,1.000000
4.611000,-0.049087,-1.954682,1.000000
4.612000,-0.049087,-1.954682,1.000000
4.613000,-0.052155,-1.954682,1.000000
4.614000,-0.052155,-1.724297,1.000000
4.615000,-0.055223,-1.834696,1.000000
4.616000,-0.055223,-1.834696,1.000000
4.617000,-0.058291,-1.834696,1.000000
4.618000,-0.058291,-1.834696,1.000000
4.619000,-0.061359,-1.834696,1.000000
4.620000,-0.061359,-1.834696,1.000000
4.621000,-0.064427,-1.797579,1.000000
4.622000,-0.064427,-1.566821,1.000000
4.623000,-0.064427,-1.389224,1.000000
4.624000,-0.067495,-1.503519,1.000000
4.625000,-0.067495,-1.503519,1.000000
4.626000,-0.067495,-1.503519,1.000000
4.627000,-0.070563,-1.503519,1.000000
4.628000,-0.070563,-1.503519,1.000000
4.629000,-0.070563,-1.503519,1.000000
4.630000,-0.073631,-1.503519,1.000000
4.631000,-0.073631,-1.503519,1.000000
4.632000,-0.073631,-1.436739,1.000000
4.633000,-0.073631,-1.285988,1.000000
4.634000,-0.076699,-1.164313,1.000000
4.635000,-0.076699,-1.063371,1.000000
4.636000,-0.076699,-0.978457,1.000000
4.637000,-0.076699,-0.906381,1.000000
4.638000,-0.076699,-0.844010,1.000000
4.639000,-0.076699,-0.789717,1.000000
4.640000,-0.076699,-0.742024,1.000000
4.641000,-0.079767,-1.073525,1.000000
4.642000,-0.079767,-1.073525,1.000000
4.643000,-0.079767,-1.073525,1.000000
4.644000,-0.079767,-1.073525,1.000000
4.645000,-0.079767,-1.073525,1.000000
4.646000,-0.079767,-1.073525,1.000000
4.647000,-0.079767,-1.073525,1.000000
4.648000,-0.079767,-1.073525,1.000000
4.649000,-0.079767,-1.073525,1.000000
4.650000,-0.079767,-1.073525,1.000000
4.651000,-0.079767,-1.073525,1.000000
4.652000,-0.079767,-1.052887,1.000000
4.653000,-0.079767,-0.969978,1.000000
4.654000,-0.079767,-0.898816,1.000000
4.655000,-0.079767,-0.837374,1.000000
4.656000,-0.079767,-0.783623,1.000000
4.657000,-0.076699,0.736636,1.000000
4.658000,-0.076699,0.695235,1.000000
4.659000,-0.076699,0.657715,1.000000
4.660000,-0.076699,0.624242,1.000000
4.661000,-0.076699,0.594153,1.000000
4.662000,-0.076699,0.566597,1.000000
4.663000,-0.073631,0.541697,1.000000
4.664000,-0.073631,0.518755,1.000000
4.665000,-0.073631,0.497636,1.000000
4.666000,-0.073631,0.478355,1.000000
4.667000,-0.070563,0.460543,1.000000
4.668000,-0.070563,0.460543,1.000000
4.669000,-0.070563,0.460543,1.000000
4.670000,-0.070563,0.460543,1.000000
4.671000,-0.067495,0.460543,1.000000
4.672000,-0.067495,0.460543,1.000000
4.673000,-0.067495,0.460543,1.000000
4.674000,-0.064427,0.460543,1.000000
4.675000,-0.064427,0.460543,1.000000
4.676000,-0.064427,0.460543,1.000000
4.677000,-0.061359,0.460543,1.000000
4.678000,-0.061359,0.460543,1.000000
4.679000,-0.058291,0.727302,1.000000
4.680000,-0.058291,0.727302,1.000000
4.681000,-0.058291,0.727302,1.000000
4.682000,-0.055223,0.727302,1.000000
4.683000,-0.055223,0.727302,1.000000
4.684000,-0.052155,0.727302,1.000000
4.685000,-0.052155,0.727302,1.000000
4.686000,-0.049087,0.727302,1.000000
4.687000,-0.049087,0.727302,1.000000
4.688000,-0.046019,1.257982,1.000000
4.689000,-0.046019,1.257982,1.000000
4.690000,-0.042951,1.257982,1.000000
4.691000,-0.042951,1.257982,1.000000
4.692000,-0.039884,1.257982,1.000000
4.693000,-0.036816,1.257982,1.000000
4.694000,-0.036816,1.257982,1.000000
4.695000,-0.033748,1.579823,1.000000
4.696000,-0.033748,1.579823,1.000000
4.697000,-0.030680,1.579823,1.000000
4.698000,-0.027612,1.579823,1.000000
4.699000,-0.027612,1.579823,1.000000
4.700000,-0.024544,1.579823,1.000000
4.701000,-0.021476,1.829048,-1.000000
4.702000,-0.021476,1.829048,-1.000000
4.703000,-0.018408,1.829048,-1.000000
4.704000,-0.015340,1.829048,-1.000000
4.705000,-0.015340,1.829048,-1.000000
4.706000,-0.012272,1.829048,-1.000000
4.707000,-0.012272,1.829048,-1.000000
4.708000,-0.009204,1.970295,-1.000000
4.709000,-0.006136,1.970295,-1.000000
4.710000,-0.006136,1.970295,-1.000000
4.711000,-0.003068,1.970295,-1.000000
4.712000,-0.003068,1.970295,-1.000000
4.713000,0.000000,1.970295,-1.000000
4.714000,0.000000,1.780245,-1.000000
4.715000,0.003068,1.859821,-1.000000
4.716000,0.003068,1.859821,-1.000000
4.717000,0.006136,1.859821,-1.000000
4.718000,0.006136,1.859821,-1.000000
4.719000,0.009204,1.859821,-1.000000
4.720000,0.009204,1.859821,-1.000000
4.721000,0.012272,1.816594,-1.000000
4.722000,0.012272,1.581777,-1.000000
4.723000,0.012272,1.402308,-1.000000
4.724000,0.015340,1.545554,-1.000000
4.725000,0.015340,1.545554,-1.000000
4.726000,0.015340,1.545554,-1.000000
4.727000,0.018408,1.545554,-1.000000
4.728000,0.018408,1.545554,-1.000000
4.729000,0.018408,1.545554,-1.000000
4.730000,0.021476,1.545554,-1.000000
4.731000,0.021476,1.545554,-1.000000
4.732000,0.021476,1.405815,-1.000000
4.733000,0.021476,1.261467,-1.000000
4.734000,0.024544,1.143667,-1.000000
4.735000,0.024544,1.046341,-1.000000
4.736000,0.024544,0.964396,-1.000000
4.737000,0.024544,0.893767,-1.000000
4.738000,0.024544,0.833002,-1.000000
4.739000,0.027612,1.121414,-1.000000
4.740000,0.027612,1.121414,-1.000000
4.741000,0.027612,1.121414,-1.000000
4.742000,0.027612,1.121414,-1.000000
4.743000,0.027612,1.121414,-1.000000
4.744000,0.027612,1.121414,-1.000000
4.745000,0.027612,1.121414,-1.000000
4.746000,0.027612,1.121414,-1.000000
4.747000,0.027612,1.121414,-1.000000
4.748000,0.027612,1.121414,-1.000000
4.749000,0.027612,1.121414,-1.000000
4.750000,0.027612,1.086029,-1.000000
4.751000,0.027612,0.997638,-1.000000
4.752000,0.027612,0.922315,-1.000000
4.753000,0.027612,0.858112,-1.000000
4.754000,0.027612,0.802264,-1.000000
4.755000,0.027612,0.752950,-1.000000
4.756000,0.027612,0.709208,-1.000000
4.757000,0.027612,0.670630,-1.000000
4.758000,0.027612,0.635728,-1.000000
4.759000,0.024544,-0.604422,-1.000000
4.760000,0.024544,-0.576117,-1.000000
4.761000,0.024544,-0.550226,-1.000000
4.762000,0.024544,-0.526582,-1.000000
4.763000,0.024544,-0.504881,-1.000000
4.764000,0.021476,-0.485074,-1.000000
4.765000,0.021476,-0.466489,-1.000000
4.766000,0.021476,-0.449516,-1.000000
4.767000,0.021476,-0.433656,-1.000000
4.768000,0.018408,-0.419219,-1.000000
4.769000,0.018408,-0.419219,-1.000000
4.770000,0.018408,-0.419219,-1.000000
4.771000,0.018408,-0.419219,-1.000000
4.772000,0.015340,-0.419219,-1.000000
4.773000,0.015340,-0.419219,-1.000000
4.774000,0.015340,-0.419219,-1.000000
4.775000,0.012272,-0.419219,-1.000000
4.776000,0.012272,-0.419219,-1.000000
4.777000,0.009204,-0.419219,-1.000000
4.778000,0.009204,-0.419219,-1.000000
4.779000,0.009204,-0.419219,-1.000000
4.780000,0.006136,-0.781717,-1.000000
4.781000,0.006136,-0.781717,-1.000000
4.782000,0.003068,-0.781717,-1.000000
4.783000,0.003068,-0.781717,-1.000000
4.784000,0.003068,-0.781717,-1.000000
4.785000,0.000000,-0.781717,-1.000000
4.786000,-0.003068,-0.781717,-1.000000
4.787000,-0.003068,-0.781717,-1.000000
4.788000,-0.006136,-1.275562,-1.000000
4.789000,-0.006136,-1.275562,-1.000000
4.790000,-0.009204,-1.275562,-1.000000
4.791000,-0.009204,-1.275562,-1.000000
4.792000,-0.012272,-1.275562,-1.000000
4.793000,-0.012272,-1.275562,-1.000000
4.794000,-0.015340,-1.275562,-1.000000
4.795000,-0.015340,-1.275562,-1.000000
4.796000,-0.018408,-1.583629,-1.000000
4.797000,-0.021476,-1.583629,-1.000000
4.798000,-0.021476,-1.583629,-1.000000
4.799000,-0.024544,-1.583629,-1.000000
4.800000,-0.027612,-1.583629,-1.000000
4.801000,-0.027612,-1.583629,1.000000
4.802000,-0.030680,-1.824410,1.000000
4.803000,-0.030680,-1.824410,1.000000
4.804000,-0.033748,-1.824410,1.000000
4.805000,-0.036816,-1.824410,1.000000
4.806000,-0.036816,-1.824410,1.000000
4.807000,-0.039884,-1.824410,1.000000
4.808000,-0.039884,-1.824410,1.000000
4.809000,-0.042951,-1.927519,1.000000
4.810000,-0.046019,-1.927519,1.000000
4.811000,-0.046019,-1.927519,1.000000
4.812000,-0.049087,-1.927519,1.000000
4.813000,-0.049087,-1.927519,1.000000
4.814000,-0.052155,-1.927519,1.000000
4.815000,-0.052155,-1.785945,1.000000
4.816000,-0.055223,-1.775930,1.000000
4.817000,-0.055223,-1.775930,1.000000
4.818000,-0.058291,-1.775930,1.000000
4.819000,-0.058291,-1.775930,1.000000
4.820000,-0.058291,-1.775930,1.000000
4.821000,-0.061359,-1.775930,1.000000
4.822000,-0.061359,-1.775930,1.000000
4.823000,-0.064427,-1.681347,1.000000
4.824000,-0.064427,-1.477648,1.000000
4.825000,-0.064427,-1.318775,1.000000
4.826000,-0.067495,-1.437277,1.000000
4.827000,-0.067495,-1.437277,1.000000
4.828000,-0.067495,-1.437277,1.000000
4.829000,-0.067495,-1.437277,1.000000
4.830000,-0.070563,-1.437277,1.000000
4.831000,-0.070563,-1.437277,1.000000
4.832000,-0.070563,-1.437277,1.000000
4.833000,-0.070563,-1.437277,1.000000
4.834000,-0.073631,-1.437277,1.000000
4.835000,-0.073631,-1.323124,1.000000
4.836000,-0.073631,-1.194691,1.000000
4.837000,-0.073631,-1.088633,1.000000
4.838000,-0.073631,-0.999912,1.000000
4.839000,-0.073631,-0.924757,1.000000
4.840000,-0.076699,-0.860157,1.000000
4.841000,-0.076699,-0.803695,1.000000
4.842000,-0.076699,-0.754277,1.000000
4.843000,-0.076699,-0.710573,1.000000
4.844000,-0.076699,-0.671990,1.000000
4.845000,-0.076699,-0.636919,1.000000
4.846000,-0.076699,-0.605277,1.000000
4.847000,-0.076699,-0.576945,1.000000
4.848000,-0.076699,-0.551067,1.000000
4.849000,-0.076699,-0.527285,1.000000
4.850000,-0.076699,-0.505675,1.000000
4.851000,-0.076699,-0.485680,1.000000
4.852000,-0.076699,-0.467181,1.000000
4.853000,-0.076699,-0.450066,1.000000
4.854000,-0.076699,-0.434077,1.000000
4.855000,-0.076699,-0.419194,1.000000
4.856000,-0.076699,-0.405355,1.000000
4.857000,-0.073631,0.392403,1.000000
4.858000,-0.073631,0.380293,1.000000
4.859000,-0.073631,0.368807,1.000000
4.860000,-0.073631,0.358040,1.000000
4.861000,-0.073631,0.347929,1.000000
4.862000,-0.070563,0.935497,1.000000
4.863000,-0.070563,0.935497,1.000000
4.864000,-0.070563,0.935497,1.000000
4.865000,-0.070563,0.935497,1.000000
4.866000,-0.070563,0.935497,1.000000
4.867000,-0.067495,0.935497,1.000000
4.868000,-0.067495,0.935497,1.000000
4.869000,-0.067495,0.935497,1.000000
4.870000,-0.064427,0.935497,1.000000
4.871000,-0.064427,0.935497,1.000000
4.872000,-0.064427,0.935497,1.000000
4.873000,-0.061359,0.935497,1.000000
4.874000,-0.061359,0.935497,1.000000
4.875000,-0.061359,0.928323,1.000000
4.876000,-0.058291,0.338632,1.000000
4.877000,-0.058291,0.338632,1.000000
4.878000,-0.055223,0.338632,1.000000
4.879000,-0.055223,0.338632,1.000000
4.880000,-0.055223,0.338632,1.000000
4.881000,-0.052155,0.338632,1.000000
4.882000,-0.052155,0.338632,1.000000
4.883000,-0.049087,0.338632,1.000000
4.884000,-0.049087,0.338632,1.000000
4.885000,-0.046019,1.161024,1.000000
4.886000,-0.046019,1.161024,1.000000
4.887000,-0.042951,1.161024,1.000000
4.888000,-0.042951,1.161024,1.000000
4.889000,-0.039884,1.161024,1.000000
4.890000,-0.039884,1.161024,1.000000
4.891000,-0.036816,1.161024,1.000000
4.892000,-0.033748,1.511639,1.000000
4.893000,-0.033748,1.511639,1.000000
4.894000,-0.030680,1.511639,1.000000
4.895000,-0.030680,1.511639,1.000000
4.896000,-0.027612,1.511639,1.000000
4.897000,-0.024544,1.511639,1.000000
4.898000,-0.024544,1.511639,1.000000
4.899000,-0.021476,1.771021,1.000000
4.900000,-0.021476,1.771021,-1.000000
4.901000,-0.018408,1.771021,-1.000000
4.902000,-0.015340,1.771021,-1.000000
4.903000,-0.015340,1.771021,-1.000000
4.904000,-0.012272,1.771021,-1.000000
4.905000,-0.009204,1.940908,-1.000000
4.906000,-0.009204,1.940908,-1.000000
4.907000,-0.006136,1.940908,-1.000000
4.908000,-0.006136,1.940908,-1.000000
4.909000,-0.003068,1.940908,-1.000000
4.910000,0.000000,1.940908,-1.000000
4.911000,0.000000,1.940166,-1.000000
4.912000,0.003068,1.907479,-1.000000
4.913000,0.003068,1.907479,-1.000000
4.914000,0.006136,1.907479,-1.000000
4.915000,0.006136,1.907479,-1.000000
4.916000,0.009204,1.907479,-1.000000
4.917000,0.009204,1.907479,-1.000000
4.918000,0.012272,1.907479,-1.000000
4.919000,0.012272,1.656154,-1.000000
4.920000,0.012272,1.458901,-1.000000
4.921000,0.015340,1.613994,-1.000000
4.922000,0.015340,1.613994,-1.000000
4.923000,0.018408,1.613994,-1.000000
4.924000,0.018408,1.613994,-1.000000
4.925000,0.018408,1.613994,-1.000000
4.926000,0.021476,1.613994,-1.000000
4.927000,0.021476,1.613994,-1.000000
4.928000,0.021476,1.562024,-1.000000
4.929000,0.021476,1.385947,-1.000000
4.930000,0.024544,1.244909,-1.000000
4.931000,0.024544,1.129974,-1.000000
4.932000,0.024544,1.035008,-1.000000
4.933000,0.024544,0.954757,-1.000000
4.934000,0.027612,1.219913,-1.000000
4.935000,0.027612,1.219913,-1.000000
4.936000,0.027612,1.219913,-1.000000
4.937000,0.027612,1.219913,-1.000000
4.938000,0.027612,1.219913,-1.000000
4.939000,0.027612,1.219913,-1.000000
4.940000,0.030680,1.219913,-1.000000
4.941000,0.030680,1.219913,-1.000000
4.942000,0.030680,1.219913,-1.000000
4.943000,0.030680,1.219913,-1.000000
4.944000,0.030680,1.123478,-1.000000
4.945000,0.030680,1.029156,-1.000000
4.946000,0.030680,0.949502,-1.000000
4.947000,0.030680,0.881518,-1.000000
4.948000,0.030680,0.822410,-1.000000
4.949000,0.030680,0.770500,-1.000000
4.950000,0.030680,0.725798,-1.000000
4.951000,0.030680,0.685081,-1.000000
4.952000,0.030680,0.648529,-1.000000
4.953000,0.030680,0.615808,-1.000000
4.954000,0.030680,0.586511,-1.000000
4.955000,0.030680,0.559961,-1.000000
4.956000,0.027612,-0.535642,-1.000000
4.957000,0.027612,-0.513412,-1.000000
4.958000,0.027612,-0.492300,-1.000000
4.959000,0.027612,-0.473383,-1.000000
4.960000,0.027612,-0.455793,-1.000000
4.961000,0.027612,-0.439389,-1.000000
4.962000,0.027612,-0.424191,-1.000000
4.963000,0.024544,-0.410012,-1.000000
4.964000,0.024544,-0.396829,-1.000000
4.965000,0.024544,-0.384360,-1.000000
4.966000,0.024544,-0.372689,-1.000000
4.967000,0.021476,-0.361712,-1.000000
4.968000,0.021476,-0.351319,-1.000000
4.969000,0.021476,-0.341542,-1.000000
4.970000,0.018408,-0.335821,-1.000000
4.971000,0.018408,-0.335821,-1.000000
4.972000,0.018408,-0.335821,-1.000000
4.973000,0.015340,-0.335821,-1.000000
4.974000,0.015340,-0.335821,-1.000000
4.975000,0.015340,-0.335821,-1.000000
4.976000,0.012272,-0.335821,-1.000000
4.977000,0.012272,-0.335821,-1.000000
4.978000,0.009204,-0.335821,-1.000000
4.979000,0.009204,-0.335821,-1.000000
4.980000,0.009204,-0.335821,-1.000000
4.981000,0.006136,-0.921177,-1.000000
4.982000,0.006136,-0.921177,-1.000000
4.983000,0.003068,-0.921177,-1.000000
4.984000,0.003068,-0.921177,-1.000000
4.985000,0.000000,-0.921177,-1.000000
4.986000,0.000000,-0.921177,-1.000000
4.987000,-0.003068,-0.921177,-1.000000
4.988000,-0.003068,-0.921177,-1.000000
4.989000,-0.006136,-1.355495,-1.000000
4.990000,-0.006136,-1.355495,-1.000000
4.991000,-0.009204,-1.355495,-1.000000
4.992000,-0.009204,-1.355495,-1.000000
4.993000,-0.012272,-1.355495,-1.000000
4.994000,-0.015340,-1.355495,-1.000000
4.995000,-0.015340,-1.355495,-1.000000
4.996000,-0.018408,-1.651554,-1.000000
4.997000,-0.021476,-1.651554,-1.000000
4.998000,-0.021476,-1.651554,-1.000000
4.999000,-0.024544,-1.651554,-1.000000
5.000000,-0.024544,-1.651554,-1.000000
5.001000,-0.027612,-1.651554,1.000000
5.002000,-0.030680,-1.886356,1.000000
5.003000,-0.030680,-1.886356,1.000000
5.004000,-0.033748,-1.886356,1.000000
5.005000,-0.036816,-1.886356,1.000000
5.006000,-0.036816,-1.886356,1.000000
5.007000,-0.039884,-1.886356,1.000000
5.008000,-0.042951,-1.987098,1.000000
5.009000,-0.042951,-1.987098,1.000000
5.010000,-0.046019,-1.987098,1.000000
5.011000,-0.046019,-1.987098,1.000000
5.012000,-0.049087,-1.987098,1.000000
5.013000,-0.049087,-1.987098,1.000000
5.014000,-0.052155,-1.987098,1.000000
5.015000,-0.052155,-1.724203,1.000000
5.016000,-0.055223,-1.862055,1.000000
5.017000,-0.055223,-1.862055,1.000000
5.018000,-0.058291,-1.862055,1.000000
5.019000,-0.058291,-1.862055,1.000000
5.020000,-0.061359,-1.862055,1.000000
5.021000,-0.061359,-1.862055,1.000000
5.022000,-0.064427,-1.770265,1.000000
5.023000,-0.064427,-1.546972,1.000000
5.024000,-0.064427,-1.374815,1.000000
5.025000,-0.067495,-1.527185,1.000000
5.026000,-0.067495,-1.527185,1.000000
5.027000,-0.067495,-1.527185,1.000000
5.028000,-0.070563,-1.527185,1.000000
5.029000,-0.070563,-1.527185,1.000000
5.030000,-0.070563,-1.527185,1.000000
5.031000,-0.073631,-1.527185,1.000000
5.032000,-0.073631,-1.527185,1.000000
5.033000,-0.073631,-1.395892,1.000000
5.034000,-0.073631,-1.253044,1.000000
5.035000,-0.076699,-1.137999,1.000000
5.036000,-0.076699,-1.041030,1.000000
5.037000,-0.076699,-0.959199,1.000000
5.038000,-0.076699,-0.889731,1.000000
5.039000,-0.076699,-0.829629,1.000000
5.040000,-0.076699,-0.777293,1.000000
5.041000,-0.079767,-1.095099,1.000000
5.042000,-0.079767,-1.095099,1.000000
5.043000,-0.079767,-1.095099,1.000000
5.044000,-0.079767,-1.095099,1.000000
5.045000,-0.079767,-1.095099,1.000000
5.046000,-0.079767,-1.095099,1.000000
5.047000,-0.079767,-1.095099,1.000000
5.048000,-0.079767,-1.095099,1.000000
5.049000,-0.079767,-1.095099,1.000000
5.050000,-0.079767,-1.095099,1.000000
5.051000,-0.079767,-1.095099,1.000000
5.052000,-0.079767,-1.063460,1.000000
5.053000,-0.079767,-0.978704,1.000000
5.054000,-0.079767,-0.907402,1.000000
5.055000,-0.079767,-0.844202,1.000000
5.056000,-0.079767,-0.789929,1.000000
5.057000,-0.079767,-0.742331,1.000000
5.058000,-0.079767,-0.699469,1.000000
5.059000,-0.076699,0.662659,1.000000
5.060000,-0.076699,0.628100,1.000000
5.061000,-0.076699,0.597892,1.000000
5.062000,-0.076699,0.569615,1.000000
5.063000,-0.076699,0.544428,1.000000
5.064000,-0.076699,0.521390,1.000000
5.065000,-0.073631,0.500194,1.000000
5.066000,-0.073631,0.480454,1.000000
5.067000,-0.073631,0.462451,1.000000
5.068000,-0.070563,0.445316,1.000000
5.069000,-0.070563,0.445316,1.000000
5.070000,-0.070563,0.445316,1.000000
5.071000,-0.070563,0.445316,1.000000
5.072000,-0.067495,0.445316,1.000000
5.073000,-0.067495,0.445316,1.000000
5.074000,-0.067495,0.445316,1.000000
5.075000,-0.064427,0.445316,1.000000
5.076000,-0.064427,0.445316,1.000000
5.077000,-0.064427,0.445316,1.000000
5.078000,-0.061359,0.445316,1.000000
5.079000,-0.061359,0.445316,1.000000
5.080000,-0.058291,0.749492,1.000000
5.081000,-0.058291,0.749492,1.000000
5.082000,-0.058291,0.749492,1.000000
5.083000,-0.055223,0.749492,1.000000
5.084000,-0.055223,0.749492,1.000000
5.085000,-0.052155,0.749492,1.000000
5.086000,-0.052155,0.749492,1.000000
5.087000,-0.049087,0.749492,1.000000
5.088000,-0.049087,0.749492,1.000000
5.089000,-0.046019,1.266682,1.000000
5.090000,-0.046019,1.266682,1.000000
5.091000,-0.042951,1.266682,1.000000
5.092000,-0.039884,1.266682,1.000000
5.093000,-0.039884,1.266682,1.000000
5.094000,-0.036816,1.266682,1.000000
5.095000,-0.036816,1.266682,1.000000
5.096000,-0.033748,1.583410,1.000000
5.097000,-0.033748,1.583410,1.000000
5.098000,-0.030680,1.583410,1.000000
5.099000,-0.027612,1.583410,1.000000
5.100000,-0.027612,1.583410,-1.000000
5.101000,-0.024544,1.583410,-1.000000
5.102000,-0.021476,1.828427,-1.000000
5.103000,-0.021476,1.828427,-1.000000
5.104000,-0.018408,1.828427,-1.000000
5.105000,-0.018408,1.828427,-1.000000
5.106000,-0.015340,1.828427,-1.000000
5.107000,-0.012272,1.828427,-1.000000
5.108000,-0.012272,1.828427,-1.000000
5.109000,-0.009204,1.910209,-1.000000
5.110000,-0.009204,1.910209,-1.000000
5.111000,-0.006136,1.910209,-1.000000
5.112000,-0.006136,1.910209,-1.000000
5.113000,-0.003068,1.910209,-1.000000
5.114000,-0.003068,1.910209,-1.000000
5.115000,0.000000,1.893556,-1.000000
5.116000,0.000000,1.640021,-1.000000
5.117000,0.003068,1.679956,-1.000000
5.118000,0.003068,1.679956,-1.000000
5.119000,0.003068,1.679956,-1.000000
5.120000,0.006136,1.679956,-1.000000
5.121000,0.006136,1.679956,-1.000000
5.122000,0.009204,1.679956,-1.000000
5.123000,0.009204,1.679956,-1.000000
5.124000,0.009204,1.655725,-1.000000
5.125000,0.012272,1.459537,-1.000000
5.126000,0.012272,1.302922,-1.000000
5.127000,0.012272,1.178187,-1.000000
5.128000,0.015340,1.326115,-1.000000
5.129000,0.015340,1.326115,-1.000000
5.130000,0.015340,1.326115,-1.000000
5.131000,0.015340,1.326115,-1.000000
5.132000,0.015340,1.326115,-1.000000
5.133000,0.018408,1.326115,-1.000000
5.134000,0.018408,1.326115,-1.000000
5.135000,0.018408,1.326115,-1.000000
5.136000,0.018408,1.326115,-1.000000
5.137000,0.018408,1.326115,-1.000000
5.138000,0.018408,1.203078,-1.000000
5.139000,0.021476,1.096159,-1.000000
5.140000,0.021476,1.006268,-1.000000
5.141000,0.021476,0.930140,-1.000000
5.142000,0.021476,0.864361,-1.000000
5.143000,0.021476,0.807796,-1.000000
5.144000,0.021476,0.757535,-1.000000
5.145000,0.021476,0.713720,-1.000000
5.146000,0.021476,0.674561,-1.000000
5.147000,0.021476,0.639439,-1.000000
5.148000,0.021476,0.607659,-1.000000
5.149000,0.021476,0.578888,-1.000000
5.150000,0.021476,0.552866,-1.000000
5.151000,0.021476,0.528945,-1.000000
5.152000,0.021476,0.507330,-1.000000
5.153000,0.021476,0.487118,-1.000000
5.154000,0.021476,0.468391,-1.000000
5.155000,0.018408,0.727630,-1.000000
5.156000,0.018408,0.727630,-1.000000
5.157000,0.018408,0.727630,-1.000000
5.158000,0.018408,0.727630,-1.000000
5.159000,0.018408,0.727630,-1.000000
5.160000,0.018408,0.727630,-1.000000
5.161000,0.015340,0.727630,-1.000000
5.162000,0.015340,0.727630,-1.000000
5.163000,0.015340,0.727630,-1.000000
5.164000,0.015340,0.727630,-1.000000
5.165000,0.012272,0.727630,-1.000000
5.166000,0.012272,0.727630,-1.000000
5.167000,0.012272,0.727630,-1.000000
5.168000,0.012272,0.727630,-1.000000
5.169000,0.009204,0.727630,-1.000000
5.170000,0.009204,0.727630,-1.000000
5.171000,0.009204,0.727630,-1.000000
5.172000,0.006136,-0.465797,-1.000000
5.173000,0.006136,-0.465797,-1.000000
5.174000,0.003068,-0.465797,-1.000000
5.175000,0.003068,-0.465797,-1.000000
5.176000,0.003068,-0.465797,-1.000000
5.177000,0.000000,-0.465797,-1.000000
5.178000,0.000000,-0.465797,-1.000000
5.179000,-0.003068,-0.465797,-1.000000
5.180000,-0.003068,-0.465797,-1.000000
5.181000,-0.003068,-0.465797,-1.000000
5.182000,-0.006136,-1.044978,-1.000000
5.183000,-0.006136,-1.044978,-1.000000
5.184000,-0.009204,-1.044978,-1.000000
5.185000,-0.009204,-1.044978,-1.000000
5.186000,-0.012272,-1.044978,-1.000000
5.187000,-0.015340,-1.044978,-1.000000
5.188000,-0.015340,-1.044978,-1.000000
5.189000,-0.018408,-1.432182,-1.000000
5.190000,-0.018408,-1.432182,-1.000000
5.191000,-0.021476,-1.432182,-1.000000
5.192000,-0.021476,-1.432182,-1.000000
5.193000,-0.024544,-1.432182,-1.000000
5.194000,-0.027612,-1.432182,-1.000000
5.195000,-0.027612,-1.432182,-1.000000
5.196000,-0.030680,-1.705206,-1.000000
5.197000,-0.030680,-1.705206,-1.000000
5.198000,-0.033748,-1.705206,-1.000000
5.199000,-0.036816,-1.705206,-1.000000
5.200000,-0.036816,-1.705206,-1.000000
5.201000,-0.039884,-1.705206,1.000000
5.202000,-0.042951,-1.926956,1.000000
5.203000,-0.042951,-1.926956,1.000000
5.204000,-0.046019,-1.926956,1.000000
5.205000,-0.049087,-1.926956,1.000000
5.206000,-0.049087,-1.926956,1.000000
5.207000,-0.052155,-1.926956,1.000000
5.208000,-0.055223,-2.014140,1.000000
5.209000,-0.055223,-2.014140,1.000000
5.210000,-0.058291,-2.014140,1.000000
5.211000,-0.058291,-2.014140,1.000000
5.212000,-0.061359,-2.014140,1.000000
5.213000,-0.061359,-2.014140,1.000000
5.214000,-0.064427,-2.014140,1.000000
5.215000,-0.064427,-1.735259,1.000000
5.216000,-0.067495,-1.882899,1.000000
5.217000,-0.067495,-1.882899,1.000000
5.218000,-0.070563,-1.882899,1.000000
5.219000,-0.070563,-1.882899,1.000000
5.220000,-0.073631,-1.882899,1.000000
5.221000,-0.073631,-1.882899,1.000000
5.222000,-0.076699,-1.764524,1.000000
5.223000,-0.076699,-1.542634,1.000000
5.224000,-0.076699,-1.369704,1.000000
5.225000,-0.079767,-1.548555,1.000000
5.226000,-0.079767,-1.548555,1.000000
5.227000,-0.082835,-1.548555,1.000000
5.228000,-0.082835,-1.548555,1.000000
5.229000,-0.082835,-1.548555,1.000000
5.230000,-0.082835,-1.548555,1.000000
5.231000,-0.085903,-1.548555,1.000000
5.232000,-0.085903,-1.547291,1.000000
5.233000,-0.085903,-1.369993,1.000000
5.234000,-0.088971,-1.232524,1.000000
5.235000,-0.088971,-1.120456,1.000000
5.236000,-0.088971,-1.026831,1.000000
5.237000,-0.088971,-0.947130,1.000000
5.238000,-0.088971,-0.879542,1.000000
5.239000,-0.088971,-0.820654,1.000000
5.240000,-0.092039,-1.115796,1.000000
5.241000,-0.092039,-1.115796,1.000000
5.242000,-0.092039,-1.115796,1.000000
5.243000,-0.092039,-1.115796,1.000000
5.244000,-0.092039,-1.115796,1.000000
5.245000,-0.092039,-1.115796,1.000000
5.246000,-0.092039,-1.115796,1.000000
5.247000,-0.092039,-1.115796,1.000000
5.248000,-0.092039,-1.115796,1.000000
5.249000,-0.092039,-1.115796,1.000000
5.250000,-0.092039,-1.115796,1.000000
5.251000,-0.092039,-1.071724,1.000000
5.252000,-0.092039,-0.985947,1.000000
5.253000,-0.092039,-0.912435,1.000000
5.254000,-0.092039,-0.849188,1.000000
5.255000,-0.092039,-0.794416,1.000000
5.256000,-0.092039,-0.746044,1.000000
5.257000,-0.092039,-0.703445,1.000000
5.258000,-0.092039,-0.665188,1.000000
5.259000,-0.092039,-0.631025,1.000000
5.260000,-0.088971,0.600582,1.000000
5.261000,-0.088971,0.572199,1.000000
5.262000,-0.088971,0.546818,1.000000
5.263000,-0.088971,0.523567,1.000000
5.264000,-0.088971,0.501944,1.000000
5.265000,-0.085903,0.482290,1.000000
5.266000,-0.085903,0.464083,1.000000
5.267000,-0.085903,0.447114,1.000000
5.268000,-0.085903,0.431399,1.000000
5.269000,-0.082835,0.420732,1.000000
5.270000,-0.082835,0.420732,1.000000
5.271000,-0.082835,0.420732,1.000000
5.272000,-0.082835,0.420732,1.000000
5.273000,-0.079767,0.420732,1.000000
5.274000,-0.079767,0.420732,1.000000
5.275000,-0.079767,0.420732,1.000000
5.276000,-0.076699,0.420732,1.000000
5.277000,-0.076699,0.420732,1.000000
5.278000,-0.073631,0.420732,1.000000
5.279000,-0.073631,0.420732,1.000000
5.280000,-0.073631,0.420732,1.000000
5.281000,-0.070563,0.778069,1.000000
5.282000,-0.070563,0.778069,1.000000
5.283000,-0.067495,0.778069,1.000000
5.284000,-0.067495,0.778069,1.000000
5.285000,-0.064427,0.778069,1.000000
5.286000,-0.064427,0.778069,1.000000
5.287000,-0.061359,0.778069,1.000000
5.288000,-0.061359,0.778069,1.000000
5.289000,-0.058291,1.277262,1.000000
5.290000,-0.058291,1.277262,1.000000
5.291000,-0.055223,1.277262,1.000000
5.292000,-0.055223,1.277262,1.000000
5.293000,-0.052155,1.277262,1.000000
5.294000,-0.052155,1.277262,1.000000
5.295000,-0.049087,1.277262,1.000000
5.296000,-0.046019,1.586680,1.000000
5.297000,-0.046019,1.586680,1.000000
5.298000,-0.042951,1.586680,1.000000
5.299000,-0.042951,1.586680,1.000000
5.300000,-0.039884,1.586680,1.000000
5.301000,-0.036816,1.586680,-1.000000
5.302000,-0.036816,1.586680,-1.000000
5.303000,-0.033748,1.834418,-1.000000
5.304000,-0.033748,1.834418,-1.000000
5.305000,-0.030680,1.834418,-1.000000
5.306000,-0.027612,1.834418,-1.000000
5.307000,-0.027612,1.834418,-1.000000
5.308000,-0.024544,1.834418,-1.000000
5.309000,-0.021476,1.923223,-1.000000
5.310000,-0.021476,1.923223,-1.000000
5.311000,-0.018408,1.923223,-1.000000
5.312000,-0.018408,1.923223,-1.000000
5.313000,-0.015340,1.923223,-1.000000
5.314000,-0.015340,1.923223,-1.000000
5.315000,-0.012272,1.923223,-1.000000
5.316000,-0.012272,1.751088,-1.000000
5.317000,-0.009204,1.725341,-1.000000
5.318000,-0.009204,1.725341,-1.000000
5.319000,-0.009204,1.725341,-1.000000
5.320000,-0.006136,1.725341,-1.000000
5.321000,-0.006136,1.725341,-1.000000
5.322000,-0.003068,1.725341,-1.000000
5.323000,-0.003068,1.725341,-1.000000
5.324000,-0.003068,1.695127,-1.000000
5.325000,0.000000,1.490007,-1.000000
5.326000,0.000000,1.329383,-1.000000
5.327000,0.000000,1.199687,-1.000000
5.328000,0.003068,1.385973,-1.000000
5.329000,0.003068,1.385973,-1.000000
5.330000,0.003068,1.385973,-1.000000
5.331000,0.003068,1.385973,-1.000000
5.332000,0.006136,1.385973,-1.000000
5.333000,0.006136,1.385973,-1.000000
5.334000,0.006136,1.385973,-1.000000
5.335000,0.006136,1.385973,-1.000000
5.336000,0.006136,1.385973,-1.000000
5.337000,0.009204,1.261672,-1.000000
5.338000,0.009204,1.144655,-1.000000
5.339000,0.009204,1.046698,-1.000000
5.340000,0.009204,0.964461,-1.000000
5.341000,0.009204,0.893813,-1.000000
5.342000,0.009204,0.833321,-1.000000
5.343000,0.009204,0.780951,-1.000000
5.344000,0.009204,0.733764,-1.000000
5.345000,0.009204,0.692474,-1.000000
5.346000,0.009204,0.655297,-1.000000
5.347000,0.009204,0.622254,-1.000000
5.348000,0.009204,0.592321,-1.000000
5.349000,0.009204,0.564766,-1.000000
5.350000,0.009204,0.539985,-1.000000
5.351000,0.009204,0.517547,-1.000000
5.352000,0.009204,0.496325,-1.000000
5.353000,0.009204,0.477095,-1.000000
5.354000,0.009204,0.459146,-1.000000
5.355000,0.009204,0.442663,-1.000000
5.356000,0.009204,0.427272,-1.000000
5.357000,0.009204,0.412923,-1.000000
5.358000,0.009204,0.399466,-1.000000
5.359000,0.009204,0.386938,-1.000000
5.360000,0.006136,0.848801,-1.000000
5.361000,0.006136,0.848801,-1.000000
5.362000,0.006136,0.848801,-1.000000
5.363000,0.006136,0.848801,-1.000000
5.364000,0.006136,0.848801,-1.000000
5.365000,0.003068,0.848801,-1.000000
5.366000,0.003068,0.848801,-1.000000
5.367000,0.003068,0.848801,-1.000000
5.368000,0.003068,0.848801,-1.000000
5.369000,0.000000,0.848801,-1.000000
5.370000,0.000000,0.848801,-1.000000
5.371000,0.000000,0.848801,-1.000000
5.372000,-0.003068,0.848801,-1.000000
5.373000,-0.003068,0.848801,-1.000000
5.374000,-0.003068,-0.838430,-1.000000
5.375000,-0.006136,-0.382393,-1.000000
5.376000,-0.006136,-0.382393,-1.000000
5.377000,-0.009204,-0.382393,-1.000000
5.378000,-0.009204,-0.382393,-1.000000
5.379000,-0.009204,-0.382393,-1.000000
5.380000,-0.012272,-0.382393,-1.000000
5.381000,-0.012272,-0.382393,-1.000000
5.382000,-0.015340,-0.382393,-1.000000
5.383000,-0.015340,-0.382393,-1.000000
5.384000,-0.018408,-1.116976,-1.000000
5.385000,-0.018408,-1.116976,-1.000000
5.386000,-0.021476,-1.116976,-1.000000
5.387000,-0.021476,-1.116976,-1.000000
5.388000,-0.024544,-1.116976,-1.000000
5.389000,-0.024544,-1.116976,-1.000000
5.390000,-0.027612,-1.116976,-1.000000
5.391000,-0.030680,-1.484044,-1.000000
5.392000,-0.030680,-1.484044,-1.000000
5.393000,-0.033748,-1.484044,-1.000000
5.394000,-0.033748,-1.484044,-1.000000
5.395000,-0.036816,-1.484044,-1.000000
5.396000,-0.039884,-1.484044,-1.000000
5.397000,-0.039884,-1.484044,-1.000000
5.398000,-0.042951,-1.753058,-1.000000
5.399000,-0.042951,-1.753058,-1.000000
5.400000,-0.046019,-1.753058,1.000000
5.401000,-0.049087,-1.753058,1.000000
5.402000,-0.049087,-1.753058,1.000000
5.403000,-0.052155,-1.753058,1.000000
5.404000,-0.055223,-1.971852,1.000000
5.405000,-0.055223,-1.971852,1.000000
5.406000,-0.058291,-1.971852,1.000000
5.407000,-0.058291,-1.971852,1.000000
5.408000,-0.061359,-1.971852,1.000000
5.409000,-0.064427,-1.971852,1.000000
5.410000,-0.064427,-1.967382,1.000000
5.411000,-0.067495,-1.923994,1.000000
5.412000,-0.067495,-1.923994,1.000000
5.413000,-0.070563,-1.923994,1.000000
5.414000,-0.070563,-1.923994,1.000000
5.415000,-0.073631,-1.923994,1.000000
5.416000,-0.073631,-1.923994,1.000000
5.417000,-0.076699,-1.859962,1.000000
5.418000,-0.076699,-1.614029,1.000000
5.419000,-0.079767,-1.690298,1.000000
5.420000,-0.079767,-1.690298,1.000000
5.421000,-0.082835,-1.690298,1.000000
5.422000,-0.082835,-1.690298,1.000000
5.423000,-0.082835,-1.690298,1.000000
5.424000,-0.085903,-1.690298,1.000000
5.425000,-0.085903,-1.690298,1.000000
5.426000,-0.085903,-1.629682,1.000000
5.427000,-0.088971,-1.437365,1.000000
5.428000,-0.088971,-1.287795,1.000000
5.429000,-0.088971,-1.164808,1.000000
5.430000,-0.092039,-1.323271,1.000000
5.431000,-0.092039,-1.323271,1.000000
5.432000,-0.092039,-1.323271,1.000000
5.433000,-0.092039,-1.323271,1.000000
5.434000,-0.095107,-1.323271,1.000000
5.435000,-0.095107,-1.323271,1.000000
5.436000,-0.095107,-1.323271,1.000000
5.437000,-0.095107,-1.323271,1.000000
5.438000,-0.095107,-1.323271,1.000000
5.439000,-0.095107,-1.318579,1.000000
5.440000,-0.095107,-1.190836,1.000000
5.441000,-0.098175,-1.085458,1.000000
5.442000,-0.098175,-0.997487,1.000000
5.443000,-0.098175,-0.922465,1.000000
5.444000,-0.098175,-0.858387,1.000000
5.445000,-0.098175,-0.802047,1.000000
5.446000,-0.098175,-0.752436,1.000000
5.447000,-0.098175,-0.709097,1.000000
5.448000,-0.098175,-0.670393,1.000000
5.449000,-0.098175,-0.635532,1.000000
5.450000,-0.098175,-0.604256,1.000000
5.451000,-0.098175,-0.576018,1.000000
5.452000,-0.098175,-0.550103,1.000000
5.453000,-0.098175,-0.526570,1.000000
5.454000,-0.098175,-0.505057,1.000000
5.455000,-0.098175,-0.484975,1.000000
5.456000,-0.098175,-0.466601,1.000000
5.457000,-0.098175,-0.449491,1.000000
5.458000,-0.095107,-0.738306,1.000000
5.459000,-0.095107,-0.738306,1.000000
5.460000,-0.095107,-0.738306,1.000000
5.461000,-0.095107,-0.738306,1.000000
5.462000,-0.095107,-0.738306,1.000000
5.463000,-0.095107,-0.738306,1.000000
5.464000,-0.092039,-0.738306,1.000000
5.465000,-0.092039,-0.738306,1.000000
5.466000,-0.092039,-0.738306,1.000000
5.467000,-0.092039,-0.738306,1.000000
5.468000,-0.088971,-0.738306,1.000000
5.469000,-0.088971,-0.738306,1.000000
5.470000,-0.088971,-0.738306,1.000000
5.471000,-0.088971,-0.738306,1.000000
5.472000,-0.085903,-0.738306,1.000000
5.473000,-0.085903,-0.738306,1.000000
5.474000,-0.082835,0.448616,1.000000
5.475000,-0.082835,0.448616,1.000000
5.476000,-0.082835,0.448616,1.000000
5.477000,-0.079767,0.448616,1.000000
5.478000,-0.079767,0.448616,1.000000
5.479000,-0.079767,0.448616,1.000000
5.480000,-0.076699,0.448616,1.000000
5.481000,-0.076699,0.448616,1.000000
5.482000,-0.073631,0.448616,1.000000
5.483000,-0.073631,0.448616,1.000000
5.484000,-0.070563,1.050646,1.000000
5.485000,-0.070563,1.050646,1.000000
5.486000,-0.067495,1.050646,1.000000
5.487000,-0.067495,1.050646,1.000000
5.488000,-0.064427,1.050646,1.000000
5.489000,-0.064427,1.050646,1.000000
5.490000,-0.061359,1.050646,1.000000
5.491000,-0.061359,1.050646,1.000000
5.492000,-0.058291,1.427595,1.000000
5.493000,-0.058291,1.427595,1.000000
5.494000,-0.055223,1.427595,1.000000
5.495000,-0.055223,1.427595,1.000000
5.496000,-0.052155,1.427595,1.000000
5.497000,-0.049087,1.427595,1.000000
5.498000,-0.049087,1.427595,1.000000
5.499000,-0.046019,1.698081,1.000000
5.500000,-0.042951,1.698081,1.000000
5.501000,-0.042951,1.698081,-1.000000
5.502000,-0.039884,1.698081,-1.000000
5.503000,-0.039884,1.698081,-1.000000
5.504000,-0.036816,1.698081,-1.000000
5.505000,-0.033748,1.922616,-1.000000
5.506000,-0.033748,1.922616,-1.000000
5.507000,-0.030680,1.922616,-1.000000
5.508000,-0.027612,1.922616,-1.000000
5.509000,-0.027612,1.922616,-1.000000
5.510000,-0.024544,1.922616,-1.000000
5.511000,-0.024544,1.898332,-1.000000
5.512000,-0.021476,1.882213,-1.000000
5.513000,-0.021476,1.882213,-1.000000
5.514000,-0.018408,1.882213,-1.000000
5.515000,-0.018408,1.882213,-1.000000
5.516000,-0.015340,1.882213,-1.000000
5.517000,-0.015340,1.882213,-1.000000
5.518000,-0.012272,1.854866,-1.000000
5.519000,-0.012272,1.610769,-1.000000
5.520000,-0.009204,1.638583,-1.000000
5.521000,-0.009204,1.638583,-1.000000
5.522000,-0.009204,1.638583,-1.000000
5.523000,-0.006136,1.638583,-1.000000
5.524000,-0.006136,1.638583,-1.000000
5.525000,-0.006136,1.638583,-1.000000
5.526000,-0.003068,1.638583,-1.000000
5.527000,-0.003068,1.638583,-1.000000
5.528000,-0.003068,1.502527,-1.000000
5.529000,0.000000,1.338291,-1.000000
5.530000,0.000000,1.207565,-1.000000
5.531000,0.000000,1.098796,-1.000000
5.532000,0.000000,1.008714,-1.000000
5.533000,0.003068,1.241845,-1.000000
5.534000,0.003068,1.241845,-1.000000
5.535000,0.003068,1.241845,-1.000000
5.536000,0.003068,1.241845,-1.000000
5.537000,0.003068,1.241845,-1.000000
5.538000,0.003068,1.241845,-1.000000
5.539000,0.006136,1.241845,-1.000000
5.540000,0.006136,1.241845,-1.000000
5.541000,0.006136,1.241845,-1.000000
5.542000,0.006136,1.241845,-1.000000
5.543000,0.006136,1.158356,-1.000000
5.544000,0.006136,1.058088,-1.000000
5.545000,0.006136,0.974132,-1.000000
5.546000,0.006136,0.902570,-1.000000
5.547000,0.006136,0.840531,-1.000000
5.548000,0.006136,0.786667,-1.000000
5.549000,0.006136,0.739555,-1.000000
5.550000,0.006136,0.697768,-1.000000
5.551000,0.006136,0.659938,-1.000000
5.552000,0.006136,0.626155,-1.000000
5.553000,0.006136,0.595930,-1.000000
5.554000,0.006136,0.568316,-1.000000
5.555000,0.006136,0.543305,-1.000000
5.556000,0.006136,0.520095,-1.000000
5.557000,0.003068,-0.498983,-1.000000
5.558000,0.003068,-0.479501,-1.000000
5.559000,0.003068,-0.461334,-1.000000
5.560000,0.003068,-0.444692,-1.000000
5.561000,0.003068,-0.429081,-1.000000
5.562000,0.003068,-0.414594,-1.000000
5.563000,0.000000,-0.401100,-1.000000
5.564000,0.000000,-0.388370,-1.000000
5.565000,0.000000,-0.376458,-1.000000
5.566000,0.000000,-0.365317,-1.000000
5.567000,-0.003068,-0.354754,-1.000000
5.568000,-0.003068,-0.344788,-1.000000
5.569000,-0.003068,-0.335336,-1.000000
5.570000,-0.006136,-0.328384,-1.000000
5.571000,-0.006136,-0.328384,-1.000000
5.572000,-0.006136,-0.328384,-1.000000
5.573000,-0.009204,-0.328384,-1.000000
5.574000,-0.009204,-0.328384,-1.000000
5.575000,-0.009204,-0.328384,-1.000000
5.576000,-0.012272,-0.328384,-1.000000
5.577000,-0.012272,-0.328384,-1.000000
5.578000,-0.012272,-0.328384,-1.000000
5.579000,-0.015340,-0.328384,-1.000000
5.580000,-0.015340,-0.328384,-1.000000
5.581000,-0.018408,-0.940361,-1.000000
5.582000,-0.018408,-0.940361,-1.000000
5.583000,-0.021476,-0.940361,-1.000000
5.584000,-0.021476,-0.940361,-1.000000
5.585000,-0.024544,-0.940361,-1.000000
5.586000,-0.024544,-0.940361,-1.000000
5.587000,-0.027612,-0.940361,-1.000000
5.588000,-0.027612,-0.940361,-1.000000
5.589000,-0.030680,-1.368728,-1.000000
5.590000,-0.030680,-1.368728,-1.000000
5.591000,-0.033748,-1.368728,-1.000000
5.592000,-0.033748,-1.368728,-1.000000
5.593000,-0.036816,-1.368728,-1.000000
5.594000,-0.039884,-1.368728,-1.000000
5.595000,-0.039884,-1.368728,-1.000000
5.596000,-0.042951,-1.656853,-1.000000
5.597000,-0.046019,-1.656853,-1.000000
5.598000,-0.046019,-1.656853,-1.000000
5.599000,-0.049087,-1.656853,-1.000000
5.600000,-0.049087,-1.656853,1.000000
5.601000,-0.052155,-1.656853,1.000000
5.602000,-0.055223,-1.886412,1.000000
5.603000,-0.055223,-1.886412,1.000000
5.604000,-0.058291,-1.886412,1.000000
5.605000,-0.061359,-1.886412,1.000000
5.606000,-0.061359,-1.886412,1.000000
5.607000,-0.064427,-1.886412,1.000000
5.608000,-0.064427,-1.886412,1.000000
5.609000,-0.067495,-1.954682,1.000000
5.610000,-0.070563,-1.954682,1.000000
5.611000,-0.070563,-1.954682,1.000000
5.612000,-0.073631,-1.954682,1.000000
5.613000,-0.073631,-1.954682,1.000000
5.614000,-0.076699,-1.954682,1.000000
5.615000,-0.076699,-1.790621,1.000000
5.616000,-0.079767,-1.749487,1.000000
5.617000,-0.079767,-1.749487,1.000000
5.618000,-0.079767,-1.749487,1.000000
5.619000,-0.082835,-1.749487,1.000000
5.620000,-0.082835,-1.749487,1.000000
5.621000,-0.085903,-1.749487,1.000000
5.622000,-0.085903,-1.749487,1.000000
5.623000,-0.085903,-1.718104,1.000000
5.624000,-0.088971,-1.507937,1.000000
5.625000,-0.088971,-1.343245,1.000000
5.626000,-0.088971,-1.210603,1.000000
5.627000,-0.092039,-1.408149,1.000000
5.628000,-0.092039,-1.408149,1.000000
5.629000,-0.092039,-1.408149,1.000000
5.630000,-0.095107,-1.408149,1.000000
5.631000,-0.095107,-1.408149,1.000000
5.632000,-0.095107,-1.408149,1.000000
5.633000,-0.095107,-1.408149,1.000000
5.634000,-0.095107,-1.408149,1.000000
5.635000,-0.098175,-1.382075,1.000000
5.636000,-0.098175,-1.242252,1.000000
5.637000,-0.098175,-1.128145,1.000000
5.638000,-0.098175,-1.033572,1.000000
5.639000,-0.098175,-0.953092,1.000000
5.640000,-0.098175,-0.884533,1.000000
5.641000,-0.098175,-0.824745,1.000000
5.642000,-0.101243,-0.773191,1.000000
5.643000,-0.101243,-0.727093,1.000000
5.644000,-0.101243,-0.686401,1.000000
5.645000,-0.101243,-0.650142,1.000000
5.646000,-0.101243,-0.617688,1.000000
5.647000,-0.101243,-0.587933,1.000000
5.648000,-0.101243,-0.561031,1.000000
5.649000,-0.101243,-0.536492,1.000000
5.650000,-0.101243,-0.513988,1.000000
5.651000,-0.101243,-0.493491,1.000000
5.652000,-0.101243,-0.474190,1.000000
5.653000,-0.101243,-0.456559,1.000000
5.654000,-0.098175,0.440177,1.000000
5.655000,-0.098175,0.425050,1.000000
5.656000,-0.098175,0.410803,1.000000
5.657000,-0.098175,0.397417,1.000000
5.658000,-0.098175,0.385026,1.000000
5.659000,-0.098175,0.373255,1.000000
5.660000,-0.095107,0.362318,1.000000
5.661000,-0.095107,0.889306,1.000000
5.662000,-0.095107,0.889306,1.000000
5.663000,-0.095107,0.889306,1.000000
5.664000,-0.095107,0.889306,1.000000
5.665000,-0.092039,0.889306,1.000000
5.666000,-0.092039,0.889306,1.000000
5.667000,-0.092039,0.889306,1.000000
5.668000,-0.092039,0.889306,1.000000
5.669000,-0.088971,0.889306,1.000000
5.670000,-0.088971,0.889306,1.000000
5.671000,-0.088971,0.889306,1.000000
5.672000,-0.085903,0.889306,1.000000
5.673000,-0.085903,0.889306,1.000000
5.674000,-0.085903,0.877278,1.000000
5.675000,-0.082835,0.360948,1.000000
5.676000,-0.082835,0.360948,1.000000
5.677000,-0.079767,0.360948,1.000000
5.678000,-0.079767,0.360948,1.000000
5.679000,-0.079767,0.360948,1.000000
5.680000,-0.076699,0.360948,1.000000
5.681000,-0.076699,0.360948,1.000000
5.682000,-0.073631,0.360948,1.000000
5.683000,-0.073631,0.360948,1.000000
5.684000,-0.070563,1.137713,1.000000
5.685000,-0.070563,1.137713,1.000000
5.686000,-0.067495,1.137713,1.000000
5.687000,-0.067495,1.137713,1.000000
5.688000,-0.064427,1.137713,1.000000
5.689000,-0.064427,1.137713,1.000000
5.690000,-0.061359,1.137713,1.000000
5.691000,-0.058291,1.494291,1.000000
5.692000,-0.058291,1.494291,1.000000
5.693000,-0.055223,1.494291,1.000000
5.694000,-0.055223,1.494291,1.000000
5.695000,-0.052155,1.494291,1.000000
5.696000,-0.052155,1.494291,1.000000
5.697000,-0.049087,1.494291,1.000000
5.698000,-0.046019,1.758729,1.000000
5.699000,-0.046019,1.758729,1.000000
5.700000,-0.042951,1.758729,1.000000
5.701000,-0.039884,1.758729,-1.000000
5.702000,-0.039884,1.758729,-1.000000
5.703000,-0.036816,1.758729,-1.000000
5.704000,-0.033748,1.980728,-1.000000
5.705000,-0.033748,1.980728,-1.000000
5.706000,-0.030680,1.980728,-1.000000
5.707000,-0.027612,1.980728,-1.000000
5.708000,-0.027612,1.980728,-1.000000
5.709000,-0.024544,1.980728,-1.000000
5.710000,-0.021476,1.989527,-1.000000
5.711000,-0.021476,1.989527,-1.000000
5.712000,-0.018408,1.989527,-1.000000
5.713000,-0.018408,1.989527,-1.000000
5.714000,-0.015340,1.989527,-1.000000
5.715000,-0.015340,1.989527,-1.000000
5.716000,-0.012272,1.989527,-1.000000
5.717000,-0.012272,1.748697,-1.000000
5.718000,-0.009204,1.779922,-1.000000
5.719000,-0.009204,1.779922,-1.000000
5.720000,-0.006136,1.779922,-1.000000
5.721000,-0.006136,1.779922,-1.000000
5.722000,-0.006136,1.779922,-1.000000
5.723000,-0.003068,1.779922,-1.000000
5.724000,-0.003068,1.779922,-1.000000
5.725000,0.000000,1.637890,-1.000000
5.726000,0.000000,1.448977,-1.000000
5.727000,0.000000,1.292856,-1.000000
5.728000,0.003068,1.443282,-1.000000
5.729000,0.003068,1.443282,-1.000000
5.730000,0.003068,1.443282,-1.000000
5.731000,0.003068,1.443282,-1.000000
5.732000,0.006136,1.443282,-1.000000
5.733000,0.006136,1.443282,-1.000000
5.734000,0.006136,1.443282,-1.000000
5.735000,0.006136,1.443282,-1.000000
5.736000,0.009204,1.432730,-1.000000
5.737000,0.009204,1.283644,-1.000000
5.738000,0.009204,1.162250,-1.000000
5.739000,0.009204,1.061359,-1.000000
5.740000,0.009204,0.977274,-1.000000
5.741000,0.009204,0.904683,-1.000000
5.742000,0.012272,0.844135,-1.000000
5.743000,0.012272,0.788669,-1.000000
5.744000,0.012272,0.741136,-1.000000
5.745000,0.012272,0.699378,-1.000000
5.746000,0.012272,0.661416,-1.000000
5.747000,0.012272,0.627428,-1.000000
5.748000,0.012272,0.596806,-1.000000
5.749000,0.012272,0.569172,-1.000000
5.750000,0.012272,0.543998,-1.000000
5.751000,0.012272,0.520739,-1.000000
5.752000,0.012272,0.499774,-1.000000
5.753000,0.012272,0.480149,-1.000000
5.754000,0.012272,0.462003,-1.000000
5.755000,0.012272,0.445273,-1.000000
5.756000,0.012272,0.429767,-1.000000
5.757000,0.012272,0.415231,-1.000000
5.758000,0.012272,0.401874,-1.000000
5.759000,0.009204,-0.389123,-1.000000
5.760000,0.009204,-0.376904,-1.000000
5.761000,0.009204,-0.365752,-1.000000
5.762000,0.009204,-0.355213,-1.000000
5.763000,0.009204,-0.345065,-1.000000
5.764000,0.009204,-0.335654,-1.000000
5.765000,0.006136,-0.948511,-1.000000
5.766000,0.006136,-0.948511,-1.000000
5.767000,0.006136,-0.948511,-1.000000
5.768000,0.006136,-0.948511,-1.000000
5.769000,0.003068,-0.948511,-1.000000
5.770000,0.003068,-0.948511,-1.000000
5.771000,0.003068,-0.948511,-1.000000
5.772000,0.000000,-0.948511,-1.000000
5.773000,0.000000,-0.948511,-1.000000
5.774000,0.000000,-0.948511,-1.000000
5.775000,-0.003068,-0.948511,-1.000000
5.776000,-0.003068,-0.948511,-1.000000
5.777000,-0.003068,-0.948511,-1.000000
5.778000,-0.006136,-0.333140,-1.000000
5.779000,-0.006136,-0.333140,-1.000000
5.780000,-0.009204,-0.333140,-1.000000
5.781000,-0.009204,-0.333140,-1.000000
5.782000,-0.009204,-0.333140,-1.000000
5.783000,-0.012272,-0.333140,-1.000000
5.784000,-0.012272,-0.333140,-1.000000
5.785000,-0.015340,-0.333140,-1.000000
5.786000,-0.015340,-0.333140,-1.000000
5.787000,-0.018408,-1.174107,-1.000000
5.788000,-0.018408,-1.174107,-1.000000
5.789000,-0.021476,-1.174107,-1.000000
5.790000,-0.021476,-1.174107,-1.000000
5.791000,-0.024544,-1.174107,-1.000000
5.792000,-0.024544,-1.174107,-1.000000
5.793000,-0.027612,-1.174107,-1.000000
5.794000,-0.030680,-1.517340,-1.000000
5.795000,-0.030680,-1.517340,-1.000000
5.796000,-0.033748,-1.517340,-1.000000
5.797000,-0.033748,-1.517340,-1.000000
5.798000,-0.036816,-1.517340,-1.000000
5.799000,-0.039884,-1.517340,-1.000000
5.800000,-0.039884,-1.517340,-1.000000
5.801000,-0.042951,-1.776101,1.000000
5.802000,-0.046019,-1.776101,1.000000
5.803000,-0.046019,-1.776101,1.000000
5.804000,-0.049087,-1.776101,1.000000
5.805000,-0.049087,-1.776101,1.000000
5.806000,-0.052155,-1.776101,1.000000
5.807000,-0.055223,-1.923382,1.000000
5.808000,-0.055223,-1.923382,1.000000
5.809000,-0.058291,-1.923382,1.000000
5.810000,-0.058291,-1.923382,1.000000
5.811000,-0.061359,-1.923382,1.000000
5.812000,-0.061359,-1.923382,1.000000
5.813000,-0.064427,-1.923382,1.000000
5.814000,-0.064427,-1.735978,1.000000
5.815000,-0.067495,-1.833017,1.000000
5.816000,-0.067495,-1.833017,1.000000
5.817000,-0.070563,-1.833017,1.000000
5.818000,-0.070563,-1.833017,1.000000
5.819000,-0.073631,-1.833017,1.000000
5.820000,-0.073631,-1.833017,1.000000
5.821000,-0.076699,-1.808477,1.000000
5.822000,-0.076699,-1.574965,1.000000
5.823000,-0.076699,-1.397000,1.000000
5.824000,-0.079767,-1.500440,1.000000
5.825000,-0.079767,-1.500440,1.000000
5.826000,-0.079767,-1.500440,1.000000
5.827000,-0.082835,-1.500440,1.000000
5.828000,-0.082835,-1.500440,1.000000
5.829000,-0.082835,-1.500440,1.000000
5.830000,-0.082835,-1.500440,1.000000
5.831000,-0.085903,-1.500440,1.000000
5.832000,-0.085903,-1.457231,1.000000
5.833000,-0.085903,-1.300567,1.000000
5.834000,-0.085903,-1.175785,1.000000
5.835000,-0.088971,-1.073247,1.000000
5.836000,-0.088971,-0.986673,1.000000
5.837000,-0.088971,-0.912926,1.000000
5.838000,-0.088971,-0.850007,1.000000
5.839000,-0.088971,-0.794915,1.000000
5.840000,-0.088971,-0.747469,1.000000
5.841000,-0.088971,-0.703834,1.000000
5.842000,-0.092039,-1.063111,1.000000
5.843000,-0.092039,-1.063111,1.000000
5.844000,-0.092039,-1.063111,1.000000
5.845000,-0.092039,-1.063111,1.000000
5.846000,-0.092039,-1.063111,1.000000
5.847000,-0.092039,-1.063111,1.000000
5.848000,-0.092039,-1.063111,1.000000
5.849000,-0.092039,-1.063111,1.000000
5.850000,-0.092039,-1.063111,1.000000
5.851000,-0.092039,-1.063111,1.000000
5.852000,-0.092039,-1.063111,1.000000
5.853000,-0.092039,-1.037027,1.000000
5.854000,-0.092039,-0.955318,1.000000
5.855000,-0.092039,-0.886462,1.000000
5.856000,-0.088971,0.826632,1.000000
5.857000,-0.088971,0.774749,1.000000
5.858000,-0.088971,0.728992,1.000000
5.859000,-0.088971,0.687795,1.000000
5.860000,-0.088971,0.651167,1.000000
5.861000,-0.088971,0.618532,1.000000
5.862000,-0.085903,0.588772,1.000000
5.863000,-0.085903,0.562002,1.000000
5.864000,-0.085903,0.537147,1.000000
5.865000,-0.085903,0.514623,1.000000
5.866000,-0.082835,0.491862,1.000000
5.867000,-0.082835,0.491862,1.000000
5.868000,-0.082835,0.491862,1.000000
5.869000,-0.082835,0.491862,1.000000
5.870000,-0.079767,0.491862,1.000000
5.871000,-0.079767,0.491862,1.000000
5.872000,-0.079767,0.491862,1.000000
5.873000,-0.076699,0.491862,1.000000
5.874000,-0.076699,0.491862,1.000000
5.875000,-0.076699,0.491862,1.000000
5.876000,-0.073631,0.491862,1.000000
5.877000,-0.073631,0.491862,1.000000
5.878000,-0.070563,0.700458,1.000000
5.879000,-0.070563,0.700458,1.000000
5.880000,-0.070563,0.700458,1.000000
5.881000,-0.067495,0.700458,1.000000
5.882000,-0.067495,0.700458,1.000000
5.883000,-0.064427,0.700458,1.000000
5.884000,-0.064427,0.700458,1.000000
5.885000,-0.061359,0.700458,1.000000
5.886000,-0.061359,0.700458,1.000000
5.887000,-0.058291,1.247051,1.000000
5.888000,-0.058291,1.247051,1.000000
5.889000,-0.055223,1.247051,1.000000
5.890000,-0.055223,1.247051,1.000000
5.891000,-0.052155,1.247051,1.000000
5.892000,-0.052155,1.247051,1.000000
5.893000,-0.049087,1.247051,1.000000
5.894000,-0.046019,1.567480,1.000000
5.895000,-0.046019,1.567480,1.000000
5.896000,-0.042951,1.567480,1.000000
5.897000,-0.042951,1.567480,1.000000
5.898000,-0.039884,1.567480,1.000000
5.899000,-0.036816,1.567480,1.000000
5.900000,-0.036816,1.567480,-1.000000
5.901000,-0.033748,1.819399,-1.000000
5.902000,-0.030680,1.819399,-1.000000
5.903000,-0.030680,1.819399,-1.000000
5.904000,-0.027612,1.819399,-1.000000
5.905000,-0.024544,1.819399,-1.000000
5.906000,-0.024544,1.819399,-1.000000
5.907000,-0.021476,1.972353,-1.000000
5.908000,-0.021476,1.972353,-1.000000
5.909000,-0.018408,1.972353,-1.000000
5.910000,-0.018408,1.972353,-1.000000
5.911000,-0.015340,1.972353,-1.000000
5.912000,-0.015340,1.972353,-1.000000
5.913000,-0.012272,1.877929,-1.000000
5.914000,-0.009204,1.804820,-1.000000
5.915000,-0.009204,1.804820,-1.000000
5.916000,-0.009204,1.804820,-1.000000
5.917000,-0.006136,1.804820,-1.000000
5.918000,-0.006136,1.804820,-1.000000
5.919000,-0.003068,1.804820,-1.000000
5.920000,-0.003068,1.804820,-1.000000
5.921000,0.000000,1.717206,-1.000000
5.922000,0.000000,1.505345,-1.000000
5.923000,0.000000,1.341306,-1.000000
5.924000,0.003068,1.500590,-1.000000
5.925000,0.003068,1.500590,-1.000000
5.926000,0.003068,1.500590,-1.000000
5.927000,0.006136,1.500590,-1.000000
5.928000,0.006136,1.500590,-1.000000
5.929000,0.006136,1.500590,-1.000000
5.930000,0.009204,1.500590,-1.000000
5.931000,0.009204,1.500590,-1.000000
5.932000,0.009204,1.395067,-1.000000
5.933000,0.009204,1.251266,-1.000000
5.934000,0.009204,1.136184,-1.000000
5.935000,0.012272,1.039328,-1.000000
5.936000,0.012272,0.958427,-1.000000
5.937000,0.012272,0.889213,-1.000000
5.938000,0.012272,0.829050,-1.000000
5.939000,0.012272,0.776726,-1.000000
5.940000,0.012272,0.730389,-1.000000
5.941000,0.012272,0.689141,-1.000000
5.942000,0.015340,1.055235,-1.000000
5.943000,0.015340,1.055235,-1.000000
5.944000,0.015340,1.055235,-1.000000
5.945000,0.015340,1.055235,-1.000000
5.946000,0.015340,1.055235,-1.000000
5.947000,0.015340,1.055235,-1.000000
5.948000,0.015340,1.055235,-1.000000
5.949000,0.015340,1.055235,-1.000000
5.950000,0.015340,1.055235,-1.000000
5.951000,0.015340,1.055235,-1.000000
5.952000,0.015340,1.055235,-1.000000
5.953000,0.015340,1.034169,-1.000000
5.954000,0.015340,0.954828,-1.000000
5.955000,0.012272,-0.885008,-1.000000
5.956000,0.012272,-0.825717,-1.000000
5.957000,0.012272,-0.773530,-1.000000
5.958000,0.012272,-0.727738,-1.000000
5.959000,0.012272,-0.687289,-1.000000
5.960000,0.012272,-0.650596,-1.000000
5.961000,0.009204,-0.617887,-1.000000
5.962000,0.009204,-0.588571,-1.000000
5.963000,0.009204,-0.561277,-1.000000
5.964000,0.009204,-0.536908,-1.000000
5.965000,0.009204,-0.514258,-1.000000
5.966000,0.006136,-0.500314,-1.000000
5.967000,0.006136,-0.500314,-1.000000
5.968000,0.006136,-0.500314,-1.000000
5.969000,0.003068,-0.500314,-1.000000
5.970000,0.003068,-0.500314,-1.000000
5.971000,0.003068,-0.500314,-1.000000
5.972000,0.003068,-0.500314,-1.000000
5.973000,0.000000,-0.500314,-1.000000
5.974000,0.000000,-0.500314,-1.000000
5.975000,-0.003068,-0.500314,-1.000000
5.976000,-0.003068,-0.500314,-1.000000
5.977000,-0.003068,-0.500314,-1.000000
5.978000,-0.006136,-0.686049,-1.000000
5.979000,-0.006136,-0.686049,-1.000000
5.980000,-0.009204,-0.686049,-1.000000
5.981000,-0.009204,-0.686049,-1.000000
5.982000,-0.009204,-0.686049,-1.000000
5.983000,-0.012272,-0.686049,-1.000000
5.984000,-0.012272,-0.686049,-1.000000
5.985000,-0.015340,-0.686049,-1.000000
5.986000,-0.015340,-0.686049,-1.000000
5.987000,-0.018408,-1.236487,-1.000000
5.988000,-0.018408,-1.236487,-1.000000
5.989000,-0.021476,-1.236487,-1.000000
5.990000,-0.021476,-1.236487,-1.000000
5.991000,-0.024544,-1.236487,-1.000000
5.992000,-0.027612,-1.236487,-1.000000
5.993000,-0.027612,-1.236487,-1.000000
5.994000,-0.030680,-1.554147,-1.000000
5.995000,-0.030680,-1.554147,-1.000000
5.996000,-0.033748,-1.554147,-1.000000
5.997000,-0.036816,-1.554147,-1.000000
5.998000,-0.036816,-1.554147,-1.000000
5.999000,-0.039884,-1.554147,-1.000000
6.000000,-0.042951,-1.554147,-1.000000
6.001000,-0.042951,-1.800638,1.000000
6.002000,-0.046019,-1.800638,1.000000
6.003000,-0.046019,-1.800638,1.000000
6.004000,-0.049087,-1.800638,1.000000
6.005000,-0.052155,-1.800638,1.000000
6.006000,-0.052155,-1.800638,1.000000
6.007000,-0.055223,-1.964831,1.000000
6.008000,-0.058291,-1.964831,1.000000
6.009000,-0.058291,-1.964831,1.000000
6.010000,-0.061359,-1.964831,1.000000
6.011000,-0.061359,-1.964831,1.000000
6.012000,-0.064427,-1.964831,1.000000
6.013000,-0.064427,-1.818811,1.000000
6.014000,-0.067495,-1.857334,1.000000
6.015000,-0.067495,-1.857334,1.000000
6.016000,-0.070563,-1.857334,1.000000
6.017000,-0.070563,-1.857334,1.000000
6.018000,-0.073631,-1.857334,1.000000
6.019000,-0.073631,-1.857334,1.000000
6.020000,-0.076699,-1.856612,1.000000
6.021000,-0.076699,-1.611530,1.000000
6.022000,-0.076699,-1.425660,1.000000
6.023000,-0.079767,-1.565381,1.000000
6.024000,-0.079767,-1.565381,1.000000
6.025000,-0.082835,-1.565381,1.000000
6.026000,-0.082835,-1.565381,1.000000
6.027000,-0.082835,-1.565381,1.000000
6.028000,-0.082835,-1.565381,1.000000
6.029000,-0.085903,-1.565381,1.000000
6.030000,-0.085903,-1.565381,1.000000
6.031000,-0.085903,-1.413674,1.000000
6.032000,-0.088971,-1.267078,1.000000
6.033000,-0.088971,-1.149320,1.000000
6.034000,-0.088971,-1.050380,1.000000
6.035000,-0.088971,-0.967535,1.000000
6.036000,-0.088971,-0.897017,1.000000
6.037000,-0.088971,-0.835886,1.000000
6.038000,-0.092039,-1.139378,1.000000
6.039000,-0.092039,-1.139378,1.000000
6.040000,-0.092039,-1.139378,1.000000
6.041000,-0.092039,-1.139378,1.000000
6.042000,-0.092039,-1.139378,1.000000
6.043000,-0.092039,-1.139378,1.000000
6.044000,-0.092039,-1.139378,1.000000
6.045000,-0.092039,-1.139378,1.000000
6.046000,-0.092039,-1.139378,1.000000
6.047000,-0.092039,-1.139378,1.000000
6.048000,-0.092039,-1.138609,1.000000
6.049000,-0.092039,-1.041803,1.000000
6.050000,-0.092039,-0.960189,1.000000
6.051000,-0.092039,-0.890710,1.000000
6.052000,-0.092039,-0.830341,1.000000
6.053000,-0.092039,-0.777896,1.000000
6.054000,-0.092039,-0.731687,1.000000
6.055000,-0.092039,-0.690120,1.000000
6.056000,-0.092039,-0.653483,1.000000
6.057000,-0.092039,-0.620391,1.000000
6.058000,-0.092039,-0.590731,1.000000
6.059000,-0.088971,0.563573,1.000000
6.060000,-0.088971,0.538935,1.000000
6.061000,-0.088971,0.516040,1.000000
6.062000,-0.088971,0.495566,1.000000
6.063000,-0.088971,0.475997,1.000000
6.064000,-0.085903,0.458209,1.000000
6.065000,-0.085903,0.441706,1.000000
6.066000,-0.085903,0.426422,1.000000
6.067000,-0.085903,0.412087,1.000000
6.068000,-0.082835,0.405381,1.000000
6.069000,-0.082835,0.405381,1.000000
6.070000,-0.082835,0.405381,1.000000
6.071000,-0.082835,0.405381,1.000000
6.072000,-0.079767,0.405381,1.000000
6.073000,-0.079767,0.405381,1.000000
6.074000,-0.076699,0.405381,1.000000
6.075000,-0.076699,0.405381,1.000000
6.076000,-0.076699,0.405381,1.000000
6.077000,-0.073631,0.405381,1.000000
6.078000,-0.073631,0.405381,1.000000
6.079000,-0.070563,0.806737,1.000000
6.080000,-0.070563,0.806737,1.000000
6.081000,-0.070563,0.806737,1.000000
6.082000,-0.067495,0.806737,1.000000
6.083000,-0.067495,0.806737,1.000000
6.084000,-0.064427,0.806737,1.000000
6.085000,-0.064427,0.806737,1.000000
6.086000,-0.061359,0.806737,1.000000
6.087000,-0.061359,0.806737,1.000000
6.088000,-0.058291,1.298526,1.000000
6.089000,-0.058291,1.298526,1.000000
6.090000,-0.055223,1.298526,1.000000
6.091000,-0.052155,1.298526,1.000000
6.092000,-0.052155,1.298526,1.000000
6.093000,-0.049087,1.298526,1.000000
6.094000,-0.049087,1.298526,1.000000
6.095000,-0.046019,1.607379,1.000000
6.096000,-0.046019,1.607379,1.000000
6.097000,-0.042951,1.607379,1.000000
6.098000,-0.039884,1.607379,1.000000
6.099000,-0.039884,1.607379,1.000000
6.100000,-0.036816,1.607379,-1.000000
6.101000,-0.033748,1.854967,-1.000000
6.102000,-0.033748,1.854967,-1.000000
6.103000,-0.030680,1.854967,-1.000000
6.104000,-0.027612,1.854967,-1.000000
6.105000,-0.027612,1.854967,-1.000000
6.106000,-0.024544,1.854967,-1.000000
6.107000,-0.021476,1.958360,-1.000000
6.108000,-0.021476,1.958360,-1.000000
6.109000,-0.018408,1.958360,-1.000000
6.110000,-0.018408,1.958360,-1.000000
6.111000,-0.015340,1.958360,-1.000000
6.112000,-0.015340,1.958360,-1.000000
6.113000,-0.012272,1.958360,-1.000000
6.114000,-0.012272,1.753632,-1.000000
6.115000,-0.009204,1.823846,-1.000000
6.116000,-0.009204,1.823846,-1.000000
6.117000,-0.006136,1.823846,-1.000000
6.118000,-0.006136,1.823846,-1.000000
6.119000,-0.003068,1.823846,-1.000000
6.120000,-0.003068,1.823846,-1.000000
6.121000,-0.003068,1.823846,-1.000000
6.122000,0.000000,1.604143,-1.000000
6.123000,0.000000,1.419232,-1.000000
6.124000,0.003068,1.486746,-1.000000
6.125000,0.003068,1.486746,-1.000000
6.126000,0.003068,1.486746,-1.000000
6.127000,0.003068,1.486746,-1.000000
6.128000,0.006136,1.486746,-1.000000
6.129000,0.006136,1.486746,-1.000000
6.130000,0.006136,1.486746,-1.000000
6.131000,0.009204,1.486746,-1.000000
6.132000,0.009204,1.486746,-1.000000
6.133000,0.009204,1.339179,-1.000000
6.134000,0.009204,1.207204,-1.000000
6.135000,0.009204,1.099421,-1.000000
6.136000,0.012272,1.008559,-1.000000
6.137000,0.012272,0.932170,-1.000000
6.138000,0.012272,0.866735,-1.000000
6.139000,0.012272,0.809654,-1.000000
6.140000,0.012272,0.759398,-1.000000
6.141000,0.012272,0.715172,-1.000000
6.142000,0.012272,0.675489,-1.000000
6.143000,0.012272,0.640336,-1.000000
6.144000,0.015340,1.033897,-1.000000
6.145000,0.015340,1.033897,-1.000000
6.146000,0.015340,1.033897,-1.000000
6.147000,0.015340,1.033897,-1.000000
6.148000,0.015340,1.033897,-1.000000
6.149000,0.015340,1.033897,-1.000000
6.150000,0.015340,1.033897,-1.000000
6.151000,0.015340,1.033897,-1.000000
6.152000,0.015340,1.033897,-1.000000
6.153000,0.012272,1.033897,-1.000000
6.154000,0.012272,1.033897,-1.000000
6.155000,0.012272,1.033897,-1.000000
6.156000,0.012272,-1.004853,-1.000000
6.157000,0.012272,-0.928490,-1.000000
6.158000,0.012272,-0.863541,-1.000000
6.159000,0.012272,-0.806685,-1.000000
6.160000,0.009204,-0.757007,-1.000000
6.161000,0.009204,-0.712905,-1.000000
6.162000,0.009204,-0.673849,-1.000000
6.163000,0.009204,-0.638733,-1.000000
6.164000,0.009204,-0.607035,-1.000000
6.165000,0.006136,-0.569353,-1.000000
6.166000,0.006136,-0.569353,-1.000000
6.167000,0.006136,-0.569353,-1.000000
6.168000,0.006136,-0.569353,-1.000000
6.169000,0.003068,-0.569353,-1.000000
6.170000,0.003068,-0.569353,-1.000000
6.171000,0.003068,-0.569353,-1.000000
6.172000,0.000000,-0.569353,-1.000000
6.173000,0.000000,-0.569353,-1.000000
6.174000,0.000000,-0.569353,-1.000000
6.175000,-0.003068,-0.569353,-1.000000
6.176000,-0.003068,-0.569353,-1.000000
6.177000,-0.006136,-0.634930,-1.000000
6.178000,-0.006136,-0.634930,-1.000000
6.179000,-0.006136,-0.634930,-1.000000
6.180000,-0.009204,-0.634930,-1.000000
6.181000,-0.009204,-0.634930,-1.000000
6.182000,-0.012272,-0.634930,-1.000000
6.183000,-0.012272,-0.634930,-1.000000
6.184000,-0.015340,-0.634930,-1.000000
6.185000,-0.015340,-0.634930,-1.000000
6.186000,-0.018408,-1.229538,-1.000000
6.187000,-0.018408,-1.229538,-1.000000
6.188000,-0.021476,-1.229538,-1.000000
6.189000,-0.021476,-1.229538,-1.000000
6.190000,-0.024544,-1.229538,-1.000000
6.191000,-0.024544,-1.229538,-1.000000
6.192000,-0.027612,-1.229538,-1.000000
6.193000,-0.030680,-1.559477,-1.000000
6.194000,-0.030680,-1.559477,-1.000000
6.195000,-0.033748,-1.559477,-1.000000
6.196000,-0.033748,-1.559477,-1.000000
6.197000,-0.036816,-1.559477,-1.000000
6.198000,-0.039884,-1.559477,-1.000000
6.199000,-0.039884,-1.559477,-1.000000
6.200000,-0.042951,-1.812547,-1.000000
6.201000,-0.046019,-1.812547,1.000000
6.202000,-0.046019,-1.812547,1.000000
6.203000,-0.049087,-1.812547,1.000000
6.204000,-0.052155,-1.812547,1.000000
6.205000,-0.052155,-1.812547,1.000000
6.206000,-0.055223,-2.011265,1.000000
6.207000,-0.058291,-2.011265,1.000000
6.208000,-0.058291,-2.011265,1.000000
6.209000,-0.061359,-2.011265,1.000000
6.210000,-0.061359,-2.011265,1.000000
6.211000,-0.064427,-2.011265,1.000000
6.212000,-0.064427,-1.841671,1.000000
6.213000,-0.067495,-1.919067,1.000000
6.214000,-0.070563,-1.919067,1.000000
6.215000,-0.070563,-1.919067,1.000000
6.216000,-0.070563,-1.919067,1.000000
6.217000,-0.073631,-1.919067,1.000000
6.218000,-0.076699,-1.919067,1.000000
6.219000,-0.076699,-1.783288,1.000000
6.220000,-0.076699,-1.557783,1.000000
6.221000,-0.079767,-1.675328,1.000000
6.222000,-0.079767,-1.675328,1.000000
6.223000,-0.082835,-1.675328,1.000000
6.224000,-0.082835,-1.675328,1.000000
6.225000,-0.082835,-1.675328,1.000000
6.226000,-0.085903,-1.675328,1.000000
6.227000,-0.085903,-1.675328,1.000000
6.228000,-0.085903,-1.586287,1.000000
6.229000,-0.088971,-1.404559,1.000000
6.230000,-0.088971,-1.259668,1.000000
6.231000,-0.088971,-1.144418,1.000000
6.232000,-0.092039,-1.297670,1.000000
6.233000,-0.092039,-1.297670,1.000000
6.234000,-0.092039,-1.297670,1.000000
6.235000,-0.092039,-1.297670,1.000000
6.236000,-0.092039,-1.297670,1.000000
6.237000,-0.095107,-1.297670,1.000000
6.238000,-0.095107,-1.297670,1.000000
6.239000,-0.095107,-1.297670,1.000000
6.240000,-0.095107,-1.297670,1.000000
6.241000,-0.095107,-1.297670,1.000000
6.242000,-0.095107,-1.218704,1.000000
6.243000,-0.095107,-1.108863,1.000000
6.244000,-0.095107,-1.016819,1.000000
6.245000,-0.098175,-0.938570,1.000000
6.246000,-0.098175,-0.872212,1.000000
6.247000,-0.098175,-0.814348,1.000000
6.248000,-0.098175,-0.763462,1.000000
6.249000,-0.098175,-0.718796,1.000000
6.250000,-0.098175,-0.679067,1.000000
6.251000,-0.098175,-0.643608,1.000000
6.252000,-0.098175,-0.611417,1.000000
6.253000,-0.098175,-0.582375,1.000000
6.254000,-0.098175,-0.556013,1.000000
6.255000,-0.095107,-0.638607,1.000000
6.256000,-0.095107,-0.638607,1.000000
6.257000,-0.095107,-0.638607,1.000000
6.258000,-0.095107,-0.638607,1.000000
6.259000,-0.095107,-0.638607,1.000000
6.260000,-0.095107,-0.638607,1.000000
6.261000,-0.095107,-0.638607,1.000000
6.262000,-0.095107,-0.638607,1.000000
6.263000,-0.092039,-0.638607,1.000000
6.264000,-0.092039,-0.638607,1.000000
6.265000,-0.092039,-0.638607,1.000000
6.266000,-0.092039,-0.638607,1.000000
6.267000,-0.092039,-0.638607,1.000000
6.268000,-0.088971,-0.638607,1.000000
6.269000,-0.088971,-0.638607,1.000000
6.270000,-0.088971,-0.638607,1.000000
6.271000,-0.085903,-0.638607,1.000000
6.272000,-0.085903,-0.638607,1.000000
6.273000,-0.085903,-0.638607,1.000000
6.274000,-0.082835,0.549877,1.000000
6.275000,-0.082835,0.549877,1.000000
6.276000,-0.082835,0.549877,1.000000
6.277000,-0.079767,0.549877,1.000000
6.278000,-0.079767,0.549877,1.000000
6.279000,-0.079767,0.549877,1.000000
6.280000,-0.076699,0.549877,1.000000
6.281000,-0.076699,0.549877,1.000000
6.282000,-0.073631,0.549877,1.000000
6.283000,-0.073631,0.549877,1.000000
6.284000,-0.070563,1.011734,1.000000
6.285000,-0.070563,1.011734,1.000000
6.286000,-0.067495,1.011734,1.000000
6.287000,-0.067495,1.011734,1.000000
6.288000,-0.064427,1.011734,1.000000
6.289000,-0.064427,1.011734,1.000000
6.290000,-0.061359,1.011734,1.000000
6.291000,-0.061359,1.011734,1.000000
6.292000,-0.058291,1.407151,1.000000
6.293000,-0.058291,1.407151,1.000000
6.294000,-0.055223,1.407151,1.000000
6.295000,-0.055223,1.407151,1.000000
6.296000,-0.052155,1.407151,1.000000
6.297000,-0.049087,1.407151,1.000000
6.298000,-0.049087,1.407151,1.000000
6.299000,-0.046019,1.684061,1.000000
6.300000,-0.046019,1.684061,1.000000
6.301000,-0.042951,1.684061,-1.000000
6.302000,-0.039884,1.684061,-1.000000
6.303000,-0.039884,1.684061,-1.000000
6.304000,-0.036816,1.684061,-1.000000
6.305000,-0.033748,1.912404,-1.000000
6.306000,-0.033748,1.912404,-1.000000
6.307000,-0.030680,1.912404,-1.000000
6.308000,-0.030680,1.912404,-1.000000
6.309000,-0.027612,1.912404,-1.000000
6.310000,-0.024544,1.912404,-1.000000
6.311000,-0.024544,1.912404,-1.000000
6.312000,-0.021476,1.869418,-1.000000
6.313000,-0.021476,1.869418,-1.000000
6.314000,-0.018408,1.869418,-1.000000
6.315000,-0.018408,1.869418,-1.000000
6.316000,-0.015340,1.869418,-1.000000
6.317000,-0.015340,1.869418,-1.000000
6.318000,-0.015340,1.869418,-1.000000
6.319000,-0.012272,1.682461,-1.000000
6.320000,-0.012272,1.479291,-1.000000
6.321000,-0.009204,1.598836,-1.000000
6.322000,-0.009204,1.598836,-1.000000
6.323000,-0.009204,1.598836,-1.000000
6.324000,-0.006136,1.598836,-1.000000
6.325000,-0.006136,1.598836,-1.000000
6.326000,-0.003068,1.598836,-1.000000
6.327000,-0.003068,1.598836,-1.000000
6.328000,-0.003068,1.587410,-1.000000
6.329000,-0.003068,1.404657,-1.000000
6.330000,0.000000,1.260869,-1.000000
6.331000,0.000000,1.143152,-1.000000
6.332000,0.000000,1.045533,-1.000000
6.333000,0.000000,0.963704,-1.000000
6.334000,0.003068,1.210704,-1.000000
6.335000,0.003068,1.210704,-1.000000
6.336000,0.003068,1.210704,-1.000000
6.337000,0.003068,1.210704,-1.000000
6.338000,0.003068,1.210704,-1.000000
6.339000,0.003068,1.210704,-1.000000
6.340000,0.003068,1.210704,-1.000000
6.341000,0.006136,1.210704,-1.000000
6.342000,0.006136,1.210704,-1.000000
6.343000,0.006136,1.210704,-1.000000
6.344000,0.006136,1.158040,-1.000000
6.345000,0.006136,1.057733,-1.000000
6.346000,0.006136,0.974167,-1.000000
6.347000,0.006136,0.902452,-1.000000
6.348000,0.006136,0.840579,-1.000000
6.349000,0.006136,0.786438,-1.000000
6.350000,0.006136,0.739281,-1.000000
6.351000,0.006136,0.697457,-1.000000
6.352000,0.006136,0.659584,-1.000000
6.353000,0.006136,0.626225,-1.000000
6.354000,0.006136,0.595644,-1.000000
6.355000,0.006136,0.568192,-1.000000
6.356000,0.003068,-0.543079,-1.000000
6.357000,0.003068,-0.519923,-1.000000
6.358000,0.003068,-0.498772,-1.000000
6.359000,0.003068,-0.479379,-1.000000
6.360000,0.003068,-0.461382,-1.000000
6.361000,0.003068,-0.444682,-1.000000
6.362000,0.000000,-0.429118,-1.000000
6.363000,0.000000,-0.414627,-1.000000
6.364000,0.000000,-0.401031,-1.000000
6.365000,0.000000,-0.388339,-1.000000
6.366000,-0.003068,-0.376391,-1.000000
6.367000,-0.003068,-0.365254,-1.000000
6.368000,-0.003068,-0.354700,-1.000000
6.369000,-0.003068,-0.344741,-1.000000
6.370000,-0.006136,-0.342820,-1.000000
6.371000,-0.006136,-0.342820,-1.000000
6.372000,-0.006136,-0.342820,-1.000000
6.373000,-0.009204,-0.342820,-1.000000
6.374000,-0.009204,-0.342820,-1.000000
6.375000,-0.009204,-0.342820,-1.000000
6.376000,-0.012272,-0.342820,-1.000000
6.377000,-0.012272,-0.342820,-1.000000
6.378000,-0.015340,-0.342820,-1.000000
6.379000,-0.015340,-0.342820,-1.000000
6.380000,-0.015340,-0.342820,-1.000000
6.381000,-0.018408,-0.906077,-1.000000
6.382000,-0.018408,-0.906077,-1.000000
6.383000,-0.021476,-0.906077,-1.000000
6.384000,-0.021476,-0.906077,-1.000000
6.385000,-0.024544,-0.906077,-1.000000
6.386000,-0.024544,-0.906077,-1.000000
6.387000,-0.027612,-0.906077,-1.000000
6.388000,-0.027612,-0.906077,-1.000000
6.389000,-0.030680,-1.349333,-1.000000
6.390000,-0.033748,-1.349333,-1.000000
6.391000,-0.033748,-1.349333,-1.000000
6.392000,-0.036816,-1.349333,-1.000000
6.393000,-0.036816,-1.349333,-1.000000
6.394000,-0.039884,-1.349333,-1.000000
6.395000,-0.039884,-1.349333,-1.000000
6.396000,-0.042951,-1.643319,-1.000000
6.397000,-0.046019,-1.643319,-1.000000
6.398000,-0.046019,-1.643319,-1.000000
6.399000,-0.049087,-1.643319,-1.000000
6.400000,-0.052155,-1.643319,1.000000
6.401000,-0.052155,-1.643319,1.000000
6.402000,-0.055223,-1.877685,1.000000
6.403000,-0.058291,-1.877685,1.000000
6.404000,-0.058291,-1.877685,1.000000
6.405000,-0.061359,-1.877685,1.000000
6.406000,-0.061359,-1.877685,1.000000
6.407000,-0.064427,-1.877685,1.000000
6.408000,-0.067495,-1.964237,1.000000
6.409000,-0.067495,-1.964237,1.000000
6.410000,-0.070563,-1.964237,1.000000
6.411000,-0.070563,-1.964237,1.000000
6.412000,-0.073631,-1.964237,1.000000
6.413000,-0.073631,-1.964237,1.000000
6.414000,-0.076699,-1.964237,1.000000
6.415000,-0.076699,-1.734138,1.000000
6.416000,-0.079767,-1.770393,1.000000
6.417000,-0.079767,-1.770393,1.000000
6.418000,-0.082835,-1.770393,1.000000
6.419000,-0.082835,-1.770393,1.000000
6.420000,-0.082835,-1.770393,1.000000
6.421000,-0.085903,-1.770393,1.000000
6.422000,-0.085903,-1.770393,1.000000
6.423000,-0.088971,-1.629538,1.000000
6.424000,-0.088971,-1.438831,1.000000
6.425000,-0.088971,-1.287754,1.000000
6.426000,-0.092039,-1.435870,1.000000
6.427000,-0.092039,-1.435870,1.000000
6.428000,-0.092039,-1.435870,1.000000
6.429000,-0.095107,-1.435870,1.000000
6.430000,-0.095107,-1.435870,1.000000
6.431000,-0.095107,-1.435870,1.000000
6.432000,-0.095107,-1.435870,1.000000
6.433000,-0.095107,-1.435870,1.000000
6.434000,-0.098175,-1.428350,1.000000
6.435000,-0.098175,-1.279823,1.000000
6.436000,-0.098175,-1.159881,1.000000
6.437000,-0.098175,-1.059083,1.000000
6.438000,-0.098175,-0.974935,1.000000
6.439000,-0.101243,-0.903234,1.000000
6.440000,-0.101243,-0.841379,1.000000
6.441000,-0.101243,-0.787156,1.000000
6.442000,-0.101243,-0.739767,1.000000
6.443000,-0.101243,-0.697902,1.000000
6.444000,-0.101243,-0.660366,1.000000
6.445000,-0.101243,-0.626496,1.000000
6.446000,-0.101243,-0.596099,1.000000
6.447000,-0.101243,-0.568749,1.000000
6.448000,-0.101243,-0.543205,1.000000
6.449000,-0.101243,-0.520277,1.000000
6.450000,-0.101243,-0.499137,1.000000
6.451000,-0.101243,-0.479649,1.000000
6.452000,-0.101243,-0.461624,1.000000
6.453000,-0.101243,-0.444823,1.000000
6.454000,-0.101243,-0.429231,1.000000
6.455000,-0.101243,-0.414755,1.000000
6.456000,-0.101243,-0.401181,1.000000
6.457000,-0.101243,-0.388578,1.000000
6.458000,-0.098175,0.376583,1.000000
6.459000,-0.098175,0.365347,1.000000
6.460000,-0.098175,0.354851,1.000000
6.461000,-0.098175,0.344846,1.000000
6.462000,-0.098175,0.335391,1.000000
6.463000,-0.095107,0.951789,1.000000
6.464000,-0.095107,0.951789,1.000000
6.465000,-0.095107,0.951789,1.000000
6.466000,-0.095107,0.951789,1.000000
6.467000,-0.092039,0.951789,1.000000
6.468000,-0.092039,0.951789,1.000000
6.469000,-0.092039,0.951789,1.000000
6.470000,-0.092039,0.951789,1.000000
6.471000,-0.088971,0.951789,1.000000
6.472000,-0.088971,0.951789,1.000000
6.473000,-0.088971,0.951789,1.000000
6.474000,-0.085903,0.951789,1.000000
6.475000,-0.085903,0.951789,1.000000
6.476000,-0.082835,0.328772,1.000000
6.477000,-0.082835,0.328772,1.000000
6.478000,-0.082835,0.328772,1.000000
6.479000,-0.079767,0.328772,1.000000
6.480000,-0.079767,0.328772,1.000000
6.481000,-0.076699,0.328772,1.000000
6.482000,-0.076699,0.328772,1.000000
6.483000,-0.076699,0.328772,1.000000
6.484000,-0.073631,0.328772,1.000000
6.485000,-0.070563,1.173045,1.000000
6.486000,-0.070563,1.173045,1.000000
6.487000,-0.070563,1.173045,1.000000
6.488000,-0.067495,1.173045,1.000000
6.489000,-0.064427,1.173045,1.000000
6.490000,-0.064427,1.173045,1.000000
6.491000,-0.061359,1.173045,1.000000
6.492000,-0.061359,1.173045,1.000000
6.493000,-0.058291,1.513688,1.000000
6.494000,-0.058291,1.513688,1.000000
6.495000,-0.055223,1.513688,1.000000
6.496000,-0.052155,1.513688,1.000000
6.497000,-0.052155,1.513688,1.000000
6.498000,-0.049087,1.513688,1.000000
6.499000,-0.046019,1.769556,1.000000
6.500000,-0.046019,1.769556,1.000000
6.501000,-0.042951,1.769556,-1.000000
6.502000,-0.042951,1.769556,-1.000000
6.503000,-0.039884,1.769556,-1.000000
6.504000,-0.036816,1.769556,-1.000000
6.505000,-0.036816,1.769556,-1.000000
6.506000,-0.033748,1.984162,-1.000000
6.507000,-0.030680,1.984162,-1.000000
6.508000,-0.030680,1.984162,-1.000000
6.509000,-0.027612,1.984162,-1.000000
6.510000,-0.027612,1.984162,-1.000000
6.511000,-0.024544,1.984162,-1.000000
6.512000,-0.021476,1.895778,-1.000000
6.513000,-0.021476,1.895778,-1.000000
6.514000,-0.021476,1.895778,-1.000000
6.515000,-0.018408,1.895778,-1.000000
6.516000,-0.015340,1.895778,-1.000000
6.517000,-0.015340,1.895778,-1.000000
6.518000,-0.015340,1.895778,-1.000000
6.519000,-0.012272,1.750540,-1.000000
6.520000,-0.012272,1.530863,-1.000000
6.521000,-0.009204,1.637177,-1.000000
6.522000,-0.009204,1.637177,-1.000000
6.523000,-0.009204,1.637177,-1.000000
6.524000,-0.006136,1.637177,-1.000000
6.525000,-0.006136,1.637177,-1.000000
6.526000,-0.003068,1.637177,-1.000000
6.527000,-0.003068,1.637177,-1.000000
6.528000,-0.003068,1.601770,-1.000000
6.529000,-0.003068,1.415812,-1.000000
6.530000,0.000000,1.270244,-1.000000
6.531000,0.000000,1.150505,-1.000000
6.532000,0.000000,1.052197,-1.000000
6.533000,0.003068,1.248845,-1.000000
6.534000,0.003068,1.248845,-1.000000
6.535000,0.003068,1.248845,-1.000000
6.536000,0.003068,1.248845,-1.000000
6.537000,0.003068,1.248845,-1.000000
6.538000,0.003068,1.248845,-1.000000
6.539000,0.006136,1.248845,-1.000000
6.540000,0.006136,1.248845,-1.000000
6.541000,0.006136,1.248845,-1.000000
6.542000,0.006136,1.248845,-1.000000
6.543000,0.006136,1.207894,-1.000000
6.544000,0.006136,1.100254,-1.000000
6.545000,0.006136,1.009746,-1.000000
6.546000,0.006136,0.932780,-1.000000
6.547000,0.006136,0.866689,-1.000000
6.548000,0.006136,0.809501,-1.000000
6.549000,0.006136,0.759457,-1.000000
6.550000,0.006136,0.715433,-1.000000
6.551000,0.006136,0.676031,-1.000000
6.552000,0.006136,0.640637,-1.000000
6.553000,0.006136,0.608803,-1.000000
6.554000,0.006136,0.580137,-1.000000
6.555000,0.006136,0.553936,-1.000000
6.556000,0.006136,0.529896,-1.000000
6.557000,0.006136,0.508027,-1.000000
6.558000,0.003068,-0.487763,-1.000000
6.559000,0.003068,-0.469302,-1.000000
6.560000,0.003068,-0.451943,-1.000000
6.561000,0.003068,-0.435818,-1.000000
6.562000,0.003068,-0.420890,-1.000000
6.563000,0.003068,-0.406873,-1.000000
6.564000,0.000000,-0.393925,-1.000000
6.565000,0.000000,-0.381589,-1.000000
6.566000,0.000000,-0.370086,-1.000000
6.567000,0.000000,-0.359312,-1.000000
6.568000,-0.003068,-0.349060,-1.000000
6.569000,-0.003068,-0.339373,-1.000000
6.570000,-0.003068,-0.330252,-1.000000
6.571000,-0.006136,-0.325965,-1.000000
6.572000,-0.006136,-0.325965,-1.000000
6.573000,-0.006136,-0.325965,-1.000000
6.574000,-0.009204,-0.325965,-1.000000
6.575000,-0.009204,-0.325965,-1.000000
6.576000,-0.009204,-0.325965,-1.000000
6.577000,-0.012272,-0.325965,-1.000000
6.578000,-0.012272,-0.325965,-1.000000
6.579000,-0.015340,-0.325965,-1.000000
6.580000,-0.015340,-0.325965,-1.000000
6.581000,-0.015340,-0.325965,-1.000000
6.582000,-0.018408,-0.946273,-1.000000
6.583000,-0.018408,-0.946273,-1.000000
6.584000,-0.021476,-0.946273,-1.000000
6.585000,-0.021476,-0.946273,-1.000000
6.586000,-0.024544,-0.946273,-1.000000
6.587000,-0.024544,-0.946273,-1.000000
6.588000,-0.027612,-0.946273,-1.000000
6.589000,-0.027612,-0.946273,-1.000000
6.590000,-0.030680,-1.372756,-1.000000
6.591000,-0.033748,-1.372756,-1.000000
6.592000,-0.033748,-1.372756,-1.000000
6.593000,-0.036816,-1.372756,-1.000000
6.594000,-0.036816,-1.372756,-1.000000
6.595000,-0.039884,-1.372756,-1.000000
6.596000,-0.039884,-1.372756,-1.000000
6.597000,-0.042951,-1.661807,-1.000000
6.598000,-0.046019,-1.661807,-1.000000
6.599000,-0.046019,-1.661807,-1.000000
6.600000,-0.049087,-1.661807,1.000000
6.601000,-0.052155,-1.661807,1.000000
6.602000,-0.052155,-1.661807,1.000000
6.603000,-0.055223,-1.892700,1.000000
6.604000,-0.058291,-1.892700,1.000000
6.605000,-0.058291,-1.892700,1.000000
6.606000,-0.061359,-1.892700,1.000000
6.607000,-0.061359,-1.892700,1.000000
6.608000,-0.064427,-1.892700,1.000000
6.609000,-0.067495,-1.927961,1.000000
6.610000,-0.067495,-1.927961,1.000000
6.611000,-0.070563,-1.927961,1.000000
6.612000,-0.070563,-1.927961,1.000000
6.613000,-0.073631,-1.927961,1.000000
6.614000,-0.073631,-1.927961,1.000000
6.615000,-0.076699,-1.927961,1.000000
6.616000,-0.076699,-1.745664,1.000000
6.617000,-0.079767,-1.704890,1.000000
6.618000,-0.079767,-1.704890,1.000000
6.619000,-0.079767,-1.704890,1.000000
6.620000,-0.082835,-1.704890,1.000000
6.621000,-0.082835,-1.704890,1.000000
6.622000,-0.085903,-1.704890,1.000000
6.623000,-0.085903,-1.704890,1.000000
6.624000,-0.085903,-1.704890,1.000000
6.625000,-0.088971,-1.516705,1.000000
6.626000,-0.088971,-1.350007,1.000000
6.627000,-0.088971,-1.216723,1.000000
6.628000,-0.092039,-1.353427,1.000000
6.629000,-0.092039,-1.353427,1.000000
6.630000,-0.092039,-1.353427,1.000000
6.631000,-0.092039,-1.353427,1.000000
6.632000,-0.095107,-1.353427,1.000000
6.633000,-0.095107,-1.353427,1.000000
6.634000,-0.095107,-1.353427,1.000000
6.635000,-0.095107,-1.353427,1.000000
6.636000,-0.095107,-1.353427,1.000000
6.637000,-0.095107,-1.328651,1.000000
6.638000,-0.098175,-1.199107,1.000000
6.639000,-0.098175,-1.091900,1.000000
6.640000,-0.098175,-1.002778,1.000000
6.641000,-0.098175,-0.926699,1.000000
6.642000,-0.098175,-0.861722,1.000000
6.643000,-0.098175,-0.805415,1.000000
6.644000,-0.098175,-0.755447,1.000000
6.645000,-0.098175,-0.711686,1.000000
6.646000,-0.098175,-0.672711,1.000000
6.647000,-0.098175,-0.637865,1.000000
6.648000,-0.098175,-0.606433,1.000000
6.649000,-0.098175,-0.577711,1.000000
6.650000,-0.098175,-0.551728,1.000000
6.651000,-0.098175,-0.528042,1.000000
6.652000,-0.098175,-0.506245,1.000000
6.653000,-0.098175,-0.486242,1.000000
6.654000,-0.098175,-0.467703,1.000000
6.655000,-0.098175,-0.450524,1.000000
6.656000,-0.098175,-0.434479,1.000000
6.657000,-0.098175,-0.419741,1.000000
6.658000,-0.095107,-0.792340,1.000000
6.659000,-0.095107,-0.792340,1.000000
6.660000,-0.095107,-0.792340,1.000000
6.661000,-0.095107,-0.792340,1.000000
6.662000,-0.095107,-0.792340,1.000000
6.663000,-0.095107,-0.792340,1.000000
6.664000,-0.092039,-0.792340,1.000000
6.665000,-0.092039,-0.792340,1.000000
6.666000,-0.092039,-0.792340,1.000000
6.667000,-0.092039,-0.792340,1.000000
6.668000,-0.088971,-0.792340,1.000000
6.669000,-0.088971,-0.792340,1.000000
6.670000,-0.088971,-0.792340,1.000000
6.671000,-0.085903,-0.792340,1.000000
6.672000,-0.085903,-0.792340,1.000000
6.673000,-0.085903,0.790452,1.000000
6.674000,-0.082835,0.413167,1.000000
6.675000,-0.082835,0.413167,1.000000
6.676000,-0.082835,0.413167,1.000000
6.677000,-0.079767,0.413167,1.000000
6.678000,-0.079767,0.413167,1.000000
6.679000,-0.076699,0.413167,1.000000
6.680000,-0.076699,0.413167,1.000000
6.681000,-0.073631,0.413167,1.000000
6.682000,-0.073631,0.413167,1.000000
6.683000,-0.070563,1.081289,1.000000
6.684000,-0.070563,1.081289,1.000000
6.685000,-0.067495,1.081289,1.000000
6.686000,-0.067495,1.081289,1.000000
6.687000,-0.064427,1.081289,1.000000
6.688000,-0.064427,1.081289,1.000000
6.689000,-0.061359,1.081289,1.000000
6.690000,-0.061359,1.081289,1.000000
6.691000,-0.058291,1.455277,1.000000
6.692000,-0.058291,1.455277,1.000000
6.693000,-0.055223,1.455277,1.000000
6.694000,-0.052155,1.455277,1.000000
6.695000,-0.052155,1.455277,1.000000
6.696000,-0.049087,1.455277,1.000000
6.697000,-0.049087,1.455277,1.000000
6.698000,-0.046019,1.725688,1.000000
6.699000,-0.042951,1.725688,1.000000
6.700000,-0.042951,1.725688,1.000000
6.701000,-0.039884,1.725688,-1.000000
6.702000,-0.036816,1.725688,-1.000000
6.703000,-0.036816,1.725688,-1.000000
6.704000,-0.033748,1.951056,-1.000000
6.705000,-0.030680,1.951056,-1.000000
6.706000,-0.030680,1.951056,-1.000000
6.707000,-0.027612,1.951056,-1.000000
6.708000,-0.027612,1.951056,-1.000000
6.709000,-0.024544,1.951056,-1.000000
6.710000,-0.021476,1.997213,-1.000000
6.711000,-0.021476,1.997213,-1.000000
6.712000,-0.018408,1.997213,-1.000000
6.713000,-0.018408,1.997213,-1.000000
6.714000,-0.015340,1.997213,-1.000000
6.715000,-0.015340,1.997213,-1.000000
6.716000,-0.012272,1.946423,-1.000000
6.717000,-0.012272,1.680701,-1.000000
6.718000,-0.009204,1.761337,-1.000000
6.719000,-0.009204,1.761337,-1.000000
6.720000,-0.006136,1.761337,-1.000000
6.721000,-0.006136,1.761337,-1.000000
6.722000,-0.003068,1.761337,-1.000000
6.723000,-0.003068,1.761337,-1.000000
6.724000,-0.003068,1.761337,-1.000000
6.725000,0.000000,1.587262,-1.000000
6.726000,0.000000,1.405122,-1.000000
6.727000,0.000000,1.261225,-1.000000
6.728000,0.003068,1.426938,-1.000000
6.729000,0.003068,1.426938,-1.000000
6.730000,0.003068,1.426938,-1.000000
6.731000,0.006136,1.426938,-1.000000
6.732000,0.006136,1.426938,-1.000000
6.733000,0.006136,1.426938,-1.000000
6.734000,0.006136,1.426938,-1.000000
6.735000,0.006136,1.426938,-1.000000
6.736000,0.009204,1.411095,-1.000000
6.737000,0.009204,1.265996,-1.000000
6.738000,0.009204,1.148241,-1.000000
6.739000,0.009204,1.049669,-1.000000
6.740000,0.009204,0.966732,-1.000000
6.741000,0.009204,0.896154,-1.000000
6.742000,0.012272,0.835505,-1.000000
6.743000,0.012272,0.781882,-1.000000
6.744000,0.012272,0.735545,-1.000000
6.745000,0.012272,0.693800,-1.000000
6.746000,0.012272,0.656412,-1.000000
6.747000,0.012272,0.623253,-1.000000
6.748000,0.012272,0.593189,-1.000000
6.749000,0.012272,0.565733,-1.000000
6.750000,0.012272,0.540848,-1.000000
6.751000,0.012272,0.517911,-1.000000
6.752000,0.012272,0.496997,-1.000000
6.753000,0.012272,0.477677,-1.000000
6.754000,0.012272,0.459710,-1.000000
6.755000,0.012272,0.443180,-1.000000
6.756000,0.012272,0.427679,-1.000000
6.757000,0.009204,-0.413307,-1.000000
6.758000,0.009204,-0.399820,-1.000000
6.759000,0.009204,-0.387183,-1.000000
6.760000,0.009204,-0.375360,-1.000000
6.761000,0.009204,-0.364199,-1.000000
6.762000,0.009204,-0.353763,-1.000000
6.763000,0.009204,-0.343821,-1.000000
6.764000,0.006136,-0.930212,-1.000000
6.765000,0.006136,-0.930212,-1.000000
6.766000,0.006136,-0.930212,-1.000000
6.767000,0.006136,-0.930212,-1.000000
6.768000,0.003068,-0.930212,-1.000000
6.769000,0.003068,-0.930212,-1.000000
6.770000,0.003068,-0.930212,-1.000000
6.771000,0.003068,-0.930212,-1.000000
6.772000,0.000000,-0.930212,-1.000000
6.773000,0.000000,-0.930212,-1.000000
6.774000,-0.003068,-0.930212,-1.000000
6.775000,-0.003068,-0.930212,-1.000000
6.776000,-0.003068,-0.930212,-1.000000
6.777000,-0.006136,-0.341296,-1.000000
6.778000,-0.006136,-0.341296,-1.000000
6.779000,-0.006136,-0.341296,-1.000000
6.780000,-0.009204,-0.341296,-1.000000
6.781000,-0.009204,-0.341296,-1.000000
6.782000,-0.012272,-0.341296,-1.000000
6.783000,-0.012272,-0.341296,-1.000000
6.784000,-0.015340,-0.341296,-1.000000
6.785000,-0.015340,-0.341296,-1.000000
6.786000,-0.018408,-1.159217,-1.000000
6.787000,-0.018408,-1.159217,-1.000000
6.788000,-0.021476,-1.159217,-1.000000
6.789000,-0.021476,-1.159217,-1.000000
6.790000,-0.024544,-1.159217,-1.000000
6.791000,-0.024544,-1.159217,-1.000000
6.792000,-0.027612,-1.159217,-1.000000
6.793000,-0.027612,-1.159217,-1.000000
6.794000,-0.030680,-1.505797,-1.000000
6.795000,-0.030680,-1.505797,-1.000000
6.796000,-0.033748,-1.505797,-1.000000
6.797000,-0.036816,-1.505797,-1.000000
6.798000,-0.036816,-1.505797,-1.000000
6.799000,-0.039884,-1.505797,-1.000000
6.800000,-0.042951,-1.764563,-1.000000
6.801000,-0.042951,-1.764563,1.000000
6.802000,-0.046019,-1.764563,1.000000
6.803000,-0.046019,-1.764563,1.000000
6.804000,-0.049087,-1.764563,1.000000
6.805000,-0.052155,-1.764563,1.000000
6.806000,-0.052155,-1.764563,1.000000
6.807000,-0.055223,-1.939715,1.000000
6.808000,-0.058291,-1.939715,1.000000
6.809000,-0.058291,-1.939715,1.000000
6.810000,-0.061359,-1.939715,1.000000
6.811000,-0.061359,-1.939715,1.000000
6.812000,-0.064427,-1.939715,1.000000
6.813000,-0.064427,-1.817700,1.000000
6.814000,-0.067495,-1.828473,1.000000
6.815000,-0.067495,-1.828473,1.000000
6.816000,-0.070563,-1.828473,1.000000
6.817000,-0.070563,-1.828473,1.000000
6.818000,-0.073631,-1.828473,1.000000
6.819000,-0.073631,-1.828473,1.000000
6.820000,-0.073631,-1.828473,1.000000
6.821000,-0.076699,-1.643086,1.000000
6.822000,-0.076699,-1.449578,1.000000
6.823000,-0.079767,-1.532462,1.000000
6.824000,-0.079767,-1.532462,1.000000
6.825000,-0.079767,-1.532462,1.000000
6.826000,-0.082835,-1.532462,1.000000
6.827000,-0.082835,-1.532462,1.000000
6.828000,-0.082835,-1.532462,1.000000
6.829000,-0.085903,-1.532462,1.000000
6.830000,-0.085903,-1.532462,1.000000
6.831000,-0.085903,-1.472919,1.000000
6.832000,-0.085903,-1.315489,1.000000
6.833000,-0.088971,-1.188689,1.000000
6.834000,-0.088971,-1.083821,1.000000
6.835000,-0.088971,-0.995507,1.000000
6.836000,-0.088971,-0.920882,1.000000
6.837000,-0.088971,-0.856324,1.000000
6.838000,-0.088971,-0.800460,1.000000
6.839000,-0.092039,-1.101728,1.000000
6.840000,-0.092039,-1.101728,1.000000
6.841000,-0.092039,-1.101728,1.000000
6.842000,-0.092039,-1.101728,1.000000
6.843000,-0.092039,-1.101728,1.000000
6.844000,-0.092039,-1.101728,1.000000
6.845000,-0.092039,-1.101728,1.000000
6.846000,-0.092039,-1.101728,1.000000
6.847000,-0.092039,-1.101728,1.000000
6.848000,-0.092039,-1.101728,1.000000
6.849000,-0.092039,-1.101728,1.000000
6.850000,-0.092039,-1.090120,1.000000
6.851000,-0.092039,-1.000923,1.000000
6.852000,-0.092039,-0.925550,1.000000
6.853000,-0.092039,-0.860283,1.000000
6.854000,-0.092039,-0.804127,1.000000
6.855000,-0.092039,-0.754843,1.000000
6.856000,-0.092039,-0.711268,1.000000
6.857000,-0.088971,0.672094,1.000000
6.858000,-0.088971,0.637253,1.000000
6.859000,-0.088971,0.605701,1.000000
6.860000,-0.088971,0.577331,1.000000
6.861000,-0.088971,0.551497,1.000000
6.862000,-0.088971,0.527545,1.000000
6.863000,-0.085903,0.505895,1.000000
6.864000,-0.085903,0.486192,1.000000
6.865000,-0.085903,0.467253,1.000000
6.866000,-0.085903,0.450186,1.000000
6.867000,-0.082835,0.442480,1.000000
6.868000,-0.082835,0.442480,1.000000
6.869000,-0.082835,0.442480,1.000000
6.870000,-0.079767,0.442480,1.000000
6.871000,-0.079767,0.442480,1.000000
6.872000,-0.079767,0.442480,1.000000
6.873000,-0.076699,0.442480,1.000000
6.874000,-0.076699,0.442480,1.000000
6.875000,-0.076699,0.442480,1.000000
6.876000,-0.073631,0.442480,1.000000
6.877000,-0.073631,0.442480,1.000000
6.878000,-0.070563,0.756714,1.000000
6.879000,-0.070563,0.756714,1.000000
6.880000,-0.070563,0.756714,1.000000
6.881000,-0.067495,0.756714,1.000000
6.882000,-0.067495,0.756714,1.000000
6.883000,-0.064427,0.756714,1.000000
6.884000,-0.064427,0.756714,1.000000
6.885000,-0.061359,0.756714,1.000000
6.886000,-0.061359,0.756714,1.000000
6.887000,-0.058291,1.273977,1.000000
6.888000,-0.058291,1.273977,1.000000
6.889000,-0.055223,1.273977,1.000000
6.890000,-0.055223,1.273977,1.000000
6.891000,-0.052155,1.273977,1.000000
6.892000,-0.052155,1.273977,1.000000
6.893000,-0.049087,1.273977,1.000000
6.894000,-0.046019,1.589492,1.000000
6.895000,-0.046019,1.589492,1.000000
6.896000,-0.042951,1.589492,1.000000
6.897000,-0.039884,1.589492,1.000000
6.898000,-0.039884,1.589492,1.000000
6.899000,-0.036816,1.589492,1.000000
6.900000,-0.033748,1.839711,1.000000
6.901000,-0.033748,1.839711,-1.000000
6.902000,-0.030680,1.839711,-1.000000
6.903000,-0.030680,1.839711,-1.000000
6.904000,-0.027612,1.839711,-1.000000
6.905000,-0.024544,1.839711,-1.000000
6.906000,-0.024544,1.839711,-1.000000
6.907000,-0.021476,2.002264,-1.000000
6.908000,-0.018408,2.002264,-1.000000
6.909000,-0.018408,2.002264,-1.000000
6.910000,-0.015340,2.002264,-1.000000
6.911000,-0.015340,2.002264,-1.000000
6.912000,-0.012272,2.002264,-1.000000
6.913000,-0.012272,1.778135,-1.000000
6.914000,-0.009204,1.914841,-1.000000
6.915000,-0.009204,1.914841,-1.000000
6.916000,-0.006136,1.914841,-1.000000
6.917000,-0.006136,1.914841,-1.000000
6.918000,-0.003068,1.914841,-1.000000
6.919000,-0.003068,1.914841,-1.000000
6.920000,0.000000,1.762968,-1.000000
6.921000,0.000000,1.542063,-1.000000
6.922000,0.003068,1.620658,-1.000000
6.923000,0.003068,1.620658,-1.000000
6.924000,0.003068,1.620658,-1.000000
6.925000,0.006136,1.620658,-1.000000
6.926000,0.006136,1.620658,-1.000000
6.927000,0.006136,1.620658,-1.000000
6.928000,0.009204,1.620658,-1.000000
6.929000,0.009204,1.620658,-1.000000
6.930000,0.009204,1.440910,-1.000000
6.931000,0.012272,1.287943,-1.000000
6.932000,0.012272,1.165982,-1.000000
6.933000,0.012272,1.064288,-1.000000
6.934000,0.012272,0.979889,-1.000000
6.935000,0.015340,1.231157,-1.000000
6.936000,0.015340,1.231157,-1.000000
6.937000,0.015340,1.231157,-1.000000
6.938000,0.015340,1.231157,-1.000000
6.939000,0.015340,1.231157,-1.000000
6.940000,0.015340,1.231157,-1.000000
6.941000,0.018408,1.231157,-1.000000
6.942000,0.018408,1.231157,-1.000000
6.943000,0.018408,1.231157,-1.000000
6.944000,0.018408,1.231157,-1.000000
6.945000,0.018408,1.151942,-1.000000
6.946000,0.018408,1.052997,-1.000000
6.947000,0.018408,0.971056,-1.000000
6.948000,0.018408,0.898900,-1.000000
6.949000,0.018408,0.837317,-1.000000
6.950000,0.018408,0.783770,-1.000000
6.951000,0.018408,0.736922,-1.000000
6.952000,0.018408,0.695127,-1.000000
6.953000,0.018408,0.657782,-1.000000
6.954000,0.018408,0.624273,-1.000000
6.955000,0.018408,0.594022,-1.000000
6.956000,0.018408,0.566809,-1.000000
6.957000,0.018408,0.541604,-1.000000
6.958000,0.015340,-0.518709,-1.000000
6.959000,0.015340,-0.497699,-1.000000
6.960000,0.015340,-0.478343,-1.000000
6.961000,0.015340,-0.460380,-1.000000
6.962000,0.015340,-0.443779,-1.000000
6.963000,0.015340,-0.428293,-1.000000
6.964000,0.012272,-0.413825,-1.000000
6.965000,0.012272,-0.400333,-1.000000
6.966000,0.012272,-0.387639,-1.000000
6.967000,0.012272,-0.375835,-1.000000
6.968000,0.009204,-0.364669,-1.000000
6.969000,0.009204,-0.354113,-1.000000
6.970000,0.009204,-0.344183,-1.000000
6.971000,0.009204,-0.334764,-1.000000
6.972000,0.006136,-0.335356,-1.000000
6.973000,0.006136,-0.335356,-1.000000
6.974000,0.006136,-0.335356,-1.000000
6.975000,0.003068,-0.335356,-1.000000
6.976000,0.003068,-0.335356,-1.000000
6.977000,0.000000,-0.335356,-1.000000
6.978000,0.000000,-0.335356,-1.000000
6.979000,0.000000,-0.335356,-1.000000
6.980000,-0.003068,-0.335356,-1.000000
6.981000,-0.003068,-0.335356,-1.000000
6.982000,-0.006136,-0.919217,-1.000000
6.983000,-0.006136,-0.919217,-1.000000
6.984000,-0.009204,-0.919217,-1.000000
6.985000,-0.009204,-0.919217,-1.000000
6.986000,-0.009204,-0.919217,-1.000000
6.987000,-0.012272,-0.919217,-1.000000
6.988000,-0.015340,-0.919217,-1.000000
6.989000,-0.015340,-0.919217,-1.000000
6.990000,-0.018408,-1.353649,-1.000000
6.991000,-0.018408,-1.353649,-1.000000
6.992000,-0.021476,-1.353649,-1.000000
6.993000,-0.021476,-1.353649,-1.000000
6.994000,-0.024544,-1.353649,-1.000000
6.995000,-0.024544,-1.353649,-1.000000
6.996000,-0.027612,-1.353649,-1.000000
6.997000,-0.030680,-1.643933,-1.000000
6.998000,-0.030680,-1.643933,-1.000000
6.999000,-0.033748,-1.643933,-1.000000
7.000000,-0.033748,-1.643933,-1.000000
7.001000,-0.036816,-1.643933,1.000000
7.002000,-0.039884,-1.643933,1.000000
7.003000,-0.039884,-1.643933,1.000000
7.004000,-0.042951,-1.875863,1.000000
7.005000,-0.046019,-1.875863,1.000000
7.006000,-0.046019,-1.875863,1.000000
7.007000,-0.049087,-1.875863,1.000000
7.008000,-0.052155,-1.875863,1.000000
7.009000,-0.052155,-1.875863,1.000000
7.010000,-0.055223,-1.933399,1.000000
7.011000,-0.055223,-1.933399,1.000000
7.012000,-0.058291,-1.933399,1.000000
7.013000,-0.058291,-1.933399,1.000000
7.014000,-0.061359,-1.933399,1.000000
7.015000,-0.061359,-1.933399,1.000000
7.016000,-0.064427,-1.933399,1.000000
7.017000,-0.064427,-1.709306,1.000000
7.018000,-0.067495,-1.688212,1.000000
7.019000,-0.067495,-1.688212,1.000000
7.020000,-0.067495,-1.688212,1.000000
7.021000,-0.070563,-1.688212,1.000000
7.022000,-0.070563,-1.688212,1.000000
7.023000,-0.073631,-1.688212,1.000000
7.024000,-0.073631,-1.688212,1.000000
7.025000,-0.073631,-1.688212,1.000000
7.026000,-0.076699,-1.495505,1.000000
7.027000,-0.076699,-1.332959,1.000000
7.028000,-0.076699,-1.202312,1.000000
7.029000,-0.079767,-1.347458,1.000000
7.030000,-0.079767,-1.347458,1.000000
7.031000,-0.079767,-1.347458,1.000000
7.032000,-0.079767,-1.347458,1.000000
7.033000,-0.082835,-1.347458,1.000000
7.034000,-0.082835,-1.347458,1.000000
7.035000,-0.082835,-1.347458,1.000000
7.036000,-0.082835,-1.347458,1.000000
7.037000,-0.082835,-1.347458,1.000000
7.038000,-0.082835,-1.326310,1.000000
7.039000,-0.085903,-1.197252,1.000000
7.040000,-0.085903,-1.090932,1.000000
7.041000,-0.085903,-1.001953,1.000000
7.042000,-0.085903,-0.926372,1.000000
7.043000,-0.085903,-0.861282,1.000000
7.044000,-0.085903,-0.804511,1.000000
7.045000,-0.085903,-0.754990,1.000000
7.046000,-0.085903,-0.711213,1.000000
7.047000,-0.085903,-0.672227,1.000000
7.048000,-0.085903,-0.637603,1.000000
7.049000,-0.085903,-0.606096,1.000000
7.050000,-0.085903,-0.577557,1.000000
7.051000,-0.085903,-0.551587,1.000000
7.052000,-0.085903,-0.527716,1.000000
7.053000,-0.085903,-0.506122,1.000000
7.054000,-0.085903,-0.486068,1.000000
7.055000,-0.085903,-0.467539,1.000000
7.056000,-0.085903,-0.450373,1.000000
7.057000,-0.085903,-0.434409,1.000000
7.058000,-0.082835,-0.774212,1.000000
7.059000,-0.082835,-0.774212,1.000000
7.060000,-0.082835,-0.774212,1.000000
7.061000,-0.082835,-0.774212,1.000000
7.062000,-0.082835,-0.774212,1.000000
7.063000,-0.082835,-0.774212,1.000000
7.064000,-0.079767,-0.774212,1.000000
7.065000,-0.079767,-0.774212,1.000000
7.066000,-0.079767,-0.774212,1.000000
7.067000,-0.079767,-0.774212,1.000000
7.068000,-0.076699,-0.774212,1.000000
7.069000,-0.076699,-0.774212,1.000000
7.070000,-0.076699,-0.774212,1.000000
7.071000,-0.076699,-0.774212,1.000000
7.072000,-0.073631,-0.774212,1.000000
7.073000,-0.073631,-0.774212,1.000000
7.074000,-0.070563,0.423638,1.000000
7.075000,-0.070563,0.423638,1.000000
7.076000,-0.070563,0.423638,1.000000
7.077000,-0.067495,0.423638,1.000000
7.078000,-0.067495,0.423638,1.000000
7.079000,-0.067495,0.423638,1.000000
7.080000,-0.064427,0.423638,1.000000
7.081000,-0.064427,0.423638,1.000000
7.082000,-0.061359,0.423638,1.000000
7.083000,-0.061359,0.423638,1.000000
7.084000,-0.058291,1.069337,1.000000
7.085000,-0.058291,1.069337,1.000000
7.086000,-0.055223,1.069337,1.000000
7.087000,-0.055223,1.069337,1.000000
7.088000,-0.052155,1.069337,1.000000
7.089000,-0.052155,1.069337,1.000000
7.090000,-0.049087,1.069337,1.000000
7.091000,-0.049087,1.069337,1.000000
7.092000,-0.046019,1.444441,1.000000
7.093000,-0.046019,1.444441,1.000000
7.094000,-0.042951,1.444441,1.000000
7.095000,-0.039884,1.444441,1.000000
7.096000,-0.039884,1.444441,1.000000
7.097000,-0.036816,1.444441,1.000000
7.098000,-0.033748,1.719361,1.000000
7.099000,-0.033748,1.719361,1.000000
7.100000,-0.030680,1.719361,-1.000000
7.101000,-0.030680,1.719361,-1.000000
7.102000,-0.027612,1.719361,-1.000000
7.103000,-0.024544,1.719361,-1.000000
7.104000,-0.024544,1.719361,-1.000000
7.105000,-0.021476,1.939370,-1.000000
7.106000,-0.018408,1.939370,-1.000000
7.107000,-0.018408,1.939370,-1.000000
7.108000,-0.015340,1.939370,-1.000000
7.109000,-0.015340,1.939370,-1.000000
7.110000,-0.012272,1.939370,-1.000000
7.111000,-0.012272,1.801541,-1.000000
7.112000,-0.009204,1.846324,-1.000000
7.113000,-0.009204,1.846324,-1.000000
7.114000,-0.006136,1.846324,-1.000000
7.115000,-0.006136,1.846324,-1.000000
7.116000,-0.003068,1.846324,-1.000000
7.117000,-0.003068,1.846324,-1.000000
7.118000,0.000000,1.803236,-1.000000
7.119000,0.000000,1.571129,-1.000000
7.120000,0.003068,1.606111,-1.000000
7.121000,0.003068,1.606111,-1.000000
7.122000,0.003068,1.606111,-1.000000
7.123000,0.006136,1.606111,-1.000000
7.124000,0.006136,1.606111,-1.000000
7.125000,0.006136,1.606111,-1.000000
7.126000,0.009204,1.606111,-1.000000
7.127000,0.009204,1.606111,-1.000000
7.128000,0.009204,1.507420,-1.000000
7.129000,0.009204,1.341440,-1.000000
7.130000,0.012272,1.209547,-1.000000
7.131000,0.012272,1.101235,-1.000000
7.132000,0.012272,1.010233,-1.000000
7.133000,0.012272,0.933588,-1.000000
7.134000,0.015340,1.201919,-1.000000
7.135000,0.015340,1.201919,-1.000000
7.136000,0.015340,1.201919,-1.000000
7.137000,0.015340,1.201919,-1.000000
7.138000,0.015340,1.201919,-1.000000
7.139000,0.015340,1.201919,-1.000000
7.140000,0.015340,1.201919,-1.000000
7.141000,0.018408,1.201919,-1.000000
7.142000,0.018408,1.201919,-1.000000
7.143000,0.018408,1.201919,-1.000000
7.144000,0.018408,1.125753,-1.000000
7.145000,0.018408,1.031620,-1.000000
7.146000,0.018408,0.951502,-1.000000
7.147000,0.018408,0.882733,-1.000000
7.148000,0.018408,0.823476,-1.000000
7.149000,0.018408,0.771880,-1.000000
7.150000,0.018408,0.726006,-1.000000
7.151000,0.018408,0.685626,-1.000000
7.152000,0.018408,0.649474,-1.000000
7.153000,0.018408,0.616912,-1.000000
7.154000,0.018408,0.587145,-1.000000
7.155000,0.015340,-0.560455,-1.000000
7.156000,0.015340,-0.535958,-1.000000
7.157000,0.015340,-0.513517,-1.000000
7.158000,0.015340,-0.492770,-1.000000
7.159000,0.015340,-0.473896,-1.000000
7.160000,0.015340,-0.456283,-1.000000
7.161000,0.015340,-0.439896,-1.000000
7.162000,0.012272,-0.424689,-1.000000
7.163000,0.012272,-0.410438,-1.000000
7.164000,0.012272,-0.397157,-1.000000
7.165000,0.012272,-0.384675,-1.000000
7.166000,0.009204,-0.373050,-1.000000
7.167000,0.009204,-0.362009,-1.000000
7.168000,0.009204,-0.351607,-1.000000
7.169000,0.006136,-0.341867,-1.000000
7.170000,0.006136,-0.342936,-1.000000
7.171000,0.006136,-0.342936,-1.000000
7.172000,0.006136,-0.342936,-1.000000
7.173000,0.003068,-0.342936,-1.000000
7.174000,0.003068,-0.342936,-1.000000
7.175000,0.000000,-0.342936,-1.000000
7.176000,0.000000,-0.342936,-1.000000
7.177000,0.000000,-0.342936,-1.000000
7.178000,-0.003068,-0.342936,-1.000000
7.179000,-0.003068,-0.342936,-1.000000
7.180000,-0.006136,-0.900721,-1.000000
7.181000,-0.006136,-0.900721,-1.000000
7.182000,-0.009204,-0.900721,-1.000000
7.183000,-0.009204,-0.900721,-1.000000
7.184000,-0.009204,-0.900721,-1.000000
7.185000,-0.012272,-0.900721,-1.000000
7.186000,-0.015340,-0.900721,-1.000000
7.187000,-0.015340,-0.900721,-1.000000
7.188000,-0.018408,-1.345638,-1.000000
7.189000,-0.018408,-1.345638,-1.000000
7.190000,-0.021476,-1.345638,-1.000000
7.191000,-0.021476,-1.345638,-1.000000
7.192000,-0.024544,-1.345638,-1.000000
7.193000,-0.024544,-1.345638,-1.000000
7.194000,-0.027612,-1.345638,-1.000000
7.195000,-0.030680,-1.640225,-1.000000
7.196000,-0.030680,-1.640225,-1.000000
7.197000,-0.033748,-1.640225,-1.000000
7.198000,-0.033748,-1.640225,-1.000000
7.199000,-0.036816,-1.640225,-1.000000
7.200000,-0.039884,-1.640225,-1.000000
7.201000,-0.039884,-1.640225,1.000000
7.202000,-0.042951,-1.874693,1.000000
7.203000,-0.046019,-1.874693,1.000000
7.204000,-0.046019,-1.874693,1.000000
7.205000,-0.049087,-1.874693,1.000000
7.206000,-0.052155,-1.874693,1.000000
7.207000,-0.052155,-1.874693,1.000000
7.208000,-0.055223,-2.016130,1.000000
7.209000,-0.058291,-2.016130,1.000000
7.210000,-0.058291,-2.016130,1.000000
7.211000,-0.061359,-2.016130,1.000000
7.212000,-0.061359,-2.016130,1.000000
7.213000,-0.064427,-2.016130,1.000000
7.214000,-0.064427,-1.831399,1.000000
7.215000,-0.067495,-1.838831,1.000000
7.216000,-0.067495,-1.838831,1.000000
7.217000,-0.070563,-1.838831,1.000000
7.218000,-0.070563,-1.838831,1.000000
7.219000,-0.073631,-1.838831,1.000000
7.220000,-0.073631,-1.838831,1.000000
7.221000,-0.076699,-1.838831,1.000000
7.222000,-0.076699,-1.642820,1.000000
7.223000,-0.076699,-1.448221,1.000000
7.224000,-0.079767,-1.539658,1.000000
7.225000,-0.079767,-1.539658,1.000000
7.226000,-0.079767,-1.539658,1.000000
7.227000,-0.082835,-1.539658,1.000000
7.228000,-0.082835,-1.539658,1.000000
7.229000,-0.082835,-1.539658,1.000000
7.230000,-0.085903,-1.539658,1.000000
7.231000,-0.085903,-1.539658,1.000000
7.232000,-0.085903,-1.464814,1.000000
7.233000,-0.085903,-1.308758,1.000000
7.234000,-0.088971,-1.182194,1.000000
7.235000,-0.088971,-1.078013,1.000000
7.236000,-0.088971,-0.990931,1.000000
7.237000,-0.088971,-0.916875,1.000000
7.238000,-0.088971,-0.853642,1.000000
7.239000,-0.088971,-0.797806,1.000000
7.240000,-0.092039,-1.103339,1.000000
7.241000,-0.092039,-1.103339,1.000000
7.242000,-0.092039,-1.103339,1.000000
7.243000,-0.092039,-1.103339,1.000000
7.244000,-0.092039,-1.103339,1.000000
7.245000,-0.092039,-1.103339,1.000000
7.246000,-0.092039,-1.103339,1.000000
7.247000,-0.092039,-1.103339,1.000000
7.248000,-0.092039,-1.103339,1.000000
7.249000,-0.092039,-1.103339,1.000000
7.250000,-0.092039,-1.103339,1.000000
7.251000,-0.092039,-1.085330,1.000000
7.252000,-0.092039,-0.997453,1.000000
7.253000,-0.092039,-0.922111,1.000000
7.254000,-0.092039,-0.857884,1.000000
7.255000,-0.092039,-0.801710,1.000000
7.256000,-0.092039,-0.752553,1.000000
7.257000,-0.092039,-0.708882,1.000000
7.258000,-0.088971,0.670222,1.000000
7.259000,-0.088971,0.635658,1.000000
7.260000,-0.088971,0.604351,1.000000
7.261000,-0.088971,0.575959,1.000000
7.262000,-0.088971,0.550020,1.000000
7.263000,-0.088971,0.526614,1.000000
7.264000,-0.085903,0.504834,1.000000
7.265000,-0.085903,0.484877,1.000000
7.266000,-0.085903,0.466502,1.000000
7.267000,-0.085903,0.449338,1.000000
7.268000,-0.082835,0.446342,1.000000
7.269000,-0.082835,0.446342,1.000000
7.270000,-0.082835,0.446342,1.000000
7.271000,-0.079767,0.446342,1.000000
7.272000,-0.079767,0.446342,1.000000
7.273000,-0.079767,0.446342,1.000000
7.274000,-0.076699,0.446342,1.000000
7.275000,-0.076699,0.446342,1.000000
7.276000,-0.076699,0.446342,1.000000
7.277000,-0.073631,0.446342,1.000000
7.278000,-0.073631,0.446342,1.000000
7.279000,-0.070563,0.755325,1.000000
7.280000,-0.070563,0.755325,1.000000
7.281000,-0.070563,0.755325,1.000000
7.282000,-0.067495,0.755325,1.000000
7.283000,-0.067495,0.755325,1.000000
7.284000,-0.064427,0.755325,1.000000
7.285000,-0.064427,0.755325,1.000000
7.286000,-0.061359,0.755325,1.000000
7.287000,-0.061359,0.755325,1.000000
7.288000,-0.058291,1.272733,1.000000
7.289000,-0.058291,1.272733,1.000000
7.290000,-0.055223,1.272733,1.000000
7.291000,-0.055223,1.272733,1.000000
7.292000,-0.052155,1.272733,1.000000
7.293000,-0.049087,1.272733,1.000000
7.294000,-0.049087,1.272733,1.000000
7.295000,-0.046019,1.585971,1.000000
7.296000,-0.046019,1.585971,1.000000
7.297000,-0.042951,1.585971,1.000000
7.298000,-0.039884,1.585971,1.000000
7.299000,-0.039884,1.585971,1.000000
7.300000,-0.036816,1.585971,1.000000
7.301000,-0.033748,1.835199,-1.000000
7.302000,-0.033748,1.835199,-1.000000
7.303000,-0.030680,1.835199,-1.000000
7.304000,-0.027612,1.835199,-1.000000
7.305000,-0.027612,1.835199,-1.000000
7.306000,-0.024544,1.835199,-1.000000
7.307000,-0.024544,1.835199,-1.000000
7.308000,-0.021476,1.978749,-1.000000
7.309000,-0.018408,1.978749,-1.000000
7.310000,-0.018408,1.978749,-1.000000
7.311000,-0.015340,1.978749,-1.000000
7.312000,-0.015340,1.978749,-1.000000
7.313000,-0.012272,1.978749,-1.000000
7.314000,-0.012272,1.772986,-1.000000
7.315000,-0.009204,1.838257,-1.000000
7.316000,-0.009204,1.838257,-1.000000
7.317000,-0.006136,1.838257,-1.000000
7.318000,-0.006136,1.838257,-1.000000
7.319000,-0.003068,1.838257,-1.000000
7.320000,-0.003068,1.838257,-1.000000
7.321000,-0.003068,1.829878,-1.000000
7.322000,0.000000,1.593137,-1.000000
7.323000,0.000000,1.410485,-1.000000
7.324000,0.003068,1.528549,-1.000000
7.325000,0.003068,1.528549,-1.000000
7.326000,0.003068,1.528549,-1.000000
7.327000,0.006136,1.528549,-1.000000
7.328000,0.006136,1.528549,-1.000000
7.329000,0.006136,1.528549,-1.000000
7.330000,0.009204,1.528549,-1.000000
7.331000,0.009204,1.528549,-1.000000
7.332000,0.009204,1.437038,-1.000000
7.333000,0.009204,1.286839,-1.000000
7.334000,0.009204,1.165078,-1.000000
7.335000,0.012272,1.062692,-1.000000
7.336000,0.012272,0.978476,-1.000000
7.337000,0.012272,0.906343,-1.000000
7.338000,0.012272,0.844129,-1.000000
7.339000,0.012272,0.789902,-1.000000
7.340000,0.012272,0.741995,-1.000000
7.341000,0.015340,1.092964,-1.000000
7.342000,0.015340,1.092964,-1.000000
7.343000,0.015340,1.092964,-1.000000
7.344000,0.015340,1.092964,-1.000000
7.345000,0.015340,1.092964,-1.000000
7.346000,0.015340,1.092964,-1.000000
7.347000,0.015340,1.092964,-1.000000
7.348000,0.015340,1.092964,-1.000000
7.349000,0.015340,1.092964,-1.000000
7.350000,0.015340,1.092964,-1.000000
7.351000,0.015340,1.092964,-1.000000
7.352000,0.015340,1.029919,-1.000000
7.353000,0.015340,0.950791,-1.000000
7.354000,0.015340,0.882250,-1.000000
7.355000,0.015340,0.823406,-1.000000
7.356000,0.015340,0.771102,-1.000000
7.357000,0.012272,-0.725753,-1.000000
7.358000,0.012272,-0.685010,-1.000000
7.359000,0.012272,-0.648745,-1.000000
7.360000,0.012272,-0.616474,-1.000000
7.361000,0.012272,-0.586715,-1.000000
7.362000,0.012272,-0.560196,-1.000000
7.363000,0.009204,-0.535696,-1.000000
7.364000,0.009204,-0.513256,-1.000000
7.365000,0.009204,-0.492802,-1.000000
7.366000,0.009204,-0.473627,-1.000000
7.367000,0.006136,-0.462599,-1.000000
7.368000,0.006136,-0.462599,-1.000000
7.369000,0.006136,-0.462599,-1.000000
7.370000,0.003068,-0.462599,-1.000000
7.371000,0.003068,-0.462599,-1.000000
7.372000,0.003068,-0.462599,-1.000000
7.373000,0.003068,-0.462599,-1.000000
7.374000,0.000000,-0.462599,-1.000000
7.375000,0.000000,-0.462599,-1.000000
7.376000,-0.003068,-0.462599,-1.000000
7.377000,-0.003068,-0.462599,-1.000000
7.378000,-0.003068,-0.462599,-1.000000
7.379000,-0.006136,-0.734052,-1.000000
7.380000,-0.006136,-0.734052,-1.000000
7.381000,-0.009204,-0.734052,-1.000000
7.382000,-0.009204,-0.734052,-1.000000
7.383000,-0.012272,-0.734052,-1.000000
7.384000,-0.012272,-0.734052,-1.000000
7.385000,-0.015340,-0.734052,-1.000000
7.386000,-0.015340,-0.734052,-1.000000
7.387000,-0.018408,-1.266891,-1.000000
7.388000,-0.018408,-1.266891,-1.000000
7.389000,-0.021476,-1.266891,-1.000000
7.390000,-0.021476,-1.266891,-1.000000
7.391000,-0.024544,-1.266891,-1.000000
7.392000,-0.024544,-1.266891,-1.000000
7.393000,-0.027612,-1.266891,-1.000000
7.394000,-0.030680,-1.586307,-1.000000
7.395000,-0.030680,-1.586307,-1.000000
7.396000,-0.033748,-1.586307,-1.000000
7.397000,-0.033748,-1.586307,-1.000000
7.398000,-0.036816,-1.586307,-1.000000
7.399000,-0.039884,-1.586307,-1.000000
7.400000,-0.039884,-1.586307,-1.000000
7.401000,-0.042951,-1.836625,1.000000
7.402000,-0.046019,-1.836625,1.000000
7.403000,-0.046019,-1.836625,1.000000
7.404000,-0.049087,-1.836625,1.000000
7.405000,-0.052155,-1.836625,1.000000
7.406000,-0.052155,-1.836625,1.000000
7.407000,-0.055223,-1.995895,1.000000
7.408000,-0.055223,-1.995895,1.000000
7.409000,-0.058291,-1.995895,1.000000
7.410000,-0.061359,-1.995895,1.000000
7.411000,-0.061359,-1.995895,1.000000
7.412000,-0.064427,-1.995895,1.000000
7.413000,-0.064427,-1.866523,1.000000
7.414000,-0.067495,-1.891355,1.000000
7.415000,-0.067495,-1.891355,1.000000
7.416000,-0.070563,-1.891355,1.000000
7.417000,-0.070563,-1.891355,1.000000
7.418000,-0.073631,-1.891355,1.000000
7.419000,-0.073631,-1.891355,1.000000
7.420000,-0.076699,-1.860298,1.000000
7.421000,-0.076699,-1.615658,1.000000
7.422000,-0.079767,-1.611151,1.000000
7.423000,-0.079767,-1.611151,1.000000
7.424000,-0.079767,-1.611151,1.000000
7.425000,-0.082835,-1.611151,1.000000
7.426000,-0.082835,-1.611151,1.000000
7.427000,-0.082835,-1.611151,1.000000
7.428000,-0.085903,-1.611151,1.000000
7.429000,-0.085903,-1.611151,1.000000
7.430000,-0.085903,-1.526228,1.000000
7.431000,-0.088971,-1.358843,1.000000
7.432000,-0.088971,-1.223306,1.000000
7.433000,-0.088971,-1.112363,1.000000
7.434000,-0.088971,-1.019893,1.000000
7.435000,-0.092039,-1.216959,1.000000
7.436000,-0.092039,-1.216959,1.000000
7.437000,-0.092039,-1.216959,1.000000
7.438000,-0.092039,-1.216959,1.000000
7.439000,-0.092039,-1.216959,1.000000
7.440000,-0.092039,-1.216959,1.000000
7.441000,-0.095107,-1.216959,1.000000
7.442000,-0.095107,-1.216959,1.000000
7.443000,-0.095107,-1.216959,1.000000
7.444000,-0.095107,-1.216959,1.000000
7.445000,-0.095107,-1.214138,1.000000
7.446000,-0.095107,-1.104023,1.000000
7.447000,-0.095107,-1.013398,1.000000
7.448000,-0.095107,-0.935567,1.000000
7.449000,-0.095107,-0.869658,1.000000
7.450000,-0.095107,-0.812322,1.000000
7.451000,-0.095107,-0.761771,1.000000
7.452000,-0.095107,-0.716908,1.000000
7.453000,-0.095107,-0.677696,1.000000
7.454000,-0.095107,-0.641973,1.000000
7.455000,-0.095107,-0.610192,1.000000
7.456000,-0.095107,-0.581133,1.000000
7.457000,-0.095107,-0.554873,1.000000
7.458000,-0.095107,-0.530906,1.000000
7.459000,-0.092039,0.508979,1.000000
7.460000,-0.092039,0.488742,1.000000
7.461000,-0.092039,0.470121,1.000000
7.462000,-0.092039,0.452681,1.000000
7.463000,-0.092039,0.436447,1.000000
7.464000,-0.092039,0.421455,1.000000
7.465000,-0.088971,0.407597,1.000000
7.466000,-0.088971,0.394500,1.000000
7.467000,-0.088971,0.382173,1.000000
7.468000,-0.088971,0.370595,1.000000
7.469000,-0.085903,0.359700,1.000000
7.470000,-0.085903,0.349541,1.000000
7.471000,-0.085903,0.339806,1.000000
7.472000,-0.085903,0.330725,1.000000
7.473000,-0.082835,0.331299,1.000000
7.474000,-0.082835,0.331299,1.000000
7.475000,-0.082835,0.331299,1.000000
7.476000,-0.079767,0.331299,1.000000
7.477000,-0.079767,0.331299,1.000000
7.478000,-0.076699,0.331299,1.000000
7.479000,-0.076699,0.331299,1.000000
7.480000,-0.076699,0.331299,1.000000
7.481000,-0.073631,0.331299,1.000000
7.482000,-0.073631,0.331299,1.000000
7.483000,-0.070563,0.924647,1.000000
7.484000,-0.070563,0.924647,1.000000
7.485000,-0.067495,0.924647,1.000000
7.486000,-0.067495,0.924647,1.000000
7.487000,-0.064427,0.924647,1.000000
7.488000,-0.064427,0.924647,1.000000
7.489000,-0.061359,0.924647,1.000000
7.490000,-0.061359,0.924647,1.000000
7.491000,-0.058291,1.354332,1.000000
7.492000,-0.058291,1.354332,1.000000
7.493000,-0.055223,1.354332,1.000000
7.494000,-0.055223,1.354332,1.000000
7.495000,-0.052155,1.354332,1.000000
7.496000,-0.052155,1.354332,1.000000
7.497000,-0.049087,1.354332,1.000000
7.498000,-0.046019,1.643520,1.000000
7.499000,-0.046019,1.643520,1.000000
7.500000,-0.042951,1.643520,1.000000
7.501000,-0.039884,1.643520,-1.000000
7.502000,-0.039884,1.643520,-1.000000
7.503000,-0.036816,1.643520,-1.000000
7.504000,-0.036816,1.643520,-1.000000
7.505000,-0.033748,1.877917,-1.000000
7.506000,-0.030680,1.877917,-1.000000
7.507000,-0.030680,1.877917,-1.000000
7.508000,-0.027612,1.877917,-1.000000
7.509000,-0.027612,1.877917,-1.000000
7.510000,-0.024544,1.877917,-1.000000
7.511000,-0.024544,1.774888,-1.000000
7.512000,-0.021476,1.876569,-1.000000
7.513000,-0.021476,1.876569,-1.000000
7.514000,-0.018408,1.876569,-1.000000
7.515000,-0.018408,1.876569,-1.000000
7.516000,-0.015340,1.876569,-1.000000
7.517000,-0.015340,1.876569,-1.000000
7.518000,-0.012272,1.763633,-1.000000
7.519000,-0.012272,1.542085,-1.000000
7.520000,-0.009204,1.614941,-1.000000
7.521000,-0.009204,1.614941,-1.000000
7.522000,-0.009204,1.614941,-1.000000
7.523000,-0.006136,1.614941,-1.000000
7.524000,-0.006136,1.614941,-1.000000
7.525000,-0.006136,1.614941,-1.000000
7.526000,-0.003068,1.614941,-1.000000
7.527000,-0.003068,1.614941,-1.000000
7.528000,-0.003068,1.443593,-1.000000
7.529000,0.000000,1.291930,-1.000000
7.530000,0.000000,1.169801,-1.000000
7.531000,0.000000,1.067833,-1.000000
7.532000,0.000000,0.981609,-1.000000
7.533000,0.003068,1.232374,-1.000000
7.534000,0.003068,1.232374,-1.000000
7.535000,0.003068,1.232374,-1.000000
7.536000,0.003068,1.232374,-1.000000
7.537000,0.003068,1.232374,-1.000000
7.538000,0.003068,1.232374,-1.000000
7.539000,0.006136,1.232374,-1.000000
7.540000,0.006136,1.232374,-1.000000
7.541000,0.006136,1.232374,-1.000000
7.542000,0.006136,1.232374,-1.000000
7.543000,0.006136,1.139499,-1.000000
7.544000,0.006136,1.042051,-1.000000
7.545000,0.006136,0.961004,-1.000000
7.546000,0.006136,0.891523,-1.000000
7.547000,0.006136,0.830450,-1.000000
7.548000,0.006136,0.778134,-1.000000
7.549000,0.006136,0.731429,-1.000000
7.550000,0.006136,0.690561,-1.000000
7.551000,0.006136,0.653925,-1.000000
7.552000,0.006136,0.620430,-1.000000
7.553000,0.006136,0.590683,-1.000000
7.554000,0.006136,0.563739,-1.000000
7.555000,0.006136,0.538812,-1.000000
7.556000,0.006136,0.516301,-1.000000
7.557000,0.003068,-0.495541,-1.000000
7.558000,0.003068,-0.476187,-1.000000
7.559000,0.003068,-0.458354,-1.000000
7.560000,0.003068,-0.441836,-1.000000
7.561000,0.003068,-0.426552,-1.000000
7.562000,0.003068,-0.412117,-1.000000
7.563000,0.000000,-0.398835,-1.000000
7.564000,0.000000,-0.386283,-1.000000
7.565000,0.000000,-0.374436,-1.000000
7.566000,0.000000,-0.363315,-1.000000
7.567000,-0.003068,-0.352950,-1.000000
7.568000,-0.003068,-0.342981,-1.000000
7.569000,-0.003068,-0.333703,-1.000000
7.570000,-0.006136,-0.328782,-1.000000
7.571000,-0.006136,-0.328782,-1.000000
7.572000,-0.006136,-0.328782,-1.000000
7.573000,-0.009204,-0.328782,-1.000000
7.574000,-0.009204,-0.328782,-1.000000
7.575000,-0.009204,-0.328782,-1.000000
7.576000,-0.012272,-0.328782,-1.000000
7.577000,-0.012272,-0.328782,-1.000000
7.578000,-0.015340,-0.328782,-1.000000
7.579000,-0.015340,-0.328782,-1.000000
7.580000,-0.015340,-0.328782,-1.000000
7.581000,-0.018408,-0.929196,-1.000000
7.582000,-0.018408,-0.929196,-1.000000
7.583000,-0.021476,-0.929196,-1.000000
7.584000,-0.021476,-0.929196,-1.000000
7.585000,-0.024544,-0.929196,-1.000000
7.586000,-0.024544,-0.929196,-1.000000
7.587000,-0.027612,-0.929196,-1.000000
7.588000,-0.027612,-0.929196,-1.000000
7.589000,-0.030680,-1.357797,-1.000000
7.590000,-0.030680,-1.357797,-1.000000
7.591000,-0.033748,-1.357797,-1.000000
7.592000,-0.033748,-1.357797,-1.000000
7.593000,-0.036816,-1.357797,-1.000000
7.594000,-0.039884,-1.357797,-1.000000
7.595000,-0.039884,-1.357797,-1.000000
7.596000,-0.042951,-1.646246,-1.000000
7.597000,-0.046019,-1.646246,-1.000000
7.598000,-0.046019,-1.646246,-1.000000
7.599000,-0.049087,-1.646246,-1.000000
7.600000,-0.049087,-1.646246,1.000000
7.601000,-0.052155,-1.646246,1.000000
7.602000,-0.055223,-1.877179,1.000000
7.603000,-0.055223,-1.877179,1.000000
7.604000,-0.058291,-1.877179,1.000000
7.605000,-0.061359,-1.877179,1.000000
7.606000,-0.061359,-1.877179,1.000000
7.607000,-0.064427,-1.877179,1.000000
7.608000,-0.064427,-1.877179,1.000000
7.609000,-0.067495,-1.947551,1.000000
7.610000,-0.070563,-1.947551,1.000000
7.611000,-0.070563,-1.947551,1.000000
7.612000,-0.073631,-1.947551,1.000000
7.613000,-0.073631,-1.947551,1.000000
7.614000,-0.076699,-1.947551,1.000000
7.615000,-0.076699,-1.805576,1.000000
7.616000,-0.079767,-1.734533,1.000000
7.617000,-0.079767,-1.734533,1.000000
7.618000,-0.079767,-1.734533,1.000000
7.619000,-0.082835,-1.734533,1.000000
7.620000,-0.082835,-1.734533,1.000000
7.621000,-0.085903,-1.734533,1.000000
7.622000,-0.085903,-1.734533,1.000000
7.623000,-0.085903,-1.734533,1.000000
7.624000,-0.088971,-1.534143,1.000000
7.625000,-0.088971,-1.364212,1.000000
7.626000,-0.088971,-1.228334,1.000000
7.627000,-0.092039,-1.389832,1.000000
7.628000,-0.092039,-1.389832,1.000000
7.629000,-0.092039,-1.389832,1.000000
7.630000,-0.095107,-1.389832,1.000000
7.631000,-0.095107,-1.389832,1.000000
7.632000,-0.095107,-1.389832,1.000000
7.633000,-0.095107,-1.389832,1.000000
7.634000,-0.095107,-1.389832,1.000000
7.635000,-0.098175,-1.389832,1.000000
7.636000,-0.098175,-1.278475,1.000000
7.637000,-0.098175,-1.157960,1.000000
7.638000,-0.098175,-1.058058,1.000000
7.639000,-0.098175,-0.974138,1.000000
7.640000,-0.098175,-0.902571,1.000000
7.641000,-0.098175,-0.841444,1.000000
7.642000,-0.098175,-0.787511,1.000000
7.643000,-0.101243,-0.739844,1.000000
7.644000,-0.101243,-0.697453,1.000000
7.645000,-0.101243,-0.659922,1.000000
7.646000,-0.101243,-0.626319,1.000000
7.647000,-0.101243,-0.595746,1.000000
7.648000,-0.101243,-0.568388,1.000000
7.649000,-0.101243,-0.543197,1.000000
7.650000,-0.101243,-0.520166,1.000000
7.651000,-0.101243,-0.499005,1.000000
7.652000,-0.101243,-0.479406,1.000000
7.653000,-0.098175,0.461436,1.000000
7.654000,-0.098175,0.444650,1.000000
7.655000,-0.098175,0.429187,1.000000
7.656000,-0.098175,0.414618,1.000000
7.657000,-0.098175,0.401144,1.000000
7.658000,-0.098175,0.388546,1.000000
7.659000,-0.098175,0.376492,1.000000
7.660000,-0.095107,0.868149,1.000000
7.661000,-0.095107,0.868149,1.000000
7.662000,-0.095107,0.868149,1.000000
7.663000,-0.095107,0.868149,1.000000
7.664000,-0.095107,0.868149,1.000000
7.665000,-0.092039,0.868149,1.000000
7.666000,-0.092039,0.868149,1.000000
7.667000,-0.092039,0.868149,1.000000
7.668000,-0.092039,0.868149,1.000000
7.669000,-0.088971,0.868149,1.000000
7.670000,-0.088971,0.868149,1.000000
7.671000,-0.088971,0.868149,1.000000
7.672000,-0.085903,0.868149,1.000000
7.673000,-0.085903,0.868149,1.000000
7.674000,-0.085903,0.850971,1.000000
7.675000,-0.082835,0.368875,1.000000
7.676000,-0.082835,0.368875,1.000000
7.677000,-0.079767,0.368875,1.000000
7.678000,-0.079767,0.368875,1.000000
7.679000,-0.079767,0.368875,1.000000
7.680000,-0.076699,0.368875,1.000000
7.681000,-0.076699,0.368875,1.000000
7.682000,-0.073631,0.368875,1.000000
7.683000,-0.073631,0.368875,1.000000
7.684000,-0.070563,1.122083,1.000000
7.685000,-0.070563,1.122083,1.000000
7.686000,-0.067495,1.122083,1.000000
7.687000,-0.067495,1.122083,1.000000
7.688000,-0.064427,1.122083,1.000000
7.689000,-0.064427,1.122083,1.000000
7.690000,-0.061359,1.122083,1.000000
7.691000,-0.058291,1.480277,1.000000
7.692000,-0.058291,1.480277,1.000000
7.693000,-0.055223,1.480277,1.000000
7.694000,-0.055223,1.480277,1.000000
7.695000,-0.052155,1.480277,1.000000
7.696000,-0.052155,1.480277,1.000000
7.697000,-0.049087,1.480277,1.000000
7.698000,-0.046019,1.743872,1.000000
7.699000,-0.046019,1.743872,1.000000
7.700000,-0.042951,1.743872,1.000000
7.701000,-0.039884,1.743872,-1.000000
7.702000,-0.039884,1.743872,-1.000000
7.703000,-0.036816,1.743872,-1.000000
7.704000,-0.033748,1.964495,-1.000000
7.705000,-0.033748,1.964495,-1.000000
7.706000,-0.030680,1.964495,-1.000000
7.707000,-0.027612,1.964495,-1.000000
7.708000,-0.027612,1.964495,-1.000000
7.709000,-0.024544,1.964495,-1.000000
7.710000,-0.024544,1.964495,-1.000000
7.711000,-0.021476,1.966734,-1.000000
7.712000,-0.021476,1.966734,-1.000000
7.713000,-0.018408,1.966734,-1.000000
7.714000,-0.018408,1.966734,-1.000000
7.715000,-0.015340,1.966734,-1.000000
7.716000,-0.015340,1.966734,-1.000000
7.717000,-0.012272,1.821999,-1.000000
7.718000,-0.012272,1.587090,-1.000000
7.719000,-0.009204,1.728047,-1.000000
7.720000,-0.009204,1.728047,-1.000000
7.721000,-0.006136,1.728047,-1.000000
7.722000,-0.006136,1.728047,-1.000000
7.723000,-0.003068,1.728047,-1.000000
7.724000,-0.003068,1.728047,-1.000000
7.725000,-0.003068,1.728047,-1.000000
7.726000,0.000000,1.555271,-1.000000
7.727000,0.000000,1.379813,-1.000000
7.728000,0.000000,1.240090,-1.000000
7.729000,0.003068,1.376170,-1.000000
7.730000,0.003068,1.376170,-1.000000
7.731000,0.003068,1.376170,-1.000000
7.732000,0.003068,1.376170,-1.000000
7.733000,0.006136,1.376170,-1.000000
7.734000,0.006136,1.376170,-1.000000
7.735000,0.006136,1.376170,-1.000000
7.736000,0.006136,1.376170,-1.000000
7.737000,0.006136,1.376170,-1.000000
7.738000,0.009204,1.327091,-1.000000
7.739000,0.009204,1.196833,-1.000000
7.740000,0.009204,1.090809,-1.000000
7.741000,0.009204,1.001578,-1.000000
7.742000,0.009204,0.926238,-1.000000
7.743000,0.009204,0.861123,-1.000000
7.744000,0.009204,0.804766,-1.000000
7.745000,0.009204,0.754968,-1.000000
7.746000,0.009204,0.711496,-1.000000
7.747000,0.009204,0.672624,-1.000000
7.748000,0.009204,0.637868,-1.000000
7.749000,0.009204,0.605939,-1.000000
7.750000,0.009204,0.577388,-1.000000
7.751000,0.009204,0.551490,-1.000000
7.752000,0.009204,0.527907,-1.000000
7.753000,0.009204,0.505948,-1.000000
7.754000,0.009204,0.485998,-1.000000
7.755000,0.009204,0.467410,-1.000000
7.756000,0.009204,0.450353,-1.000000
7.757000,0.009204,0.434353,-1.000000
7.758000,0.009204,0.419584,-1.000000
7.759000,0.009204,0.405707,-1.000000
7.760000,0.006136,0.820479,-1.000000
7.761000,0.006136,0.820479,-1.000000
7.762000,0.006136,0.820479,-1.000000
7.763000,0.006136,0.820479,-1.000000
7.764000,0.006136,0.820479,-1.000000
7.765000,0.003068,0.820479,-1.000000
7.766000,0.003068,0.820479,-1.000000
7.767000,0.003068,0.820479,-1.000000
7.768000,0.003068,0.820479,-1.000000
7.769000,0.000000,0.820479,-1.000000
7.770000,0.000000,0.820479,-1.000000
7.771000,0.000000,0.820479,-1.000000
7.772000,-0.003068,0.820479,-1.000000
7.773000,-0.003068,0.820479,-1.000000
7.774000,-0.003068,0.820479,-1.000000
7.775000,-0.006136,-0.404606,-1.000000
7.776000,-0.006136,-0.404606,-1.000000
7.777000,-0.009204,-0.404606,-1.000000
7.778000,-0.009204,-0.404606,-1.000000
7.779000,-0.009204,-0.404606,-1.000000
7.780000,-0.012272,-0.404606,-1.000000
7.781000,-0.012272,-0.404606,-1.000000
7.782000,-0.015340,-0.404606,-1.000000
7.783000,-0.015340,-0.404606,-1.000000
7.784000,-0.018408,-1.101024,-1.000000
7.785000,-0.018408,-1.101024,-1.000000
7.786000,-0.021476,-1.101024,-1.000000
7.787000,-0.021476,-1.101024,-1.000000
7.788000,-0.024544,-1.101024,-1.000000
7.789000,-0.024544,-1.101024,-1.000000
7.790000,-0.027612,-1.101024,-1.000000
7.791000,-0.027612,-1.101024,-1.000000
7.792000,-0.030680,-1.472887,-1.000000
7.793000,-0.030680,-1.472887,-1.000000
7.794000,-0.033748,-1.472887,-1.000000
7.795000,-0.036816,-1.472887,-1.000000
7.796000,-0.036816,-1.472887,-1.000000
7.797000,-0.039884,-1.472887,-1.000000
7.798000,-0.042951,-1.743201,-1.000000
7.799000,-0.042951,-1.743201,-1.000000
7.800000,-0.046019,-1.743201,-1.000000
7.801000,-0.046019,-1.743201,1.000000
7.802000,-0.049087,-1.743201,1.000000
7.803000,-0.052155,-1.743201,1.000000
7.804000,-0.052155,-1.743201,1.000000
7.805000,-0.055223,-1.963312,1.000000
7.806000,-0.058291,-1.963312,1.000000
7.807000,-0.058291,-1.963312,1.000000
7.808000,-0.061359,-1.963312,1.000000
7.809000,-0.064427,-1.963312,1.000000
7.810000,-0.064427,-1.963312,1.000000
7.811000,-0.067495,-1.964045,1.000000
7.812000,-0.067495,-1.964045,1.000000
7.813000,-0.070563,-1.964045,1.000000
7.814000,-0.070563,-1.964045,1.000000
7.815000,-0.073631,-1.964045,1.000000
7.816000,-0.073631,-1.964045,1.000000
7.817000,-0.076699,-1.950096,1.000000
7.818000,-0.076699,-1.680030,1.000000
7.819000,-0.079767,-1.702856,1.000000
7.820000,-0.079767,-1.702856,1.000000
7.821000,-0.082835,-1.702856,1.000000
7.822000,-0.082835,-1.702856,1.000000
7.823000,-0.082835,-1.702856,1.000000
7.824000,-0.085903,-1.702856,1.000000
7.825000,-0.085903,-1.702856,1.000000
7.826000,-0.085903,-1.658162,1.000000
7.827000,-0.088971,-1.462322,1.000000
7.828000,-0.088971,-1.305838,1.000000
7.829000,-0.088971,-1.180108,1.000000
7.830000,-0.092039,-1.357153,1.000000
7.831000,-0.092039,-1.357153,1.000000
7.832000,-0.092039,-1.357153,1.000000
7.833000,-0.092039,-1.357153,1.000000
7.834000,-0.095107,-1.357153,1.000000
7.835000,-0.095107,-1.357153,1.000000
7.836000,-0.095107,-1.357153,1.000000
7.837000,-0.095107,-1.357153,1.000000
7.838000,-0.095107,-1.357153,1.000000
7.839000,-0.098175,-1.280307,1.000000
7.840000,-0.098175,-1.159409,1.000000
7.841000,-0.098175,-1.059396,1.000000
7.842000,-0.098175,-0.975060,1.000000
7.843000,-0.098175,-0.903977,1.000000
7.844000,-0.098175,-0.841481,1.000000
7.845000,-0.098175,-0.787179,1.000000
7.846000,-0.098175,-0.739715,1.000000
7.847000,-0.098175,-0.697994,1.000000
7.848000,-0.098175,-0.660182,1.000000
7.849000,-0.098175,-0.626603,1.000000
7.850000,-0.098175,-0.596134,1.000000
7.851000,-0.098175,-0.568502,1.000000
7.852000,-0.098175,-0.543323,1.000000
7.853000,-0.098175,-0.520280,1.000000
7.854000,-0.098175,-0.499292,1.000000
7.855000,-0.098175,-0.479670,1.000000
7.856000,-0.098175,-0.461609,1.000000
7.857000,-0.098175,-0.444913,1.000000
7.858000,-0.098175,-0.429343,1.000000
7.859000,-0.098175,-0.414740,1.000000
7.860000,-0.095107,-0.795106,1.000000
7.861000,-0.095107,-0.795106,1.000000
7.862000,-0.095107,-0.795106,1.000000
7.863000,-0.095107,-0.795106,1.000000
7.864000,-0.095107,-0.795106,1.000000
7.865000,-0.092039,-0.795106,1.000000
7.866000,-0.092039,-0.795106,1.000000
7.867000,-0.092039,-0.795106,1.000000
7.868000,-0.092039,-0.795106,1.000000
7.869000,-0.088971,-0.795106,1.000000
7.870000,-0.088971,-0.795106,1.000000
7.871000,-0.088971,-0.795106,1.000000
7.872000,-0.088971,-0.795106,1.000000
7.873000,-0.085903,-0.795106,1.000000
7.874000,-0.085903,-0.795106,1.000000
7.875000,-0.082835,0.413767,1.000000
7.876000,-0.082835,0.413767,1.000000
7.877000,-0.082835,0.413767,1.000000
7.878000,-0.079767,0.413767,1.000000
7.879000,-0.079767,0.413767,1.000000
7.880000,-0.076699,0.413767,1.000000
7.881000,-0.076699,0.413767,1.000000
7.882000,-0.076699,0.413767,1.000000
7.883000,-0.073631,0.413767,1.000000
7.884000,-0.073631,0.413767,1.000000
7.885000,-0.070563,1.082858,1.000000
7.886000,-0.070563,1.082858,1.000000
7.887000,-0.067495,1.082858,1.000000
7.888000,-0.067495,1.082858,1.000000
7.889000,-0.064427,1.082858,1.000000
7.890000,-0.064427,1.082858,1.000000
7.891000,-0.061359,1.082858,1.000000
7.892000,-0.058291,1.455169,1.000000
7.893000,-0.058291,1.455169,1.000000
7.894000,-0.055223,1.455169,1.000000
7.895000,-0.055223,1.455169,1.000000
7.896000,-0.052155,1.455169,1.000000
7.897000,-0.052155,1.455169,1.000000
7.898000,-0.049087,1.455169,1.000000
7.899000,-0.046019,1.726177,1.000000
7.900000,-0.046019,1.726177,1.000000
7.901000,-0.042951,1.726177,-1.000000
7.902000,-0.039884,1.726177,-1.000000
7.903000,-0.039884,1.726177,-1.000000
7.904000,-0.036816,1.726177,-1.000000
7.905000,-0.033748,1.951936,-1.000000
7.906000,-0.033748,1.951936,-1.000000
7.907000,-0.030680,1.951936,-1.000000
7.908000,-0.030680,1.951936,-1.000000
7.909000,-0.027612,1.951936,-1.000000
7.910000,-0.027612,1.951936,-1.000000
7.911000,-0.024544,1.951936,-1.000000
7.912000,-0.021476,1.892607,-1.000000
7.913000,-0.021476,1.892607,-1.000000
7.914000,-0.018408,1.892607,-1.000000
7.915000,-0.018408,1.892607,-1.000000
7.916000,-0.015340,1.892607,-1.000000
7.917000,-0.015340,1.892607,-1.000000
7.918000,-0.015340,1.892607,-1.000000
7.919000,-0.012272,1.708738,-1.000000
7.920000,-0.012272,1.498768,-1.000000
7.921000,-0.009204,1.626694,-1.000000
7.922000,-0.009204,1.626694,-1.000000
7.923000,-0.006136,1.626694,-1.000000
7.924000,-0.006136,1.626694,-1.000000
7.925000,-0.006136,1.626694,-1.000000
7.926000,-0.003068,1.626694,-1.000000
7.927000,-0.003068,1.626694,-1.000000
7.928000,-0.003068,1.565922,-1.000000
7.929000,0.000000,1.387836,-1.000000
7.930000,0.000000,1.247761,-1.000000
7.931000,0.000000,1.131774,-1.000000
7.932000,0.000000,1.036382,-1.000000
7.933000,0.003068,1.257308,-1.000000
7.934000,0.003068,1.257308,-1.000000
7.935000,0.003068,1.257308,-1.000000
7.936000,0.003068,1.257308,-1.000000
7.937000,0.003068,1.257308,-1.000000
7.938000,0.006136,1.257308,-1.000000
7.939000,0.006136,1.257308,-1.000000
7.940000,0.006136,1.257308,-1.000000
7.941000,0.006136,1.257308,-1.000000
7.942000,0.006136,1.257308,-1.000000
7.943000,0.006136,1.163018,-1.000000
7.944000,0.006136,1.061604,-1.000000
7.945000,0.006136,0.977678,-1.000000
7.946000,0.006136,0.905241,-1.000000
7.947000,0.006136,0.842977,-1.000000
7.948000,0.006136,0.788979,-1.000000
7.949000,0.006136,0.741522,-1.000000
7.950000,0.006136,0.698858,-1.000000
7.951000,0.006136,0.661366,-1.000000
7.952000,0.006136,0.627399,-1.000000
7.953000,0.006136,0.597120,-1.000000
7.954000,0.006136,0.569532,-1.000000
7.955000,0.006136,0.544020,-1.000000
7.956000,0.006136,0.521026,-1.000000
7.957000,0.006136,0.499784,-1.000000
7.958000,0.006136,0.480283,-1.000000
7.959000,0.006136,0.462183,-1.000000
7.960000,0.003068,-0.445498,-1.000000
7.961000,0.003068,-0.429686,-1.000000
7.962000,0.003068,-0.415164,-1.000000
7.963000,0.003068,-0.401595,-1.000000
7.964000,0.003068,-0.388931,-1.000000
7.965000,0.000000,-0.376994,-1.000000
7.966000,0.000000,-0.365685,-1.000000
7.967000,0.000000,-0.355179,-1.000000
7.968000,0.000000,-0.345158,-1.000000
7.969000,-0.003068,-0.335698,-1.000000
7.970000,-0.003068,-0.326831,-1.000000
7.971000,-0.003068,-0.318279,-1.000000
7.972000,-0.006136,-0.311877,-1.000000
7.973000,-0.006136,-0.311877,-1.000000
7.974000,-0.006136,-0.311877,-1.000000
7.975000,-0.009204,-0.311877,-1.000000
7.976000,-0.009204,-0.311877,-1.000000
7.977000,-0.009204,-0.311877,-1.000000
7.978000,-0.012272,-0.311877,-1.000000
7.979000,-0.012272,-0.311877,-1.000000
7.980000,-0.015340,-0.311877,-1.000000
7.981000,-0.015340,-0.311877,-1.000000
7.982000,-0.015340,-0.311877,-1.000000
7.983000,-0.018408,-0.960988,-1.000000
7.984000,-0.018408,-0.960988,-1.000000
7.985000,-0.021476,-0.960988,-1.000000
7.986000,-0.021476,-0.960988,-1.000000
7.987000,-0.024544,-0.960988,-1.000000
7.988000,-0.024544,-0.960988,-1.000000
7.989000,-0.027612,-0.960988,-1.000000
7.990000,-0.027612,-0.960988,-1.000000
7.991000,-0.030680,-1.372720,-1.000000
7.992000,-0.030680,-1.372720,-1.000000
7.993000,-0.033748,-1.372720,-1.000000
7.994000,-0.033748,-1.372720,-1.000000
7.995000,-0.036816,-1.372720,-1.000000
7.996000,-0.039884,-1.372720,-1.000000
7.997000,-0.039884,-1.372720,-1.000000
7.998000,-0.042951,-1.656135,-1.000000
7.999000,-0.046019,-1.656135,-1.000000
8.000000,-0.046019,-1.656135,-1.000000
8.001000,-0.049087,-1.656135,1.000000
8.002000,-0.052155,-1.656135,1.000000
8.003000,-0.052155,-1.656135,1.000000
8.004000,-0.055223,-1.883240,1.000000
8.005000,-0.055223,-1.883240,1.000000
8.006000,-0.058291,-1.883240,1.000000
8.007000,-0.058291,-1.883240,1.000000
8.008000,-0.061359,-1.883240,1.000000
8.009000,-0.064427,-1.883240,1.000000
8.010000,-0.064427,-1.883240,1.000000
8.011000,-0.067495,-1.905012,1.000000
8.012000,-0.067495,-1.905012,1.000000
8.013000,-0.070563,-1.905012,1.000000
8.014000,-0.070563,-1.905012,1.000000
8.015000,-0.073631,-1.905012,1.000000
8.016000,-0.073631,-1.905012,1.000000
8.017000,-0.076699,-1.877202,1.000000
8.018000,-0.076699,-1.628754,1.000000
8.019000,-0.079767,-1.655620,1.000000
8.020000,-0.079767,-1.655620,1.000000
8.021000,-0.079767,-1.655620,1.000000
8.022000,-0.082835,-1.655620,1.000000
8.023000,-0.082835,-1.655620,1.000000
8.024000,-0.085903,-1.655620,1.000000
8.025000,-0.085903,-1.655620,1.000000
8.026000,-0.085903,-1.655620,1.000000
8.027000,-0.088971,-1.482507,1.000000
8.028000,-0.088971,-1.322621,1.000000
8.029000,-0.088971,-1.194927,1.000000
8.030000,-0.088971,-1.088371,1.000000
8.031000,-0.092039,-1.286363,1.000000
8.032000,-0.092039,-1.286363,1.000000
8.033000,-0.092039,-1.286363,1.000000
8.034000,-0.092039,-1.286363,1.000000
8.035000,-0.092039,-1.286363,1.000000
8.036000,-0.095107,-1.286363,1.000000
8.037000,-0.095107,-1.286363,1.000000
8.038000,-0.095107,-1.286363,1.000000
8.039000,-0.095107,-1.286363,1.000000
8.040000,-0.095107,-1.286363,1.000000
8.041000,-0.095107,-1.166485,1.000000
8.042000,-0.095107,-1.064946,1.000000
8.043000,-0.095107,-0.980090,1.000000
8.044000,-0.095107,-0.907768,1.000000
8.045000,-0.098175,-0.844952,1.000000
8.046000,-0.098175,-0.790477,1.000000
8.047000,-0.098175,-0.742612,1.000000
8.048000,-0.098175,-0.700217,1.000000
8.049000,-0.098175,-0.662362,1.000000
8.050000,-0.098175,-0.628715,1.000000
8.051000,-0.098175,-0.597897,1.000000
8.052000,-0.098175,-0.570199,1.000000
8.053000,-0.095107,-0.605237,1.000000
8.054000,-0.095107,-0.605237,1.000000
8.055000,-0.095107,-0.605237,1.000000
8.056000,-0.095107,-0.605237,1.000000
8.057000,-0.095107,-0.605237,1.000000
8.058000,-0.095107,-0.605237,1.000000
8.059000,-0.095107,-0.605237,1.000000
8.060000,-0.095107,-0.605237,1.000000
8.061000,-0.092039,-0.605237,1.000000
8.062000,-0.092039,-0.605237,1.000000
8.063000,-0.092039,-0.605237,1.000000
8.064000,-0.092039,-0.605237,1.000000
8.065000,-0.092039,-0.605237,1.000000
8.066000,-0.088971,-0.605237,1.000000
8.067000,-0.088971,-0.605237,1.000000
8.068000,-0.088971,-0.605237,1.000000
8.069000,-0.085903,-0.605237,1.000000
8.070000,-0.085903,-0.605237,1.000000
8.071000,-0.085903,-0.605237,1.000000
8.072000,-0.082835,0.588978,1.000000
8.073000,-0.082835,0.588978,1.000000
8.074000,-0.082835,0.588978,1.000000
8.075000,-0.079767,0.588978,1.000000
8.076000,-0.079767,0.588978,1.000000
8.077000,-0.079767,0.588978,1.000000
8.078000,-0.076699,0.588978,1.000000
8.079000,-0.076699,0.588978,1.000000
8.080000,-0.073631,0.588978,1.000000
8.081000,-0.073631,0.588978,1.000000
8.082000,-0.070563,1.003773,1.000000
8.083000,-0.070563,1.003773,1.000000
8.084000,-0.070563,1.003773,1.000000
8.085000,-0.067495,1.003773,1.000000
8.086000,-0.067495,1.003773,1.000000
8.087000,-0.064427,1.003773,1.000000
8.088000,-0.061359,1.003773,1.000000
8.089000,-0.061359,1.003773,1.000000
8.090000,-0.058291,1.405900,1.000000
8.091000,-0.058291,1.405900,1.000000
8.092000,-0.055223,1.405900,1.000000
8.093000,-0.055223,1.405900,1.000000
8.094000,-0.052155,1.405900,1.000000
8.095000,-0.049087,1.405900,1.000000
8.096000,-0.049087,1.405900,1.000000
8.097000,-0.046019,1.685992,1.000000
8.098000,-0.046019,1.685992,1.000000
8.099000,-0.042951,1.685992,1.000000
8.100000,-0.039884,1.685992,1.000000
8.101000,-0.039884,1.685992,-1.000000
8.102000,-0.036816,1.685992,-1.000000
8.103000,-0.033748,1.916062,-1.000000
8.104000,-0.033748,1.916062,-1.000000
8.105000,-0.030680,1.916062,-1.000000
8.106000,-0.027612,1.916062,-1.000000
8.107000,-0.027612,1.916062,-1.000000
8.108000,-0.024544,1.916062,-1.000000
8.109000,-0.024544,1.916062,-1.000000
8.110000,-0.021476,1.978989,-1.000000
8.111000,-0.021476,1.978989,-1.000000
8.112000,-0.018408,1.978989,-1.000000
8.113000,-0.015340,1.978989,-1.000000
8.114000,-0.015340,1.978989,-1.000000
8.115000,-0.012272,1.978989,-1.000000
8.116000,-0.012272,1.793208,-1.000000
8.117000,-0.009204,1.762141,-1.000000
8.118000,-0.009204,1.762141,-1.000000
8.119000,-0.009204,1.762141,-1.000000
8.120000,-0.006136,1.762141,-1.000000
8.121000,-0.006136,1.762141,-1.000000
8.122000,-0.003068,1.762141,-1.000000
8.123000,-0.003068,1.762141,-1.000000
8.124000,-0.003068,1.700601,-1.000000
8.125000,0.000000,1.493039,-1.000000
8.126000,0.000000,1.330973,-1.000000
8.127000,0.003068,1.433867,-1.000000
8.128000,0.003068,1.433867,-1.000000
8.129000,0.003068,1.433867,-1.000000
8.130000,0.003068,1.433867,-1.000000
8.131000,0.006136,1.433867,-1.000000
8.132000,0.006136,1.433867,-1.000000
8.133000,0.006136,1.433867,-1.000000
8.134000,0.006136,1.433867,-1.000000
8.135000,0.009204,1.433867,-1.000000
8.136000,0.009204,1.340597,-1.000000
8.137000,0.009204,1.208720,-1.000000
8.138000,0.009204,1.100541,-1.000000
8.139000,0.009204,1.009352,-1.000000
8.140000,0.009204,0.933263,-1.000000
8.141000,0.009204,0.867150,-1.000000
8.142000,0.012272,0.809837,-1.000000
8.143000,0.012272,0.759406,-1.000000
8.144000,0.012272,0.715382,-1.000000
8.145000,0.012272,0.676098,-1.000000
8.146000,0.012272,0.640909,-1.000000
8.147000,0.012272,0.608749,-1.000000
8.148000,0.012272,0.580075,-1.000000
8.149000,0.012272,0.553978,-1.000000
8.150000,0.012272,0.529921,-1.000000
8.151000,0.012272,0.507944,-1.000000
8.152000,0.012272,0.487821,-1.000000
8.153000,0.012272,0.469220,-1.000000
8.154000,0.012272,0.451851,-1.000000
8.155000,0.012272,0.435833,-1.000000
8.156000,0.009204,-0.421055,-1.000000
8.157000,0.009204,-0.406960,-1.000000
8.158000,0.009204,-0.393855,-1.000000
8.159000,0.009204,-0.381694,-1.000000
8.160000,0.009204,-0.370099,-1.000000
8.161000,0.009204,-0.359342,-1.000000
8.162000,0.006136,-0.921205,-1.000000
8.163000,0.006136,-0.921205,-1.000000
8.164000,0.006136,-0.921205,-1.000000
8.165000,0.006136,-0.921205,-1.000000
8.166000,0.006136,-0.921205,-1.000000
8.167000,0.003068,-0.921205,-1.000000
8.168000,0.003068,-0.921205,-1.000000
8.169000,0.003068,-0.921205,-1.000000
8.170000,0.000000,-0.921205,-1.000000
8.171000,0.000000,-0.921205,-1.000000
8.172000,0.000000,-0.921205,-1.000000
8.173000,-0.003068,-0.921205,-1.000000
8.174000,-0.003068,-0.921205,-1.000000
8.175000,-0.003068,-0.921205,-1.000000
8.176000,-0.006136,-0.348872,-1.000000
8.177000,-0.006136,-0.348872,-1.000000
8.178000,-0.006136,-0.348872,-1.000000
8.179000,-0.009204,-0.348872,-1.000000
8.180000,-0.009204,-0.348872,-1.000000
8.181000,-0.012272,-0.348872,-1.000000
8.182000,-0.012272,-0.348872,-1.000000
8.183000,-0.015340,-0.348872,-1.000000
8.184000,-0.015340,-0.348872,-1.000000
8.185000,-0.018408,-1.157876,-1.000000
8.186000,-0.018408,-1.157876,-1.000000
8.187000,-0.021476,-1.157876,-1.000000
8.188000,-0.021476,-1.157876,-1.000000
8.189000,-0.024544,-1.157876,-1.000000
8.190000,-0.024544,-1.157876,-1.000000
8.191000,-0.027612,-1.157876,-1.000000
8.192000,-0.027612,-1.157876,-1.000000
8.193000,-0.030680,-1.510807,-1.000000
8.194000,-0.033748,-1.510807,-1.000000
8.195000,-0.033748,-1.510807,-1.000000
8.196000,-0.036816,-1.510807,-1.000000
8.197000,-0.036816,-1.510807,-1.000000
8.198000,-0.039884,-1.510807,-1.000000
8.199000,-0.042951,-1.772197,-1.000000
8.200000,-0.042951,-1.772197,-1.000000
8.201000,-0.046019,-1.772197,1.000000
8.202000,-0.049087,-1.772197,1.000000
8.203000,-0.049087,-1.772197,1.000000
8.204000,-0.052155,-1.772197,1.000000
8.205000,-0.055223,-1.986620,1.000000
8.206000,-0.055223,-1.986620,1.000000
8.207000,-0.058291,-1.986620,1.000000
8.208000,-0.058291,-1.986620,1.000000
8.209000,-0.061359,-1.986620,1.000000
8.210000,-0.064427,-1.986620,1.000000
8.211000,-0.064427,-1.986620,1.000000
8.212000,-0.067495,-1.927296,1.000000
8.213000,-0.067495,-1.927296,1.000000
8.214000,-0.070563,-1.927296,1.000000
8.215000,-0.070563,-1.927296,1.000000
8.216000,-0.073631,-1.927296,1.000000
8.217000,-0.073631,-1.927296,1.000000
8.218000,-0.076699,-1.906454,1.000000
8.219000,-0.076699,-1.649460,1.000000
8.220000,-0.079767,-1.673773,1.000000
8.221000,-0.079767,-1.673773,1.000000
8.222000,-0.079767,-1.673773,1.000000
8.223000,-0.082835,-1.673773,1.000000
8.224000,-0.082835,-1.673773,1.000000
8.225000,-0.085903,-1.673773,1.000000
8.226000,-0.085903,-1.673773,1.000000
8.227000,-0.085903,-1.673773,1.000000
8.228000,-0.088971,-1.478343,1.000000
8.229000,-0.088971,-1.320429,1.000000
8.230000,-0.088971,-1.192120,1.000000
8.231000,-0.088971,-1.086031,1.000000
8.232000,-0.092039,-1.304945,1.000000
8.233000,-0.092039,-1.304945,1.000000
8.234000,-0.092039,-1.304945,1.000000
8.235000,-0.092039,-1.304945,1.000000
8.236000,-0.095107,-1.304945,1.000000
8.237000,-0.095107,-1.304945,1.000000
8.238000,-0.095107,-1.304945,1.000000
8.239000,-0.095107,-1.304945,1.000000
8.240000,-0.095107,-1.304945,1.000000
8.241000,-0.095107,-1.256301,1.000000
8.242000,-0.095107,-1.139460,1.000000
8.243000,-0.095107,-1.042403,1.000000
8.244000,-0.098175,-0.960795,1.000000
8.245000,-0.098175,-0.891005,1.000000
8.246000,-0.098175,-0.830664,1.000000
8.247000,-0.098175,-0.778416,1.000000
8.248000,-0.098175,-0.731726,1.000000
8.249000,-0.098175,-0.690516,1.000000
8.250000,-0.098175,-0.653715,1.000000
8.251000,-0.098175,-0.620633,1.000000
8.252000,-0.098175,-0.590604,1.000000
8.253000,-0.098175,-0.563671,1.000000
8.254000,-0.098175,-0.538892,1.000000
8.255000,-0.098175,-0.516206,1.000000
8.256000,-0.095107,-0.667552,1.000000
8.257000,-0.095107,-0.667552,1.000000
8.258000,-0.095107,-0.667552,1.000000
8.259000,-0.095107,-0.667552,1.000000
8.260000,-0.095107,-0.667552,1.000000
8.261000,-0.095107,-0.667552,1.000000
8.262000,-0.095107,-0.667552,1.000000
8.263000,-0.092039,-0.667552,1.000000
8.264000,-0.092039,-0.667552,1.000000
8.265000,-0.092039,-0.667552,1.000000
8.266000,-0.092039,-0.667552,1.000000
8.267000,-0.088971,-0.667552,1.000000
8.268000,-0.088971,-0.667552,1.000000
8.269000,-0.088971,-0.667552,1.000000
8.270000,-0.088971,-0.667552,1.000000
8.271000,-0.085903,-0.667552,1.000000
8.272000,-0.085903,-0.667552,1.000000
8.273000,-0.085903,-0.667552,1.000000
8.274000,-0.082835,0.518239,1.000000
8.275000,-0.082835,0.518239,1.000000
8.276000,-0.082835,0.518239,1.000000
8.277000,-0.079767,0.518239,1.000000
8.278000,-0.079767,0.518239,1.000000
8.279000,-0.076699,0.518239,1.000000
8.280000,-0.076699,0.518239,1.000000
8.281000,-0.076699,0.518239,1.000000
8.282000,-0.073631,0.518239,1.000000
8.283000,-0.073631,0.518239,1.000000
8.284000,-0.070563,1.021545,1.000000
8.285000,-0.070563,1.021545,1.000000
8.286000,-0.067495,1.021545,1.000000
8.287000,-0.067495,1.021545,1.000000
8.288000,-0.064427,1.021545,1.000000
8.289000,-0.064427,1.021545,1.000000
8.290000,-0.061359,1.021545,1.000000
8.291000,-0.061359,1.021545,1.000000
8.292000,-0.058291,1.414785,1.000000
8.293000,-0.058291,1.414785,1.000000
8.294000,-0.055223,1.414785,1.000000
8.295000,-0.052155,1.414785,1.000000
8.296000,-0.052155,1.414785,1.000000
8.297000,-0.049087,1.414785,1.000000
8.298000,-0.049087,1.414785,1.000000
8.299000,-0.046019,1.693320,1.000000
8.300000,-0.042951,1.693320,-1.000000
8.301000,-0.042951,1.693320,-1.000000
8.302000,-0.039884,1.693320,-1.000000
8.303000,-0.036816,1.693320,-1.000000
8.304000,-0.036816,1.693320,-1.000000
8.305000,-0.033748,1.913270,-1.000000
8.306000,-0.033748,1.913270,-1.000000
8.307000,-0.030680,1.913270,-1.000000
8.308000,-0.027612,1.913270,-1.000000
8.309000,-0.027612,1.913270,-1.000000
8.310000,-0.024544,1.913270,-1.000000
8.311000,-0.024544,1.882229,-1.000000
8.312000,-0.021476,1.830352,-1.000000
8.313000,-0.021476,1.830352,-1.000000
8.314000,-0.018408,1.830352,-1.000000
8.315000,-0.018408,1.830352,-1.000000
8.316000,-0.015340,1.830352,-1.000000
8.317000,-0.015340,1.830352,-1.000000
8.318000,-0.015340,1.830352,-1.000000
8.319000,-0.012272,1.663569,-1.000000
8.320000,-0.012272,1.465638,-1.000000
8.321000,-0.009204,1.556359,-1.000000
8.322000,-0.009204,1.556359,-1.000000
8.323000,-0.009204,1.556359,-1.000000
8.324000,-0.006136,1.556359,-1.000000
8.325000,-0.006136,1.556359,-1.000000
8.326000,-0.006136,1.556359,-1.000000
8.327000,-0.003068,1.556359,-1.000000
8.328000,-0.003068,1.556359,-1.000000
8.329000,-0.003068,1.444443,-1.000000
8.330000,-0.003068,1.292826,-1.000000
8.331000,0.000000,1.170030,-1.000000
8.332000,0.000000,1.067892,-1.000000
8.333000,0.000000,0.982513,-1.000000
8.334000,0.000000,0.909195,-1.000000
8.335000,0.003068,1.155166,-1.000000
8.336000,0.003068,1.155166,-1.000000
8.337000,0.003068,1.155166,-1.000000
8.338000,0.003068,1.155166,-1.000000
8.339000,0.003068,1.155166,-1.000000
8.340000,0.003068,1.155166,-1.000000
8.341000,0.003068,1.155166,-1.000000
8.342000,0.003068,1.155166,-1.000000
8.343000,0.003068,1.155166,-1.000000
8.344000,0.003068,1.155166,-1.000000
8.345000,0.003068,1.155166,-1.000000
8.346000,0.003068,1.099057,-1.000000
8.347000,0.003068,1.009084,-1.000000
8.348000,0.003068,0.932382,-1.000000
8.349000,0.003068,0.866827,-1.000000
8.350000,0.003068,0.809363,-1.000000
8.351000,0.003068,0.759067,-1.000000
8.352000,0.003068,0.715004,-1.000000
8.353000,0.003068,0.675618,-1.000000
8.354000,0.003068,0.640329,-1.000000
8.355000,0.003068,0.608549,-1.000000
8.356000,0.003068,0.580025,-1.000000
8.357000,0.003068,0.553825,-1.000000
8.358000,0.003068,0.529774,-1.000000
8.359000,0.003068,0.507815,-1.000000
8.360000,0.000000,-0.487796,-1.000000
8.361000,0.000000,-0.469106,-1.000000
8.362000,0.000000,-0.451796,-1.000000
8.363000,0.000000,-0.435870,-1.000000
8.364000,-0.003068,-0.420825,-1.000000
8.365000,-0.003068,-0.406844,-1.000000
8.366000,-0.003068,-0.393767,-1.000000
8.367000,-0.003068,-0.381505,-1.000000
8.368000,-0.006136,-0.373230,-1.000000
8.369000,-0.006136,-0.373230,-1.000000
8.370000,-0.006136,-0.373230,-1.000000
8.371000,-0.009204,-0.373230,-1.000000
8.372000,-0.009204,-0.373230,-1.000000
8.373000,-0.009204,-0.373230,-1.000000
8.374000,-0.012272,-0.373230,-1.000000
8.375000,-0.012272,-0.373230,-1.000000
8.376000,-0.012272,-0.373230,-1.000000
8.377000,-0.015340,-0.373230,-1.000000
8.378000,-0.015340,-0.373230,-1.000000
8.379000,-0.018408,-0.839141,-1.000000
8.380000,-0.018408,-0.839141,-1.000000
8.381000,-0.018408,-0.839141,-1.000000
8.382000,-0.021476,-0.839141,-1.000000
8.383000,-0.021476,-0.839141,-1.000000
8.384000,-0.024544,-0.839141,-1.000000
8.385000,-0.024544,-0.839141,-1.000000
8.386000,-0.027612,-0.839141,-1.000000
8.387000,-0.027612,-0.839141,-1.000000
8.388000,-0.030680,-1.304363,-1.000000
8.389000,-0.030680,-1.304363,-1.000000
8.390000,-0.033748,-1.304363,-1.000000
8.391000,-0.033748,-1.304363,-1.000000
8.392000,-0.036816,-1.304363,-1.000000
8.393000,-0.039884,-1.304363,-1.000000
8.394000,-0.039884,-1.304363,-1.000000
8.395000,-0.042951,-1.603808,-1.000000
8.396000,-0.042951,-1.603808,-1.000000
8.397000,-0.046019,-1.603808,-1.000000
8.398000,-0.049087,-1.603808,-1.000000
8.399000,-0.049087,-1.603808,-1.000000
8.400000,-0.052155,-1.603808,-1.000000
8.401000,-0.055223,-1.840808,1.000000
8.402000,-0.055223,-1.840808,1.000000
8.403000,-0.058291,-1.840808,1.000000
8.404000,-0.061359,-1.840808,1.000000
8.405000,-0.061359,-1.840808,1.000000
8.406000,-0.064427,-1.840808,1.000000
8.407000,-0.064427,-1.840808,1.000000
8.408000,-0.067495,-1.979002,1.000000
8.409000,-0.070563,-1.979002,1.000000
8.410000,-0.070563,-1.979002,1.000000
8.411000,-0.073631,-1.979002,1.000000
8.412000,-0.073631,-1.979002,1.000000
8.413000,-0.076699,-1.979002,1.000000
8.414000,-0.076699,-1.764101,1.000000
8.415000,-0.079767,-1.844701,1.000000
8.416000,-0.079767,-1.844701,1.000000
8.417000,-0.082835,-1.844701,1.000000
8.418000,-0.082835,-1.844701,1.000000
8.419000,-0.085903,-1.844701,1.000000
8.420000,-0.085903,-1.844701,1.000000
8.421000,-0.088971,-1.823424,1.000000
8.422000,-0.088971,-1.587841,1.000000
8.423000,-0.088971,-1.404749,1.000000
8.424000,-0.092039,-1.524550,1.000000
8.425000,-0.092039,-1.524550,1.000000
8.426000,-0.092039,-1.524550,1.000000
8.427000,-0.095107,-1.524550,1.000000
8.428000,-0.095107,-1.524550,1.000000
8.429000,-0.095107,-1.524550,1.000000
8.430000,-0.098175,-1.524550,1.000000
8.431000,-0.098175,-1.524550,1.000000
8.432000,-0.098175,-1.432936,1.000000
8.433000,-0.098175,-1.283258,1.000000
8.434000,-0.101243,-1.161238,1.000000
8.435000,-0.101243,-1.060525,1.000000
8.436000,-0.101243,-0.976079,1.000000
8.437000,-0.101243,-0.904141,1.000000
8.438000,-0.101243,-0.842590,1.000000
8.439000,-0.101243,-0.788183,1.000000
8.440000,-0.101243,-0.740562,1.000000
8.441000,-0.104311,-1.091790,1.000000
8.442000,-0.104311,-1.091790,1.000000
8.443000,-0.104311,-1.091790,1.000000
8.444000,-0.104311,-1.091790,1.000000
8.445000,-0.104311,-1.091790,1.000000
8.446000,-0.104311,-1.091790,1.000000
8.447000,-0.104311,-1.091790,1.000000
8.448000,-0.104311,-1.091790,1.000000
8.449000,-0.104311,-1.091790,1.000000
8.450000,-0.104311,-1.091790,1.000000
8.451000,-0.104311,-1.091790,1.000000
8.452000,-0.104311,-1.028208,1.000000
8.453000,-0.104311,-0.948988,1.000000
8.454000,-0.104311,-0.881124,1.000000
8.455000,-0.104311,-0.821906,1.000000
8.456000,-0.104311,-0.770392,1.000000
8.457000,-0.101243,0.724817,1.000000
8.458000,-0.101243,0.684211,1.000000
8.459000,-0.101243,0.648237,1.000000
8.460000,-0.101243,0.615683,1.000000
8.461000,-0.101243,0.586242,1.000000
8.462000,-0.101243,0.559636,1.000000
8.463000,-0.098175,0.535118,1.000000
8.464000,-0.098175,0.512860,1.000000
8.465000,-0.098175,0.492375,1.000000
8.466000,-0.098175,0.473133,1.000000
8.467000,-0.095107,0.464076,1.000000
8.468000,-0.095107,0.464076,1.000000
8.469000,-0.095107,0.464076,1.000000
8.470000,-0.095107,0.464076,1.000000
8.471000,-0.092039,0.464076,1.000000
8.472000,-0.092039,0.464076,1.000000
8.473000,-0.092039,0.464076,1.000000
8.474000,-0.088971,0.464076,1.000000
8.475000,-0.088971,0.464076,1.000000
8.476000,-0.085903,0.464076,1.000000
8.477000,-0.085903,0.464076,1.000000
8.478000,-0.085903,0.464076,1.000000
8.479000,-0.082835,0.734574,1.000000
8.480000,-0.082835,0.734574,1.000000
8.481000,-0.079767,0.734574,1.000000
8.482000,-0.079767,0.734574,1.000000
8.483000,-0.076699,0.734574,1.000000
8.484000,-0.076699,0.734574,1.000000
8.485000,-0.073631,0.734574,1.000000
8.486000,-0.073631,0.734574,1.000000
8.487000,-0.070563,1.266662,1.000000
8.488000,-0.070563,1.266662,1.000000
8.489000,-0.067495,1.266662,1.000000
8.490000,-0.067495,1.266662,1.000000
8.491000,-0.064427,1.266662,1.000000
8.492000,-0.064427,1.266662,1.000000
8.493000,-0.061359,1.266662,1.000000
8.494000,-0.058291,1.583285,1.000000
8.495000,-0.058291,1.583285,1.000000
8.496000,-0.055223,1.583285,1.000000
8.497000,-0.055223,1.583285,1.000000
8.498000,-0.052155,1.583285,1.000000
8.499000,-0.049087,1.583285,1.000000
8.500000,-0.049087,1.583285,1.000000
8.501000,-0.046019,1.829836,-1.000000
8.502000,-0.042951,1.829836,-1.000000
8.503000,-0.042951,1.829836,-1.000000
8.504000,-0.039884,1.829836,-1.000000
8.505000,-0.036816,1.829836,-1.000000
8.506000,-0.036816,1.829836,-1.000000
8.507000,-0.033748,1.990464,-1.000000
8.508000,-0.033748,1.990464,-1.000000
8.509000,-0.030680,1.990464,-1.000000
8.510000,-0.027612,1.990464,-1.000000
8.511000,-0.027612,1.990464,-1.000000
8.512000,-0.024544,1.990464,-1.000000
8.513000,-0.024544,1.851027,-1.000000
8.514000,-0.021476,1.877047,-1.000000
8.515000,-0.021476,1.877047,-1.000000
8.516000,-0.018408,1.877047,-1.000000
8.517000,-0.018408,1.877047,-1.000000
8.518000,-0.015340,1.877047,-1.000000
8.519000,-0.015340,1.877047,-1.000000
8.520000,-0.012272,1.866444,-1.000000
8.521000,-0.012272,1.620780,-1.000000
8.522000,-0.012272,1.430751,-1.000000
8.523000,-0.009204,1.584003,-1.000000
8.524000,-0.009204,1.584003,-1.000000
8.525000,-0.009204,1.584003,-1.000000
8.526000,-0.006136,1.584003,-1.000000
8.527000,-0.006136,1.584003,-1.000000
8.528000,-0.006136,1.584003,-1.000000
8.529000,-0.003068,1.584003,-1.000000
8.530000,-0.003068,1.571335,-1.000000
8.531000,-0.003068,1.393494,-1.000000
8.532000,0.000000,1.251463,-1.000000
8.533000,0.000000,1.135870,-1.000000
8.534000,0.000000,1.039830,-1.000000
8.535000,0.000000,0.957680,-1.000000
8.536000,0.000000,0.888627,-1.000000
8.537000,0.003068,1.169559,-1.000000
8.538000,0.003068,1.169559,-1.000000
8.539000,0.003068,1.169559,-1.000000
8.540000,0.003068,1.169559,-1.000000
8.541000,0.003068,1.169559,-1.000000
8.542000,0.003068,1.169559,-1.000000
8.543000,0.003068,1.169559,-1.000000
8.544000,0.003068,1.169559,-1.000000
8.545000,0.003068,1.169559,-1.000000
8.546000,0.003068,1.169559,-1.000000
8.547000,0.003068,1.161326,-1.000000
8.548000,0.003068,1.061368,-1.000000
8.549000,0.003068,0.976508,-1.000000
8.550000,0.003068,0.903871,-1.000000
8.551000,0.003068,0.842078,-1.000000
8.552000,0.003068,0.787757,-1.000000
8.553000,0.003068,0.740155,-1.000000
8.554000,0.003068,0.698238,-1.000000
8.555000,0.003068,0.661139,-1.000000
8.556000,0.003068,0.627029,-1.000000
8.557000,0.003068,0.596397,-1.000000
8.558000,0.003068,0.568811,-1.000000
8.559000,0.003068,0.543805,-1.000000
8.560000,0.003068,0.520710,-1.000000
8.561000,0.000000,-0.499375,-1.000000
8.562000,0.000000,-0.479971,-1.000000
8.563000,0.000000,-0.462024,-1.000000
8.564000,0.000000,-0.445089,-1.000000
8.565000,-0.003068,-0.429619,-1.000000
8.566000,-0.003068,-0.414994,-1.000000
8.567000,-0.003068,-0.401518,-1.000000
8.568000,-0.003068,-0.388662,-1.000000
8.569000,-0.006136,-0.384410,-1.000000
8.570000,-0.006136,-0.384410,-1.000000
8.571000,-0.006136,-0.384410,-1.000000
8.572000,-0.009204,-0.384410,-1.000000
8.573000,-0.009204,-0.384410,-1.000000
8.574000,-0.009204,-0.384410,-1.000000
8.575000,-0.012272,-0.384410,-1.000000
8.576000,-0.012272,-0.384410,-1.000000
8.577000,-0.015340,-0.384410,-1.000000
8.578000,-0.015340,-0.384410,-1.000000
8.579000,-0.015340,-0.384410,-1.000000
8.580000,-0.018408,-0.843507,-1.000000
8.581000,-0.018408,-0.843507,-1.000000
8.582000,-0.021476,-0.843507,-1.000000
8.583000,-0.021476,-0.843507,-1.000000
8.584000,-0.024544,-0.843507,-1.000000
8.585000,-0.024544,-0.843507,-1.000000
8.586000,-0.027612,-0.843507,-1.000000
8.587000,-0.027612,-0.843507,-1.000000
8.588000,-0.030680,-1.320299,-1.000000
8.589000,-0.030680,-1.320299,-1.000000
8.590000,-0.033748,-1.320299,-1.000000
8.591000,-0.033748,-1.320299,-1.000000
8.592000,-0.036816,-1.320299,-1.000000
8.593000,-0.039884,-1.320299,-1.000000
8.594000,-0.039884,-1.320299,-1.000000
8.595000,-0.042951,-1.627869,-1.000000
8.596000,-0.042951,-1.627869,-1.000000
8.597000,-0.046019,-1.627869,-1.000000
8.598000,-0.049087,-1.627869,-1.000000
8.599000,-0.049087,-1.627869,-1.000000
8.600000,-0.052155,-1.627869,-1.000000
8.601000,-0.055223,-1.871394,1.000000
8.602000,-0.055223,-1.871394,1.000000
8.603000,-0.058291,-1.871394,1.000000
8.604000,-0.058291,-1.871394,1.000000
8.605000,-0.061359,-1.871394,1.000000
8.606000,-0.064427,-1.871394,1.000000
8.607000,-0.064427,-1.871394,1.000000
8.608000,-0.067495,-2.019023,1.000000
8.609000,-0.070563,-2.019023,1.000000
8.610000,-0.070563,-2.019023,1.000000
8.611000,-0.073631,-2.019023,1.000000
8.612000,-0.073631,-2.019023,1.000000
8.613000,-0.076699,-2.019023,1.000000
8.614000,-0.076699,-1.784635,1.000000
8.615000,-0.079767,-1.873374,1.000000
8.616000,-0.079767,-1.873374,1.000000
8.617000,-0.082835,-1.873374,1.000000
8.618000,-0.082835,-1.873374,1.000000
8.619000,-0.085903,-1.873374,1.000000
8.620000,-0.085903,-1.873374,1.000000
8.621000,-0.088971,-1.798647,1.000000
8.622000,-0.088971,-1.570352,1.000000
8.623000,-0.092039,-1.583331,1.000000
8.624000,-0.092039,-1.583331,1.000000
8.625000,-0.092039,-1.583331,1.000000
8.626000,-0.095107,-1.583331,1.000000
8.627000,-0.095107,-1.583331,1.000000
8.628000,-0.095107,-1.583331,1.000000
8.629000,-0.098175,-1.583331,1.000000
8.630000,-0.098175,-1.583331,1.000000
8.631000,-0.098175,-1.516090,1.000000
8.632000,-0.101243,-1.348470,1.000000
8.633000,-0.101243,-1.214899,1.000000
8.634000,-0.101243,-1.104945,1.000000
8.635000,-0.101243,-1.014280,1.000000
8.636000,-0.101243,-0.936789,1.000000
8.637000,-0.104311,-1.185928,1.000000
8.638000,-0.104311,-1.185928,1.000000
8.639000,-0.104311,-1.185928,1.000000
8.640000,-0.104311,-1.185928,1.000000
8.641000,-0.104311,-1.185928,1.000000
8.642000,-0.104311,-1.185928,1.000000
8.643000,-0.104311,-1.185928,1.000000
8.644000,-0.107379,-1.185928,1.000000
8.645000,-0.107379,-1.185928,1.000000
8.646000,-0.107379,-1.185928,1.000000
8.647000,-0.107379,-1.170717,1.000000
8.648000,-0.107379,-1.069947,1.000000
8.649000,-0.107379,-0.983722,1.000000
8.650000,-0.107379,-0.911577,1.000000
8.651000,-0.107379,-0.847372,1.000000
8.652000,-0.107379,-0.793302,1.000000
8.653000,-0.107379,-0.744966,1.000000
8.654000,-0.107379,-0.702413,1.000000
8.655000,-0.107379,-0.664396,1.000000
8.656000,-0.107379,-0.630162,1.000000
8.657000,-0.104311,0.599343,1.000000
8.658000,-0.104311,0.571621,1.000000
8.659000,-0.104311,0.545900,1.000000
8.660000,-0.104311,0.522813,1.000000
8.661000,-0.104311,0.501551,1.000000
8.662000,-0.104311,0.481764,1.000000
8.663000,-0.104311,0.463551,1.000000
8.664000,-0.101243,0.446789,1.000000
8.665000,-0.101243,0.431095,1.000000
8.666000,-0.101243,0.416422,1.000000
8.667000,-0.101243,0.402834,1.000000
8.668000,-0.098175,0.389914,1.000000
8.669000,-0.098175,0.377975,1.000000
8.670000,-0.098175,0.366547,1.000000
8.671000,-0.098175,0.355977,1.000000
8.672000,-0.095107,0.353749,1.000000
8.673000,-0.095107,0.353749,1.000000
8.674000,-0.095107,0.353749,1.000000
8.675000,-0.092039,0.353749,1.000000
8.676000,-0.092039,0.353749,1.000000
8.677000,-0.092039,0.353749,1.000000
8.678000,-0.088971,0.353749,1.000000
8.679000,-0.088971,0.353749,1.000000
8.680000,-0.085903,0.353749,1.000000
8.681000,-0.085903,0.353749,1.000000
8.682000,-0.085903,0.353749,1.000000
8.683000,-0.082835,0.879405,1.000000
8.684000,-0.082835,0.879405,1.000000
8.685000,-0.079767,0.879405,1.000000
8.686000,-0.079767,0.879405,1.000000
8.687000,-0.076699,0.879405,1.000000
8.688000,-0.076699,0.879405,1.000000
8.689000,-0.073631,0.879405,1.000000
8.690000,-0.073631,0.879405,1.000000
8.691000,-0.070563,1.331689,1.000000
8.692000,-0.070563,1.331689,1.000000
8.693000,-0.067495,1.331689,1.000000
8.694000,-0.067495,1.331689,1.000000
8.695000,-0.064427,1.331689,1.000000
8.696000,-0.061359,1.331689,1.000000
8.697000,-0.061359,1.331689,1.000000
8.698000,-0.058291,1.628301,1.000000
8.699000,-0.058291,1.628301,1.000000
8.700000,-0.055223,1.628301,-1.000000
8.701000,-0.052155,1.628301,-1.000000
8.702000,-0.052155,1.628301,-1.000000
8.703000,-0.049087,1.628301,-1.000000
8.704000,-0.046019,1.862655,-1.000000
8.705000,-0.046019,1.862655,-1.000000
8.706000,-0.042951,1.862655,-1.000000
8.707000,-0.042951,1.862655,-1.000000
8.708000,-0.039884,1.862655,-1.000000
8.709000,-0.039884,1.862655,-1.000000
8.710000,-0.036816,1.862655,-1.000000
8.711000,-0.036816,1.742493,-1.000000
8.712000,-0.033748,1.812896,-1.000000
8.713000,-0.033748,1.812896,-1.000000
8.714000,-0.030680,1.812896,-1.000000
8.715000,-0.030680,1.812896,-1.000000
8.716000,-0.027612,1.812896,-1.000000
8.717000,-0.027612,1.812896,-1.000000
8.718000,-0.024544,1.781487,-1.000000
8.719000,-0.024544,1.556394,-1.000000
8.720000,-0.024544,1.380909,-1.000000
8.721000,-0.021476,1.550925,-1.000000
8.722000,-0.021476,1.550925,-1.000000
8.723000,-0.018408,1.550925,-1.000000
8.724000,-0.018408,1.550925,-1.000000
8.725000,-0.018408,1.550925,-1.000000
8.726000,-0.018408,1.550925,-1.000000
8.727000,-0.015340,1.550925,-1.000000
8.728000,-0.015340,1.550925,-1.000000
8.729000,-0.015340,1.378354,-1.000000
8.730000,-0.015340,1.238508,-1.000000
8.731000,-0.012272,1.126086,-1.000000
8.732000,-0.012272,1.030323,-1.000000
8.733000,-0.012272,0.950670,-1.000000
8.734000,-0.012272,0.882455,-1.000000
8.735000,-0.009204,1.137260,-1.000000
8.736000,-0.009204,1.137260,-1.000000
8.737000,-0.009204,1.137260,-1.000000
8.738000,-0.009204,1.137260,-1.000000
8.739000,-0.009204,1.137260,-1.000000
8.740000,-0.009204,1.137260,-1.000000
8.741000,-0.009204,1.137260,-1.000000
8.742000,-0.009204,1.137260,-1.000000
8.743000,-0.009204,1.137260,-1.000000
8.744000,-0.009204,1.137260,-1.000000
8.745000,-0.009204,1.137260,-1.000000
8.746000,-0.009204,1.095095,-1.000000
8.747000,-0.009204,1.004722,-1.000000
8.748000,-0.009204,0.929204,-1.000000
8.749000,-0.009204,0.862916,-1.000000
8.750000,-0.009204,0.806478,-1.000000
8.751000,-0.009204,0.757126,-1.000000
8.752000,-0.009204,0.712832,-1.000000
8.753000,-0.009204,0.674001,-1.000000
8.754000,-0.009204,0.638858,-1.000000
8.755000,-0.009204,0.607223,-1.000000
8.756000,-0.009204,0.578565,-1.000000
8.757000,-0.009204,0.552720,-1.000000
8.758000,-0.012272,-0.528536,-1.000000
8.759000,-0.012272,-0.506869,-1.000000
8.760000,-0.012272,-0.486559,-1.000000
8.761000,-0.012272,-0.468136,-1.000000
8.762000,-0.012272,-0.451042,-1.000000
8.763000,-0.015340,-0.434947,-1.000000
8.764000,-0.015340,-0.420169,-1.000000
8.765000,-0.015340,-0.406231,-1.000000
8.766000,-0.015340,-0.393135,-1.000000
8.767000,-0.018408,-0.385777,-1.000000
8.768000,-0.018408,-0.385777,-1.000000
8.769000,-0.018408,-0.385777,-1.000000
8.770000,-0.021476,-0.385777,-1.000000
8.771000,-0.021476,-0.385777,-1.000000
8.772000,-0.021476,-0.385777,-1.000000
8.773000,-0.024544,-0.385777,-1.000000
8.774000,-0.024544,-0.385777,-1.000000
8.775000,-0.024544,-0.385777,-1.000000
8.776000,-0.027612,-0.385777,-1.000000
8.777000,-0.027612,-0.385777,-1.000000
8.778000,-0.030680,-0.818345,-1.000000
8.779000,-0.030680,-0.818345,-1.000000
8.780000,-0.030680,-0.818345,-1.000000
8.781000,-0.033748,-0.818345,-1.000000
8.782000,-0.033748,-0.818345,-1.000000
8.783000,-0.036816,-0.818345,-1.000000
8.784000,-0.036816,-0.818345,-1.000000
8.785000,-0.039884,-0.818345,-1.000000
8.786000,-0.039884,-0.818345,-1.000000
8.787000,-0.042951,-1.291430,-1.000000
8.788000,-0.042951,-1.291430,-1.000000
8.789000,-0.046019,-1.291430,-1.000000
8.790000,-0.046019,-1.291430,-1.000000
8.791000,-0.049087,-1.291430,-1.000000
8.792000,-0.052155,-1.291430,-1.000000
8.793000,-0.052155,-1.291430,-1.000000
8.794000,-0.055223,-1.590868,-1.000000
8.795000,-0.055223,-1.590868,-1.000000
8.796000,-0.058291,-1.590868,-1.000000
8.797000,-0.061359,-1.590868,-1.000000
8.798000,-0.061359,-1.590868,-1.000000
8.799000,-0.064427,-1.590868,-1.000000
8.800000,-0.067495,-1.827841,1.000000
8.801000,-0.067495,-1.827841,1.000000
8.802000,-0.070563,-1.827841,1.000000
8.803000,-0.070563,-1.827841,1.000000
8.804000,-0.073631,-1.827841,1.000000
8.805000,-0.076699,-1.827841,1.000000
8.806000,-0.076699,-1.827841,1.000000
8.807000,-0.079767,-1.975074,1.000000
8.808000,-0.082835,-1.975074,1.000000
8.809000,-0.085903,-1.975074,1.000000
8.810000,-0.088971,-1.975074,1.000000
8.811000,-0.088971,-1.975074,1.000000
8.812000,-0.092039,-1.975074,1.000000
8.813000,-0.092039,-1.832694,1.000000
8.814000,-0.095107,-1.797294,1.000000
8.815000,-0.095107,-1.797294,1.000000
8.816000,-0.098175,-1.797294,1.000000
8.817000,-0.098175,-1.797294,1.000000
8.818000,-0.098175,-1.797294,1.000000
8.819000,-0.101243,-1.797294,1.000000
8.820000,-0.101243,-1.797294,1.000000
8.821000,-0.104311,-1.690279,1.000000
8.822000,-0.104311,-1.485636,1.000000
8.823000,-0.104311,-1.325047,1.000000
8.824000,-0.107379,-1.487456,1.000000
8.825000,-0.107379,-1.487456,1.000000
8.826000,-0.107379,-1.487456,1.000000
8.827000,-0.110447,-1.487456,1.000000
8.828000,-0.110447,-1.487456,1.000000
8.829000,-0.110447,-1.487456,1.000000
8.830000,-0.110447,-1.487456,1.000000
8.831000,-0.113515,-1.487456,1.000000
8.832000,-0.113515,-1.403805,1.000000
8.833000,-0.113515,-1.259772,1.000000
8.834000,-0.113515,-1.142832,1.000000
8.835000,-0.116583,-1.045420,1.000000
8.836000,-0.116583,-0.963328,1.000000
8.837000,-0.116583,-0.892854,1.000000
8.838000,-0.116583,-0.832296,1.000000
8.839000,-0.116583,-0.779379,1.000000
8.840000,-0.116583,-0.733207,1.000000
8.841000,-0.116583,-0.691850,1.000000
8.842000,-0.116583,-0.654396,1.000000
8.843000,-0.116583,-0.621226,1.000000
8.844000,-0.116583,-0.591282,1.000000
8.845000,-0.116583,-0.564552,1.000000
8.846000,-0.116583,-0.539712,1.000000
8.847000,-0.116583,-0.516896,1.000000
8.848000,-0.116583,-0.495934,1.000000
8.849000,-0.116583,-0.476858,1.000000
8.850000,-0.116583,-0.458876,1.000000
8.851000,-0.116583,-0.442338,1.000000
8.852000,-0.116583,-0.426923,1.000000
8.853000,-0.116583,-0.412676,1.000000
8.854000,-0.116583,-0.399173,1.000000
8.855000,-0.116583,-0.386575,1.000000
8.856000,-0.116583,-0.374862,1.000000
8.857000,-0.116583,-0.363738,1.000000
8.858000,-0.116583,-0.353255,1.000000
8.859000,-0.113515,0.343381,1.000000
8.860000,-0.113515,0.333985,1.000000
8.861000,-0.113515,0.325175,1.000000
8.862000,-0.113515,0.316734,1.000000
8.863000,-0.110447,1.016588,1.000000
8.864000,-0.110447,1.016588,1.000000
8.865000,-0.110447,1.016588,1.000000
8.866000,-0.110447,1.016588,1.000000
8.867000,-0.107379,1.016588,1.000000
8.868000,-0.107379,1.016588,1.000000
8.869000,-0.107379,1.016588,1.000000
8.870000,-0.104311,1.016588,1.000000
8.871000,-0.104311,1.016588,1.000000
8.872000,-0.104311,1.016588,1.000000
8.873000,-0.101243,1.016588,1.000000
8.874000,-0.101243,1.016588,1.000000
8.875000,-0.101243,1.000729,1.000000
8.876000,-0.098175,0.309230,1.000000
8.877000,-0.098175,0.309230,1.000000
8.878000,-0.095107,0.309230,1.000000
8.879000,-0.095107,0.309230,1.000000
8.880000,-0.095107,0.309230,1.000000
8.881000,-0.092039,0.309230,1.000000
8.882000,-0.092039,0.309230,1.000000
8.883000,-0.088971,0.309230,1.000000
8.884000,-0.088971,0.309230,1.000000
8.885000,-0.085903,1.214330,1.000000
8.886000,-0.085903,1.214330,1.000000
8.887000,-0.082835,1.214330,1.000000
8.888000,-0.079767,1.214330,1.000000
8.889000,-0.079767,1.214330,1.000000
8.890000,-0.076699,1.214330,1.000000
8.891000,-0.076699,1.214330,1.000000
8.892000,-0.073631,1.549894,1.000000
8.893000,-0.073631,1.549894,1.000000
8.894000,-0.070563,1.549894,1.000000
8.895000,-0.067495,1.549894,1.000000
8.896000,-0.067495,1.549894,1.000000
8.897000,-0.064427,1.549894,1.000000
8.898000,-0.061359,1.800869,1.000000
8.899000,-0.061359,1.800869,1.000000
8.900000,-0.058291,1.800869,1.000000
8.901000,-0.055223,1.800869,-1.000000
8.902000,-0.055223,1.800869,-1.000000
8.903000,-0.052155,1.800869,-1.000000
8.904000,-0.049087,2.006948,-1.000000
8.905000,-0.049087,2.006948,-1.000000
8.906000,-0.046019,2.006948,-1.000000
8.907000,-0.046019,2.006948,-1.000000
8.908000,-0.042951,2.006948,-1.000000
8.909000,-0.039884,2.006948,-1.000000
8.910000,-0.039884,2.004753,-1.000000
8.911000,-0.036816,2.003394,-1.000000
8.912000,-0.036816,2.003394,-1.000000
8.913000,-0.033748,2.003394,-1.000000
8.914000,-0.030680,2.003394,-1.000000
8.915000,-0.030680,2.003394,-1.000000
8.916000,-0.027612,2.003394,-1.000000
8.917000,-0.027612,1.827123,-1.000000
8.918000,-0.024544,1.756924,-1.000000
8.919000,-0.024544,1.756924,-1.000000
8.920000,-0.024544,1.756924,-1.000000
8.921000,-0.021476,1.756924,-1.000000
8.922000,-0.021476,1.756924,-1.000000
8.923000,-0.018408,1.756924,-1.000000
8.924000,-0.018408,1.756924,-1.000000
8.925000,-0.018408,1.739765,-1.000000
8.926000,-0.015340,1.525050,-1.000000
8.927000,-0.015340,1.358317,-1.000000
8.928000,-0.015340,1.220501,-1.000000
8.929000,-0.012272,1.412329,-1.000000
8.930000,-0.012272,1.412329,-1.000000
8.931000,-0.012272,1.412329,-1.000000
8.932000,-0.012272,1.412329,-1.000000
8.933000,-0.009204,1.412329,-1.000000
8.934000,-0.009204,1.412329,-1.000000
8.935000,-0.009204,1.412329,-1.000000
8.936000,-0.009204,1.412329,-1.000000
8.937000,-0.006136,1.395980,-1.000000
8.938000,-0.006136,1.253243,-1.000000
8.939000,-0.006136,1.136450,-1.000000
8.940000,-0.006136,1.041094,-1.000000
8.941000,-0.006136,0.959128,-1.000000
8.942000,-0.006136,0.890340,-1.000000
8.943000,-0.006136,0.828864,-1.000000
8.944000,-0.006136,0.777432,-1.000000
8.945000,-0.006136,0.730950,-1.000000
8.946000,-0.003068,0.689227,-1.000000
8.947000,-0.003068,0.652637,-1.000000
8.948000,-0.003068,0.620301,-1.000000
8.949000,-0.003068,0.590099,-1.000000
8.950000,-0.003068,0.563307,-1.000000
8.951000,-0.003068,0.538132,-1.000000
8.952000,-0.003068,0.515723,-1.000000
8.953000,-0.006136,-0.494767,-1.000000
8.954000,-0.006136,-0.475564,-1.000000
8.955000,-0.006136,-0.457848,-1.000000
8.956000,-0.006136,-0.441358,-1.000000
8.957000,-0.006136,-0.426131,-1.000000
8.958000,-0.006136,-0.411731,-1.000000
8.959000,-0.006136,-0.398460,-1.000000
8.960000,-0.006136,-0.385876,-1.000000
8.961000,-0.009204,-0.878331,-1.000000
8.962000,-0.009204,-0.878331,-1.000000
8.963000,-0.009204,-0.878331,-1.000000
8.964000,-0.009204,-0.878331,-1.000000
8.965000,-0.009204,-0.878331,-1.000000
8.966000,-0.012272,-0.878331,-1.000000
8.967000,-0.012272,-0.878331,-1.000000
8.968000,-0.012272,-0.878331,-1.000000
8.969000,-0.012272,-0.878331,-1.000000
8.970000,-0.015340,-0.878331,-1.000000
8.971000,-0.015340,-0.878331,-1.000000
8.972000,-0.015340,-0.878331,-1.000000
8.973000,-0.018408,-0.878331,-1.000000
8.974000,-0.018408,-0.878331,-1.000000
8.975000,-0.018408,-0.864036,-1.000000
8.976000,-0.021476,-0.375838,-1.000000
8.977000,-0.021476,-0.375838,-1.000000
8.978000,-0.024544,-0.375838,-1.000000
8.979000,-0.024544,-0.375838,-1.000000
8.980000,-0.024544,-0.375838,-1.000000
8.981000,-0.027612,-0.375838,-1.000000
8.982000,-0.027612,-0.375838,-1.000000
8.983000,-0.030680,-0.375838,-1.000000
8.984000,-0.030680,-0.375838,-1.000000
8.985000,-0.033748,-1.137533,-1.000000
8.986000,-0.033748,-1.137533,-1.000000
8.987000,-0.036816,-1.137533,-1.000000
8.988000,-0.036816,-1.137533,-1.000000
8.989000,-0.039884,-1.137533,-1.000000
8.990000,-0.042951,-1.137533,-1.000000
8.991000,-0.042951,-1.137533,-1.000000
8.992000,-0.046019,-1.501347,-1.000000
8.993000,-0.046019,-1.501347,-1.000000
8.994000,-0.049087,-1.501347,-1.000000
8.995000,-0.049087,-1.501347,-1.000000
8.996000,-0.052155,-1.501347,-1.000000
8.997000,-0.055223,-1.501347,-1.000000
8.998000,-0.055223,-1.501347,-1.000000
8.999000,-0.058291,-1.769280,-1.000000
9.000000,-0.061359,-1.769280,-1.000000
9.001000,-0.061359,-1.769280,1.000000
9.002000,-0.064427,-1.769280,1.000000
9.003000,-0.067495,-1.769280,1.000000
9.004000,-0.067495,-1.769280,1.000000
9.005000,-0.070563,-1.990715,1.000000
9.006000,-0.073631,-1.990715,1.000000
9.007000,-0.073631,-1.990715,1.000000
9.008000,-0.076699,-1.990715,1.000000
9.009000,-0.076699,-1.990715,1.000000
9.010000,-0.079767,-1.990715,1.000000
9.011000,-0.082835,-1.957822,1.000000
9.012000,-0.082835,-1.957822,1.000000
9.013000,-0.085903,-1.957822,1.000000
9.014000,-0.085903,-1.957822,1.000000
9.015000,-0.088971,-1.957822,1.000000
9.016000,-0.088971,-1.957822,1.000000
9.017000,-0.092039,-1.957822,1.000000
9.018000,-0.092039,-1.747086,1.000000
9.019000,-0.095107,-1.725789,1.000000
9.020000,-0.095107,-1.725789,1.000000
9.021000,-0.098175,-1.725789,1.000000
9.022000,-0.098175,-1.725789,1.000000
9.023000,-0.098175,-1.725789,1.000000
9.024000,-0.101243,-1.725789,1.000000
9.025000,-0.101243,-1.725789,1.000000
9.026000,-0.101243,-1.698245,1.000000
9.027000,-0.104311,-1.491716,1.000000
9.028000,-0.104311,-1.331280,1.000000
9.029000,-0.104311,-1.200334,1.000000
9.030000,-0.107379,-1.388678,1.000000
9.031000,-0.107379,-1.388678,1.000000
9.032000,-0.107379,-1.388678,1.000000
9.033000,-0.110447,-1.388678,1.000000
9.034000,-0.110447,-1.388678,1.000000
9.035000,-0.110447,-1.388678,1.000000
9.036000,-0.110447,-1.388678,1.000000
9.037000,-0.110447,-1.388678,1.000000
9.038000,-0.113515,-1.388678,1.000000
9.039000,-0.113515,-1.259589,1.000000
9.040000,-0.113515,-1.142714,1.000000
9.041000,-0.113515,-1.044204,1.000000
9.042000,-0.113515,-0.963107,1.000000
9.043000,-0.113515,-0.893091,1.000000
9.044000,-0.113515,-0.833081,1.000000
9.045000,-0.113515,-0.779483,1.000000
9.046000,-0.116583,-0.733375,1.000000
9.047000,-0.116583,-0.691641,1.000000
9.048000,-0.116583,-0.654775,1.000000
9.049000,-0.116583,-0.621645,1.000000
9.050000,-0.116583,-0.591958,1.000000
9.051000,-0.116583,-0.564612,1.000000
9.052000,-0.116583,-0.539782,1.000000
9.053000,-0.116583,-0.516857,1.000000
9.054000,-0.116583,-0.495992,1.000000
9.055000,-0.113515,0.476902,1.000000
9.056000,-0.113515,0.458961,1.000000
9.057000,-0.113515,0.442370,1.000000
9.058000,-0.113515,0.426880,1.000000
9.059000,-0.113515,0.412590,1.000000
9.060000,-0.113515,0.399231,1.000000
9.061000,-0.113515,0.386523,1.000000
9.062000,-0.113515,0.374665,1.000000
9.063000,-0.110447,0.861661,1.000000
9.064000,-0.110447,0.861661,1.000000
9.065000,-0.110447,0.861661,1.000000
9.066000,-0.110447,0.861661,1.000000
9.067000,-0.110447,0.861661,1.000000
9.068000,-0.107379,0.861661,1.000000
9.069000,-0.107379,0.861661,1.000000
9.070000,-0.107379,0.861661,1.000000
9.071000,-0.104311,0.861661,1.000000
9.072000,-0.104311,0.861661,1.000000
9.073000,-0.104311,0.861661,1.000000
9.074000,-0.104311,0.861661,1.000000
9.075000,-0.101243,0.861661,1.000000
9.076000,-0.101243,0.861661,1.000000
9.077000,-0.098175,0.371736,1.000000
9.078000,-0.098175,0.371736,1.000000
9.079000,-0.098175,0.371736,1.000000
9.080000,-0.095107,0.371736,1.000000
9.081000,-0.095107,0.371736,1.000000
9.082000,-0.092039,0.371736,1.000000
9.083000,-0.092039,0.371736,1.000000
9.084000,-0.092039,0.371736,1.000000
9.085000,-0.088971,0.371736,1.000000
9.086000,-0.088971,0.371736,1.000000
9.087000,-0.085903,1.121179,1.000000
9.088000,-0.085903,1.121179,1.000000
9.089000,-0.082835,1.121179,1.000000
9.090000,-0.082835,1.121179,1.000000
9.091000,-0.079767,1.121179,1.000000
9.092000,-0.076699,1.121179,1.000000
9.093000,-0.076699,1.121179,1.000000
9.094000,-0.073631,1.484271,1.000000
9.095000,-0.073631,1.484271,1.000000
9.096000,-0.070563,1.484271,1.000000
9.097000,-0.070563,1.484271,1.000000
9.098000,-0.067495,1.484271,1.000000
9.099000,-0.064427,1.484271,1.000000
9.100000,-0.064427,1.484271,1.000000
9.101000,-0.061359,1.751217,-1.000000
9.102000,-0.058291,1.751217,-1.000000
9.103000,-0.058291,1.751217,-1.000000
9.104000,-0.055223,1.751217,-1.000000
9.105000,-0.055223,1.751217,-1.000000
9.106000,-0.052155,1.751217,-1.000000
9.107000,-0.049087,1.905731,-1.000000
9.108000,-0.049087,1.905731,-1.000000
9.109000,-0.046019,1.905731,-1.000000
9.110000,-0.046019,1.905731,-1.000000
9.111000,-0.042951,1.905731,-1.000000
9.112000,-0.042951,1.905731,-1.000000
9.113000,-0.039884,1.905731,-1.000000
9.114000,-0.036816,1.832835,-1.000000
9.115000,-0.036816,1.832835,-1.000000
9.116000,-0.036816,1.832835,-1.000000
9.117000,-0.033748,1.832835,-1.000000
9.118000,-0.033748,1.832835,-1.000000
9.119000,-0.030680,1.832835,-1.000000
9.120000,-0.030680,1.832835,-1.000000
9.121000,-0.027612,1.752944,-1.000000
9.122000,-0.027612,1.533866,-1.000000
9.123000,-0.027612,1.366037,-1.000000
9.124000,-0.024544,1.501758,-1.000000
9.125000,-0.024544,1.501758,-1.000000
9.126000,-0.024544,1.501758,-1.000000
9.127000,-0.021476,1.501758,-1.000000
9.128000,-0.021476,1.501758,-1.000000
9.129000,-0.021476,1.501758,-1.000000
9.130000,-0.018408,1.501758,-1.000000
9.131000,-0.018408,1.501758,-1.000000
9.132000,-0.018408,1.405365,-1.000000
9.133000,-0.018408,1.262274,-1.000000
9.134000,-0.018408,1.143100,-1.000000
9.135000,-0.015340,1.045306,-1.000000
9.136000,-0.015340,0.963193,-1.000000
9.137000,-0.015340,0.893231,-1.000000
9.138000,-0.015340,0.833428,-1.000000
9.139000,-0.015340,0.780855,-1.000000
9.140000,-0.015340,0.733242,-1.000000
9.141000,-0.012272,1.073131,-1.000000
9.142000,-0.012272,1.073131,-1.000000
9.143000,-0.012272,1.073131,-1.000000
9.144000,-0.012272,1.073131,-1.000000
9.145000,-0.012272,1.073131,-1.000000
9.146000,-0.012272,1.073131,-1.000000
9.147000,-0.012272,1.073131,-1.000000
9.148000,-0.012272,1.073131,-1.000000
9.149000,-0.012272,1.073131,-1.000000
9.150000,-0.012272,1.073131,-1.000000
9.151000,-0.012272,1.073131,-1.000000
9.152000,-0.012272,1.041963,-1.000000
9.153000,-0.012272,0.960532,-1.000000
9.154000,-0.012272,0.890741,-1.000000
9.155000,-0.012272,0.830189,-1.000000
9.156000,-0.012272,0.778705,-1.000000
9.157000,-0.015340,-0.731164,-1.000000
9.158000,-0.015340,-0.690955,-1.000000
9.159000,-0.015340,-0.653319,-1.000000
9.160000,-0.015340,-0.620740,-1.000000
9.161000,-0.015340,-0.591066,-1.000000
9.162000,-0.015340,-0.563967,-1.000000
9.163000,-0.018408,-0.538706,-1.000000
9.164000,-0.018408,-0.516192,-1.000000
9.165000,-0.018408,-0.495574,-1.000000
9.166000,-0.018408,-0.476422,-1.000000
9.167000,-0.021476,-0.461164,-1.000000
9.168000,-0.021476,-0.461164,-1.000000
9.169000,-0.021476,-0.461164,-1.000000
9.170000,-0.021476,-0.461164,-1.000000
9.171000,-0.024544,-0.461164,-1.000000
9.172000,-0.024544,-0.461164,-1.000000
9.173000,-0.024544,-0.461164,-1.000000
9.174000,-0.027612,-0.461164,-1.000000
9.175000,-0.027612,-0.461164,-1.000000
9.176000,-0.027612,-0.461164,-1.000000
9.177000,-0.030680,-0.461164,-1.000000
9.178000,-0.030680,-0.461164,-1.000000
9.179000,-0.033748,-0.718971,-1.000000
9.180000,-0.033748,-0.718971,-1.000000
9.181000,-0.033748,-0.718971,-1.000000
9.182000,-0.036816,-0.718971,-1.000000
9.183000,-0.036816,-0.718971,-1.000000
9.184000,-0.039884,-0.718971,-1.000000
9.185000,-0.039884,-0.718971,-1.000000
9.186000,-0.042951,-0.718971,-1.000000
9.187000,-0.042951,-0.718971,-1.000000
9.188000,-0.046019,-1.240924,-1.000000
9.189000,-0.046019,-1.240924,-1.000000
9.190000,-0.049087,-1.240924,-1.000000
9.191000,-0.049087,-1.240924,-1.000000
9.192000,-0.052155,-1.240924,-1.000000
9.193000,-0.055223,-1.240924,-1.000000
9.194000,-0.055223,-1.240924,-1.000000
9.195000,-0.058291,-1.550237,-1.000000
9.196000,-0.058291,-1.550237,-1.000000
9.197000,-0.061359,-1.550237,-1.000000
9.198000,-0.061359,-1.550237,-1.000000
9.199000,-0.064427,-1.550237,-1.000000
9.200000,-0.067495,-1.550237,1.000000
9.201000,-0.067495,-1.550237,1.000000
9.202000,-0.070563,-1.791975,1.000000
9.203000,-0.073631,-1.791975,1.000000
9.204000,-0.073631,-1.791975,1.000000
9.205000,-0.076699,-1.791975,1.000000
9.206000,-0.076699,-1.791975,1.000000
9.207000,-0.079767,-1.791975,1.000000
9.208000,-0.079767,-1.791975,1.000000
9.209000,-0.082835,-1.877985,1.000000
9.210000,-0.085903,-1.877985,1.000000
9.211000,-0.085903,-1.877985,1.000000
9.212000,-0.085903,-1.877985,1.000000
9.213000,-0.088971,-1.877985,1.000000
9.214000,-0.092039,-1.877985,1.000000
9.215000,-0.092039,-1.775166,1.000000
9.216000,-0.092039,-1.555887,1.000000
9.217000,-0.095107,-1.666572,1.000000
9.218000,-0.095107,-1.666572,1.000000
9.219000,-0.098175,-1.666572,1.000000
9.220000,-0.098175,-1.666572,1.000000
9.221000,-0.098175,-1.666572,1.000000
9.222000,-0.101243,-1.666572,1.000000
9.223000,-0.101243,-1.666572,1.000000
9.224000,-0.101243,-1.586703,1.000000
9.225000,-0.104311,-1.407773,1.000000
9.226000,-0.104311,-1.262180,1.000000
9.227000,-0.104311,-1.142442,1.000000
9.228000,-0.107379,-1.297887,1.000000
9.229000,-0.107379,-1.297887,1.000000
9.230000,-0.107379,-1.297887,1.000000
9.231000,-0.107379,-1.297887,1.000000
9.232000,-0.107379,-1.297887,1.000000
9.233000,-0.110447,-1.297887,1.000000
9.234000,-0.110447,-1.297887,1.000000
9.235000,-0.110447,-1.297887,1.000000
9.236000,-0.110447,-1.297887,1.000000
9.237000,-0.110447,-1.297887,1.000000
9.238000,-0.110447,-1.215531,1.000000
9.239000,-0.110447,-1.105653,1.000000
9.240000,-0.110447,-1.014487,1.000000
9.241000,-0.113515,-0.937121,1.000000
9.242000,-0.113515,-0.870307,1.000000
9.243000,-0.113515,-0.811761,1.000000
9.244000,-0.113515,-0.761699,1.000000
9.245000,-0.113515,-0.716883,1.000000
9.246000,-0.113515,-0.677325,1.000000
9.247000,-0.113515,-0.642488,1.000000
9.248000,-0.113515,-0.610583,1.000000
9.249000,-0.113515,-0.581624,1.000000
9.250000,-0.113515,-0.554937,1.000000
9.251000,-0.110447,-0.638005,1.000000
9.252000,-0.110447,-0.638005,1.000000
9.253000,-0.110447,-0.638005,1.000000
9.254000,-0.110447,-0.638005,1.000000
9.255000,-0.110447,-0.638005,1.000000
9.256000,-0.110447,-0.638005,1.000000
9.257000,-0.110447,-0.638005,1.000000
9.258000,-0.110447,-0.638005,1.000000
9.259000,-0.107379,-0.638005,1.000000
9.260000,-0.107379,-0.638005,1.000000
9.261000,-0.107379,-0.638005,1.000000
9.262000,-0.107379,-0.638005,1.000000
9.263000,-0.104311,-0.638005,1.000000
9.264000,-0.104311,-0.638005,1.000000
9.265000,-0.104311,-0.638005,1.000000
9.266000,-0.104311,-0.638005,1.000000
9.267000,-0.101243,-0.638005,1.000000
9.268000,-0.101243,-0.638005,1.000000
9.269000,-0.101243,-0.638005,1.000000
9.270000,-0.098175,0.553637,1.000000
9.271000,-0.098175,0.553637,1.000000
9.272000,-0.098175,0.553637,1.000000
9.273000,-0.095107,0.553637,1.000000
9.274000,-0.095107,0.553637,1.000000
9.275000,-0.095107,0.553637,1.000000
9.276000,-0.092039,0.553637,1.000000
9.277000,-0.092039,0.553637,1.000000
9.278000,-0.088971,0.553637,1.000000
9.279000,-0.088971,0.553637,1.000000
9.280000,-0.085903,1.009528,1.000000
9.281000,-0.085903,1.009528,1.000000
9.282000,-0.082835,1.009528,1.000000
9.283000,-0.082835,1.009528,1.000000
9.284000,-0.079767,1.009528,1.000000
9.285000,-0.079767,1.009528,1.000000
9.286000,-0.076699,1.009528,1.000000
9.287000,-0.076699,1.009528,1.000000
9.288000,-0.073631,1.412282,1.000000
9.289000,-0.073631,1.412282,1.000000
9.290000,-0.070563,1.412282,1.000000
9.291000,-0.067495,1.412282,1.000000
9.292000,-0.067495,1.412282,1.000000
9.293000,-0.064427,1.412282,1.000000
9.294000,-0.064427,1.412282,1.000000
9.295000,-0.061359,1.690977,1.000000
9.296000,-0.058291,1.690977,1.000000
9.297000,-0.058291,1.690977,1.000000
9.298000,-0.055223,1.690977,1.000000
9.299000,-0.052155,1.690977,1.000000
9.300000,-0.052155,1.690977,-1.000000
9.301000,-0.049087,1.915746,-1.000000
9.302000,-0.046019,1.915746,-1.000000
9.303000,-0.046019,1.915746,-1.000000
9.304000,-0.042951,1.915746,-1.000000
9.305000,-0.039884,1.915746,-1.000000
9.306000,-0.039884,1.915746,-1.000000
9.307000,-0.036816,2.012795,-1.000000
9.308000,-0.036816,2.012795,-1.000000
9.309000,-0.033748,2.012795,-1.000000
9.310000,-0.033748,2.012795,-1.000000
9.311000,-0.030680,2.012795,-1.000000
9.312000,-0.027612,2.012795,-1.000000
9.313000,-0.027612,1.909119,-1.000000
9.314000,-0.024544,1.886292,-1.000000
9.315000,-0.024544,1.886292,-1.000000
9.316000,-0.021476,1.886292,-1.000000
9.317000,-0.021476,1.886292,-1.000000
9.318000,-0.018408,1.886292,-1.000000
9.319000,-0.018408,1.886292,-1.000000
9.320000,-0.018408,1.886292,-1.000000
9.321000,-0.015340,1.679659,-1.000000
9.322000,-0.015340,1.482328,-1.000000
9.323000,-0.012272,1.544173,-1.000000
9.324000,-0.012272,1.544173,-1.000000
9.325000,-0.012272,1.544173,-1.000000
9.326000,-0.009204,1.544173,-1.000000
9.327000,-0.009204,1.544173,-1.000000
9.328000,-0.009204,1.544173,-1.000000
9.329000,-0.006136,1.544173,-1.000000
9.330000,-0.006136,1.544173,-1.000000
9.331000,-0.006136,1.481478,-1.000000
9.332000,-0.006136,1.322787,-1.000000
9.333000,-0.006136,1.193074,-1.000000
9.334000,-0.003068,1.087717,-1.000000
9.335000,-0.003068,0.998222,-1.000000
9.336000,-0.003068,0.923638,-1.000000
9.337000,-0.003068,0.858632,-1.000000
9.338000,-0.003068,0.802671,-1.000000
9.339000,0.000000,1.111379,-1.000000
9.340000,0.000000,1.111379,-1.000000
9.341000,0.000000,1.111379,-1.000000
9.342000,0.000000,1.111379,-1.000000
9.343000,0.000000,1.111379,-1.000000
9.344000,0.000000,1.111379,-1.000000
9.345000,0.000000,1.111379,-1.000000
9.346000,0.000000,1.111379,-1.000000
9.347000,0.000000,1.111379,-1.000000
9.348000,0.000000,1.111379,-1.000000
9.349000,0.000000,1.111379,-1.000000
9.350000,0.000000,1.078439,-1.000000
9.351000,0.000000,0.989839,-1.000000
9.352000,0.000000,0.916387,-1.000000
9.353000,0.000000,0.853907,-1.000000
9.354000,0.000000,0.796964,-1.000000
9.355000,0.000000,0.749283,-1.000000
9.356000,0.000000,0.706123,-1.000000
9.357000,-0.003068,-0.667712,-1.000000
9.358000,-0.003068,-0.632528,-1.000000
9.359000,-0.003068,-0.602208,-1.000000
9.360000,-0.003068,-0.573985,-1.000000
9.361000,-0.003068,-0.548518,-1.000000
9.362000,-0.006136,-0.524531,-1.000000
9.363000,-0.006136,-0.502988,-1.000000
9.364000,-0.006136,-0.483202,-1.000000
9.365000,-0.006136,-0.465203,-1.000000
9.366000,-0.006136,-0.448037,-1.000000
9.367000,-0.009204,-0.443263,-1.000000
9.368000,-0.009204,-0.443263,-1.000000
9.369000,-0.009204,-0.443263,-1.000000
9.370000,-0.012272,-0.443263,-1.000000
9.371000,-0.012272,-0.443263,-1.000000
9.372000,-0.012272,-0.443263,-1.000000
9.373000,-0.015340,-0.443263,-1.000000
9.374000,-0.015340,-0.443263,-1.000000
9.375000,-0.015340,-0.443263,-1.000000
9.376000,-0.018408,-0.443263,-1.000000
9.377000,-0.018408,-0.443263,-1.000000
9.378000,-0.021476,-0.764651,-1.000000
9.379000,-0.021476,-0.764651,-1.000000
9.380000,-0.024544,-0.764651,-1.000000
9.381000,-0.024544,-0.764651,-1.000000
9.382000,-0.024544,-0.764651,-1.000000
9.383000,-0.027612,-0.764651,-1.000000
9.384000,-0.027612,-0.764651,-1.000000
9.385000,-0.030680,-0.764651,-1.000000
9.386000,-0.030680,-0.764651,-1.000000
9.387000,-0.033748,-1.283534,-1.000000
9.388000,-0.033748,-1.283534,-1.000000
9.389000,-0.036816,-1.283534,-1.000000
9.390000,-0.039884,-1.283534,-1.000000
9.391000,-0.039884,-1.283534,-1.000000
9.392000,-0.042951,-1.283534,-1.000000
9.393000,-0.042951,-1.283534,-1.000000
9.394000,-0.046019,-1.599285,-1.000000
9.395000,-0.049087,-1.599285,-1.000000
9.396000,-0.049087,-1.599285,-1.000000
9.397000,-0.052155,-1.599285,-1.000000
9.398000,-0.052155,-1.599285,-1.000000
9.399000,-0.055223,-1.599285,-1.000000
9.400000,-0.058291,-1.846108,-1.000000
9.401000,-0.058291,-1.846108,1.000000
9.402000,-0.061359,-1.846108,1.000000
9.403000,-0.064427,-1.846108,1.000000
9.404000,-0.064427,-1.846108,1.000000
9.405000,-0.067495,-1.846108,1.000000
9.406000,-0.070563,-1.996189,1.000000
9.407000,-0.070563,-1.996189,1.000000
9.408000,-0.073631,-1.996189,1.000000
9.409000,-0.073631,-1.996189,1.000000
9.410000,-0.076699,-1.996189,1.000000
9.411000,-0.079767,-1.996189,1.000000
9.412000,-0.079767,-1.959311,1.000000
9.413000,-0.082835,-1.963984,1.000000
9.414000,-0.082835,-1.963984,1.000000
9.415000,-0.085903,-1.963984,1.000000
9.416000,-0.085903,-1.963984,1.000000
9.417000,-0.088971,-1.963984,1.000000
9.418000,-0.088971,-1.963984,1.000000
9.419000,-0.092039,-1.879083,1.000000
9.420000,-0.092039,-1.633424,1.000000
9.421000,-0.095107,-1.658853,1.000000
9.422000,-0.095107,-1.658853,1.000000
9.423000,-0.095107,-1.658853,1.000000
9.424000,-0.098175,-1.658853,1.000000
9.425000,-0.098175,-1.658853,1.000000
9.426000,-0.101243,-1.658853,1.000000
9.427000,-0.101243,-1.658853,1.000000
9.428000,-0.101243,-1.658853,1.000000
9.429000,-0.104311,-1.473533,1.000000
9.430000,-0.104311,-1.315594,1.000000
9.431000,-0.104311,-1.187510,1.000000
9.432000,-0.104311,-1.082697,1.000000
9.433000,-0.107379,-1.288475,1.000000
9.434000,-0.107379,-1.288475,1.000000
9.435000,-0.107379,-1.288475,1.000000
9.436000,-0.107379,-1.288475,1.000000
9.437000,-0.107379,-1.288475,1.000000
9.438000,-0.110447,-1.288475,1.000000
9.439000,-0.110447,-1.288475,1.000000
9.440000,-0.110447,-1.288475,1.000000
9.441000,-0.110447,-1.288475,1.000000
9.442000,-0.110447,-1.288475,1.000000
9.443000,-0.110447,-1.174394,1.000000
9.444000,-0.110447,-1.069288,1.000000
9.445000,-0.110447,-0.983717,1.000000
9.446000,-0.110447,-0.910345,1.000000
9.447000,-0.110447,-0.847717,1.000000
9.448000,-0.113515,-0.792616,1.000000
9.449000,-0.113515,-0.744901,1.000000
9.450000,-0.113515,-0.702291,1.000000
9.451000,-0.113515,-0.664301,1.000000
9.452000,-0.113515,-0.630053,1.000000
9.453000,-0.110447,-0.561972,1.000000
9.454000,-0.110447,-0.561972,1.000000
9.455000,-0.110447,-0.561972,1.000000
9.456000,-0.110447,-0.561972,1.000000
9.457000,-0.110447,-0.561972,1.000000
9.458000,-0.110447,-0.561972,1.000000
9.459000,-0.110447,-0.561972,1.000000
9.460000,-0.110447,-0.561972,1.000000
9.461000,-0.110447,-0.561972,1.000000
9.462000,-0.107379,-0.561972,1.000000
9.463000,-0.107379,-0.561972,1.000000
9.464000,-0.107379,-0.561972,1.000000
9.465000,-0.107379,-0.561972,1.000000
9.466000,-0.107379,-0.561972,1.000000
9.467000,-0.104311,-0.561972,1.000000
9.468000,-0.104311,-0.561972,1.000000
9.469000,-0.104311,-0.561972,1.000000
9.470000,-0.104311,-0.561972,1.000000
9.471000,-0.101243,-0.561972,1.000000
9.472000,-0.101243,-0.561972,1.000000
9.473000,-0.098175,0.663712,1.000000
9.474000,-0.098175,0.663712,1.000000
9.475000,-0.098175,0.663712,1.000000
9.476000,-0.095107,0.663712,1.000000
9.477000,-0.095107,0.663712,1.000000
9.478000,-0.095107,0.663712,1.000000
9.479000,-0.092039,0.663712,1.000000
9.480000,-0.092039,0.663712,1.000000
9.481000,-0.088971,0.663712,1.000000
9.482000,-0.088971,0.663712,1.000000
9.483000,-0.085903,0.663712,1.000000
9.484000,-0.085903,1.000609,1.000000
9.485000,-0.085903,1.000609,1.000000
9.486000,-0.082835,1.000609,1.000000
9.487000,-0.082835,1.000609,1.000000
9.488000,-0.079767,1.000609,1.000000
9.489000,-0.079767,1.000609,1.000000
9.490000,-0.076699,1.000609,1.000000
9.491000,-0.073631,1.411215,1.000000
9.492000,-0.073631,1.411215,1.000000
9.493000,-0.070563,1.411215,1.000000
9.494000,-0.070563,1.411215,1.000000
9.495000,-0.067495,1.411215,1.000000
9.496000,-0.067495,1.411215,1.000000
9.497000,-0.064427,1.411215,1.000000
9.498000,-0.061359,1.697162,1.000000
9.499000,-0.061359,1.697162,1.000000
9.500000,-0.058291,1.697162,1.000000
9.501000,-0.055223,1.697162,-1.000000
9.502000,-0.055223,1.697162,-1.000000
9.503000,-0.052155,1.697162,-1.000000
9.504000,-0.049087,1.926347,-1.000000
9.505000,-0.049087,1.926347,-1.000000
9.506000,-0.046019,1.926347,-1.000000
9.507000,-0.046019,1.926347,-1.000000
9.508000,-0.042951,1.926347,-1.000000
9.509000,-0.039884,1.926347,-1.000000
9.510000,-0.039884,1.926347,-1.000000
9.511000,-0.036816,1.947131,-1.000000
9.512000,-0.036816,1.947131,-1.000000
9.513000,-0.033748,1.947131,-1.000000
9.514000,-0.033748,1.947131,-1.000000
9.515000,-0.030680,1.947131,-1.000000
9.516000,-0.030680,1.947131,-1.000000
9.517000,-0.027612,1.894583,-1.000000
9.518000,-0.027612,1.641972,-1.000000
9.519000,-0.024544,1.697618,-1.000000
9.520000,-0.024544,1.697618,-1.000000
9.521000,-0.021476,1.697618,-1.000000
9.522000,-0.021476,1.697618,-1.000000
9.523000,-0.021476,1.697618,-1.000000
9.524000,-0.018408,1.697618,-1.000000
9.525000,-0.018408,1.697618,-1.000000
9.526000,-0.018408,1.636183,-1.000000
9.527000,-0.015340,1.439109,-1.000000
9.528000,-0.015340,1.287836,-1.000000
9.529000,-0.015340,1.165917,-1.000000
9.530000,-0.012272,1.352472,-1.000000
9.531000,-0.012272,1.352472,-1.000000
9.532000,-0.012272,1.352472,-1.000000
9.533000,-0.012272,1.352472,-1.000000
9.534000,-0.009204,1.352472,-1.000000
9.535000,-0.009204,1.352472,-1.000000
9.536000,-0.009204,1.352472,-1.000000
9.537000,-0.009204,1.352472,-1.000000
9.538000,-0.009204,1.352472,-1.000000
9.539000,-0.006136,1.267349,-1.000000
9.540000,-0.006136,1.151745,-1.000000
9.541000,-0.006136,1.052361,-1.000000
9.542000,-0.006136,0.967886,-1.000000
9.543000,-0.006136,0.898371,-1.000000
9.544000,-0.006136,0.835595,-1.000000
9.545000,-0.006136,0.782950,-1.000000
9.546000,-0.006136,0.736839,-1.000000
9.547000,-0.006136,0.694242,-1.000000
9.548000,-0.006136,0.656933,-1.000000
9.549000,-0.006136,0.623599,-1.000000
9.550000,-0.006136,0.593202,-1.000000
9.551000,-0.006136,0.566051,-1.000000
9.552000,-0.006136,0.541734,-1.000000
9.553000,-0.006136,0.518200,-1.000000
9.554000,-0.006136,0.497746,-1.000000
9.555000,-0.006136,0.477874,-1.000000
9.556000,-0.006136,0.459936,-1.000000
9.557000,-0.006136,0.443747,-1.000000
9.558000,-0.006136,0.427914,-1.000000
9.559000,-0.006136,0.413570,-1.000000
9.560000,-0.009204,0.792264,-1.000000
9.561000,-0.009204,0.792264,-1.000000
9.562000,-0.009204,0.792264,-1.000000
9.563000,-0.009204,0.792264,-1.000000
9.564000,-0.009204,0.792264,-1.000000
9.565000,-0.012272,0.792264,-1.000000
9.566000,-0.012272,0.792264,-1.000000
9.567000,-0.012272,0.792264,-1.000000
9.568000,-0.012272,0.792264,-1.000000
9.569000,-0.015340,0.792264,-1.000000
9.570000,-0.015340,0.792264,-1.000000
9.571000,-0.015340,0.792264,-1.000000
9.572000,-0.018408,0.792264,-1.000000
9.573000,-0.018408,0.792264,-1.000000
9.574000,-0.018408,0.792264,-1.000000
9.575000,-0.021476,-0.410183,-1.000000
9.576000,-0.021476,-0.410183,-1.000000
9.577000,-0.021476,-0.410183,-1.000000
9.578000,-0.024544,-0.410183,-1.000000
9.579000,-0.024544,-0.410183,-1.000000
9.580000,-0.024544,-0.410183,-1.000000
9.581000,-0.027612,-0.410183,-1.000000
9.582000,-0.027612,-0.410183,-1.000000
9.583000,-0.030680,-0.410183,-1.000000
9.584000,-0.030680,-0.410183,-1.000000
9.585000,-0.033748,-1.076433,-1.000000
9.586000,-0.033748,-1.076433,-1.000000
9.587000,-0.036816,-1.076433,-1.000000
9.588000,-0.036816,-1.076433,-1.000000
9.589000,-0.039884,-1.076433,-1.000000
9.590000,-0.039884,-1.076433,-1.000000
9.591000,-0.042951,-1.076433,-1.000000
9.592000,-0.042951,-1.076433,-1.000000
9.593000,-0.046019,-1.444497,-1.000000
9.594000,-0.046019,-1.444497,-1.000000
9.595000,-0.049087,-1.444497,-1.000000
9.596000,-0.052155,-1.444497,-1.000000
9.597000,-0.052155,-1.444497,-1.000000
9.598000,-0.055223,-1.444497,-1.000000
9.599000,-0.055223,-1.444497,-1.000000
9.600000,-0.058291,-1.710657,-1.000000
9.601000,-0.061359,-1.710657,1.000000
9.602000,-0.061359,-1.710657,1.000000
9.603000,-0.064427,-1.710657,1.000000
9.604000,-0.067495,-1.710657,1.000000
9.605000,-0.067495,-1.710657,1.000000
9.606000,-0.070563,-1.906771,1.000000
9.607000,-0.070563,-1.906771,1.000000
9.608000,-0.073631,-1.906771,1.000000
9.609000,-0.076699,-1.906771,1.000000
9.610000,-0.076699,-1.906771,1.000000
9.611000,-0.079767,-1.906771,1.000000
9.612000,-0.079767,-1.889054,1.000000
9.613000,-0.082835,-1.844077,1.000000
9.614000,-0.082835,-1.844077,1.000000
9.615000,-0.085903,-1.844077,1.000000
9.616000,-0.085903,-1.844077,1.000000
9.617000,-0.088971,-1.844077,1.000000
9.618000,-0.088971,-1.844077,1.000000
9.619000,-0.088971,-1.844077,1.000000
9.620000,-0.092039,-1.679484,1.000000
9.621000,-0.092039,-1.477821,1.000000
9.622000,-0.095107,-1.544435,1.000000
9.623000,-0.095107,-1.544435,1.000000
9.624000,-0.095107,-1.544435,1.000000
9.625000,-0.098175,-1.544435,1.000000
9.626000,-0.098175,-1.544435,1.000000
9.627000,-0.098175,-1.544435,1.000000
9.628000,-0.101243,-1.544435,1.000000
9.629000,-0.101243,-1.544435,1.000000
9.630000,-0.101243,-1.470585,1.000000
9.631000,-0.101243,-1.313982,1.000000
9.632000,-0.104311,-1.186840,1.000000
9.633000,-0.104311,-1.082949,1.000000
9.634000,-0.104311,-0.996257,1.000000
9.635000,-0.104311,-0.919991,1.000000
9.636000,-0.104311,-0.855564,1.000000
9.637000,-0.107379,-1.132472,1.000000
9.638000,-0.107379,-1.132472,1.000000
9.639000,-0.107379,-1.132472,1.000000
9.640000,-0.107379,-1.132472,1.000000
9.641000,-0.107379,-1.132472,1.000000
9.642000,-0.107379,-1.132472,1.000000
9.643000,-0.107379,-1.132472,1.000000
9.644000,-0.107379,-1.132472,1.000000
9.645000,-0.107379,-1.132472,1.000000
9.646000,-0.107379,-1.132472,1.000000
9.647000,-0.107379,-1.132472,1.000000
9.648000,-0.107379,-1.087125,1.000000
9.649000,-0.107379,-0.997251,1.000000
9.650000,-0.107379,-0.923636,1.000000
9.651000,-0.107379,-0.857444,1.000000
9.652000,-0.107379,-0.801646,1.000000
9.653000,-0.107379,-0.752095,1.000000
9.654000,-0.107379,-0.708569,1.000000
9.655000,-0.107379,-0.670809,1.000000
9.656000,-0.107379,-0.635412,1.000000
9.657000,-0.107379,-0.604176,1.000000
9.658000,-0.107379,-0.575855,1.000000
9.659000,-0.104311,0.549754,1.000000
9.660000,-0.104311,0.526457,1.000000
9.661000,-0.104311,0.504753,1.000000
9.662000,-0.104311,0.484800,1.000000
9.663000,-0.104311,0.466828,1.000000
9.664000,-0.101243,0.449402,1.000000
9.665000,-0.101243,0.433354,1.000000
9.666000,-0.101243,0.418915,1.000000
9.667000,-0.101243,0.404728,1.000000
9.668000,-0.098175,0.402250,1.000000
9.669000,-0.098175,0.402250,1.000000
9.670000,-0.098175,0.402250,1.000000
9.671000,-0.095107,0.402250,1.000000
9.672000,-0.095107,0.402250,1.000000
9.673000,-0.095107,0.402250,1.000000
9.674000,-0.092039,0.402250,1.000000
9.675000,-0.092039,0.402250,1.000000
9.676000,-0.092039,0.402250,1.000000
9.677000,-0.088971,0.402250,1.000000
9.678000,-0.088971,0.402250,1.000000
9.679000,-0.085903,0.799967,1.000000
9.680000,-0.085903,0.799967,1.000000
9.681000,-0.085903,0.799967,1.000000
9.682000,-0.082835,0.799967,1.000000
9.683000,-0.082835,0.799967,1.000000
9.684000,-0.079767,0.799967,1.000000
9.685000,-0.079767,0.799967,1.000000
9.686000,-0.076699,0.799967,1.000000
9.687000,-0.076699,0.799967,1.000000
9.688000,-0.073631,1.288776,1.000000
9.689000,-0.073631,1.288776,1.000000
9.690000,-0.070563,1.288776,1.000000
9.691000,-0.067495,1.288776,1.000000
9.692000,-0.067495,1.288776,1.000000
9.693000,-0.064427,1.288776,1.000000
9.694000,-0.064427,1.288776,1.000000
9.695000,-0.061359,1.594117,1.000000
9.696000,-0.058291,1.594117,1.000000
9.697000,-0.058291,1.594117,1.000000
9.698000,-0.055223,1.594117,1.000000
9.699000,-0.055223,1.594117,1.000000
9.700000,-0.052155,1.594117,-1.000000
9.701000,-0.049087,1.833173,-1.000000
9.702000,-0.049087,1.833173,-1.000000
9.703000,-0.046019,1.833173,-1.000000
9.704000,-0.042951,1.833173,-1.000000
9.705000,-0.042951,1.833173,-1.000000
9.706000,-0.039884,1.833173,-1.000000
9.707000,-0.039884,1.833173,-1.000000
9.708000,-0.036816,1.945690,-1.000000
9.709000,-0.033748,1.945690,-1.000000
9.710000,-0.033748,1.945690,-1.000000
9.711000,-0.030680,1.945690,-1.000000
9.712000,-0.030680,1.945690,-1.000000
9.713000,-0.027612,1.945690,-1.000000
9.714000,-0.027612,1.774767,-1.000000
9.715000,-0.024544,1.763936,-1.000000
9.716000,-0.024544,1.763936,-1.000000
9.717000,-0.024544,1.763936,-1.000000
9.718000,-0.021476,1.763936,-1.000000
9.719000,-0.021476,1.763936,-1.000000
9.720000,-0.018408,1.763936,-1.000000
9.721000,-0.018408,1.763936,-1.000000
9.722000,-0.018408,1.688109,-1.000000
9.723000,-0.015340,1.481911,-1.000000
9.724000,-0.015340,1.323310,-1.000000
9.725000,-0.012272,1.429327,-1.000000
9.726000,-0.012272,1.429327,-1.000000
9.727000,-0.012272,1.429327,-1.000000
9.728000,-0.012272,1.429327,-1.000000
9.729000,-0.009204,1.429327,-1.000000
9.730000,-0.009204,1.429327,-1.000000
9.731000,-0.009204,1.429327,-1.000000
9.732000,-0.009204,1.429327,-1.000000
9.733000,-0.006136,1.429327,-1.000000
9.734000,-0.006136,1.330812,-1.000000
9.735000,-0.006136,1.200163,-1.000000
9.736000,-0.006136,1.093340,-1.000000
9.737000,-0.006136,1.004043,-1.000000
9.738000,-0.006136,0.927894,-1.000000
9.739000,-0.006136,0.862740,-1.000000
9.740000,-0.003068,0.806375,-1.000000
9.741000,-0.003068,0.756311,-1.000000
9.742000,-0.003068,0.712489,-1.000000
9.743000,-0.003068,0.673596,-1.000000
9.744000,-0.003068,0.638409,-1.000000
9.745000,-0.003068,0.607274,-1.000000
9.746000,-0.003068,0.578258,-1.000000
9.747000,-0.003068,0.552313,-1.000000
9.748000,-0.003068,0.528605,-1.000000
9.749000,-0.003068,0.506723,-1.000000
9.750000,-0.003068,0.486599,-1.000000
9.751000,-0.003068,0.467929,-1.000000
9.752000,-0.003068,0.450798,-1.000000
9.753000,-0.003068,0.434878,-1.000000
9.754000,-0.006136,-0.419961,-1.000000
9.755000,-0.006136,-0.406071,-1.000000
9.756000,-0.006136,-0.393021,-1.000000
9.757000,-0.006136,-0.380894,-1.000000
9.758000,-0.006136,-0.369395,-1.000000
9.759000,-0.006136,-0.358724,-1.000000
9.760000,-0.006136,-0.348429,-1.000000
9.761000,-0.009204,-0.924895,-1.000000
9.762000,-0.009204,-0.924895,-1.000000
9.763000,-0.009204,-0.924895,-1.000000
9.764000,-0.009204,-0.924895,-1.000000
9.765000,-0.012272,-0.924895,-1.000000
9.766000,-0.012272,-0.924895,-1.000000
9.767000,-0.012272,-0.924895,-1.000000
9.768000,-0.012272,-0.924895,-1.000000
9.769000,-0.015340,-0.924895,-1.000000
9.770000,-0.015340,-0.924895,-1.000000
9.771000,-0.015340,-0.924895,-1.000000
9.772000,-0.018408,-0.924895,-1.000000
9.773000,-0.018408,-0.924895,-1.000000
9.774000,-0.021476,-0.898103,-1.000000
9.775000,-0.021476,-0.343727,-1.000000
9.776000,-0.021476,-0.343727,-1.000000
9.777000,-0.024544,-0.343727,-1.000000
9.778000,-0.024544,-0.343727,-1.000000
9.779000,-0.027612,-0.343727,-1.000000
9.780000,-0.027612,-0.343727,-1.000000
9.781000,-0.030680,-0.343727,-1.000000
9.782000,-0.030680,-0.343727,-1.000000
9.783000,-0.030680,-0.343727,-1.000000
9.784000,-0.033748,-1.158198,-1.000000
9.785000,-0.033748,-1.158198,-1.000000
9.786000,-0.036816,-1.158198,-1.000000
9.787000,-0.036816,-1.158198,-1.000000
9.788000,-0.039884,-1.158198,-1.000000
9.789000,-0.042951,-1.158198,-1.000000
9.790000,-0.042951,-1.158198,-1.000000
9.791000,-0.046019,-1.507642,-1.000000
9.792000,-0.046019,-1.507642,-1.000000
9.793000,-0.049087,-1.507642,-1.000000
9.794000,-0.049087,-1.507642,-1.000000
9.795000,-0.052155,-1.507642,-1.000000
9.796000,-0.055223,-1.507642,-1.000000
9.797000,-0.055223,-1.507642,-1.000000
9.798000,-0.058291,-1.767429,-1.000000
9.799000,-0.061359,-1.767429,-1.000000
9.800000,-0.061359,-1.767429,1.000000
9.801000,-0.064427,-1.767429,1.000000
9.802000,-0.067495,-1.767429,1.000000
9.803000,-0.067495,-1.767429,1.000000
9.804000,-0.070563,-1.982799,1.000000
9.805000,-0.073631,-1.982799,1.000000
9.806000,-0.073631,-1.982799,1.000000
9.807000,-0.076699,-1.982799,1.000000
9.808000,-0.076699,-1.982799,1.000000
9.809000,-0.079767,-1.982799,1.000000
9.810000,-0.082835,-1.940477,1.000000
9.811000,-0.082835,-1.940477,1.000000
9.812000,-0.085903,-1.940477,1.000000
9.813000,-0.085903,-1.940477,1.000000
9.814000,-0.088971,-1.940477,1.000000
9.815000,-0.088971,-1.940477,1.000000
9.816000,-0.092039,-1.940477,1.000000
9.817000,-0.092039,-1.728541,1.000000
9.818000,-0.095107,-1.703139,1.000000
9.819000,-0.095107,-1.703139,1.000000
9.820000,-0.095107,-1.703139,1.000000
9.821000,-0.098175,-1.703139,1.000000
9.822000,-0.098175,-1.703139,1.000000
9.823000,-0.101243,-1.703139,1.000000
9.824000,-0.101243,-1.703139,1.000000
9.825000,-0.101243,-1.703139,1.000000
9.826000,-0.104311,-1.508213,1.000000
9.827000,-0.104311,-1.343565,1.000000
9.828000,-0.104311,-1.215245,1.000000
9.829000,-0.107379,-1.345273,1.000000
9.830000,-0.107379,-1.345273,1.000000
9.831000,-0.107379,-1.345273,1.000000
9.832000,-0.107379,-1.345273,1.000000
9.833000,-0.110447,-1.345273,1.000000
9.834000,-0.110447,-1.345273,1.000000
9.835000,-0.110447,-1.345273,1.000000
9.836000,-0.110447,-1.345273,1.000000
9.837000,-0.110447,-1.345273,1.000000
9.838000,-0.110447,-1.345273,1.000000
9.839000,-0.110447,-1.220219,1.000000
9.840000,-0.113515,-1.110990,1.000000
9.841000,-0.113515,-1.020040,1.000000
9.842000,-0.113515,-0.939402,1.000000
9.843000,-0.113515,-0.872528,1.000000
9.844000,-0.113515,-0.815632,1.000000
9.845000,-0.113515,-0.763960,1.000000
9.846000,-0.113515,-0.720695,1.000000
9.847000,-0.113515,-0.680113,1.000000
9.848000,-0.113515,-0.643698,1.000000
9.849000,-0.113515,-0.612054,1.000000
9.850000,-0.113515,-0.583643,1.000000
9.851000,-0.113515,-0.556304,1.000000
9.852000,-0.113515,-0.532828,1.000000
9.853000,-0.113515,-0.510242,1.000000
9.854000,-0.113515,-0.489870,1.000000
9.855000,-0.113515,-0.471198,1.000000
9.856000,-0.113515,-0.454101,1.000000
9.857000,-0.110447,-0.751958,1.000000
9.858000,-0.110447,-0.751958,1.000000
9.859000,-0.110447,-0.751958,1.000000
9.860000,-0.110447,-0.751958,1.000000
9.861000,-0.110447,-0.751958,1.000000
9.862000,-0.110447,-0.751958,1.000000
9.863000,-0.107379,-0.751958,1.000000
9.864000,-0.107379,-0.751958,1.000000
9.865000,-0.107379,-0.751958,1.000000
9.866000,-0.107379,-0.751958,1.000000
9.867000,-0.104311,-0.751958,1.000000
9.868000,-0.104311,-0.751958,1.000000
9.869000,-0.104311,-0.751958,1.000000
9.870000,-0.104311,-0.751958,1.000000
9.871000,-0.101243,-0.751958,1.000000
9.872000,-0.101243,-0.751958,1.000000
9.873000,-0.098175,0.446723,1.000000
9.874000,-0.098175,0.446723,1.000000
9.875000,-0.098175,0.446723,1.000000
9.876000,-0.095107,0.446723,1.000000
9.877000,-0.095107,0.446723,1.000000
9.878000,-0.095107,0.446723,1.000000
9.879000,-0.092039,0.446723,1.000000
9.880000,-0.092039,0.446723,1.000000
9.881000,-0.088971,0.446723,1.000000
9.882000,-0.088971,0.446723,1.000000
9.883000,-0.085903,1.060257,1.000000
9.884000,-0.085903,1.060257,1.000000
9.885000,-0.082835,1.060257,1.000000
9.886000,-0.082835,1.060257,1.000000
9.887000,-0.079767,1.060257,1.000000
9.888000,-0.079767,1.060257,1.000000
9.889000,-0.076699,1.060257,1.000000
9.890000,-0.076699,1.060257,1.000000
9.891000,-0.073631,1.445537,1.000000
9.892000,-0.073631,1.445537,1.000000
9.893000,-0.070563,1.445537,1.000000
9.894000,-0.067495,1.445537,1.000000
9.895000,-0.067495,1.445537,1.000000
9.896000,-0.064427,1.445537,1.000000
9.897000,-0.064427,1.445537,1.000000
9.898000,-0.061359,1.719917,1.000000
9.899000,-0.058291,1.719917,1.000000
9.900000,-0.058291,1.719917,1.000000
9.901000,-0.055223,1.719917,-1.000000
9.902000,-0.052155,1.719917,-1.000000
9.903000,-0.052155,1.719917,-1.000000
9.904000,-0.049087,1.941628,-1.000000
9.905000,-0.046019,1.941628,-1.000000
9.906000,-0.046019,1.941628,-1.000000
9.907000,-0.042951,1.941628,-1.000000
9.908000,-0.042951,1.941628,-1.000000
9.909000,-0.039884,1.941628,-1.000000
9.910000,-0.036816,1.991828,-1.000000
9.911000,-0.036816,1.991828,-1.000000
9.912000,-0.033748,1.991828,-1.000000
9.913000,-0.033748,1.991828,-1.000000
9.914000,-0.030680,1.991828,-1.000000
9.915000,-0.030680,1.991828,-1.000000
9.916000,-0.027612,1.934512,-1.000000
9.917000,-0.027612,1.675134,-1.000000
9.918000,-0.024544,1.757116,-1.000000
9.919000,-0.024544,1.757116,-1.000000
9.920000,-0.021476,1.757116,-1.000000
9.921000,-0.021476,1.757116,-1.000000
9.922000,-0.018408,1.757116,-1.000000
9.923000,-0.018408,1.757116,-1.000000
9.924000,-0.018408,1.757116,-1.000000
9.925000,-0.015340,1.593390,-1.000000
9.926000,-0.015340,1.410595,-1.000000
9.927000,-0.015340,1.260826,-1.000000
9.928000,-0.012272,1.417566,-1.000000
9.929000,-0.012272,1.417566,-1.000000
9.930000,-0.012272,1.417566,-1.000000
9.931000,-0.012272,1.417566,-1.000000
9.932000,-0.009204,1.417566,-1.000000
9.933000,-0.009204,1.417566,-1.000000
9.934000,-0.009204,1.417566,-1.000000
9.935000,-0.009204,1.417566,-1.000000
9.936000,-0.006136,1.417566,-1.000000
9.937000,-0.006136,1.282980,-1.000000
9.938000,-0.006136,1.161183,-1.000000
9.939000,-0.006136,1.059861,-1.000000
9.940000,-0.006136,0.975350,-1.000000
9.941000,-0.006136,0.903644,-1.000000
9.942000,-0.006136,0.841783,-1.000000
9.943000,-0.003068,0.787822,-1.000000
9.944000,-0.003068,0.740060,-1.000000
9.945000,-0.003068,0.697975,-1.000000
9.946000,-0.003068,0.660575,-1.000000
9.947000,-0.003068,0.626629,-1.000000
9.948000,-0.003068,0.596287,-1.000000
9.949000,-0.003068,0.568743,-1.000000
9.950000,-0.003068,0.543491,-1.000000
9.951000,-0.003068,0.520398,-1.000000
9.952000,-0.003068,0.499287,-1.000000
9.953000,-0.003068,0.479699,-1.000000
9.954000,-0.003068,0.461711,-1.000000
9.955000,-0.003068,0.444927,-1.000000
9.956000,-0.006136,-0.429424,-1.000000
9.957000,-0.006136,-0.414857,-1.000000
9.958000,-0.006136,-0.401258,-1.000000
9.959000,-0.006136,-0.388723,-1.000000
9.960000,-0.006136,-0.376629,-1.000000
9.961000,-0.006136,-0.365441,-1.000000
9.962000,-0.006136,-0.355133,-1.000000
9.963000,-0.009204,-0.906899,-1.000000
9.964000,-0.009204,-0.906899,-1.000000
9.965000,-0.009204,-0.906899,-1.000000
9.966000,-0.009204,-0.906899,-1.000000
9.967000,-0.012272,-0.906899,-1.000000
9.968000,-0.012272,-0.906899,-1.000000
9.969000,-0.012272,-0.906899,-1.000000
9.970000,-0.012272,-0.906899,-1.000000
9.971000,-0.015340,-0.906899,-1.000000
9.972000,-0.015340,-0.906899,-1.000000
9.973000,-0.015340,-0.906899,-1.000000
9.974000,-0.018408,-0.906899,-1.000000
9.975000,-0.018408,-0.906899,-1.000000
9.976000,-0.021476,-0.353575,-1.000000
9.977000,-0.021476,-0.353575,-1.000000
9.978000,-0.021476,-0.353575,-1.000000
9.979000,-0.024544,-0.353575,-1.000000
9.980000,-0.024544,-0.353575,-1.000000
9.981000,-0.027612,-0.353575,-1.000000
9.982000,-0.027612,-0.353575,-1.000000
9.983000,-0.030680,-0.353575,-1.000000
9.984000,-0.030680,-0.353575,-1.000000
9.985000,-0.030680,-0.353575,-1.000000
9.986000,-0.033748,-1.150215,-1.000000
9.987000,-0.033748,-1.150215,-1.000000
9.988000,-0.036816,-1.150215,-1.000000
9.989000,-0.036816,-1.150215,-1.000000
9.990000,-0.039884,-1.150215,-1.000000
9.991000,-0.042951,-1.150215,-1.000000
9.992000,-0.042951,-1.150215,-1.000000
9.993000,-0.046019,-1.502540,-1.000000
9.994000,-0.046019,-1.502540,-1.000000
9.995000,-0.049087,-1.502540,-1.000000
9.996000,-0.049087,-1.502540,-1.000000
9.997000,-0.052155,-1.502540,-1.000000
9.998000,-0.055223,-1.502540,-1.000000
9.999000,-0.055223,-1.502540,-1.000000
