t,theta,theta_dot,voltage
0.000000,0.000000,-0.050409,2.000000
0.001000,0.000000,-0.050203,2.000000
0.002000,0.000000,-0.049999,2.000000
0.003000,0.003068,0.049797,2.000000
0.004000,0.003068,0.049595,2.000000
0.005000,0.003068,0.049395,2.000000
0.006000,0.003068,0.049196,2.000000
0.007000,0.003068,0.049002,2.000000
0.008000,0.003068,0.048805,2.000000
0.009000,0.003068,0.048613,2.000000
0.010000,0.006136,0.058604,2.000000
0.011000,0.006136,0.058604,2.000000
0.012000,0.006136,0.058604,2.000000
0.013000,0.006136,0.058604,2.000000
0.014000,0.009204,0.058604,2.000000
0.015000,0.009204,0.058604,2.000000
0.016000,0.009204,0.058604,2.000000
0.017000,0.012272,0.058604,2.000000
0.018000,0.012272,0.058604,2.000000
0.019000,0.015340,0.058604,2.000000
0.020000,0.015340,0.058604,2.000000
0.021000,0.018408,0.126661,2.000000
0.022000,0.018408,0.126661,2.000000
0.023000,0.021476,0.126661,2.000000
0.024000,0.021476,0.126661,2.000000
0.025000,0.024544,0.126661,2.000000
0.026000,0.024544,0.126661,2.000000
0.027000,0.027612,0.126661,2.000000
0.028000,0.030680,1.493062,2.000000
0.029000,0.030680,1.493062,2.000000
0.030000,0.030680,1.493062,2.000000
0.031000,0.036816,1.493062,2.000000
0.032000,0.036816,1.493062,2.000000
0.033000,0.039884,1.493062,2.000000
0.034000,0.042951,2.025261,2.000000
0.035000,0.046019,2.025261,2.000000
0.036000,0.049087,2.025261,2.000000
0.037000,0.049087,2.025261,2.000000
0.038000,0.052155,2.025261,2.000000
0.039000,0.055223,2.413725,2.000000
0.040000,0.058291,2.413725,2.000000
0.041000,0.061359,2.413725,2.000000
0.042000,0.061359,2.413725,2.000000
0.043000,0.067495,2.722372,2.000000
0.044000,0.070563,2.722372,2.000000
0.045000,0.073631,2.722372,2.000000
0.046000,0.076699,2.722372,2.000000
0.047000,0.076699,2.722372,2.000000
0.048000,0.082835,3.005043,2.000000
0.049000,0.085903,3.005043,2.000000
0.050000,0.092039,3.244851,2.000000
0.051000,0.092039,3.244851,2.000000
0.052000,0.098175,3.244851,2.000000
0.053000,0.098175,3.244851,2.000000
0.054000,0.104311,3.464625,2.000000
0.055000,0.104311,3.464625,2.000000
0.056000,0.107379,3.464625,2.000000
0.057000,0.116583,3.680710,2.000000
0.058000,0.119651,3.680710,2.000000
0.059000,0.122718,3.680710,2.000000
0.060000,0.128854,3.856309,2.000000
0.061000,0.131922,3.856309,2.000000
0.062000,0.134990,3.856309,2.000000
0.063000,0.141126,4.008697,2.000000
0.064000,0.144194,4.008697,2.000000
0.065000,0.147262,4.008697,2.000000
0.066000,0.153398,4.158714,2.000000
0.067000,0.156466,4.158714,2.000000
0.068000,0.162602,4.158714,2.000000
0.069000,0.165670,4.284177,2.000000
0.070000,0.171806,4.284177,2.000000
0.071000,0.174874,4.284177,2.000000
0.072000,0.181010,4.405595,2.000000
0.073000,0.184078,4.405595,2.000000
0.074000,0.190214,4.526014,2.000000
0.075000,0.193282,4.526014,2.000000
0.076000,0.199418,4.526014,2.000000
0.077000,0.202485,4.629721,2.000000
0.078000,0.208621,4.629721,2.000000
0.079000,0.211689,4.629721,2.000000
0.080000,0.217825,4.726303,2.000000
0.081000,0.220893,4.726303,2.000000
0.082000,0.227029,4.835190,2.000000
0.083000,0.233165,4.835190,2.000000
0.084000,0.236233,4.835190,2.000000
0.085000,0.242369,4.894517,2.000000
0.086000,0.245437,4.894517,2.000000
0.087000,0.251573,4.960437,2.000000
0.088000,0.257709,4.960437,2.000000
0.089000,0.260777,4.960437,2.000000
0.090000,0.266913,5.055575,2.000000
0.091000,0.273049,5.055575,2.000000
0.092000,0.276117,5.097899,2.000000
0.093000,0.282252,5.097899,2.000000
0.094000,0.288388,5.153141,2.000000
0.095000,0.294524,5.153141,2.000000
0.096000,0.297592,5.153141,2.000000
0.097000,0.303728,5.233197,2.000000
0.098000,0.309864,5.233197,2.000000
0.099000,0.312932,5.273551,2.000000
0.100000,0.319068,5.273551,-2.000000
0.101000,0.325204,5.310093,-2.000000
0.102000,0.328272,5.310093,-2.000000
0.103000,0.334408,5.310093,-2.000000
0.104000,0.340544,4.968163,-2.000000
0.105000,0.343612,4.968163,-2.000000
0.106000,0.349748,5.027757,-2.000000
0.107000,0.352816,5.027757,-2.000000
0.108000,0.358952,5.027757,-2.000000
0.109000,0.362019,4.739868,-2.000000
0.110000,0.368155,4.739868,-2.000000
0.111000,0.371223,4.739868,-2.000000
0.112000,0.374291,4.446232,-2.000000
0.113000,0.380427,4.446232,-2.000000
0.114000,0.383495,4.446232,-2.000000
0.115000,0.386563,4.140551,-2.000000
0.116000,0.389631,4.140551,-2.000000
0.117000,0.395767,4.140551,-2.000000
0.118000,0.398835,3.806224,-2.000000
0.119000,0.401903,3.806224,-2.000000
0.120000,0.404971,3.806224,-2.000000
0.121000,0.408039,3.802751,-2.000000
0.122000,0.411107,3.400725,-2.000000
0.123000,0.414175,3.400725,-2.000000
0.124000,0.417243,3.400725,-2.000000
0.125000,0.420311,3.400725,-2.000000
0.126000,0.423379,3.007846,-2.000000
0.127000,0.423379,3.007846,-2.000000
0.128000,0.426447,3.007846,-2.000000
0.129000,0.429515,3.007846,-2.000000
0.130000,0.432583,3.007846,-2.000000
0.131000,0.432583,2.452019,-2.000000
0.132000,0.435651,2.559990,-2.000000
0.133000,0.435651,2.559990,-2.000000
0.134000,0.438719,2.559990,-2.000000
0.135000,0.441786,2.559990,-2.000000
0.136000,0.441786,2.559990,-2.000000
0.137000,0.444854,2.161091,-2.000000
0.138000,0.444854,1.837940,-2.000000
0.139000,0.447922,1.970005,-2.000000
0.140000,0.447922,1.970005,-2.000000
0.141000,0.447922,1.970005,-2.000000
0.142000,0.450990,1.970005,-2.000000
0.143000,0.450990,1.970005,-2.000000
0.144000,0.450990,1.970005,-2.000000
0.145000,0.450990,1.970005,-2.000000
0.146000,0.454058,1.735283,-2.000000
0.147000,0.454058,1.519720,-2.000000
0.148000,0.454058,1.352599,-2.000000
0.149000,0.454058,1.218021,-2.000000
0.150000,0.454058,1.108366,-2.000000
0.151000,0.454058,1.016357,-2.000000
0.152000,0.454058,0.938808,-2.000000
0.153000,0.454058,0.872232,-2.000000
0.154000,0.454058,0.814216,-2.000000
0.155000,0.454058,0.763715,-2.000000
0.156000,0.454058,0.718846,-2.000000
0.157000,0.450990,1.104760,-2.000000
0.158000,0.450990,1.104760,-2.000000
0.159000,0.450990,1.104760,-2.000000
0.160000,0.450990,1.104760,-2.000000
0.161000,0.447922,1.104760,-2.000000
0.162000,0.447922,1.104760,-2.000000
0.163000,0.447922,1.104760,-2.000000
0.164000,0.444854,1.104760,-2.000000
0.165000,0.444854,1.104760,-2.000000
0.166000,0.441786,1.104760,-2.000000
0.167000,0.441786,1.104760,-2.000000
0.168000,0.438719,-0.696664,-2.000000
0.169000,0.438719,-0.696664,-2.000000
0.170000,0.435651,-0.696664,-2.000000
0.171000,0.432583,-0.696664,-2.000000
0.172000,0.432583,-0.696664,-2.000000
0.173000,0.429515,-0.696664,-2.000000
0.174000,0.426447,-1.667024,-2.000000
0.175000,0.423379,-1.667024,-2.000000
0.176000,0.423379,-1.667024,-2.000000
0.177000,0.420311,-1.667024,-2.000000
0.178000,0.417243,-1.667024,-2.000000
0.179000,0.414175,-2.330933,-2.000000
0.180000,0.411107,-2.330933,-2.000000
0.181000,0.408039,-2.330933,-2.000000
0.182000,0.404971,-2.330933,-2.000000
0.183000,0.401903,-2.820574,-2.000000
0.184000,0.398835,-2.820574,-2.000000
0.185000,0.395767,-2.820574,-2.000000
0.186000,0.389631,-3.264356,-2.000000
0.187000,0.386563,-3.264356,-2.000000
0.188000,0.383495,-3.264356,-2.000000
0.189000,0.380427,-3.264356,-2.000000
0.190000,0.374291,-3.623993,-2.000000
0.191000,0.371223,-3.623993,-2.000000
0.192000,0.368155,-3.623993,-2.000000
0.193000,0.362019,-3.925787,-2.000000
0.194000,0.358952,-3.925787,-2.000000
0.195000,0.352816,-4.239224,-2.000000
0.196000,0.349748,-4.239224,-2.000000
0.197000,0.343612,-4.239224,-2.000000
0.198000,0.340544,-4.501824,-2.000000
0.199000,0.334408,-4.501824,-2.000000
0.200000,0.331340,-4.501824,2.000000
0.201000,0.325204,-4.731466,2.000000
0.202000,0.322136,-4.731466,2.000000
0.203000,0.316000,-4.731694,2.000000
0.204000,0.312932,-4.731694,2.000000
0.205000,0.306796,-4.731694,2.000000
0.206000,0.303728,-4.754687,2.000000
0.207000,0.297592,-4.754687,2.000000
0.208000,0.294524,-4.754687,2.000000
0.209000,0.288388,-4.579284,2.000000
0.210000,0.285320,-4.579284,2.000000
0.211000,0.282252,-4.401031,2.000000
0.212000,0.276117,-4.304799,2.000000
0.213000,0.273049,-4.304799,2.000000
0.214000,0.269981,-4.272225,2.000000
0.215000,0.266913,-4.029391,2.000000
0.216000,0.260777,-4.029391,2.000000
0.217000,0.257709,-4.029391,2.000000
0.218000,0.254641,-3.756959,2.000000
0.219000,0.251573,-3.756959,2.000000
0.220000,0.248505,-3.756959,2.000000
0.221000,0.245437,-3.743430,2.000000
0.222000,0.242369,-3.379265,2.000000
0.223000,0.239301,-3.379265,2.000000
0.224000,0.236233,-3.379265,2.000000
0.225000,0.233165,-3.379265,2.000000
0.226000,0.230097,-2.992789,2.000000
0.227000,0.230097,-2.992789,2.000000
0.228000,0.227029,-2.992789,2.000000
0.229000,0.223961,-2.992789,2.000000
0.230000,0.220893,-2.992789,2.000000
0.231000,0.220893,-2.447008,2.000000
0.232000,0.217825,-2.499598,2.000000
0.233000,0.217825,-2.499598,2.000000
0.234000,0.217825,-2.499598,2.000000
0.235000,0.214757,-2.499598,2.000000
0.236000,0.211689,-2.499598,2.000000
0.237000,0.211689,-2.246025,2.000000
0.238000,0.208621,-1.899650,2.000000
0.239000,0.208621,-1.643698,2.000000
0.240000,0.205553,-1.878883,2.000000
0.241000,0.205553,-1.878883,2.000000
0.242000,0.205553,-1.878883,2.000000
0.243000,0.205553,-1.878883,2.000000
0.244000,0.202485,-1.878883,2.000000
0.245000,0.202485,-1.878883,2.000000
0.246000,0.202485,-1.878883,2.000000
0.247000,0.202485,-1.684398,2.000000
0.248000,0.202485,-1.479890,2.000000
0.249000,0.202485,-1.321446,2.000000
0.250000,0.202485,-1.192203,2.000000
0.251000,0.202485,-1.087197,2.000000
0.252000,0.202485,-0.998504,2.000000
0.253000,0.202485,-0.923479,2.000000
0.254000,0.202485,-0.858642,2.000000
0.255000,0.202485,-0.802840,2.000000
0.256000,0.202485,-0.753391,2.000000
0.257000,0.202485,-0.709701,2.000000
0.258000,0.202485,-0.670962,2.000000
0.259000,0.205553,0.636074,2.000000
0.260000,0.205553,0.604882,2.000000
0.261000,0.205553,0.576370,2.000000
0.262000,0.208621,0.550558,2.000000
0.263000,0.208621,0.526938,2.000000
0.264000,0.208621,0.505162,2.000000
0.265000,0.211689,0.485302,2.000000
0.266000,0.211689,0.466779,2.000000
0.267000,0.214757,0.465162,2.000000
0.268000,0.214757,0.465162,2.000000
0.269000,0.217825,0.465162,2.000000
0.270000,0.217825,0.465162,2.000000
0.271000,0.220893,0.465162,2.000000
0.272000,0.223961,0.465162,2.000000
0.273000,0.223961,0.465162,2.000000
0.274000,0.227029,1.444268,2.000000
0.275000,0.230097,1.444268,2.000000
0.276000,0.233165,1.444268,2.000000
0.277000,0.233165,1.444268,2.000000
0.278000,0.236233,1.444268,2.000000
0.279000,0.239301,2.087956,2.000000
0.280000,0.242369,2.087956,2.000000
0.281000,0.245437,2.087956,2.000000
0.282000,0.248505,2.087956,2.000000
0.283000,0.251573,2.562752,2.000000
0.284000,0.254641,2.562752,2.000000
0.285000,0.257709,2.562752,2.000000
0.286000,0.260777,2.562752,2.000000
0.287000,0.263845,2.968397,2.000000
0.288000,0.266913,2.968397,2.000000
0.289000,0.269981,2.968397,2.000000
0.290000,0.269981,2.968397,2.000000
0.291000,0.276117,3.299413,2.000000
0.292000,0.282252,3.299413,2.000000
0.293000,0.285320,3.299413,2.000000
0.294000,0.288388,3.603155,2.000000
0.295000,0.291456,3.603155,2.000000
0.296000,0.297592,3.603155,2.000000
0.297000,0.300660,3.904604,2.000000
0.298000,0.303728,3.904604,2.000000
0.299000,0.309864,3.904604,2.000000
0.300000,0.312932,4.165459,2.000000
0.301000,0.319068,4.165459,-2.000000
0.302000,0.322136,4.165459,-2.000000
0.303000,0.328272,4.415855,-2.000000
0.304000,0.331340,4.415855,-2.000000
0.305000,0.337476,4.367745,-2.000000
0.306000,0.340544,4.367745,-2.000000
0.307000,0.343612,4.367745,-2.000000
0.308000,0.349748,4.344080,-2.000000
0.309000,0.352816,4.344080,-2.000000
0.310000,0.355884,4.344080,-2.000000
0.311000,0.362019,4.244784,-2.000000
0.312000,0.365087,4.244784,-2.000000
0.313000,0.368155,4.244784,-2.000000
0.314000,0.374291,4.129116,-2.000000
0.315000,0.377359,4.129116,-2.000000
0.316000,0.380427,4.129116,-2.000000
0.317000,0.386563,3.994543,-2.000000
0.318000,0.389631,3.994543,-2.000000
0.319000,0.392699,3.994543,-2.000000
0.320000,0.395767,3.994543,-2.000000
0.321000,0.398835,3.776824,-2.000000
0.322000,0.401903,3.776824,-2.000000
0.323000,0.404971,3.776824,-2.000000
0.324000,0.411107,3.532497,-2.000000
0.325000,0.414175,3.532497,-2.000000
0.326000,0.417243,3.532497,-2.000000
0.327000,0.420311,3.532497,-2.000000
0.328000,0.423379,3.356288,-2.000000
0.329000,0.426447,3.356288,-2.000000
0.330000,0.429515,3.356288,-2.000000
0.331000,0.432583,3.356288,-2.000000
0.332000,0.435651,3.120236,-2.000000
0.333000,0.438719,3.120236,-2.000000
0.334000,0.438719,3.120236,-2.000000
0.335000,0.441786,3.120236,-2.000000
0.336000,0.444854,2.909888,-2.000000
0.337000,0.447922,2.818801,-2.000000
0.338000,0.450990,2.818801,-2.000000
0.339000,0.454058,2.818801,-2.000000
0.340000,0.454058,2.818801,-2.000000
0.341000,0.457126,2.644787,-2.000000
0.342000,0.460194,2.526111,-2.000000
0.343000,0.460194,2.526111,-2.000000
0.344000,0.463262,2.526111,-2.000000
0.345000,0.466330,2.526111,-2.000000
0.346000,0.466330,2.526111,-2.000000
0.347000,0.469398,2.253214,-2.000000
0.348000,0.472466,2.201546,-2.000000
0.349000,0.472466,2.201546,-2.000000
0.350000,0.475534,2.201546,-2.000000
0.351000,0.475534,2.201546,-2.000000
0.352000,0.478602,2.201546,-2.000000
0.353000,0.478602,2.201546,-2.000000
0.354000,0.481670,1.928479,-2.000000
0.355000,0.481670,1.666279,-2.000000
0.356000,0.484738,1.769797,-2.000000
0.357000,0.484738,1.769797,-2.000000
0.358000,0.484738,1.769797,-2.000000
0.359000,0.487806,1.769797,-2.000000
0.360000,0.487806,1.769797,-2.000000
0.361000,0.487806,1.769797,-2.000000
0.362000,0.490874,1.769797,-2.000000
0.363000,0.490874,1.704693,-2.000000
0.364000,0.490874,1.494668,-2.000000
0.365000,0.490874,1.333377,-2.000000
0.366000,0.490874,1.202039,-2.000000
0.367000,0.493942,1.095160,-2.000000
0.368000,0.493942,1.005228,-2.000000
0.369000,0.493942,0.928964,-2.000000
0.370000,0.493942,0.864020,-2.000000
0.371000,0.493942,0.806987,-2.000000
0.372000,0.493942,0.757284,-2.000000
0.373000,0.493942,0.713353,-2.000000
0.374000,0.493942,0.673981,-2.000000
0.375000,0.493942,0.639099,-2.000000
0.376000,0.493942,0.607225,-2.000000
0.377000,0.493942,0.578648,-2.000000
0.378000,0.493942,0.552636,-2.000000
0.379000,0.493942,0.528735,-2.000000
0.380000,0.493942,0.507020,-2.000000
0.381000,0.493942,0.486935,-2.000000
0.382000,0.490874,-0.468356,-2.000000
0.383000,0.490874,-0.450987,-2.000000
0.384000,0.490874,-0.435017,-2.000000
0.385000,0.490874,-0.420232,-2.000000
0.386000,0.490874,-0.406286,-2.000000
0.387000,0.487806,-1.164404,-2.000000
0.388000,0.487806,-1.164404,-2.000000
0.389000,0.487806,-1.164404,-2.000000
0.390000,0.484738,-1.164404,-2.000000
0.391000,0.484738,-1.164404,-2.000000
0.392000,0.484738,-1.164404,-2.000000
0.393000,0.481670,-1.164404,-2.000000
0.394000,0.481670,-1.164404,-2.000000
0.395000,0.478602,-1.164404,-2.000000
0.396000,0.478602,-1.164404,-2.000000
0.397000,0.475534,-0.403787,-2.000000
0.398000,0.475534,-0.403787,-2.000000
0.399000,0.472466,-0.403787,-2.000000
0.400000,0.472466,-0.403787,2.000000
0.401000,0.472466,-0.403787,2.000000
0.402000,0.469398,-0.403787,2.000000
0.403000,0.466330,-0.403787,2.000000
0.404000,0.466330,-0.403787,2.000000
0.405000,0.466330,-0.403787,2.000000
0.406000,0.463262,-1.379815,2.000000
0.407000,0.463262,-1.379815,2.000000
0.408000,0.463262,-1.379815,2.000000
0.409000,0.460194,-1.379815,2.000000
0.410000,0.460194,-1.379815,2.000000
0.411000,0.460194,-1.379815,2.000000
0.412000,0.457126,-1.379815,2.000000
0.413000,0.457126,-1.379815,2.000000
0.414000,0.457126,-1.379815,2.000000
0.415000,0.457126,-1.281776,2.000000
0.416000,0.457126,-1.160922,2.000000
0.417000,0.457126,-1.060467,2.000000
0.418000,0.457126,-0.976050,2.000000
0.419000,0.457126,-0.904183,2.000000
0.420000,0.457126,-0.842063,2.000000
0.421000,0.457126,-0.788402,2.000000
0.422000,0.457126,-0.740526,2.000000
0.423000,0.457126,-0.698320,2.000000
0.424000,0.457126,-0.661006,2.000000
0.425000,0.457126,-0.627139,2.000000
0.426000,0.457126,-0.596623,2.000000
0.427000,0.457126,-0.569039,2.000000
0.428000,0.460194,-1.147170,2.000000
0.429000,0.460194,-1.147170,2.000000
0.430000,0.460194,-1.147170,2.000000
0.431000,0.463262,-1.147170,2.000000
0.432000,0.463262,-1.147170,2.000000
0.433000,0.463262,-1.147170,2.000000
0.434000,0.466330,-1.147170,2.000000
0.435000,0.466330,-1.147170,2.000000
0.436000,0.469398,-1.147170,2.000000
0.437000,0.469398,-1.147170,2.000000
0.438000,0.472466,0.566477,2.000000
0.439000,0.472466,0.566477,2.000000
0.440000,0.475534,0.566477,2.000000
0.441000,0.475534,0.566477,2.000000
0.442000,0.478602,0.566477,2.000000
0.443000,0.478602,0.566477,2.000000
0.444000,0.481670,0.566477,2.000000
0.445000,0.484738,1.578790,2.000000
0.446000,0.487806,1.578790,2.000000
0.447000,0.487806,1.578790,2.000000
0.448000,0.490874,1.578790,2.000000
0.449000,0.490874,1.578790,2.000000
0.450000,0.497010,2.151126,2.000000
0.451000,0.500078,2.151126,2.000000
0.452000,0.503146,2.151126,2.000000
0.453000,0.506214,2.151126,2.000000
0.454000,0.509282,2.562113,2.000000
0.455000,0.509282,2.562113,2.000000
0.456000,0.512350,2.562113,2.000000
0.457000,0.515418,2.562113,2.000000
0.458000,0.521553,2.925147,2.000000
0.459000,0.524621,2.925147,2.000000
0.460000,0.527689,2.925147,2.000000
0.461000,0.527689,2.925147,2.000000
0.462000,0.533825,3.232233,2.000000
0.463000,0.536893,3.232233,2.000000
0.464000,0.539961,3.232233,2.000000
0.465000,0.543029,3.232233,2.000000
0.466000,0.549165,3.486540,2.000000
0.467000,0.552233,3.486540,2.000000
0.468000,0.555301,3.486540,2.000000
0.469000,0.558369,3.721404,2.000000
0.470000,0.564505,3.721404,2.000000
0.471000,0.567573,3.721404,2.000000
0.472000,0.570641,3.946019,2.000000
0.473000,0.576777,3.946019,2.000000
0.474000,0.579845,3.946019,2.000000
0.475000,0.585981,4.132147,2.000000
0.476000,0.589049,4.132147,2.000000
0.477000,0.595185,4.314174,2.000000
0.478000,0.598253,4.314174,2.000000
0.479000,0.601320,4.314174,2.000000
0.480000,0.607456,4.477392,2.000000
0.481000,0.610524,4.477392,2.000000
0.482000,0.616660,4.477392,2.000000
0.483000,0.622796,4.615549,2.000000
0.484000,0.625864,4.615549,2.000000
0.485000,0.632000,4.747737,2.000000
0.486000,0.635068,4.747737,2.000000
0.487000,0.641204,4.747737,2.000000
0.488000,0.647340,4.842743,2.000000
0.489000,0.650408,4.842743,2.000000
0.490000,0.656544,4.965790,2.000000
0.491000,0.659612,4.965790,2.000000
0.492000,0.665748,4.965790,2.000000
0.493000,0.671884,5.046393,2.000000
0.494000,0.674952,5.046393,2.000000
0.495000,0.681087,5.134127,2.000000
0.496000,0.687223,5.134127,2.000000
0.497000,0.693359,5.218115,2.000000
0.498000,0.696427,5.218115,2.000000
0.499000,0.702563,5.218115,2.000000
0.500000,0.708699,5.293550,2.000000
0.501000,0.714835,5.293550,-2.000000
0.502000,0.717903,5.347113,-2.000000
0.503000,0.724039,5.347113,-2.000000
0.504000,0.730175,5.157171,-2.000000
0.505000,0.733243,5.157171,-2.000000
0.506000,0.739379,5.157171,-2.000000
0.507000,0.742447,4.967270,-2.000000
0.508000,0.748583,4.967270,-2.000000
0.509000,0.751651,4.843831,-2.000000
0.510000,0.757787,4.842690,-2.000000
0.511000,0.760854,4.842690,-2.000000
0.512000,0.766990,4.406826,-2.000000
0.513000,0.770058,4.406826,-2.000000
0.514000,0.773126,4.406826,-2.000000
0.515000,0.776194,4.073285,-2.000000
0.516000,0.782330,4.106452,-2.000000
0.517000,0.785398,4.106452,-2.000000
0.518000,0.788466,4.106452,-2.000000
0.519000,0.791534,3.772938,-2.000000
0.520000,0.794602,3.772938,-2.000000
0.521000,0.797670,3.772938,-2.000000
0.522000,0.800738,3.583704,-2.000000
0.523000,0.803806,3.311345,-2.000000
0.524000,0.806874,3.311345,-2.000000
0.525000,0.809942,3.311345,-2.000000
0.526000,0.809942,3.311345,-2.000000
0.527000,0.813010,2.746660,-2.000000
0.528000,0.816078,2.865338,-2.000000
0.529000,0.819146,2.865338,-2.000000
0.530000,0.819146,2.865338,-2.000000
0.531000,0.822214,2.865338,-2.000000
0.532000,0.825282,2.556916,-2.000000
0.533000,0.825282,2.115370,-2.000000
0.534000,0.828350,2.323804,-2.000000
0.535000,0.828350,2.323804,-2.000000
0.536000,0.831418,2.323804,-2.000000
0.537000,0.831418,2.323804,-2.000000
0.538000,0.834486,2.323804,-2.000000
0.539000,0.834486,2.159063,-2.000000
0.540000,0.834486,1.835397,-2.000000
0.541000,0.837554,1.597374,-2.000000
0.542000,0.837554,1.413972,-2.000000
0.543000,0.837554,1.268370,-2.000000
0.544000,0.837554,1.149290,-2.000000
0.545000,0.840621,1.613425,-2.000000
0.546000,0.840621,1.613425,-2.000000
0.547000,0.840621,1.613425,-2.000000
0.548000,0.840621,1.613425,-2.000000
0.549000,0.840621,1.613425,-2.000000
0.550000,0.840621,1.613425,-2.000000
0.551000,0.840621,1.613425,-2.000000
0.552000,0.840621,1.613425,-2.000000
0.553000,0.840621,1.524750,-2.000000
0.554000,0.840621,1.357449,-2.000000
0.555000,0.837554,-1.221155,-2.000000
0.556000,0.837554,-1.110813,-2.000000
0.557000,0.837554,-1.018496,-2.000000
0.558000,0.837554,-0.940314,-2.000000
0.559000,0.834486,-0.873874,-2.000000
0.560000,0.834486,-0.815337,-2.000000
0.561000,0.834486,-0.764788,-2.000000
0.562000,0.834486,-0.764788,-2.000000
0.563000,0.831418,-0.743741,-2.000000
0.564000,0.828350,-0.743741,-2.000000
0.565000,0.828350,-0.743741,-2.000000
0.566000,0.825282,-0.743741,-2.000000
0.567000,0.825282,-0.743741,-2.000000
0.568000,0.822214,-0.743741,-2.000000
0.569000,0.819146,-1.084508,-2.000000
0.570000,0.819146,-1.084508,-2.000000
0.571000,0.816078,-1.084508,-2.000000
0.572000,0.813010,-1.084508,-2.000000
0.573000,0.809942,-1.084508,-2.000000
0.574000,0.809942,-1.084508,-2.000000
0.575000,0.809942,-1.084508,-2.000000
0.576000,0.803806,-1.970291,-2.000000
0.577000,0.800738,-1.970291,-2.000000
0.578000,0.797670,-1.970291,-2.000000
0.579000,0.794602,-2.546327,-2.000000
0.580000,0.791534,-2.546327,-2.000000
0.581000,0.788466,-2.546327,-2.000000
0.582000,0.785398,-2.546327,-2.000000
0.583000,0.782330,-3.004594,-2.000000
0.584000,0.779262,-3.004594,-2.000000
0.585000,0.776194,-3.004594,-2.000000
0.586000,0.770058,-3.400987,-2.000000
0.587000,0.770058,-3.400987,-2.000000
0.588000,0.763922,-3.400987,-2.000000
0.589000,0.757787,-3.758445,-2.000000
0.590000,0.754719,-3.758445,-2.000000
0.591000,0.751651,-3.758445,-2.000000
0.592000,0.745515,-4.087039,-2.000000
0.593000,0.742447,-4.087039,-2.000000
0.594000,0.736311,-4.087039,-2.000000
0.595000,0.733243,-4.378025,-2.000000
0.596000,0.727107,-4.378025,-2.000000
0.597000,0.724039,-4.378025,-2.000000
0.598000,0.724039,-4.378025,-2.000000
0.599000,0.711767,-4.647058,-2.000000
0.600000,0.705631,-4.920411,-2.000000
0.601000,0.699495,-4.920411,2.000000
0.602000,0.696427,-4.920411,2.000000
0.603000,0.690291,-5.160846,2.000000
0.604000,0.684155,-5.160846,2.000000
0.605000,0.678020,-4.968499,2.000000
0.606000,0.674952,-4.968499,2.000000
0.607000,0.668816,-5.280769,2.000000
0.608000,0.665748,-5.280769,2.000000
0.609000,0.659612,-5.280769,2.000000
0.610000,0.653476,-4.974485,2.000000
0.611000,0.650408,-4.974485,2.000000
0.612000,0.644272,-4.854716,2.000000
0.613000,0.641204,-4.854716,2.000000
0.614000,0.635068,-4.854716,2.000000
0.615000,0.632000,-4.631929,2.000000
0.616000,0.625864,-4.631929,2.000000
0.617000,0.622796,-4.631929,2.000000
0.618000,0.619728,-4.503154,2.000000
0.619000,0.613592,-4.503154,2.000000
0.620000,0.610524,-4.503154,2.000000
0.621000,0.607456,-4.267046,2.000000
0.622000,0.601320,-4.267046,2.000000
0.623000,0.598253,-4.267046,2.000000
0.624000,0.595185,-3.997977,2.000000
0.625000,0.592117,-3.997977,2.000000
0.626000,0.585981,-3.997977,2.000000
0.627000,0.582913,-3.747303,2.000000
0.628000,0.579845,-3.747303,2.000000
0.629000,0.576777,-3.747303,2.000000
0.630000,0.573709,-3.747303,2.000000
0.631000,0.570641,-3.436275,2.000000
0.632000,0.567573,-3.436275,2.000000
0.633000,0.564505,-3.436275,2.000000
0.634000,0.561437,-3.436275,2.000000
0.635000,0.558369,-3.069219,2.000000
0.636000,0.558369,-3.069219,2.000000
0.637000,0.555301,-3.069219,2.000000
0.638000,0.552233,-3.069219,2.000000
0.639000,0.549165,-3.024071,2.000000
0.640000,0.546097,-2.681475,2.000000
0.641000,0.546097,-2.681475,2.000000
0.642000,0.543029,-2.681475,2.000000
0.643000,0.539961,-2.681475,2.000000
0.644000,0.539961,-2.681475,2.000000
0.645000,0.536893,-2.411571,2.000000
0.646000,0.536893,-2.016392,2.000000
0.647000,0.533825,-2.214524,2.000000
0.648000,0.533825,-2.214524,2.000000
0.649000,0.530757,-2.214524,2.000000
0.650000,0.530757,-2.214524,2.000000
0.651000,0.527689,-2.214524,2.000000
0.652000,0.527689,-2.126509,2.000000
0.653000,0.527689,-1.812353,2.000000
0.654000,0.527689,-1.812353,2.000000
0.655000,0.524621,-1.398408,2.000000
0.656000,0.524621,-1.255214,2.000000
0.657000,0.524621,-1.139059,2.000000
0.658000,0.521553,-1.587433,2.000000
0.659000,0.521553,-1.587433,2.000000
0.660000,0.521553,-1.587433,2.000000
0.661000,0.521553,-1.587433,2.000000
0.662000,0.521553,-1.587433,2.000000
0.663000,0.521553,-1.587433,2.000000
0.664000,0.521553,-1.587433,2.000000
0.665000,0.521553,-1.587433,2.000000
0.666000,0.521553,-1.424506,2.000000
0.667000,0.521553,-1.275560,2.000000
0.668000,0.521553,-1.155856,2.000000
0.669000,0.521553,-1.155856,2.000000
0.670000,0.521553,-0.973158,2.000000
0.671000,0.524621,0.901371,2.000000
0.672000,0.524621,0.839681,2.000000
0.673000,0.524621,0.785726,2.000000
0.674000,0.524621,0.738298,2.000000
0.675000,0.527689,0.696411,2.000000
0.676000,0.527689,0.659043,2.000000
0.677000,0.530757,0.624292,2.000000
0.678000,0.530757,0.624292,2.000000
0.679000,0.530757,0.624292,2.000000
0.680000,0.533825,0.624292,2.000000
0.681000,0.533825,0.624292,2.000000
0.682000,0.536893,0.624292,2.000000
0.683000,0.536893,0.624292,2.000000
0.684000,0.539961,0.624292,2.000000
0.685000,0.543029,1.108452,2.000000
0.686000,0.543029,1.108452,2.000000
0.687000,0.546097,1.108452,2.000000
0.688000,0.549165,1.108452,2.000000
0.689000,0.549165,1.108452,2.000000
0.690000,0.552233,1.108452,2.000000
0.691000,0.555301,1.879590,2.000000
0.692000,0.558369,1.879590,2.000000
0.693000,0.558369,1.879590,2.000000
0.694000,0.561437,1.879590,2.000000
0.695000,0.564505,1.879590,2.000000
0.696000,0.567573,2.380681,2.000000
0.697000,0.570641,2.380681,2.000000
0.698000,0.573709,2.380681,2.000000
0.699000,0.576777,2.380681,2.000000
0.700000,0.579845,2.785188,-2.000000
0.701000,0.582913,2.785188,-2.000000
0.702000,0.585981,2.785188,-2.000000
0.703000,0.589049,2.785188,-2.000000
0.704000,0.592117,2.982384,-2.000000
0.705000,0.595185,2.982384,-2.000000
0.706000,0.598253,2.982384,-2.000000
0.707000,0.601320,2.982384,-2.000000
0.708000,0.604388,3.035728,-2.000000
0.709000,0.604388,3.035728,-2.000000
0.710000,0.607456,3.035728,-2.000000
0.711000,0.610524,3.035728,-2.000000
0.712000,0.613592,2.893820,-2.000000
0.713000,0.616660,2.717716,-2.000000
0.714000,0.619728,2.717716,-2.000000
0.715000,0.619728,2.717716,-2.000000
0.716000,0.622796,2.717716,-2.000000
0.717000,0.625864,2.717716,-2.000000
0.718000,0.625864,2.255727,-2.000000
0.719000,0.628932,2.391719,-2.000000
0.720000,0.632000,2.391719,-2.000000
0.721000,0.632000,2.391719,-2.000000
0.722000,0.635068,2.391719,-2.000000
0.723000,0.635068,2.391719,-2.000000
0.724000,0.638136,2.066542,-2.000000
0.725000,0.638136,1.767503,-2.000000
0.726000,0.641204,1.981781,-2.000000
0.727000,0.641204,1.981781,-2.000000
0.728000,0.644272,1.981781,-2.000000
0.729000,0.644272,1.981781,-2.000000
0.730000,0.647340,1.981781,-2.000000
0.731000,0.647340,1.981781,-2.000000
0.732000,0.647340,1.780453,-2.000000
0.733000,0.647340,1.556170,-2.000000
0.734000,0.650408,1.380852,-2.000000
0.735000,0.650408,1.240701,-2.000000
0.736000,0.650408,1.127393,-2.000000
0.737000,0.653476,1.032647,-2.000000
0.738000,0.653476,1.441264,-2.000000
0.739000,0.653476,1.441264,-2.000000
0.740000,0.653476,1.441264,-2.000000
0.741000,0.653476,1.441264,-2.000000
0.742000,0.653476,1.441264,-2.000000
0.743000,0.653476,1.441264,-2.000000
0.744000,0.653476,1.441264,-2.000000
0.745000,0.653476,1.441264,-2.000000
0.746000,0.653476,1.364787,-2.000000
0.747000,0.653476,1.227551,-2.000000
0.748000,0.653476,1.116193,-2.000000
0.749000,0.653476,1.022904,-2.000000
0.750000,0.653476,0.944219,-2.000000
0.751000,0.653476,0.876826,-2.000000
0.752000,0.653476,0.818595,-2.000000
0.753000,0.653476,0.767421,-2.000000
0.754000,0.650408,-0.722161,-2.000000
0.755000,0.650408,-0.682028,-2.000000
0.756000,0.650408,-0.646137,-2.000000
0.757000,0.650408,-0.613708,-2.000000
0.758000,0.647340,-0.584634,-2.000000
0.759000,0.647340,-0.557971,-2.000000
0.760000,0.647340,-0.533703,-2.000000
0.761000,0.644272,-0.512724,-2.000000
0.762000,0.644272,-0.512724,-2.000000
0.763000,0.644272,-0.512724,-2.000000
0.764000,0.644272,-0.512724,-2.000000
0.765000,0.641204,-0.512724,-2.000000
0.766000,0.641204,-0.512724,-2.000000
0.767000,0.638136,-0.512724,-2.000000
0.768000,0.635068,-0.512724,-2.000000
0.769000,0.635068,-0.512724,-2.000000
0.770000,0.632000,-1.024973,-2.000000
0.771000,0.632000,-1.024973,-2.000000
0.772000,0.628932,-1.024973,-2.000000
0.773000,0.628932,-1.024973,-2.000000
0.774000,0.625864,-1.024973,-2.000000
0.775000,0.622796,-1.024973,-2.000000
0.776000,0.622796,-1.024973,-2.000000
0.777000,0.619728,-1.654749,-2.000000
0.778000,0.616660,-1.654749,-2.000000
0.779000,0.616660,-1.654749,-2.000000
0.780000,0.613592,-1.654749,-2.000000
0.781000,0.610524,-1.654749,-2.000000
0.782000,0.607456,-2.067577,-2.000000
0.783000,0.607456,-2.067577,-2.000000
0.784000,0.604388,-2.067577,-2.000000
0.785000,0.601320,-2.067577,-2.000000
0.786000,0.598253,-2.067577,-2.000000
0.787000,0.595185,-2.385752,-2.000000
0.788000,0.592117,-2.385752,-2.000000
0.789000,0.592117,-2.385752,-2.000000
0.790000,0.589049,-2.385752,-2.000000
0.791000,0.585981,-2.385752,-2.000000
0.792000,0.585981,-2.385752,-2.000000
0.793000,0.582913,-2.655821,-2.000000
0.794000,0.576777,-2.655821,-2.000000
0.795000,0.576777,-2.655821,-2.000000
0.796000,0.570641,-2.886833,-2.000000
0.797000,0.570641,-2.886833,-2.000000
0.798000,0.564505,-2.886833,-2.000000
0.799000,0.564505,-2.886833,-2.000000
0.800000,0.555301,-3.097789,2.000000
0.801000,0.555301,-3.097789,2.000000
0.802000,0.552233,-3.097789,2.000000
0.803000,0.549165,-3.097789,2.000000
0.804000,0.543029,-3.100202,2.000000
0.805000,0.543029,-3.100202,2.000000
0.806000,0.539961,-3.100202,2.000000
0.807000,0.536893,-3.083529,2.000000
0.808000,0.536893,-3.083529,2.000000
0.809000,0.530757,-3.080197,2.000000
0.810000,0.530757,-3.080197,2.000000
0.811000,0.524621,-3.080197,2.000000
0.812000,0.524621,-3.080197,2.000000
0.813000,0.521553,-2.660459,2.000000
0.814000,0.521553,-2.660459,2.000000
0.815000,0.518486,-2.660459,2.000000
0.816000,0.518486,-2.660459,2.000000
0.817000,0.512350,-2.660459,2.000000
0.818000,0.512350,-2.196527,2.000000
0.819000,0.509282,-2.145938,2.000000
0.820000,0.509282,-2.145938,2.000000
0.821000,0.509282,-2.145938,2.000000
0.822000,0.509282,-2.145938,2.000000
0.823000,0.506214,-2.145938,2.000000
0.824000,0.506214,-2.145938,2.000000
0.825000,0.503146,-2.145938,2.000000
0.826000,0.503146,-1.728987,2.000000
0.827000,0.503146,-1.728987,2.000000
0.828000,0.500078,-1.349240,2.000000
0.829000,0.500078,-1.349240,2.000000
0.830000,0.500078,-1.215547,2.000000
0.831000,0.500078,-1.105435,2.000000
0.832000,0.500078,-1.013945,2.000000
0.833000,0.500078,-0.870235,2.000000
0.834000,0.500078,-0.870235,2.000000
0.835000,0.500078,-0.762146,2.000000
0.836000,0.500078,-0.717711,2.000000
0.837000,0.500078,-0.717711,2.000000
0.838000,0.500078,-0.678171,2.000000
0.839000,0.500078,-0.610642,2.000000
0.840000,0.500078,-0.581683,2.000000
0.841000,0.500078,-0.555202,2.000000
0.842000,0.500078,-0.531362,2.000000
0.843000,0.500078,-0.509267,2.000000
0.844000,0.503146,0.489003,2.000000
0.845000,0.503146,0.489003,2.000000
0.846000,0.503146,0.452841,2.000000
0.847000,0.506214,1.473319,2.000000
0.848000,0.506214,1.473319,2.000000
0.849000,0.509282,1.473319,2.000000
0.850000,0.509282,1.473319,2.000000
0.851000,0.509282,1.473319,2.000000
0.852000,0.512350,1.473319,2.000000
0.853000,0.512350,1.473319,2.000000
0.854000,0.515418,1.473319,2.000000
0.855000,0.518486,0.448589,2.000000
0.856000,0.518486,0.448589,2.000000
0.857000,0.521553,0.448589,2.000000
0.858000,0.524621,0.448589,2.000000
0.859000,0.524621,0.448589,2.000000
0.860000,0.527689,0.448589,2.000000
0.861000,0.530757,1.834075,2.000000
0.862000,0.530757,1.834075,2.000000
0.863000,0.533825,1.834075,2.000000
0.864000,0.536893,1.834075,2.000000
0.865000,0.536893,1.834075,2.000000
0.866000,0.543029,2.353264,2.000000
0.867000,0.546097,2.353264,2.000000
0.868000,0.546097,2.353264,2.000000
0.869000,0.549165,2.353264,2.000000
0.870000,0.552233,2.353264,2.000000
0.871000,0.555301,2.761191,2.000000
0.872000,0.561437,2.761191,2.000000
0.873000,0.564505,2.761191,2.000000
0.874000,0.564505,2.761191,2.000000
0.875000,0.573709,3.131150,2.000000
0.876000,0.576777,3.131150,2.000000
0.877000,0.576777,3.131150,2.000000
0.878000,0.582913,3.446704,2.000000
0.879000,0.585981,3.446704,2.000000
0.880000,0.585981,3.446704,2.000000
0.881000,0.595185,3.716395,2.000000
0.882000,0.595185,3.716395,2.000000
0.883000,0.604388,3.955683,2.000000
0.884000,0.607456,3.955683,2.000000
0.885000,0.610524,3.955683,2.000000
0.886000,0.610524,3.955683,2.000000
0.887000,0.619728,4.183247,2.000000
0.888000,0.625864,4.183247,2.000000
0.889000,0.628932,4.371159,2.000000
0.890000,0.635068,4.371159,2.000000
0.891000,0.638136,4.371159,2.000000
0.892000,0.644272,4.537915,2.000000
0.893000,0.647340,4.537915,2.000000
0.894000,0.653476,4.722464,2.000000
0.895000,0.659612,4.722464,2.000000
0.896000,0.662680,4.722464,2.000000
0.897000,0.668816,4.847419,2.000000
0.898000,0.671884,4.847419,2.000000
0.899000,0.678020,4.989006,2.000000
0.900000,0.684155,4.989006,2.000000
0.901000,0.684155,4.989006,-2.000000
0.902000,0.693359,5.103523,-2.000000
0.903000,0.699495,5.103523,-2.000000
0.904000,0.702563,4.927353,-2.000000
0.905000,0.708699,4.927353,-2.000000
0.906000,0.714835,4.825182,-2.000000
0.907000,0.717903,5.144050,-2.000000
0.908000,0.720971,5.144050,-2.000000
0.909000,0.727107,4.582491,-2.000000
0.910000,0.730175,4.582491,-2.000000
0.911000,0.730175,4.582491,-2.000000
0.912000,0.739379,4.393940,-2.000000
0.913000,0.742447,4.393940,-2.000000
0.914000,0.742447,4.393940,-2.000000
0.915000,0.751651,4.076574,-2.000000
0.916000,0.754719,4.076574,-2.000000
0.917000,0.754719,4.076574,-2.000000
0.918000,0.760854,3.751727,-2.000000
0.919000,0.760854,3.751727,-2.000000
0.920000,0.763922,3.715020,-2.000000
0.921000,0.766990,3.715020,-2.000000
0.922000,0.770058,3.715020,-2.000000
0.923000,0.776194,3.292626,-2.000000
0.924000,0.779262,3.292626,-2.000000
0.925000,0.782330,3.292626,-2.000000
0.926000,0.782330,3.292626,-2.000000
0.927000,0.788466,2.835982,-2.000000
0.928000,0.788466,2.835982,-2.000000
0.929000,0.791534,2.835982,-2.000000
0.930000,0.794602,2.835982,-2.000000
0.931000,0.794602,2.835982,-2.000000
0.932000,0.797670,2.455863,-2.000000
0.933000,0.797670,2.045578,-2.000000
0.934000,0.800738,2.266839,-2.000000
0.935000,0.800738,2.266839,-2.000000
0.936000,0.803806,2.266839,-2.000000
0.937000,0.803806,2.266839,-2.000000
0.938000,0.803806,2.266839,-2.000000
0.939000,0.806874,2.168181,-2.000000
0.940000,0.806874,2.168181,-2.000000
0.941000,0.806874,1.603406,-2.000000
0.942000,0.809942,1.417759,-2.000000
0.943000,0.809942,1.417759,-2.000000
0.944000,0.809942,1.151799,-2.000000
0.945000,0.809942,1.052607,-2.000000
0.946000,0.809942,1.052607,-2.000000
0.947000,0.809942,0.898276,-2.000000
0.948000,0.809942,0.837437,-2.000000
0.949000,0.809942,0.837437,-2.000000
0.950000,0.809942,0.736741,-2.000000
0.951000,0.809942,0.694930,-2.000000
0.952000,0.809942,0.657798,-2.000000
0.953000,0.809942,0.657798,-2.000000
0.954000,0.809942,0.594118,-2.000000
0.955000,0.809942,0.566528,-2.000000
0.956000,0.806874,-0.541589,-2.000000
0.957000,0.806874,-0.541589,-2.000000
0.958000,0.806874,-0.497598,-2.000000
0.959000,0.803806,-1.504466,-2.000000
0.960000,0.803806,-1.504466,-2.000000
0.961000,0.803806,-1.504466,-2.000000
0.962000,0.803806,-1.504466,-2.000000
0.963000,0.800738,-1.504466,-2.000000
0.964000,0.797670,-1.504466,-2.000000
0.965000,0.797670,-1.504466,-2.000000
0.966000,0.794602,-1.504466,-2.000000
0.967000,0.794602,-1.504466,-2.000000
0.968000,0.791534,-0.480049,-2.000000
0.969000,0.788466,-0.480049,-2.000000
0.970000,0.788466,-0.480049,-2.000000
0.971000,0.785398,-0.480049,-2.000000
0.972000,0.782330,-0.480049,-2.000000
0.973000,0.782330,-0.480049,-2.000000
0.974000,0.776194,-1.872925,-2.000000
0.975000,0.776194,-1.872925,-2.000000
0.976000,0.773126,-1.872925,-2.000000
0.977000,0.770058,-1.872925,-2.000000
0.978000,0.766990,-2.443448,-2.000000
0.979000,0.763922,-2.443448,-2.000000
0.980000,0.760854,-2.443448,-2.000000
0.981000,0.757787,-2.443448,-2.000000
0.982000,0.754719,-2.901508,-2.000000
0.983000,0.751651,-2.901508,-2.000000
0.984000,0.751651,-2.901508,-2.000000
0.985000,0.742447,-3.297701,-2.000000
0.986000,0.739379,-3.297701,-2.000000
0.987000,0.736311,-3.297701,-2.000000
0.988000,0.733243,-3.297701,-2.000000
0.989000,0.727107,-3.636896,-2.000000
0.990000,0.724039,-3.636896,-2.000000
0.991000,0.720971,-3.636896,-2.000000
0.992000,0.714835,-3.950377,-2.000000
0.993000,0.711767,-3.950377,-2.000000
0.994000,0.705631,-4.253345,-2.000000
0.995000,0.705631,-4.253345,-2.000000
0.996000,0.696427,-4.253345,-2.000000
0.997000,0.693359,-4.516898,-2.000000
0.998000,0.687223,-4.516898,-2.000000
0.999000,0.684155,-4.516898,-2.000000
1.000000,0.678020,-4.769444,-2.000000
1.001000,0.671884,-4.769444,2.000000
1.002000,0.668816,-5.018191,2.000000
1.003000,0.662680,-5.018191,2.000000
1.004000,0.656544,-4.996595,2.000000
1.005000,0.656544,-4.996595,2.000000
1.006000,0.653476,-4.996595,2.000000
1.007000,0.641204,-4.992925,2.000000
1.008000,0.638136,-4.992925,2.000000
1.009000,0.632000,-5.010621,2.000000
1.010000,0.628932,-5.010621,2.000000
1.011000,0.622796,-5.010621,2.000000
1.012000,0.619728,-4.753050,2.000000
1.013000,0.613592,-4.753050,2.000000
1.014000,0.610524,-4.753050,2.000000
1.015000,0.604388,-4.644761,2.000000
1.016000,0.601320,-4.644761,2.000000
1.017000,0.598253,-4.444845,2.000000
1.018000,0.592117,-4.435674,2.000000
1.019000,0.589049,-4.435674,2.000000
1.020000,0.585981,-4.198833,2.000000
1.021000,0.579845,-4.217230,2.000000
1.022000,0.576777,-4.217230,2.000000
1.023000,0.573709,-4.145330,2.000000
1.024000,0.567573,-3.991169,2.000000
1.025000,0.564505,-3.991169,2.000000
1.026000,0.561437,-3.991169,2.000000
1.027000,0.558369,-3.766231,2.000000
1.028000,0.555301,-3.766231,2.000000
1.029000,0.552233,-3.766231,2.000000
1.030000,0.549165,-3.609897,2.000000
1.031000,0.546097,-3.461652,2.000000
1.032000,0.546097,-3.461652,2.000000
1.033000,0.539961,-3.461652,2.000000
1.034000,0.536893,-3.334099,2.000000
1.035000,0.533825,-3.132315,2.000000
1.036000,0.530757,-3.132315,2.000000
1.037000,0.527689,-3.132315,2.000000
1.038000,0.524621,-3.132315,2.000000
1.039000,0.524621,-2.704995,2.000000
1.040000,0.521553,-2.786699,2.000000
1.041000,0.518486,-2.786699,2.000000
1.042000,0.515418,-2.786699,2.000000
1.043000,0.515418,-2.786699,2.000000
1.044000,0.512350,-2.548376,2.000000
1.045000,0.509282,-2.375982,2.000000
1.046000,0.509282,-2.375982,2.000000
1.047000,0.506214,-2.375982,2.000000
1.048000,0.506214,-2.375982,2.000000
1.049000,0.503146,-2.375982,2.000000
1.050000,0.503146,-2.375982,2.000000
1.051000,0.500078,-2.011764,2.000000
1.052000,0.500078,-1.726936,2.000000
1.053000,0.497010,-1.855828,2.000000
1.054000,0.497010,-1.855828,2.000000
1.055000,0.497010,-1.855828,2.000000
1.056000,0.493942,-1.855828,2.000000
1.057000,0.493942,-1.855828,2.000000
1.058000,0.493942,-1.855828,2.000000
1.059000,0.493942,-1.855828,2.000000
1.060000,0.493942,-1.734206,2.000000
1.061000,0.490874,-1.519370,2.000000
1.062000,0.490874,-1.352404,2.000000
1.063000,0.490874,-1.219170,2.000000
1.064000,0.490874,-1.108444,2.000000
1.065000,0.490874,-1.016198,2.000000
1.066000,0.490874,-0.938804,2.000000
1.067000,0.490874,-0.872173,2.000000
1.068000,0.490874,-0.814046,2.000000
1.069000,0.490874,-0.763877,2.000000
1.070000,0.490874,-0.718920,2.000000
1.071000,0.490874,-0.678922,2.000000
1.072000,0.490874,-0.643368,2.000000
1.073000,0.493942,-1.036256,2.000000
1.074000,0.493942,-1.036256,2.000000
1.075000,0.493942,-1.036256,2.000000
1.076000,0.493942,-1.036256,2.000000
1.077000,0.493942,-1.036256,2.000000
1.078000,0.497010,-1.036256,2.000000
1.079000,0.497010,-1.036256,2.000000
1.080000,0.500078,-1.036256,2.000000
1.081000,0.500078,-1.036256,2.000000
1.082000,0.500078,-1.036256,2.000000
1.083000,0.503146,-1.036256,2.000000
1.084000,0.503146,-1.036256,2.000000
1.085000,0.503146,-1.036256,2.000000
1.086000,0.506214,0.627539,2.000000
1.087000,0.509282,0.627539,2.000000
1.088000,0.509282,0.627539,2.000000
1.089000,0.512350,0.627539,2.000000
1.090000,0.515418,0.627539,2.000000
1.091000,0.515418,0.627539,2.000000
1.092000,0.518486,1.502621,2.000000
1.093000,0.521553,1.502621,2.000000
1.094000,0.521553,1.502621,2.000000
1.095000,0.524621,1.502621,2.000000
1.096000,0.527689,1.502621,2.000000
1.097000,0.530757,2.067451,2.000000
1.098000,0.533825,2.067451,2.000000
1.099000,0.536893,2.067451,2.000000
1.100000,0.536893,2.067451,-2.000000
1.101000,0.539961,2.067451,-2.000000
1.102000,0.543029,2.494426,-2.000000
1.103000,0.546097,2.494426,-2.000000
1.104000,0.549165,2.494426,-2.000000
1.105000,0.552233,2.494426,-2.000000
1.106000,0.552233,2.494426,-2.000000
1.107000,0.555301,2.615994,-2.000000
1.108000,0.558369,2.615994,-2.000000
1.109000,0.561437,2.615994,-2.000000
1.110000,0.561437,2.615994,-2.000000
1.111000,0.564505,2.576300,-2.000000
1.112000,0.564505,2.128578,-2.000000
1.113000,0.567573,2.297985,-2.000000
1.114000,0.570641,2.297985,-2.000000
1.115000,0.570641,2.297985,-2.000000
1.116000,0.573709,2.297985,-2.000000
1.117000,0.573709,2.297985,-2.000000
1.118000,0.576777,2.054950,-2.000000
1.119000,0.576777,1.761119,-2.000000
1.120000,0.579845,1.849888,-2.000000
1.121000,0.579845,1.849888,-2.000000
1.122000,0.579845,1.849888,-2.000000
1.123000,0.582913,1.849888,-2.000000
1.124000,0.582913,1.849888,-2.000000
1.125000,0.582913,1.849888,-2.000000
1.126000,0.582913,1.849888,-2.000000
1.127000,0.585981,1.739964,-2.000000
1.128000,0.585981,1.524524,-2.000000
1.129000,0.585981,1.356507,-2.000000
1.130000,0.585981,1.220794,-2.000000
1.131000,0.585981,1.110685,-2.000000
1.132000,0.585981,1.018304,-2.000000
1.133000,0.585981,0.940162,-2.000000
1.134000,0.585981,0.873347,-2.000000
1.135000,0.585981,0.815499,-2.000000
1.136000,0.585981,0.764428,-2.000000
1.137000,0.585981,0.719752,-2.000000
1.138000,0.585981,0.679783,-2.000000
1.139000,0.585981,0.644353,-2.000000
1.140000,0.585981,0.611974,-2.000000
1.141000,0.585981,0.583058,-2.000000
1.142000,0.582913,0.556601,-2.000000
1.143000,0.582913,1.104574,-2.000000
1.144000,0.582913,1.104574,-2.000000
1.145000,0.582913,1.104574,-2.000000
1.146000,0.579845,1.104574,-2.000000
1.147000,0.579845,1.104574,-2.000000
1.148000,0.579845,1.104574,-2.000000
1.149000,0.576777,1.104574,-2.000000
1.150000,0.576777,1.104574,-2.000000
1.151000,0.576777,1.104574,-2.000000
1.152000,0.576777,1.104574,-2.000000
1.153000,0.573709,1.104574,-2.000000
1.154000,0.570641,-0.552549,-2.000000
1.155000,0.570641,-0.552549,-2.000000
1.156000,0.567573,-0.552549,-2.000000
1.157000,0.567573,-0.552549,-2.000000
1.158000,0.564505,-0.552549,-2.000000
1.159000,0.561437,-0.552549,-2.000000
1.160000,0.561437,-0.552549,-2.000000
1.161000,0.558369,-1.503168,-2.000000
1.162000,0.555301,-1.503168,-2.000000
1.163000,0.555301,-1.503168,-2.000000
1.164000,0.552233,-1.503168,-2.000000
1.165000,0.549165,-1.503168,-2.000000
1.166000,0.546097,-2.019055,-2.000000
1.167000,0.543029,-2.019055,-2.000000
1.168000,0.543029,-2.019055,-2.000000
1.169000,0.539961,-2.019055,-2.000000
1.170000,0.536893,-2.019055,-2.000000
1.171000,0.533825,-2.409420,-2.000000
1.172000,0.530757,-2.409420,-2.000000
1.173000,0.527689,-2.409420,-2.000000
1.174000,0.524621,-2.409420,-2.000000
1.175000,0.521553,-2.737240,-2.000000
1.176000,0.518486,-2.737240,-2.000000
1.177000,0.515418,-2.737240,-2.000000
1.178000,0.512350,-2.737240,-2.000000
1.179000,0.509282,-3.009229,-2.000000
1.180000,0.506214,-3.009229,-2.000000
1.181000,0.503146,-3.009229,-2.000000
1.182000,0.500078,-3.009229,-2.000000
1.183000,0.497010,-3.257412,-2.000000
1.184000,0.493942,-3.257412,-2.000000
1.185000,0.487806,-3.257412,-2.000000
1.186000,0.484738,-3.471172,-2.000000
1.187000,0.484738,-3.471172,-2.000000
1.188000,0.478602,-3.471172,-2.000000
1.189000,0.475534,-3.471172,-2.000000
1.190000,0.469398,-3.654118,-2.000000
1.191000,0.466330,-3.654118,-2.000000
1.192000,0.463262,-3.654118,-2.000000
1.193000,0.457126,-3.823369,-2.000000
1.194000,0.454058,-3.823369,-2.000000
1.195000,0.450990,-3.823369,-2.000000
1.196000,0.444854,-3.989835,-2.000000
1.197000,0.444854,-3.989835,-2.000000
1.198000,0.438719,-3.989835,-2.000000
1.199000,0.438719,-4.119260,-2.000000
1.200000,0.429515,-4.119260,-2.000000
1.201000,0.429515,-4.119260,2.000000
1.202000,0.420311,-4.269582,2.000000
1.203000,0.420311,-4.269582,2.000000
1.204000,0.414175,-4.129714,2.000000
1.205000,0.414175,-4.129714,2.000000
1.206000,0.404971,-4.179171,2.000000
1.207000,0.401903,-4.132457,2.000000
1.208000,0.395767,-4.078738,2.000000
1.209000,0.392699,-4.078738,2.000000
1.210000,0.389631,-4.078738,2.000000
1.211000,0.386563,-3.805322,2.000000
1.212000,0.383495,-3.805322,2.000000
1.213000,0.380427,-3.805322,2.000000
1.214000,0.377359,-3.556642,2.000000
1.215000,0.374291,-3.429939,2.000000
1.216000,0.371223,-3.429939,2.000000
1.217000,0.368155,-3.429939,2.000000
1.218000,0.365087,-3.279282,2.000000
1.219000,0.362019,-3.094263,2.000000
1.220000,0.358952,-3.094263,2.000000
1.221000,0.358952,-3.094263,2.000000
1.222000,0.355884,-3.094263,2.000000
1.223000,0.352816,-2.746993,2.000000
1.224000,0.349748,-2.626266,2.000000
1.225000,0.349748,-2.626266,2.000000
1.226000,0.346680,-2.626266,2.000000
1.227000,0.346680,-2.626266,2.000000
1.228000,0.343612,-2.626266,2.000000
1.229000,0.340544,-2.343875,2.000000
1.230000,0.340544,-1.967601,2.000000
1.231000,0.337476,-2.036347,2.000000
1.232000,0.337476,-2.036347,2.000000
1.233000,0.337476,-2.036347,2.000000
1.234000,0.337476,-2.036347,2.000000
1.235000,0.334408,-2.036347,2.000000
1.236000,0.334408,-2.036347,2.000000
1.237000,0.334408,-2.034073,2.000000
1.238000,0.331340,-1.745057,2.000000
1.239000,0.331340,-1.527888,2.000000
1.240000,0.331340,-1.359159,2.000000
1.241000,0.331340,-1.223429,2.000000
1.242000,0.331340,-1.111821,2.000000
1.243000,0.331340,-1.020158,2.000000
1.244000,0.331340,-0.941349,2.000000
1.245000,0.331340,-0.874781,2.000000
1.246000,0.331340,-0.816145,2.000000
1.247000,0.331340,-0.765190,2.000000
1.248000,0.331340,-0.720329,2.000000
1.249000,0.331340,-0.720329,2.000000
1.250000,0.331340,-0.644764,2.000000
1.251000,0.331340,-0.612547,2.000000
1.252000,0.331340,-0.583477,2.000000
1.253000,0.331340,-0.583477,2.000000
1.254000,0.334408,-1.237050,2.000000
1.255000,0.334408,-1.237050,2.000000
1.256000,0.334408,-1.237050,2.000000
1.257000,0.337476,-1.237050,2.000000
1.258000,0.337476,-1.237050,2.000000
1.259000,0.340544,-1.237050,2.000000
1.260000,0.340544,-1.237050,2.000000
1.261000,0.343612,-1.237050,2.000000
1.262000,0.343612,-1.237050,2.000000
1.263000,0.346680,0.567700,2.000000
1.264000,0.346680,0.567700,2.000000
1.265000,0.346680,0.567700,2.000000
1.266000,0.352816,0.567700,2.000000
1.267000,0.352816,0.567700,2.000000
1.268000,0.355884,0.567700,2.000000
1.269000,0.358952,1.680912,2.000000
1.270000,0.358952,1.680912,2.000000
1.271000,0.362019,1.680912,2.000000
1.272000,0.362019,1.680912,2.000000
1.273000,0.365087,1.680912,2.000000
1.274000,0.368155,1.680912,2.000000
1.275000,0.371223,2.292636,2.000000
1.276000,0.377359,2.292636,2.000000
1.277000,0.377359,2.292636,2.000000
1.278000,0.380427,2.292636,2.000000
1.279000,0.383495,2.771828,2.000000
1.280000,0.386563,2.771828,2.000000
1.281000,0.389631,2.771828,2.000000
1.282000,0.392699,2.771828,2.000000
1.283000,0.395767,3.148769,2.000000
1.284000,0.398835,3.148769,2.000000
1.285000,0.408039,3.459809,2.000000
1.286000,0.411107,3.459809,2.000000
1.287000,0.411107,3.459809,2.000000
1.288000,0.420311,3.763745,2.000000
1.289000,0.423379,3.763745,2.000000
1.290000,0.426447,3.763745,2.000000
1.291000,0.432583,4.036257,2.000000
1.292000,0.435651,4.036257,2.000000
1.293000,0.438719,4.036257,2.000000
1.294000,0.444854,4.248090,2.000000
1.295000,0.447922,4.248090,2.000000
1.296000,0.454058,4.248090,2.000000
1.297000,0.457126,4.488240,2.000000
1.298000,0.463262,4.488240,2.000000
1.299000,0.469398,4.680164,2.000000
1.300000,0.472466,4.680164,2.000000
1.301000,0.478602,4.680164,-2.000000
1.302000,0.481670,4.841045,-2.000000
1.303000,0.487806,4.841045,-2.000000
1.304000,0.490874,4.741521,-2.000000
1.305000,0.497010,4.823971,-2.000000
1.306000,0.503146,4.823971,-2.000000
1.307000,0.506214,4.686892,-2.000000
1.308000,0.509282,4.686892,-2.000000
1.309000,0.515418,4.686892,-2.000000
1.310000,0.518486,4.582158,-2.000000
1.311000,0.524621,4.582158,-2.000000
1.312000,0.527689,4.582158,-2.000000
1.313000,0.530757,4.292002,-2.000000
1.314000,0.533825,4.292002,-2.000000
1.315000,0.539961,4.292002,-2.000000
1.316000,0.543029,3.937947,-2.000000
1.317000,0.546097,3.937947,-2.000000
1.318000,0.549165,3.937947,-2.000000
1.319000,0.552233,3.642789,-2.000000
1.320000,0.555301,3.594916,-2.000000
1.321000,0.558369,3.594916,-2.000000
1.322000,0.561437,3.594916,-2.000000
1.323000,0.564505,3.230768,-2.000000
1.324000,0.567573,3.256247,-2.000000
1.325000,0.570641,3.256247,-2.000000
1.326000,0.573709,3.256247,-2.000000
1.327000,0.576777,3.256247,-2.000000
1.328000,0.579845,2.576382,-2.000000
1.329000,0.579845,2.809819,-2.000000
1.330000,0.582913,2.809819,-2.000000
1.331000,0.585981,2.809819,-2.000000
1.332000,0.585981,2.809819,-2.000000
1.333000,0.589049,2.465368,-2.000000
1.334000,0.589049,2.052129,-2.000000
1.335000,0.592117,2.272997,-2.000000
1.336000,0.592117,2.272997,-2.000000
1.337000,0.592117,2.272997,-2.000000
1.338000,0.595185,2.272997,-2.000000
1.339000,0.595185,2.272997,-2.000000
1.340000,0.598253,2.150875,-2.000000
1.341000,0.598253,1.830545,-2.000000
1.342000,0.601320,1.592457,-2.000000
1.343000,0.601320,1.410136,-2.000000
1.344000,0.601320,1.264087,-2.000000
1.345000,0.601320,1.146347,-2.000000
1.346000,0.601320,1.048066,-2.000000
1.347000,0.604388,1.570182,-2.000000
1.348000,0.604388,1.570182,-2.000000
1.349000,0.604388,1.570182,-2.000000
1.350000,0.604388,1.570182,-2.000000
1.351000,0.604388,1.570182,-2.000000
1.352000,0.604388,1.570182,-2.000000
1.353000,0.604388,1.570182,-2.000000
1.354000,0.604388,1.570182,-2.000000
1.355000,0.601320,-1.426579,-2.000000
1.356000,0.601320,-1.278020,-2.000000
1.357000,0.601320,-1.157777,-2.000000
1.358000,0.601320,-1.057987,-2.000000
1.359000,0.598253,-0.973783,-2.000000
1.360000,0.598253,-0.902201,-2.000000
1.361000,0.598253,-0.840242,-2.000000
1.362000,0.598253,-0.786400,-2.000000
1.363000,0.595185,-0.769226,-2.000000
1.364000,0.595185,-0.769226,-2.000000
1.365000,0.592117,-0.769226,-2.000000
1.366000,0.592117,-0.769226,-2.000000
1.367000,0.589049,-0.769226,-2.000000
1.368000,0.589049,-0.769226,-2.000000
1.369000,0.585981,-0.769226,-2.000000
1.370000,0.585981,-0.769226,-2.000000
1.371000,0.582913,-1.029445,-2.000000
1.372000,0.579845,-1.029445,-2.000000
1.373000,0.579845,-1.029445,-2.000000
1.374000,0.576777,-1.029445,-2.000000
1.375000,0.573709,-1.029445,-2.000000
1.376000,0.573709,-1.898565,-2.000000
1.377000,0.570641,-1.898565,-2.000000
1.378000,0.567573,-1.898565,-2.000000
1.379000,0.564505,-1.898565,-2.000000
1.380000,0.561437,-1.898565,-2.000000
1.381000,0.561437,-1.898565,-2.000000
1.382000,0.555301,-2.447021,-2.000000
1.383000,0.555301,-2.447021,-2.000000
1.384000,0.549165,-2.447021,-2.000000
1.385000,0.546097,-2.876851,-2.000000
1.386000,0.543029,-2.876851,-2.000000
1.387000,0.543029,-2.876851,-2.000000
1.388000,0.533825,-3.245673,-2.000000
1.389000,0.530757,-3.245673,-2.000000
1.390000,0.527689,-3.245673,-2.000000
1.391000,0.524621,-3.245673,-2.000000
1.392000,0.518486,-3.581176,-2.000000
1.393000,0.515418,-3.581176,-2.000000
1.394000,0.512350,-3.581176,-2.000000
1.395000,0.506214,-3.875065,-2.000000
1.396000,0.503146,-3.875065,-2.000000
1.397000,0.500078,-3.875065,-2.000000
1.398000,0.493942,-4.156895,-2.000000
1.399000,0.490874,-4.156895,-2.000000
1.400000,0.490874,-4.156895,2.000000
1.401000,0.481670,-4.416054,2.000000
1.402000,0.481670,-4.416054,2.000000
1.403000,0.472466,-4.382063,2.000000
1.404000,0.466330,-4.382063,2.000000
1.405000,0.463262,-4.382063,2.000000
1.406000,0.457126,-4.653004,2.000000
1.407000,0.457126,-4.653004,2.000000
1.408000,0.450990,-4.602206,2.000000
1.409000,0.444854,-4.395951,2.000000
1.410000,0.441786,-4.395951,2.000000
1.411000,0.438719,-4.364875,2.000000
1.412000,0.432583,-4.192139,2.000000
1.413000,0.429515,-4.192139,2.000000
1.414000,0.426447,-4.192139,2.000000
1.415000,0.423379,-3.989979,2.000000
1.416000,0.417243,-3.989979,2.000000
1.417000,0.417243,-3.989979,2.000000
1.418000,0.411107,-3.771005,2.000000
1.419000,0.408039,-3.771005,2.000000
1.420000,0.408039,-3.771005,2.000000
1.421000,0.401903,-3.692493,2.000000
1.422000,0.398835,-3.499909,2.000000
1.423000,0.395767,-3.499909,2.000000
1.424000,0.392699,-3.499909,2.000000
1.425000,0.389631,-3.324015,2.000000
1.426000,0.386563,-3.251729,2.000000
1.427000,0.383495,-3.251729,2.000000
1.428000,0.380427,-3.251729,2.000000
1.429000,0.380427,-3.251729,2.000000
1.430000,0.374291,-2.913121,2.000000
1.431000,0.371223,-2.913121,2.000000
1.432000,0.371223,-2.913121,2.000000
1.433000,0.368155,-2.913121,2.000000
1.434000,0.365087,-2.913121,2.000000
1.435000,0.365087,-2.359599,2.000000
1.436000,0.362019,-2.519010,2.000000
1.437000,0.358952,-2.519010,2.000000
1.438000,0.358952,-2.519010,2.000000
1.439000,0.355884,-2.519010,2.000000
1.440000,0.355884,-2.519010,2.000000
1.441000,0.352816,-2.486116,2.000000
1.442000,0.349748,-2.071523,2.000000
1.443000,0.349748,-2.071523,2.000000
1.444000,0.346680,-2.071523,2.000000
1.445000,0.346680,-2.071523,2.000000
1.446000,0.346680,-2.071523,2.000000
1.447000,0.343612,-2.071523,2.000000
1.448000,0.343612,-2.005645,2.000000
1.449000,0.343612,-1.723772,2.000000
1.450000,0.340544,-1.511350,2.000000
1.451000,0.340544,-1.346859,2.000000
1.452000,0.340544,-1.346859,2.000000
1.453000,0.340544,-1.103767,2.000000
1.454000,0.340544,-1.012899,2.000000
1.455000,0.337476,-1.453197,2.000000
1.456000,0.337476,-1.453197,2.000000
1.457000,0.337476,-1.453197,2.000000
1.458000,0.337476,-1.453197,2.000000
1.459000,0.337476,-1.453197,2.000000
1.460000,0.337476,-1.453197,2.000000
1.461000,0.337476,-1.453197,2.000000
1.462000,0.337476,-1.453197,2.000000
1.463000,0.337476,-1.453197,2.000000
1.464000,0.337476,-1.324628,2.000000
1.465000,0.337476,-1.195382,2.000000
1.466000,0.340544,1.089664,2.000000
1.467000,0.340544,1.000664,2.000000
1.468000,0.340544,0.925270,2.000000
1.469000,0.340544,0.860179,2.000000
1.470000,0.340544,0.803661,2.000000
1.471000,0.343612,0.754292,2.000000
1.472000,0.343612,0.710841,2.000000
1.473000,0.343612,0.671898,2.000000
1.474000,0.343612,0.671898,2.000000
1.475000,0.346680,0.659177,2.000000
1.476000,0.349748,0.659177,2.000000
1.477000,0.349748,0.659177,2.000000
1.478000,0.349748,0.659177,2.000000
1.479000,0.352816,0.659177,2.000000
1.480000,0.352816,0.659177,2.000000
1.481000,0.355884,0.659177,2.000000
1.482000,0.358952,0.960067,2.000000
1.483000,0.358952,0.960067,2.000000
1.484000,0.362019,0.960067,2.000000
1.485000,0.362019,0.960067,2.000000
1.486000,0.362019,0.960067,2.000000
1.487000,0.368155,0.960067,2.000000
1.488000,0.368155,0.960067,2.000000
1.489000,0.371223,1.754642,2.000000
1.490000,0.374291,1.754642,2.000000
1.491000,0.377359,1.754642,2.000000
1.492000,0.380427,1.754642,2.000000
1.493000,0.380427,1.754642,2.000000
1.494000,0.383495,2.227762,2.000000
1.495000,0.386563,2.227762,2.000000
1.496000,0.386563,2.227762,2.000000
1.497000,0.392699,2.227762,2.000000
1.498000,0.392699,2.227762,2.000000
1.499000,0.398835,2.589331,2.000000
1.500000,0.401903,2.589331,2.000000
1.501000,0.404971,2.589331,-2.000000
1.502000,0.408039,2.878050,-2.000000
1.503000,0.411107,2.878050,-2.000000
1.504000,0.414175,2.878050,-2.000000
1.505000,0.417243,2.878050,-2.000000
1.506000,0.420311,2.952210,-2.000000
1.507000,0.420311,2.952210,-2.000000
1.508000,0.423379,2.952210,-2.000000
1.509000,0.426447,2.952210,-2.000000
1.510000,0.429515,2.952210,-2.000000
1.511000,0.432583,2.674819,-2.000000
1.512000,0.432583,2.674819,-2.000000
1.513000,0.435651,2.674819,-2.000000
1.514000,0.438719,2.674819,-2.000000
1.515000,0.438719,2.674819,-2.000000
1.516000,0.441786,2.356628,-2.000000
1.517000,0.444854,2.286295,-2.000000
1.518000,0.444854,2.286295,-2.000000
1.519000,0.447922,2.286295,-2.000000
1.520000,0.447922,2.286295,-2.000000
1.521000,0.447922,2.286295,-2.000000
1.522000,0.450990,2.286295,-2.000000
1.523000,0.450990,2.033919,-2.000000
1.524000,0.454058,1.743342,-2.000000
1.525000,0.454058,1.527191,-2.000000
1.526000,0.454058,1.357908,-2.000000
1.527000,0.457126,1.665654,-2.000000
1.528000,0.457126,1.665654,-2.000000
1.529000,0.457126,1.665654,-2.000000
1.530000,0.457126,1.665654,-2.000000
1.531000,0.457126,1.665654,-2.000000
1.532000,0.457126,1.665654,-2.000000
1.533000,0.457126,1.665654,-2.000000
1.534000,0.457126,1.665654,-2.000000
1.535000,0.457126,1.486981,-2.000000
1.536000,0.457126,1.327438,-2.000000
1.537000,0.457126,1.197145,-2.000000
1.538000,0.457126,1.090560,-2.000000
1.539000,0.457126,1.001744,-2.000000
1.540000,0.457126,1.001744,-2.000000
1.541000,0.457126,0.861519,-2.000000
1.542000,0.457126,0.804655,-2.000000
1.543000,0.457126,0.755245,-2.000000
1.544000,0.454058,-0.711430,-2.000000
1.545000,0.454058,-0.672356,-2.000000
1.546000,0.454058,-0.637625,-2.000000
1.547000,0.454058,-0.605886,-2.000000
1.548000,0.450990,-0.577529,-2.000000
1.549000,0.450990,-0.551480,-2.000000
1.550000,0.447922,-0.538175,-2.000000
1.551000,0.447922,-0.538175,-2.000000
1.552000,0.444854,-0.538175,-2.000000
1.553000,0.444854,-0.538175,-2.000000
1.554000,0.441786,-0.538175,-2.000000
1.555000,0.441786,-0.538175,-2.000000
1.556000,0.438719,-0.538175,-2.000000
1.557000,0.438719,-0.538175,-2.000000
1.558000,0.435651,-1.225925,-2.000000
1.559000,0.432583,-1.225925,-2.000000
1.560000,0.432583,-1.225925,-2.000000
1.561000,0.429515,-1.225925,-2.000000
1.562000,0.429515,-1.225925,-2.000000
1.563000,0.423379,-1.944123,-2.000000
1.564000,0.423379,-1.944123,-2.000000
1.565000,0.423379,-1.944123,-2.000000
1.566000,0.417243,-1.944123,-2.000000
1.567000,0.414175,-1.944123,-2.000000
1.568000,0.411107,-2.407267,-2.000000
1.569000,0.408039,-2.407267,-2.000000
1.570000,0.404971,-2.407267,-2.000000
1.571000,0.401903,-2.407267,-2.000000
1.572000,0.398835,-2.765850,-2.000000
1.573000,0.398835,-2.765850,-2.000000
1.574000,0.392699,-2.765850,-2.000000
1.575000,0.389631,-2.765850,-2.000000
1.576000,0.386563,-3.105999,-2.000000
1.577000,0.383495,-3.105999,-2.000000
1.578000,0.380427,-3.105999,-2.000000
1.579000,0.377359,-3.105999,-2.000000
1.580000,0.371223,-3.384183,-2.000000
1.581000,0.368155,-3.384183,-2.000000
1.582000,0.365087,-3.384183,-2.000000
1.583000,0.362019,-3.621334,-2.000000
1.584000,0.355884,-3.621334,-2.000000
1.585000,0.352816,-3.621334,-2.000000
1.586000,0.349748,-3.869855,-2.000000
1.587000,0.343612,-3.869855,-2.000000
1.588000,0.343612,-3.869855,-2.000000
1.589000,0.337476,-4.064815,-2.000000
1.590000,0.337476,-4.064815,-2.000000
1.591000,0.328272,-4.064815,-2.000000
1.592000,0.322136,-4.238797,-2.000000
1.593000,0.319068,-4.238797,-2.000000
1.594000,0.312932,-4.407023,-2.000000
1.595000,0.309864,-4.407023,-2.000000
1.596000,0.303728,-4.407023,-2.000000
1.597000,0.300660,-4.554359,-2.000000
1.598000,0.294524,-4.554359,-2.000000
1.599000,0.291456,-4.554359,-2.000000
1.600000,0.285320,-4.694437,2.000000
1.601000,0.282252,-4.694437,2.000000
1.602000,0.276117,-4.810078,2.000000
1.603000,0.273049,-4.810078,2.000000
1.604000,0.266913,-4.810078,2.000000
1.605000,0.263845,-4.436698,2.000000
1.606000,0.257709,-4.436698,2.000000
1.607000,0.254641,-4.436698,2.000000
1.608000,0.251573,-4.524600,2.000000
1.609000,0.245437,-4.524600,2.000000
1.610000,0.242369,-4.524600,2.000000
1.611000,0.239301,-4.096989,2.000000
1.612000,0.236233,-4.096989,2.000000
1.613000,0.230097,-4.096989,2.000000
1.614000,0.227029,-3.763023,2.000000
1.615000,0.223961,-3.763023,2.000000
1.616000,0.220893,-3.763023,2.000000
1.617000,0.217825,-3.763023,2.000000
1.618000,0.214757,-3.474830,2.000000
1.619000,0.211689,-3.474830,2.000000
1.620000,0.208621,-3.474830,2.000000
1.621000,0.205553,-3.474830,2.000000
1.622000,0.202485,-3.037356,2.000000
1.623000,0.202485,-3.037356,2.000000
1.624000,0.199418,-3.037356,2.000000
1.625000,0.196350,-3.037356,2.000000
1.626000,0.193282,-3.037356,2.000000
1.627000,0.193282,-2.455058,2.000000
1.628000,0.190214,-2.554247,2.000000
1.629000,0.187146,-2.554247,2.000000
1.630000,0.187146,-2.554247,2.000000
1.631000,0.184078,-2.554247,2.000000
1.632000,0.184078,-2.554247,2.000000
1.633000,0.181010,-2.166379,2.000000
1.634000,0.181010,-1.841145,2.000000
1.635000,0.177942,-1.994224,2.000000
1.636000,0.177942,-1.994224,2.000000
1.637000,0.177942,-1.994224,2.000000
1.638000,0.174874,-1.994224,2.000000
1.639000,0.174874,-1.994224,2.000000
1.640000,0.174874,-1.994224,2.000000
1.641000,0.174874,-1.989030,2.000000
1.642000,0.171806,-1.710676,2.000000
1.643000,0.171806,-1.501222,2.000000
1.644000,0.171806,-1.338003,2.000000
1.645000,0.171806,-1.206396,2.000000
1.646000,0.171806,-1.098372,2.000000
1.647000,0.171806,-1.008105,2.000000
1.648000,0.171806,-0.931802,2.000000
1.649000,0.171806,-0.865911,2.000000
1.650000,0.171806,-0.808954,2.000000
1.651000,0.171806,-0.808954,2.000000
1.652000,0.171806,-0.714645,2.000000
1.653000,0.171806,-0.675426,2.000000
1.654000,0.171806,-0.640121,2.000000
1.655000,0.174874,-1.122799,2.000000
1.656000,0.174874,-1.122799,2.000000
1.657000,0.174874,-1.122799,2.000000
1.658000,0.177942,-1.122799,2.000000
1.659000,0.177942,-1.122799,2.000000
1.660000,0.177942,-1.122799,2.000000
1.661000,0.181010,-1.122799,2.000000
1.662000,0.181010,-1.122799,2.000000
1.663000,0.184078,-1.122799,2.000000
1.664000,0.184078,-1.122799,2.000000
1.665000,0.187146,0.647643,2.000000
1.666000,0.187146,0.647643,2.000000
1.667000,0.190214,0.647643,2.000000
1.668000,0.190214,0.647643,2.000000
1.669000,0.193282,0.647643,2.000000
1.670000,0.196350,0.647643,2.000000
1.671000,0.196350,0.647643,2.000000
1.672000,0.199418,1.605413,2.000000
1.673000,0.199418,1.605413,2.000000
1.674000,0.205553,1.605413,2.000000
1.675000,0.208621,1.605413,2.000000
1.676000,0.208621,1.605413,2.000000
1.677000,0.211689,2.234704,2.000000
1.678000,0.214757,2.234704,2.000000
1.679000,0.217825,2.234704,2.000000
1.680000,0.220893,2.234704,2.000000
1.681000,0.223961,2.713051,2.000000
1.682000,0.227029,2.713051,2.000000
1.683000,0.230097,2.713051,2.000000
1.684000,0.230097,2.713051,2.000000
1.685000,0.239301,3.089891,2.000000
1.686000,0.242369,3.089891,2.000000
1.687000,0.245437,3.089891,2.000000
1.688000,0.248505,3.429966,2.000000
1.689000,0.251573,3.429966,2.000000
1.690000,0.257709,3.429966,2.000000
1.691000,0.260777,3.759133,2.000000
1.692000,0.263845,3.759133,2.000000
1.693000,0.269981,3.759133,2.000000
1.694000,0.273049,4.020389,2.000000
1.695000,0.273049,4.020389,2.000000
1.696000,0.282252,4.020389,2.000000
1.697000,0.285320,4.263690,2.000000
1.698000,0.291456,4.263690,2.000000
1.699000,0.294524,4.263690,2.000000
1.700000,0.300660,4.518191,2.000000
1.701000,0.306796,4.518191,-2.000000
1.702000,0.309864,4.723726,-2.000000
1.703000,0.316000,4.723726,-2.000000
1.704000,0.319068,4.723726,-2.000000
1.705000,0.325204,4.647546,-2.000000
1.706000,0.325204,4.647546,-2.000000
1.707000,0.328272,4.647546,-2.000000
1.708000,0.337476,4.720344,-2.000000
1.709000,0.340544,4.720344,-2.000000
1.710000,0.346680,4.411050,-2.000000
1.711000,0.349748,4.411050,-2.000000
1.712000,0.352816,4.411050,-2.000000
1.713000,0.358952,4.246538,-2.000000
1.714000,0.362019,4.246538,-2.000000
1.715000,0.365087,4.246538,-2.000000
1.716000,0.371223,3.953559,-2.000000
1.717000,0.371223,3.953559,-2.000000
1.718000,0.377359,3.953559,-2.000000
1.719000,0.377359,3.953559,-2.000000
1.720000,0.383495,3.666689,-2.000000
1.721000,0.383495,3.666689,-2.000000
1.722000,0.389631,3.666689,-2.000000
1.723000,0.392699,3.464299,-2.000000
1.724000,0.395767,3.320529,-2.000000
1.725000,0.398835,3.320529,-2.000000
1.726000,0.401903,3.320529,-2.000000
1.727000,0.404971,3.320529,-2.000000
1.728000,0.408039,2.942830,-2.000000
1.729000,0.408039,2.942830,-2.000000
1.730000,0.411107,2.942830,-2.000000
1.731000,0.414175,2.942830,-2.000000
1.732000,0.417243,2.937596,-2.000000
1.733000,0.417243,2.373646,-2.000000
1.734000,0.420311,2.482623,-2.000000
1.735000,0.420311,2.482623,-2.000000
1.736000,0.423379,2.482623,-2.000000
1.737000,0.426447,2.482623,-2.000000
1.738000,0.426447,2.482623,-2.000000
1.739000,0.426447,2.482623,-2.000000
1.740000,0.429515,2.176926,-2.000000
1.741000,0.429515,1.607224,-2.000000
1.742000,0.432583,1.931860,-2.000000
1.743000,0.432583,1.931860,-2.000000
1.744000,0.432583,1.931860,-2.000000
1.745000,0.435651,1.931860,-2.000000
1.746000,0.435651,1.931860,-2.000000
1.747000,0.435651,1.931860,-2.000000
1.748000,0.435651,1.779499,-2.000000
1.749000,0.438719,1.555178,-2.000000
1.750000,0.438719,1.555178,-2.000000
1.751000,0.438719,1.240532,-2.000000
1.752000,0.438719,1.126853,-2.000000
1.753000,0.438719,1.032273,-2.000000
1.754000,0.438719,0.952476,-2.000000
1.755000,0.438719,0.883157,-2.000000
1.756000,0.438719,0.824037,-2.000000
1.757000,0.438719,0.772349,-2.000000
1.758000,0.438719,0.726518,-2.000000
1.759000,0.435651,1.036688,-2.000000
1.760000,0.435651,1.036688,-2.000000
1.761000,0.435651,1.036688,-2.000000
1.762000,0.435651,1.036688,-2.000000
1.763000,0.435651,1.036688,-2.000000
1.764000,0.435651,1.036688,-2.000000
1.765000,0.432583,1.036688,-2.000000
1.766000,0.432583,1.036688,-2.000000
1.767000,0.429515,1.036688,-2.000000
1.768000,0.429515,1.036688,-2.000000
1.769000,0.426447,1.036688,-2.000000
1.770000,0.426447,1.036688,-2.000000
1.771000,0.423379,-0.704096,-2.000000
1.772000,0.423379,-0.704096,-2.000000
1.773000,0.420311,-0.704096,-2.000000
1.774000,0.420311,-0.704096,-2.000000
1.775000,0.417243,-0.704096,-2.000000
1.776000,0.414175,-0.704096,-2.000000
1.777000,0.411107,-1.552018,-2.000000
1.778000,0.411107,-1.552018,-2.000000
1.779000,0.408039,-1.552018,-2.000000
1.780000,0.404971,-1.552018,-2.000000
1.781000,0.401903,-1.552018,-2.000000
1.782000,0.401903,-1.552018,-2.000000
1.783000,0.398835,-2.162488,-2.000000
1.784000,0.395767,-2.162488,-2.000000
1.785000,0.392699,-2.162488,-2.000000
1.786000,0.389631,-2.162488,-2.000000
1.787000,0.386563,-2.633883,-2.000000
1.788000,0.383495,-2.633883,-2.000000
1.789000,0.380427,-2.633883,-2.000000
1.790000,0.377359,-2.633883,-2.000000
1.791000,0.377359,-2.633883,-2.000000
1.792000,0.371223,-3.007028,-2.000000
1.793000,0.365087,-3.007028,-2.000000
1.794000,0.362019,-3.325491,-2.000000
1.795000,0.358952,-3.325491,-2.000000
1.796000,0.355884,-3.325491,-2.000000
1.797000,0.355884,-3.325491,-2.000000
1.798000,0.346680,-3.646186,-2.000000
1.799000,0.343612,-3.646186,-2.000000
1.800000,0.340544,-3.646186,-2.000000
1.801000,0.334408,-3.922423,2.000000
1.802000,0.331340,-3.922423,2.000000
1.803000,0.328272,-3.922423,2.000000
1.804000,0.322136,-4.162437,2.000000
1.805000,0.322136,-4.162437,2.000000
1.806000,0.316000,-4.162437,2.000000
1.807000,0.316000,-4.162437,2.000000
1.808000,0.306796,-3.991962,2.000000
1.809000,0.303728,-3.991962,2.000000
1.810000,0.300660,-3.870651,2.000000
1.811000,0.297592,-3.870651,2.000000
1.812000,0.297592,-3.870651,2.000000
1.813000,0.288388,-3.626298,2.000000
1.814000,0.288388,-3.626298,2.000000
1.815000,0.282252,-3.626298,2.000000
1.816000,0.282252,-3.626298,2.000000
1.817000,0.276117,-3.374154,2.000000
1.818000,0.273049,-3.374154,2.000000
1.819000,0.269981,-3.374154,2.000000
1.820000,0.266913,-3.374154,2.000000
1.821000,0.266913,-2.894038,2.000000
1.822000,0.263845,-3.038077,2.000000
1.823000,0.260777,-3.038077,2.000000
1.824000,0.257709,-3.038077,2.000000
1.825000,0.254641,-3.038077,2.000000
1.826000,0.254641,-2.489688,2.000000
1.827000,0.251573,-2.688778,2.000000
1.828000,0.248505,-2.688778,2.000000
1.829000,0.248505,-2.688778,2.000000
1.830000,0.245437,-2.688778,2.000000
1.831000,0.245437,-2.688778,2.000000
1.832000,0.242369,-2.052205,2.000000
1.833000,0.239301,-2.225294,2.000000
1.834000,0.239301,-2.225294,2.000000
1.835000,0.239301,-2.225294,2.000000
1.836000,0.236233,-2.225294,2.000000
1.837000,0.233165,-2.225294,2.000000
1.838000,0.233165,-2.121179,2.000000
1.839000,0.233165,-2.121179,2.000000
1.840000,0.230097,-1.574923,2.000000
1.841000,0.230097,-1.395535,2.000000
1.842000,0.227029,-1.653813,2.000000
1.843000,0.227029,-1.653813,2.000000
1.844000,0.227029,-1.653813,2.000000
1.845000,0.227029,-1.653813,2.000000
1.846000,0.227029,-1.653813,2.000000
1.847000,0.223961,-1.653813,2.000000
1.848000,0.223961,-1.653813,2.000000
1.849000,0.223961,-1.653813,2.000000
1.850000,0.223961,-1.485728,2.000000
1.851000,0.223961,-1.485728,2.000000
1.852000,0.223961,-1.196879,2.000000
1.853000,0.223961,-1.090350,2.000000
1.854000,0.223961,-1.001560,2.000000
1.855000,0.223961,-1.001560,2.000000
1.856000,0.223961,-0.860968,2.000000
1.857000,0.223961,-0.860968,2.000000
1.858000,0.223961,-0.754985,2.000000
1.859000,0.223961,-0.754985,2.000000
1.860000,0.227029,0.672081,2.000000
1.861000,0.227029,0.672081,2.000000
1.862000,0.227029,0.605813,2.000000
1.863000,0.227029,0.605813,2.000000
1.864000,0.230097,0.551340,2.000000
1.865000,0.230097,0.551340,2.000000
1.866000,0.233165,0.505971,2.000000
1.867000,0.233165,0.505971,2.000000
1.868000,0.236233,0.470110,2.000000
1.869000,0.236233,0.470110,2.000000
1.870000,0.236233,0.470110,2.000000
1.871000,0.239301,0.470110,2.000000
1.872000,0.239301,0.470110,2.000000
1.873000,0.239301,0.470110,2.000000
1.874000,0.242369,0.470110,2.000000
1.875000,0.245437,0.470110,2.000000
1.876000,0.245437,0.470110,2.000000
1.877000,0.248505,1.258735,2.000000
1.878000,0.248505,1.258735,2.000000
1.879000,0.254641,1.258735,2.000000
1.880000,0.254641,1.258735,2.000000
1.881000,0.257709,1.258735,2.000000
1.882000,0.257709,1.258735,2.000000
1.883000,0.263845,1.902145,2.000000
1.884000,0.263845,1.902145,2.000000
1.885000,0.266913,1.902145,2.000000
1.886000,0.269981,1.902145,2.000000
1.887000,0.273049,2.328415,2.000000
1.888000,0.276117,2.328415,2.000000
1.889000,0.279185,2.328415,2.000000
1.890000,0.282252,2.328415,2.000000
1.891000,0.282252,2.328415,2.000000
1.892000,0.288388,2.666456,2.000000
1.893000,0.288388,2.666456,2.000000
1.894000,0.294524,2.666456,2.000000
1.895000,0.294524,2.666456,2.000000
1.896000,0.300660,2.972671,2.000000
1.897000,0.300660,2.972671,2.000000
1.898000,0.306796,2.972671,2.000000
1.899000,0.306796,2.972671,2.000000
1.900000,0.312932,3.224177,-2.000000
1.901000,0.316000,3.224177,-2.000000
1.902000,0.322136,3.449355,-2.000000
1.903000,0.325204,3.449355,-2.000000
1.904000,0.328272,3.449355,-2.000000
1.905000,0.331340,3.449355,-2.000000
1.906000,0.334408,3.336390,-2.000000
1.907000,0.334408,3.336390,-2.000000
1.908000,0.337476,3.336390,-2.000000
1.909000,0.343612,3.336390,-2.000000
1.910000,0.343612,3.336390,-2.000000
1.911000,0.346680,3.021165,-2.000000
1.912000,0.346680,3.021165,-2.000000
1.913000,0.352816,3.021165,-2.000000
1.914000,0.352816,3.021165,-2.000000
1.915000,0.355884,2.429888,-2.000000
1.916000,0.355884,2.429888,-2.000000
1.917000,0.362019,2.639446,-2.000000
1.918000,0.362019,2.639446,-2.000000
1.919000,0.365087,2.639446,-2.000000
1.920000,0.365087,2.491212,-2.000000
1.921000,0.368155,2.070538,-2.000000
1.922000,0.371223,2.123147,-2.000000
1.923000,0.371223,2.123147,-2.000000
1.924000,0.371223,2.123147,-2.000000
1.925000,0.371223,2.123147,-2.000000
1.926000,0.374291,2.123147,-2.000000
1.927000,0.374291,2.123147,-2.000000
1.928000,0.377359,1.981332,-2.000000
1.929000,0.377359,1.981332,-2.000000
1.930000,0.377359,1.498976,-2.000000
1.931000,0.377359,1.498976,-2.000000
1.932000,0.380427,1.203944,-2.000000
1.933000,0.380427,1.203944,-2.000000
1.934000,0.380427,1.006321,-2.000000
1.935000,0.380427,1.006321,-2.000000
1.936000,0.380427,0.864990,-2.000000
1.937000,0.380427,0.807842,-2.000000
1.938000,0.380427,0.758034,-2.000000
1.939000,0.380427,0.758034,-2.000000
1.940000,0.380427,0.674769,-2.000000
1.941000,0.380427,0.674769,-2.000000
1.942000,0.380427,0.607713,-2.000000
1.943000,0.380427,0.607713,-2.000000
1.944000,0.377359,-0.552904,-2.000000
1.945000,0.377359,-0.552904,-2.000000
1.946000,0.377359,-0.507304,-2.000000
1.947000,0.377359,-0.487104,-2.000000
1.948000,0.374291,-1.402412,-2.000000
1.949000,0.374291,-1.402412,-2.000000
1.950000,0.374291,-1.402412,-2.000000
1.951000,0.374291,-1.402412,-2.000000
1.952000,0.371223,-1.402412,-2.000000
1.953000,0.368155,-1.402412,-2.000000
1.954000,0.368155,-1.402412,-2.000000
1.955000,0.365087,-1.402412,-2.000000
1.956000,0.365087,-1.402412,-2.000000
1.957000,0.365087,-1.402412,-2.000000
1.958000,0.358952,-0.477316,-2.000000
1.959000,0.358952,-0.477316,-2.000000
1.960000,0.355884,-0.477316,-2.000000
1.961000,0.352816,-0.477316,-2.000000
1.962000,0.352816,-0.477316,-2.000000
1.963000,0.349748,-1.779234,-2.000000
1.964000,0.349748,-1.779234,-2.000000
1.965000,0.343612,-1.779234,-2.000000
1.966000,0.343612,-1.779234,-2.000000
1.967000,0.340544,-1.779234,-2.000000
1.968000,0.340544,-1.779234,-2.000000
1.969000,0.334408,-2.324751,-2.000000
1.970000,0.331340,-2.324751,-2.000000
1.971000,0.328272,-2.324751,-2.000000
1.972000,0.325204,-2.742116,-2.000000
1.973000,0.322136,-2.742116,-2.000000
1.974000,0.322136,-2.742116,-2.000000
1.975000,0.316000,-2.742116,-2.000000
1.976000,0.309864,-3.097072,-2.000000
1.977000,0.309864,-3.097072,-2.000000
1.978000,0.303728,-3.097072,-2.000000
1.979000,0.303728,-3.097072,-2.000000
1.980000,0.297592,-3.404433,-2.000000
1.981000,0.297592,-3.404433,-2.000000
1.982000,0.288388,-3.680480,-2.000000
1.983000,0.288388,-3.680480,-2.000000
1.984000,0.282252,-3.680480,-2.000000
1.985000,0.282252,-3.680480,-2.000000
1.986000,0.273049,-3.916390,-2.000000
1.987000,0.266913,-3.916390,-2.000000
1.988000,0.263845,-4.140241,-2.000000
1.989000,0.263845,-4.140241,-2.000000
1.990000,0.254641,-4.140241,-2.000000
1.991000,0.254641,-4.140241,-2.000000
1.992000,0.245437,-4.351354,-2.000000
1.993000,0.242369,-4.351354,-2.000000
1.994000,0.242369,-4.351354,-2.000000
1.995000,0.233165,-4.512653,-2.000000
1.996000,0.227029,-4.691795,-2.000000
1.997000,0.223961,-4.691795,-2.000000
1.998000,0.223961,-4.691795,-2.000000
1.999000,0.211689,-4.863508,-2.000000
2.000000,0.211689,-4.863508,-2.000000
2.001000,0.202485,-4.989992,2.000000
2.002000,0.202485,-4.989992,2.000000
2.003000,0.193282,-4.989992,2.000000
2.004000,0.193282,-4.989992,2.000000
2.005000,0.184078,-4.902039,2.000000
2.006000,0.177942,-4.957292,2.000000
2.007000,0.174874,-4.957292,2.000000
2.008000,0.168738,-4.957292,2.000000
2.009000,0.165670,-4.699006,2.000000
2.010000,0.165670,-4.699006,2.000000
2.011000,0.156466,-4.699006,2.000000
2.012000,0.150330,-4.459899,2.000000
2.013000,0.150330,-4.459899,2.000000
2.014000,0.144194,-4.459899,2.000000
2.015000,0.141126,-4.124702,2.000000
2.016000,0.141126,-4.124702,2.000000
2.017000,0.131922,-4.124702,2.000000
2.018000,0.128854,-3.817307,2.000000
2.019000,0.125786,-3.817307,2.000000
2.020000,0.125786,-3.817307,2.000000
2.021000,0.122718,-3.817307,2.000000
2.022000,0.116583,-3.459660,2.000000
2.023000,0.113515,-3.459660,2.000000
2.024000,0.110447,-3.459660,2.000000
2.025000,0.110447,-3.459660,2.000000
2.026000,0.107379,-3.459660,2.000000
2.027000,0.101243,-3.059940,2.000000
2.028000,0.101243,-3.059940,2.000000
2.029000,0.098175,-3.059940,2.000000
2.030000,0.098175,-3.059940,2.000000
2.031000,0.095107,-2.344497,2.000000
2.032000,0.095107,-2.344497,2.000000
2.033000,0.088971,-2.580634,2.000000
2.034000,0.088971,-2.580634,2.000000
2.035000,0.088971,-2.580634,2.000000
2.036000,0.085903,-2.483174,2.000000
2.037000,0.085903,-2.483174,2.000000
2.038000,0.082835,-1.767588,2.000000
2.039000,0.082835,-1.767588,2.000000
2.040000,0.079767,-2.003394,2.000000
2.041000,0.079767,-2.003394,2.000000
2.042000,0.076699,-2.003394,2.000000
2.043000,0.076699,-2.003394,2.000000
2.044000,0.076699,-2.003394,2.000000
2.045000,0.076699,-2.003394,2.000000
2.046000,0.076699,-1.893605,2.000000
2.047000,0.073631,-1.639547,2.000000
2.048000,0.073631,-1.446358,2.000000
2.049000,0.073631,-1.294481,2.000000
2.050000,0.073631,-1.068644,2.000000
2.051000,0.073631,-0.983121,2.000000
2.052000,0.073631,-0.910527,2.000000
2.053000,0.073631,-0.910527,2.000000
2.054000,0.073631,-0.792854,2.000000
2.055000,0.073631,-0.744709,2.000000
2.056000,0.073631,-0.744709,2.000000
2.057000,0.073631,-0.701877,2.000000
2.058000,0.076699,-1.131601,2.000000
2.059000,0.076699,-1.131601,2.000000
2.060000,0.076699,-1.131601,2.000000
2.061000,0.076699,-1.131601,2.000000
2.062000,0.076699,-1.131601,2.000000
2.063000,0.079767,-1.131601,2.000000
2.064000,0.079767,-1.131601,2.000000
2.065000,0.082835,-1.131601,2.000000
2.066000,0.082835,-1.131601,2.000000
2.067000,0.085903,-1.131601,2.000000
2.068000,0.085903,-1.131601,2.000000
2.069000,0.088971,0.642095,2.000000
2.070000,0.088971,0.642095,2.000000
2.071000,0.092039,0.642095,2.000000
2.072000,0.092039,0.642095,2.000000
2.073000,0.095107,0.642095,2.000000
2.074000,0.095107,0.642095,2.000000
2.075000,0.098175,0.642095,2.000000
2.076000,0.101243,1.623275,2.000000
2.077000,0.101243,1.623275,2.000000
2.078000,0.107379,1.623275,2.000000
2.079000,0.107379,1.623275,2.000000
2.080000,0.113515,2.264497,2.000000
2.081000,0.113515,2.264497,2.000000
2.082000,0.119651,2.264497,2.000000
2.083000,0.119651,2.264497,2.000000
2.084000,0.125786,2.729689,2.000000
2.085000,0.125786,2.729689,2.000000
2.086000,0.131922,2.729689,2.000000
2.087000,0.131922,2.729689,2.000000
2.088000,0.138058,3.108677,2.000000
2.089000,0.138058,3.108677,2.000000
2.090000,0.144194,3.108677,2.000000
2.091000,0.144194,3.108677,2.000000
2.092000,0.156466,3.450998,2.000000
2.093000,0.156466,3.450998,2.000000
2.094000,0.162602,3.450998,2.000000
2.095000,0.162602,3.450998,2.000000
2.096000,0.171806,3.746763,2.000000
2.097000,0.171806,3.746763,2.000000
2.098000,0.181010,4.023062,2.000000
2.099000,0.181010,4.023062,2.000000
2.100000,0.190214,4.283637,2.000000
2.101000,0.190214,4.283637,-2.000000
2.102000,0.196350,4.283637,-2.000000
2.103000,0.196350,4.283637,-2.000000
2.104000,0.205553,4.502237,-2.000000
2.105000,0.211689,4.502237,-2.000000
2.106000,0.211689,4.502237,-2.000000
2.107000,0.220893,4.244213,-2.000000
2.108000,0.223961,4.244213,-2.000000
2.109000,0.227029,4.416760,-2.000000
2.110000,0.233165,4.416760,-2.000000
2.111000,0.236233,4.416760,-2.000000
2.112000,0.239301,4.090010,-2.000000
2.113000,0.239301,4.090010,-2.000000
2.114000,0.245437,4.090010,-2.000000
2.115000,0.245437,4.090010,-2.000000
2.116000,0.254641,3.787380,-2.000000
2.117000,0.257709,3.787380,-2.000000
2.118000,0.260777,3.787380,-2.000000
2.119000,0.260777,3.787380,-2.000000
2.120000,0.266913,3.585143,-2.000000
2.121000,0.266913,3.585143,-2.000000
2.122000,0.273049,3.494331,-2.000000
2.123000,0.276117,3.218083,-2.000000
2.124000,0.276117,3.218083,-2.000000
2.125000,0.279185,3.218083,-2.000000
2.126000,0.285320,3.218083,-2.000000
2.127000,0.285320,2.706934,-2.000000
2.128000,0.288388,2.855606,-2.000000
2.129000,0.288388,2.855606,-2.000000
2.130000,0.294524,2.855606,-2.000000
2.131000,0.294524,2.855606,-2.000000
2.132000,0.294524,2.855606,-2.000000
2.133000,0.300660,2.394864,-2.000000
2.134000,0.300660,2.394864,-2.000000
2.135000,0.300660,2.394864,-2.000000
2.136000,0.303728,2.394864,-2.000000
2.137000,0.306796,2.394864,-2.000000
2.138000,0.306796,2.383738,-2.000000
2.139000,0.306796,2.383738,-2.000000
2.140000,0.309864,1.997213,-2.000000
2.141000,0.309864,1.506043,-2.000000
2.142000,0.312932,1.834094,-2.000000
2.143000,0.312932,1.834094,-2.000000
2.144000,0.312932,1.834094,-2.000000
2.145000,0.316000,1.834094,-2.000000
2.146000,0.316000,1.834094,-2.000000
2.147000,0.316000,1.834094,-2.000000
2.148000,0.316000,1.788135,-2.000000
2.149000,0.316000,1.559697,-2.000000
2.150000,0.316000,1.559697,-2.000000
2.151000,0.316000,1.244593,-2.000000
2.152000,0.316000,1.129087,-2.000000
2.153000,0.319068,1.033795,-2.000000
2.154000,0.319068,1.033795,-2.000000
2.155000,0.319068,0.884738,-2.000000
2.156000,0.316000,0.789440,-2.000000
2.157000,0.316000,0.789440,-2.000000
2.158000,0.316000,0.789440,-2.000000
2.159000,0.316000,0.789440,-2.000000
2.160000,0.316000,0.789440,-2.000000
2.161000,0.316000,0.789440,-2.000000
2.162000,0.312932,0.789440,-2.000000
2.163000,0.312932,0.789440,-2.000000
2.164000,0.312932,0.789440,-2.000000
2.165000,0.309864,0.789440,-2.000000
2.166000,0.309864,0.789440,-2.000000
2.167000,0.309864,0.789440,-2.000000
2.168000,0.306796,0.789440,-2.000000
2.169000,0.306796,0.789440,-2.000000
2.170000,0.306796,0.789440,-2.000000
2.171000,0.303728,-0.977914,-2.000000
2.172000,0.303728,-0.977914,-2.000000
2.173000,0.300660,-0.977914,-2.000000
2.174000,0.300660,-0.977914,-2.000000
2.175000,0.294524,-0.977914,-2.000000
2.176000,0.294524,-0.977914,-2.000000
2.177000,0.291456,-1.456234,-2.000000
2.178000,0.291456,-1.456234,-2.000000
2.179000,0.288388,-1.456234,-2.000000
2.180000,0.285320,-1.456234,-2.000000
2.181000,0.285320,-1.456234,-2.000000
2.182000,0.282252,-1.456234,-2.000000
2.183000,0.276117,-2.085517,-2.000000
2.184000,0.276117,-2.085517,-2.000000
2.185000,0.269981,-2.085517,-2.000000
2.186000,0.266913,-2.545051,-2.000000
2.187000,0.266913,-2.545051,-2.000000
2.188000,0.263845,-2.545051,-2.000000
2.189000,0.260777,-2.545051,-2.000000
2.190000,0.257709,-2.545051,-2.000000
2.191000,0.251573,-2.929492,-2.000000
2.192000,0.251573,-2.929492,-2.000000
2.193000,0.248505,-2.929492,-2.000000
2.194000,0.242369,-3.234244,-2.000000
2.195000,0.239301,-3.234244,-2.000000
2.196000,0.233165,-3.234244,-2.000000
2.197000,0.233165,-3.234244,-2.000000
2.198000,0.227029,-3.535225,-2.000000
2.199000,0.223961,-3.535225,-2.000000
2.200000,0.223961,-3.535225,2.000000
2.201000,0.214757,-3.812530,2.000000
2.202000,0.211689,-3.812530,2.000000
2.203000,0.208621,-3.812530,2.000000
2.204000,0.202485,-3.878501,2.000000
2.205000,0.202485,-3.878501,2.000000
2.206000,0.196350,-3.878501,2.000000
2.207000,0.193282,-3.829699,2.000000
2.208000,0.190214,-3.829699,2.000000
2.209000,0.187146,-3.829699,2.000000
2.210000,0.187146,-3.829699,2.000000
2.211000,0.181010,-3.523608,2.000000
2.212000,0.177942,-3.523608,2.000000
2.213000,0.171806,-3.523608,2.000000
2.214000,0.168738,-3.134126,2.000000
2.215000,0.168738,-3.134126,2.000000
2.216000,0.165670,-3.274105,2.000000
2.217000,0.162602,-3.274105,2.000000
2.218000,0.162602,-3.274105,2.000000
2.219000,0.159534,-3.075008,2.000000
2.220000,0.153398,-2.934201,2.000000
2.221000,0.153398,-2.934201,2.000000
2.222000,0.153398,-2.934201,2.000000
2.223000,0.147262,-2.703455,2.000000
2.224000,0.144194,-2.555585,2.000000
2.225000,0.144194,-2.555585,2.000000
2.226000,0.141126,-2.555585,2.000000
2.227000,0.138058,-2.555585,2.000000
2.228000,0.138058,-2.555585,2.000000
2.229000,0.138058,-2.555585,2.000000
2.230000,0.134990,-2.323486,2.000000
2.231000,0.131922,-2.077709,2.000000
2.232000,0.131922,-2.077709,2.000000
2.233000,0.128854,-2.077709,2.000000
2.234000,0.128854,-2.077709,2.000000
2.235000,0.128854,-2.077709,2.000000
2.236000,0.125786,-2.077709,2.000000
2.237000,0.125786,-2.077709,2.000000
2.238000,0.125786,-1.666713,2.000000
2.239000,0.122718,-1.467137,2.000000
2.240000,0.122718,-1.467137,2.000000
2.241000,0.122718,-1.184533,2.000000
2.242000,0.122718,-1.079887,2.000000
2.243000,0.122718,-0.992599,2.000000
2.244000,0.122718,-0.992599,2.000000
2.245000,0.122718,-0.854162,2.000000
2.246000,0.119651,-1.403562,2.000000
2.247000,0.119651,-1.403562,2.000000
2.248000,0.119651,-1.403562,2.000000
2.249000,0.119651,-1.403562,2.000000
2.250000,0.119651,-1.403562,2.000000
2.251000,0.119651,-1.403562,2.000000
2.252000,0.122718,-1.403562,2.000000
2.253000,0.122718,-1.403562,2.000000
2.254000,0.122718,-1.403562,2.000000
2.255000,0.122718,1.341631,2.000000
2.256000,0.122718,1.209252,2.000000
2.257000,0.125786,1.101230,2.000000
2.258000,0.125786,1.010432,2.000000
2.259000,0.125786,1.010432,2.000000
2.260000,0.128854,0.825944,2.000000
2.261000,0.128854,0.825944,2.000000
2.262000,0.128854,0.825944,2.000000
2.263000,0.131922,0.825944,2.000000
2.264000,0.131922,0.825944,2.000000
2.265000,0.134990,0.825944,2.000000
2.266000,0.134990,0.825944,2.000000
2.267000,0.138058,0.825944,2.000000
2.268000,0.138058,0.825944,2.000000
2.269000,0.138058,0.825944,2.000000
2.270000,0.141126,0.855985,2.000000
2.271000,0.141126,0.855985,2.000000
2.272000,0.144194,0.855985,2.000000
2.273000,0.147262,0.855985,2.000000
2.274000,0.150330,0.855985,2.000000
2.275000,0.150330,0.855985,2.000000
2.276000,0.153398,1.708431,2.000000
2.277000,0.153398,1.708431,2.000000
2.278000,0.159534,1.708431,2.000000
2.279000,0.159534,1.708431,2.000000
2.280000,0.162602,1.708431,2.000000
2.281000,0.165670,2.198779,2.000000
2.282000,0.168738,2.198779,2.000000
2.283000,0.168738,2.198779,2.000000
2.284000,0.174874,2.198779,2.000000
2.285000,0.174874,2.198779,2.000000
2.286000,0.177942,2.577269,2.000000
2.287000,0.184078,2.577269,2.000000
2.288000,0.187146,2.577269,2.000000
2.289000,0.187146,2.577269,2.000000
2.290000,0.193282,2.890213,2.000000
2.291000,0.196350,2.890213,2.000000
2.292000,0.196350,2.890213,2.000000
2.293000,0.199418,2.890213,2.000000
2.294000,0.205553,3.150925,2.000000
2.295000,0.208621,3.150925,2.000000
2.296000,0.214757,3.388999,2.000000
2.297000,0.217825,3.388999,2.000000
2.298000,0.217825,3.388999,2.000000
2.299000,0.220893,3.388999,2.000000
2.300000,0.227029,3.616813,-2.000000
2.301000,0.233165,3.616813,-2.000000
2.302000,0.236233,3.616813,-2.000000
2.303000,0.239301,3.742383,-2.000000
2.304000,0.242369,3.742383,-2.000000
2.305000,0.245437,3.742383,-2.000000
2.306000,0.248505,3.532766,-2.000000
2.307000,0.251573,3.509542,-2.000000
2.308000,0.254641,3.509542,-2.000000
2.309000,0.254641,3.509542,-2.000000
2.310000,0.263845,3.334602,-2.000000
2.311000,0.263845,3.334602,-2.000000
2.312000,0.266913,3.334602,-2.000000
2.313000,0.269981,3.334602,-2.000000
2.314000,0.269981,3.334602,-2.000000
2.315000,0.273049,3.055369,-2.000000
2.316000,0.279185,2.899289,-2.000000
2.317000,0.279185,2.899289,-2.000000
2.318000,0.282252,2.899289,-2.000000
2.319000,0.285320,2.736604,-2.000000
2.320000,0.285320,2.736604,-2.000000
2.321000,0.288388,2.469723,-2.000000
2.322000,0.291456,2.469723,-2.000000
2.323000,0.291456,2.469723,-2.000000
2.324000,0.291456,2.469723,-2.000000
2.325000,0.294524,2.469723,-2.000000
2.326000,0.294524,2.469723,-2.000000
2.327000,0.297592,2.076089,-2.000000
2.328000,0.297592,1.550669,-2.000000
2.329000,0.300660,1.904687,-2.000000
2.330000,0.300660,1.904687,-2.000000
2.331000,0.300660,1.904687,-2.000000
2.332000,0.303728,1.904687,-2.000000
2.333000,0.303728,1.904687,-2.000000
2.334000,0.303728,1.904687,-2.000000
2.335000,0.303728,1.796709,-2.000000
2.336000,0.303728,1.796709,-2.000000
2.337000,0.303728,1.566694,-2.000000
2.338000,0.303728,1.248140,-2.000000
2.339000,0.303728,1.248140,-2.000000
2.340000,0.303728,1.133415,-2.000000
2.341000,0.306796,0.956394,-2.000000
2.342000,0.306796,0.956394,-2.000000
2.343000,0.303728,0.774654,-2.000000
2.344000,0.303728,0.774654,-2.000000
2.345000,0.303728,0.774654,-2.000000
2.346000,0.303728,0.774654,-2.000000
2.347000,0.303728,0.774654,-2.000000
2.348000,0.300660,0.774654,-2.000000
2.349000,0.300660,0.774654,-2.000000
2.350000,0.300660,0.774654,-2.000000
2.351000,0.300660,0.774654,-2.000000
2.352000,0.300660,0.774654,-2.000000
2.353000,0.297592,0.774654,-2.000000
2.354000,0.297592,0.774654,-2.000000
2.355000,0.294524,0.774654,-2.000000
2.356000,0.291456,-1.037774,-2.000000
2.357000,0.291456,-1.037774,-2.000000
2.358000,0.291456,-1.037774,-2.000000
2.359000,0.288388,-1.037774,-2.000000
2.360000,0.285320,-1.037774,-2.000000
2.361000,0.285320,-1.037774,-2.000000
2.362000,0.285320,-1.037774,-2.000000
2.363000,0.282252,-1.037774,-2.000000
2.364000,0.276117,-1.493811,-2.000000
2.365000,0.276117,-1.493811,-2.000000
2.366000,0.276117,-1.493811,-2.000000
2.367000,0.269981,-1.493811,-2.000000
2.368000,0.269981,-1.493811,-2.000000
2.369000,0.263845,-2.122677,-2.000000
2.370000,0.263845,-2.122677,-2.000000
2.371000,0.263845,-2.122677,-2.000000
2.372000,0.257709,-2.122677,-2.000000
2.373000,0.254641,-2.597911,-2.000000
2.374000,0.254641,-2.597911,-2.000000
2.375000,0.251573,-2.597911,-2.000000
2.376000,0.245437,-2.597911,-2.000000
2.377000,0.245437,-2.597911,-2.000000
2.378000,0.236233,-2.975765,-2.000000
2.379000,0.236233,-2.975765,-2.000000
2.380000,0.233165,-2.975765,-2.000000
2.381000,0.227029,-3.321203,-2.000000
2.382000,0.227029,-3.321203,-2.000000
2.383000,0.217825,-3.625554,-2.000000
2.384000,0.217825,-3.625554,-2.000000
2.385000,0.214757,-3.625554,-2.000000
2.386000,0.205553,-3.874351,-2.000000
2.387000,0.202485,-3.874351,-2.000000
2.388000,0.199418,-3.874351,-2.000000
2.389000,0.193282,-4.117609,-2.000000
2.390000,0.190214,-4.117609,-2.000000
2.391000,0.184078,-4.117609,-2.000000
2.392000,0.181010,-4.345875,-2.000000
2.393000,0.174874,-4.345875,-2.000000
2.394000,0.171806,-4.345875,-2.000000
2.395000,0.165670,-4.533724,-2.000000
2.396000,0.162602,-4.533724,-2.000000
2.397000,0.156466,-4.726708,-2.000000
2.398000,0.153398,-4.726708,-2.000000
2.399000,0.147262,-4.726708,-2.000000
2.400000,0.141126,-4.896280,-2.000000
2.401000,0.138058,-4.896280,2.000000
2.402000,0.131922,-5.054389,2.000000
2.403000,0.125786,-5.054389,2.000000
2.404000,0.122718,-5.054389,2.000000
2.405000,0.116583,-4.851917,2.000000
2.406000,0.113515,-4.851917,2.000000
2.407000,0.107379,-4.970343,2.000000
2.408000,0.104311,-4.970343,2.000000
2.409000,0.098175,-4.970343,2.000000
2.410000,0.095107,-4.579451,2.000000
2.411000,0.088971,-4.579451,2.000000
2.412000,0.085903,-4.579451,2.000000
2.413000,0.082835,-4.420915,2.000000
2.414000,0.076699,-4.420915,2.000000
2.415000,0.073631,-4.420915,2.000000
2.416000,0.070563,-4.071558,2.000000
2.417000,0.067495,-4.071558,2.000000
2.418000,0.064427,-4.071558,2.000000
2.419000,0.058291,-3.725562,2.000000
2.420000,0.055223,-3.725562,2.000000
2.421000,0.052155,-3.725562,2.000000
2.422000,0.049087,-3.725562,2.000000
2.423000,0.046019,-3.407584,2.000000
2.424000,0.042951,-3.407584,2.000000
2.425000,0.042951,-3.407584,2.000000
2.426000,0.036816,-3.407584,2.000000
2.427000,0.036816,-2.899442,2.000000
2.428000,0.033748,-2.990833,2.000000
2.429000,0.033748,-2.990833,2.000000
2.430000,0.027612,-2.990833,2.000000
2.431000,0.027612,-2.990833,2.000000
2.432000,0.024544,-2.559694,2.000000
2.433000,0.021476,-2.501934,2.000000
2.434000,0.021476,-2.501934,2.000000
2.435000,0.018408,-2.501934,2.000000
2.436000,0.018408,-2.501934,2.000000
2.437000,0.015340,-2.501934,2.000000
2.438000,0.015340,-2.306196,2.000000
2.439000,0.012272,-1.942363,2.000000
2.440000,0.012272,-1.675102,2.000000
2.441000,0.009204,-1.919784,2.000000
2.442000,0.009204,-1.919784,2.000000
2.443000,0.009204,-1.919784,2.000000
2.444000,0.006136,-1.919784,2.000000
2.445000,0.006136,-1.919784,2.000000
2.446000,0.006136,-1.919784,2.000000
2.447000,0.006136,-1.909317,2.000000
2.448000,0.006136,-1.653668,2.000000
2.449000,0.006136,-1.457952,2.000000
2.450000,0.003068,-1.302365,2.000000
2.451000,0.003068,-1.176916,2.000000
2.452000,0.003068,-1.176916,2.000000
2.453000,0.003068,-0.987657,2.000000
2.454000,0.003068,-0.987657,2.000000
2.455000,0.003068,-0.850732,2.000000
2.456000,0.003068,-0.850732,2.000000
2.457000,0.006136,-0.958373,2.000000
2.458000,0.006136,-0.958373,2.000000
2.459000,0.006136,-0.958373,2.000000
2.460000,0.006136,-0.958373,2.000000
2.461000,0.006136,-0.958373,2.000000
2.462000,0.009204,-0.958373,2.000000
2.463000,0.009204,-0.958373,2.000000
2.464000,0.009204,-0.958373,2.000000
2.465000,0.012272,-0.958373,2.000000
2.466000,0.012272,-0.958373,2.000000
2.467000,0.015340,-0.958373,2.000000
2.468000,0.015340,-0.958373,2.000000
2.469000,0.015340,-0.958373,2.000000
2.470000,0.018408,0.802594,2.000000
2.471000,0.021476,0.802594,2.000000
2.472000,0.021476,0.802594,2.000000
2.473000,0.024544,0.802594,2.000000
2.474000,0.027612,0.802594,2.000000
2.475000,0.027612,0.802594,2.000000
2.476000,0.030680,1.526428,2.000000
2.477000,0.033748,1.526428,2.000000
2.478000,0.036816,1.526428,2.000000
2.479000,0.036816,1.526428,2.000000
2.480000,0.039884,1.526428,2.000000
2.481000,0.042951,2.174660,2.000000
2.482000,0.046019,2.174660,2.000000
2.483000,0.049087,2.174660,2.000000
2.484000,0.052155,2.174660,2.000000
2.485000,0.055223,2.646062,2.000000
2.486000,0.058291,2.646062,2.000000
2.487000,0.061359,2.646062,2.000000
2.488000,0.064427,2.646062,2.000000
2.489000,0.067495,3.028953,2.000000
2.490000,0.070563,3.028953,2.000000
2.491000,0.070563,3.028953,2.000000
2.492000,0.073631,3.028953,2.000000
2.493000,0.082835,3.375766,2.000000
2.494000,0.085903,3.375766,2.000000
2.495000,0.088971,3.375766,2.000000
2.496000,0.092039,3.677784,2.000000
2.497000,0.098175,3.677784,2.000000
2.498000,0.101243,3.677784,2.000000
2.499000,0.107379,3.956728,2.000000
2.500000,0.110447,3.956728,2.000000
2.501000,0.113515,3.956728,-2.000000
2.502000,0.113515,3.956728,-2.000000
2.503000,0.122718,4.220735,-2.000000
2.504000,0.128854,4.156914,-2.000000
2.505000,0.131922,4.264183,-2.000000
2.506000,0.131922,4.264183,-2.000000
2.507000,0.141126,4.248028,-2.000000
2.508000,0.144194,4.248028,-2.000000
2.509000,0.147262,4.248028,-2.000000
2.510000,0.150330,3.959600,-2.000000
2.511000,0.156466,4.046868,-2.000000
2.512000,0.159534,4.046868,-2.000000
2.513000,0.159534,4.046868,-2.000000
2.514000,0.165670,3.831044,-2.000000
2.515000,0.168738,3.831044,-2.000000
2.516000,0.171806,3.831044,-2.000000
2.517000,0.177942,3.511481,-2.000000
2.518000,0.181010,3.511481,-2.000000
2.519000,0.184078,3.511481,-2.000000
2.520000,0.184078,3.511481,-2.000000
2.521000,0.190214,3.239676,-2.000000
2.522000,0.190214,3.239676,-2.000000
2.523000,0.193282,3.239676,-2.000000
2.524000,0.196350,3.239676,-2.000000
2.525000,0.199418,3.066067,-2.000000
2.526000,0.202485,2.865692,-2.000000
2.527000,0.205553,2.865692,-2.000000
2.528000,0.205553,2.865692,-2.000000
2.529000,0.208621,2.865692,-2.000000
2.530000,0.211689,2.771481,-2.000000
2.531000,0.211689,2.262422,-2.000000
2.532000,0.214757,2.439738,-2.000000
2.533000,0.217825,2.439738,-2.000000
2.534000,0.217825,2.439738,-2.000000
2.535000,0.220893,2.439738,-2.000000
2.536000,0.220893,2.439738,-2.000000
2.537000,0.223961,2.114241,-2.000000
2.538000,0.223961,1.801802,-2.000000
2.539000,0.223961,1.572516,-2.000000
2.540000,0.227029,1.894372,-2.000000
2.541000,0.227029,1.894372,-2.000000
2.542000,0.230097,1.894372,-2.000000
2.543000,0.230097,1.894372,-2.000000
2.544000,0.230097,1.894372,-2.000000
2.545000,0.230097,1.894372,-2.000000
2.546000,0.230097,1.894372,-2.000000
2.547000,0.233165,1.539639,-2.000000
2.548000,0.233165,1.368436,-2.000000
2.549000,0.233165,1.368436,-2.000000
2.550000,0.233165,1.118734,-2.000000
2.551000,0.233165,1.025380,-2.000000
2.552000,0.233165,0.945936,-2.000000
2.553000,0.233165,0.945936,-2.000000
2.554000,0.233165,0.819954,-2.000000
2.555000,0.233165,0.819954,-2.000000
2.556000,0.233165,0.723051,-2.000000
2.557000,0.233165,0.723051,-2.000000
2.558000,0.233165,0.647054,-2.000000
2.559000,0.230097,1.091321,-2.000000
2.560000,0.230097,1.091321,-2.000000
2.561000,0.230097,1.091321,-2.000000
2.562000,0.230097,1.091321,-2.000000
2.563000,0.227029,1.091321,-2.000000
2.564000,0.227029,1.091321,-2.000000
2.565000,0.227029,1.091321,-2.000000
2.566000,0.223961,1.091321,-2.000000
2.567000,0.223961,1.091321,-2.000000
2.568000,0.223961,1.091321,-2.000000
2.569000,0.220893,1.091321,-2.000000
2.570000,0.220893,1.091321,-2.000000
2.571000,0.217825,-0.619862,-2.000000
2.572000,0.214757,-0.619862,-2.000000
2.573000,0.214757,-0.619862,-2.000000
2.574000,0.211689,-0.619862,-2.000000
2.575000,0.211689,-0.619862,-2.000000
2.576000,0.208621,-0.619862,-2.000000
2.577000,0.205553,-1.538865,-2.000000
2.578000,0.205553,-1.538865,-2.000000
2.579000,0.205553,-1.538865,-2.000000
2.580000,0.199418,-1.538865,-2.000000
2.581000,0.196350,-1.538865,-2.000000
2.582000,0.193282,-2.126959,-2.000000
2.583000,0.193282,-2.126959,-2.000000
2.584000,0.190214,-2.126959,-2.000000
2.585000,0.187146,-2.126959,-2.000000
2.586000,0.184078,-2.126959,-2.000000
2.587000,0.181010,-2.568496,-2.000000
2.588000,0.177942,-2.568496,-2.000000
2.589000,0.174874,-2.568496,-2.000000
2.590000,0.174874,-2.568496,-2.000000
2.591000,0.168738,-2.914197,-2.000000
2.592000,0.168738,-2.914197,-2.000000
2.593000,0.162602,-2.914197,-2.000000
2.594000,0.159534,-2.914197,-2.000000
2.595000,0.153398,-3.226285,-2.000000
2.596000,0.150330,-3.226285,-2.000000
2.597000,0.147262,-3.226285,-2.000000
2.598000,0.144194,-3.506965,-2.000000
2.599000,0.141126,-3.506965,-2.000000
2.600000,0.134990,-3.506965,-2.000000
2.601000,0.131922,-3.752380,2.000000
2.602000,0.128854,-3.752380,2.000000
2.603000,0.125786,-3.752380,2.000000
2.604000,0.119651,-3.773953,2.000000
2.605000,0.116583,-3.773953,2.000000
2.606000,0.116583,-3.773953,2.000000
2.607000,0.110447,-3.773953,2.000000
2.608000,0.107379,-3.866992,2.000000
2.609000,0.104311,-3.866992,2.000000
2.610000,0.098175,-3.866992,2.000000
2.611000,0.095107,-3.477401,2.000000
2.612000,0.092039,-3.477401,2.000000
2.613000,0.088971,-3.477401,2.000000
2.614000,0.085903,-3.477401,2.000000
2.615000,0.082835,-3.204335,2.000000
2.616000,0.082835,-3.204335,2.000000
2.617000,0.079767,-3.204335,2.000000
2.618000,0.076699,-3.204335,2.000000
2.619000,0.073631,-3.017193,2.000000
2.620000,0.070563,-2.805439,2.000000
2.621000,0.067495,-2.805439,2.000000
2.622000,0.067495,-2.805439,2.000000
2.623000,0.064427,-2.805439,2.000000
2.624000,0.061359,-2.805439,2.000000
2.625000,0.061359,-2.284640,2.000000
2.626000,0.058291,-2.381155,2.000000
2.627000,0.058291,-2.381155,2.000000
2.628000,0.055223,-2.381155,2.000000
2.629000,0.055223,-2.381155,2.000000
2.630000,0.052155,-2.381155,2.000000
2.631000,0.052155,-2.185790,2.000000
2.632000,0.049087,-1.855571,2.000000
2.633000,0.049087,-1.611903,2.000000
2.634000,0.046019,-1.830640,2.000000
2.635000,0.046019,-1.830640,2.000000
2.636000,0.046019,-1.830640,2.000000
2.637000,0.042951,-1.830640,2.000000
2.638000,0.042951,-1.830640,2.000000
2.639000,0.042951,-1.830640,2.000000
2.640000,0.042951,-1.830640,2.000000
2.641000,0.042951,-1.697302,2.000000
2.642000,0.042951,-1.490500,2.000000
2.643000,0.042951,-1.328827,2.000000
2.644000,0.039884,-1.199205,2.000000
2.645000,0.039884,-1.092891,2.000000
2.646000,0.039884,-1.092891,2.000000
2.647000,0.039884,-0.927070,2.000000
2.648000,0.039884,-0.862092,2.000000
2.649000,0.042951,-0.834837,2.000000
2.650000,0.042951,-0.834837,2.000000
2.651000,0.042951,-0.834837,2.000000
2.652000,0.042951,-0.834837,2.000000
2.653000,0.042951,-0.834837,2.000000
2.654000,0.042951,-0.834837,2.000000
2.655000,0.046019,-0.834837,2.000000
2.656000,0.046019,-0.834837,2.000000
2.657000,0.046019,-0.834837,2.000000
2.658000,0.046019,-0.834837,2.000000
2.659000,0.049087,-0.834837,2.000000
2.660000,0.049087,-0.834837,2.000000
2.661000,0.052155,-0.834837,2.000000
2.662000,0.052155,-0.834837,2.000000
2.663000,0.055223,0.864216,2.000000
2.664000,0.055223,0.864216,2.000000
2.665000,0.058291,0.864216,2.000000
2.666000,0.058291,0.864216,2.000000
2.667000,0.058291,0.864216,2.000000
2.668000,0.061359,0.864216,2.000000
2.669000,0.064427,0.864216,2.000000
2.670000,0.067495,1.434539,2.000000
2.671000,0.067495,1.434539,2.000000
2.672000,0.070563,1.434539,2.000000
2.673000,0.073631,1.434539,2.000000
2.674000,0.076699,1.434539,2.000000
2.675000,0.076699,1.434539,2.000000
2.676000,0.079767,2.025637,2.000000
2.677000,0.082835,2.025637,2.000000
2.678000,0.082835,2.025637,2.000000
2.679000,0.088971,2.025637,2.000000
2.680000,0.092039,2.463189,2.000000
2.681000,0.095107,2.463189,2.000000
2.682000,0.098175,2.463189,2.000000
2.683000,0.101243,2.463189,2.000000
2.684000,0.104311,2.824956,2.000000
2.685000,0.104311,2.824956,2.000000
2.686000,0.110447,2.824956,2.000000
2.687000,0.113515,2.824956,2.000000
2.688000,0.116583,3.139885,2.000000
2.689000,0.116583,3.139885,2.000000
2.690000,0.122718,3.139885,2.000000
2.691000,0.125786,3.139885,2.000000
2.692000,0.128854,3.395067,2.000000
2.693000,0.134990,3.395067,2.000000
2.694000,0.138058,3.395067,2.000000
2.695000,0.141126,3.622032,2.000000
2.696000,0.144194,3.622032,2.000000
2.697000,0.150330,3.622032,2.000000
2.698000,0.153398,3.832390,2.000000
2.699000,0.156466,3.832390,2.000000
2.700000,0.156466,3.832390,-2.000000
2.701000,0.165670,4.017245,-2.000000
2.702000,0.168738,4.017245,-2.000000
2.703000,0.171806,4.017245,-2.000000
2.704000,0.177942,3.919500,-2.000000
2.705000,0.181010,3.919500,-2.000000
2.706000,0.184078,3.919500,-2.000000
2.707000,0.187146,3.726442,-2.000000
2.708000,0.190214,3.885032,-2.000000
2.709000,0.196350,3.885032,-2.000000
2.710000,0.199418,3.885032,-2.000000
2.711000,0.199418,3.885032,-2.000000
2.712000,0.205553,3.522737,-2.000000
2.713000,0.208621,3.522737,-2.000000
2.714000,0.208621,3.522737,-2.000000
2.715000,0.214757,3.141593,-2.000000
2.716000,0.214757,3.141593,-2.000000
2.717000,0.217825,3.141593,-2.000000
2.718000,0.217825,3.141593,-2.000000
2.719000,0.223961,2.989801,-2.000000
2.720000,0.227029,2.717290,-2.000000
2.721000,0.227029,2.717290,-2.000000
2.722000,0.227029,2.717290,-2.000000
2.723000,0.233165,2.717290,-2.000000
2.724000,0.233165,2.717290,-2.000000
2.725000,0.236233,2.369680,-2.000000
2.726000,0.236233,1.986901,-2.000000
2.727000,0.239301,2.237970,-2.000000
2.728000,0.239301,2.237970,-2.000000
2.729000,0.242369,2.237970,-2.000000
2.730000,0.242369,2.237970,-2.000000
2.731000,0.245437,2.237970,-2.000000
2.732000,0.245437,2.122478,-2.000000
2.733000,0.245437,1.810085,-2.000000
2.734000,0.245437,1.577789,-2.000000
2.735000,0.248505,1.397459,-2.000000
2.736000,0.248505,1.253891,-2.000000
2.737000,0.248505,1.138362,-2.000000
2.738000,0.248505,1.041224,-2.000000
2.739000,0.248505,0.960221,-2.000000
2.740000,0.251573,1.519085,-2.000000
2.741000,0.251573,1.519085,-2.000000
2.742000,0.251573,1.519085,-2.000000
2.743000,0.251573,1.519085,-2.000000
2.744000,0.251573,1.519085,-2.000000
2.745000,0.251573,1.519085,-2.000000
2.746000,0.251573,1.519085,-2.000000
2.747000,0.248505,1.519085,-2.000000
2.748000,0.248505,-1.428604,-2.000000
2.749000,0.248505,-1.279645,-2.000000
2.750000,0.248505,-1.158628,-2.000000
2.751000,0.245437,-1.058817,-2.000000
2.752000,0.245437,-0.974597,-2.000000
2.753000,0.245437,-0.903003,-2.000000
2.754000,0.245437,-0.841134,-2.000000
2.755000,0.245437,-0.841134,-2.000000
2.756000,0.242369,-0.805035,-2.000000
2.757000,0.239301,-0.805035,-2.000000
2.758000,0.239301,-0.805035,-2.000000
2.759000,0.236233,-0.805035,-2.000000
2.760000,0.236233,-0.805035,-2.000000
2.761000,0.233165,-0.805035,-2.000000
2.762000,0.233165,-0.805035,-2.000000
2.763000,0.230097,-0.969565,-2.000000
2.764000,0.227029,-0.969565,-2.000000
2.765000,0.227029,-0.969565,-2.000000
2.766000,0.223961,-0.969565,-2.000000
2.767000,0.220893,-0.969565,-2.000000
2.768000,0.217825,-1.868149,-2.000000
2.769000,0.217825,-1.868149,-2.000000
2.770000,0.214757,-1.868149,-2.000000
2.771000,0.211689,-1.868149,-2.000000
2.772000,0.208621,-1.868149,-2.000000
2.773000,0.205553,-2.384149,-2.000000
2.774000,0.202485,-2.384149,-2.000000
2.775000,0.199418,-2.384149,-2.000000
2.776000,0.196350,-2.384149,-2.000000
2.777000,0.193282,-2.817552,-2.000000
2.778000,0.190214,-2.817552,-2.000000
2.779000,0.187146,-2.817552,-2.000000
2.780000,0.184078,-2.817552,-2.000000
2.781000,0.181010,-3.192479,-2.000000
2.782000,0.177942,-3.192479,-2.000000
2.783000,0.171806,-3.192479,-2.000000
2.784000,0.168738,-3.496322,-2.000000
2.785000,0.165670,-3.496322,-2.000000
2.786000,0.162602,-3.496322,-2.000000
2.787000,0.156466,-3.776711,-2.000000
2.788000,0.153398,-3.776711,-2.000000
2.789000,0.150330,-3.776711,-2.000000
2.790000,0.144194,-4.038286,-2.000000
2.791000,0.141126,-4.038286,-2.000000
2.792000,0.138058,-4.038286,-2.000000
2.793000,0.131922,-4.270201,-2.000000
2.794000,0.128854,-4.270201,-2.000000
2.795000,0.122718,-4.270201,-2.000000
2.796000,0.119651,-4.481979,-2.000000
2.797000,0.119651,-4.481979,-2.000000
2.798000,0.113515,-4.481979,-2.000000
2.799000,0.107379,-4.689902,-2.000000
2.800000,0.104311,-4.689902,2.000000
2.801000,0.098175,-4.689902,2.000000
2.802000,0.088971,-4.860378,2.000000
2.803000,0.088971,-4.860378,2.000000
2.804000,0.085903,-4.810681,2.000000
2.805000,0.073631,-4.819497,2.000000
2.806000,0.073631,-4.819497,2.000000
2.807000,0.070563,-4.723827,2.000000
2.808000,0.067495,-4.723827,2.000000
2.809000,0.061359,-4.723827,2.000000
2.810000,0.052155,-4.560706,2.000000
2.811000,0.052155,-4.560706,2.000000
2.812000,0.049087,-4.560706,2.000000
2.813000,0.046019,-4.338556,2.000000
2.814000,0.039884,-4.338556,2.000000
2.815000,0.036816,-4.338556,2.000000
2.816000,0.030680,-4.004482,2.000000
2.817000,0.030680,-4.004482,2.000000
2.818000,0.024544,-3.605375,2.000000
2.819000,0.024544,-3.605375,2.000000
2.820000,0.018408,-3.685024,2.000000
2.821000,0.012272,-3.685024,2.000000
2.822000,0.009204,-3.380299,2.000000
2.823000,0.009204,-3.380299,2.000000
2.824000,0.006136,-3.380299,2.000000
2.825000,0.003068,-3.380299,2.000000
2.826000,0.003068,-3.380299,2.000000
2.827000,-0.003068,-2.976206,2.000000
2.828000,-0.003068,-2.976206,2.000000
2.829000,-0.009204,-2.976206,2.000000
2.830000,-0.009204,-2.976206,2.000000
2.831000,-0.012272,-2.634833,2.000000
2.832000,-0.012272,-2.634833,2.000000
2.833000,-0.015340,-2.500305,2.000000
2.834000,-0.015340,-2.500305,2.000000
2.835000,-0.018408,-2.500305,2.000000
2.836000,-0.021476,-2.500305,2.000000
2.837000,-0.021476,-2.369267,2.000000
2.838000,-0.024544,-1.985499,2.000000
2.839000,-0.024544,-1.707595,2.000000
2.840000,-0.027612,-1.930303,2.000000
2.841000,-0.027612,-1.930303,2.000000
2.842000,-0.027612,-1.930303,2.000000
2.843000,-0.030680,-1.930303,2.000000
2.844000,-0.030680,-1.930303,2.000000
2.845000,-0.030680,-1.930303,2.000000
2.846000,-0.030680,-1.915805,2.000000
2.847000,-0.030680,-1.656356,2.000000
2.848000,-0.033748,-1.459848,2.000000
2.849000,-0.033748,-1.304502,2.000000
2.850000,-0.033748,-1.179525,2.000000
2.851000,-0.033748,-1.076202,2.000000
2.852000,-0.033748,-0.989080,2.000000
2.853000,-0.033748,-0.915669,2.000000
2.854000,-0.033748,-0.851586,2.000000
2.855000,-0.033748,-0.796380,2.000000
2.856000,-0.033748,-0.748055,2.000000
2.857000,-0.030680,-1.030438,2.000000
2.858000,-0.030680,-1.030438,2.000000
2.859000,-0.030680,-1.030438,2.000000
2.860000,-0.030680,-1.030438,2.000000
2.861000,-0.030680,-1.030438,2.000000
2.862000,-0.027612,-1.030438,2.000000
2.863000,-0.027612,-1.030438,2.000000
2.864000,-0.027612,-1.030438,2.000000
2.865000,-0.024544,-1.030438,2.000000
2.866000,-0.024544,-1.030438,2.000000
2.867000,-0.021476,-1.030438,2.000000
2.868000,-0.021476,-1.030438,2.000000
2.869000,-0.018408,0.717067,2.000000
2.870000,-0.018408,0.717067,2.000000
2.871000,-0.015340,0.717067,2.000000
2.872000,-0.015340,0.717067,2.000000
2.873000,-0.012272,0.717067,2.000000
2.874000,-0.009204,0.717067,2.000000
2.875000,-0.009204,0.717067,2.000000
2.876000,-0.006136,1.547736,2.000000
2.877000,-0.006136,1.547736,2.000000
2.878000,-0.003068,1.547736,2.000000
2.879000,0.000000,1.547736,2.000000
2.880000,0.003068,1.547736,2.000000
2.881000,0.006136,2.173349,2.000000
2.882000,0.009204,2.173349,2.000000
2.883000,0.012272,2.173349,2.000000
2.884000,0.015340,2.173349,2.000000
2.885000,0.018408,2.634551,2.000000
2.886000,0.021476,2.634551,2.000000
2.887000,0.024544,2.634551,2.000000
2.888000,0.027612,2.634551,2.000000
2.889000,0.030680,3.008492,2.000000
2.890000,0.033748,3.008492,2.000000
2.891000,0.036816,3.008492,2.000000
2.892000,0.039884,3.008492,2.000000
2.893000,0.046019,3.340982,2.000000
2.894000,0.049087,3.340982,2.000000
2.895000,0.052155,3.340982,2.000000
2.896000,0.055223,3.636731,2.000000
2.897000,0.061359,3.636731,2.000000
2.898000,0.064427,3.636731,2.000000
2.899000,0.064427,3.636731,2.000000
2.900000,0.073631,3.900054,2.000000
2.901000,0.076699,3.900054,-2.000000
2.902000,0.079767,4.150607,-2.000000
2.903000,0.085903,4.150607,-2.000000
2.904000,0.088971,4.150607,-2.000000
2.905000,0.092039,4.147042,-2.000000
2.906000,0.098175,4.147042,-2.000000
2.907000,0.101243,4.147042,-2.000000
2.908000,0.104311,4.132302,-2.000000
2.909000,0.110447,4.132302,-2.000000
2.910000,0.110447,4.132302,-2.000000
2.911000,0.113515,4.132302,-2.000000
2.912000,0.119651,3.828538,-2.000000
2.913000,0.122718,3.828538,-2.000000
2.914000,0.125786,3.561774,-2.000000
2.915000,0.128854,3.604860,-2.000000
2.916000,0.131922,3.604860,-2.000000
2.917000,0.134990,3.604860,-2.000000
2.918000,0.138058,3.177051,-2.000000
2.919000,0.141126,3.272747,-2.000000
2.920000,0.144194,3.272747,-2.000000
2.921000,0.144194,3.272747,-2.000000
2.922000,0.150330,3.130628,-2.000000
2.923000,0.153398,2.944379,-2.000000
2.924000,0.156466,2.944379,-2.000000
2.925000,0.156466,2.944379,-2.000000
2.926000,0.159534,2.944379,-2.000000
2.927000,0.162602,2.745985,-2.000000
2.928000,0.165670,2.522282,-2.000000
2.929000,0.165670,2.522282,-2.000000
2.930000,0.165670,2.522282,-2.000000
2.931000,0.168738,2.522282,-2.000000
2.932000,0.168738,2.522282,-2.000000
2.933000,0.171806,2.402234,-2.000000
2.934000,0.174874,2.007906,-2.000000
2.935000,0.174874,1.726143,-2.000000
2.936000,0.174874,1.726143,-2.000000
2.937000,0.177942,1.996414,-2.000000
2.938000,0.177942,1.996414,-2.000000
2.939000,0.181010,1.996414,-2.000000
2.940000,0.181010,1.996414,-2.000000
2.941000,0.184078,1.996414,-2.000000
2.942000,0.184078,1.811792,-2.000000
2.943000,0.184078,1.811792,-2.000000
2.944000,0.184078,1.577969,-2.000000
2.945000,0.184078,1.255270,-2.000000
2.946000,0.184078,1.255270,-2.000000
2.947000,0.184078,1.139137,-2.000000
2.948000,0.187146,0.960864,-2.000000
2.949000,0.187146,0.890978,-2.000000
2.950000,0.187146,0.830825,-2.000000
2.951000,0.187146,0.777817,-2.000000
2.952000,0.187146,0.731596,-2.000000
2.953000,0.187146,0.690349,-2.000000
2.954000,0.187146,0.690349,-2.000000
2.955000,0.184078,-0.653751,-2.000000
2.956000,0.184078,-0.620551,-2.000000
2.957000,0.184078,-0.590831,-2.000000
2.958000,0.184078,-0.538976,-2.000000
2.959000,0.184078,-0.516107,-2.000000
2.960000,0.181010,-1.265045,-2.000000
2.961000,0.181010,-1.265045,-2.000000
2.962000,0.181010,-1.265045,-2.000000
2.963000,0.177942,-1.265045,-2.000000
2.964000,0.177942,-1.265045,-2.000000
2.965000,0.177942,-1.265045,-2.000000
2.966000,0.174874,-1.265045,-2.000000
2.967000,0.171806,-1.265045,-2.000000
2.968000,0.171806,-1.265045,-2.000000
2.969000,0.168738,-0.512461,-2.000000
2.970000,0.168738,-0.512461,-2.000000
2.971000,0.165670,-0.512461,-2.000000
2.972000,0.165670,-0.512461,-2.000000
2.973000,0.165670,-0.512461,-2.000000
2.974000,0.159534,-0.512461,-2.000000
2.975000,0.159534,-0.512461,-2.000000
2.976000,0.159534,-0.512461,-2.000000
2.977000,0.153398,-1.643419,-2.000000
2.978000,0.150330,-1.643419,-2.000000
2.979000,0.150330,-1.643419,-2.000000
2.980000,0.147262,-1.643419,-2.000000
2.981000,0.144194,-2.200219,-2.000000
2.982000,0.141126,-2.200219,-2.000000
2.983000,0.141126,-2.200219,-2.000000
2.984000,0.134990,-2.200219,-2.000000
2.985000,0.131922,-2.616273,-2.000000
2.986000,0.128854,-2.616273,-2.000000
2.987000,0.128854,-2.616273,-2.000000
2.988000,0.122718,-2.616273,-2.000000
2.989000,0.122718,-2.616273,-2.000000
2.990000,0.116583,-2.959984,-2.000000
2.991000,0.113515,-2.959984,-2.000000
2.992000,0.113515,-2.959984,-2.000000
2.993000,0.107379,-3.258601,-2.000000
2.994000,0.104311,-3.258601,-2.000000
2.995000,0.098175,-3.258601,-2.000000
2.996000,0.095107,-3.520590,-2.000000
2.997000,0.092039,-3.520590,-2.000000
2.998000,0.088971,-3.520590,-2.000000
2.999000,0.082835,-3.784200,-2.000000
3.000000,0.079767,-3.784200,-2.000000
3.001000,0.076699,-3.784200,2.000000
3.002000,0.070563,-4.002360,2.000000
3.003000,0.067495,-4.002360,2.000000
3.004000,0.064427,-4.002360,2.000000
3.005000,0.061359,-4.002360,2.000000
3.006000,0.055223,-3.933862,2.000000
3.007000,0.052155,-3.933862,2.000000
3.008000,0.049087,-3.933862,2.000000
3.009000,0.046019,-3.838451,2.000000
3.010000,0.042951,-3.838451,2.000000
3.011000,0.039884,-3.838451,2.000000
3.012000,0.036816,-3.424847,2.000000
3.013000,0.030680,-3.475418,2.000000
3.014000,0.030680,-3.475418,2.000000
3.015000,0.027612,-3.475418,2.000000
3.016000,0.024544,-3.112992,2.000000
3.017000,0.021476,-3.186136,2.000000
3.018000,0.018408,-3.186136,2.000000
3.019000,0.015340,-3.186136,2.000000
3.020000,0.012272,-3.184586,2.000000
3.021000,0.009204,-2.804121,2.000000
3.022000,0.009204,-2.804121,2.000000
3.023000,0.006136,-2.804121,2.000000
3.024000,0.003068,-2.804121,2.000000
3.025000,0.003068,-2.804121,2.000000
3.026000,0.000000,-2.392542,2.000000
3.027000,-0.003068,-2.350316,2.000000
3.028000,-0.003068,-2.350316,2.000000
3.029000,-0.006136,-2.350316,2.000000
3.030000,-0.006136,-2.350316,2.000000
3.031000,-0.009204,-2.350316,2.000000
3.032000,-0.009204,-2.350316,2.000000
3.033000,-0.012272,-1.972530,2.000000
3.034000,-0.012272,-1.701427,2.000000
3.035000,-0.012272,-1.492676,2.000000
3.036000,-0.015340,-1.331639,2.000000
3.037000,-0.015340,-1.730399,2.000000
3.038000,-0.015340,-1.730399,2.000000
3.039000,-0.015340,-1.730399,2.000000
3.040000,-0.015340,-1.730399,2.000000
3.041000,-0.018408,-1.730399,2.000000
3.042000,-0.018408,-1.730399,2.000000
3.043000,-0.018408,-1.730399,2.000000
3.044000,-0.018408,-1.538918,2.000000
3.045000,-0.018408,-1.366952,2.000000
3.046000,-0.018408,-1.230411,2.000000
3.047000,-0.018408,-1.117646,2.000000
3.048000,-0.018408,-1.024687,2.000000
3.049000,-0.018408,-0.945596,2.000000
3.050000,-0.018408,-0.878092,2.000000
3.051000,-0.018408,-0.819528,2.000000
3.052000,-0.015340,0.768131,2.000000
3.053000,-0.015340,0.768131,2.000000
3.054000,-0.015340,0.682645,2.000000
3.055000,-0.015340,0.646735,2.000000
3.056000,-0.012272,0.614289,2.000000
3.057000,-0.012272,0.584919,2.000000
3.058000,-0.012272,0.558461,2.000000
3.059000,-0.009204,0.534169,2.000000
3.060000,-0.009204,0.511909,2.000000
3.061000,-0.006136,0.494193,2.000000
3.062000,-0.006136,0.494193,2.000000
3.063000,-0.003068,0.494193,2.000000
3.064000,-0.003068,0.494193,2.000000
3.065000,0.000000,0.494193,2.000000
3.066000,0.000000,0.494193,2.000000
3.067000,0.003068,0.494193,2.000000
3.068000,0.003068,0.494193,2.000000
3.069000,0.006136,1.327152,2.000000
3.070000,0.009204,1.327152,2.000000
3.071000,0.009204,1.327152,2.000000
3.072000,0.012272,1.327152,2.000000
3.073000,0.015340,1.327152,2.000000
3.074000,0.018408,1.986557,2.000000
3.075000,0.018408,1.986557,2.000000
3.076000,0.021476,1.986557,2.000000
3.077000,0.024544,1.986557,2.000000
3.078000,0.027612,1.986557,2.000000
3.079000,0.030680,2.453449,2.000000
3.080000,0.033748,2.453449,2.000000
3.081000,0.033748,2.453449,2.000000
3.082000,0.039884,2.453449,2.000000
3.083000,0.042951,2.839820,2.000000
3.084000,0.042951,2.839820,2.000000
3.085000,0.049087,2.839820,2.000000
3.086000,0.049087,2.839820,2.000000
3.087000,0.058291,3.158630,2.000000
3.088000,0.061359,3.158630,2.000000
3.089000,0.064427,3.158630,2.000000
3.090000,0.067495,3.430472,2.000000
3.091000,0.070563,3.430472,2.000000
3.092000,0.076699,3.430472,2.000000
3.093000,0.079767,3.685946,2.000000
3.094000,0.082835,3.685946,2.000000
3.095000,0.085903,3.685946,2.000000
3.096000,0.092039,3.908992,2.000000
3.097000,0.092039,3.908992,2.000000
3.098000,0.101243,3.908992,2.000000
3.099000,0.104311,4.117762,2.000000
3.100000,0.104311,4.117762,2.000000
3.101000,0.113515,4.117762,-2.000000
3.102000,0.116583,4.309019,-2.000000
3.103000,0.116583,4.309019,-2.000000
3.104000,0.125786,4.309019,-2.000000
3.105000,0.128854,4.226975,-2.000000
3.106000,0.128854,4.226975,-2.000000
3.107000,0.138058,4.226975,-2.000000
3.108000,0.138058,4.226975,-2.000000
3.109000,0.144194,4.216365,-2.000000
3.110000,0.150330,4.216365,-2.000000
3.111000,0.153398,3.846957,-2.000000
3.112000,0.156466,3.846957,-2.000000
3.113000,0.159534,3.846957,-2.000000
3.114000,0.159534,3.846957,-2.000000
3.115000,0.165670,3.590505,-2.000000
3.116000,0.168738,3.590505,-2.000000
3.117000,0.171806,3.590505,-2.000000
3.118000,0.174874,3.347349,-2.000000
3.119000,0.174874,3.347349,-2.000000
3.120000,0.181010,3.199786,-2.000000
3.121000,0.184078,3.199786,-2.000000
3.122000,0.184078,3.199786,-2.000000
3.123000,0.187146,2.671859,-2.000000
3.124000,0.190214,2.819269,-2.000000
3.125000,0.190214,2.819269,-2.000000
3.126000,0.193282,2.819269,-2.000000
3.127000,0.196350,2.819269,-2.000000
3.128000,0.199418,2.537100,-2.000000
3.129000,0.199418,2.537100,-2.000000
3.130000,0.202485,2.300210,-2.000000
3.131000,0.202485,2.300210,-2.000000
3.132000,0.202485,2.300210,-2.000000
3.133000,0.205553,2.300210,-2.000000
3.134000,0.208621,2.300210,-2.000000
3.135000,0.208621,2.133147,-2.000000
3.136000,0.208621,2.133147,-2.000000
3.137000,0.211689,1.582389,-2.000000
3.138000,0.211689,1.582389,-2.000000
3.139000,0.211689,1.257940,-2.000000
3.140000,0.214757,1.646608,-2.000000
3.141000,0.214757,1.646608,-2.000000
3.142000,0.214757,1.646608,-2.000000
3.143000,0.214757,1.646608,-2.000000
3.144000,0.214757,1.646608,-2.000000
3.145000,0.214757,1.646608,-2.000000
3.146000,0.214757,1.646608,-2.000000
3.147000,0.214757,1.646608,-2.000000
3.148000,0.214757,1.470223,-2.000000
3.149000,0.214757,1.313459,-2.000000
3.150000,0.214757,1.313459,-2.000000
3.151000,0.214757,1.082236,-2.000000
3.152000,0.214757,1.082236,-2.000000
3.153000,0.214757,0.919836,-2.000000
3.154000,0.211689,-0.855546,-2.000000
3.155000,0.211689,-0.855546,-2.000000
3.156000,0.211689,-0.750715,-2.000000
3.157000,0.211689,-0.750715,-2.000000
3.158000,0.208621,-0.668961,-2.000000
3.159000,0.208621,-0.634384,-2.000000
3.160000,0.205553,-0.601419,-2.000000
3.161000,0.205553,-0.601419,-2.000000
3.162000,0.205553,-0.601419,-2.000000
3.163000,0.205553,-0.601419,-2.000000
3.164000,0.202485,-0.601419,-2.000000
3.165000,0.199418,-0.601419,-2.000000
3.166000,0.196350,-0.601419,-2.000000
3.167000,0.196350,-0.601419,-2.000000
3.168000,0.193282,-1.193292,-2.000000
3.169000,0.193282,-1.193292,-2.000000
3.170000,0.190214,-1.193292,-2.000000
3.171000,0.187146,-1.193292,-2.000000
3.172000,0.187146,-1.193292,-2.000000
3.173000,0.184078,-1.193292,-2.000000
3.174000,0.184078,-1.193292,-2.000000
3.175000,0.177942,-1.954077,-2.000000
3.176000,0.174874,-1.954077,-2.000000
3.177000,0.171806,-1.954077,-2.000000
3.178000,0.168738,-2.459815,-2.000000
3.179000,0.165670,-2.459815,-2.000000
3.180000,0.162602,-2.459815,-2.000000
3.181000,0.159534,-2.459815,-2.000000
3.182000,0.159534,-2.459815,-2.000000
3.183000,0.153398,-2.878997,-2.000000
3.184000,0.150330,-2.878997,-2.000000
3.185000,0.150330,-2.878997,-2.000000
3.186000,0.144194,-3.232907,-2.000000
3.187000,0.144194,-3.232907,-2.000000
3.188000,0.134990,-3.232907,-2.000000
3.189000,0.131922,-3.532681,-2.000000
3.190000,0.128854,-3.532681,-2.000000
3.191000,0.122718,-3.532681,-2.000000
3.192000,0.119651,-3.808455,-2.000000
3.193000,0.116583,-3.808455,-2.000000
3.194000,0.110447,-3.808455,-2.000000
3.195000,0.107379,-4.068708,-2.000000
3.196000,0.107379,-4.068708,-2.000000
3.197000,0.098175,-4.068708,-2.000000
3.198000,0.095107,-4.289793,-2.000000
3.199000,0.095107,-4.289793,-2.000000
3.200000,0.085903,-4.289793,2.000000
3.201000,0.079767,-4.519046,2.000000
3.202000,0.079767,-4.519046,2.000000
3.203000,0.070563,-4.506623,2.000000
3.204000,0.067495,-4.506623,2.000000
3.205000,0.067495,-4.506623,2.000000
3.206000,0.058291,-4.470505,2.000000
3.207000,0.058291,-4.470505,2.000000
3.208000,0.049087,-4.470505,2.000000
3.209000,0.046019,-4.306205,2.000000
3.210000,0.042951,-4.306205,2.000000
3.211000,0.036816,-4.306205,2.000000
3.212000,0.036816,-4.306205,2.000000
3.213000,0.030680,-4.056585,2.000000
3.214000,0.027612,-4.056585,2.000000
3.215000,0.024544,-3.739580,2.000000
3.216000,0.021476,-3.735596,2.000000
3.217000,0.018408,-3.735596,2.000000
3.218000,0.018408,-3.735596,2.000000
3.219000,0.009204,-3.434352,2.000000
3.220000,0.006136,-3.434352,2.000000
3.221000,0.003068,-3.434352,2.000000
3.222000,0.000000,-3.434352,2.000000
3.223000,0.000000,-3.434352,2.000000
3.224000,-0.003068,-3.072015,2.000000
3.225000,-0.006136,-3.072015,2.000000
3.226000,-0.009204,-3.072015,2.000000
3.227000,-0.009204,-3.072015,2.000000
3.228000,-0.012272,-2.531300,2.000000
3.229000,-0.012272,-2.531300,2.000000
3.230000,-0.018408,-2.651923,2.000000
3.231000,-0.018408,-2.651923,2.000000
3.232000,-0.018408,-2.651923,2.000000
3.233000,-0.021476,-2.585535,2.000000
3.234000,-0.024544,-2.134054,2.000000
3.235000,-0.024544,-2.134054,2.000000
3.236000,-0.027612,-2.127851,2.000000
3.237000,-0.027612,-2.127851,2.000000
3.238000,-0.030680,-2.127851,2.000000
3.239000,-0.030680,-2.127851,2.000000
3.240000,-0.033748,-2.127851,2.000000
3.241000,-0.033748,-2.046824,2.000000
3.242000,-0.033748,-1.754907,2.000000
3.243000,-0.033748,-1.535241,2.000000
3.244000,-0.036816,-1.363591,2.000000
3.245000,-0.036816,-1.227193,2.000000
3.246000,-0.036816,-1.115565,2.000000
3.247000,-0.036816,-1.023328,2.000000
3.248000,-0.036816,-0.944423,2.000000
3.249000,-0.036816,-0.876991,2.000000
3.250000,-0.036816,-0.818184,2.000000
3.251000,-0.036816,-0.767291,2.000000
3.252000,-0.036816,-0.722150,2.000000
3.253000,-0.036816,-0.722150,2.000000
3.254000,-0.036816,-0.645986,2.000000
3.255000,-0.036816,-0.645986,2.000000
3.256000,-0.036816,-0.584352,2.000000
3.257000,-0.036816,-0.557905,2.000000
3.258000,-0.036816,-0.533663,2.000000
3.259000,-0.033748,0.511319,2.000000
3.260000,-0.033748,0.490932,2.000000
3.261000,-0.033748,0.471993,2.000000
3.262000,-0.033748,0.471993,2.000000
3.263000,-0.030680,1.432544,2.000000
3.264000,-0.030680,1.432544,2.000000
3.265000,-0.027612,1.432544,2.000000
3.266000,-0.027612,1.432544,2.000000
3.267000,-0.027612,1.432544,2.000000
3.268000,-0.024544,1.432544,2.000000
3.269000,-0.021476,1.432544,2.000000
3.270000,-0.021476,1.432544,2.000000
3.271000,-0.018408,0.458558,2.000000
3.272000,-0.018408,0.458558,2.000000
3.273000,-0.015340,0.458558,2.000000
3.274000,-0.012272,0.458558,2.000000
3.275000,-0.012272,0.458558,2.000000
3.276000,-0.009204,0.458558,2.000000
3.277000,-0.009204,0.458558,2.000000
3.278000,-0.003068,1.779542,2.000000
3.279000,0.000000,1.779542,2.000000
3.280000,0.000000,1.779542,2.000000
3.281000,0.000000,1.779542,2.000000
3.282000,0.006136,2.319637,2.000000
3.283000,0.009204,2.319637,2.000000
3.284000,0.009204,2.319637,2.000000
3.285000,0.015340,2.319637,2.000000
3.286000,0.015340,2.319637,2.000000
3.287000,0.021476,2.738801,2.000000
3.288000,0.024544,2.738801,2.000000
3.289000,0.027612,2.738801,2.000000
3.290000,0.030680,3.083368,2.000000
3.291000,0.030680,3.083368,2.000000
3.292000,0.036816,3.083368,2.000000
3.293000,0.039884,3.083368,2.000000
3.294000,0.042951,3.393307,2.000000
3.295000,0.046019,3.393307,2.000000
3.296000,0.049087,3.393307,2.000000
3.297000,0.058291,3.667510,2.000000
3.298000,0.061359,3.667510,2.000000
3.299000,0.061359,3.667510,2.000000
3.300000,0.067495,3.915662,-2.000000
3.301000,0.073631,3.915662,-2.000000
3.302000,0.073631,3.915662,-2.000000
3.303000,0.079767,4.150802,-2.000000
3.304000,0.082835,4.150802,-2.000000
3.305000,0.088971,4.040299,-2.000000
3.306000,0.095107,3.943800,-2.000000
3.307000,0.098175,3.943800,-2.000000
3.308000,0.101243,3.943800,-2.000000
3.309000,0.104311,3.900227,-2.000000
3.310000,0.107379,3.900227,-2.000000
3.311000,0.110447,3.900227,-2.000000
3.312000,0.116583,3.588478,-2.000000
3.313000,0.119651,3.588478,-2.000000
3.314000,0.119651,3.588478,-2.000000
3.315000,0.125786,3.588478,-2.000000
3.316000,0.128854,3.260369,-2.000000
3.317000,0.128854,3.260369,-2.000000
3.318000,0.128854,3.260369,-2.000000
3.319000,0.134990,3.260369,-2.000000
3.320000,0.138058,2.980462,-2.000000
3.321000,0.141126,2.884232,-2.000000
3.322000,0.144194,2.884232,-2.000000
3.323000,0.144194,2.884232,-2.000000
3.324000,0.147262,2.884232,-2.000000
3.325000,0.147262,2.884232,-2.000000
3.326000,0.150330,2.702264,-2.000000
3.327000,0.153398,2.478702,-2.000000
3.328000,0.156466,2.478702,-2.000000
3.329000,0.156466,2.478702,-2.000000
3.330000,0.159534,2.478702,-2.000000
3.331000,0.159534,2.421836,-2.000000
3.332000,0.162602,2.021554,-2.000000
3.333000,0.162602,2.021554,-2.000000
3.334000,0.165670,1.922336,-2.000000
3.335000,0.165670,1.922336,-2.000000
3.336000,0.165670,1.922336,-2.000000
3.337000,0.168738,1.922336,-2.000000
3.338000,0.168738,1.922336,-2.000000
3.339000,0.168738,1.922336,-2.000000
3.340000,0.168738,1.922336,-2.000000
3.341000,0.171806,1.667975,-2.000000
3.342000,0.171806,1.667975,-2.000000
3.343000,0.171806,1.468861,-2.000000
3.344000,0.171806,1.185476,-2.000000
3.345000,0.171806,1.081148,-2.000000
3.346000,0.171806,1.081148,-2.000000
3.347000,0.171806,0.993754,-2.000000
3.348000,0.171806,0.855136,-2.000000
3.349000,0.171806,0.799534,-2.000000
3.350000,0.171806,0.750282,-2.000000
3.351000,0.171806,0.750282,-2.000000
3.352000,0.171806,0.668704,-2.000000
3.353000,0.171806,0.668704,-2.000000
3.354000,0.171806,0.634071,-2.000000
3.355000,0.168738,1.119463,-2.000000
3.356000,0.168738,1.119463,-2.000000
3.357000,0.168738,1.119463,-2.000000
3.358000,0.168738,1.119463,-2.000000
3.359000,0.165670,1.119463,-2.000000
3.360000,0.165670,1.119463,-2.000000
3.361000,0.165670,1.119463,-2.000000
3.362000,0.162602,1.119463,-2.000000
3.363000,0.162602,1.119463,-2.000000
3.364000,0.159534,1.119463,-2.000000
3.365000,0.159534,1.119463,-2.000000
3.366000,0.159534,1.119463,-2.000000
3.367000,0.153398,-0.600716,-2.000000
3.368000,0.153398,-0.600716,-2.000000
3.369000,0.153398,-0.600716,-2.000000
3.370000,0.150330,-0.600716,-2.000000
3.371000,0.147262,-0.600716,-2.000000
3.372000,0.147262,-0.600716,-2.000000
3.373000,0.144194,-1.561373,-2.000000
3.374000,0.141126,-1.561373,-2.000000
3.375000,0.141126,-1.561373,-2.000000
3.376000,0.134990,-1.561373,-2.000000
3.377000,0.131922,-2.132642,-2.000000
3.378000,0.131922,-2.132642,-2.000000
3.379000,0.131922,-2.132642,-2.000000
3.380000,0.128854,-2.132642,-2.000000
3.381000,0.122718,-2.132642,-2.000000
3.382000,0.122718,-2.132642,-2.000000
3.383000,0.116583,-2.566191,-2.000000
3.384000,0.116583,-2.566191,-2.000000
3.385000,0.113515,-2.566191,-2.000000
3.386000,0.110447,-2.566191,-2.000000
3.387000,0.107379,-2.923057,-2.000000
3.388000,0.104311,-2.923057,-2.000000
3.389000,0.101243,-2.923057,-2.000000
3.390000,0.095107,-3.217532,-2.000000
3.391000,0.088971,-3.217532,-2.000000
3.392000,0.088971,-3.217532,-2.000000
3.393000,0.085903,-3.217532,-2.000000
3.394000,0.079767,-3.497512,-2.000000
3.395000,0.079767,-3.497512,-2.000000
3.396000,0.070563,-3.746017,-2.000000
3.397000,0.067495,-3.746017,-2.000000
3.398000,0.067495,-3.746017,-2.000000
3.399000,0.058291,-3.955754,-2.000000
3.400000,0.058291,-3.955754,-2.000000
3.401000,0.055223,-3.955754,2.000000
3.402000,0.046019,-4.161398,2.000000
3.403000,0.046019,-4.161398,2.000000
3.404000,0.036816,-4.161398,2.000000
3.405000,0.036816,-4.161398,2.000000
3.406000,0.030680,-4.055617,2.000000
3.407000,0.024544,-4.055617,2.000000
3.408000,0.024544,-4.055617,2.000000
3.409000,0.018408,-4.079717,2.000000
3.410000,0.018408,-4.079717,2.000000
3.411000,0.015340,-4.079717,2.000000
3.412000,0.006136,-3.715676,2.000000
3.413000,0.006136,-3.715676,2.000000
3.414000,0.003068,-3.715676,2.000000
3.415000,-0.006136,-3.439539,2.000000
3.416000,-0.006136,-3.439539,2.000000
3.417000,-0.009204,-3.439539,2.000000
3.418000,-0.009204,-3.439539,2.000000
3.419000,-0.015340,-2.986285,2.000000
3.420000,-0.018408,-3.047360,2.000000
3.421000,-0.018408,-3.047360,2.000000
3.422000,-0.024544,-3.047360,2.000000
3.423000,-0.027612,-3.047360,2.000000
3.424000,-0.027612,-2.562425,2.000000
3.425000,-0.027612,-2.562425,2.000000
3.426000,-0.033748,-2.617056,2.000000
3.427000,-0.033748,-2.617056,2.000000
3.428000,-0.033748,-2.617056,2.000000
3.429000,-0.036816,-2.617056,2.000000
3.430000,-0.036816,-2.617056,2.000000
3.431000,-0.039884,-1.847710,2.000000
3.432000,-0.039884,-1.847710,2.000000
3.433000,-0.042951,-2.089912,2.000000
3.434000,-0.042951,-2.089912,2.000000
3.435000,-0.046019,-2.089912,2.000000
3.436000,-0.046019,-2.089912,2.000000
3.437000,-0.049087,-2.089912,2.000000
3.438000,-0.049087,-2.089912,2.000000
3.439000,-0.049087,-1.601630,2.000000
3.440000,-0.049087,-1.416645,2.000000
3.441000,-0.052155,-1.270368,2.000000
3.442000,-0.052155,-1.150601,2.000000
3.443000,-0.052155,-1.150601,2.000000
3.444000,-0.052155,-0.969027,2.000000
3.445000,-0.052155,-0.969027,2.000000
3.446000,-0.052155,-0.836985,2.000000
3.447000,-0.052155,-0.783382,2.000000
3.448000,-0.052155,-0.783382,2.000000
3.449000,-0.052155,-0.694875,2.000000
3.450000,-0.052155,-0.694875,2.000000
3.451000,-0.052155,-0.624188,2.000000
3.452000,-0.052155,-0.624188,2.000000
3.453000,-0.049087,0.566528,2.000000
3.454000,-0.049087,0.566528,2.000000
3.455000,-0.049087,0.518624,2.000000
3.456000,-0.046019,1.333425,2.000000
3.457000,-0.046019,1.333425,2.000000
3.458000,-0.046019,1.333425,2.000000
3.459000,-0.042951,1.333425,2.000000
3.460000,-0.042951,1.333425,2.000000
3.461000,-0.042951,1.333425,2.000000
3.462000,-0.042951,1.333425,2.000000
3.463000,-0.039884,1.333425,2.000000
3.464000,-0.039884,1.333425,2.000000
3.465000,-0.033748,0.505079,2.000000
3.466000,-0.033748,0.505079,2.000000
3.467000,-0.030680,0.505079,2.000000
3.468000,-0.030680,0.505079,2.000000
3.469000,-0.027612,0.505079,2.000000
3.470000,-0.024544,0.505079,2.000000
3.471000,-0.024544,0.505079,2.000000
3.472000,-0.021476,1.719452,2.000000
3.473000,-0.021476,1.719452,2.000000
3.474000,-0.015340,1.719452,2.000000
3.475000,-0.012272,1.719452,2.000000
3.476000,-0.012272,1.719452,2.000000
3.477000,-0.009204,2.272073,2.000000
3.478000,-0.006136,2.272073,2.000000
3.479000,-0.003068,2.272073,2.000000
3.480000,0.000000,2.272073,2.000000
3.481000,0.003068,2.709291,2.000000
3.482000,0.003068,2.709291,2.000000
3.483000,0.006136,2.709291,2.000000
3.484000,0.009204,2.709291,2.000000
3.485000,0.015340,3.073361,2.000000
3.486000,0.018408,3.073361,2.000000
3.487000,0.021476,3.073361,2.000000
3.488000,0.024544,3.073361,2.000000
3.489000,0.027612,3.378580,2.000000
3.490000,0.030680,3.378580,2.000000
3.491000,0.039884,3.656809,2.000000
3.492000,0.042951,3.656809,2.000000
3.493000,0.046019,3.656809,2.000000
3.494000,0.052155,3.900967,2.000000
3.495000,0.055223,3.900967,2.000000
3.496000,0.061359,3.900967,2.000000
3.497000,0.064427,4.123296,2.000000
3.498000,0.067495,4.123296,2.000000
3.499000,0.073631,4.123296,2.000000
3.500000,0.076699,4.343696,2.000000
3.501000,0.082835,4.343696,-2.000000
3.502000,0.085903,4.343696,-2.000000
3.503000,0.092039,4.524438,-2.000000
3.504000,0.095107,4.524438,-2.000000
3.505000,0.101243,4.427450,-2.000000
3.506000,0.101243,4.427450,-2.000000
3.507000,0.107379,4.427450,-2.000000
3.508000,0.113515,4.286921,-2.000000
3.509000,0.116583,4.286921,-2.000000
3.510000,0.119651,4.286921,-2.000000
3.511000,0.122718,3.935982,-2.000000
3.512000,0.128854,4.021633,-2.000000
3.513000,0.131922,4.021633,-2.000000
3.514000,0.134990,4.021633,-2.000000
3.515000,0.138058,3.736464,-2.000000
3.516000,0.141126,3.736464,-2.000000
3.517000,0.144194,3.736464,-2.000000
3.518000,0.147262,3.497623,-2.000000
3.519000,0.150330,3.381903,-2.000000
3.520000,0.153398,3.381903,-2.000000
3.521000,0.156466,3.381903,-2.000000
3.522000,0.159534,3.329501,-2.000000
3.523000,0.162602,3.031468,-2.000000
3.524000,0.165670,3.031468,-2.000000
3.525000,0.165670,3.031468,-2.000000
3.526000,0.168738,3.031468,-2.000000
3.527000,0.171806,2.820043,-2.000000
3.528000,0.174874,2.585686,-2.000000
3.529000,0.174874,2.585686,-2.000000
3.530000,0.177942,2.585686,-2.000000
3.531000,0.177942,2.585686,-2.000000
3.532000,0.181010,2.585686,-2.000000
3.533000,0.181010,2.400642,-2.000000
3.534000,0.184078,2.007796,-2.000000
3.535000,0.184078,1.726335,-2.000000
3.536000,0.187146,2.027855,-2.000000
3.537000,0.187146,2.027855,-2.000000
3.538000,0.187146,2.027855,-2.000000
3.539000,0.190214,2.027855,-2.000000
3.540000,0.190214,2.027855,-2.000000
3.541000,0.190214,2.027855,-2.000000
3.542000,0.193282,1.799468,-2.000000
3.543000,0.193282,1.569912,-2.000000
3.544000,0.193282,1.391482,-2.000000
3.545000,0.193282,1.250183,-2.000000
3.546000,0.193282,1.134853,-2.000000
3.547000,0.193282,1.038304,-2.000000
3.548000,0.193282,0.957160,-2.000000
3.549000,0.193282,0.888089,-2.000000
3.550000,0.193282,0.828455,-2.000000
3.551000,0.193282,0.775704,-2.000000
3.552000,0.193282,0.729827,-2.000000
3.553000,0.193282,0.688739,-2.000000
3.554000,0.193282,0.688739,-2.000000
3.555000,0.193282,0.619331,-2.000000
3.556000,0.193282,0.589447,-2.000000
3.557000,0.190214,1.236328,-2.000000
3.558000,0.190214,1.236328,-2.000000
3.559000,0.190214,1.236328,-2.000000
3.560000,0.190214,1.236328,-2.000000
3.561000,0.187146,1.236328,-2.000000
3.562000,0.187146,1.236328,-2.000000
3.563000,0.184078,1.236328,-2.000000
3.564000,0.184078,1.236328,-2.000000
3.565000,0.181010,1.236328,-2.000000
3.566000,0.181010,1.236328,-2.000000
3.567000,0.177942,-0.563335,-2.000000
3.568000,0.177942,-0.563335,-2.000000
3.569000,0.174874,-0.563335,-2.000000
3.570000,0.174874,-0.563335,-2.000000
3.571000,0.171806,-0.563335,-2.000000
3.572000,0.168738,-0.563335,-2.000000
3.573000,0.168738,-0.563335,-2.000000
3.574000,0.165670,-1.656638,-2.000000
3.575000,0.162602,-1.656638,-2.000000
3.576000,0.159534,-1.656638,-2.000000
3.577000,0.156466,-1.656638,-2.000000
3.578000,0.156466,-1.656638,-2.000000
3.579000,0.153398,-2.240632,-2.000000
3.580000,0.150330,-2.240632,-2.000000
3.581000,0.147262,-2.240632,-2.000000
3.582000,0.144194,-2.240632,-2.000000
3.583000,0.141126,-2.695184,-2.000000
3.584000,0.138058,-2.695184,-2.000000
3.585000,0.134990,-2.695184,-2.000000
3.586000,0.134990,-2.695184,-2.000000
3.587000,0.128854,-3.062188,-2.000000
3.588000,0.125786,-3.062188,-2.000000
3.589000,0.119651,-3.062188,-2.000000
3.590000,0.116583,-3.382525,-2.000000
3.591000,0.113515,-3.382525,-2.000000
3.592000,0.110447,-3.382525,-2.000000
3.593000,0.104311,-3.669597,-2.000000
3.594000,0.101243,-3.669597,-2.000000
3.595000,0.098175,-3.669597,-2.000000
3.596000,0.092039,-3.923312,-2.000000
3.597000,0.088971,-3.923312,-2.000000
3.598000,0.085903,-3.923312,-2.000000
3.599000,0.079767,-4.184258,-2.000000
3.600000,0.076699,-4.184258,-2.000000
3.601000,0.070563,-4.184258,2.000000
3.602000,0.067495,-4.402895,2.000000
3.603000,0.064427,-4.402895,2.000000
3.604000,0.058291,-4.402895,2.000000
3.605000,0.055223,-4.262599,2.000000
3.606000,0.049087,-4.262599,2.000000
3.607000,0.046019,-4.262599,2.000000
3.608000,0.042951,-4.423704,2.000000
3.609000,0.036816,-4.423704,2.000000
3.610000,0.033748,-4.423704,2.000000
3.611000,0.030680,-4.057703,2.000000
3.612000,0.027612,-4.057703,2.000000
3.613000,0.021476,-4.057703,2.000000
3.614000,0.018408,-3.780525,2.000000
3.615000,0.015340,-3.780525,2.000000
3.616000,0.012272,-3.780525,2.000000
3.617000,0.009204,-3.780525,2.000000
3.618000,0.006136,-3.536060,2.000000
3.619000,0.003068,-3.536060,2.000000
3.620000,0.000000,-3.536060,2.000000
3.621000,-0.003068,-3.472987,2.000000
3.622000,-0.006136,-3.163549,2.000000
3.623000,-0.009204,-3.163549,2.000000
3.624000,-0.012272,-3.163549,2.000000
3.625000,-0.012272,-3.163549,2.000000
3.626000,-0.015340,-2.773090,2.000000
3.627000,-0.018408,-2.784126,2.000000
3.628000,-0.021476,-2.784126,2.000000
3.629000,-0.021476,-2.784126,2.000000
3.630000,-0.024544,-2.784126,2.000000
3.631000,-0.027612,-2.650499,2.000000
3.632000,-0.027612,-2.178042,2.000000
3.633000,-0.030680,-2.300133,2.000000
3.634000,-0.030680,-2.300133,2.000000
3.635000,-0.033748,-2.300133,2.000000
3.636000,-0.033748,-2.300133,2.000000
3.637000,-0.036816,-2.300133,2.000000
3.638000,-0.036816,-2.198118,2.000000
3.639000,-0.036816,-2.198118,2.000000
3.640000,-0.039884,-1.618793,2.000000
3.641000,-0.039884,-1.618793,2.000000
3.642000,-0.042951,-1.688105,2.000000
3.643000,-0.042951,-1.688105,2.000000
3.644000,-0.042951,-1.688105,2.000000
3.645000,-0.042951,-1.688105,2.000000
3.646000,-0.042951,-1.688105,2.000000
3.647000,-0.042951,-1.688105,2.000000
3.648000,-0.046019,-1.688105,2.000000
3.649000,-0.046019,-1.688105,2.000000
3.650000,-0.046019,-1.522444,2.000000
3.651000,-0.046019,-1.354984,2.000000
3.652000,-0.046019,-1.220015,2.000000
3.653000,-0.046019,-1.109970,2.000000
3.654000,-0.046019,-1.017785,2.000000
3.655000,-0.046019,-0.939403,2.000000
3.656000,-0.042951,0.872974,2.000000
3.657000,-0.042951,0.815084,2.000000
3.658000,-0.042951,0.764373,2.000000
3.659000,-0.042951,0.719654,2.000000
3.660000,-0.042951,0.679513,2.000000
3.661000,-0.039884,0.644012,2.000000
3.662000,-0.039884,0.611891,2.000000
3.663000,-0.039884,0.582747,2.000000
3.664000,-0.036816,0.556244,2.000000
3.665000,-0.036816,0.532149,2.000000
3.666000,-0.033748,0.519414,2.000000
3.667000,-0.033748,0.519414,2.000000
3.668000,-0.030680,0.519414,2.000000
3.669000,-0.030680,0.519414,2.000000
3.670000,-0.027612,0.519414,2.000000
3.671000,-0.027612,0.519414,2.000000
3.672000,-0.024544,0.519414,2.000000
3.673000,-0.024544,0.519414,2.000000
3.674000,-0.021476,1.274138,2.000000
3.675000,-0.018408,1.274138,2.000000
3.676000,-0.015340,1.274138,2.000000
3.677000,-0.015340,1.274138,2.000000
3.678000,-0.012272,1.274138,2.000000
3.679000,-0.009204,1.964923,2.000000
3.680000,-0.006136,1.964923,2.000000
3.681000,-0.006136,1.964923,2.000000
3.682000,-0.006136,1.964923,2.000000
3.683000,-0.003068,1.964923,2.000000
3.684000,0.000000,1.964923,2.000000
3.685000,0.003068,2.446134,2.000000
3.686000,0.006136,2.446134,2.000000
3.687000,0.009204,2.446134,2.000000
3.688000,0.012272,2.446134,2.000000
3.689000,0.015340,2.831765,2.000000
3.690000,0.018408,2.831765,2.000000
3.691000,0.021476,2.831765,2.000000
3.692000,0.024544,2.831765,2.000000
3.693000,0.030680,3.150947,2.000000
3.694000,0.033748,3.150947,2.000000
3.695000,0.036816,3.150947,2.000000
3.696000,0.039884,3.442555,2.000000
3.697000,0.049087,3.442555,2.000000
3.698000,0.049087,3.442555,2.000000
3.699000,0.052155,3.698382,2.000000
3.700000,0.055223,3.698382,2.000000
3.701000,0.058291,3.698382,-2.000000
3.702000,0.064427,3.929366,-2.000000
3.703000,0.067495,3.929366,-2.000000
3.704000,0.070563,3.929366,-2.000000
3.705000,0.076699,3.930659,-2.000000
3.706000,0.079767,3.930659,-2.000000
3.707000,0.082835,3.930659,-2.000000
3.708000,0.085903,3.868821,-2.000000
3.709000,0.095107,4.001671,-2.000000
3.710000,0.095107,4.001671,-2.000000
3.711000,0.098175,4.001671,-2.000000
3.712000,0.101243,3.685255,-2.000000
3.713000,0.107379,3.685255,-2.000000
3.714000,0.107379,3.685255,-2.000000
3.715000,0.113515,3.341867,-2.000000
3.716000,0.113515,3.341867,-2.000000
3.717000,0.119651,3.341867,-2.000000
3.718000,0.119651,3.341867,-2.000000
3.719000,0.122718,3.341867,-2.000000
3.720000,0.125786,2.999484,-2.000000
3.721000,0.128854,2.999484,-2.000000
3.722000,0.131922,2.999484,-2.000000
3.723000,0.131922,2.999484,-2.000000
3.724000,0.138058,2.571202,-2.000000
3.725000,0.138058,2.571202,-2.000000
3.726000,0.141126,2.571202,-2.000000
3.727000,0.141126,2.571202,-2.000000
3.728000,0.144194,2.571202,-2.000000
3.729000,0.144194,2.435823,-2.000000
3.730000,0.147262,2.031622,-2.000000
3.731000,0.150330,2.078604,-2.000000
3.732000,0.150330,2.078604,-2.000000
3.733000,0.150330,2.078604,-2.000000
3.734000,0.153398,2.078604,-2.000000
3.735000,0.153398,2.078604,-2.000000
3.736000,0.153398,2.078604,-2.000000
3.737000,0.156466,2.042391,-2.000000
3.738000,0.156466,1.753493,-2.000000
3.739000,0.156466,1.533494,-2.000000
3.740000,0.156466,1.362191,-2.000000
3.741000,0.159534,1.226522,-2.000000
3.742000,0.159534,1.114504,-2.000000
3.743000,0.159534,1.022000,-2.000000
3.744000,0.159534,0.943300,-2.000000
3.745000,0.159534,0.876198,-2.000000
3.746000,0.159534,0.876198,-2.000000
3.747000,0.159534,0.817953,-2.000000
3.748000,0.159534,0.766577,-2.000000
3.749000,0.159534,0.721644,-2.000000
3.750000,0.159534,0.645537,-2.000000
3.751000,0.159534,0.645537,-2.000000
3.752000,0.159534,0.613288,-2.000000
3.753000,0.156466,-0.584140,-2.000000
3.754000,0.156466,-0.557646,-2.000000
3.755000,0.156466,-0.533577,-2.000000
3.756000,0.156466,-0.511206,-2.000000
3.757000,0.156466,-0.490719,-2.000000
3.758000,0.153398,-1.330768,-2.000000
3.759000,0.153398,-1.330768,-2.000000
3.760000,0.150330,-1.330768,-2.000000
3.761000,0.150330,-1.330768,-2.000000
3.762000,0.150330,-1.330768,-2.000000
3.763000,0.147262,-1.330768,-2.000000
3.764000,0.147262,-1.330768,-2.000000
3.765000,0.144194,-1.330768,-2.000000
3.766000,0.141126,-0.490124,-2.000000
3.767000,0.141126,-0.490124,-2.000000
3.768000,0.138058,-0.490124,-2.000000
3.769000,0.134990,-0.490124,-2.000000
3.770000,0.134990,-0.490124,-2.000000
3.771000,0.134990,-0.490124,-2.000000
3.772000,0.131922,-0.490124,-2.000000
3.773000,0.128854,-1.697413,-2.000000
3.774000,0.125786,-1.697413,-2.000000
3.775000,0.122718,-1.697413,-2.000000
3.776000,0.119651,-1.697413,-2.000000
3.777000,0.116583,-2.242178,-2.000000
3.778000,0.116583,-2.242178,-2.000000
3.779000,0.113515,-2.242178,-2.000000
3.780000,0.110447,-2.242178,-2.000000
3.781000,0.107379,-2.242178,-2.000000
3.782000,0.104311,-2.663490,-2.000000
3.783000,0.098175,-2.663490,-2.000000
3.784000,0.095107,-2.663490,-2.000000
3.785000,0.092039,-3.008379,-2.000000
3.786000,0.088971,-3.008379,-2.000000
3.787000,0.085903,-3.008379,-2.000000
3.788000,0.082835,-3.008379,-2.000000
3.789000,0.079767,-3.318895,-2.000000
3.790000,0.073631,-3.318895,-2.000000
3.791000,0.070563,-3.318895,-2.000000
3.792000,0.067495,-3.595311,-2.000000
3.793000,0.064427,-3.595311,-2.000000
3.794000,0.058291,-3.595311,-2.000000
3.795000,0.055223,-3.820724,-2.000000
3.796000,0.052155,-3.820724,-2.000000
3.797000,0.046019,-3.820724,-2.000000
3.798000,0.042951,-4.046479,-2.000000
3.799000,0.039884,-4.046479,-2.000000
3.800000,0.039884,-4.046479,2.000000
3.801000,0.030680,-4.251094,2.000000
3.802000,0.027612,-4.251094,2.000000
3.803000,0.021476,-4.251094,2.000000
3.804000,0.021476,-4.251094,2.000000
3.805000,0.015340,-4.106815,2.000000
3.806000,0.009204,-4.106815,2.000000
3.807000,0.006136,-4.187649,2.000000
3.808000,0.006136,-4.187649,2.000000
3.809000,-0.003068,-4.187649,2.000000
3.810000,-0.006136,-3.802293,2.000000
3.811000,-0.009204,-3.802293,2.000000
3.812000,-0.009204,-3.802293,2.000000
3.813000,-0.015340,-3.802293,2.000000
3.814000,-0.018408,-3.547047,2.000000
3.815000,-0.021476,-3.547047,2.000000
3.816000,-0.024544,-3.547047,2.000000
3.817000,-0.024544,-3.547047,2.000000
3.818000,-0.030680,-3.158178,2.000000
3.819000,-0.033748,-3.158178,2.000000
3.820000,-0.033748,-3.158178,2.000000
3.821000,-0.033748,-3.158178,2.000000
3.822000,-0.039884,-2.844473,2.000000
3.823000,-0.042951,-2.748967,2.000000
3.824000,-0.042951,-2.748967,2.000000
3.825000,-0.046019,-2.748967,2.000000
3.826000,-0.046019,-2.748967,2.000000
3.827000,-0.049087,-2.748967,2.000000
3.828000,-0.052155,-2.748967,2.000000
3.829000,-0.052155,-2.255779,2.000000
3.830000,-0.055223,-2.255434,2.000000
3.831000,-0.055223,-2.255434,2.000000
3.832000,-0.058291,-2.255434,2.000000
3.833000,-0.058291,-2.255434,2.000000
3.834000,-0.058291,-2.255434,2.000000
3.835000,-0.061359,-2.255434,2.000000
3.836000,-0.061359,-1.983627,2.000000
3.837000,-0.064427,-1.706276,2.000000
3.838000,-0.064427,-1.498178,2.000000
3.839000,-0.064427,-1.334757,2.000000
3.840000,-0.064427,-1.204814,2.000000
3.841000,-0.067495,-1.593531,2.000000
3.842000,-0.067495,-1.593531,2.000000
3.843000,-0.067495,-1.593531,2.000000
3.844000,-0.067495,-1.593531,2.000000
3.845000,-0.067495,-1.593531,2.000000
3.846000,-0.067495,-1.593531,2.000000
3.847000,-0.067495,-1.593531,2.000000
3.848000,-0.067495,-1.593531,2.000000
3.849000,-0.067495,-1.524582,2.000000
3.850000,-0.067495,-1.354963,2.000000
3.851000,-0.067495,-1.221496,2.000000
3.852000,-0.067495,-1.110414,2.000000
3.853000,-0.067495,-1.017924,2.000000
3.854000,-0.064427,0.939820,2.000000
3.855000,-0.064427,0.873238,2.000000
3.856000,-0.064427,0.815481,2.000000
3.857000,-0.064427,0.764624,2.000000
3.858000,-0.061359,0.719762,2.000000
3.859000,-0.061359,0.679583,2.000000
3.860000,-0.058291,0.647062,2.000000
3.861000,-0.058291,0.647062,2.000000
3.862000,-0.058291,0.647062,2.000000
3.863000,-0.055223,0.647062,2.000000
3.864000,-0.055223,0.647062,2.000000
3.865000,-0.052155,0.647062,2.000000
3.866000,-0.052155,0.647062,2.000000
3.867000,-0.046019,1.115841,2.000000
3.868000,-0.046019,1.115841,2.000000
3.869000,-0.046019,1.115841,2.000000
3.870000,-0.039884,1.115841,2.000000
3.871000,-0.039884,1.115841,2.000000
3.872000,-0.039884,1.115841,2.000000
3.873000,-0.036816,1.115841,2.000000
3.874000,-0.030680,1.895298,2.000000
3.875000,-0.030680,1.895298,2.000000
3.876000,-0.024544,1.895298,2.000000
3.877000,-0.024544,1.895298,2.000000
3.878000,-0.021476,2.412927,2.000000
3.879000,-0.021476,2.412927,2.000000
3.880000,-0.015340,2.412927,2.000000
3.881000,-0.015340,2.412927,2.000000
3.882000,-0.012272,2.412927,2.000000
3.883000,-0.009204,2.823891,2.000000
3.884000,0.000000,2.823891,2.000000
3.885000,0.000000,2.823891,2.000000
3.886000,0.003068,3.169575,2.000000
3.887000,0.006136,3.169575,2.000000
3.888000,0.009204,3.169575,2.000000
3.889000,0.012272,3.169575,2.000000
3.890000,0.021476,3.469237,2.000000
3.891000,0.024544,3.469237,2.000000
3.892000,0.024544,3.469237,2.000000
3.893000,0.027612,3.735280,2.000000
3.894000,0.033748,3.735280,2.000000
3.895000,0.036816,3.735280,2.000000
3.896000,0.039884,3.987872,2.000000
3.897000,0.049087,3.987872,2.000000
3.898000,0.049087,3.987872,2.000000
3.899000,0.058291,4.207069,2.000000
3.900000,0.058291,4.207069,2.000000
3.901000,0.067495,4.406474,-2.000000
3.902000,0.073631,4.406474,-2.000000
3.903000,0.073631,4.406474,-2.000000
3.904000,0.076699,4.608567,-2.000000
3.905000,0.085903,4.608567,-2.000000
3.906000,0.085903,4.608567,-2.000000
3.907000,0.088971,4.320375,-2.000000
3.908000,0.098175,4.320375,-2.000000
3.909000,0.101243,4.403005,-2.000000
3.910000,0.107379,4.403005,-2.000000
3.911000,0.107379,4.403005,-2.000000
3.912000,0.110447,4.403005,-2.000000
3.913000,0.113515,4.052548,-2.000000
3.914000,0.116583,4.052548,-2.000000
3.915000,0.119651,4.052548,-2.000000
3.916000,0.125786,3.703311,-2.000000
3.917000,0.128854,3.703311,-2.000000
3.918000,0.131922,3.703311,-2.000000
3.919000,0.134990,3.703311,-2.000000
3.920000,0.138058,3.440289,-2.000000
3.921000,0.141126,3.440289,-2.000000
3.922000,0.144194,3.440289,-2.000000
3.923000,0.147262,3.440289,-2.000000
3.924000,0.150330,3.045616,-2.000000
3.925000,0.150330,3.045616,-2.000000
3.926000,0.153398,3.045616,-2.000000
3.927000,0.156466,3.045616,-2.000000
3.928000,0.159534,3.041235,-2.000000
3.929000,0.159534,2.439670,-2.000000
3.930000,0.162602,2.605879,-2.000000
3.931000,0.165670,2.605879,-2.000000
3.932000,0.165670,2.605879,-2.000000
3.933000,0.168738,2.605879,-2.000000
3.934000,0.168738,2.530676,-2.000000
3.935000,0.171806,2.099202,-2.000000
3.936000,0.171806,1.792081,-2.000000
3.937000,0.174874,2.063189,-2.000000
3.938000,0.174874,2.063189,-2.000000
3.939000,0.177942,2.063189,-2.000000
3.940000,0.177942,2.063189,-2.000000
3.941000,0.177942,2.063189,-2.000000
3.942000,0.181010,2.063189,-2.000000
3.943000,0.181010,1.816511,-2.000000
3.944000,0.181010,1.581203,-2.000000
3.945000,0.181010,1.401260,-2.000000
3.946000,0.181010,1.257250,-2.000000
3.947000,0.184078,1.141735,-2.000000
3.948000,0.184078,1.044158,-2.000000
3.949000,0.184078,0.961676,-2.000000
3.950000,0.184078,0.891929,-2.000000
3.951000,0.184078,0.831806,-2.000000
3.952000,0.184078,0.779111,-2.000000
3.953000,0.184078,0.732454,-2.000000
3.954000,0.184078,0.691247,-2.000000
3.955000,0.181010,-0.654290,-2.000000
3.956000,0.181010,-0.621033,-2.000000
3.957000,0.181010,-0.591121,-2.000000
3.958000,0.181010,-0.563976,-2.000000
3.959000,0.181010,-0.539317,-2.000000
3.960000,0.177942,-1.310173,-2.000000
3.961000,0.177942,-1.310173,-2.000000
3.962000,0.177942,-1.310173,-2.000000
3.963000,0.174874,-1.310173,-2.000000
3.964000,0.174874,-1.310173,-2.000000
3.965000,0.174874,-1.310173,-2.000000
3.966000,0.171806,-1.310173,-2.000000
3.967000,0.171806,-1.310173,-2.000000
3.968000,0.168738,-1.310173,-2.000000
3.969000,0.168738,-1.310173,-2.000000
3.970000,0.165670,-0.521126,-2.000000
3.971000,0.162602,-0.521126,-2.000000
3.972000,0.162602,-0.521126,-2.000000
3.973000,0.159534,-0.521126,-2.000000
3.974000,0.156466,-0.521126,-2.000000
3.975000,0.156466,-0.521126,-2.000000
3.976000,0.153398,-1.699954,-2.000000
3.977000,0.150330,-1.699954,-2.000000
3.978000,0.147262,-1.699954,-2.000000
3.979000,0.147262,-1.699954,-2.000000
3.980000,0.144194,-1.699954,-2.000000
3.981000,0.141126,-2.273237,-2.000000
3.982000,0.138058,-2.273237,-2.000000
3.983000,0.134990,-2.273237,-2.000000
3.984000,0.131922,-2.273237,-2.000000
3.985000,0.128854,-2.709615,-2.000000
3.986000,0.125786,-2.709615,-2.000000
3.987000,0.122718,-2.709615,-2.000000
3.988000,0.119651,-2.709615,-2.000000
3.989000,0.116583,-3.070104,-2.000000
3.990000,0.113515,-3.070104,-2.000000
3.991000,0.107379,-3.070104,-2.000000
3.992000,0.104311,-3.387375,-2.000000
3.993000,0.101243,-3.387375,-2.000000
3.994000,0.098175,-3.387375,-2.000000
3.995000,0.095107,-3.387375,-2.000000
3.996000,0.088971,-3.661978,-2.000000
3.997000,0.085903,-3.661978,-2.000000
3.998000,0.082835,-3.661978,-2.000000
3.999000,0.076699,-3.936929,-2.000000
4.000000,0.073631,-3.936929,-2.000000
4.001000,0.067495,-4.170020,2.000000
4.002000,0.061359,-4.170020,2.000000
4.003000,0.061359,-4.170020,2.000000
4.004000,0.055223,-4.380477,2.000000
4.005000,0.052155,-4.380477,2.000000
4.006000,0.046019,-4.380477,2.000000
4.007000,0.039884,-4.141172,2.000000
4.008000,0.033748,-4.141172,2.000000
4.009000,0.033748,-4.141172,2.000000
4.010000,0.027612,-4.153885,2.000000
4.011000,0.027612,-4.153885,2.000000
4.012000,0.024544,-4.153885,2.000000
4.013000,0.021476,-3.780040,2.000000
4.014000,0.015340,-3.871499,2.000000
4.015000,0.012272,-3.871499,2.000000
4.016000,0.009204,-3.871499,2.000000
4.017000,0.006136,-3.580117,2.000000
4.018000,0.003068,-3.580117,2.000000
4.019000,0.000000,-3.580117,2.000000
4.020000,-0.006136,-3.227227,2.000000
4.021000,-0.006136,-3.227227,2.000000
4.022000,-0.009204,-3.227227,2.000000
4.023000,-0.012272,-3.227227,2.000000
4.024000,-0.015340,-2.825959,2.000000
4.025000,-0.015340,-2.825959,2.000000
4.026000,-0.018408,-2.859839,2.000000
4.027000,-0.021476,-2.859839,2.000000
4.028000,-0.021476,-2.859839,2.000000
4.029000,-0.024544,-2.859839,2.000000
4.030000,-0.027612,-2.605833,2.000000
4.031000,-0.030680,-2.412025,2.000000
4.032000,-0.033748,-2.412025,2.000000
4.033000,-0.033748,-2.412025,2.000000
4.034000,-0.036816,-2.412025,2.000000
4.035000,-0.036816,-2.412025,2.000000
4.036000,-0.039884,-2.056294,2.000000
4.037000,-0.039884,-1.759674,2.000000
4.038000,-0.039884,-1.538875,2.000000
4.039000,-0.039884,-1.538875,2.000000
4.040000,-0.042951,-1.820516,2.000000
4.041000,-0.042951,-1.820516,2.000000
4.042000,-0.046019,-1.820516,2.000000
4.043000,-0.046019,-1.820516,2.000000
4.044000,-0.046019,-1.820516,2.000000
4.045000,-0.046019,-1.820516,2.000000
4.046000,-0.046019,-1.622765,2.000000
4.047000,-0.046019,-1.432669,2.000000
4.048000,-0.046019,-1.282444,2.000000
4.049000,-0.046019,-1.161361,2.000000
4.050000,-0.046019,-1.060343,2.000000
4.051000,-0.046019,-0.976367,2.000000
4.052000,-0.046019,-0.904364,2.000000
4.053000,-0.046019,-0.842472,2.000000
4.054000,-0.046019,-0.788256,2.000000
4.055000,-0.046019,-0.788256,2.000000
4.056000,-0.046019,-0.698379,2.000000
4.057000,-0.046019,-0.661163,2.000000
4.058000,-0.046019,-0.627232,2.000000
4.059000,-0.046019,-0.627232,2.000000
4.060000,-0.042951,0.596552,2.000000
4.061000,-0.042951,0.543650,2.000000
4.062000,-0.039884,0.520602,2.000000
4.063000,-0.039884,0.499498,2.000000
4.064000,-0.039884,0.499498,2.000000
4.065000,-0.039884,0.479944,2.000000
4.066000,-0.036816,0.461869,2.000000
4.067000,-0.036816,0.445119,2.000000
4.068000,-0.033748,0.443933,2.000000
4.069000,-0.033748,0.443933,2.000000
4.070000,-0.027612,0.443933,2.000000
4.071000,-0.027612,0.443933,2.000000
4.072000,-0.024544,0.443933,2.000000
4.073000,-0.024544,0.443933,2.000000
4.074000,-0.021476,1.438306,2.000000
4.075000,-0.021476,1.438306,2.000000
4.076000,-0.018408,1.438306,2.000000
4.077000,-0.015340,1.438306,2.000000
4.078000,-0.015340,1.438306,2.000000
4.079000,-0.012272,1.438306,2.000000
4.080000,-0.009204,2.067243,2.000000
4.081000,-0.003068,2.067243,2.000000
4.082000,-0.003068,2.067243,2.000000
4.083000,0.000000,2.067243,2.000000
4.084000,0.006136,2.528663,2.000000
4.085000,0.006136,2.528663,2.000000
4.086000,0.009204,2.528663,2.000000
4.087000,0.015340,2.902995,2.000000
4.088000,0.015340,2.902995,2.000000
4.089000,0.018408,2.902995,2.000000
4.090000,0.024544,2.902995,2.000000
4.091000,0.024544,2.902995,2.000000
4.092000,0.027612,3.214641,2.000000
4.093000,0.030680,3.214641,2.000000
4.094000,0.033748,3.214641,2.000000
4.095000,0.039884,3.500047,2.000000
4.096000,0.046019,3.500047,2.000000
4.097000,0.046019,3.500047,2.000000
4.098000,0.049087,3.500047,2.000000
4.099000,0.055223,3.752476,2.000000
4.100000,0.061359,3.752476,2.000000
4.101000,0.061359,3.752476,-2.000000
4.102000,0.070563,3.982175,-2.000000
4.103000,0.070563,3.982175,-2.000000
4.104000,0.073631,3.982175,-2.000000
4.105000,0.079767,4.201648,-2.000000
4.106000,0.085903,4.201648,-2.000000
4.107000,0.085903,4.201648,-2.000000
4.108000,0.095107,4.010972,-2.000000
4.109000,0.095107,4.010972,-2.000000
4.110000,0.098175,4.010972,-2.000000
4.111000,0.104311,3.868262,-2.000000
4.112000,0.104311,3.868262,-2.000000
4.113000,0.107379,3.868262,-2.000000
4.114000,0.110447,3.478017,-2.000000
4.115000,0.113515,3.513394,-2.000000
4.116000,0.119651,3.513394,-2.000000
4.117000,0.119651,3.513394,-2.000000
4.118000,0.125786,3.235405,-2.000000
4.119000,0.125786,3.235405,-2.000000
4.120000,0.131922,3.235405,-2.000000
4.121000,0.131922,3.235405,-2.000000
4.122000,0.138058,2.826438,-2.000000
4.123000,0.138058,2.826438,-2.000000
4.124000,0.141126,2.826438,-2.000000
4.125000,0.141126,2.826438,-2.000000
4.126000,0.144194,2.826438,-2.000000
4.127000,0.144194,2.826438,-2.000000
4.128000,0.150330,2.393955,-2.000000
4.129000,0.150330,2.393955,-2.000000
4.130000,0.150330,2.393955,-2.000000
4.131000,0.153398,2.393955,-2.000000
4.132000,0.156466,2.393955,-2.000000
4.133000,0.156466,2.393955,-2.000000
4.134000,0.159534,1.905488,-2.000000
4.135000,0.159534,1.905488,-2.000000
4.136000,0.159534,1.649685,-2.000000
4.137000,0.159534,1.454568,-2.000000
4.138000,0.162602,1.790309,-2.000000
4.139000,0.162602,1.790309,-2.000000
4.140000,0.162602,1.790309,-2.000000
4.141000,0.162602,1.790309,-2.000000
4.142000,0.165670,1.790309,-2.000000
4.143000,0.165670,1.790309,-2.000000
4.144000,0.165670,1.790309,-2.000000
4.145000,0.165670,1.586139,-2.000000
4.146000,0.165670,1.404385,-2.000000
4.147000,0.165670,1.259428,-2.000000
4.148000,0.165670,1.045271,-2.000000
4.149000,0.165670,1.045271,-2.000000
4.150000,0.165670,0.963582,-2.000000
4.151000,0.165670,0.832702,-2.000000
4.152000,0.165670,0.832702,-2.000000
4.153000,0.165670,0.780097,-2.000000
4.154000,0.165670,0.733099,-2.000000
4.155000,0.165670,0.691787,-2.000000
4.156000,0.162602,-0.654836,-2.000000
4.157000,0.162602,-0.591767,-2.000000
4.158000,0.159534,-0.564394,-2.000000
4.159000,0.159534,-0.564394,-2.000000
4.160000,0.159534,-0.539678,-2.000000
4.161000,0.159534,-0.516947,-2.000000
4.162000,0.156466,-0.495988,-2.000000
4.163000,0.156466,-0.476710,-2.000000
4.164000,0.153398,-0.462740,-2.000000
4.165000,0.153398,-0.462740,-2.000000
4.166000,0.150330,-0.462740,-2.000000
4.167000,0.150330,-0.462740,-2.000000
4.168000,0.147262,-0.462740,-2.000000
4.169000,0.147262,-0.462740,-2.000000
4.170000,0.144194,-0.462740,-2.000000
4.171000,0.141126,-1.399804,-2.000000
4.172000,0.141126,-1.399804,-2.000000
4.173000,0.138058,-1.399804,-2.000000
4.174000,0.134990,-1.399804,-2.000000
4.175000,0.131922,-1.399804,-2.000000
4.176000,0.131922,-1.399804,-2.000000
4.177000,0.128854,-2.033839,-2.000000
4.178000,0.125786,-2.033839,-2.000000
4.179000,0.119651,-2.033839,-2.000000
4.180000,0.119651,-2.033839,-2.000000
4.181000,0.116583,-2.503529,-2.000000
4.182000,0.113515,-2.503529,-2.000000
4.183000,0.110447,-2.503529,-2.000000
4.184000,0.104311,-2.883178,-2.000000
4.185000,0.104311,-2.883178,-2.000000
4.186000,0.101243,-2.883178,-2.000000
4.187000,0.098175,-2.883178,-2.000000
4.188000,0.095107,-2.883178,-2.000000
4.189000,0.092039,-3.196071,-2.000000
4.190000,0.088971,-3.196071,-2.000000
4.191000,0.079767,-3.490217,-2.000000
4.192000,0.079767,-3.490217,-2.000000
4.193000,0.076699,-3.490217,-2.000000
4.194000,0.070563,-3.490217,-2.000000
4.195000,0.064427,-3.750899,-2.000000
4.196000,0.061359,-3.750899,-2.000000
4.197000,0.061359,-3.750899,-2.000000
4.198000,0.058291,-3.750899,-2.000000
4.199000,0.049087,-3.966141,-2.000000
4.200000,0.042951,-4.180496,-2.000000
4.201000,0.039884,-4.180496,2.000000
4.202000,0.036816,-4.180496,2.000000
4.203000,0.030680,-4.380130,2.000000
4.204000,0.027612,-4.380130,2.000000
4.205000,0.021476,-4.380130,2.000000
4.206000,0.021476,-4.380130,2.000000
4.207000,0.015340,-4.100468,2.000000
4.208000,0.012272,-4.100468,2.000000
4.209000,0.006136,-4.060463,2.000000
4.210000,0.006136,-4.060463,2.000000
4.211000,0.003068,-4.060463,2.000000
4.212000,-0.003068,-3.969277,2.000000
4.213000,-0.006136,-3.786958,2.000000
4.214000,-0.009204,-3.786958,2.000000
4.215000,-0.012272,-3.786958,2.000000
4.216000,-0.015340,-3.360372,2.000000
4.217000,-0.018408,-3.395445,2.000000
4.218000,-0.021476,-3.395445,2.000000
4.219000,-0.024544,-3.395445,2.000000
4.220000,-0.027612,-3.146336,2.000000
4.221000,-0.030680,-3.057970,2.000000
4.222000,-0.033748,-3.057970,2.000000
4.223000,-0.036816,-3.057970,2.000000
4.224000,-0.036816,-3.057970,2.000000
4.225000,-0.039884,-2.673451,2.000000
4.226000,-0.042951,-2.632282,2.000000
4.227000,-0.042951,-2.632282,2.000000
4.228000,-0.046019,-2.632282,2.000000
4.229000,-0.049087,-2.632282,2.000000
4.230000,-0.049087,-2.632282,2.000000
4.231000,-0.052155,-2.247974,2.000000
4.232000,-0.052155,-1.900823,2.000000
4.233000,-0.055223,-2.095627,2.000000
4.234000,-0.055223,-2.095627,2.000000
4.235000,-0.058291,-2.095627,2.000000
4.236000,-0.058291,-2.095627,2.000000
4.237000,-0.058291,-2.095627,2.000000
4.238000,-0.061359,-2.095627,2.000000
4.239000,-0.061359,-1.885362,2.000000
4.240000,-0.061359,-1.634125,2.000000
4.241000,-0.061359,-1.442010,2.000000
4.242000,-0.064427,-1.290741,2.000000
4.243000,-0.064427,-1.167263,2.000000
4.244000,-0.064427,-1.065775,2.000000
4.245000,-0.064427,-0.981121,2.000000
4.246000,-0.064427,-0.908565,2.000000
4.247000,-0.064427,-0.845679,2.000000
4.248000,-0.064427,-0.791679,2.000000
4.249000,-0.064427,-0.791679,2.000000
4.250000,-0.064427,-0.700797,2.000000
4.251000,-0.064427,-0.700797,2.000000
4.252000,-0.064427,-0.662983,2.000000
4.253000,-0.064427,-0.598493,2.000000
4.254000,-0.064427,-0.598493,2.000000
4.255000,-0.061359,0.545128,2.000000
4.256000,-0.061359,0.545128,2.000000
4.257000,-0.058291,1.345833,2.000000
4.258000,-0.058291,1.345833,2.000000
4.259000,-0.058291,1.345833,2.000000
4.260000,-0.058291,1.345833,2.000000
4.261000,-0.055223,1.345833,2.000000
4.262000,-0.055223,1.345833,2.000000
4.263000,-0.052155,1.345833,2.000000
4.264000,-0.052155,1.345833,2.000000
4.265000,-0.049087,1.345833,2.000000
4.266000,-0.049087,1.345833,2.000000
4.267000,-0.046019,0.501262,2.000000
4.268000,-0.046019,0.501262,2.000000
4.269000,-0.042951,0.501262,2.000000
4.270000,-0.039884,0.501262,2.000000
4.271000,-0.036816,0.501262,2.000000
4.272000,-0.036816,0.501262,2.000000
4.273000,-0.033748,1.720761,2.000000
4.274000,-0.030680,1.720761,2.000000
4.275000,-0.027612,1.720761,2.000000
4.276000,-0.027612,1.720761,2.000000
4.277000,-0.027612,1.720761,2.000000
4.278000,-0.021476,2.284846,2.000000
4.279000,-0.018408,2.284846,2.000000
4.280000,-0.015340,2.284846,2.000000
4.281000,-0.012272,2.284846,2.000000
4.282000,-0.009204,2.718987,2.000000
4.283000,-0.009204,2.718987,2.000000
4.284000,-0.003068,2.718987,2.000000
4.285000,0.000000,2.718987,2.000000
4.286000,0.003068,3.080250,2.000000
4.287000,0.009204,3.080250,2.000000
4.288000,0.012272,3.080250,2.000000
4.289000,0.012272,3.080250,2.000000
4.290000,0.018408,3.392512,2.000000
4.291000,0.021476,3.392512,2.000000
4.292000,0.027612,3.667160,2.000000
4.293000,0.027612,3.667160,2.000000
4.294000,0.033748,3.667160,2.000000
4.295000,0.039884,3.924758,2.000000
4.296000,0.042951,3.924758,2.000000
4.297000,0.042951,3.924758,2.000000
4.298000,0.046019,3.924758,2.000000
4.299000,0.055223,4.151095,2.000000
4.300000,0.055223,4.151095,2.000000
4.301000,0.064427,4.357964,-2.000000
4.302000,0.067495,4.357964,-2.000000
4.303000,0.067495,4.357964,-2.000000
4.304000,0.076699,4.303059,-2.000000
4.305000,0.082835,4.303059,-2.000000
4.306000,0.082835,4.303059,-2.000000
4.307000,0.088971,4.527382,-2.000000
4.308000,0.095107,4.527382,-2.000000
4.309000,0.098175,4.406078,-2.000000
4.310000,0.101243,4.129212,-2.000000
4.311000,0.107379,4.129212,-2.000000
4.312000,0.110447,4.129212,-2.000000
4.313000,0.110447,4.129212,-2.000000
4.314000,0.116583,3.850595,-2.000000
4.315000,0.119651,3.850595,-2.000000
4.316000,0.122718,3.577146,-2.000000
4.317000,0.125786,3.560770,-2.000000
4.318000,0.128854,3.560770,-2.000000
4.319000,0.128854,3.560770,-2.000000
4.320000,0.134990,3.237183,-2.000000
4.321000,0.138058,3.196140,-2.000000
4.322000,0.141126,3.196140,-2.000000
4.323000,0.144194,3.196140,-2.000000
4.324000,0.147262,3.196140,-2.000000
4.325000,0.150330,2.828212,-2.000000
4.326000,0.150330,2.828212,-2.000000
4.327000,0.153398,2.828212,-2.000000
4.328000,0.156466,2.828212,-2.000000
4.329000,0.156466,2.828212,-2.000000
4.330000,0.159534,2.445464,-2.000000
4.331000,0.162602,2.340739,-2.000000
4.332000,0.162602,2.340739,-2.000000
4.333000,0.165670,2.340739,-2.000000
4.334000,0.165670,2.340739,-2.000000
4.335000,0.168738,2.340739,-2.000000
4.336000,0.168738,2.340739,-2.000000
4.337000,0.168738,2.027869,-2.000000
4.338000,0.171806,1.741171,-2.000000
4.339000,0.171806,1.741171,-2.000000
4.340000,0.171806,1.522989,-2.000000
4.341000,0.174874,1.706339,-2.000000
4.342000,0.174874,1.706339,-2.000000
4.343000,0.174874,1.706339,-2.000000
4.344000,0.174874,1.706339,-2.000000
4.345000,0.174874,1.706339,-2.000000
4.346000,0.177942,1.706339,-2.000000
4.347000,0.177942,1.706339,-2.000000
4.348000,0.177942,1.706339,-2.000000
4.349000,0.177942,1.602115,-2.000000
4.350000,0.177942,1.418219,-2.000000
4.351000,0.177942,1.271222,-2.000000
4.352000,0.177942,1.151345,-2.000000
4.353000,0.177942,1.052384,-2.000000
4.354000,0.177942,0.969629,-2.000000
4.355000,0.174874,-0.898583,-2.000000
4.356000,0.174874,-0.837445,-2.000000
4.357000,0.174874,-0.736929,-2.000000
4.358000,0.174874,-0.736929,-2.000000
4.359000,0.171806,-0.658064,-2.000000
4.360000,0.171806,-0.658064,-2.000000
4.361000,0.171806,-0.624337,-2.000000
4.362000,0.171806,-0.594181,-2.000000
4.363000,0.168738,-0.566650,-2.000000
4.364000,0.168738,-0.541604,-2.000000
4.365000,0.165670,-0.523491,-2.000000
4.366000,0.165670,-0.523491,-2.000000
4.367000,0.162602,-0.523491,-2.000000
4.368000,0.162602,-0.523491,-2.000000
4.369000,0.159534,-0.523491,-2.000000
4.370000,0.159534,-0.523491,-2.000000
4.371000,0.156466,-0.523491,-2.000000
4.372000,0.156466,-0.523491,-2.000000
4.373000,0.153398,-1.295345,-2.000000
4.374000,0.150330,-1.295345,-2.000000
4.375000,0.150330,-1.295345,-2.000000
4.376000,0.147262,-1.295345,-2.000000
4.377000,0.144194,-1.295345,-2.000000
4.378000,0.141126,-1.996694,-2.000000
4.379000,0.138058,-1.996694,-2.000000
4.380000,0.134990,-1.996694,-2.000000
4.381000,0.134990,-1.996694,-2.000000
4.382000,0.131922,-1.996694,-2.000000
4.383000,0.128854,-2.482469,-2.000000
4.384000,0.125786,-2.482469,-2.000000
4.385000,0.122718,-2.482469,-2.000000
4.386000,0.119651,-2.482469,-2.000000
4.387000,0.116583,-2.874951,-2.000000
4.388000,0.107379,-2.874951,-2.000000
4.389000,0.107379,-2.874951,-2.000000
4.390000,0.104311,-3.208629,-2.000000
4.391000,0.101243,-3.208629,-2.000000
4.392000,0.098175,-3.208629,-2.000000
4.393000,0.095107,-3.208629,-2.000000
4.394000,0.088971,-3.495271,-2.000000
4.395000,0.085903,-3.495271,-2.000000
4.396000,0.082835,-3.495271,-2.000000
4.397000,0.073631,-3.782418,-2.000000
4.398000,0.073631,-3.782418,-2.000000
4.399000,0.067495,-4.026380,-2.000000
4.400000,0.061359,-4.026380,2.000000
4.401000,0.061359,-4.026380,2.000000
4.402000,0.052155,-4.236114,2.000000
4.403000,0.052155,-4.236114,2.000000
4.404000,0.049087,-4.236114,2.000000
4.405000,0.046019,-4.236114,2.000000
4.406000,0.039884,-4.180832,2.000000
4.407000,0.036816,-4.180832,2.000000
4.408000,0.033748,-4.180832,2.000000
4.409000,0.030680,-4.057423,2.000000
4.410000,0.021476,-4.057423,2.000000
4.411000,0.018408,-3.740656,2.000000
4.412000,0.018408,-3.740656,2.000000
4.413000,0.015340,-3.740656,2.000000
4.414000,0.009204,-3.696216,2.000000
4.415000,0.009204,-3.696216,2.000000
4.416000,0.006136,-3.489321,2.000000
4.417000,0.000000,-3.489321,2.000000
4.418000,-0.003068,-3.390832,2.000000
4.419000,-0.006136,-3.145888,2.000000
4.420000,-0.006136,-3.145888,2.000000
4.421000,-0.012272,-3.145888,2.000000
4.422000,-0.012272,-3.145888,2.000000
4.423000,-0.015340,-3.145888,2.000000
4.424000,-0.015340,-2.735969,2.000000
4.425000,-0.021476,-2.771785,2.000000
4.426000,-0.021476,-2.771785,2.000000
4.427000,-0.021476,-2.771785,2.000000
4.428000,-0.024544,-2.771785,2.000000
4.429000,-0.027612,-2.160351,2.000000
4.430000,-0.027612,-2.160351,2.000000
4.431000,-0.030680,-2.299366,2.000000
4.432000,-0.030680,-2.299366,2.000000
4.433000,-0.033748,-2.299366,2.000000
4.434000,-0.033748,-2.299366,2.000000
4.435000,-0.036816,-2.196779,2.000000
4.436000,-0.036816,-2.196779,2.000000
4.437000,-0.039884,-1.864011,2.000000
4.438000,-0.039884,-1.618085,2.000000
4.439000,-0.039884,-1.429288,2.000000
4.440000,-0.039884,-1.280576,2.000000
4.441000,-0.042951,-1.672433,2.000000
4.442000,-0.042951,-1.672433,2.000000
4.443000,-0.042951,-1.672433,2.000000
4.444000,-0.042951,-1.672433,2.000000
4.445000,-0.042951,-1.672433,2.000000
4.446000,-0.046019,-1.672433,2.000000
4.447000,-0.046019,-1.555137,2.000000
4.448000,-0.046019,-1.555137,2.000000
4.449000,-0.046019,-1.240816,2.000000
4.450000,-0.046019,-1.240816,2.000000
4.451000,-0.046019,-1.126753,2.000000
4.452000,-0.046019,-1.032281,2.000000
4.453000,-0.042951,0.952326,2.000000
4.454000,-0.042951,0.883799,2.000000
4.455000,-0.042951,0.824533,2.000000
4.456000,-0.042951,0.772284,2.000000
4.457000,-0.042951,0.726847,2.000000
4.458000,-0.039884,0.686037,2.000000
4.459000,-0.039884,0.649602,2.000000
4.460000,-0.039884,0.616951,2.000000
4.461000,-0.039884,0.587585,2.000000
4.462000,-0.036816,0.560764,2.000000
4.463000,-0.036816,0.536168,2.000000
4.464000,-0.033748,0.526708,2.000000
4.465000,-0.033748,0.526708,2.000000
4.466000,-0.030680,0.526708,2.000000
4.467000,-0.030680,0.526708,2.000000
4.468000,-0.027612,0.526708,2.000000
4.469000,-0.027612,0.526708,2.000000
4.470000,-0.024544,0.526708,2.000000
4.471000,-0.021476,1.257089,2.000000
4.472000,-0.021476,1.257089,2.000000
4.473000,-0.018408,1.257089,2.000000
4.474000,-0.015340,1.257089,2.000000
4.475000,-0.015340,1.257089,2.000000
4.476000,-0.012272,1.257089,2.000000
4.477000,-0.009204,1.948135,2.000000
4.478000,-0.003068,1.948135,2.000000
4.479000,-0.003068,1.948135,2.000000
4.480000,-0.003068,1.948135,2.000000
4.481000,0.000000,1.948135,2.000000
4.482000,0.003068,2.432926,2.000000
4.483000,0.006136,2.432926,2.000000
4.484000,0.009204,2.432926,2.000000
4.485000,0.012272,2.432926,2.000000
4.486000,0.015340,2.819125,2.000000
4.487000,0.018408,2.819125,2.000000
4.488000,0.021476,2.819125,2.000000
4.489000,0.027612,3.138446,2.000000
4.490000,0.030680,3.138446,2.000000
4.491000,0.033748,3.138446,2.000000
4.492000,0.036816,3.138446,2.000000
4.493000,0.042951,3.426135,2.000000
4.494000,0.049087,3.426135,2.000000
4.495000,0.049087,3.426135,2.000000
4.496000,0.052155,3.682828,2.000000
4.497000,0.055223,3.682828,2.000000
4.498000,0.058291,3.682828,2.000000
4.499000,0.064427,3.910774,2.000000
4.500000,0.073631,3.910774,2.000000
4.501000,0.073631,3.910774,-2.000000
4.502000,0.076699,4.130177,-2.000000
4.503000,0.079767,4.130177,-2.000000
4.504000,0.085903,4.130177,-2.000000
4.505000,0.088971,4.072966,-2.000000
4.506000,0.092039,4.072966,-2.000000
4.507000,0.098175,4.072966,-2.000000
4.508000,0.101243,4.140474,-2.000000
4.509000,0.104311,4.140474,-2.000000
4.510000,0.110447,3.686761,-2.000000
4.511000,0.110447,3.686761,-2.000000
4.512000,0.116583,3.868940,-2.000000
4.513000,0.119651,3.868940,-2.000000
4.514000,0.122718,3.868940,-2.000000
4.515000,0.125786,3.567440,-2.000000
4.516000,0.131922,3.567440,-2.000000
4.517000,0.131922,3.567440,-2.000000
4.518000,0.134990,3.567440,-2.000000
4.519000,0.138058,3.198651,-2.000000
4.520000,0.141126,3.198651,-2.000000
4.521000,0.144194,3.198651,-2.000000
4.522000,0.147262,2.878416,-2.000000
4.523000,0.147262,2.878416,-2.000000
4.524000,0.150330,2.786786,-2.000000
4.525000,0.153398,2.786786,-2.000000
4.526000,0.156466,2.786786,-2.000000
4.527000,0.159534,2.730245,-2.000000
4.528000,0.159534,2.730245,-2.000000
4.529000,0.162602,2.323981,-2.000000
4.530000,0.162602,2.323981,-2.000000
4.531000,0.165670,2.323981,-2.000000
4.532000,0.165670,2.323981,-2.000000
4.533000,0.168738,2.323981,-2.000000
4.534000,0.168738,2.323981,-2.000000
4.535000,0.168738,1.879443,-2.000000
4.536000,0.168738,1.879443,-2.000000
4.537000,0.171806,1.439135,-2.000000
4.538000,0.171806,1.439135,-2.000000
4.539000,0.174874,1.698196,-2.000000
4.540000,0.174874,1.698196,-2.000000
4.541000,0.174874,1.698196,-2.000000
4.542000,0.174874,1.698196,-2.000000
4.543000,0.174874,1.698196,-2.000000
4.544000,0.174874,1.698196,-2.000000
4.545000,0.177942,1.698196,-2.000000
4.546000,0.177942,1.698196,-2.000000
4.547000,0.177942,1.566355,-2.000000
4.548000,0.177942,1.247496,-2.000000
4.549000,0.177942,1.247496,-2.000000
4.550000,0.174874,-1.037056,-2.000000
4.551000,0.174874,-1.037056,-2.000000
4.552000,0.174874,-0.887049,-2.000000
4.553000,0.174874,-0.887049,-2.000000
4.554000,0.174874,-0.774811,-2.000000
4.555000,0.174874,-0.774811,-2.000000
4.556000,0.171806,-0.688115,-2.000000
4.557000,0.171806,-0.688115,-2.000000
4.558000,0.171806,-0.618605,-2.000000
4.559000,0.171806,-0.618605,-2.000000
4.560000,0.168738,-0.562097,-2.000000
4.561000,0.168738,-0.562097,-2.000000
4.562000,0.165670,-0.535945,-2.000000
4.563000,0.165670,-0.535945,-2.000000
4.564000,0.165670,-0.535945,-2.000000
4.565000,0.162602,-0.535945,-2.000000
4.566000,0.162602,-0.535945,-2.000000
4.567000,0.156466,-0.535945,-2.000000
4.568000,0.156466,-0.535945,-2.000000
4.569000,0.156466,-0.535945,-2.000000
4.570000,0.153398,-1.272014,-2.000000
4.571000,0.150330,-1.272014,-2.000000
4.572000,0.150330,-1.272014,-2.000000
4.573000,0.144194,-1.272014,-2.000000
4.574000,0.144194,-1.272014,-2.000000
4.575000,0.141126,-1.970018,-2.000000
4.576000,0.138058,-1.970018,-2.000000
4.577000,0.138058,-1.970018,-2.000000
4.578000,0.131922,-1.970018,-2.000000
4.579000,0.131922,-1.970018,-2.000000
4.580000,0.125786,-2.460315,-2.000000
4.581000,0.125786,-2.460315,-2.000000
4.582000,0.119651,-2.460315,-2.000000
4.583000,0.119651,-2.460315,-2.000000
4.584000,0.113515,-2.856732,-2.000000
4.585000,0.113515,-2.856732,-2.000000
4.586000,0.107379,-2.856732,-2.000000
4.587000,0.107379,-2.856732,-2.000000
4.588000,0.098175,-3.192087,-2.000000
4.589000,0.098175,-3.192087,-2.000000
4.590000,0.092039,-3.474421,-2.000000
4.591000,0.092039,-3.474421,-2.000000
4.592000,0.082835,-3.474421,-2.000000
4.593000,0.082835,-3.751759,-2.000000
4.594000,0.079767,-3.751759,-2.000000
4.595000,0.076699,-3.751759,-2.000000
4.596000,0.067495,-3.988286,-2.000000
4.597000,0.067495,-3.988286,-2.000000
4.598000,0.064427,-3.988286,-2.000000
4.599000,0.058291,-3.988286,-2.000000
4.600000,0.055223,-4.199491,2.000000
4.601000,0.052155,-4.199491,2.000000
4.602000,0.046019,-4.199491,2.000000
4.603000,0.036816,-4.402588,2.000000
4.604000,0.036816,-4.402588,2.000000
4.605000,0.033748,-4.402588,2.000000
4.606000,0.030680,-4.188284,2.000000
4.607000,0.021476,-4.188284,2.000000
4.608000,0.021476,-4.188284,2.000000
4.609000,0.015340,-4.159909,2.000000
4.610000,0.015340,-4.159909,2.000000
4.611000,0.006136,-3.830114,2.000000
4.612000,0.006136,-3.830114,2.000000
4.613000,0.000000,-3.830114,2.000000
4.614000,0.000000,-3.830114,2.000000
4.615000,-0.003068,-3.812859,2.000000
4.616000,-0.006136,-3.562536,2.000000
4.617000,-0.009204,-3.562536,2.000000
4.618000,-0.015340,-3.423706,2.000000
4.619000,-0.015340,-3.423706,2.000000
4.620000,-0.021476,-3.181559,2.000000
4.621000,-0.024544,-3.181559,2.000000
4.622000,-0.027612,-3.181559,2.000000
4.623000,-0.027612,-2.729579,2.000000
4.624000,-0.030680,-2.794278,2.000000
4.625000,-0.030680,-2.794278,2.000000
4.626000,-0.033748,-2.794278,2.000000
4.627000,-0.036816,-2.794278,2.000000
4.628000,-0.036816,-2.794278,2.000000
4.629000,-0.039884,-2.146162,2.000000
4.630000,-0.039884,-2.146162,2.000000
4.631000,-0.042951,-2.302398,2.000000
4.632000,-0.046019,-2.302398,2.000000
4.633000,-0.046019,-2.302398,2.000000
4.634000,-0.049087,-2.302398,2.000000
4.635000,-0.049087,-2.182529,2.000000
4.636000,-0.049087,-2.182529,2.000000
4.637000,-0.052155,-1.610335,2.000000
4.638000,-0.052155,-1.423976,2.000000
4.639000,-0.052155,-1.423976,2.000000
4.640000,-0.055223,-1.659759,2.000000
4.641000,-0.055223,-1.659759,2.000000
4.642000,-0.055223,-1.659759,2.000000
4.643000,-0.055223,-1.659759,2.000000
4.644000,-0.055223,-1.659759,2.000000
4.645000,-0.055223,-1.659759,2.000000
4.646000,-0.055223,-1.659759,2.000000
4.647000,-0.055223,-1.621809,2.000000
4.648000,-0.055223,-1.431261,2.000000
4.649000,-0.055223,-1.282081,2.000000
4.650000,-0.055223,-1.282081,2.000000
4.651000,-0.055223,-1.060912,2.000000
4.652000,-0.055223,-0.976210,2.000000
4.653000,-0.055223,-0.976210,2.000000
4.654000,-0.055223,-0.841953,2.000000
4.655000,-0.055223,-0.841953,2.000000
4.656000,-0.052155,0.740640,2.000000
4.657000,-0.052155,0.698386,2.000000
4.658000,-0.052155,0.698386,2.000000
4.659000,-0.052155,0.660941,2.000000
4.660000,-0.049087,0.627134,2.000000
4.661000,-0.046019,0.566571,2.000000
4.662000,-0.046019,0.566571,2.000000
4.663000,-0.046019,0.566571,2.000000
4.664000,-0.042951,0.566571,2.000000
4.665000,-0.042951,0.566571,2.000000
4.666000,-0.039884,0.566571,2.000000
4.667000,-0.039884,0.566571,2.000000
4.668000,-0.036816,0.566571,2.000000
4.669000,-0.033748,1.223746,2.000000
4.670000,-0.033748,1.223746,2.000000
4.671000,-0.030680,1.223746,2.000000
4.672000,-0.027612,1.223746,2.000000
4.673000,-0.024544,1.223746,2.000000
4.674000,-0.024544,1.223746,2.000000
4.675000,-0.021476,1.951043,2.000000
4.676000,-0.021476,1.951043,2.000000
4.677000,-0.015340,1.951043,2.000000
4.678000,-0.012272,1.951043,2.000000
4.679000,-0.012272,1.951043,2.000000
4.680000,-0.006136,2.453211,2.000000
4.681000,-0.003068,2.453211,2.000000
4.682000,-0.003068,2.453211,2.000000
4.683000,0.003068,2.857185,2.000000
4.684000,0.006136,2.857185,2.000000
4.685000,0.006136,2.857185,2.000000
4.686000,0.012272,2.857185,2.000000
4.687000,0.012272,2.857185,2.000000
4.688000,0.018408,3.197841,2.000000
4.689000,0.021476,3.197841,2.000000
4.690000,0.021476,3.197841,2.000000
4.691000,0.030680,3.491086,2.000000
4.692000,0.033748,3.491086,2.000000
4.693000,0.033748,3.491086,2.000000
4.694000,0.042951,3.763023,2.000000
4.695000,0.042951,3.763023,2.000000
4.696000,0.052155,4.004591,2.000000
4.697000,0.055223,4.004591,2.000000
4.698000,0.055223,4.004591,2.000000
4.699000,0.064427,4.225782,2.000000
4.700000,0.067495,4.225782,2.000000
4.701000,0.067495,4.225782,-2.000000
4.702000,0.076699,4.439730,-2.000000
4.703000,0.076699,4.439730,-2.000000
4.704000,0.085903,4.439730,-2.000000
4.705000,0.088971,4.341924,-2.000000
4.706000,0.088971,4.341924,-2.000000
4.707000,0.098175,4.341924,-2.000000
4.708000,0.101243,4.366903,-2.000000
4.709000,0.101243,4.366903,-2.000000
4.710000,0.110447,4.366903,-2.000000
4.711000,0.110447,4.366903,-2.000000
4.712000,0.116583,4.040576,-2.000000
4.713000,0.122718,4.040576,-2.000000
4.714000,0.125786,3.748989,-2.000000
4.715000,0.125786,3.748989,-2.000000
4.716000,0.131922,3.748989,-2.000000
4.717000,0.131922,3.748989,-2.000000
4.718000,0.138058,3.494013,-2.000000
4.719000,0.141126,3.494013,-2.000000
4.720000,0.141126,3.494013,-2.000000
4.721000,0.147262,3.494013,-2.000000
4.722000,0.150330,3.103686,-2.000000
4.723000,0.150330,3.103686,-2.000000
4.724000,0.153398,3.103686,-2.000000
4.725000,0.156466,3.103686,-2.000000
4.726000,0.156466,3.103686,-2.000000
4.727000,0.162602,2.685942,-2.000000
4.728000,0.162602,2.685942,-2.000000
4.729000,0.165670,2.685942,-2.000000
4.730000,0.168738,2.685942,-2.000000
4.731000,0.168738,2.685942,-2.000000
4.732000,0.171806,2.327575,-2.000000
4.733000,0.171806,2.327575,-2.000000
4.734000,0.174874,2.180714,-2.000000
4.735000,0.174874,2.180714,-2.000000
4.736000,0.174874,2.180714,-2.000000
4.737000,0.177942,2.180714,-2.000000
4.738000,0.181010,2.180714,-2.000000
4.739000,0.181010,2.180714,-2.000000
4.740000,0.181010,1.820978,-2.000000
4.741000,0.181010,1.586139,-2.000000
4.742000,0.181010,1.586139,-2.000000
4.743000,0.184078,1.260455,-2.000000
4.744000,0.184078,1.142803,-2.000000
4.745000,0.184078,1.045776,-2.000000
4.746000,0.184078,0.963391,-2.000000
4.747000,0.184078,0.963391,-2.000000
4.748000,0.187146,1.506010,-2.000000
4.749000,0.187146,1.506010,-2.000000
4.750000,0.187146,1.506010,-2.000000
4.751000,0.187146,1.506010,-2.000000
4.752000,0.187146,1.506010,-2.000000
4.753000,0.187146,1.506010,-2.000000
4.754000,0.187146,1.506010,-2.000000
4.755000,0.184078,-1.402940,-2.000000
4.756000,0.184078,-1.258588,-2.000000
4.757000,0.184078,-1.258588,-2.000000
4.758000,0.184078,-1.044446,-2.000000
4.759000,0.184078,-1.044446,-2.000000
4.760000,0.181010,-0.962910,-2.000000
4.761000,0.181010,-0.892856,-2.000000
4.762000,0.181010,-0.832135,-2.000000
4.763000,0.177942,-0.777968,-2.000000
4.764000,0.177942,-0.777968,-2.000000
4.765000,0.177942,-0.777968,-2.000000
4.766000,0.174874,-0.777968,-2.000000
4.767000,0.174874,-0.777968,-2.000000
4.768000,0.171806,-0.777968,-2.000000
4.769000,0.171806,-0.777968,-2.000000
4.770000,0.168738,-0.777968,-2.000000
4.771000,0.165670,-0.971065,-2.000000
4.772000,0.162602,-0.971065,-2.000000
4.773000,0.162602,-0.971065,-2.000000
4.774000,0.162602,-0.971065,-2.000000
4.775000,0.159534,-0.971065,-2.000000
4.776000,0.153398,-1.829980,-2.000000
4.777000,0.150330,-1.829980,-2.000000
4.778000,0.150330,-1.829980,-2.000000
4.779000,0.147262,-1.829980,-2.000000
4.780000,0.147262,-1.829980,-2.000000
4.781000,0.141126,-2.359876,-2.000000
4.782000,0.138058,-2.359876,-2.000000
4.783000,0.138058,-2.359876,-2.000000
4.784000,0.131922,-2.359876,-2.000000
4.785000,0.128854,-2.765590,-2.000000
4.786000,0.125786,-2.765590,-2.000000
4.787000,0.125786,-2.765590,-2.000000
4.788000,0.119651,-2.765590,-2.000000
4.789000,0.116583,-3.107223,-2.000000
4.790000,0.113515,-3.107223,-2.000000
4.791000,0.113515,-3.107223,-2.000000
4.792000,0.104311,-3.408241,-2.000000
4.793000,0.101243,-3.408241,-2.000000
4.794000,0.098175,-3.408241,-2.000000
4.795000,0.095107,-3.408241,-2.000000
4.796000,0.088971,-3.670985,-2.000000
4.797000,0.085903,-3.670985,-2.000000
4.798000,0.082835,-3.670985,-2.000000
4.799000,0.082835,-3.670985,-2.000000
4.800000,0.073631,-3.937543,-2.000000
4.801000,0.070563,-3.937543,2.000000
4.802000,0.064427,-4.155565,2.000000
4.803000,0.061359,-4.155565,2.000000
4.804000,0.058291,-4.155565,2.000000
4.805000,0.052155,-4.176268,2.000000
4.806000,0.049087,-4.176268,2.000000
4.807000,0.046019,-4.176268,2.000000
4.808000,0.039884,-4.134371,2.000000
4.809000,0.036816,-4.134371,2.000000
4.810000,0.033748,-4.134371,2.000000
4.811000,0.030680,-3.867229,2.000000
4.812000,0.027612,-3.867229,2.000000
4.813000,0.024544,-3.867229,2.000000
4.814000,0.018408,-3.535763,2.000000
4.815000,0.015340,-3.535763,2.000000
4.816000,0.012272,-3.535763,2.000000
4.817000,0.009204,-3.535763,2.000000
4.818000,0.006136,-3.265707,2.000000
4.819000,0.006136,-3.265707,2.000000
4.820000,0.003068,-3.265707,2.000000
4.821000,0.000000,-3.265707,2.000000
4.822000,0.000000,-3.265707,2.000000
4.823000,-0.006136,-2.863351,2.000000
4.824000,-0.009204,-2.863351,2.000000
4.825000,-0.009204,-2.863351,2.000000
4.826000,-0.009204,-2.863351,2.000000
4.827000,-0.015340,-2.799616,2.000000
4.828000,-0.015340,-2.276986,2.000000
4.829000,-0.018408,-2.420118,2.000000
4.830000,-0.021476,-2.420118,2.000000
4.831000,-0.021476,-2.420118,2.000000
4.832000,-0.021476,-2.420118,2.000000
4.833000,-0.024544,-2.420118,2.000000
4.834000,-0.024544,-2.145063,2.000000
4.835000,-0.027612,-1.828193,2.000000
4.836000,-0.027612,-1.591014,2.000000
4.837000,-0.030680,-1.835614,2.000000
4.838000,-0.030680,-1.835614,2.000000
4.839000,-0.030680,-1.835614,2.000000
4.840000,-0.033748,-1.835614,2.000000
4.841000,-0.033748,-1.835614,2.000000
4.842000,-0.033748,-1.835614,2.000000
4.843000,-0.033748,-1.835614,2.000000
4.844000,-0.033748,-1.835614,2.000000
4.845000,-0.033748,-1.474130,2.000000
4.846000,-0.033748,-1.316357,2.000000
4.847000,-0.033748,-1.188473,2.000000
4.848000,-0.033748,-1.084583,2.000000
4.849000,-0.033748,-0.995539,2.000000
4.850000,-0.033748,-0.995539,2.000000
4.851000,-0.033748,-0.856828,2.000000
4.852000,-0.033748,-0.856828,2.000000
4.853000,-0.033748,-0.752052,2.000000
4.854000,-0.033748,-0.708289,2.000000
4.855000,-0.033748,-0.669830,2.000000
4.856000,-0.033748,-0.635201,2.000000
4.857000,-0.030680,0.603868,2.000000
4.858000,-0.030680,0.575487,2.000000
4.859000,-0.030680,0.549770,2.000000
4.860000,-0.027612,0.526231,2.000000
4.861000,-0.027612,0.504595,2.000000
4.862000,-0.027612,0.484603,2.000000
4.863000,-0.024544,0.466204,2.000000
4.864000,-0.024544,0.449153,2.000000
4.865000,-0.021476,0.444017,2.000000
4.866000,-0.021476,0.444017,2.000000
4.867000,-0.018408,0.444017,2.000000
4.868000,-0.018408,0.444017,2.000000
4.869000,-0.015340,0.444017,2.000000
4.870000,-0.012272,0.444017,2.000000
4.871000,-0.012272,0.444017,2.000000
4.872000,-0.009204,1.445710,2.000000
4.873000,-0.006136,1.445710,2.000000
4.874000,-0.006136,1.445710,2.000000
4.875000,-0.003068,1.445710,2.000000
4.876000,-0.003068,1.445710,2.000000
4.877000,0.003068,2.071897,2.000000
4.878000,0.006136,2.071897,2.000000
4.879000,0.009204,2.071897,2.000000
4.880000,0.009204,2.071897,2.000000
4.881000,0.012272,2.071897,2.000000
4.882000,0.012272,2.071897,2.000000
4.883000,0.018408,2.537224,2.000000
4.884000,0.021476,2.537224,2.000000
4.885000,0.024544,2.537224,2.000000
4.886000,0.024544,2.537224,2.000000
4.887000,0.033748,2.908509,2.000000
4.888000,0.036816,2.908509,2.000000
4.889000,0.039884,3.230638,2.000000
4.890000,0.042951,3.230638,2.000000
4.891000,0.046019,3.230638,2.000000
4.892000,0.046019,3.230638,2.000000
4.893000,0.055223,3.509138,2.000000
4.894000,0.058291,3.509138,2.000000
4.895000,0.061359,3.509138,2.000000
4.896000,0.064427,3.760061,2.000000
4.897000,0.070563,3.760061,2.000000
4.898000,0.073631,3.760061,2.000000
4.899000,0.079767,3.999298,2.000000
4.900000,0.079767,3.999298,-2.000000
4.901000,0.085903,3.999298,-2.000000
4.902000,0.092039,4.205367,-2.000000
4.903000,0.095107,4.205367,-2.000000
4.904000,0.098175,4.205367,-2.000000
4.905000,0.104311,4.116017,-2.000000
4.906000,0.104311,4.116017,-2.000000
4.907000,0.110447,4.116017,-2.000000
4.908000,0.113515,3.989313,-2.000000
4.909000,0.116583,3.989313,-2.000000
4.910000,0.122718,3.989313,-2.000000
4.911000,0.122718,3.989313,-2.000000
4.912000,0.128854,3.629054,-2.000000
4.913000,0.131922,3.629054,-2.000000
4.914000,0.131922,3.629054,-2.000000
4.915000,0.138058,3.414154,-2.000000
4.916000,0.141126,3.414154,-2.000000
4.917000,0.144194,3.414154,-2.000000
4.918000,0.144194,3.414154,-2.000000
4.919000,0.150330,3.005227,-2.000000
4.920000,0.150330,3.005227,-2.000000
4.921000,0.153398,3.005227,-2.000000
4.922000,0.156466,3.005227,-2.000000
4.923000,0.159534,3.005227,-2.000000
4.924000,0.159534,2.453858,-2.000000
4.925000,0.162602,2.590941,-2.000000
4.926000,0.165670,2.590941,-2.000000
4.927000,0.165670,2.590941,-2.000000
4.928000,0.168738,2.590941,-2.000000
4.929000,0.168738,2.567086,-2.000000
4.930000,0.171806,2.122397,-2.000000
4.931000,0.171806,1.807737,-2.000000
4.932000,0.174874,2.070678,-2.000000
4.933000,0.174874,2.070678,-2.000000
4.934000,0.177942,2.070678,-2.000000
4.935000,0.177942,2.070678,-2.000000
4.936000,0.177942,2.070678,-2.000000
4.937000,0.177942,2.070678,-2.000000
4.938000,0.181010,1.816851,-2.000000
4.939000,0.181010,1.583206,-2.000000
4.940000,0.181010,1.401916,-2.000000
4.941000,0.181010,1.258646,-2.000000
4.942000,0.184078,1.141312,-2.000000
4.943000,0.184078,1.044510,-2.000000
4.944000,0.184078,0.962448,-2.000000
4.945000,0.184078,0.892634,-2.000000
4.946000,0.184078,0.831970,-2.000000
4.947000,0.184078,0.779236,-2.000000
4.948000,0.184078,0.732544,-2.000000
4.949000,0.184078,0.691164,-2.000000
4.950000,0.184078,0.654430,-2.000000
4.951000,0.181010,-0.621219,-2.000000
4.952000,0.181010,-0.591333,-2.000000
4.953000,0.181010,-0.564112,-2.000000
4.954000,0.181010,-0.539363,-2.000000
4.955000,0.181010,-0.516710,-2.000000
4.956000,0.177942,-1.314160,-2.000000
4.957000,0.177942,-1.314160,-2.000000
4.958000,0.177942,-1.314160,-2.000000
4.959000,0.174874,-1.314160,-2.000000
4.960000,0.174874,-1.314160,-2.000000
4.961000,0.174874,-1.314160,-2.000000
4.962000,0.171806,-1.314160,-2.000000
4.963000,0.168738,-1.314160,-2.000000
4.964000,0.168738,-1.314160,-2.000000
4.965000,0.165670,-0.506327,-2.000000
4.966000,0.165670,-0.506327,-2.000000
4.967000,0.162602,-0.506327,-2.000000
4.968000,0.162602,-0.506327,-2.000000
4.969000,0.159534,-0.506327,-2.000000
4.970000,0.156466,-0.506327,-2.000000
4.971000,0.156466,-0.506327,-2.000000
4.972000,0.156466,-0.506327,-2.000000
4.973000,0.153398,-1.696207,-2.000000
4.974000,0.150330,-1.696207,-2.000000
4.975000,0.144194,-1.696207,-2.000000
4.976000,0.144194,-1.696207,-2.000000
4.977000,0.141126,-2.253984,-2.000000
4.978000,0.138058,-2.253984,-2.000000
4.979000,0.138058,-2.253984,-2.000000
4.980000,0.131922,-2.253984,-2.000000
4.981000,0.128854,-2.680150,-2.000000
4.982000,0.128854,-2.680150,-2.000000
4.983000,0.122718,-2.680150,-2.000000
4.984000,0.119651,-2.680150,-2.000000
4.985000,0.119651,-2.680150,-2.000000
4.986000,0.110447,-3.036730,-2.000000
4.987000,0.107379,-3.036730,-2.000000
4.988000,0.107379,-3.036730,-2.000000
4.989000,0.104311,-3.342765,-2.000000
4.990000,0.098175,-3.342765,-2.000000
4.991000,0.098175,-3.342765,-2.000000
4.992000,0.088971,-3.605802,-2.000000
4.993000,0.085903,-3.605802,-2.000000
4.994000,0.085903,-3.605802,-2.000000
4.995000,0.076699,-3.875116,-2.000000
4.996000,0.073631,-3.875116,-2.000000
4.997000,0.073631,-3.875116,-2.000000
4.998000,0.064427,-4.099992,-2.000000
4.999000,0.061359,-4.099992,-2.000000
5.000000,0.061359,-4.099992,-2.000000
5.001000,0.052155,-4.294296,2.000000
5.002000,0.052155,-4.294296,2.000000
5.003000,0.046019,-4.294296,2.000000
5.004000,0.036816,-4.491457,2.000000
5.005000,0.036816,-4.491457,2.000000
5.006000,0.033748,-4.491457,2.000000
5.007000,0.030680,-4.302179,2.000000
5.008000,0.021476,-4.302179,2.000000
5.009000,0.018408,-4.252936,2.000000
5.010000,0.015340,-4.252936,2.000000
5.011000,0.009204,-4.252936,2.000000
5.012000,0.006136,-3.911709,2.000000
5.013000,0.003068,-3.911709,2.000000
5.014000,0.000000,-3.911709,2.000000
5.015000,0.000000,-3.911709,2.000000
5.016000,-0.006136,-3.614505,2.000000
5.017000,-0.009204,-3.614505,2.000000
5.018000,-0.012272,-3.614505,2.000000
5.019000,-0.015340,-3.204126,2.000000
5.020000,-0.018408,-3.307602,2.000000
5.021000,-0.021476,-3.307602,2.000000
5.022000,-0.024544,-3.307602,2.000000
5.023000,-0.027612,-3.151262,2.000000
5.024000,-0.030680,-2.907312,2.000000
5.025000,-0.030680,-2.907312,2.000000
5.026000,-0.033748,-2.907312,2.000000
5.027000,-0.036816,-2.907312,2.000000
5.028000,-0.039884,-2.823954,2.000000
5.029000,-0.039884,-2.293166,2.000000
5.030000,-0.042951,-2.446710,2.000000
5.031000,-0.046019,-2.446710,2.000000
5.032000,-0.046019,-2.446710,2.000000
5.033000,-0.049087,-2.446710,2.000000
5.034000,-0.049087,-2.446710,2.000000
5.035000,-0.052155,-2.149326,2.000000
5.036000,-0.052155,-2.149326,2.000000
5.037000,-0.052155,-1.591975,2.000000
5.038000,-0.055223,-1.855801,2.000000
5.039000,-0.055223,-1.855801,2.000000
5.040000,-0.055223,-1.855801,2.000000
5.041000,-0.058291,-1.855801,2.000000
5.042000,-0.058291,-1.855801,2.000000
5.043000,-0.058291,-1.855801,2.000000
5.044000,-0.058291,-1.855801,2.000000
5.045000,-0.058291,-1.651443,2.000000
5.046000,-0.058291,-1.651443,2.000000
5.047000,-0.058291,-1.455843,2.000000
5.048000,-0.058291,-1.301771,2.000000
5.049000,-0.058291,-1.176574,2.000000
5.050000,-0.058291,-0.987476,2.000000
5.051000,-0.058291,-0.913700,2.000000
5.052000,-0.058291,-0.850673,2.000000
5.053000,-0.058291,-0.850673,2.000000
5.054000,-0.058291,-0.795133,2.000000
5.055000,-0.058291,-0.747160,2.000000
5.056000,-0.058291,-0.704124,2.000000
5.057000,-0.058291,-0.665765,2.000000
5.058000,-0.058291,-0.631548,2.000000
5.059000,-0.055223,0.600649,2.000000
5.060000,-0.055223,0.572567,2.000000
5.061000,-0.052155,0.523811,2.000000
5.062000,-0.052155,0.502291,2.000000
5.063000,-0.052155,0.482477,2.000000
5.064000,-0.049087,0.464233,2.000000
5.065000,-0.049087,0.464233,2.000000
5.066000,-0.049087,0.447308,2.000000
5.067000,-0.046019,0.447405,2.000000
5.068000,-0.046019,0.447405,2.000000
5.069000,-0.042951,0.447405,2.000000
5.070000,-0.039884,0.447405,2.000000
5.071000,-0.039884,0.447405,2.000000
5.072000,-0.036816,0.447405,2.000000
5.073000,-0.033748,1.461115,2.000000
5.074000,-0.033748,1.461115,2.000000
5.075000,-0.030680,1.461115,2.000000
5.076000,-0.027612,1.461115,2.000000
5.077000,-0.024544,1.461115,2.000000
5.078000,-0.024544,1.461115,2.000000
5.079000,-0.021476,2.102238,2.000000
5.080000,-0.018408,2.102238,2.000000
5.081000,-0.015340,2.102238,2.000000
5.082000,-0.012272,2.102238,2.000000
5.083000,-0.009204,2.571097,2.000000
5.084000,-0.003068,2.571097,2.000000
5.085000,0.000000,2.571097,2.000000
5.086000,0.000000,2.571097,2.000000
5.087000,0.006136,2.952368,2.000000
5.088000,0.006136,2.952368,2.000000
5.089000,0.009204,2.952368,2.000000
5.090000,0.012272,2.952368,2.000000
5.091000,0.018408,3.277761,2.000000
5.092000,0.021476,3.277761,2.000000
5.093000,0.027612,3.561875,2.000000
5.094000,0.027612,3.561875,2.000000
5.095000,0.033748,3.561875,2.000000
5.096000,0.039884,3.828322,2.000000
5.097000,0.046019,3.828322,2.000000
5.098000,0.046019,3.828322,2.000000
5.099000,0.049087,3.828322,2.000000
5.100000,0.052155,4.061769,-2.000000
5.101000,0.058291,4.061769,-2.000000
5.102000,0.061359,4.061769,-2.000000
5.103000,0.064427,4.271729,-2.000000
5.104000,0.070563,4.271729,-2.000000
5.105000,0.073631,4.271729,-2.000000
5.106000,0.076699,4.163084,-2.000000
5.107000,0.082835,4.163084,-2.000000
5.108000,0.085903,4.163084,-2.000000
5.109000,0.088971,4.100753,-2.000000
5.110000,0.092039,4.100753,-2.000000
5.111000,0.098175,4.100753,-2.000000
5.112000,0.101243,3.732361,-2.000000
5.113000,0.104311,3.732361,-2.000000
5.114000,0.107379,3.732361,-2.000000
5.115000,0.113515,3.506952,-2.000000
5.116000,0.113515,3.506952,-2.000000
5.117000,0.116583,3.506952,-2.000000
5.118000,0.119651,3.460459,-2.000000
5.119000,0.122718,3.460459,-2.000000
5.120000,0.125786,3.121217,-2.000000
5.121000,0.128854,3.121217,-2.000000
5.122000,0.128854,3.121217,-2.000000
5.123000,0.131922,3.121217,-2.000000
5.124000,0.134990,2.798730,-2.000000
5.125000,0.138058,2.724151,-2.000000
5.126000,0.138058,2.724151,-2.000000
5.127000,0.141126,2.724151,-2.000000
5.128000,0.144194,2.724151,-2.000000
5.129000,0.144194,2.724151,-2.000000
5.130000,0.150330,2.254686,-2.000000
5.131000,0.150330,2.254686,-2.000000
5.132000,0.153398,2.254686,-2.000000
5.133000,0.153398,2.254686,-2.000000
5.134000,0.153398,2.254686,-2.000000
5.135000,0.153398,2.254686,-2.000000
5.136000,0.156466,2.254686,-2.000000
5.137000,0.156466,1.983778,-2.000000
5.138000,0.156466,1.707199,-2.000000
5.139000,0.159534,1.498874,-2.000000
5.140000,0.159534,1.336004,-2.000000
5.141000,0.159534,1.205123,-2.000000
5.142000,0.162602,1.586267,-2.000000
5.143000,0.162602,1.586267,-2.000000
5.144000,0.162602,1.586267,-2.000000
5.145000,0.162602,1.586267,-2.000000
5.146000,0.162602,1.586267,-2.000000
5.147000,0.162602,1.586267,-2.000000
5.148000,0.162602,1.586267,-2.000000
5.149000,0.162602,1.586267,-2.000000
5.150000,0.162602,1.315743,-2.000000
5.151000,0.162602,1.315743,-2.000000
5.152000,0.162602,1.083754,-2.000000
5.153000,0.162602,1.083754,-2.000000
5.154000,0.162602,0.995437,-2.000000
5.155000,0.159534,0.920656,-2.000000
5.156000,0.159534,0.857076,-2.000000
5.157000,0.159534,0.751711,-2.000000
5.158000,0.159534,0.751711,-2.000000
5.159000,0.156466,-0.669664,-2.000000
5.160000,0.156466,-0.669664,-2.000000
5.161000,0.156466,-0.634912,-2.000000
5.162000,0.153398,-0.619737,-2.000000
5.163000,0.150330,-0.619737,-2.000000
5.164000,0.150330,-0.619737,-2.000000
5.165000,0.147262,-0.619737,-2.000000
5.166000,0.147262,-0.619737,-2.000000
5.167000,0.144194,-0.619737,-2.000000
5.168000,0.144194,-0.619737,-2.000000
5.169000,0.144194,-0.619737,-2.000000
5.170000,0.138058,-1.138534,-2.000000
5.171000,0.138058,-1.138534,-2.000000
5.172000,0.134990,-1.138534,-2.000000
5.173000,0.131922,-1.138534,-2.000000
5.174000,0.128854,-1.892404,-2.000000
5.175000,0.128854,-1.892404,-2.000000
5.176000,0.125786,-1.892404,-2.000000
5.177000,0.125786,-1.892404,-2.000000
5.178000,0.119651,-1.892404,-2.000000
5.179000,0.116583,-2.402966,-2.000000
5.180000,0.113515,-2.402966,-2.000000
5.181000,0.110447,-2.402966,-2.000000
5.182000,0.107379,-2.402966,-2.000000
5.183000,0.104311,-2.807685,-2.000000
5.184000,0.101243,-2.807685,-2.000000
5.185000,0.098175,-2.807685,-2.000000
5.186000,0.095107,-2.807685,-2.000000
5.187000,0.092039,-3.141593,-2.000000
5.188000,0.088971,-3.141593,-2.000000
5.189000,0.082835,-3.141593,-2.000000
5.190000,0.082835,-3.141593,-2.000000
5.191000,0.076699,-3.450473,-2.000000
5.192000,0.073631,-3.450473,-2.000000
5.193000,0.070563,-3.450473,-2.000000
5.194000,0.064427,-3.729100,-2.000000
5.195000,0.061359,-3.729100,-2.000000
5.196000,0.061359,-3.729100,-2.000000
5.197000,0.052155,-3.958305,-2.000000
5.198000,0.049087,-3.958305,-2.000000
5.199000,0.049087,-3.958305,-2.000000
5.200000,0.039884,-4.186042,-2.000000
5.201000,0.039884,-4.186042,2.000000
5.202000,0.030680,-4.398686,2.000000
5.203000,0.027612,-4.398686,2.000000
5.204000,0.027612,-4.398686,2.000000
5.205000,0.018408,-4.236419,2.000000
5.206000,0.015340,-4.236419,2.000000
5.207000,0.015340,-4.236419,2.000000
5.208000,0.006136,-4.304631,2.000000
5.209000,0.006136,-4.304631,2.000000
5.210000,-0.003068,-4.304631,2.000000
5.211000,-0.006136,-3.984671,2.000000
5.212000,-0.006136,-3.984671,2.000000
5.213000,-0.012272,-3.984671,2.000000
5.214000,-0.015340,-3.709327,2.000000
5.215000,-0.015340,-3.709327,2.000000
5.216000,-0.021476,-3.722141,2.000000
5.217000,-0.021476,-3.722141,2.000000
5.218000,-0.030680,-3.385116,2.000000
5.219000,-0.033748,-3.385116,2.000000
5.220000,-0.033748,-3.385116,2.000000
5.221000,-0.036816,-3.385116,2.000000
5.222000,-0.036816,-3.385116,2.000000
5.223000,-0.042951,-3.017482,2.000000
5.224000,-0.042951,-3.017482,2.000000
5.225000,-0.049087,-3.017482,2.000000
5.226000,-0.049087,-3.017482,2.000000
5.227000,-0.049087,-3.017482,2.000000
5.228000,-0.052155,-2.638043,2.000000
5.229000,-0.055223,-2.596133,2.000000
5.230000,-0.058291,-2.596133,2.000000
5.231000,-0.058291,-2.596133,2.000000
5.232000,-0.061359,-2.596133,2.000000
5.233000,-0.061359,-2.596133,2.000000
5.234000,-0.064427,-2.262063,2.000000
5.235000,-0.064427,-1.910779,2.000000
5.236000,-0.067495,-2.050362,2.000000
5.237000,-0.067495,-2.050362,2.000000
5.238000,-0.070563,-2.050362,2.000000
5.239000,-0.070563,-2.050362,2.000000
5.240000,-0.070563,-2.050362,2.000000
5.241000,-0.070563,-2.050362,2.000000
5.242000,-0.073631,-1.938727,2.000000
5.243000,-0.073631,-1.673177,2.000000
5.244000,-0.073631,-1.472634,2.000000
5.245000,-0.076699,-1.188227,2.000000
5.246000,-0.076699,-1.188227,2.000000
5.247000,-0.076699,-1.083433,2.000000
5.248000,-0.076699,-0.995188,2.000000
5.249000,-0.076699,-0.920215,2.000000
5.250000,-0.076699,-0.800434,2.000000
5.251000,-0.076699,-0.751247,2.000000
5.252000,-0.076699,-0.751247,2.000000
5.253000,-0.076699,-0.707932,2.000000
5.254000,-0.076699,-0.669495,2.000000
5.255000,-0.076699,-0.634886,2.000000
5.256000,-0.073631,0.575303,2.000000
5.257000,-0.073631,0.575303,2.000000
5.258000,-0.073631,0.549510,2.000000
5.259000,-0.073631,0.525873,2.000000
5.260000,-0.070563,1.306222,2.000000
5.261000,-0.070563,1.306222,2.000000
5.262000,-0.070563,1.306222,2.000000
5.263000,-0.067495,1.306222,2.000000
5.264000,-0.067495,1.306222,2.000000
5.265000,-0.067495,1.306222,2.000000
5.266000,-0.064427,1.306222,2.000000
5.267000,-0.064427,1.306222,2.000000
5.268000,-0.061359,1.306222,2.000000
5.269000,-0.061359,1.306222,2.000000
5.270000,-0.058291,0.509284,2.000000
5.271000,-0.058291,0.509284,2.000000
5.272000,-0.052155,0.509284,2.000000
5.273000,-0.052155,0.509284,2.000000
5.274000,-0.049087,0.509284,2.000000
5.275000,-0.046019,1.687944,2.000000
5.276000,-0.046019,1.687944,2.000000
5.277000,-0.042951,1.687944,2.000000
5.278000,-0.042951,1.687944,2.000000
5.279000,-0.039884,1.687944,2.000000
5.280000,-0.036816,1.687944,2.000000
5.281000,-0.030680,2.239933,2.000000
5.282000,-0.027612,2.239933,2.000000
5.283000,-0.027612,2.239933,2.000000
5.284000,-0.021476,2.672828,2.000000
5.285000,-0.021476,2.672828,2.000000
5.286000,-0.015340,2.672828,2.000000
5.287000,-0.015340,2.672828,2.000000
5.288000,-0.009204,3.020349,2.000000
5.289000,-0.009204,3.020349,2.000000
5.290000,-0.003068,3.020349,2.000000
5.291000,0.000000,3.020349,2.000000
5.292000,0.000000,3.322265,2.000000
5.293000,0.009204,3.322265,2.000000
5.294000,0.009204,3.322265,2.000000
5.295000,0.015340,3.594361,2.000000
5.296000,0.015340,3.594361,2.000000
5.297000,0.024544,3.594361,2.000000
5.298000,0.024544,3.594361,2.000000
5.299000,0.030680,3.832756,2.000000
5.300000,0.030680,3.832756,2.000000
5.301000,0.039884,4.060146,-2.000000
5.302000,0.039884,4.060146,-2.000000
5.303000,0.049087,4.060146,-2.000000
5.304000,0.049087,4.060146,-2.000000
5.305000,0.055223,4.068765,-2.000000
5.306000,0.055223,4.068765,-2.000000
5.307000,0.064427,4.141328,-2.000000
5.308000,0.064427,4.141328,-2.000000
5.309000,0.070563,4.141328,-2.000000
5.310000,0.076699,3.809867,-2.000000
5.311000,0.079767,3.809867,-2.000000
5.312000,0.079767,3.809867,-2.000000
5.313000,0.085903,3.809867,-2.000000
5.314000,0.088971,3.590023,-2.000000
5.315000,0.088971,3.590023,-2.000000
5.316000,0.095107,3.590023,-2.000000
5.317000,0.098175,3.556556,-2.000000
5.318000,0.098175,3.556556,-2.000000
5.319000,0.104311,3.179750,-2.000000
5.320000,0.104311,3.179750,-2.000000
5.321000,0.107379,3.179750,-2.000000
5.322000,0.110447,2.821682,-2.000000
5.323000,0.110447,2.821682,-2.000000
5.324000,0.116583,2.789866,-2.000000
5.325000,0.116583,2.789866,-2.000000
5.326000,0.116583,2.789866,-2.000000
5.327000,0.119651,2.789866,-2.000000
5.328000,0.122718,2.690268,-2.000000
5.329000,0.122718,2.208507,-2.000000
5.330000,0.125786,2.292000,-2.000000
5.331000,0.125786,2.292000,-2.000000
5.332000,0.128854,2.292000,-2.000000
5.333000,0.128854,2.292000,-2.000000
5.334000,0.131922,2.292000,-2.000000
5.335000,0.131922,1.886247,-2.000000
5.336000,0.131922,1.886247,-2.000000
5.337000,0.134990,1.634518,-2.000000
5.338000,0.134990,1.290783,-2.000000
5.339000,0.134990,1.290783,-2.000000
5.340000,0.138058,1.661323,-2.000000
5.341000,0.138058,1.661323,-2.000000
5.342000,0.138058,1.661323,-2.000000
5.343000,0.138058,1.661323,-2.000000
5.344000,0.138058,1.661323,-2.000000
5.345000,0.138058,1.661323,-2.000000
5.346000,0.138058,1.660127,-2.000000
5.347000,0.138058,1.462244,-2.000000
5.348000,0.138058,1.462244,-2.000000
5.349000,0.138058,1.181168,-2.000000
5.350000,0.138058,1.181168,-2.000000
5.351000,0.138058,0.989984,-2.000000
5.352000,0.138058,0.989984,-2.000000
5.353000,0.138058,0.852536,-2.000000
5.354000,0.138058,0.852536,-2.000000
5.355000,0.134990,-0.748800,-2.000000
5.356000,0.134990,-0.748800,-2.000000
5.357000,0.134990,-0.667538,-2.000000
5.358000,0.134990,-0.667538,-2.000000
5.359000,0.131922,-0.601682,-2.000000
5.360000,0.131922,-0.601682,-2.000000
5.361000,0.131922,-0.573687,-2.000000
5.362000,0.128854,-0.564941,-2.000000
5.363000,0.128854,-0.564941,-2.000000
5.364000,0.125786,-0.564941,-2.000000
5.365000,0.125786,-0.564941,-2.000000
5.366000,0.122718,-0.564941,-2.000000
5.367000,0.119651,-0.564941,-2.000000
5.368000,0.116583,-1.225153,-2.000000
5.369000,0.116583,-1.225153,-2.000000
5.370000,0.116583,-1.225153,-2.000000
5.371000,0.113515,-1.225153,-2.000000
5.372000,0.107379,-1.225153,-2.000000
5.373000,0.107379,-1.225153,-2.000000
5.374000,0.104311,-1.947174,-2.000000
5.375000,0.101243,-1.947174,-2.000000
5.376000,0.098175,-1.947174,-2.000000
5.377000,0.098175,-1.947174,-2.000000
5.378000,0.095107,-1.947174,-2.000000
5.379000,0.088971,-2.440775,-2.000000
5.380000,0.088971,-2.440775,-2.000000
5.381000,0.088971,-2.440775,-2.000000
5.382000,0.079767,-2.861052,-2.000000
5.383000,0.079767,-2.861052,-2.000000
5.384000,0.073631,-2.861052,-2.000000
5.385000,0.073631,-2.861052,-2.000000
5.386000,0.067495,-3.210389,-2.000000
5.387000,0.067495,-3.210389,-2.000000
5.388000,0.061359,-3.210389,-2.000000
5.389000,0.061359,-3.210389,-2.000000
5.390000,0.052155,-3.495215,-2.000000
5.391000,0.052155,-3.495215,-2.000000
5.392000,0.046019,-3.495215,-2.000000
5.393000,0.046019,-3.495215,-2.000000
5.394000,0.036816,-3.764691,-2.000000
5.395000,0.036816,-3.764691,-2.000000
5.396000,0.027612,-4.016551,-2.000000
5.397000,0.027612,-4.016551,-2.000000
5.398000,0.018408,-4.228998,-2.000000
5.399000,0.018408,-4.228998,-2.000000
5.400000,0.009204,-4.228998,2.000000
5.401000,0.006136,-4.433026,2.000000
5.402000,0.003068,-4.433026,2.000000
5.403000,-0.003068,-4.433026,2.000000
5.404000,-0.006136,-4.281935,2.000000
5.405000,-0.009204,-4.281935,2.000000
5.406000,-0.015340,-4.281935,2.000000
5.407000,-0.018408,-4.389029,2.000000
5.408000,-0.021476,-4.389029,2.000000
5.409000,-0.027612,-4.389029,2.000000
5.410000,-0.030680,-4.034727,2.000000
5.411000,-0.033748,-4.034727,2.000000
5.412000,-0.036816,-4.034727,2.000000
5.413000,-0.039884,-3.615407,2.000000
5.414000,-0.046019,-3.755761,2.000000
5.415000,-0.049087,-3.755761,2.000000
5.416000,-0.052155,-3.755761,2.000000
5.417000,-0.052155,-3.755761,2.000000
5.418000,-0.058291,-3.475938,2.000000
5.419000,-0.061359,-3.475938,2.000000
5.420000,-0.064427,-3.475938,2.000000
5.421000,-0.067495,-2.905448,2.000000
5.422000,-0.067495,-2.905448,2.000000
5.423000,-0.070563,-3.093385,2.000000
5.424000,-0.073631,-3.093385,2.000000
5.425000,-0.076699,-3.082271,2.000000
5.426000,-0.076699,-2.467109,2.000000
5.427000,-0.079767,-2.667012,2.000000
5.428000,-0.082835,-2.667012,2.000000
5.429000,-0.082835,-2.667012,2.000000
5.430000,-0.085903,-2.667012,2.000000
5.431000,-0.088971,-2.473588,2.000000
5.432000,-0.088971,-2.055858,2.000000
5.433000,-0.092039,-2.153785,2.000000
5.434000,-0.092039,-2.153785,2.000000
5.435000,-0.095107,-2.153785,2.000000
5.436000,-0.095107,-2.153785,2.000000
5.437000,-0.095107,-2.153785,2.000000
5.438000,-0.098175,-2.153785,2.000000
5.439000,-0.098175,-1.937091,2.000000
5.440000,-0.098175,-1.673091,2.000000
5.441000,-0.101243,-1.472249,2.000000
5.442000,-0.101243,-1.314939,2.000000
5.443000,-0.101243,-1.188074,2.000000
5.444000,-0.101243,-1.083078,2.000000
5.445000,-0.101243,-1.083078,2.000000
5.446000,-0.101243,-0.920116,2.000000
5.447000,-0.101243,-0.856446,2.000000
5.448000,-0.101243,-0.800402,2.000000
5.449000,-0.104311,-1.469949,2.000000
5.450000,-0.104311,-1.469949,2.000000
5.451000,-0.104311,-1.469949,2.000000
5.452000,-0.101243,-1.469949,2.000000
5.453000,-0.101243,-1.469949,2.000000
5.454000,-0.101243,-1.469949,2.000000
5.455000,-0.101243,-1.469949,2.000000
5.456000,-0.101243,-1.469949,2.000000
5.457000,-0.101243,-1.469949,2.000000
5.458000,-0.098175,1.257102,2.000000
5.459000,-0.098175,1.139769,2.000000
5.460000,-0.098175,1.043585,2.000000
5.461000,-0.098175,1.043585,2.000000
5.462000,-0.095107,0.899262,2.000000
5.463000,-0.092039,0.899262,2.000000
5.464000,-0.092039,0.899262,2.000000
5.465000,-0.092039,0.899262,2.000000
5.466000,-0.088971,0.899262,2.000000
5.467000,-0.088971,0.899262,2.000000
5.468000,-0.085903,0.899262,2.000000
5.469000,-0.082835,0.878134,2.000000
5.470000,-0.082835,0.878134,2.000000
5.471000,-0.079767,0.878134,2.000000
5.472000,-0.076699,0.878134,2.000000
5.473000,-0.076699,0.878134,2.000000
5.474000,-0.073631,0.878134,2.000000
5.475000,-0.073631,0.878134,2.000000
5.476000,-0.067495,1.796322,2.000000
5.477000,-0.067495,1.796322,2.000000
5.478000,-0.064427,1.796322,2.000000
5.479000,-0.061359,1.796322,2.000000
5.480000,-0.058291,2.334771,2.000000
5.481000,-0.058291,2.334771,2.000000
5.482000,-0.052155,2.334771,2.000000
5.483000,-0.052155,2.334771,2.000000
5.484000,-0.046019,2.746899,2.000000
5.485000,-0.046019,2.746899,2.000000
5.486000,-0.039884,2.746899,2.000000
5.487000,-0.039884,2.746899,2.000000
5.488000,-0.033748,3.087796,2.000000
5.489000,-0.030680,3.087796,2.000000
5.490000,-0.027612,3.087796,2.000000
5.491000,-0.021476,3.393828,2.000000
5.492000,-0.018408,3.393828,2.000000
5.493000,-0.015340,3.393828,2.000000
5.494000,-0.012272,3.393828,2.000000
5.495000,-0.012272,3.393828,2.000000
5.496000,-0.003068,3.661674,2.000000
5.497000,-0.003068,3.661674,2.000000
5.498000,0.006136,3.905916,2.000000
5.499000,0.006136,3.905916,2.000000
5.500000,0.012272,3.905916,2.000000
5.501000,0.018408,4.130892,-2.000000
5.502000,0.021476,4.130892,-2.000000
5.503000,0.024544,4.130892,-2.000000
5.504000,0.030680,4.325007,-2.000000
5.505000,0.033748,4.325007,-2.000000
5.506000,0.036816,4.211802,-2.000000
5.507000,0.042951,4.147100,-2.000000
5.508000,0.046019,4.147100,-2.000000
5.509000,0.049087,4.147100,-2.000000
5.510000,0.052155,3.965233,-2.000000
5.511000,0.058291,3.965233,-2.000000
5.512000,0.061359,3.965233,-2.000000
5.513000,0.064427,3.652773,-2.000000
5.514000,0.067495,3.652773,-2.000000
5.515000,0.070563,3.652773,-2.000000
5.516000,0.073631,3.652773,-2.000000
5.517000,0.073631,3.652773,-2.000000
5.518000,0.079767,3.392056,-2.000000
5.519000,0.082835,3.392056,-2.000000
5.520000,0.085903,3.392056,-2.000000
5.521000,0.085903,3.392056,-2.000000
5.522000,0.088971,3.008471,-2.000000
5.523000,0.092039,3.008471,-2.000000
5.524000,0.095107,3.008471,-2.000000
5.525000,0.098175,3.006311,-2.000000
5.526000,0.098175,3.006311,-2.000000
5.527000,0.101243,2.565416,-2.000000
5.528000,0.101243,2.565416,-2.000000
5.529000,0.104311,2.565416,-2.000000
5.530000,0.107379,2.565416,-2.000000
5.531000,0.107379,2.565416,-2.000000
5.532000,0.110447,2.119973,-2.000000
5.533000,0.110447,1.810285,-2.000000
5.534000,0.110447,2.009842,-2.000000
5.535000,0.113515,2.009842,-2.000000
5.536000,0.113515,2.009842,-2.000000
5.537000,0.113515,2.009842,-2.000000
5.538000,0.116583,2.009842,-2.000000
5.539000,0.116583,2.009842,-2.000000
5.540000,0.119651,1.908732,-2.000000
5.541000,0.119651,1.652233,-2.000000
5.542000,0.119651,1.652233,-2.000000
5.543000,0.119651,1.302623,-2.000000
5.544000,0.119651,1.302623,-2.000000
5.545000,0.119651,1.177248,-2.000000
5.546000,0.119651,0.987536,-2.000000
5.547000,0.119651,0.914129,-2.000000
5.548000,0.119651,0.914129,-2.000000
5.549000,0.119651,0.850514,-2.000000
5.550000,0.119651,0.747346,-2.000000
5.551000,0.119651,0.704135,-2.000000
5.552000,0.119651,0.704135,-2.000000
5.553000,0.119651,0.665957,-2.000000
5.554000,0.119651,0.600707,-2.000000
5.555000,0.119651,0.600707,-2.000000
5.556000,0.116583,1.212686,-2.000000
5.557000,0.116583,1.212686,-2.000000
5.558000,0.116583,1.212686,-2.000000
5.559000,0.116583,1.212686,-2.000000
5.560000,0.113515,1.212686,-2.000000
5.561000,0.113515,1.212686,-2.000000
5.562000,0.110447,1.212686,-2.000000
5.563000,0.110447,1.212686,-2.000000
5.564000,0.107379,1.212686,-2.000000
5.565000,0.107379,1.212686,-2.000000
5.566000,0.104311,-0.560018,-2.000000
5.567000,0.104311,-0.560018,-2.000000
5.568000,0.104311,-0.560018,-2.000000
5.569000,0.101243,-0.560018,-2.000000
5.570000,0.098175,-0.560018,-2.000000
5.571000,0.095107,-0.560018,-2.000000
5.572000,0.095107,-0.560018,-2.000000
5.573000,0.092039,-1.631858,-2.000000
5.574000,0.088971,-1.631858,-2.000000
5.575000,0.088971,-1.631858,-2.000000
5.576000,0.082835,-1.631858,-2.000000
5.577000,0.082835,-1.631858,-2.000000
5.578000,0.079767,-2.227942,-2.000000
5.579000,0.079767,-2.227942,-2.000000
5.580000,0.073631,-2.227942,-2.000000
5.581000,0.070563,-2.227942,-2.000000
5.582000,0.070563,-2.227942,-2.000000
5.583000,0.064427,-2.675750,-2.000000
5.584000,0.061359,-2.675750,-2.000000
5.585000,0.061359,-2.675750,-2.000000
5.586000,0.052155,-3.025655,-2.000000
5.587000,0.049087,-3.025655,-2.000000
5.588000,0.049087,-3.025655,-2.000000
5.589000,0.042951,-3.338079,-2.000000
5.590000,0.039884,-3.338079,-2.000000
5.591000,0.036816,-3.338079,-2.000000
5.592000,0.030680,-3.618946,-2.000000
5.593000,0.027612,-3.618946,-2.000000
5.594000,0.024544,-3.618946,-2.000000
5.595000,0.018408,-3.862091,-2.000000
5.596000,0.018408,-3.862091,-2.000000
5.597000,0.012272,-3.862091,-2.000000
5.598000,0.006136,-4.094463,-2.000000
5.599000,0.003068,-4.094463,-2.000000
5.600000,0.003068,-4.094463,2.000000
5.601000,-0.006136,-4.299604,2.000000
5.602000,-0.009204,-4.299604,2.000000
5.603000,-0.009204,-4.299604,2.000000
5.604000,-0.018408,-4.177867,2.000000
5.605000,-0.021476,-4.177867,2.000000
5.606000,-0.021476,-4.177867,2.000000
5.607000,-0.030680,-4.158597,2.000000
5.608000,-0.030680,-4.158597,2.000000
5.609000,-0.036816,-4.158597,2.000000
5.610000,-0.039884,-3.768995,2.000000
5.611000,-0.039884,-3.768995,2.000000
5.612000,-0.046019,-3.878586,2.000000
5.613000,-0.052155,-3.878586,2.000000
5.614000,-0.055223,-3.560339,2.000000
5.615000,-0.058291,-3.560339,2.000000
5.616000,-0.061359,-3.560339,2.000000
5.617000,-0.061359,-3.560339,2.000000
5.618000,-0.067495,-3.235547,2.000000
5.619000,-0.070563,-3.235547,2.000000
5.620000,-0.070563,-3.235547,2.000000
5.621000,-0.073631,-3.235547,2.000000
5.622000,-0.073631,-3.235547,2.000000
5.623000,-0.079767,-2.825264,2.000000
5.624000,-0.082835,-2.825264,2.000000
5.625000,-0.082835,-2.825264,2.000000
5.626000,-0.085903,-2.825264,2.000000
5.627000,-0.085903,-2.825264,2.000000
5.628000,-0.088971,-2.177881,2.000000
5.629000,-0.088971,-2.177881,2.000000
5.630000,-0.095107,-2.370601,2.000000
5.631000,-0.095107,-2.370601,2.000000
5.632000,-0.095107,-2.370601,2.000000
5.633000,-0.095107,-2.370601,2.000000
5.634000,-0.098175,-2.127430,2.000000
5.635000,-0.101243,-1.813183,2.000000
5.636000,-0.101243,-1.580001,2.000000
5.637000,-0.101243,-1.580001,2.000000
5.638000,-0.104311,-1.764968,2.000000
5.639000,-0.104311,-1.764968,2.000000
5.640000,-0.104311,-1.764968,2.000000
5.641000,-0.104311,-1.764968,2.000000
5.642000,-0.107379,-1.764968,2.000000
5.643000,-0.107379,-1.764968,2.000000
5.644000,-0.107379,-1.764968,2.000000
5.645000,-0.107379,-1.764968,2.000000
5.646000,-0.107379,-1.394856,2.000000
5.647000,-0.107379,-1.251823,2.000000
5.648000,-0.107379,-1.135758,2.000000
5.649000,-0.107379,-1.135758,2.000000
5.650000,-0.107379,-0.958500,2.000000
5.651000,-0.107379,-0.888965,2.000000
5.652000,-0.107379,-0.888965,2.000000
5.653000,-0.107379,-0.776524,2.000000
5.654000,-0.104311,0.730600,2.000000
5.655000,-0.104311,0.730600,2.000000
5.656000,-0.104311,0.652745,2.000000
5.657000,-0.104311,0.652745,2.000000
5.658000,-0.101243,0.590076,2.000000
5.659000,-0.101243,0.562876,2.000000
5.660000,-0.101243,0.562876,2.000000
5.661000,-0.098175,0.515669,2.000000
5.662000,-0.098175,0.515669,2.000000
5.663000,-0.095107,0.487338,2.000000
5.664000,-0.095107,0.487338,2.000000
5.665000,-0.095107,0.487338,2.000000
5.666000,-0.092039,0.487338,2.000000
5.667000,-0.092039,0.487338,2.000000
5.668000,-0.088971,0.487338,2.000000
5.669000,-0.085903,0.487338,2.000000
5.670000,-0.085903,0.487338,2.000000
5.671000,-0.082835,1.356197,2.000000
5.672000,-0.079767,1.356197,2.000000
5.673000,-0.079767,1.356197,2.000000
5.674000,-0.073631,1.356197,2.000000
5.675000,-0.070563,2.014149,2.000000
5.676000,-0.070563,2.014149,2.000000
5.677000,-0.067495,2.014149,2.000000
5.678000,-0.067495,2.014149,2.000000
5.679000,-0.061359,2.014149,2.000000
5.680000,-0.058291,2.502444,2.000000
5.681000,-0.058291,2.502444,2.000000
5.682000,-0.052155,2.502444,2.000000
5.683000,-0.049087,2.502444,2.000000
5.684000,-0.049087,2.502444,2.000000
5.685000,-0.046019,2.886173,2.000000
5.686000,-0.039884,2.886173,2.000000
5.687000,-0.036816,2.886173,2.000000
5.688000,-0.033748,3.208151,2.000000
5.689000,-0.033748,3.208151,2.000000
5.690000,-0.024544,3.208151,2.000000
5.691000,-0.021476,3.502684,2.000000
5.692000,-0.021476,3.502684,2.000000
5.693000,-0.012272,3.502684,2.000000
5.694000,-0.012272,3.502684,2.000000
5.695000,-0.006136,3.760093,2.000000
5.696000,-0.003068,3.760093,2.000000
5.697000,-0.003068,3.760093,2.000000
5.698000,0.006136,3.996350,2.000000
5.699000,0.012272,3.996350,2.000000
5.700000,0.015340,4.215721,2.000000
5.701000,0.021476,4.215721,-2.000000
5.702000,0.024544,4.215721,-2.000000
5.703000,0.027612,4.410257,-2.000000
5.704000,0.033748,4.410257,-2.000000
5.705000,0.036816,4.410257,-2.000000
5.706000,0.036816,4.410257,-2.000000
5.707000,0.046019,4.232340,-2.000000
5.708000,0.049087,4.232340,-2.000000
5.709000,0.049087,4.232340,-2.000000
5.710000,0.058291,4.228775,-2.000000
5.711000,0.058291,4.228775,-2.000000
5.712000,0.064427,3.855501,-2.000000
5.713000,0.064427,3.855501,-2.000000
5.714000,0.070563,3.855501,-2.000000
5.715000,0.073631,3.576740,-2.000000
5.716000,0.076699,3.575438,-2.000000
5.717000,0.076699,3.575438,-2.000000
5.718000,0.082835,3.575438,-2.000000
5.719000,0.085903,3.199612,-2.000000
5.720000,0.085903,3.199612,-2.000000
5.721000,0.092039,3.250473,-2.000000
5.722000,0.095107,3.250473,-2.000000
5.723000,0.098175,3.198049,-2.000000
5.724000,0.101243,2.847406,-2.000000
5.725000,0.101243,2.847406,-2.000000
5.726000,0.104311,2.847406,-2.000000
5.727000,0.107379,2.847406,-2.000000
5.728000,0.107379,2.847406,-2.000000
5.729000,0.110447,2.372103,-2.000000
5.730000,0.113515,2.369711,-2.000000
5.731000,0.113515,2.369711,-2.000000
5.732000,0.116583,2.369711,-2.000000
5.733000,0.116583,2.369711,-2.000000
5.734000,0.119651,2.369711,-2.000000
5.735000,0.119651,2.336141,-2.000000
5.736000,0.119651,2.336141,-2.000000
5.737000,0.122718,1.692335,-2.000000
5.738000,0.122718,1.486838,-2.000000
5.739000,0.122718,1.486838,-2.000000
5.740000,0.125786,1.737675,-2.000000
5.741000,0.125786,1.737675,-2.000000
5.742000,0.125786,1.737675,-2.000000
5.743000,0.125786,1.737675,-2.000000
5.744000,0.128854,1.737675,-2.000000
5.745000,0.128854,1.737675,-2.000000
5.746000,0.128854,1.737675,-2.000000
5.747000,0.128854,1.525229,-2.000000
5.748000,0.128854,1.525229,-2.000000
5.749000,0.128854,1.221996,-2.000000
5.750000,0.128854,1.110844,-2.000000
5.751000,0.128854,1.110844,-2.000000
5.752000,0.128854,0.940675,-2.000000
5.753000,0.128854,0.940675,-2.000000
5.754000,0.125786,-0.815451,-2.000000
5.755000,0.125786,-0.815451,-2.000000
5.756000,0.125786,-0.719912,-2.000000
5.757000,0.125786,-0.679992,-2.000000
5.758000,0.122718,-0.644378,-2.000000
5.759000,0.122718,-0.612102,-2.000000
5.760000,0.122718,-0.583018,-2.000000
5.761000,0.122718,-0.583018,-2.000000
5.762000,0.119651,-0.556714,-2.000000
5.763000,0.119651,-0.532574,-2.000000
5.764000,0.116583,-0.505803,-2.000000
5.765000,0.116583,-0.505803,-2.000000
5.766000,0.113515,-0.505803,-2.000000
5.767000,0.113515,-0.505803,-2.000000
5.768000,0.113515,-0.505803,-2.000000
5.769000,0.110447,-0.505803,-2.000000
5.770000,0.107379,-0.505803,-2.000000
5.771000,0.107379,-0.505803,-2.000000
5.772000,0.104311,-1.326949,-2.000000
5.773000,0.101243,-1.326949,-2.000000
5.774000,0.101243,-1.326949,-2.000000
5.775000,0.098175,-1.326949,-2.000000
5.776000,0.095107,-1.326949,-2.000000
5.777000,0.088971,-2.007295,-2.000000
5.778000,0.088971,-2.007295,-2.000000
5.779000,0.085903,-2.007295,-2.000000
5.780000,0.085903,-2.007295,-2.000000
5.781000,0.079767,-2.510343,-2.000000
5.782000,0.076699,-2.510343,-2.000000
5.783000,0.073631,-2.510343,-2.000000
5.784000,0.070563,-2.510343,-2.000000
5.785000,0.070563,-2.510343,-2.000000
5.786000,0.064427,-2.907083,-2.000000
5.787000,0.061359,-2.907083,-2.000000
5.788000,0.055223,-3.231039,-2.000000
5.789000,0.052155,-3.231039,-2.000000
5.790000,0.049087,-3.231039,-2.000000
5.791000,0.046019,-3.231039,-2.000000
5.792000,0.042951,-3.525436,-2.000000
5.793000,0.036816,-3.525436,-2.000000
5.794000,0.033748,-3.525436,-2.000000
5.795000,0.030680,-3.796411,-2.000000
5.796000,0.024544,-3.796411,-2.000000
5.797000,0.024544,-3.796411,-2.000000
5.798000,0.021476,-3.796411,-2.000000
5.799000,0.018408,-4.022604,-2.000000
5.800000,0.012272,-4.022604,-2.000000
5.801000,0.009204,-4.022604,2.000000
5.802000,0.003068,-4.240424,2.000000
5.803000,0.000000,-4.240424,2.000000
5.804000,-0.003068,-4.240424,2.000000
5.805000,-0.009204,-4.441627,2.000000
5.806000,-0.012272,-4.441627,2.000000
5.807000,-0.015340,-4.343162,2.000000
5.808000,-0.021476,-4.193452,2.000000
5.809000,-0.024544,-4.193452,2.000000
5.810000,-0.027612,-4.130602,2.000000
5.811000,-0.033748,-4.098623,2.000000
5.812000,-0.039884,-4.098623,2.000000
5.813000,-0.039884,-4.098623,2.000000
5.814000,-0.046019,-3.830314,2.000000
5.815000,-0.049087,-3.830314,2.000000
5.816000,-0.052155,-3.495976,2.000000
5.817000,-0.052155,-3.495976,2.000000
5.818000,-0.055223,-3.465767,2.000000
5.819000,-0.058291,-3.465767,2.000000
5.820000,-0.061359,-3.465767,2.000000
5.821000,-0.064427,-3.196522,2.000000
5.822000,-0.067495,-3.157772,2.000000
5.823000,-0.070563,-3.157772,2.000000
5.824000,-0.073631,-3.157772,2.000000
5.825000,-0.076699,-3.157772,2.000000
5.826000,-0.076699,-2.613186,2.000000
5.827000,-0.079767,-2.751055,2.000000
5.828000,-0.082835,-2.751055,2.000000
5.829000,-0.082835,-2.751055,2.000000
5.830000,-0.085903,-2.751055,2.000000
5.831000,-0.088971,-2.097916,2.000000
5.832000,-0.088971,-2.097916,2.000000
5.833000,-0.092039,-2.259939,2.000000
5.834000,-0.092039,-2.259939,2.000000
5.835000,-0.095107,-2.259939,2.000000
5.836000,-0.095107,-2.259939,2.000000
5.837000,-0.098175,-2.203100,2.000000
5.838000,-0.098175,-2.203100,2.000000
5.839000,-0.098175,-1.870166,2.000000
5.840000,-0.101243,-1.621571,2.000000
5.841000,-0.101243,-1.432188,2.000000
5.842000,-0.101243,-1.282892,2.000000
5.843000,-0.101243,-1.161903,2.000000
5.844000,-0.104311,-1.595035,2.000000
5.845000,-0.104311,-1.595035,2.000000
5.846000,-0.104311,-1.595035,2.000000
5.847000,-0.104311,-1.595035,2.000000
5.848000,-0.104311,-1.595035,2.000000
5.849000,-0.104311,-1.595035,2.000000
5.850000,-0.104311,-1.593657,2.000000
5.851000,-0.104311,-1.593657,2.000000
5.852000,-0.104311,-1.409907,2.000000
5.853000,-0.104311,-1.264816,2.000000
5.854000,-0.104311,-1.146332,2.000000
5.855000,-0.104311,-1.048603,2.000000
5.856000,-0.104311,-0.966227,2.000000
5.857000,-0.101243,0.834475,2.000000
5.858000,-0.101243,0.834475,2.000000
5.859000,-0.101243,0.781362,2.000000
5.860000,-0.098175,0.693268,2.000000
5.861000,-0.098175,0.693268,2.000000
5.862000,-0.095107,0.625301,2.000000
5.863000,-0.095107,0.625301,2.000000
5.864000,-0.095107,0.625301,2.000000
5.865000,-0.092039,0.625301,2.000000
5.866000,-0.092039,0.625301,2.000000
5.867000,-0.092039,0.625301,2.000000
5.868000,-0.088971,0.625301,2.000000
5.869000,-0.088971,0.625301,2.000000
5.870000,-0.085903,0.625301,2.000000
5.871000,-0.082835,1.136636,2.000000
5.872000,-0.082835,1.136636,2.000000
5.873000,-0.079767,1.136636,2.000000
5.874000,-0.076699,1.136636,2.000000
5.875000,-0.076699,1.136636,2.000000
5.876000,-0.073631,1.136636,2.000000
5.877000,-0.070563,1.892769,2.000000
5.878000,-0.067495,1.892769,2.000000
5.879000,-0.064427,1.892769,2.000000
5.880000,-0.061359,1.892769,2.000000
5.881000,-0.058291,2.410742,2.000000
5.882000,-0.058291,2.410742,2.000000
5.883000,-0.055223,2.410742,2.000000
5.884000,-0.052155,2.410742,2.000000
5.885000,-0.049087,2.410742,2.000000
5.886000,-0.046019,2.815011,2.000000
5.887000,-0.042951,2.815011,2.000000
5.888000,-0.036816,2.815011,2.000000
5.889000,-0.033748,3.150240,2.000000
5.890000,-0.030680,3.150240,2.000000
5.891000,-0.027612,3.150240,2.000000
5.892000,-0.024544,3.150240,2.000000
5.893000,-0.021476,3.453750,2.000000
5.894000,-0.015340,3.453750,2.000000
5.895000,-0.012272,3.453750,2.000000
5.896000,-0.009204,3.717005,2.000000
5.897000,-0.003068,3.717005,2.000000
5.898000,0.000000,3.717005,2.000000
5.899000,0.003068,3.960008,2.000000
5.900000,0.009204,3.960008,-2.000000
5.901000,0.012272,3.960008,-2.000000
5.902000,0.015340,4.186994,-2.000000
5.903000,0.021476,4.186994,-2.000000
5.904000,0.024544,4.186994,-2.000000
5.905000,0.027612,4.165419,-2.000000
5.906000,0.033748,4.165419,-2.000000
5.907000,0.036816,4.165419,-2.000000
5.908000,0.042951,4.153007,-2.000000
5.909000,0.042951,4.153007,-2.000000
5.910000,0.049087,4.153007,-2.000000
5.911000,0.055223,3.816466,-2.000000
5.912000,0.055223,3.816466,-2.000000
5.913000,0.058291,3.816466,-2.000000
5.914000,0.061359,3.654102,-2.000000
5.915000,0.064427,3.581612,-2.000000
5.916000,0.067495,3.581612,-2.000000
5.917000,0.070563,3.581612,-2.000000
5.918000,0.073631,3.292405,-2.000000
5.919000,0.076699,3.233854,-2.000000
5.920000,0.079767,3.233854,-2.000000
5.921000,0.085903,3.233854,-2.000000
5.922000,0.085903,3.233854,-2.000000
5.923000,0.088971,2.877094,-2.000000
5.924000,0.088971,2.877094,-2.000000
5.925000,0.092039,2.877094,-2.000000
5.926000,0.095107,2.877094,-2.000000
5.927000,0.095107,2.877094,-2.000000
5.928000,0.101243,2.395909,-2.000000
5.929000,0.101243,2.395909,-2.000000
5.930000,0.101243,2.395909,-2.000000
5.931000,0.104311,2.395909,-2.000000
5.932000,0.104311,2.395909,-2.000000
5.933000,0.107379,2.395909,-2.000000
5.934000,0.107379,2.296987,-2.000000
5.935000,0.110447,1.671148,-2.000000
5.936000,0.110447,1.671148,-2.000000
5.937000,0.110447,1.470181,-2.000000
5.938000,0.113515,1.789268,-2.000000
5.939000,0.113515,1.789268,-2.000000
5.940000,0.113515,1.789268,-2.000000
5.941000,0.113515,1.789268,-2.000000
5.942000,0.116583,1.789268,-2.000000
5.943000,0.116583,1.789268,-2.000000
5.944000,0.116583,1.789268,-2.000000
5.945000,0.116583,1.619300,-2.000000
5.946000,0.116583,1.431316,-2.000000
5.947000,0.116583,1.281527,-2.000000
5.948000,0.116583,1.060481,-2.000000
5.949000,0.116583,0.975723,-2.000000
5.950000,0.116583,0.903782,-2.000000
5.951000,0.116583,0.903782,-2.000000
5.952000,0.116583,0.842049,-2.000000
5.953000,0.116583,0.788038,-2.000000
5.954000,0.116583,0.740364,-2.000000
5.955000,0.113515,-0.698164,-2.000000
5.956000,0.113515,-0.660683,-2.000000
5.957000,0.113515,-0.626884,-2.000000
5.958000,0.113515,-0.596410,-2.000000
5.959000,0.110447,-0.568840,-2.000000
5.960000,0.110447,-0.543552,-2.000000
5.961000,0.110447,-0.520621,-2.000000
5.962000,0.107379,-0.499438,-2.000000
5.963000,0.107379,-0.479849,-2.000000
5.964000,0.104311,-0.466171,-2.000000
5.965000,0.104311,-0.466171,-2.000000
5.966000,0.101243,-0.466171,-2.000000
5.967000,0.101243,-0.466171,-2.000000
5.968000,0.098175,-0.466171,-2.000000
5.969000,0.098175,-0.466171,-2.000000
5.970000,0.095107,-0.466171,-2.000000
5.971000,0.092039,-1.385232,-2.000000
5.972000,0.092039,-1.385232,-2.000000
5.973000,0.088971,-1.385232,-2.000000
5.974000,0.085903,-1.385232,-2.000000
5.975000,0.082835,-1.385232,-2.000000
5.976000,0.082835,-1.385232,-2.000000
5.977000,0.079767,-2.053803,-2.000000
5.978000,0.076699,-2.053803,-2.000000
5.979000,0.073631,-2.053803,-2.000000
5.980000,0.070563,-2.053803,-2.000000
5.981000,0.067495,-2.532656,-2.000000
5.982000,0.061359,-2.532656,-2.000000
5.983000,0.061359,-2.532656,-2.000000
5.984000,0.055223,-2.896998,-2.000000
5.985000,0.055223,-2.896998,-2.000000
5.986000,0.052155,-2.896998,-2.000000
5.987000,0.049087,-2.896998,-2.000000
5.988000,0.046019,-2.896998,-2.000000
5.989000,0.042951,-3.217966,-2.000000
5.990000,0.039884,-3.217966,-2.000000
5.991000,0.033748,-3.217966,-2.000000
5.992000,0.030680,-3.505449,-2.000000
5.993000,0.027612,-3.505449,-2.000000
5.994000,0.024544,-3.505449,-2.000000
5.995000,0.018408,-3.750946,-2.000000
5.996000,0.015340,-3.750946,-2.000000
5.997000,0.012272,-3.750946,-2.000000
5.998000,0.006136,-3.986559,-2.000000
5.999000,0.003068,-3.986559,-2.000000
6.000000,-0.003068,-3.986559,-2.000000
6.001000,-0.006136,-4.196101,2.000000
6.002000,-0.009204,-4.196101,2.000000
6.003000,-0.018408,-4.387569,2.000000
6.004000,-0.018408,-4.387569,2.000000
6.005000,-0.021476,-4.387569,2.000000
6.006000,-0.030680,-4.128518,2.000000
6.007000,-0.030680,-4.128518,2.000000
6.008000,-0.033748,-4.128518,2.000000
6.009000,-0.039884,-4.128518,2.000000
6.010000,-0.046019,-4.108533,2.000000
6.011000,-0.046019,-4.108533,2.000000
6.012000,-0.055223,-3.630977,2.000000
6.013000,-0.055223,-3.630977,2.000000
6.014000,-0.058291,-3.812152,2.000000
6.015000,-0.061359,-3.812152,2.000000
6.016000,-0.064427,-3.812152,2.000000
6.017000,-0.067495,-3.497692,2.000000
6.018000,-0.070563,-3.497692,2.000000
6.019000,-0.073631,-3.497692,2.000000
6.020000,-0.076699,-3.497692,2.000000
6.021000,-0.079767,-3.116363,2.000000
6.022000,-0.082835,-3.116363,2.000000
6.023000,-0.082835,-3.116363,2.000000
6.024000,-0.088971,-2.976797,2.000000
6.025000,-0.092039,-2.704076,2.000000
6.026000,-0.092039,-2.704076,2.000000
6.027000,-0.095107,-2.704076,2.000000
6.028000,-0.098175,-2.704076,2.000000
6.029000,-0.098175,-2.704076,2.000000
6.030000,-0.098175,-2.704076,2.000000
6.031000,-0.101243,-2.373288,2.000000
6.032000,-0.104311,-2.216402,2.000000
6.033000,-0.104311,-2.216402,2.000000
6.034000,-0.107379,-2.216402,2.000000
6.035000,-0.107379,-2.216402,2.000000
6.036000,-0.107379,-2.216402,2.000000
6.037000,-0.110447,-2.148521,2.000000
6.038000,-0.110447,-1.828076,2.000000
6.039000,-0.110447,-1.828076,2.000000
6.040000,-0.113515,-1.591659,2.000000
6.041000,-0.113515,-1.408814,2.000000
6.042000,-0.113515,-1.264123,2.000000
6.043000,-0.113515,-1.047596,2.000000
6.044000,-0.113515,-1.047596,2.000000
6.045000,-0.116583,-1.516044,2.000000
6.046000,-0.116583,-1.516044,2.000000
6.047000,-0.116583,-1.516044,2.000000
6.048000,-0.116583,-1.516044,2.000000
6.049000,-0.116583,-1.516044,2.000000
6.050000,-0.116583,-1.516044,2.000000
6.051000,-0.116583,-1.516044,2.000000
6.052000,-0.116583,-1.516044,2.000000
6.053000,-0.116583,-1.510823,2.000000
6.054000,-0.113515,1.211969,2.000000
6.055000,-0.113515,1.211969,2.000000
6.056000,-0.113515,1.011785,2.000000
6.057000,-0.113515,1.011785,2.000000
6.058000,-0.110447,0.868416,2.000000
6.059000,-0.110447,0.868416,2.000000
6.060000,-0.107379,0.747046,2.000000
6.061000,-0.107379,0.747046,2.000000
6.062000,-0.107379,0.747046,2.000000
6.063000,-0.104311,0.747046,2.000000
6.064000,-0.104311,0.747046,2.000000
6.065000,-0.101243,0.747046,2.000000
6.066000,-0.101243,0.747046,2.000000
6.067000,-0.101243,0.747046,2.000000
6.068000,-0.098175,0.747046,2.000000
6.069000,-0.098175,0.747046,2.000000
6.070000,-0.092039,1.003474,2.000000
6.071000,-0.092039,1.003474,2.000000
6.072000,-0.088971,1.003474,2.000000
6.073000,-0.088971,1.003474,2.000000
6.074000,-0.085903,1.003474,2.000000
6.075000,-0.082835,1.847594,2.000000
6.076000,-0.082835,1.847594,2.000000
6.077000,-0.076699,1.847594,2.000000
6.078000,-0.073631,1.847594,2.000000
6.079000,-0.070563,2.364170,2.000000
6.080000,-0.067495,2.364170,2.000000
6.081000,-0.064427,2.364170,2.000000
6.082000,-0.061359,2.364170,2.000000
6.083000,-0.061359,2.364170,2.000000
6.084000,-0.055223,2.788018,2.000000
6.085000,-0.052155,2.788018,2.000000
6.086000,-0.052155,2.788018,2.000000
6.087000,-0.049087,2.788018,2.000000
6.088000,-0.046019,3.130340,2.000000
6.089000,-0.039884,3.130340,2.000000
6.090000,-0.039884,3.130340,2.000000
6.091000,-0.030680,3.424462,2.000000
6.092000,-0.030680,3.424462,2.000000
6.093000,-0.024544,3.424462,2.000000
6.094000,-0.024544,3.424462,2.000000
6.095000,-0.021476,3.698985,2.000000
6.096000,-0.015340,3.698985,2.000000
6.097000,-0.012272,3.698985,2.000000
6.098000,-0.003068,3.942744,2.000000
6.099000,0.000000,3.942744,2.000000
6.100000,0.000000,3.942744,-2.000000
6.101000,0.009204,4.167463,-2.000000
6.102000,0.009204,4.167463,-2.000000
6.103000,0.018408,4.372132,-2.000000
6.104000,0.018408,4.372132,-2.000000
6.105000,0.027612,4.157853,-2.000000
6.106000,0.027612,4.157853,-2.000000
6.107000,0.033748,4.157853,-2.000000
6.108000,0.033748,4.157853,-2.000000
6.109000,0.042951,4.038618,-2.000000
6.110000,0.042951,4.038618,-2.000000
6.111000,0.049087,4.038618,-2.000000
6.112000,0.052155,3.772841,-2.000000
6.113000,0.055223,3.772841,-2.000000
6.114000,0.058291,3.772841,-2.000000
6.115000,0.058291,3.772841,-2.000000
6.116000,0.061359,3.492383,-2.000000
6.117000,0.064427,3.405706,-2.000000
6.118000,0.067495,3.405706,-2.000000
6.119000,0.070563,3.405706,-2.000000
6.120000,0.076699,3.088239,-2.000000
6.121000,0.076699,3.088239,-2.000000
6.122000,0.079767,3.088239,-2.000000
6.123000,0.082835,3.088239,-2.000000
6.124000,0.085903,2.716922,-2.000000
6.125000,0.085903,2.716922,-2.000000
6.126000,0.088971,2.686342,-2.000000
6.127000,0.088971,2.686342,-2.000000
6.128000,0.095107,2.686342,-2.000000
6.129000,0.095107,2.686342,-2.000000
6.130000,0.095107,2.686342,-2.000000
6.131000,0.098175,2.234026,-2.000000
6.132000,0.098175,1.888804,-2.000000
6.133000,0.101243,2.150043,-2.000000
6.134000,0.101243,2.150043,-2.000000
6.135000,0.104311,2.150043,-2.000000
6.136000,0.104311,2.150043,-2.000000
6.137000,0.107379,2.124121,-2.000000
6.138000,0.107379,2.124121,-2.000000
6.139000,0.107379,1.576978,-2.000000
6.140000,0.107379,1.576978,-2.000000
6.141000,0.107379,1.397946,-2.000000
6.142000,0.110447,1.254703,-2.000000
6.143000,0.110447,1.138676,-2.000000
6.144000,0.110447,0.959851,-2.000000
6.145000,0.110447,0.959851,-2.000000
6.146000,0.110447,0.830060,-2.000000
6.147000,0.110447,0.830060,-2.000000
6.148000,0.110447,0.731270,-2.000000
6.149000,0.110447,0.731270,-2.000000
6.150000,0.110447,0.690021,-2.000000
6.151000,0.110447,0.653336,-2.000000
6.152000,0.110447,0.620494,-2.000000
6.153000,0.110447,0.590419,-2.000000
6.154000,0.107379,-0.538668,-2.000000
6.155000,0.107379,-0.538668,-2.000000
6.156000,0.107379,-0.516129,-2.000000
6.157000,0.107379,-0.495252,-2.000000
6.158000,0.107379,-0.476075,-2.000000
6.159000,0.104311,-1.410776,-2.000000
6.160000,0.104311,-1.410776,-2.000000
6.161000,0.104311,-1.410776,-2.000000
6.162000,0.101243,-1.410776,-2.000000
6.163000,0.101243,-1.410776,-2.000000
6.164000,0.098175,-1.410776,-2.000000
6.165000,0.098175,-1.410776,-2.000000
6.166000,0.095107,-1.410776,-2.000000
6.167000,0.095107,-1.410776,-2.000000
6.168000,0.092039,-0.469199,-2.000000
6.169000,0.088971,-0.469199,-2.000000
6.170000,0.085903,-0.469199,-2.000000
6.171000,0.085903,-0.469199,-2.000000
6.172000,0.082835,-0.469199,-2.000000
6.173000,0.082835,-0.469199,-2.000000
6.174000,0.079767,-1.789761,-2.000000
6.175000,0.076699,-1.789761,-2.000000
6.176000,0.073631,-1.789761,-2.000000
6.177000,0.070563,-1.789761,-2.000000
6.178000,0.067495,-2.339648,-2.000000
6.179000,0.064427,-2.339648,-2.000000
6.180000,0.064427,-2.339648,-2.000000
6.181000,0.055223,-2.758777,-2.000000
6.182000,0.052155,-2.758777,-2.000000
6.183000,0.049087,-2.758777,-2.000000
6.184000,0.049087,-2.758777,-2.000000
6.185000,0.042951,-3.112213,-2.000000
6.186000,0.042951,-3.112213,-2.000000
6.187000,0.036816,-3.112213,-2.000000
6.188000,0.036816,-3.112213,-2.000000
6.189000,0.027612,-3.422075,-2.000000
6.190000,0.027612,-3.422075,-2.000000
6.191000,0.021476,-3.422075,-2.000000
6.192000,0.021476,-3.422075,-2.000000
6.193000,0.018408,-3.685608,-2.000000
6.194000,0.012272,-3.685608,-2.000000
6.195000,0.006136,-3.940792,-2.000000
6.196000,0.006136,-3.940792,-2.000000
6.197000,0.000000,-3.940792,-2.000000
6.198000,-0.009204,-4.173269,-2.000000
6.199000,-0.012272,-4.173269,-2.000000
6.200000,-0.015340,-4.173269,-2.000000
6.201000,-0.015340,-4.173269,2.000000
6.202000,-0.024544,-4.377092,2.000000
6.203000,-0.024544,-4.377092,2.000000
6.204000,-0.033748,-4.571773,2.000000
6.205000,-0.033748,-4.571773,2.000000
6.206000,-0.042951,-4.282225,2.000000
6.207000,-0.042951,-4.282225,2.000000
6.208000,-0.046019,-4.282225,2.000000
6.209000,-0.052155,-4.282225,2.000000
6.210000,-0.055223,-4.252690,2.000000
6.211000,-0.064427,-4.252690,2.000000
6.212000,-0.067495,-3.994579,2.000000
6.213000,-0.070563,-3.994579,2.000000
6.214000,-0.073631,-3.994579,2.000000
6.215000,-0.076699,-3.879625,2.000000
6.216000,-0.079767,-3.694407,2.000000
6.217000,-0.079767,-3.694407,2.000000
6.218000,-0.082835,-3.694407,2.000000
6.219000,-0.085903,-3.694407,2.000000
6.220000,-0.088971,-3.318247,2.000000
6.221000,-0.092039,-3.336151,2.000000
6.222000,-0.098175,-3.336151,2.000000
6.223000,-0.098175,-3.336151,2.000000
6.224000,-0.104311,-2.985820,2.000000
6.225000,-0.107379,-2.985820,2.000000
6.226000,-0.107379,-2.985820,2.000000
6.227000,-0.107379,-2.985820,2.000000
6.228000,-0.110447,-2.985820,2.000000
6.229000,-0.113515,-2.773725,2.000000
6.230000,-0.116583,-2.534233,2.000000
6.231000,-0.116583,-2.534233,2.000000
6.232000,-0.119651,-2.534233,2.000000
6.233000,-0.122718,-2.534233,2.000000
6.234000,-0.122718,-2.534233,2.000000
6.235000,-0.122718,-2.435696,2.000000
6.236000,-0.125786,-1.743387,2.000000
6.237000,-0.128854,-1.979135,2.000000
6.238000,-0.128854,-1.979135,2.000000
6.239000,-0.128854,-1.979135,2.000000
6.240000,-0.131922,-1.979135,2.000000
6.241000,-0.131922,-1.979135,2.000000
6.242000,-0.131922,-1.979135,2.000000
6.243000,-0.134990,-1.876051,2.000000
6.244000,-0.134990,-1.626071,2.000000
6.245000,-0.134990,-1.626071,2.000000
6.246000,-0.134990,-1.286557,2.000000
6.247000,-0.134990,-1.286557,2.000000
6.248000,-0.134990,-1.163979,2.000000
6.249000,-0.134990,-1.063212,2.000000
6.250000,-0.134990,-0.978526,2.000000
6.251000,-0.134990,-0.906257,2.000000
6.252000,-0.134990,-0.843736,2.000000
6.253000,-0.134990,-0.789428,2.000000
6.254000,-0.134990,-0.741842,2.000000
6.255000,-0.134990,-0.699880,2.000000
6.256000,-0.134990,-0.661904,2.000000
6.257000,-0.134990,-0.627832,2.000000
6.258000,-0.134990,-0.597260,2.000000
6.259000,-0.131922,-1.166847,2.000000
6.260000,-0.131922,-1.166847,2.000000
6.261000,-0.131922,-1.166847,2.000000
6.262000,-0.128854,-1.166847,2.000000
6.263000,-0.128854,-1.166847,2.000000
6.264000,-0.125786,-1.166847,2.000000
6.265000,-0.125786,-1.166847,2.000000
6.266000,-0.122718,-1.166847,2.000000
6.267000,-0.122718,-1.166847,2.000000
6.268000,-0.119651,0.592918,2.000000
6.269000,-0.119651,0.592918,2.000000
6.270000,-0.116583,0.592918,2.000000
6.271000,-0.116583,0.592918,2.000000
6.272000,-0.113515,0.592918,2.000000
6.273000,-0.113515,0.592918,2.000000
6.274000,-0.110447,0.592918,2.000000
6.275000,-0.110447,0.592918,2.000000
6.276000,-0.107379,1.604373,2.000000
6.277000,-0.104311,1.604373,2.000000
6.278000,-0.101243,1.604373,2.000000
6.279000,-0.101243,1.604373,2.000000
6.280000,-0.098175,1.604373,2.000000
6.281000,-0.095107,2.185250,2.000000
6.282000,-0.092039,2.185250,2.000000
6.283000,-0.088971,2.185250,2.000000
6.284000,-0.085903,2.185250,2.000000
6.285000,-0.082835,2.633820,2.000000
6.286000,-0.079767,2.633820,2.000000
6.287000,-0.076699,2.633820,2.000000
6.288000,-0.073631,2.633820,2.000000
6.289000,-0.070563,2.986063,2.000000
6.290000,-0.067495,2.986063,2.000000
6.291000,-0.064427,2.986063,2.000000
6.292000,-0.061359,2.986063,2.000000
6.293000,-0.055223,3.305029,2.000000
6.294000,-0.049087,3.305029,2.000000
6.295000,-0.049087,3.305029,2.000000
6.296000,-0.046019,3.578711,2.000000
6.297000,-0.039884,3.578711,2.000000
6.298000,-0.036816,3.578711,2.000000
6.299000,-0.030680,3.824213,2.000000
6.300000,-0.024544,3.824213,2.000000
6.301000,-0.024544,3.824213,-2.000000
6.302000,-0.018408,4.060724,-2.000000
6.303000,-0.018408,4.060724,-2.000000
6.304000,-0.012272,4.060724,-2.000000
6.305000,-0.009204,4.048982,-2.000000
6.306000,-0.003068,4.048982,-2.000000
6.307000,0.003068,4.162182,-2.000000
6.308000,0.003068,4.162182,-2.000000
6.309000,0.009204,4.162182,-2.000000
6.310000,0.009204,4.162182,-2.000000
6.311000,0.018408,3.827957,-2.000000
6.312000,0.018408,3.827957,-2.000000
6.313000,0.021476,3.827957,-2.000000
6.314000,0.024544,3.817307,-2.000000
6.315000,0.030680,3.601760,-2.000000
6.316000,0.030680,3.601760,-2.000000
6.317000,0.033748,3.601760,-2.000000
6.318000,0.036816,3.446973,-2.000000
6.319000,0.039884,3.217450,-2.000000
6.320000,0.042951,3.217450,-2.000000
6.321000,0.049087,3.217450,-2.000000
6.322000,0.049087,3.217450,-2.000000
6.323000,0.049087,2.706320,-2.000000
6.324000,0.052155,2.847140,-2.000000
6.325000,0.055223,2.847140,-2.000000
6.326000,0.058291,2.847140,-2.000000
6.327000,0.058291,2.847140,-2.000000
6.328000,0.061359,2.522296,-2.000000
6.329000,0.064427,2.377081,-2.000000
6.330000,0.064427,2.377081,-2.000000
6.331000,0.067495,2.377081,-2.000000
6.332000,0.067495,2.377081,-2.000000
6.333000,0.070563,2.377081,-2.000000
6.334000,0.070563,2.377081,-2.000000
6.335000,0.070563,2.012351,-2.000000
6.336000,0.073631,1.728994,-2.000000
6.337000,0.073631,1.515004,-2.000000
6.338000,0.076699,1.789924,-2.000000
6.339000,0.076699,1.789924,-2.000000
6.340000,0.076699,1.789924,-2.000000
6.341000,0.076699,1.789924,-2.000000
6.342000,0.079767,1.789924,-2.000000
6.343000,0.079767,1.789924,-2.000000
6.344000,0.079767,1.789924,-2.000000
6.345000,0.079767,1.672955,-2.000000
6.346000,0.079767,1.473086,-2.000000
6.347000,0.079767,1.313720,-2.000000
6.348000,0.079767,1.186582,-2.000000
6.349000,0.079767,1.082419,-2.000000
6.350000,0.079767,0.994308,-2.000000
6.351000,0.079767,0.855871,-2.000000
6.352000,0.079767,0.855871,-2.000000
6.353000,0.079767,0.799968,-2.000000
6.354000,0.079767,0.751223,-2.000000
6.355000,0.079767,0.707888,-2.000000
6.356000,0.076699,-0.669046,-2.000000
6.357000,0.076699,-0.634619,-2.000000
6.358000,0.076699,-0.574979,-2.000000
6.359000,0.076699,-0.574979,-2.000000
6.360000,0.073631,-0.525854,-2.000000
6.361000,0.073631,-0.525854,-2.000000
6.362000,0.070563,-0.504238,-2.000000
6.363000,0.070563,-0.484267,-2.000000
6.364000,0.067495,-0.466148,-2.000000
6.365000,0.067495,-0.466148,-2.000000
6.366000,0.064427,-0.466148,-2.000000
6.367000,0.064427,-0.466148,-2.000000
6.368000,0.061359,-0.466148,-2.000000
6.369000,0.061359,-0.466148,-2.000000
6.370000,0.058291,-0.466148,-2.000000
6.371000,0.058291,-0.466148,-2.000000
6.372000,0.055223,-1.389019,-2.000000
6.373000,0.052155,-1.389019,-2.000000
6.374000,0.049087,-1.389019,-2.000000
6.375000,0.049087,-1.389019,-2.000000
6.376000,0.046019,-1.389019,-2.000000
6.377000,0.042951,-2.036680,-2.000000
6.378000,0.039884,-2.036680,-2.000000
6.379000,0.036816,-2.036680,-2.000000
6.380000,0.033748,-2.036680,-2.000000
6.381000,0.030680,-2.515940,-2.000000
6.382000,0.027612,-2.515940,-2.000000
6.383000,0.027612,-2.515940,-2.000000
6.384000,0.018408,-2.891935,-2.000000
6.385000,0.018408,-2.891935,-2.000000
6.386000,0.015340,-2.891935,-2.000000
6.387000,0.012272,-2.891935,-2.000000
6.388000,0.006136,-3.219537,-2.000000
6.389000,0.003068,-3.219537,-2.000000
6.390000,0.000000,-3.219537,-2.000000
6.391000,0.000000,-3.219537,-2.000000
6.392000,-0.009204,-3.509417,-2.000000
6.393000,-0.009204,-3.509417,-2.000000
6.394000,-0.012272,-3.509417,-2.000000
6.395000,-0.015340,-3.509417,-2.000000
6.396000,-0.021476,-3.769783,-2.000000
6.397000,-0.024544,-3.769783,-2.000000
6.398000,-0.033748,-4.005771,-2.000000
6.399000,-0.033748,-4.005771,-2.000000
6.400000,-0.036816,-4.005771,2.000000
6.401000,-0.042951,-4.218257,2.000000
6.402000,-0.046019,-4.218257,2.000000
6.403000,-0.049087,-4.218257,2.000000
6.404000,-0.055223,-4.192875,2.000000
6.405000,-0.058291,-4.192875,2.000000
6.406000,-0.061359,-4.192875,2.000000
6.407000,-0.067495,-4.233820,2.000000
6.408000,-0.070563,-4.233820,2.000000
6.409000,-0.073631,-4.233820,2.000000
6.410000,-0.076699,-3.901553,2.000000
6.411000,-0.082835,-3.965411,2.000000
6.412000,-0.085903,-3.965411,2.000000
6.413000,-0.088971,-3.965411,2.000000
6.414000,-0.092039,-3.718178,2.000000
6.415000,-0.095107,-3.718178,2.000000
6.416000,-0.101243,-3.591059,2.000000
6.417000,-0.101243,-3.591059,2.000000
6.418000,-0.104311,-3.346462,2.000000
6.419000,-0.107379,-3.346462,2.000000
6.420000,-0.113515,-3.346462,2.000000
6.421000,-0.113515,-3.346462,2.000000
6.422000,-0.116583,-2.988062,2.000000
6.423000,-0.119651,-2.988062,2.000000
6.424000,-0.119651,-2.988062,2.000000
6.425000,-0.125786,-2.935107,2.000000
6.426000,-0.125786,-2.367267,2.000000
6.427000,-0.125786,-2.367267,2.000000
6.428000,-0.131922,-2.565632,2.000000
6.429000,-0.131922,-2.565632,2.000000
6.430000,-0.131922,-2.565632,2.000000
6.431000,-0.134990,-2.565632,2.000000
6.432000,-0.134990,-2.515059,2.000000
6.433000,-0.138058,-2.086807,2.000000
6.434000,-0.141126,-2.013874,2.000000
6.435000,-0.141126,-2.013874,2.000000
6.436000,-0.141126,-2.013874,2.000000
6.437000,-0.144194,-2.013874,2.000000
6.438000,-0.144194,-2.013874,2.000000
6.439000,-0.144194,-2.013874,2.000000
6.440000,-0.144194,-2.013874,2.000000
6.441000,-0.147262,-1.854115,2.000000
6.442000,-0.147262,-1.423302,2.000000
6.443000,-0.147262,-1.423302,2.000000
6.444000,-0.147262,-1.275879,2.000000
6.445000,-0.147262,-1.155851,2.000000
6.446000,-0.150330,-1.055957,2.000000
6.447000,-0.150330,-0.901312,2.000000
6.448000,-0.150330,-0.901312,2.000000
6.449000,-0.150330,-0.839664,2.000000
6.450000,-0.150330,-0.738679,2.000000
6.451000,-0.150330,-0.738679,2.000000
6.452000,-0.150330,-0.696782,2.000000
6.453000,-0.147262,0.659269,2.000000
6.454000,-0.147262,0.625402,2.000000
6.455000,-0.147262,0.595203,2.000000
6.456000,-0.147262,0.567639,2.000000
6.457000,-0.147262,0.542645,2.000000
6.458000,-0.144194,1.247558,2.000000
6.459000,-0.144194,1.247558,2.000000
6.460000,-0.144194,1.247558,2.000000
6.461000,-0.141126,1.247558,2.000000
6.462000,-0.141126,1.247558,2.000000
6.463000,-0.141126,1.247558,2.000000
6.464000,-0.138058,1.247558,2.000000
6.465000,-0.138058,1.247558,2.000000
6.466000,-0.134990,1.247558,2.000000
6.467000,-0.131922,0.537822,2.000000
6.468000,-0.131922,0.537822,2.000000
6.469000,-0.128854,0.537822,2.000000
6.470000,-0.125786,0.537822,2.000000
6.471000,-0.125786,0.537822,2.000000
6.472000,-0.122718,0.537822,2.000000
6.473000,-0.122718,0.537822,2.000000
6.474000,-0.116583,1.650912,2.000000
6.475000,-0.116583,1.650912,2.000000
6.476000,-0.113515,1.650912,2.000000
6.477000,-0.113515,1.650912,2.000000
6.478000,-0.107379,2.216468,2.000000
6.479000,-0.104311,2.216468,2.000000
6.480000,-0.104311,2.216468,2.000000
6.481000,-0.098175,2.216468,2.000000
6.482000,-0.098175,2.216468,2.000000
6.483000,-0.092039,2.650260,2.000000
6.484000,-0.092039,2.650260,2.000000
6.485000,-0.085903,2.650260,2.000000
6.486000,-0.085903,2.650260,2.000000
6.487000,-0.079767,3.012954,2.000000
6.488000,-0.079767,3.012954,2.000000
6.489000,-0.073631,3.012954,2.000000
6.490000,-0.073631,3.012954,2.000000
6.491000,-0.070563,3.308704,2.000000
6.492000,-0.061359,3.308704,2.000000
6.493000,-0.058291,3.591103,2.000000
6.494000,-0.058291,3.591103,2.000000
6.495000,-0.049087,3.591103,2.000000
6.496000,-0.046019,3.836501,2.000000
6.497000,-0.046019,3.836501,2.000000
6.498000,-0.036816,3.836501,2.000000
6.499000,-0.033748,4.060351,2.000000
6.500000,-0.030680,4.060351,2.000000
6.501000,-0.024544,4.060351,-2.000000
6.502000,-0.021476,4.271213,-2.000000
6.503000,-0.015340,4.271213,-2.000000
6.504000,-0.012272,4.271213,-2.000000
6.505000,-0.012272,4.271213,-2.000000
6.506000,-0.003068,4.247069,-2.000000
6.507000,-0.003068,4.247069,-2.000000
6.508000,0.003068,4.210357,-2.000000
6.509000,0.003068,4.210357,-2.000000
6.510000,0.012272,4.210357,-2.000000
6.511000,0.012272,4.210357,-2.000000
6.512000,0.018408,3.873247,-2.000000
6.513000,0.021476,3.873247,-2.000000
6.514000,0.021476,3.873247,-2.000000
6.515000,0.027612,3.588478,-2.000000
6.516000,0.027612,3.588478,-2.000000
6.517000,0.030680,3.588478,-2.000000
6.518000,0.036816,3.208687,-2.000000
6.519000,0.039884,3.283218,-2.000000
6.520000,0.039884,3.283218,-2.000000
6.521000,0.046019,3.283218,-2.000000
6.522000,0.046019,3.283218,-2.000000
6.523000,0.052155,2.886126,-2.000000
6.524000,0.052155,2.886126,-2.000000
6.525000,0.052155,2.886126,-2.000000
6.526000,0.058291,2.886126,-2.000000
6.527000,0.058291,2.886126,-2.000000
6.528000,0.061359,2.328262,-2.000000
6.529000,0.061359,2.328262,-2.000000
6.530000,0.064427,2.426718,-2.000000
6.531000,0.064427,2.426718,-2.000000
6.532000,0.067495,2.426718,-2.000000
6.533000,0.067495,2.426718,-2.000000
6.534000,0.070563,2.186190,-2.000000
6.535000,0.070563,2.186190,-2.000000
6.536000,0.073631,1.610241,-2.000000
6.537000,0.073631,1.610241,-2.000000
6.538000,0.076699,1.842673,-2.000000
6.539000,0.076699,1.842673,-2.000000
6.540000,0.076699,1.842673,-2.000000
6.541000,0.076699,1.842673,-2.000000
6.542000,0.079767,1.842673,-2.000000
6.543000,0.079767,1.842673,-2.000000
6.544000,0.079767,1.698065,-2.000000
6.545000,0.079767,1.698065,-2.000000
6.546000,0.079767,1.329155,-2.000000
6.547000,0.079767,1.329155,-2.000000
6.548000,0.079767,1.092875,-2.000000
6.549000,0.079767,1.092875,-2.000000
6.550000,0.079767,0.927886,-2.000000
6.551000,0.079767,0.927886,-2.000000
6.552000,0.079767,0.805723,-2.000000
6.553000,0.079767,0.805723,-2.000000
6.554000,0.079767,0.712061,-2.000000
6.555000,0.079767,0.712061,-2.000000
6.556000,0.076699,-0.638263,-2.000000
6.557000,0.076699,-0.638263,-2.000000
6.558000,0.076699,-0.578150,-2.000000
6.559000,0.076699,-0.578150,-2.000000
6.560000,0.073631,-0.528173,-2.000000
6.561000,0.073631,-0.528173,-2.000000
6.562000,0.070563,-0.486422,-2.000000
6.563000,0.070563,-0.467806,-2.000000
6.564000,0.070563,-0.450625,-2.000000
6.565000,0.070563,-0.450625,-2.000000
6.566000,0.067495,-0.447919,-2.000000
6.567000,0.067495,-0.447919,-2.000000
6.568000,0.061359,-0.447919,-2.000000
6.569000,0.061359,-0.447919,-2.000000
6.570000,0.058291,-0.447919,-2.000000
6.571000,0.058291,-0.447919,-2.000000
6.572000,0.055223,-1.445774,-2.000000
6.573000,0.055223,-1.445774,-2.000000
6.574000,0.049087,-1.445774,-2.000000
6.575000,0.049087,-1.445774,-2.000000
6.576000,0.046019,-1.445774,-2.000000
6.577000,0.046019,-1.445774,-2.000000
6.578000,0.039884,-2.084616,-2.000000
6.579000,0.039884,-2.084616,-2.000000
6.580000,0.033748,-2.084616,-2.000000
6.581000,0.030680,-2.557234,-2.000000
6.582000,0.027612,-2.557234,-2.000000
6.583000,0.027612,-2.557234,-2.000000
6.584000,0.021476,-2.557234,-2.000000
6.585000,0.021476,-2.557234,-2.000000
6.586000,0.015340,-2.930396,-2.000000
6.587000,0.015340,-2.930396,-2.000000
6.588000,0.009204,-2.930396,-2.000000
6.589000,0.009204,-2.930396,-2.000000
6.590000,0.003068,-3.257064,-2.000000
6.591000,-0.003068,-3.257064,-2.000000
6.592000,-0.006136,-3.546307,-2.000000
6.593000,-0.006136,-3.546307,-2.000000
6.594000,-0.012272,-3.546307,-2.000000
6.595000,-0.012272,-3.546307,-2.000000
6.596000,-0.021476,-3.807240,-2.000000
6.597000,-0.021476,-3.807240,-2.000000
6.598000,-0.030680,-4.045793,-2.000000
6.599000,-0.030680,-4.045793,-2.000000
6.600000,-0.039884,-4.045793,2.000000
6.601000,-0.039884,-4.045793,2.000000
6.602000,-0.046019,-4.254349,2.000000
6.603000,-0.052155,-4.254349,2.000000
6.604000,-0.055223,-4.126493,2.000000
6.605000,-0.055223,-4.126493,2.000000
6.606000,-0.064427,-4.126493,2.000000
6.607000,-0.067495,-4.212766,2.000000
6.608000,-0.067495,-4.212766,2.000000
6.609000,-0.073631,-4.212766,2.000000
6.610000,-0.079767,-3.865013,2.000000
6.611000,-0.082835,-3.865013,2.000000
6.612000,-0.085903,-3.865013,2.000000
6.613000,-0.085903,-3.865013,2.000000
6.614000,-0.092039,-3.614904,2.000000
6.615000,-0.095107,-3.614904,2.000000
6.616000,-0.098175,-3.614904,2.000000
6.617000,-0.098175,-3.614904,2.000000
6.618000,-0.104311,-3.242981,2.000000
6.619000,-0.104311,-3.242981,2.000000
6.620000,-0.107379,-3.242981,2.000000
6.621000,-0.113515,-3.242981,2.000000
6.622000,-0.113515,-3.242981,2.000000
6.623000,-0.116583,-2.873156,2.000000
6.624000,-0.119651,-2.873156,2.000000
6.625000,-0.122718,-2.873156,2.000000
6.626000,-0.122718,-2.873156,2.000000
6.627000,-0.125786,-2.507451,2.000000
6.628000,-0.125786,-2.507451,2.000000
6.629000,-0.128854,-2.416497,2.000000
6.630000,-0.131922,-2.416497,2.000000
6.631000,-0.131922,-2.416497,2.000000
6.632000,-0.131922,-2.416497,2.000000
6.633000,-0.134990,-2.416497,2.000000
6.634000,-0.134990,-2.357225,2.000000
6.635000,-0.138058,-1.977266,2.000000
6.636000,-0.138058,-1.703608,2.000000
6.637000,-0.141126,-1.824946,2.000000
6.638000,-0.141126,-1.824946,2.000000
6.639000,-0.141126,-1.824946,2.000000
6.640000,-0.144194,-1.824946,2.000000
6.641000,-0.144194,-1.824946,2.000000
6.642000,-0.144194,-1.824946,2.000000
6.643000,-0.144194,-1.815231,2.000000
6.644000,-0.144194,-1.581803,2.000000
6.645000,-0.144194,-1.400663,2.000000
6.646000,-0.144194,-1.257470,2.000000
6.647000,-0.144194,-1.140272,2.000000
6.648000,-0.144194,-1.140272,2.000000
6.649000,-0.144194,-0.961891,2.000000
6.650000,-0.144194,-0.892207,2.000000
6.651000,-0.144194,-0.892207,2.000000
6.652000,-0.144194,-0.831640,2.000000
6.653000,-0.144194,-0.778590,2.000000
6.654000,-0.144194,-0.732260,2.000000
6.655000,-0.144194,-0.654216,2.000000
6.656000,-0.144194,-0.654216,2.000000
6.657000,-0.141126,0.591102,2.000000
6.658000,-0.141126,0.564122,2.000000
6.659000,-0.141126,0.564122,2.000000
6.660000,-0.138058,0.539142,2.000000
6.661000,-0.138058,0.516548,2.000000
6.662000,-0.134990,0.476504,2.000000
6.663000,-0.134990,0.458677,2.000000
6.664000,-0.134990,0.458677,2.000000
6.665000,-0.131922,0.449433,2.000000
6.666000,-0.128854,0.449433,2.000000
6.667000,-0.128854,0.449433,2.000000
6.668000,-0.125786,0.449433,2.000000
6.669000,-0.125786,0.449433,2.000000
6.670000,-0.125786,0.449433,2.000000
6.671000,-0.122718,0.449433,2.000000
6.672000,-0.116583,1.438868,2.000000
6.673000,-0.116583,1.438868,2.000000
6.674000,-0.113515,1.438868,2.000000
6.675000,-0.113515,1.438868,2.000000
6.676000,-0.110447,1.438868,2.000000
6.677000,-0.107379,2.071086,2.000000
6.678000,-0.104311,2.071086,2.000000
6.679000,-0.101243,2.071086,2.000000
6.680000,-0.101243,2.071086,2.000000
6.681000,-0.098175,2.071086,2.000000
6.682000,-0.092039,2.538324,2.000000
6.683000,-0.092039,2.538324,2.000000
6.684000,-0.085903,2.538324,2.000000
6.685000,-0.082835,2.923676,2.000000
6.686000,-0.082835,2.923676,2.000000
6.687000,-0.079767,2.923676,2.000000
6.688000,-0.076699,2.923676,2.000000
6.689000,-0.067495,3.237942,2.000000
6.690000,-0.067495,3.237942,2.000000
6.691000,-0.061359,3.237942,2.000000
6.692000,-0.058291,3.533232,2.000000
6.693000,-0.058291,3.533232,2.000000
6.694000,-0.052155,3.533232,2.000000
6.695000,-0.049087,3.533232,2.000000
6.696000,-0.039884,3.789475,2.000000
6.697000,-0.039884,3.789475,2.000000
6.698000,-0.036816,3.789475,2.000000
6.699000,-0.027612,4.019493,2.000000
6.700000,-0.024544,4.019493,2.000000
6.701000,-0.024544,4.019493,-2.000000
6.702000,-0.015340,4.241992,-2.000000
6.703000,-0.015340,4.241992,-2.000000
6.704000,-0.012272,4.241992,-2.000000
6.705000,-0.006136,4.431514,-2.000000
6.706000,-0.003068,4.431514,-2.000000
6.707000,0.003068,4.232766,-2.000000
6.708000,0.009204,4.232766,-2.000000
6.709000,0.009204,4.232766,-2.000000
6.710000,0.018408,4.075991,-2.000000
6.711000,0.018408,4.075991,-2.000000
6.712000,0.021476,4.075991,-2.000000
6.713000,0.024544,4.075991,-2.000000
6.714000,0.027612,3.824362,-2.000000
6.715000,0.033748,3.824362,-2.000000
6.716000,0.036816,3.399312,-2.000000
6.717000,0.039884,3.467208,-2.000000
6.718000,0.042951,3.467208,-2.000000
6.719000,0.046019,3.467208,-2.000000
6.720000,0.046019,3.467208,-2.000000
6.721000,0.052155,3.152162,-2.000000
6.722000,0.052155,3.152162,-2.000000
6.723000,0.058291,3.152162,-2.000000
6.724000,0.061359,3.152162,-2.000000
6.725000,0.061359,3.152162,-2.000000
6.726000,0.061359,2.551857,-2.000000
6.727000,0.067495,2.764742,-2.000000
6.728000,0.067495,2.764742,-2.000000
6.729000,0.070563,2.764742,-2.000000
6.730000,0.070563,2.764742,-2.000000
6.731000,0.073631,2.055576,-2.000000
6.732000,0.076699,2.274618,-2.000000
6.733000,0.076699,2.274618,-2.000000
6.734000,0.079767,2.274618,-2.000000
6.735000,0.079767,2.274618,-2.000000
6.736000,0.079767,2.274618,-2.000000
6.737000,0.082835,2.129507,-2.000000
6.738000,0.082835,2.129507,-2.000000
6.739000,0.085903,1.580787,-2.000000
6.740000,0.085903,1.400907,-2.000000
6.741000,0.085903,1.400907,-2.000000
6.742000,0.088971,1.627764,-2.000000
6.743000,0.088971,1.627764,-2.000000
6.744000,0.088971,1.627764,-2.000000
6.745000,0.088971,1.627764,-2.000000
6.746000,0.088971,1.627764,-2.000000
6.747000,0.088971,1.627764,-2.000000
6.748000,0.088971,1.627764,-2.000000
6.749000,0.088971,1.627764,-2.000000
6.750000,0.088971,1.627764,-2.000000
6.751000,0.088971,1.310852,-2.000000
6.752000,0.088971,1.185045,-2.000000
6.753000,0.088971,1.080721,-2.000000
6.754000,0.088971,1.080721,-2.000000
6.755000,0.088971,0.993023,-2.000000
6.756000,0.088971,0.918489,-2.000000
6.757000,0.085903,-0.799115,-2.000000
6.758000,0.085903,-0.799115,-2.000000
6.759000,0.082835,-0.706779,-2.000000
6.760000,0.082835,-0.706779,-2.000000
6.761000,0.082835,-0.668300,-2.000000
6.762000,0.079767,-0.622911,-2.000000
6.763000,0.079767,-0.622911,-2.000000
6.764000,0.076699,-0.622911,-2.000000
6.765000,0.076699,-0.622911,-2.000000
6.766000,0.076699,-0.622911,-2.000000
6.767000,0.073631,-0.622911,-2.000000
6.768000,0.070563,-0.622911,-2.000000
6.769000,0.070563,-0.622911,-2.000000
6.770000,0.067495,-1.177050,-2.000000
6.771000,0.067495,-1.177050,-2.000000
6.772000,0.064427,-1.177050,-2.000000
6.773000,0.061359,-1.177050,-2.000000
6.774000,0.058291,-1.177050,-2.000000
6.775000,0.055223,-1.905570,-2.000000
6.776000,0.055223,-1.905570,-2.000000
6.777000,0.052155,-1.905570,-2.000000
6.778000,0.049087,-1.905570,-2.000000
6.779000,0.049087,-1.905570,-2.000000
6.780000,0.042951,-2.413876,-2.000000
6.781000,0.039884,-2.413876,-2.000000
6.782000,0.036816,-2.413876,-2.000000
6.783000,0.033748,-2.413876,-2.000000
6.784000,0.030680,-2.818972,-2.000000
6.785000,0.030680,-2.818972,-2.000000
6.786000,0.024544,-2.818972,-2.000000
6.787000,0.021476,-2.818972,-2.000000
6.788000,0.018408,-3.143146,-2.000000
6.789000,0.012272,-3.143146,-2.000000
6.790000,0.009204,-3.143146,-2.000000
6.791000,0.006136,-3.436984,-2.000000
6.792000,0.003068,-3.436984,-2.000000
6.793000,0.000000,-3.436984,-2.000000
6.794000,-0.006136,-3.702194,-2.000000
6.795000,-0.006136,-3.702194,-2.000000
6.796000,-0.009204,-3.702194,-2.000000
6.797000,-0.018408,-3.937403,-2.000000
6.798000,-0.021476,-3.937403,-2.000000
6.799000,-0.024544,-3.937403,-2.000000
6.800000,-0.030680,-4.157051,-2.000000
6.801000,-0.033748,-4.157051,2.000000
6.802000,-0.039884,-4.157051,2.000000
6.803000,-0.039884,-4.157051,2.000000
6.804000,-0.046019,-4.351761,2.000000
6.805000,-0.052155,-4.351761,2.000000
6.806000,-0.052155,-4.351761,2.000000
6.807000,-0.058291,-4.100601,2.000000
6.808000,-0.058291,-4.100601,2.000000
6.809000,-0.067495,-4.092908,2.000000
6.810000,-0.070563,-4.092908,2.000000
6.811000,-0.070563,-4.092908,2.000000
6.812000,-0.076699,-3.711415,2.000000
6.813000,-0.076699,-3.711415,2.000000
6.814000,-0.085903,-3.786000,2.000000
6.815000,-0.088971,-3.786000,2.000000
6.816000,-0.088971,-3.786000,2.000000
6.817000,-0.095107,-3.459606,2.000000
6.818000,-0.098175,-3.459606,2.000000
6.819000,-0.098175,-3.459606,2.000000
6.820000,-0.101243,-2.936551,2.000000
6.821000,-0.104311,-3.094328,2.000000
6.822000,-0.104311,-3.094328,2.000000
6.823000,-0.110447,-3.094328,2.000000
6.824000,-0.113515,-3.094328,2.000000
6.825000,-0.113515,-3.094328,2.000000
6.826000,-0.113515,-2.484710,2.000000
6.827000,-0.116583,-2.669106,2.000000
6.828000,-0.119651,-2.669106,2.000000
6.829000,-0.119651,-2.669106,2.000000
6.830000,-0.125786,-2.497302,2.000000
6.831000,-0.125786,-2.497302,2.000000
6.832000,-0.128854,-2.167272,2.000000
6.833000,-0.128854,-2.167272,2.000000
6.834000,-0.131922,-2.167272,2.000000
6.835000,-0.131922,-2.167272,2.000000
6.836000,-0.131922,-2.167272,2.000000
6.837000,-0.131922,-2.167272,2.000000
6.838000,-0.134990,-2.167272,2.000000
6.839000,-0.134990,-1.957813,2.000000
6.840000,-0.138058,-1.483834,2.000000
6.841000,-0.138058,-1.324209,2.000000
6.842000,-0.138058,-1.324209,2.000000
6.843000,-0.138058,-1.088725,2.000000
6.844000,-0.138058,-1.088725,2.000000
6.845000,-0.138058,-0.924433,2.000000
6.846000,-0.138058,-0.924433,2.000000
6.847000,-0.138058,-0.803511,2.000000
6.848000,-0.138058,-0.754342,2.000000
6.849000,-0.138058,-0.710512,2.000000
6.850000,-0.138058,-0.671602,2.000000
6.851000,-0.138058,-0.636905,2.000000
6.852000,-0.138058,-0.605503,2.000000
6.853000,-0.138058,-0.576813,2.000000
6.854000,-0.138058,-0.576813,2.000000
6.855000,-0.138058,-0.551035,2.000000
6.856000,-0.138058,-0.527380,2.000000
6.857000,-0.134990,0.505638,2.000000
6.858000,-0.134990,0.485636,2.000000
6.859000,-0.134990,0.467085,2.000000
6.860000,-0.131922,1.450359,2.000000
6.861000,-0.131922,1.450359,2.000000
6.862000,-0.131922,1.450359,2.000000
6.863000,-0.128854,1.450359,2.000000
6.864000,-0.125786,1.450359,2.000000
6.865000,-0.125786,1.450359,2.000000
6.866000,-0.125786,1.450359,2.000000
6.867000,-0.122718,1.450359,2.000000
6.868000,-0.122718,0.452653,2.000000
6.869000,-0.119651,0.452653,2.000000
6.870000,-0.119651,0.452653,2.000000
6.871000,-0.116583,0.452653,2.000000
6.872000,-0.113515,0.452653,2.000000
6.873000,-0.110447,0.452653,2.000000
6.874000,-0.110447,0.452653,2.000000
6.875000,-0.107379,1.794884,2.000000
6.876000,-0.104311,1.794884,2.000000
6.877000,-0.101243,1.794884,2.000000
6.878000,-0.101243,1.794884,2.000000
6.879000,-0.098175,1.794884,2.000000
6.880000,-0.095107,2.328550,2.000000
6.881000,-0.092039,2.328550,2.000000
6.882000,-0.088971,2.328550,2.000000
6.883000,-0.085903,2.328550,2.000000
6.884000,-0.082835,2.756411,2.000000
6.885000,-0.079767,2.756411,2.000000
6.886000,-0.076699,2.756411,2.000000
6.887000,-0.073631,2.756411,2.000000
6.888000,-0.067495,3.100822,2.000000
6.889000,-0.064427,3.100822,2.000000
6.890000,-0.061359,3.100822,2.000000
6.891000,-0.058291,3.412730,2.000000
6.892000,-0.055223,3.412730,2.000000
6.893000,-0.052155,3.412730,2.000000
6.894000,-0.046019,3.681462,2.000000
6.895000,-0.042951,3.681462,2.000000
6.896000,-0.039884,3.681462,2.000000
6.897000,-0.033748,3.928807,2.000000
6.898000,-0.030680,3.928807,2.000000
6.899000,-0.024544,3.928807,2.000000
6.900000,-0.021476,4.164163,2.000000
6.901000,-0.018408,4.164163,-2.000000
6.902000,-0.012272,4.164163,-2.000000
6.903000,-0.009204,4.368436,-2.000000
6.904000,-0.003068,4.368436,-2.000000
6.905000,0.000000,4.368436,-2.000000
6.906000,0.003068,4.311710,-2.000000
6.907000,0.009204,4.311710,-2.000000
6.908000,0.012272,4.311710,-2.000000
6.909000,0.015340,4.338236,-2.000000
6.910000,0.021476,4.338236,-2.000000
6.911000,0.024544,4.338236,-2.000000
6.912000,0.027612,3.993965,-2.000000
6.913000,0.030680,3.993965,-2.000000
6.914000,0.036816,3.993965,-2.000000
6.915000,0.039884,3.716895,-2.000000
6.916000,0.042951,3.716895,-2.000000
6.917000,0.046019,3.716895,-2.000000
6.918000,0.049087,3.716895,-2.000000
6.919000,0.052155,3.462059,-2.000000
6.920000,0.055223,3.462059,-2.000000
6.921000,0.058291,3.462059,-2.000000
6.922000,0.061359,3.462059,-2.000000
6.923000,0.064427,3.060120,-2.000000
6.924000,0.064427,3.060120,-2.000000
6.925000,0.067495,3.060120,-2.000000
6.926000,0.070563,3.060120,-2.000000
6.927000,0.073631,2.964821,-2.000000
6.928000,0.076699,2.650682,-2.000000
6.929000,0.076699,2.650682,-2.000000
6.930000,0.079767,2.650682,-2.000000
6.931000,0.079767,2.650682,-2.000000
6.932000,0.082835,2.650682,-2.000000
6.933000,0.085903,2.422294,-2.000000
6.934000,0.085903,2.021161,-2.000000
6.935000,0.088971,2.131505,-2.000000
6.936000,0.088971,2.131505,-2.000000
6.937000,0.088971,2.131505,-2.000000
6.938000,0.092039,2.131505,-2.000000
6.939000,0.092039,2.131505,-2.000000
6.940000,0.095107,2.131505,-2.000000
6.941000,0.095107,1.937919,-2.000000
6.942000,0.095107,1.673095,-2.000000
6.943000,0.095107,1.472958,-2.000000
6.944000,0.098175,1.314291,-2.000000
6.945000,0.098175,1.188414,-2.000000
6.946000,0.098175,1.082225,-2.000000
6.947000,0.098175,0.994962,-2.000000
6.948000,0.098175,0.920474,-2.000000
6.949000,0.098175,0.856017,-2.000000
6.950000,0.098175,0.800301,-2.000000
6.951000,0.098175,0.751125,-2.000000
6.952000,0.098175,0.707845,-2.000000
6.953000,0.098175,0.669362,-2.000000
6.954000,0.098175,0.634621,-2.000000
6.955000,0.098175,0.603575,-2.000000
6.956000,0.095107,-0.575174,-2.000000
6.957000,0.095107,-0.549386,-2.000000
6.958000,0.095107,-0.525911,-2.000000
6.959000,0.095107,-0.504236,-2.000000
6.960000,0.092039,-1.405187,-2.000000
6.961000,0.092039,-1.405187,-2.000000
6.962000,0.092039,-1.405187,-2.000000
6.963000,0.088971,-1.405187,-2.000000
6.964000,0.088971,-1.405187,-2.000000
6.965000,0.085903,-1.405187,-2.000000
6.966000,0.085903,-1.405187,-2.000000
6.967000,0.082835,-1.405187,-2.000000
6.968000,0.082835,-1.405187,-2.000000
6.969000,0.079767,-0.496627,-2.000000
6.970000,0.076699,-0.496627,-2.000000
6.971000,0.076699,-0.496627,-2.000000
6.972000,0.073631,-0.496627,-2.000000
6.973000,0.070563,-0.496627,-2.000000
6.974000,0.070563,-0.496627,-2.000000
6.975000,0.067495,-1.773349,-2.000000
6.976000,0.064427,-1.773349,-2.000000
6.977000,0.061359,-1.773349,-2.000000
6.978000,0.058291,-1.773349,-2.000000
6.979000,0.058291,-1.773349,-2.000000
6.980000,0.055223,-2.301774,-2.000000
6.981000,0.052155,-2.301774,-2.000000
6.982000,0.049087,-2.301774,-2.000000
6.983000,0.046019,-2.301774,-2.000000
6.984000,0.042951,-2.731385,-2.000000
6.985000,0.039884,-2.731385,-2.000000
6.986000,0.036816,-2.731385,-2.000000
6.987000,0.033748,-2.731385,-2.000000
6.988000,0.027612,-3.089189,-2.000000
6.989000,0.024544,-3.089189,-2.000000
6.990000,0.021476,-3.089189,-2.000000
6.991000,0.018408,-3.383004,-2.000000
6.992000,0.015340,-3.383004,-2.000000
6.993000,0.009204,-3.383004,-2.000000
6.994000,0.006136,-3.655796,-2.000000
6.995000,0.003068,-3.655796,-2.000000
6.996000,0.000000,-3.655796,-2.000000
6.997000,-0.006136,-3.903845,-2.000000
6.998000,-0.009204,-3.903845,-2.000000
6.999000,-0.015340,-3.903845,-2.000000
7.000000,-0.018408,-4.131935,-2.000000
7.001000,-0.021476,-4.131935,2.000000
7.002000,-0.027612,-4.131935,2.000000
7.003000,-0.030680,-4.341050,2.000000
7.004000,-0.033748,-4.341050,2.000000
7.005000,-0.039884,-4.341050,2.000000
7.006000,-0.042951,-4.188125,2.000000
7.007000,-0.049087,-4.188125,2.000000
7.008000,-0.055223,-4.294943,2.000000
7.009000,-0.055223,-4.294943,2.000000
7.010000,-0.058291,-4.294943,2.000000
7.011000,-0.067495,-3.931446,2.000000
7.012000,-0.067495,-3.931446,2.000000
7.013000,-0.073631,-3.931446,2.000000
7.014000,-0.076699,-3.634547,2.000000
7.015000,-0.079767,-3.666430,2.000000
7.016000,-0.079767,-3.666430,2.000000
7.017000,-0.088971,-3.666430,2.000000
7.018000,-0.088971,-3.197517,2.000000
7.019000,-0.088971,-3.197517,2.000000
7.020000,-0.095107,-3.325078,2.000000
7.021000,-0.098175,-3.325078,2.000000
7.022000,-0.101243,-3.118375,2.000000
7.023000,-0.104311,-2.959875,2.000000
7.024000,-0.107379,-2.959875,2.000000
7.025000,-0.107379,-2.959875,2.000000
7.026000,-0.110447,-2.959875,2.000000
7.027000,-0.113515,-2.738224,2.000000
7.028000,-0.113515,-2.738224,2.000000
7.029000,-0.116583,-2.510621,2.000000
7.030000,-0.119651,-2.510621,2.000000
7.031000,-0.119651,-2.510621,2.000000
7.032000,-0.122718,-2.510621,2.000000
7.033000,-0.122718,-2.424408,2.000000
7.034000,-0.125786,-2.026148,2.000000
7.035000,-0.125786,-2.026148,2.000000
7.036000,-0.128854,-1.951362,2.000000
7.037000,-0.128854,-1.951362,2.000000
7.038000,-0.128854,-1.951362,2.000000
7.039000,-0.131922,-1.951362,2.000000
7.040000,-0.131922,-1.951362,2.000000
7.041000,-0.131922,-1.951362,2.000000
7.042000,-0.131922,-1.951362,2.000000
7.043000,-0.134990,-1.654504,2.000000
7.044000,-0.134990,-1.458761,2.000000
7.045000,-0.134990,-1.458761,2.000000
7.046000,-0.134990,-1.178246,2.000000
7.047000,-0.134990,-1.075088,2.000000
7.048000,-0.134990,-0.988577,2.000000
7.049000,-0.134990,-0.914942,2.000000
7.050000,-0.134990,-0.851509,2.000000
7.051000,-0.134990,-0.796055,2.000000
7.052000,-0.134990,-0.747576,2.000000
7.053000,-0.134990,-0.747576,2.000000
7.054000,-0.134990,-0.666548,2.000000
7.055000,-0.134990,-0.632267,2.000000
7.056000,-0.131922,-1.119446,2.000000
7.057000,-0.131922,-1.119446,2.000000
7.058000,-0.131922,-1.119446,2.000000
7.059000,-0.131922,-1.119446,2.000000
7.060000,-0.128854,-1.119446,2.000000
7.061000,-0.128854,-1.119446,2.000000
7.062000,-0.128854,-1.119446,2.000000
7.063000,-0.125786,-1.119446,2.000000
7.064000,-0.125786,-1.119446,2.000000
7.065000,-0.122718,-1.119446,2.000000
7.066000,-0.122718,-1.119446,2.000000
7.067000,-0.119651,0.622601,2.000000
7.068000,-0.119651,0.622601,2.000000
7.069000,-0.116583,0.622601,2.000000
7.070000,-0.113515,0.622601,2.000000
7.071000,-0.113515,0.622601,2.000000
7.072000,-0.113515,0.622601,2.000000
7.073000,-0.107379,1.577220,2.000000
7.074000,-0.107379,1.577220,2.000000
7.075000,-0.104311,1.577220,2.000000
7.076000,-0.104311,1.577220,2.000000
7.077000,-0.098175,1.577220,2.000000
7.078000,-0.095107,2.168932,2.000000
7.079000,-0.095107,2.168932,2.000000
7.080000,-0.092039,2.168932,2.000000
7.081000,-0.088971,2.168932,2.000000
7.082000,-0.085903,2.168932,2.000000
7.083000,-0.082835,2.619973,2.000000
7.084000,-0.082835,2.619973,2.000000
7.085000,-0.076699,2.619973,2.000000
7.086000,-0.073631,2.619973,2.000000
7.087000,-0.070563,2.977610,2.000000
7.088000,-0.070563,2.977610,2.000000
7.089000,-0.061359,2.977610,2.000000
7.090000,-0.058291,3.298785,2.000000
7.091000,-0.055223,3.298785,2.000000
7.092000,-0.055223,3.298785,2.000000
7.093000,-0.049087,3.298785,2.000000
7.094000,-0.042951,3.573283,2.000000
7.095000,-0.039884,3.573283,2.000000
7.096000,-0.036816,3.573283,2.000000
7.097000,-0.036816,3.573283,2.000000
7.098000,-0.027612,3.823700,2.000000
7.099000,-0.024544,3.823700,2.000000
7.100000,-0.018408,4.062684,-2.000000
7.101000,-0.018408,4.062684,-2.000000
7.102000,-0.012272,4.062684,-2.000000
7.103000,-0.006136,4.257301,-2.000000
7.104000,-0.003068,4.257301,-2.000000
7.105000,-0.003068,4.257301,-2.000000
7.106000,0.003068,4.095147,-2.000000
7.107000,0.009204,4.095147,-2.000000
7.108000,0.012272,4.095147,-2.000000
7.109000,0.012272,4.095147,-2.000000
7.110000,0.018408,3.886981,-2.000000
7.111000,0.021476,3.886981,-2.000000
7.112000,0.027612,3.574772,-2.000000
7.113000,0.030680,3.574772,-2.000000
7.114000,0.030680,3.574772,-2.000000
7.115000,0.036816,3.574772,-2.000000
7.116000,0.039884,3.315110,-2.000000
7.117000,0.039884,3.315110,-2.000000
7.118000,0.042951,3.315110,-2.000000
7.119000,0.042951,3.315110,-2.000000
7.120000,0.049087,2.982414,-2.000000
7.121000,0.052155,2.918220,-2.000000
7.122000,0.055223,2.918220,-2.000000
7.123000,0.055223,2.918220,-2.000000
7.124000,0.058291,2.918220,-2.000000
7.125000,0.061359,2.666899,-2.000000
7.126000,0.064427,2.491928,-2.000000
7.127000,0.064427,2.491928,-2.000000
7.128000,0.067495,2.491928,-2.000000
7.129000,0.067495,2.491928,-2.000000
7.130000,0.070563,2.491928,-2.000000
7.131000,0.070563,2.389372,-2.000000
7.132000,0.070563,2.389372,-2.000000
7.133000,0.073631,1.719559,-2.000000
7.134000,0.076699,1.930615,-2.000000
7.135000,0.076699,1.930615,-2.000000
7.136000,0.076699,1.930615,-2.000000
7.137000,0.076699,1.930615,-2.000000
7.138000,0.079767,1.930615,-2.000000
7.139000,0.079767,1.930615,-2.000000
7.140000,0.079767,1.930615,-2.000000
7.141000,0.079767,1.928773,-2.000000
7.142000,0.082835,1.466421,-2.000000
7.143000,0.082835,1.310824,-2.000000
7.144000,0.082835,1.183699,-2.000000
7.145000,0.082835,1.183699,-2.000000
7.146000,0.082835,0.993143,-2.000000
7.147000,0.082835,0.918579,-2.000000
7.148000,0.082835,0.918579,-2.000000
7.149000,0.082835,0.798662,-2.000000
7.150000,0.082835,0.798662,-2.000000
7.151000,0.082835,0.706608,-2.000000
7.152000,0.082835,0.668355,-2.000000
7.153000,0.082835,0.668355,-2.000000
7.154000,0.079767,1.084888,-2.000000
7.155000,0.079767,1.084888,-2.000000
7.156000,0.079767,1.084888,-2.000000
7.157000,0.079767,1.084888,-2.000000
7.158000,0.076699,1.084888,-2.000000
7.159000,0.076699,1.084888,-2.000000
7.160000,0.076699,1.084888,-2.000000
7.161000,0.073631,1.084888,-2.000000
7.162000,0.073631,1.084888,-2.000000
7.163000,0.070563,1.084888,-2.000000
7.164000,0.070563,1.084888,-2.000000
7.165000,0.067495,-0.653848,-2.000000
7.166000,0.067495,-0.653848,-2.000000
7.167000,0.064427,-0.653848,-2.000000
7.168000,0.064427,-0.653848,-2.000000
7.169000,0.061359,-0.653848,-2.000000
7.170000,0.058291,-0.653848,-2.000000
7.171000,0.058291,-0.653848,-2.000000
7.172000,0.055223,-1.553319,-2.000000
7.173000,0.052155,-1.553319,-2.000000
7.174000,0.052155,-1.553319,-2.000000
7.175000,0.049087,-1.553319,-2.000000
7.176000,0.046019,-1.553319,-2.000000
7.177000,0.042951,-2.150278,-2.000000
7.178000,0.039884,-2.150278,-2.000000
7.179000,0.033748,-2.150278,-2.000000
7.180000,0.033748,-2.150278,-2.000000
7.181000,0.030680,-2.601728,-2.000000
7.182000,0.027612,-2.601728,-2.000000
7.183000,0.024544,-2.601728,-2.000000
7.184000,0.021476,-2.601728,-2.000000
7.185000,0.018408,-2.963707,-2.000000
7.186000,0.015340,-2.963707,-2.000000
7.187000,0.012272,-2.963707,-2.000000
7.188000,0.009204,-2.963707,-2.000000
7.189000,0.006136,-3.280913,-2.000000
7.190000,0.003068,-3.280913,-2.000000
7.191000,-0.003068,-3.280913,-2.000000
7.192000,-0.006136,-3.563311,-2.000000
7.193000,-0.009204,-3.563311,-2.000000
7.194000,-0.018408,-3.817917,-2.000000
7.195000,-0.018408,-3.817917,-2.000000
7.196000,-0.024544,-3.817917,-2.000000
7.197000,-0.024544,-3.817917,-2.000000
7.198000,-0.030680,-4.052176,-2.000000
7.199000,-0.033748,-4.052176,-2.000000
7.200000,-0.039884,-4.052176,-2.000000
7.201000,-0.042951,-4.256234,2.000000
7.202000,-0.049087,-4.256234,2.000000
7.203000,-0.052155,-4.256234,2.000000
7.204000,-0.061359,-4.453942,2.000000
7.205000,-0.061359,-4.453942,2.000000
7.206000,-0.070563,-4.307422,2.000000
7.207000,-0.070563,-4.307422,2.000000
7.208000,-0.076699,-4.307422,2.000000
7.209000,-0.076699,-4.307422,2.000000
7.210000,-0.085903,-4.210678,2.000000
7.211000,-0.085903,-4.210678,2.000000
7.212000,-0.092039,-3.892889,2.000000
7.213000,-0.092039,-3.892889,2.000000
7.214000,-0.098175,-3.892889,2.000000
7.215000,-0.098175,-3.892889,2.000000
7.216000,-0.107379,-3.597346,2.000000
7.217000,-0.107379,-3.597346,2.000000
7.218000,-0.116583,-3.597346,2.000000
7.219000,-0.116583,-3.126906,2.000000
7.220000,-0.119651,-3.284804,2.000000
7.221000,-0.122718,-3.284804,2.000000
7.222000,-0.125786,-3.284804,2.000000
7.223000,-0.125786,-3.284804,2.000000
7.224000,-0.128854,-3.093667,2.000000
7.225000,-0.134990,-2.896732,2.000000
7.226000,-0.134990,-2.896732,2.000000
7.227000,-0.138058,-2.896732,2.000000
7.228000,-0.141126,-2.794463,2.000000
7.229000,-0.141126,-2.275965,2.000000
7.230000,-0.141126,-2.275965,2.000000
7.231000,-0.147262,-2.437194,2.000000
7.232000,-0.147262,-2.437194,2.000000
7.233000,-0.150330,-2.437194,2.000000
7.234000,-0.150330,-2.437194,2.000000
7.235000,-0.153398,-2.143648,2.000000
7.236000,-0.153398,-2.143648,2.000000
7.237000,-0.153398,-1.589929,2.000000
7.238000,-0.153398,-1.589929,2.000000
7.239000,-0.156466,-1.844204,2.000000
7.240000,-0.156466,-1.844204,2.000000
7.241000,-0.159534,-1.844204,2.000000
7.242000,-0.159534,-1.844204,2.000000
7.243000,-0.159534,-1.844204,2.000000
7.244000,-0.159534,-1.844204,2.000000
7.245000,-0.159534,-1.844204,2.000000
7.246000,-0.159534,-1.463315,2.000000
7.247000,-0.159534,-1.463315,2.000000
7.248000,-0.159534,-1.181871,2.000000
7.249000,-0.159534,-1.181871,2.000000
7.250000,-0.159534,-0.990574,2.000000
7.251000,-0.159534,-0.990574,2.000000
7.252000,-0.159534,-0.852836,2.000000
7.253000,-0.159534,-0.852836,2.000000
7.254000,-0.159534,-0.748942,2.000000
7.255000,-0.159534,-0.705932,2.000000
7.256000,-0.159534,-0.705932,2.000000
7.257000,-0.159534,-0.667384,2.000000
7.258000,-0.156466,0.602076,2.000000
7.259000,-0.156466,0.602076,2.000000
7.260000,-0.156466,0.548188,2.000000
7.261000,-0.156466,0.548188,2.000000
7.262000,-0.153398,0.524783,2.000000
7.263000,-0.153398,0.503366,2.000000
7.264000,-0.150330,0.465062,2.000000
7.265000,-0.150330,0.465062,2.000000
7.266000,-0.150330,0.448175,2.000000
7.267000,-0.147262,0.447960,2.000000
7.268000,-0.147262,0.447960,2.000000
7.269000,-0.144194,0.447960,2.000000
7.270000,-0.141126,0.447960,2.000000
7.271000,-0.141126,0.447960,2.000000
7.272000,-0.134990,1.451164,2.000000
7.273000,-0.134990,1.451164,2.000000
7.274000,-0.134990,1.451164,2.000000
7.275000,-0.131922,1.451164,2.000000
7.276000,-0.128854,1.451164,2.000000
7.277000,-0.128854,1.451164,2.000000
7.278000,-0.125786,1.451164,2.000000
7.279000,-0.122718,2.085886,2.000000
7.280000,-0.119651,2.085886,2.000000
7.281000,-0.116583,2.085886,2.000000
7.282000,-0.113515,2.085886,2.000000
7.283000,-0.110447,2.553768,2.000000
7.284000,-0.107379,2.553768,2.000000
7.285000,-0.104311,2.553768,2.000000
7.286000,-0.101243,2.553768,2.000000
7.287000,-0.098175,2.931864,2.000000
7.288000,-0.095107,2.931864,2.000000
7.289000,-0.092039,2.931864,2.000000
7.290000,-0.088971,2.931864,2.000000
7.291000,-0.085903,3.255983,2.000000
7.292000,-0.079767,3.255983,2.000000
7.293000,-0.076699,3.255983,2.000000
7.294000,-0.073631,3.528420,2.000000
7.295000,-0.070563,3.528420,2.000000
7.296000,-0.064427,3.528420,2.000000
7.297000,-0.061359,3.796264,2.000000
7.298000,-0.052155,3.796264,2.000000
7.299000,-0.052155,3.796264,2.000000
7.300000,-0.049087,4.025151,2.000000
7.301000,-0.046019,4.025151,-2.000000
7.302000,-0.039884,4.025151,-2.000000
7.303000,-0.036816,4.231266,-2.000000
7.304000,-0.033748,4.231266,-2.000000
7.305000,-0.027612,4.231266,-2.000000
7.306000,-0.024544,4.152206,-2.000000
7.307000,-0.021476,4.152206,-2.000000
7.308000,-0.015340,4.152206,-2.000000
7.309000,-0.012272,4.151368,-2.000000
7.310000,-0.009204,4.151368,-2.000000
7.311000,-0.006136,4.151368,-2.000000
7.312000,0.000000,3.843610,-2.000000
7.313000,0.003068,3.843610,-2.000000
7.314000,0.006136,3.843610,-2.000000
7.315000,0.009204,3.843610,-2.000000
7.316000,0.012272,3.579740,-2.000000
7.317000,0.015340,3.579740,-2.000000
7.318000,0.018408,3.579740,-2.000000
7.319000,0.021476,3.505505,-2.000000
7.320000,0.024544,3.190151,-2.000000
7.321000,0.027612,3.190151,-2.000000
7.322000,0.030680,3.190151,-2.000000
7.323000,0.030680,3.190151,-2.000000
7.324000,0.033748,2.766465,-2.000000
7.325000,0.036816,2.809301,-2.000000
7.326000,0.039884,2.809301,-2.000000
7.327000,0.039884,2.809301,-2.000000
7.328000,0.042951,2.809301,-2.000000
7.329000,0.046019,2.610645,-2.000000
7.330000,0.046019,2.150576,-2.000000
7.331000,0.049087,2.337216,-2.000000
7.332000,0.049087,2.337216,-2.000000
7.333000,0.052155,2.337216,-2.000000
7.334000,0.052155,2.337216,-2.000000
7.335000,0.055223,2.337216,-2.000000
7.336000,0.055223,2.131115,-2.000000
7.337000,0.058291,1.815146,-2.000000
7.338000,0.058291,1.580937,-2.000000
7.339000,0.058291,1.401073,-2.000000
7.340000,0.061359,1.722542,-2.000000
7.341000,0.061359,1.722542,-2.000000
7.342000,0.061359,1.722542,-2.000000
7.343000,0.061359,1.722542,-2.000000
7.344000,0.061359,1.722542,-2.000000
7.345000,0.064427,1.722542,-2.000000
7.346000,0.064427,1.722542,-2.000000
7.347000,0.064427,1.654451,-2.000000
7.348000,0.064427,1.457440,-2.000000
7.349000,0.064427,1.303547,-2.000000
7.350000,0.064427,1.178578,-2.000000
7.351000,0.064427,1.074783,-2.000000
7.352000,0.064427,0.988133,-2.000000
7.353000,0.064427,0.914797,-2.000000
7.354000,0.061359,-0.851098,-2.000000
7.355000,0.061359,-0.796052,-2.000000
7.356000,0.061359,-0.747689,-2.000000
7.357000,0.061359,-0.704560,-2.000000
7.358000,0.061359,-0.666351,-2.000000
7.359000,0.058291,-0.632004,-2.000000
7.360000,0.058291,-0.600997,-2.000000
7.361000,0.058291,-0.572986,-2.000000
7.362000,0.055223,-0.547383,-2.000000
7.363000,0.055223,-0.524045,-2.000000
7.364000,0.052155,-0.509174,-2.000000
7.365000,0.052155,-0.509174,-2.000000
7.366000,0.049087,-0.509174,-2.000000
7.367000,0.049087,-0.509174,-2.000000
7.368000,0.046019,-0.509174,-2.000000
7.369000,0.046019,-0.509174,-2.000000
7.370000,0.042951,-0.509174,-2.000000
7.371000,0.039884,-1.304588,-2.000000
7.372000,0.039884,-1.304588,-2.000000
7.373000,0.036816,-1.304588,-2.000000
7.374000,0.033748,-1.304588,-2.000000
7.375000,0.033748,-1.304588,-2.000000
7.376000,0.030680,-1.304588,-2.000000
7.377000,0.027612,-1.988932,-2.000000
7.378000,0.024544,-1.988932,-2.000000
7.379000,0.021476,-1.988932,-2.000000
7.380000,0.018408,-1.988932,-2.000000
7.381000,0.015340,-2.468743,-2.000000
7.382000,0.015340,-2.468743,-2.000000
7.383000,0.012272,-2.468743,-2.000000
7.384000,0.009204,-2.468743,-2.000000
7.385000,0.006136,-2.468743,-2.000000
7.386000,0.003068,-2.862739,-2.000000
7.387000,0.000000,-2.862739,-2.000000
7.388000,-0.006136,-2.862739,-2.000000
7.389000,-0.009204,-3.197308,-2.000000
7.390000,-0.012272,-3.197308,-2.000000
7.391000,-0.015340,-3.197308,-2.000000
7.392000,-0.018408,-3.197308,-2.000000
7.393000,-0.024544,-3.490093,-2.000000
7.394000,-0.027612,-3.490093,-2.000000
7.395000,-0.030680,-3.490093,-2.000000
7.396000,-0.033748,-3.758270,-2.000000
7.397000,-0.039884,-3.758270,-2.000000
7.398000,-0.046019,-3.993640,-2.000000
7.399000,-0.046019,-3.993640,-2.000000
7.400000,-0.052155,-3.993640,-2.000000
7.401000,-0.055223,-3.993640,2.000000
7.402000,-0.061359,-4.214896,2.000000
7.403000,-0.064427,-4.214896,2.000000
7.404000,-0.067495,-4.214896,2.000000
7.405000,-0.073631,-4.415039,2.000000
7.406000,-0.076699,-4.415039,2.000000
7.407000,-0.082835,-4.180753,2.000000
7.408000,-0.085903,-4.180753,2.000000
7.409000,-0.088971,-4.180753,2.000000
7.410000,-0.098175,-4.078474,2.000000
7.411000,-0.098175,-4.078474,2.000000
7.412000,-0.101243,-4.078474,2.000000
7.413000,-0.104311,-4.078474,2.000000
7.414000,-0.107379,-3.815691,2.000000
7.415000,-0.110447,-3.815691,2.000000
7.416000,-0.113515,-3.815691,2.000000
7.417000,-0.116583,-3.464516,2.000000
7.418000,-0.119651,-3.455466,2.000000
7.419000,-0.122718,-3.455466,2.000000
7.420000,-0.125786,-3.455466,2.000000
7.421000,-0.128854,-3.183897,2.000000
7.422000,-0.131922,-3.148186,2.000000
7.423000,-0.138058,-3.148186,2.000000
7.424000,-0.138058,-3.148186,2.000000
7.425000,-0.141126,-3.148186,2.000000
7.426000,-0.141126,-2.603392,2.000000
7.427000,-0.144194,-2.758485,2.000000
7.428000,-0.147262,-2.758485,2.000000
7.429000,-0.147262,-2.758485,2.000000
7.430000,-0.150330,-2.758485,2.000000
7.431000,-0.153398,-2.513978,2.000000
7.432000,-0.153398,-2.086349,2.000000
7.433000,-0.156466,-2.271472,2.000000
7.434000,-0.156466,-2.271472,2.000000
7.435000,-0.159534,-2.271472,2.000000
7.436000,-0.159534,-2.271472,2.000000
7.437000,-0.162602,-2.271472,2.000000
7.438000,-0.162602,-2.163509,2.000000
7.439000,-0.165670,-1.839727,2.000000
7.440000,-0.165670,-1.600568,2.000000
7.441000,-0.165670,-1.415708,2.000000
7.442000,-0.165670,-1.269244,2.000000
7.443000,-0.168738,-1.630049,2.000000
7.444000,-0.168738,-1.630049,2.000000
7.445000,-0.168738,-1.630049,2.000000
7.446000,-0.168738,-1.630049,2.000000
7.447000,-0.168738,-1.630049,2.000000
7.448000,-0.168738,-1.630049,2.000000
7.449000,-0.168738,-1.630049,2.000000
7.450000,-0.168738,-1.630049,2.000000
7.451000,-0.168738,-1.446495,2.000000
7.452000,-0.168738,-1.293727,2.000000
7.453000,-0.168738,-1.170750,2.000000
7.454000,-0.168738,-1.068318,2.000000
7.455000,-0.168738,-0.983576,2.000000
7.456000,-0.168738,-0.910323,2.000000
7.457000,-0.168738,-0.847221,2.000000
7.458000,-0.168738,-0.792584,2.000000
7.459000,-0.165670,0.744419,2.000000
7.460000,-0.165670,0.702035,2.000000
7.461000,-0.165670,0.663734,2.000000
7.462000,-0.162602,0.629696,2.000000
7.463000,-0.162602,0.599129,2.000000
7.464000,-0.159534,0.564790,2.000000
7.465000,-0.159534,0.564790,2.000000
7.466000,-0.159534,0.564790,2.000000
7.467000,-0.156466,0.564790,2.000000
7.468000,-0.156466,0.564790,2.000000
7.469000,-0.153398,0.564790,2.000000
7.470000,-0.153398,0.564790,2.000000
7.471000,-0.150330,0.564790,2.000000
7.472000,-0.147262,1.201364,2.000000
7.473000,-0.147262,1.201364,2.000000
7.474000,-0.144194,1.201364,2.000000
7.475000,-0.141126,1.201364,2.000000
7.476000,-0.141126,1.201364,2.000000
7.477000,-0.138058,1.201364,2.000000
7.478000,-0.134990,1.922240,2.000000
7.479000,-0.131922,1.922240,2.000000
7.480000,-0.128854,1.922240,2.000000
7.481000,-0.125786,1.922240,2.000000
7.482000,-0.125786,1.922240,2.000000
7.483000,-0.122718,2.421869,2.000000
7.484000,-0.119651,2.421869,2.000000
7.485000,-0.116583,2.421869,2.000000
7.486000,-0.113515,2.421869,2.000000
7.487000,-0.110447,2.816330,2.000000
7.488000,-0.107379,2.816330,2.000000
7.489000,-0.104311,2.816330,2.000000
7.490000,-0.098175,2.816330,2.000000
7.491000,-0.095107,3.145899,2.000000
7.492000,-0.092039,3.145899,2.000000
7.493000,-0.088971,3.145899,2.000000
7.494000,-0.085903,3.442930,2.000000
7.495000,-0.082835,3.442930,2.000000
7.496000,-0.076699,3.442930,2.000000
7.497000,-0.070563,3.696246,2.000000
7.498000,-0.070563,3.696246,2.000000
7.499000,-0.064427,3.696246,2.000000
7.500000,-0.061359,3.945755,2.000000
7.501000,-0.058291,3.945755,-2.000000
7.502000,-0.052155,3.945755,-2.000000
7.503000,-0.046019,4.156386,-2.000000
7.504000,-0.046019,4.156386,-2.000000
7.505000,-0.039884,4.156386,-2.000000
7.506000,-0.036816,4.106662,-2.000000
7.507000,-0.033748,4.106662,-2.000000
7.508000,-0.027612,4.106662,-2.000000
7.509000,-0.021476,4.098395,-2.000000
7.510000,-0.021476,4.098395,-2.000000
7.511000,-0.018408,4.098395,-2.000000
7.512000,-0.015340,3.722062,-2.000000
7.513000,-0.009204,3.764659,-2.000000
7.514000,-0.006136,3.764659,-2.000000
7.515000,-0.003068,3.764659,-2.000000
7.516000,0.000000,3.520646,-2.000000
7.517000,0.003068,3.520646,-2.000000
7.518000,0.006136,3.520646,-2.000000
7.519000,0.009204,3.520646,-2.000000
7.520000,0.012272,3.136107,-2.000000
7.521000,0.012272,3.136107,-2.000000
7.522000,0.015340,3.136107,-2.000000
7.523000,0.018408,3.136107,-2.000000
7.524000,0.021476,2.998059,-2.000000
7.525000,0.024544,2.731275,-2.000000
7.526000,0.024544,2.731275,-2.000000
7.527000,0.027612,2.731275,-2.000000
7.528000,0.030680,2.731275,-2.000000
7.529000,0.030680,2.731275,-2.000000
7.530000,0.033748,2.343925,-2.000000
7.531000,0.036816,2.268462,-2.000000
7.532000,0.036816,2.268462,-2.000000
7.533000,0.036816,2.268462,-2.000000
7.534000,0.039884,2.268462,-2.000000
7.535000,0.042951,2.268462,-2.000000
7.536000,0.042951,2.268462,-2.000000
7.537000,0.042951,2.045312,-2.000000
7.538000,0.042951,1.753994,-2.000000
7.539000,0.046019,1.535359,-2.000000
7.540000,0.046019,1.364164,-2.000000
7.541000,0.046019,1.227207,-2.000000
7.542000,0.049087,1.611160,-2.000000
7.543000,0.049087,1.611160,-2.000000
7.544000,0.049087,1.611160,-2.000000
7.545000,0.049087,1.611160,-2.000000
7.546000,0.049087,1.611160,-2.000000
7.547000,0.049087,1.611160,-2.000000
7.548000,0.049087,1.611160,-2.000000
7.549000,0.049087,1.611160,-2.000000
7.550000,0.049087,1.456966,-2.000000
7.551000,0.049087,1.302435,-2.000000
7.552000,0.049087,1.177088,-2.000000
7.553000,0.049087,1.074087,-2.000000
7.554000,0.049087,0.988141,-2.000000
7.555000,0.049087,0.914446,-2.000000
7.556000,0.046019,-0.795700,-2.000000
7.557000,0.046019,-0.747254,-2.000000
7.558000,0.046019,-0.747254,-2.000000
7.559000,0.046019,-0.704522,-2.000000
7.560000,0.042951,-0.666264,-2.000000
7.561000,0.042951,-0.632138,-2.000000
7.562000,0.042951,-0.600916,-2.000000
7.563000,0.039884,-0.595639,-2.000000
7.564000,0.039884,-0.595639,-2.000000
7.565000,0.036816,-0.595639,-2.000000
7.566000,0.033748,-0.595639,-2.000000
7.567000,0.033748,-0.595639,-2.000000
7.568000,0.030680,-0.595639,-2.000000
7.569000,0.030680,-0.595639,-2.000000
7.570000,0.027612,-1.175774,-2.000000
7.571000,0.027612,-1.175774,-2.000000
7.572000,0.024544,-1.175774,-2.000000
7.573000,0.021476,-1.175774,-2.000000
7.574000,0.021476,-1.175774,-2.000000
7.575000,0.015340,-1.911205,-2.000000
7.576000,0.015340,-1.911205,-2.000000
7.577000,0.012272,-1.911205,-2.000000
7.578000,0.009204,-1.911205,-2.000000
7.579000,0.006136,-1.911205,-2.000000
7.580000,0.006136,-1.911205,-2.000000
7.581000,0.003068,-2.419164,-2.000000
7.582000,0.000000,-2.419164,-2.000000
7.583000,-0.003068,-2.419164,-2.000000
7.584000,-0.006136,-2.419164,-2.000000
7.585000,-0.009204,-2.824975,-2.000000
7.586000,-0.012272,-2.824975,-2.000000
7.587000,-0.018408,-2.824975,-2.000000
7.588000,-0.021476,-3.163085,-2.000000
7.589000,-0.024544,-3.163085,-2.000000
7.590000,-0.027612,-3.163085,-2.000000
7.591000,-0.030680,-3.163085,-2.000000
7.592000,-0.033748,-3.459010,-2.000000
7.593000,-0.039884,-3.459010,-2.000000
7.594000,-0.042951,-3.459010,-2.000000
7.595000,-0.046019,-3.720025,-2.000000
7.596000,-0.049087,-3.720025,-2.000000
7.597000,-0.055223,-3.720025,-2.000000
7.598000,-0.058291,-3.960825,-2.000000
7.599000,-0.064427,-3.960825,-2.000000
7.600000,-0.067495,-3.960825,2.000000
7.601000,-0.070563,-4.188562,2.000000
7.602000,-0.076699,-4.188562,2.000000
7.603000,-0.079767,-4.188562,2.000000
7.604000,-0.085903,-4.350711,2.000000
7.605000,-0.088971,-4.350711,2.000000
7.606000,-0.092039,-4.350711,2.000000
7.607000,-0.098175,-4.168033,2.000000
7.608000,-0.101243,-4.168033,2.000000
7.609000,-0.104311,-4.168033,2.000000
7.610000,-0.107379,-4.025738,2.000000
7.611000,-0.110447,-4.025738,2.000000
7.612000,-0.116583,-4.025738,2.000000
7.613000,-0.119651,-3.713506,2.000000
7.614000,-0.122718,-3.713506,2.000000
7.615000,-0.125786,-3.713506,2.000000
7.616000,-0.128854,-3.713506,2.000000
7.617000,-0.134990,-3.417495,2.000000
7.618000,-0.134990,-3.417495,2.000000
7.619000,-0.138058,-3.417495,2.000000
7.620000,-0.141126,-3.417495,2.000000
7.621000,-0.144194,-3.049148,2.000000
7.622000,-0.144194,-3.049148,2.000000
7.623000,-0.147262,-3.049148,2.000000
7.624000,-0.150330,-3.049148,2.000000
7.625000,-0.153398,-2.971381,2.000000
7.626000,-0.156466,-2.395773,2.000000
7.627000,-0.156466,-2.628883,2.000000
7.628000,-0.159534,-2.628883,2.000000
7.629000,-0.159534,-2.628883,2.000000
7.630000,-0.162602,-2.628883,2.000000
7.631000,-0.165670,-2.455727,2.000000
7.632000,-0.165670,-2.046061,2.000000
7.633000,-0.168738,-2.112108,2.000000
7.634000,-0.168738,-2.112108,2.000000
7.635000,-0.168738,-2.112108,2.000000
7.636000,-0.171806,-2.112108,2.000000
7.637000,-0.171806,-2.112108,2.000000
7.638000,-0.171806,-2.112108,2.000000
7.639000,-0.174874,-1.993594,2.000000
7.640000,-0.174874,-1.714604,2.000000
7.641000,-0.174874,-1.504930,2.000000
7.642000,-0.177942,-1.340445,2.000000
7.643000,-0.177942,-1.207687,2.000000
7.644000,-0.177942,-1.099434,2.000000
7.645000,-0.177942,-1.009246,2.000000
7.646000,-0.177942,-0.932637,2.000000
7.647000,-0.177942,-0.866824,2.000000
7.648000,-0.177942,-0.809392,2.000000
7.649000,-0.177942,-0.759364,2.000000
7.650000,-0.177942,-0.675895,2.000000
7.651000,-0.177942,-0.675895,2.000000
7.652000,-0.177942,-0.640484,2.000000
7.653000,-0.177942,-0.579899,2.000000
7.654000,-0.177942,-0.579899,2.000000
7.655000,-0.174874,0.553715,2.000000
7.656000,-0.174874,0.529821,2.000000
7.657000,-0.174874,0.507911,2.000000
7.658000,-0.174874,0.487807,2.000000
7.659000,-0.171806,1.379606,2.000000
7.660000,-0.171806,1.379606,2.000000
7.661000,-0.171806,1.379606,2.000000
7.662000,-0.168738,1.379606,2.000000
7.663000,-0.168738,1.379606,2.000000
7.664000,-0.165670,1.379606,2.000000
7.665000,-0.165670,1.379606,2.000000
7.666000,-0.162602,1.379606,2.000000
7.667000,-0.162602,1.379606,2.000000
7.668000,-0.159534,0.478833,2.000000
7.669000,-0.159534,0.478833,2.000000
7.670000,-0.156466,0.478833,2.000000
7.671000,-0.153398,0.478833,2.000000
7.672000,-0.153398,0.478833,2.000000
7.673000,-0.150330,0.478833,2.000000
7.674000,-0.147262,1.743194,2.000000
7.675000,-0.144194,1.743194,2.000000
7.676000,-0.144194,1.743194,2.000000
7.677000,-0.141126,1.743194,2.000000
7.678000,-0.138058,1.743194,2.000000
7.679000,-0.134990,2.281908,2.000000
7.680000,-0.131922,2.281908,2.000000
7.681000,-0.128854,2.281908,2.000000
7.682000,-0.125786,2.281908,2.000000
7.683000,-0.122718,2.713826,2.000000
7.684000,-0.119651,2.713826,2.000000
7.685000,-0.116583,2.713826,2.000000
7.686000,-0.113515,2.713826,2.000000
7.687000,-0.110447,3.062273,2.000000
7.688000,-0.107379,3.062273,2.000000
7.689000,-0.104311,3.062273,2.000000
7.690000,-0.098175,3.359542,2.000000
7.691000,-0.095107,3.359542,2.000000
7.692000,-0.092039,3.359542,2.000000
7.693000,-0.088971,3.359542,2.000000
7.694000,-0.079767,3.631664,2.000000
7.695000,-0.079767,3.631664,2.000000
7.696000,-0.076699,3.861770,2.000000
7.697000,-0.073631,3.861770,2.000000
7.698000,-0.064427,3.861770,2.000000
7.699000,-0.058291,4.104506,2.000000
7.700000,-0.058291,4.104506,2.000000
7.701000,-0.055223,4.104506,-2.000000
7.702000,-0.052155,4.104506,-2.000000
7.703000,-0.046019,4.315901,-2.000000
7.704000,-0.042951,4.315901,-2.000000
7.705000,-0.036816,4.293816,-2.000000
7.706000,-0.033748,4.293816,-2.000000
7.707000,-0.030680,4.293816,-2.000000
7.708000,-0.024544,4.282121,-2.000000
7.709000,-0.021476,4.282121,-2.000000
7.710000,-0.018408,4.282121,-2.000000
7.711000,-0.012272,3.872042,-2.000000
7.712000,-0.009204,4.029024,-2.000000
7.713000,-0.006136,4.029024,-2.000000
7.714000,-0.003068,4.029024,-2.000000
7.715000,0.000000,3.766681,-2.000000
7.716000,0.003068,3.766681,-2.000000
7.717000,0.006136,3.766681,-2.000000
7.718000,0.009204,3.471786,-2.000000
7.719000,0.012272,3.392486,-2.000000
7.720000,0.015340,3.392486,-2.000000
7.721000,0.021476,3.272589,-2.000000
7.722000,0.021476,3.272589,-2.000000
7.723000,0.024544,3.047886,-2.000000
7.724000,0.027612,3.047886,-2.000000
7.725000,0.027612,3.047886,-2.000000
7.726000,0.030680,3.047886,-2.000000
7.727000,0.033748,2.754288,-2.000000
7.728000,0.036816,2.630981,-2.000000
7.729000,0.036816,2.630981,-2.000000
7.730000,0.039884,2.630981,-2.000000
7.731000,0.042951,2.630981,-2.000000
7.732000,0.042951,2.630981,-2.000000
7.733000,0.046019,2.320082,-2.000000
7.734000,0.046019,1.950539,-2.000000
7.735000,0.049087,2.076030,-2.000000
7.736000,0.049087,2.076030,-2.000000
7.737000,0.049087,2.076030,-2.000000
7.738000,0.052155,2.076030,-2.000000
7.739000,0.052155,2.076030,-2.000000
7.740000,0.055223,2.076030,-2.000000
7.741000,0.055223,1.935957,-2.000000
7.742000,0.055223,1.669352,-2.000000
7.743000,0.055223,1.470717,-2.000000
7.744000,0.055223,1.312442,-2.000000
7.745000,0.058291,1.186407,-2.000000
7.746000,0.058291,1.081285,-2.000000
7.747000,0.058291,0.993552,-2.000000
7.748000,0.058291,0.919648,-2.000000
7.749000,0.058291,0.855455,-2.000000
7.750000,0.058291,0.799509,-2.000000
7.751000,0.058291,0.750692,-2.000000
7.752000,0.058291,0.707227,-2.000000
7.753000,0.058291,0.668911,-2.000000
7.754000,0.058291,0.602979,-2.000000
7.755000,0.058291,0.602979,-2.000000
7.756000,0.055223,-0.574747,-2.000000
7.757000,0.055223,-0.549220,-2.000000
7.758000,0.055223,-0.525544,-2.000000
7.759000,0.055223,-0.504113,-2.000000
7.760000,0.052155,-1.357509,-2.000000
7.761000,0.052155,-1.357509,-2.000000
7.762000,0.052155,-1.357509,-2.000000
7.763000,0.049087,-1.357509,-2.000000
7.764000,0.049087,-1.357509,-2.000000
7.765000,0.046019,-1.357509,-2.000000
7.766000,0.046019,-1.357509,-2.000000
7.767000,0.046019,-1.357509,-2.000000
7.768000,0.042951,-1.357509,-2.000000
7.769000,0.039884,-1.349877,-2.000000
7.770000,0.039884,-0.486587,-2.000000
7.771000,0.036816,-0.486587,-2.000000
7.772000,0.036816,-0.486587,-2.000000
7.773000,0.033748,-0.486587,-2.000000
7.774000,0.030680,-0.486587,-2.000000
7.775000,0.030680,-0.486587,-2.000000
7.776000,0.027612,-1.714008,-2.000000
7.777000,0.024544,-1.714008,-2.000000
7.778000,0.021476,-1.714008,-2.000000
7.779000,0.018408,-1.714008,-2.000000
7.780000,0.018408,-1.714008,-2.000000
7.781000,0.012272,-2.270497,-2.000000
7.782000,0.012272,-2.270497,-2.000000
7.783000,0.006136,-2.270497,-2.000000
7.784000,0.006136,-2.270497,-2.000000
7.785000,0.000000,-2.722506,-2.000000
7.786000,-0.003068,-2.722506,-2.000000
7.787000,-0.003068,-2.722506,-2.000000
7.788000,-0.012272,-3.062071,-2.000000
7.789000,-0.012272,-3.062071,-2.000000
7.790000,-0.018408,-3.062071,-2.000000
7.791000,-0.021476,-3.351412,-2.000000
7.792000,-0.021476,-3.351412,-2.000000
7.793000,-0.027612,-3.351412,-2.000000
7.794000,-0.033748,-3.631649,-2.000000
7.795000,-0.033748,-3.631649,-2.000000
7.796000,-0.039884,-3.631649,-2.000000
7.797000,-0.046019,-3.888178,-2.000000
7.798000,-0.049087,-3.888178,-2.000000
7.799000,-0.052155,-3.888178,-2.000000
7.800000,-0.052155,-3.888178,-2.000000
7.801000,-0.061359,-4.126686,2.000000
7.802000,-0.064427,-4.126686,2.000000
7.803000,-0.064427,-4.126686,2.000000
7.804000,-0.073631,-4.338748,2.000000
7.805000,-0.073631,-4.338748,2.000000
7.806000,-0.082835,-4.070020,2.000000
7.807000,-0.085903,-4.070020,2.000000
7.808000,-0.085903,-4.070020,2.000000
7.809000,-0.095107,-4.065750,2.000000
7.810000,-0.098175,-4.065750,2.000000
7.811000,-0.101243,-4.065750,2.000000
7.812000,-0.101243,-4.065750,2.000000
7.813000,-0.107379,-3.790889,2.000000
7.814000,-0.110447,-3.790889,2.000000
7.815000,-0.113515,-3.790889,2.000000
7.816000,-0.116583,-3.314961,2.000000
7.817000,-0.119651,-3.398658,2.000000
7.818000,-0.122718,-3.398658,2.000000
7.819000,-0.125786,-3.398658,2.000000
7.820000,-0.128854,-3.099027,2.000000
7.821000,-0.128854,-3.084767,2.000000
7.822000,-0.134990,-3.084767,2.000000
7.823000,-0.134990,-3.084767,2.000000
7.824000,-0.138058,-3.084767,2.000000
7.825000,-0.141126,-3.084767,2.000000
7.826000,-0.144194,-2.687200,2.000000
7.827000,-0.147262,-2.687200,2.000000
7.828000,-0.147262,-2.687200,2.000000
7.829000,-0.150330,-2.687200,2.000000
7.830000,-0.153398,-2.604082,2.000000
7.831000,-0.153398,-2.146673,2.000000
7.832000,-0.153398,-2.146673,2.000000
7.833000,-0.156466,-2.169944,2.000000
7.834000,-0.159534,-2.169944,2.000000
7.835000,-0.159534,-2.169944,2.000000
7.836000,-0.162602,-2.169944,2.000000
7.837000,-0.162602,-2.169944,2.000000
7.838000,-0.165670,-2.017460,2.000000
7.839000,-0.165670,-2.017460,2.000000
7.840000,-0.168738,-1.517987,2.000000
7.841000,-0.168738,-1.349991,2.000000
7.842000,-0.168738,-1.216625,2.000000
7.843000,-0.168738,-1.216625,2.000000
7.844000,-0.168738,-1.015082,2.000000
7.845000,-0.168738,-1.015082,2.000000
7.846000,-0.171806,-1.468214,2.000000
7.847000,-0.171806,-1.468214,2.000000
7.848000,-0.171806,-1.468214,2.000000
7.849000,-0.171806,-1.468214,2.000000
7.850000,-0.171806,-1.468214,2.000000
7.851000,-0.171806,-1.468214,2.000000
7.852000,-0.168738,-1.468214,2.000000
7.853000,-0.168738,-1.468214,2.000000
7.854000,-0.168738,-1.468214,2.000000
7.855000,-0.168738,-1.468214,2.000000
7.856000,-0.168738,1.324512,2.000000
7.857000,-0.168738,1.196127,2.000000
7.858000,-0.165670,1.089862,2.000000
7.859000,-0.165670,1.000700,2.000000
7.860000,-0.165670,0.925646,2.000000
7.861000,-0.162602,0.827100,2.000000
7.862000,-0.162602,0.827100,2.000000
7.863000,-0.162602,0.827100,2.000000
7.864000,-0.159534,0.827100,2.000000
7.865000,-0.159534,0.827100,2.000000
7.866000,-0.156466,0.827100,2.000000
7.867000,-0.156466,0.827100,2.000000
7.868000,-0.153398,0.827100,2.000000
7.869000,-0.153398,0.827100,2.000000
7.870000,-0.150330,0.927688,2.000000
7.871000,-0.150330,0.927688,2.000000
7.872000,-0.147262,0.927688,2.000000
7.873000,-0.144194,0.927688,2.000000
7.874000,-0.144194,0.927688,2.000000
7.875000,-0.141126,0.927688,2.000000
7.876000,-0.134990,1.807182,2.000000
7.877000,-0.134990,1.807182,2.000000
7.878000,-0.131922,1.807182,2.000000
7.879000,-0.131922,1.807182,2.000000
7.880000,-0.128854,1.807182,2.000000
7.881000,-0.125786,2.329170,2.000000
7.882000,-0.122718,2.329170,2.000000
7.883000,-0.119651,2.329170,2.000000
7.884000,-0.116583,2.329170,2.000000
7.885000,-0.113515,2.754297,2.000000
7.886000,-0.110447,2.754297,2.000000
7.887000,-0.104311,2.754297,2.000000
7.888000,-0.098175,3.104373,2.000000
7.889000,-0.098175,3.104373,2.000000
7.890000,-0.095107,3.104373,2.000000
7.891000,-0.092039,3.104373,2.000000
7.892000,-0.088971,3.408320,2.000000
7.893000,-0.085903,3.408320,2.000000
7.894000,-0.082835,3.408320,2.000000
7.895000,-0.076699,3.659793,2.000000
7.896000,-0.073631,3.659793,2.000000
7.897000,-0.070563,3.659793,2.000000
7.898000,-0.061359,3.915349,2.000000
7.899000,-0.061359,3.915349,2.000000
7.900000,-0.058291,3.915349,2.000000
7.901000,-0.052155,4.141968,-2.000000
7.902000,-0.049087,4.141968,-2.000000
7.903000,-0.042951,4.141968,-2.000000
7.904000,-0.039884,4.346196,-2.000000
7.905000,-0.036816,4.346196,-2.000000
7.906000,-0.027612,4.096362,-2.000000
7.907000,-0.027612,4.096362,-2.000000
7.908000,-0.018408,4.096362,-2.000000
7.909000,-0.015340,4.098053,-2.000000
7.910000,-0.015340,4.098053,-2.000000
7.911000,-0.012272,4.098053,-2.000000
7.912000,-0.009204,4.098053,-2.000000
7.913000,0.000000,3.841705,-2.000000
7.914000,0.000000,3.841705,-2.000000
7.915000,0.003068,3.841705,-2.000000
7.916000,0.009204,3.490438,-2.000000
7.917000,0.012272,3.490438,-2.000000
7.918000,0.012272,3.490438,-2.000000
7.919000,0.018408,3.490438,-2.000000
7.920000,0.021476,3.128367,-2.000000
7.921000,0.021476,3.128367,-2.000000
7.922000,0.024544,3.128367,-2.000000
7.923000,0.024544,3.128367,-2.000000
7.924000,0.027612,3.128367,-2.000000
7.925000,0.030680,2.950190,-2.000000
7.926000,0.033748,2.734140,-2.000000
7.927000,0.033748,2.734140,-2.000000
7.928000,0.039884,2.734140,-2.000000
7.929000,0.039884,2.734140,-2.000000
7.930000,0.039884,2.734140,-2.000000
7.931000,0.042951,2.323834,-2.000000
7.932000,0.046019,2.267025,-2.000000
7.933000,0.046019,2.267025,-2.000000
7.934000,0.046019,2.267025,-2.000000
7.935000,0.049087,2.267025,-2.000000
7.936000,0.052155,2.267025,-2.000000
7.937000,0.052155,2.267025,-2.000000
7.938000,0.052155,1.744595,-2.000000
7.939000,0.052155,1.744595,-2.000000
7.940000,0.055223,1.359508,-2.000000
7.941000,0.055223,1.222811,-2.000000
7.942000,0.055223,1.222811,-2.000000
7.943000,0.058291,1.602638,-2.000000
7.944000,0.058291,1.602638,-2.000000
7.945000,0.058291,1.602638,-2.000000
7.946000,0.058291,1.602638,-2.000000
7.947000,0.058291,1.602638,-2.000000
7.948000,0.058291,1.602638,-2.000000
7.949000,0.058291,1.602638,-2.000000
7.950000,0.058291,1.441754,-2.000000
7.951000,0.058291,1.441754,-2.000000
7.952000,0.058291,1.166807,-2.000000
7.953000,0.058291,1.166807,-2.000000
7.954000,0.058291,0.980660,-2.000000
7.955000,0.058291,0.907948,-2.000000
7.956000,0.058291,0.907948,-2.000000
7.957000,0.055223,-0.791112,-2.000000
7.958000,0.055223,-0.742890,-2.000000
7.959000,0.055223,-0.742890,-2.000000
7.960000,0.052155,-0.662646,-2.000000
7.961000,0.052155,-0.662646,-2.000000
7.962000,0.052155,-0.598247,-2.000000
7.963000,0.052155,-0.598247,-2.000000
7.964000,0.049087,-0.593900,-2.000000
7.965000,0.049087,-0.593900,-2.000000
7.966000,0.046019,-0.593900,-2.000000
7.967000,0.046019,-0.593900,-2.000000
7.968000,0.042951,-0.593900,-2.000000
7.969000,0.042951,-0.593900,-2.000000
7.970000,0.036816,-1.161847,-2.000000
7.971000,0.036816,-1.161847,-2.000000
7.972000,0.033748,-1.161847,-2.000000
7.973000,0.030680,-1.161847,-2.000000
7.974000,0.030680,-1.161847,-2.000000
7.975000,0.030680,-1.161847,-2.000000
7.976000,0.024544,-1.910829,-2.000000
7.977000,0.024544,-1.910829,-2.000000
7.978000,0.021476,-1.910829,-2.000000
7.979000,0.021476,-1.910829,-2.000000
7.980000,0.015340,-1.910829,-2.000000
7.981000,0.015340,-1.910829,-2.000000
7.982000,0.009204,-2.411636,-2.000000
7.983000,0.009204,-2.411636,-2.000000
7.984000,0.003068,-2.411636,-2.000000
7.985000,0.003068,-2.411636,-2.000000
7.986000,-0.003068,-2.809247,-2.000000
7.987000,-0.003068,-2.809247,-2.000000
7.988000,-0.009204,-2.809247,-2.000000
7.989000,-0.009204,-2.809247,-2.000000
7.990000,-0.018408,-3.141682,-2.000000
7.991000,-0.018408,-3.141682,-2.000000
7.992000,-0.024544,-3.430752,-2.000000
7.993000,-0.024544,-3.430752,-2.000000
7.994000,-0.033748,-3.430752,-2.000000
7.995000,-0.033748,-3.430752,-2.000000
7.996000,-0.039884,-3.699899,-2.000000
7.997000,-0.042951,-3.699899,-2.000000
7.998000,-0.049087,-3.935001,-2.000000
7.999000,-0.052155,-3.935001,-2.000000
8.000000,-0.058291,-3.935001,-2.000000
8.001000,-0.058291,-3.935001,2.000000
8.002000,-0.064427,-4.158186,2.000000
8.003000,-0.070563,-4.158186,2.000000
8.004000,-0.070563,-4.158186,2.000000
8.005000,-0.076699,-4.120028,2.000000
8.006000,-0.082835,-4.120028,2.000000
8.007000,-0.082835,-4.120028,2.000000
8.008000,-0.085903,-4.181584,2.000000
8.009000,-0.092039,-4.181584,2.000000
8.010000,-0.098175,-3.901070,2.000000
8.011000,-0.098175,-3.901070,2.000000
8.012000,-0.104311,-3.901070,2.000000
8.013000,-0.107379,-3.901070,2.000000
8.014000,-0.107379,-3.901070,2.000000
8.015000,-0.113515,-3.626923,2.000000
8.016000,-0.113515,-3.626923,2.000000
8.017000,-0.116583,-3.626923,2.000000
8.018000,-0.119651,-3.539899,2.000000
8.019000,-0.122718,-3.250043,2.000000
8.020000,-0.128854,-3.250043,2.000000
8.021000,-0.128854,-3.250043,2.000000
8.022000,-0.131922,-3.250043,2.000000
8.023000,-0.131922,-2.739608,2.000000
8.024000,-0.138058,-2.882962,2.000000
8.025000,-0.138058,-2.882962,2.000000
8.026000,-0.141126,-2.882962,2.000000
8.027000,-0.141126,-2.882962,2.000000
8.028000,-0.147262,-2.422799,2.000000
8.029000,-0.147262,-2.422799,2.000000
8.030000,-0.147262,-2.422799,2.000000
8.031000,-0.150330,-2.422799,2.000000
8.032000,-0.150330,-2.422799,2.000000
8.033000,-0.153398,-2.353653,2.000000
8.034000,-0.153398,-2.353653,2.000000
8.035000,-0.156466,-1.700624,2.000000
8.036000,-0.156466,-1.700624,2.000000
8.037000,-0.159534,-1.825851,2.000000
8.038000,-0.159534,-1.825851,2.000000
8.039000,-0.159534,-1.825851,2.000000
8.040000,-0.159534,-1.825851,2.000000
8.041000,-0.162602,-1.825851,2.000000
8.042000,-0.162602,-1.825851,2.000000
8.043000,-0.162602,-1.825794,2.000000
8.044000,-0.162602,-1.825794,2.000000
8.045000,-0.162602,-1.405035,2.000000
8.046000,-0.162602,-1.405035,2.000000
8.047000,-0.162602,-1.143916,2.000000
8.048000,-0.162602,-1.143916,2.000000
8.049000,-0.162602,-0.963930,2.000000
8.050000,-0.162602,-0.893926,2.000000
8.051000,-0.162602,-0.833135,2.000000
8.052000,-0.162602,-0.780344,2.000000
8.053000,-0.162602,-0.733615,2.000000
8.054000,-0.162602,-0.691965,2.000000
8.055000,-0.162602,-0.655226,2.000000
8.056000,-0.159534,0.622047,2.000000
8.057000,-0.159534,0.622047,2.000000
8.058000,-0.159534,0.564759,2.000000
8.059000,-0.159534,0.564759,2.000000
8.060000,-0.156466,0.517148,2.000000
8.061000,-0.156466,0.496165,2.000000
8.062000,-0.153398,0.476891,2.000000
8.063000,-0.153398,0.459156,2.000000
8.064000,-0.153398,0.459156,2.000000
8.065000,-0.150330,0.453066,2.000000
8.066000,-0.150330,0.453066,2.000000
8.067000,-0.147262,0.453066,2.000000
8.068000,-0.147262,0.453066,2.000000
8.069000,-0.141126,0.453066,2.000000
8.070000,-0.141126,0.453066,2.000000
8.071000,-0.138058,1.434667,2.000000
8.072000,-0.138058,1.434667,2.000000
8.073000,-0.134990,1.434667,2.000000
8.074000,-0.134990,1.434667,2.000000
8.075000,-0.128854,1.434667,2.000000
8.076000,-0.128854,1.434667,2.000000
8.077000,-0.122718,2.067335,2.000000
8.078000,-0.122718,2.067335,2.000000
8.079000,-0.119651,2.067335,2.000000
8.080000,-0.119651,2.067335,2.000000
8.081000,-0.116583,2.067335,2.000000
8.082000,-0.110447,2.542671,2.000000
8.083000,-0.107379,2.542671,2.000000
8.084000,-0.104311,2.542671,2.000000
8.085000,-0.104311,2.542671,2.000000
8.086000,-0.095107,2.925099,2.000000
8.087000,-0.095107,2.925099,2.000000
8.088000,-0.088971,3.249039,2.000000
8.089000,-0.088971,3.249039,2.000000
8.090000,-0.082835,3.249039,2.000000
8.091000,-0.082835,3.249039,2.000000
8.092000,-0.073631,3.519131,2.000000
8.093000,-0.073631,3.519131,2.000000
8.094000,-0.067495,3.519131,2.000000
8.095000,-0.061359,3.784638,2.000000
8.096000,-0.058291,3.784638,2.000000
8.097000,-0.058291,3.784638,2.000000
8.098000,-0.049087,4.015273,2.000000
8.099000,-0.049087,4.015273,2.000000
8.100000,-0.039884,4.230111,2.000000
8.101000,-0.039884,4.230111,-2.000000
8.102000,-0.033748,4.230111,-2.000000
8.103000,-0.033748,4.230111,-2.000000
8.104000,-0.024544,4.436387,-2.000000
8.105000,-0.024544,4.436387,-2.000000
8.106000,-0.015340,4.184238,-2.000000
8.107000,-0.015340,4.184238,-2.000000
8.108000,-0.009204,4.184238,-2.000000
8.109000,-0.009204,4.184238,-2.000000
8.110000,0.000000,4.110980,-2.000000
8.111000,0.000000,4.110980,-2.000000
8.112000,0.006136,3.857033,-2.000000
8.113000,0.006136,3.857033,-2.000000
8.114000,0.015340,3.870889,-2.000000
8.115000,0.015340,3.870889,-2.000000
8.116000,0.021476,3.495326,-2.000000
8.117000,0.021476,3.495326,-2.000000
8.118000,0.027612,3.495326,-2.000000
8.119000,0.027612,3.495326,-2.000000
8.120000,0.033748,3.167212,-2.000000
8.121000,0.033748,3.167212,-2.000000
8.122000,0.036816,3.167212,-2.000000
8.123000,0.039884,3.167212,-2.000000
8.124000,0.039884,3.167212,-2.000000
8.125000,0.042951,3.016482,-2.000000
8.126000,0.046019,2.760191,-2.000000
8.127000,0.046019,2.760191,-2.000000
8.128000,0.052155,2.760191,-2.000000
8.129000,0.052155,2.760191,-2.000000
8.130000,0.055223,2.331548,-2.000000
8.131000,0.055223,2.331548,-2.000000
8.132000,0.058291,2.288907,-2.000000
8.133000,0.058291,2.288907,-2.000000
8.134000,0.061359,2.288907,-2.000000
8.135000,0.061359,2.288907,-2.000000
8.136000,0.064427,2.288907,-2.000000
8.137000,0.064427,2.288907,-2.000000
8.138000,0.067495,1.730565,-2.000000
8.139000,0.067495,1.730565,-2.000000
8.140000,0.067495,1.351052,-2.000000
8.141000,0.067495,1.351052,-2.000000
8.142000,0.070563,1.637620,-2.000000
8.143000,0.070563,1.637620,-2.000000
8.144000,0.070563,1.637620,-2.000000
8.145000,0.070563,1.637620,-2.000000
8.146000,0.070563,1.637620,-2.000000
8.147000,0.070563,1.637620,-2.000000
8.148000,0.070563,1.637620,-2.000000
8.149000,0.070563,1.637620,-2.000000
8.150000,0.070563,1.386821,-2.000000
8.151000,0.070563,1.386821,-2.000000
8.152000,0.070563,1.245053,-2.000000
8.153000,0.070563,1.035015,-2.000000
8.154000,0.070563,1.035015,-2.000000
8.155000,0.070563,0.885888,-2.000000
8.156000,0.070563,0.885888,-2.000000
8.157000,0.067495,-0.774037,-2.000000
8.158000,0.067495,-0.774037,-2.000000
8.159000,0.067495,-0.687334,-2.000000
8.160000,0.067495,-0.687334,-2.000000
8.161000,0.064427,-0.650824,-2.000000
8.162000,0.064427,-0.588479,-2.000000
8.163000,0.064427,-0.588479,-2.000000
8.164000,0.061359,-0.574584,-2.000000
8.165000,0.061359,-0.574584,-2.000000
8.166000,0.058291,-0.574584,-2.000000
8.167000,0.055223,-0.574584,-2.000000
8.168000,0.055223,-0.574584,-2.000000
8.169000,0.052155,-0.574584,-2.000000
8.170000,0.052155,-0.574584,-2.000000
8.171000,0.052155,-0.574584,-2.000000
8.172000,0.046019,-1.193772,-2.000000
8.173000,0.046019,-1.193772,-2.000000
8.174000,0.042951,-1.193772,-2.000000
8.175000,0.042951,-1.193772,-2.000000
8.176000,0.036816,-1.927057,-2.000000
8.177000,0.036816,-1.927057,-2.000000
8.178000,0.033748,-1.927057,-2.000000
8.179000,0.033748,-1.927057,-2.000000
8.180000,0.027612,-1.927057,-2.000000
8.181000,0.027612,-1.927057,-2.000000
8.182000,0.021476,-2.432263,-2.000000
8.183000,0.021476,-2.432263,-2.000000
8.184000,0.018408,-2.432263,-2.000000
8.185000,0.012272,-2.822664,-2.000000
8.186000,0.009204,-2.822664,-2.000000
8.187000,0.009204,-2.822664,-2.000000
8.188000,0.003068,-2.822664,-2.000000
8.189000,0.000000,-3.160562,-2.000000
8.190000,-0.006136,-3.160562,-2.000000
8.191000,-0.009204,-3.160562,-2.000000
8.192000,-0.009204,-3.160562,-2.000000
8.193000,-0.015340,-3.460432,-2.000000
8.194000,-0.015340,-3.460432,-2.000000
8.195000,-0.024544,-3.729950,-2.000000
8.196000,-0.024544,-3.729950,-2.000000
8.197000,-0.027612,-3.729950,-2.000000
8.198000,-0.036816,-3.976941,-2.000000
8.199000,-0.039884,-3.976941,-2.000000
8.200000,-0.046019,-3.976941,-2.000000
8.201000,-0.049087,-4.190052,2.000000
8.202000,-0.049087,-4.190052,2.000000
8.203000,-0.058291,-4.190052,2.000000
8.204000,-0.061359,-4.142939,2.000000
8.205000,-0.061359,-4.142939,2.000000
8.206000,-0.070563,-4.142939,2.000000
8.207000,-0.070563,-4.142939,2.000000
8.208000,-0.076699,-4.311016,2.000000
8.209000,-0.082835,-4.311016,2.000000
8.210000,-0.085903,-3.955576,2.000000
8.211000,-0.088971,-3.955576,2.000000
8.212000,-0.092039,-3.955576,2.000000
8.213000,-0.095107,-3.754182,2.000000
8.214000,-0.095107,-3.754182,2.000000
8.215000,-0.101243,-3.718898,2.000000
8.216000,-0.101243,-3.718898,2.000000
8.217000,-0.104311,-3.718898,2.000000
8.218000,-0.110447,-3.389896,2.000000
8.219000,-0.113515,-3.389896,2.000000
8.220000,-0.113515,-3.389896,2.000000
8.221000,-0.119651,-3.110712,2.000000
8.222000,-0.119651,-3.110712,2.000000
8.223000,-0.125786,-3.010326,2.000000
8.224000,-0.128854,-3.010326,2.000000
8.225000,-0.128854,-3.010326,2.000000
8.226000,-0.128854,-3.010326,2.000000
8.227000,-0.131922,-2.666416,2.000000
8.228000,-0.134990,-2.608772,2.000000
8.229000,-0.134990,-2.608772,2.000000
8.230000,-0.141126,-2.608772,2.000000
8.231000,-0.141126,-2.608772,2.000000
8.232000,-0.141126,-2.608772,2.000000
8.233000,-0.144194,-2.269820,2.000000
8.234000,-0.147262,-2.061432,2.000000
8.235000,-0.147262,-2.061432,2.000000
8.236000,-0.150330,-2.061432,2.000000
8.237000,-0.150330,-2.061432,2.000000
8.238000,-0.150330,-2.061432,2.000000
8.239000,-0.150330,-2.061432,2.000000
8.240000,-0.153398,-1.925394,2.000000
8.241000,-0.153398,-1.664058,2.000000
8.242000,-0.153398,-1.465837,2.000000
8.243000,-0.153398,-1.309375,2.000000
8.244000,-0.153398,-1.309375,2.000000
8.245000,-0.156466,-1.079731,2.000000
8.246000,-0.156466,-1.079731,2.000000
8.247000,-0.156466,-0.917547,2.000000
8.248000,-0.156466,-0.853782,2.000000
8.249000,-0.156466,-0.853782,2.000000
8.250000,-0.156466,-0.749776,2.000000
8.251000,-0.156466,-0.706427,2.000000
8.252000,-0.156466,-0.706427,2.000000
8.253000,-0.156466,-0.633375,2.000000
8.254000,-0.156466,-0.602310,2.000000
8.255000,-0.156466,-0.602310,2.000000
8.256000,-0.153398,0.548489,2.000000
8.257000,-0.153398,0.548489,2.000000
8.258000,-0.153398,0.503525,2.000000
8.259000,-0.153398,0.503525,2.000000
8.260000,-0.150330,1.325659,2.000000
8.261000,-0.150330,1.325659,2.000000
8.262000,-0.147262,1.325659,2.000000
8.263000,-0.147262,1.325659,2.000000
8.264000,-0.144194,1.325659,2.000000
8.265000,-0.144194,1.325659,2.000000
8.266000,-0.144194,1.325659,2.000000
8.267000,-0.141126,1.325659,2.000000
8.268000,-0.141126,1.325659,2.000000
8.269000,-0.138058,0.496882,2.000000
8.270000,-0.138058,0.496882,2.000000
8.271000,-0.131922,0.496882,2.000000
8.272000,-0.131922,0.496882,2.000000
8.273000,-0.128854,0.496882,2.000000
8.274000,-0.125786,1.709664,2.000000
8.275000,-0.125786,1.709664,2.000000
8.276000,-0.122718,1.709664,2.000000
8.277000,-0.119651,1.709664,2.000000
8.278000,-0.119651,1.709664,2.000000
8.279000,-0.113515,2.260003,2.000000
8.280000,-0.113515,2.260003,2.000000
8.281000,-0.110447,2.260003,2.000000
8.282000,-0.107379,2.260003,2.000000
8.283000,-0.107379,2.260003,2.000000
8.284000,-0.101243,2.687821,2.000000
8.285000,-0.095107,2.687821,2.000000
8.286000,-0.092039,2.687821,2.000000
8.287000,-0.088971,3.046562,2.000000
8.288000,-0.085903,3.046562,2.000000
8.289000,-0.085903,3.046562,2.000000
8.290000,-0.079767,3.046562,2.000000
8.291000,-0.079767,3.046562,2.000000
8.292000,-0.073631,3.344245,2.000000
8.293000,-0.073631,3.344245,2.000000
8.294000,-0.064427,3.627370,2.000000
8.295000,-0.061359,3.627370,2.000000
8.296000,-0.055223,3.627370,2.000000
8.297000,-0.055223,3.627370,2.000000
8.298000,-0.049087,3.874181,2.000000
8.299000,-0.049087,3.874181,2.000000
8.300000,-0.039884,4.099612,-2.000000
8.301000,-0.039884,4.099612,-2.000000
8.302000,-0.030680,4.099612,-2.000000
8.303000,-0.030680,4.099612,-2.000000
8.304000,-0.024544,4.103839,-2.000000
8.305000,-0.024544,4.103839,-2.000000
8.306000,-0.015340,4.229625,-2.000000
8.307000,-0.015340,4.229625,-2.000000
8.308000,-0.012272,4.229625,-2.000000
8.309000,-0.009204,4.229625,-2.000000
8.310000,0.000000,3.870990,-2.000000
8.311000,0.000000,3.870990,-2.000000
8.312000,0.003068,3.870990,-2.000000
8.313000,0.009204,3.652864,-2.000000
8.314000,0.009204,3.652864,-2.000000
8.315000,0.015340,3.652864,-2.000000
8.316000,0.018408,3.444259,-2.000000
8.317000,0.018408,3.444259,-2.000000
8.318000,0.024544,3.290076,-2.000000
8.319000,0.024544,3.290076,-2.000000
8.320000,0.030680,3.290076,-2.000000
8.321000,0.030680,3.290076,-2.000000
8.322000,0.033748,2.936834,-2.000000
8.323000,0.033748,2.936834,-2.000000
8.324000,0.039884,2.936834,-2.000000
8.325000,0.042951,2.936834,-2.000000
8.326000,0.042951,2.377874,-2.000000
8.327000,0.046019,2.499542,-2.000000
8.328000,0.046019,2.499542,-2.000000
8.329000,0.049087,2.499542,-2.000000
8.330000,0.049087,2.499542,-2.000000
8.331000,0.052155,2.499542,-2.000000
8.332000,0.052155,2.499542,-2.000000
8.333000,0.055223,1.826806,-2.000000
8.334000,0.055223,1.826806,-2.000000
8.335000,0.058291,1.937456,-2.000000
8.336000,0.058291,1.937456,-2.000000
8.337000,0.061359,1.937456,-2.000000
8.338000,0.061359,1.937456,-2.000000
8.339000,0.061359,1.937456,-2.000000
8.340000,0.061359,1.937456,-2.000000
8.341000,0.061359,1.937456,-2.000000
8.342000,0.064427,1.745278,-2.000000
8.343000,0.064427,1.528337,-2.000000
8.344000,0.064427,1.358526,-2.000000
8.345000,0.064427,1.223343,-2.000000
8.346000,0.064427,1.113021,-2.000000
8.347000,0.064427,1.020157,-2.000000
8.348000,0.064427,0.941691,-2.000000
8.349000,0.064427,0.874789,-2.000000
8.350000,0.064427,0.816453,-2.000000
8.351000,0.064427,0.765684,-2.000000
8.352000,0.064427,0.680559,-2.000000
8.353000,0.064427,0.680559,-2.000000
8.354000,0.064427,0.644920,-2.000000
8.355000,0.061359,1.113755,-2.000000
8.356000,0.061359,1.113755,-2.000000
8.357000,0.061359,1.113755,-2.000000
8.358000,0.061359,1.113755,-2.000000
8.359000,0.058291,1.113755,-2.000000
8.360000,0.058291,1.113755,-2.000000
8.361000,0.058291,1.113755,-2.000000
8.362000,0.055223,1.113755,-2.000000
8.363000,0.055223,1.113755,-2.000000
8.364000,0.052155,1.113755,-2.000000
8.365000,0.052155,1.113755,-2.000000
8.366000,0.049087,-0.619450,-2.000000
8.367000,0.049087,-0.619450,-2.000000
8.368000,0.046019,-0.619450,-2.000000
8.369000,0.046019,-0.619450,-2.000000
8.370000,0.042951,-0.619450,-2.000000
8.371000,0.039884,-0.619450,-2.000000
8.372000,0.039884,-0.619450,-2.000000
8.373000,0.036816,-1.571450,-2.000000
8.374000,0.033748,-1.571450,-2.000000
8.375000,0.033748,-1.571450,-2.000000
8.376000,0.030680,-1.571450,-2.000000
8.377000,0.027612,-1.571450,-2.000000
8.378000,0.024544,-2.162360,-2.000000
8.379000,0.021476,-2.162360,-2.000000
8.380000,0.018408,-2.162360,-2.000000
8.381000,0.015340,-2.162360,-2.000000
8.382000,0.012272,-2.600350,-2.000000
8.383000,0.009204,-2.600350,-2.000000
8.384000,0.006136,-2.600350,-2.000000
8.385000,0.003068,-2.600350,-2.000000
8.386000,0.000000,-2.969484,-2.000000
8.387000,-0.003068,-2.969484,-2.000000
8.388000,-0.006136,-2.969484,-2.000000
8.389000,-0.009204,-2.969484,-2.000000
8.390000,-0.012272,-3.282437,-2.000000
8.391000,-0.015340,-3.282437,-2.000000
8.392000,-0.021476,-3.282437,-2.000000
8.393000,-0.024544,-3.557214,-2.000000
8.394000,-0.027612,-3.557214,-2.000000
8.395000,-0.030680,-3.557214,-2.000000
8.396000,-0.036816,-3.812629,-2.000000
8.397000,-0.039884,-3.812629,-2.000000
8.398000,-0.042951,-3.812629,-2.000000
8.399000,-0.049087,-4.037695,-2.000000
8.400000,-0.052155,-4.037695,-2.000000
8.401000,-0.058291,-4.037695,2.000000
8.402000,-0.061359,-4.246599,2.000000
8.403000,-0.064427,-4.246599,2.000000
8.404000,-0.070563,-4.246599,2.000000
8.405000,-0.073631,-4.179982,2.000000
8.406000,-0.082835,-4.179982,2.000000
8.407000,-0.082835,-4.179982,2.000000
8.408000,-0.085903,-4.323864,2.000000
8.409000,-0.088971,-4.323864,2.000000
8.410000,-0.095107,-4.323864,2.000000
8.411000,-0.098175,-3.983414,2.000000
8.412000,-0.101243,-3.983414,2.000000
8.413000,-0.104311,-3.983414,2.000000
8.414000,-0.107379,-3.725908,2.000000
8.415000,-0.110447,-3.725829,2.000000
8.416000,-0.113515,-3.725829,2.000000
8.417000,-0.119651,-3.725829,2.000000
8.418000,-0.122718,-3.386375,2.000000
8.419000,-0.122718,-3.386375,2.000000
8.420000,-0.125786,-3.386375,2.000000
8.421000,-0.128854,-3.386375,2.000000
8.422000,-0.131922,-3.061456,2.000000
8.423000,-0.134990,-3.006117,2.000000
8.424000,-0.138058,-3.006117,2.000000
8.425000,-0.141126,-3.006117,2.000000
8.426000,-0.141126,-3.006117,2.000000
8.427000,-0.144194,-2.660555,2.000000
8.428000,-0.147262,-2.580144,2.000000
8.429000,-0.147262,-2.580144,2.000000
8.430000,-0.150330,-2.580144,2.000000
8.431000,-0.153398,-2.580144,2.000000
8.432000,-0.153398,-2.580144,2.000000
8.433000,-0.156466,-2.293202,2.000000
8.434000,-0.156466,-1.933027,2.000000
8.435000,-0.159534,-2.019591,2.000000
8.436000,-0.159534,-2.019591,2.000000
8.437000,-0.159534,-2.019591,2.000000
8.438000,-0.162602,-2.019591,2.000000
8.439000,-0.162602,-2.019591,2.000000
8.440000,-0.162602,-2.019591,2.000000
8.441000,-0.165670,-2.015307,2.000000
8.442000,-0.165670,-1.733091,2.000000
8.443000,-0.165670,-1.517491,2.000000
8.444000,-0.165670,-1.350407,2.000000
8.445000,-0.165670,-1.216461,2.000000
8.446000,-0.165670,-1.107333,2.000000
8.447000,-0.168738,-1.015287,2.000000
8.448000,-0.168738,-0.937796,2.000000
8.449000,-0.168738,-0.871271,2.000000
8.450000,-0.168738,-0.813220,2.000000
8.451000,-0.168738,-0.762719,2.000000
8.452000,-0.168738,-0.718517,2.000000
8.453000,-0.165670,0.678611,2.000000
8.454000,-0.165670,0.642823,2.000000
8.455000,-0.165670,0.611067,2.000000
8.456000,-0.165670,0.581975,2.000000
8.457000,-0.165670,0.555597,2.000000
8.458000,-0.162602,1.237400,2.000000
8.459000,-0.162602,1.237400,2.000000
8.460000,-0.162602,1.237400,2.000000
8.461000,-0.159534,1.237400,2.000000
8.462000,-0.159534,1.237400,2.000000
8.463000,-0.159534,1.237400,2.000000
8.464000,-0.156466,1.237400,2.000000
8.465000,-0.156466,1.237400,2.000000
8.466000,-0.153398,1.237400,2.000000
8.467000,-0.153398,1.237400,2.000000
8.468000,-0.150330,0.549858,2.000000
8.469000,-0.150330,0.549858,2.000000
8.470000,-0.147262,0.549858,2.000000
8.471000,-0.144194,0.549858,2.000000
8.472000,-0.144194,0.549858,2.000000
8.473000,-0.141126,0.549858,2.000000
8.474000,-0.138058,1.647682,2.000000
8.475000,-0.134990,1.647682,2.000000
8.476000,-0.134990,1.647682,2.000000
8.477000,-0.131922,1.647682,2.000000
8.478000,-0.128854,1.647682,2.000000
8.479000,-0.125786,2.221216,2.000000
8.480000,-0.122718,2.221216,2.000000
8.481000,-0.119651,2.221216,2.000000
8.482000,-0.116583,2.221216,2.000000
8.483000,-0.113515,2.661260,2.000000
8.484000,-0.110447,2.661260,2.000000
8.485000,-0.107379,2.661260,2.000000
8.486000,-0.104311,2.661260,2.000000
8.487000,-0.101243,3.022353,2.000000
8.488000,-0.098175,3.022353,2.000000
8.489000,-0.095107,3.022353,2.000000
8.490000,-0.092039,3.022353,2.000000
8.491000,-0.088971,3.336819,2.000000
8.492000,-0.082835,3.336819,2.000000
8.493000,-0.079767,3.336819,2.000000
8.494000,-0.076699,3.602494,2.000000
8.495000,-0.073631,3.602494,2.000000
8.496000,-0.067495,3.602494,2.000000
8.497000,-0.064427,3.864793,2.000000
8.498000,-0.061359,3.864793,2.000000
8.499000,-0.055223,3.864793,2.000000
8.500000,-0.052155,4.088420,2.000000
8.501000,-0.046019,4.088420,-2.000000
8.502000,-0.042951,4.088420,-2.000000
8.503000,-0.039884,4.290960,-2.000000
8.504000,-0.033748,4.290960,-2.000000
8.505000,-0.030680,4.290960,-2.000000
8.506000,-0.027612,4.290064,-2.000000
8.507000,-0.021476,4.290064,-2.000000
8.508000,-0.018408,4.290064,-2.000000
8.509000,-0.015340,4.246742,-2.000000
8.510000,-0.009204,4.246742,-2.000000
8.511000,-0.006136,4.246742,-2.000000
8.512000,-0.003068,3.931149,-2.000000
8.513000,0.000000,3.931149,-2.000000
8.514000,0.003068,3.931149,-2.000000
8.515000,0.009204,3.635669,-2.000000
8.516000,0.012272,3.635669,-2.000000
8.517000,0.015340,3.635669,-2.000000
8.518000,0.018408,3.635669,-2.000000
8.519000,0.021476,3.367994,-2.000000
8.520000,0.024544,3.367994,-2.000000
8.521000,0.024544,3.367994,-2.000000
8.522000,0.027612,3.367994,-2.000000
8.523000,0.030680,2.952891,-2.000000
8.524000,0.033748,2.957170,-2.000000
8.525000,0.036816,2.957170,-2.000000
8.526000,0.039884,2.957170,-2.000000
8.527000,0.039884,2.957170,-2.000000
8.528000,0.042951,2.614856,-2.000000
8.529000,0.046019,2.525692,-2.000000
8.530000,0.046019,2.525692,-2.000000
8.531000,0.049087,2.525692,-2.000000
8.532000,0.049087,2.525692,-2.000000
8.533000,0.052155,2.525692,-2.000000
8.534000,0.052155,2.305396,-2.000000
8.535000,0.055223,1.939161,-2.000000
8.536000,0.055223,1.675290,-2.000000
8.537000,0.058291,1.957557,-2.000000
8.538000,0.058291,1.957557,-2.000000
8.539000,0.058291,1.957557,-2.000000
8.540000,0.061359,1.957557,-2.000000
8.541000,0.061359,1.957557,-2.000000
8.542000,0.061359,1.957557,-2.000000
8.543000,0.064427,1.817677,-2.000000
8.544000,0.064427,1.582857,-2.000000
8.545000,0.064427,1.402421,-2.000000
8.546000,0.064427,1.257884,-2.000000
8.547000,0.064427,1.140689,-2.000000
8.548000,0.064427,1.044514,-2.000000
8.549000,0.064427,0.962305,-2.000000
8.550000,0.064427,0.892458,-2.000000
8.551000,0.064427,0.831739,-2.000000
8.552000,0.064427,0.778977,-2.000000
8.553000,0.064427,0.732289,-2.000000
8.554000,0.064427,0.691539,-2.000000
8.555000,0.064427,0.654243,-2.000000
8.556000,0.064427,0.621343,-2.000000
8.557000,0.061359,1.152013,-2.000000
8.558000,0.061359,1.152013,-2.000000
8.559000,0.061359,1.152013,-2.000000
8.560000,0.061359,1.152013,-2.000000
8.561000,0.058291,1.152013,-2.000000
8.562000,0.058291,1.152013,-2.000000
8.563000,0.058291,1.152013,-2.000000
8.564000,0.055223,1.152013,-2.000000
8.565000,0.055223,1.152013,-2.000000
8.566000,0.052155,1.152013,-2.000000
8.567000,0.052155,1.152013,-2.000000
8.568000,0.049087,-0.600109,-2.000000
8.569000,0.046019,-0.600109,-2.000000
8.570000,0.042951,-0.600109,-2.000000
8.571000,0.042951,-0.600109,-2.000000
8.572000,0.039884,-0.600109,-2.000000
8.573000,0.036816,-1.595675,-2.000000
8.574000,0.036816,-1.595675,-2.000000
8.575000,0.033748,-1.595675,-2.000000
8.576000,0.033748,-1.595675,-2.000000
8.577000,0.030680,-1.595675,-2.000000
8.578000,0.027612,-1.595675,-2.000000
8.579000,0.024544,-2.187045,-2.000000
8.580000,0.024544,-2.187045,-2.000000
8.581000,0.021476,-2.187045,-2.000000
8.582000,0.018408,-2.187045,-2.000000
8.583000,0.015340,-2.187045,-2.000000
8.584000,0.012272,-2.629634,-2.000000
8.585000,0.009204,-2.629634,-2.000000
8.586000,0.006136,-2.629634,-2.000000
8.587000,0.003068,-2.629634,-2.000000
8.588000,0.000000,-3.001532,-2.000000
8.589000,-0.006136,-3.001532,-2.000000
8.590000,-0.009204,-3.001532,-2.000000
8.591000,-0.012272,-3.320118,-2.000000
8.592000,-0.015340,-3.320118,-2.000000
8.593000,-0.018408,-3.320118,-2.000000
8.594000,-0.024544,-3.601246,-2.000000
8.595000,-0.027612,-3.601246,-2.000000
8.596000,-0.030680,-3.601246,-2.000000
8.597000,-0.033748,-3.601246,-2.000000
8.598000,-0.039884,-3.860403,-2.000000
8.599000,-0.042951,-3.860403,-2.000000
8.600000,-0.049087,-4.093970,-2.000000
8.601000,-0.052155,-4.093970,2.000000
8.602000,-0.055223,-4.093970,2.000000
8.603000,-0.061359,-4.310322,2.000000
8.604000,-0.064427,-4.310322,2.000000
8.605000,-0.067495,-4.310322,2.000000
8.606000,-0.073631,-4.206148,2.000000
8.607000,-0.076699,-4.206148,2.000000
8.608000,-0.079767,-4.206148,2.000000
8.609000,-0.085903,-4.162868,2.000000
8.610000,-0.088971,-4.162868,2.000000
8.611000,-0.092039,-4.162868,2.000000
8.612000,-0.095107,-3.837417,2.000000
8.613000,-0.101243,-3.911207,2.000000
8.614000,-0.104311,-3.911207,2.000000
8.615000,-0.107379,-3.911207,2.000000
8.616000,-0.110447,-3.599706,2.000000
8.617000,-0.113515,-3.599706,2.000000
8.618000,-0.116583,-3.599706,2.000000
8.619000,-0.119651,-3.599706,2.000000
8.620000,-0.122718,-3.274578,2.000000
8.621000,-0.125786,-3.274578,2.000000
8.622000,-0.128854,-3.274578,2.000000
8.623000,-0.131922,-3.274578,2.000000
8.624000,-0.131922,-2.783617,2.000000
8.625000,-0.134990,-2.901679,2.000000
8.626000,-0.138058,-2.901679,2.000000
8.627000,-0.141126,-2.901679,2.000000
8.628000,-0.141126,-2.901679,2.000000
8.629000,-0.144194,-2.530444,2.000000
8.630000,-0.147262,-2.456778,2.000000
8.631000,-0.147262,-2.456778,2.000000
8.632000,-0.150330,-2.456778,2.000000
8.633000,-0.150330,-2.456778,2.000000
8.634000,-0.153398,-2.456778,2.000000
8.635000,-0.153398,-2.321545,2.000000
8.636000,-0.156466,-1.951315,2.000000
8.637000,-0.156466,-1.683865,2.000000
8.638000,-0.159534,-1.888586,2.000000
8.639000,-0.159534,-1.888586,2.000000
8.640000,-0.159534,-1.888586,2.000000
8.641000,-0.162602,-1.888586,2.000000
8.642000,-0.162602,-1.888586,2.000000
8.643000,-0.162602,-1.888586,2.000000
8.644000,-0.162602,-1.888586,2.000000
8.645000,-0.162602,-1.678217,2.000000
8.646000,-0.165670,-1.475753,2.000000
8.647000,-0.165670,-1.317482,2.000000
8.648000,-0.165670,-1.189839,2.000000
8.649000,-0.165670,-1.085640,2.000000
8.650000,-0.165670,-0.996299,2.000000
8.651000,-0.165670,-0.921782,2.000000
8.652000,-0.165670,-0.857444,2.000000
8.653000,-0.165670,-0.801205,2.000000
8.654000,-0.165670,-0.752568,2.000000
8.655000,-0.162602,-1.001523,2.000000
8.656000,-0.162602,-1.001523,2.000000
8.657000,-0.162602,-1.001523,2.000000
8.658000,-0.162602,-1.001523,2.000000
8.659000,-0.162602,-1.001523,2.000000
8.660000,-0.159534,-1.001523,2.000000
8.661000,-0.159534,-1.001523,2.000000
8.662000,-0.159534,-1.001523,2.000000
8.663000,-0.156466,-1.001523,2.000000
8.664000,-0.156466,-1.001523,2.000000
8.665000,-0.153398,-1.001523,2.000000
8.666000,-0.153398,-1.001523,2.000000
8.667000,-0.150330,0.711134,2.000000
8.668000,-0.150330,0.711134,2.000000
8.669000,-0.150330,0.711134,2.000000
8.670000,-0.147262,0.711134,2.000000
8.671000,-0.144194,0.711134,2.000000
8.672000,-0.144194,0.711134,2.000000
8.673000,-0.141126,0.711134,2.000000
8.674000,-0.138058,1.514760,2.000000
8.675000,-0.138058,1.514760,2.000000
8.676000,-0.134990,1.514760,2.000000
8.677000,-0.131922,1.514760,2.000000
8.678000,-0.128854,1.514760,2.000000
8.679000,-0.128854,1.514760,2.000000
8.680000,-0.125786,2.122371,2.000000
8.681000,-0.122718,2.122371,2.000000
8.682000,-0.116583,2.122371,2.000000
8.683000,-0.116583,2.122371,2.000000
8.684000,-0.113515,2.572684,2.000000
8.685000,-0.110447,2.572684,2.000000
8.686000,-0.107379,2.572684,2.000000
8.687000,-0.104311,2.572684,2.000000
8.688000,-0.101243,2.940626,2.000000
8.689000,-0.098175,2.940626,2.000000
8.690000,-0.095107,2.940626,2.000000
8.691000,-0.092039,2.940626,2.000000
8.692000,-0.088971,3.257616,2.000000
8.693000,-0.082835,3.257616,2.000000
8.694000,-0.076699,3.526379,2.000000
8.695000,-0.076699,3.526379,2.000000
8.696000,-0.073631,3.526379,2.000000
8.697000,-0.067495,3.526379,2.000000
8.698000,-0.064427,3.789979,2.000000
8.699000,-0.061359,3.789979,2.000000
8.700000,-0.052155,4.017665,-2.000000
8.701000,-0.052155,4.017665,-2.000000
8.702000,-0.042951,4.017665,-2.000000
8.703000,-0.042951,4.017665,-2.000000
8.704000,-0.036816,3.976297,-2.000000
8.705000,-0.033748,3.976297,-2.000000
8.706000,-0.033748,3.976297,-2.000000
8.707000,-0.024544,4.087739,-2.000000
8.708000,-0.024544,4.087739,-2.000000
8.709000,-0.018408,3.806863,-2.000000
8.710000,-0.018408,3.806863,-2.000000
8.711000,-0.015340,3.815263,-2.000000
8.712000,-0.006136,3.815263,-2.000000
8.713000,-0.003068,3.483681,-2.000000
8.714000,-0.003068,3.483681,-2.000000
8.715000,0.000000,3.483681,-2.000000
8.716000,0.006136,3.483681,-2.000000
8.717000,0.006136,3.483681,-2.000000
8.718000,0.009204,3.161613,-2.000000
8.719000,0.009204,3.161613,-2.000000
8.720000,0.012272,3.161613,-2.000000
8.721000,0.015340,3.161613,-2.000000
8.722000,0.018408,3.088131,-2.000000
8.723000,0.021476,2.735537,-2.000000
8.724000,0.021476,2.735537,-2.000000
8.725000,0.024544,2.735537,-2.000000
8.726000,0.027612,2.735537,-2.000000
8.727000,0.027612,2.735537,-2.000000
8.728000,0.030680,2.388145,-2.000000
8.729000,0.030680,1.998297,-2.000000
8.730000,0.033748,2.274489,-2.000000
8.731000,0.033748,2.274489,-2.000000
8.732000,0.036816,2.274489,-2.000000
8.733000,0.036816,2.274489,-2.000000
8.734000,0.039884,2.274489,-2.000000
8.735000,0.039884,2.061557,-2.000000
8.736000,0.039884,1.765793,-2.000000
8.737000,0.042951,1.542779,-2.000000
8.738000,0.042951,1.370843,-2.000000
8.739000,0.042951,1.233326,-2.000000
8.740000,0.046019,1.630708,-2.000000
8.741000,0.046019,1.630708,-2.000000
8.742000,0.046019,1.630708,-2.000000
8.743000,0.046019,1.630708,-2.000000
8.744000,0.046019,1.630708,-2.000000
8.745000,0.046019,1.630708,-2.000000
8.746000,0.046019,1.617608,-2.000000
8.747000,0.046019,1.617608,-2.000000
8.748000,0.046019,1.429293,-2.000000
8.749000,0.046019,1.279784,-2.000000
8.750000,0.046019,1.158989,-2.000000
8.751000,0.046019,1.058954,-2.000000
8.752000,0.046019,0.903077,-2.000000
8.753000,0.046019,0.903077,-2.000000
8.754000,0.046019,0.841102,-2.000000
8.755000,0.042951,-0.787403,-2.000000
8.756000,0.042951,-0.697740,-2.000000
8.757000,0.042951,-0.697740,-2.000000
8.758000,0.039884,-0.660146,-2.000000
8.759000,0.039884,-0.626467,-2.000000
8.760000,0.039884,-0.596212,-2.000000
8.761000,0.036816,-0.574381,-2.000000
8.762000,0.036816,-0.574381,-2.000000
8.763000,0.033748,-0.574381,-2.000000
8.764000,0.033748,-0.574381,-2.000000
8.765000,0.030680,-0.574381,-2.000000
8.766000,0.030680,-0.574381,-2.000000
8.767000,0.027612,-0.574381,-2.000000
8.768000,0.027612,-0.574381,-2.000000
8.769000,0.024544,-1.195172,-2.000000
8.770000,0.021476,-1.195172,-2.000000
8.771000,0.021476,-1.195172,-2.000000
8.772000,0.018408,-1.195172,-2.000000
8.773000,0.015340,-1.195172,-2.000000
8.774000,0.012272,-1.912707,-2.000000
8.775000,0.012272,-1.912707,-2.000000
8.776000,0.009204,-1.912707,-2.000000
8.777000,0.006136,-1.912707,-2.000000
8.778000,0.003068,-1.912707,-2.000000
8.779000,0.000000,-2.409999,-2.000000
8.780000,-0.003068,-2.409999,-2.000000
8.781000,-0.006136,-2.409999,-2.000000
8.782000,-0.009204,-2.409999,-2.000000
8.783000,-0.012272,-2.811563,-2.000000
8.784000,-0.015340,-2.811563,-2.000000
8.785000,-0.021476,-2.811563,-2.000000
8.786000,-0.024544,-3.144891,-2.000000
8.787000,-0.024544,-3.144891,-2.000000
8.788000,-0.027612,-3.144891,-2.000000
8.789000,-0.030680,-3.144891,-2.000000
8.790000,-0.036816,-3.437225,-2.000000
8.791000,-0.039884,-3.437225,-2.000000
8.792000,-0.042951,-3.437225,-2.000000
8.793000,-0.046019,-3.437225,-2.000000
8.794000,-0.052155,-3.692308,-2.000000
8.795000,-0.055223,-3.692308,-2.000000
8.796000,-0.058291,-3.692308,-2.000000
8.797000,-0.064427,-3.931919,-2.000000
8.798000,-0.067495,-3.931919,-2.000000
8.799000,-0.070563,-3.931919,-2.000000
8.800000,-0.076699,-4.155448,2.000000
8.801000,-0.079767,-4.155448,2.000000
8.802000,-0.085903,-4.155448,2.000000
8.803000,-0.088971,-4.342927,2.000000
8.804000,-0.092039,-4.342927,2.000000
8.805000,-0.098175,-4.239427,2.000000
8.806000,-0.101243,-4.239427,2.000000
8.807000,-0.104311,-4.239427,2.000000
8.808000,-0.110447,-4.155038,2.000000
8.809000,-0.113515,-4.155038,2.000000
8.810000,-0.116583,-4.155038,2.000000
8.811000,-0.119651,-3.955470,2.000000
8.812000,-0.122718,-3.876221,2.000000
8.813000,-0.128854,-3.876221,2.000000
8.814000,-0.131922,-3.876221,2.000000
8.815000,-0.134990,-3.532144,2.000000
8.816000,-0.138058,-3.532144,2.000000
8.817000,-0.141126,-3.532144,2.000000
8.818000,-0.144194,-3.532144,2.000000
8.819000,-0.147262,-3.227546,2.000000
8.820000,-0.150330,-3.227546,2.000000
8.821000,-0.150330,-3.227546,2.000000
8.822000,-0.153398,-3.227546,2.000000
8.823000,-0.156466,-2.955103,2.000000
8.824000,-0.159534,-2.803507,2.000000
8.825000,-0.162602,-2.803507,2.000000
8.826000,-0.162602,-2.803507,2.000000
8.827000,-0.165670,-2.803507,2.000000
8.828000,-0.168738,-2.788977,2.000000
8.829000,-0.168738,-2.273810,2.000000
8.830000,-0.171806,-2.340057,2.000000
8.831000,-0.171806,-2.340057,2.000000
8.832000,-0.174874,-2.340057,2.000000
8.833000,-0.174874,-2.340057,2.000000
8.834000,-0.177942,-2.340057,2.000000
8.835000,-0.177942,-2.252674,2.000000
8.836000,-0.181010,-1.903649,2.000000
8.837000,-0.181010,-1.647421,2.000000
8.838000,-0.181010,-1.452927,2.000000
8.839000,-0.181010,-1.299041,2.000000
8.840000,-0.184078,-1.707978,2.000000
8.841000,-0.184078,-1.707978,2.000000
8.842000,-0.184078,-1.707978,2.000000
8.843000,-0.184078,-1.707978,2.000000
8.844000,-0.184078,-1.707978,2.000000
8.845000,-0.187146,-1.707978,2.000000
8.846000,-0.187146,-1.707978,2.000000
8.847000,-0.187146,-1.547885,2.000000
8.848000,-0.187146,-1.236313,2.000000
8.849000,-0.187146,-1.236313,2.000000
8.850000,-0.187146,-1.122536,2.000000
8.851000,-0.187146,-1.028572,2.000000
8.852000,-0.187146,-0.948803,2.000000
8.853000,-0.184078,0.880765,2.000000
8.854000,-0.184078,0.821965,2.000000
8.855000,-0.184078,0.770351,2.000000
8.856000,-0.184078,0.724983,2.000000
8.857000,-0.181010,0.684307,2.000000
8.858000,-0.181010,0.648365,2.000000
8.859000,-0.181010,0.615726,2.000000
8.860000,-0.181010,0.586321,2.000000
8.861000,-0.177942,0.559701,2.000000
8.862000,-0.177942,0.535257,2.000000
8.863000,-0.174874,0.526835,2.000000
8.864000,-0.174874,0.526835,2.000000
8.865000,-0.171806,0.526835,2.000000
8.866000,-0.171806,0.526835,2.000000
8.867000,-0.168738,0.526835,2.000000
8.868000,-0.168738,0.526835,2.000000
8.869000,-0.165670,0.526835,2.000000
8.870000,-0.162602,1.283817,2.000000
8.871000,-0.162602,1.283817,2.000000
8.872000,-0.159534,1.283817,2.000000
8.873000,-0.156466,1.283817,2.000000
8.874000,-0.156466,1.283817,2.000000
8.875000,-0.153398,1.283817,2.000000
8.876000,-0.150330,1.980049,2.000000
8.877000,-0.147262,1.980049,2.000000
8.878000,-0.144194,1.980049,2.000000
8.879000,-0.138058,2.466214,2.000000
8.880000,-0.134990,2.466214,2.000000
8.881000,-0.134990,2.466214,2.000000
8.882000,-0.131922,2.466214,2.000000
8.883000,-0.128854,2.466214,2.000000
8.884000,-0.125786,2.862841,2.000000
8.885000,-0.122718,2.862841,2.000000
8.886000,-0.119651,2.862841,2.000000
8.887000,-0.116583,2.862841,2.000000
8.888000,-0.113515,3.194291,2.000000
8.889000,-0.110447,3.194291,2.000000
8.890000,-0.107379,3.194291,2.000000
8.891000,-0.101243,3.484629,2.000000
8.892000,-0.098175,3.484629,2.000000
8.893000,-0.095107,3.484629,2.000000
8.894000,-0.092039,3.484629,2.000000
8.895000,-0.085903,3.753113,2.000000
8.896000,-0.082835,3.753113,2.000000
8.897000,-0.079767,3.753113,2.000000
8.898000,-0.073631,3.980507,2.000000
8.899000,-0.070563,3.980507,2.000000
8.900000,-0.064427,4.213168,2.000000
8.901000,-0.061359,4.213168,-2.000000
8.902000,-0.058291,4.213168,-2.000000
8.903000,-0.052155,4.407507,-2.000000
8.904000,-0.049087,4.407507,-2.000000
8.905000,-0.042951,4.407507,-2.000000
8.906000,-0.039884,4.295716,-2.000000
8.907000,-0.036816,4.295716,-2.000000
8.908000,-0.030680,4.295716,-2.000000
8.909000,-0.027612,4.267912,-2.000000
8.910000,-0.024544,4.267912,-2.000000
8.911000,-0.018408,4.267912,-2.000000
8.912000,-0.015340,3.974169,-2.000000
8.913000,-0.012272,3.974169,-2.000000
8.914000,-0.009204,3.974169,-2.000000
8.915000,-0.006136,3.717177,-2.000000
8.916000,-0.003068,3.713584,-2.000000
8.917000,0.000000,3.713584,-2.000000
8.918000,0.003068,3.713584,-2.000000
8.919000,0.006136,3.245006,-2.000000
8.920000,0.009204,3.348859,-2.000000
8.921000,0.012272,3.348859,-2.000000
8.922000,0.015340,3.348859,-2.000000
8.923000,0.018408,3.125026,-2.000000
8.924000,0.021476,2.987941,-2.000000
8.925000,0.024544,2.987941,-2.000000
8.926000,0.024544,2.987941,-2.000000
8.927000,0.027612,2.987941,-2.000000
8.928000,0.030680,2.711253,-2.000000
8.929000,0.033748,2.548236,-2.000000
8.930000,0.033748,2.548236,-2.000000
8.931000,0.036816,2.548236,-2.000000
8.932000,0.036816,2.548236,-2.000000
8.933000,0.039884,2.548236,-2.000000
8.934000,0.039884,2.366069,-2.000000
8.935000,0.042951,1.984732,-2.000000
8.936000,0.042951,1.707912,-2.000000
8.937000,0.046019,1.985642,-2.000000
8.938000,0.046019,1.985642,-2.000000
8.939000,0.046019,1.985642,-2.000000
8.940000,0.049087,1.985642,-2.000000
8.941000,0.049087,1.985642,-2.000000
8.942000,0.049087,1.985642,-2.000000
8.943000,0.052155,1.823616,-2.000000
8.944000,0.052155,1.586908,-2.000000
8.945000,0.052155,1.405336,-2.000000
8.946000,0.052155,1.262415,-2.000000
8.947000,0.052155,1.143323,-2.000000
8.948000,0.052155,1.045974,-2.000000
8.949000,0.052155,0.964078,-2.000000
8.950000,0.052155,0.894075,-2.000000
8.951000,0.052155,0.833227,-2.000000
8.952000,0.052155,0.779967,-2.000000
8.953000,0.052155,0.733667,-2.000000
8.954000,0.052155,0.692039,-2.000000
8.955000,0.052155,0.655327,-2.000000
8.956000,0.052155,0.621927,-2.000000
8.957000,0.052155,0.591882,-2.000000
8.958000,0.049087,1.181212,-2.000000
8.959000,0.049087,1.181212,-2.000000
8.960000,0.049087,1.181212,-2.000000
8.961000,0.046019,1.181212,-2.000000
8.962000,0.046019,1.181212,-2.000000
8.963000,0.046019,1.181212,-2.000000
8.964000,0.042951,1.181212,-2.000000
8.965000,0.042951,1.181212,-2.000000
8.966000,0.039884,1.181212,-2.000000
8.967000,0.039884,1.181212,-2.000000
8.968000,0.036816,-0.582546,-2.000000
8.969000,0.036816,-0.582546,-2.000000
8.970000,0.033748,-0.582546,-2.000000
8.971000,0.033748,-0.582546,-2.000000
8.972000,0.030680,-0.582546,-2.000000
8.973000,0.027612,-0.582546,-2.000000
8.974000,0.027612,-0.582546,-2.000000
8.975000,0.024544,-1.619873,-2.000000
8.976000,0.021476,-1.619873,-2.000000
8.977000,0.018408,-1.619873,-2.000000
8.978000,0.015340,-1.619873,-2.000000
8.979000,0.015340,-1.619873,-2.000000
8.980000,0.012272,-2.197560,-2.000000
8.981000,0.009204,-2.197560,-2.000000
8.982000,0.006136,-2.197560,-2.000000
8.983000,0.003068,-2.197560,-2.000000
8.984000,0.000000,-2.648132,-2.000000
8.985000,-0.003068,-2.648132,-2.000000
8.986000,-0.006136,-2.648132,-2.000000
8.987000,-0.009204,-2.648132,-2.000000
8.988000,-0.012272,-3.017399,-2.000000
8.989000,-0.015340,-3.017399,-2.000000
8.990000,-0.018408,-3.017399,-2.000000
8.991000,-0.024544,-3.333810,-2.000000
8.992000,-0.027612,-3.333810,-2.000000
8.993000,-0.033748,-3.333810,-2.000000
8.994000,-0.033748,-3.333810,-2.000000
8.995000,-0.039884,-3.618783,-2.000000
8.996000,-0.042951,-3.618783,-2.000000
8.997000,-0.052155,-3.872178,-2.000000
8.998000,-0.052155,-3.872178,-2.000000
8.999000,-0.055223,-3.872178,-2.000000
9.000000,-0.058291,-3.872178,-2.000000
9.001000,-0.064427,-4.112606,2.000000
9.002000,-0.067495,-4.112606,2.000000
9.003000,-0.070563,-4.112606,2.000000
9.004000,-0.076699,-4.332812,2.000000
9.005000,-0.085903,-4.222026,2.000000
9.006000,-0.085903,-4.222026,2.000000
9.007000,-0.092039,-4.222026,2.000000
9.008000,-0.092039,-4.222026,2.000000
9.009000,-0.101243,-4.173762,2.000000
9.010000,-0.101243,-4.173762,2.000000
9.011000,-0.104311,-4.173762,2.000000
9.012000,-0.107379,-4.035556,2.000000
9.013000,-0.110447,-3.921292,2.000000
9.014000,-0.116583,-3.921292,2.000000
9.015000,-0.119651,-3.921292,2.000000
9.016000,-0.122718,-3.593279,2.000000
9.017000,-0.125786,-3.593279,2.000000
9.018000,-0.128854,-3.593279,2.000000
9.019000,-0.131922,-3.593279,2.000000
9.020000,-0.134990,-3.300325,2.000000
9.021000,-0.138058,-3.300325,2.000000
9.022000,-0.141126,-3.300325,2.000000
9.023000,-0.141126,-3.300325,2.000000
9.024000,-0.144194,-2.848949,2.000000
9.025000,-0.147262,-2.908805,2.000000
9.026000,-0.150330,-2.908805,2.000000
9.027000,-0.153398,-2.908805,2.000000
9.028000,-0.153398,-2.908805,2.000000
9.029000,-0.156466,-2.591389,2.000000
9.030000,-0.159534,-2.453041,2.000000
9.031000,-0.162602,-2.453041,2.000000
9.032000,-0.162602,-2.453041,2.000000
9.033000,-0.162602,-2.453041,2.000000
9.034000,-0.165670,-2.453041,2.000000
9.035000,-0.165670,-2.361162,2.000000
9.036000,-0.168738,-1.981074,2.000000
9.037000,-0.168738,-1.708057,2.000000
9.038000,-0.171806,-1.916781,2.000000
9.039000,-0.171806,-1.916781,2.000000
9.040000,-0.171806,-1.916781,2.000000
9.041000,-0.174874,-1.916781,2.000000
9.042000,-0.174874,-1.916781,2.000000
9.043000,-0.174874,-1.916781,2.000000
9.044000,-0.174874,-1.916781,2.000000
9.045000,-0.177942,-1.673069,2.000000
9.046000,-0.177942,-1.472197,2.000000
9.047000,-0.177942,-1.315136,2.000000
9.048000,-0.177942,-1.082575,2.000000
9.049000,-0.177942,-1.082575,2.000000
9.050000,-0.177942,-0.995184,2.000000
9.051000,-0.177942,-0.920593,2.000000
9.052000,-0.177942,-0.856420,2.000000
9.053000,-0.177942,-0.751554,2.000000
9.054000,-0.177942,-0.751554,2.000000
9.055000,-0.177942,-0.708212,2.000000
9.056000,-0.177942,-0.669404,2.000000
9.057000,-0.174874,-1.061749,2.000000
9.058000,-0.174874,-1.061749,2.000000
9.059000,-0.174874,-1.061749,2.000000
9.060000,-0.171806,-1.061749,2.000000
9.061000,-0.171806,-1.061749,2.000000
9.062000,-0.171806,-1.061749,2.000000
9.063000,-0.171806,-1.061749,2.000000
9.064000,-0.168738,-1.061749,2.000000
9.065000,-0.165670,-1.061749,2.000000
9.066000,-0.165670,-1.061749,2.000000
9.067000,-0.165670,-1.061749,2.000000
9.068000,-0.162602,0.657129,2.000000
9.069000,-0.162602,0.657129,2.000000
9.070000,-0.159534,0.657129,2.000000
9.071000,-0.159534,0.657129,2.000000
9.072000,-0.156466,0.657129,2.000000
9.073000,-0.156466,0.657129,2.000000
9.074000,-0.153398,0.657129,2.000000
9.075000,-0.150330,1.533967,2.000000
9.076000,-0.150330,1.533967,2.000000
9.077000,-0.147262,1.533967,2.000000
9.078000,-0.144194,1.533967,2.000000
9.079000,-0.141126,1.533967,2.000000
9.080000,-0.138058,2.121770,2.000000
9.081000,-0.138058,2.121770,2.000000
9.082000,-0.134990,2.121770,2.000000
9.083000,-0.131922,2.121770,2.000000
9.084000,-0.128854,2.121770,2.000000
9.085000,-0.125786,2.575564,2.000000
9.086000,-0.122718,2.575564,2.000000
9.087000,-0.116583,2.575564,2.000000
9.088000,-0.116583,2.575564,2.000000
9.089000,-0.113515,2.967350,2.000000
9.090000,-0.107379,2.967350,2.000000
9.091000,-0.104311,2.967350,2.000000
9.092000,-0.101243,3.277019,2.000000
9.093000,-0.098175,3.277019,2.000000
9.094000,-0.092039,3.277019,2.000000
9.095000,-0.092039,3.277019,2.000000
9.096000,-0.085903,3.541871,2.000000
9.097000,-0.082835,3.541871,2.000000
9.098000,-0.079767,3.541871,2.000000
9.099000,-0.070563,3.782985,2.000000
9.100000,-0.070563,3.782985,2.000000
9.101000,-0.067495,3.782985,-2.000000
9.102000,-0.061359,4.018451,-2.000000
9.103000,-0.055223,4.018451,-2.000000
9.104000,-0.055223,4.018451,-2.000000
9.105000,-0.049087,4.234531,-2.000000
9.106000,-0.046019,4.234531,-2.000000
9.107000,-0.042951,4.234531,-2.000000
9.108000,-0.039884,4.057666,-2.000000
9.109000,-0.030680,4.057666,-2.000000
9.110000,-0.030680,4.057666,-2.000000
9.111000,-0.027612,3.909667,-2.000000
9.112000,-0.021476,3.909667,-2.000000
9.113000,-0.021476,3.909667,-2.000000
9.114000,-0.015340,3.595721,-2.000000
9.115000,-0.012272,3.595721,-2.000000
9.116000,-0.009204,3.595721,-2.000000
9.117000,-0.006136,3.595721,-2.000000
9.118000,-0.003068,3.312724,-2.000000
9.119000,-0.003068,3.312724,-2.000000
9.120000,0.000000,3.312724,-2.000000
9.121000,0.003068,3.312724,-2.000000
9.122000,0.006136,3.029795,-2.000000
9.123000,0.009204,2.879542,-2.000000
9.124000,0.012272,2.879542,-2.000000
9.125000,0.012272,2.879542,-2.000000
9.126000,0.015340,2.879542,-2.000000
9.127000,0.018408,2.748514,-2.000000
9.128000,0.018408,2.244730,-2.000000
9.129000,0.021476,2.463965,-2.000000
9.130000,0.024544,2.463965,-2.000000
9.131000,0.024544,2.463965,-2.000000
9.132000,0.027612,2.463965,-2.000000
9.133000,0.027612,2.463965,-2.000000
9.134000,0.030680,2.054491,-2.000000
9.135000,0.030680,1.759226,-2.000000
9.136000,0.033748,1.936696,-2.000000
9.137000,0.033748,1.936696,-2.000000
9.138000,0.033748,1.936696,-2.000000
9.139000,0.036816,1.936696,-2.000000
9.140000,0.036816,1.936696,-2.000000
9.141000,0.036816,1.936696,-2.000000
9.142000,0.036816,1.936696,-2.000000
9.143000,0.036816,1.704637,-2.000000
9.144000,0.039884,1.496326,-2.000000
9.145000,0.039884,1.334076,-2.000000
9.146000,0.039884,1.202990,-2.000000
9.147000,0.039884,1.095898,-2.000000
9.148000,0.039884,1.005849,-2.000000
9.149000,0.039884,0.929526,-2.000000
9.150000,0.039884,0.864259,-2.000000
9.151000,0.039884,0.807097,-2.000000
9.152000,0.039884,0.757454,-2.000000
9.153000,0.039884,0.713360,-2.000000
9.154000,0.039884,0.674241,-2.000000
9.155000,0.036816,1.058497,-2.000000
9.156000,0.036816,1.058497,-2.000000
9.157000,0.036816,1.058497,-2.000000
9.158000,0.036816,1.058497,-2.000000
9.159000,0.033748,1.058497,-2.000000
9.160000,0.033748,1.058497,-2.000000
9.161000,0.033748,1.058497,-2.000000
9.162000,0.030680,1.058497,-2.000000
9.163000,0.030680,1.058497,-2.000000
9.164000,0.027612,1.058497,-2.000000
9.165000,0.027612,1.058497,-2.000000
9.166000,0.027612,1.058497,-2.000000
9.167000,0.024544,-0.659982,-2.000000
9.168000,0.021476,-0.659982,-2.000000
9.169000,0.018408,-0.659982,-2.000000
9.170000,0.018408,-0.659982,-2.000000
9.171000,0.018408,-0.659982,-2.000000
9.172000,0.015340,-0.659982,-2.000000
9.173000,0.009204,-1.550775,-2.000000
9.174000,0.009204,-1.550775,-2.000000
9.175000,0.009204,-1.550775,-2.000000
9.176000,0.006136,-1.550775,-2.000000
9.177000,0.000000,-2.158262,-2.000000
9.178000,0.000000,-2.158262,-2.000000
9.179000,-0.003068,-2.158262,-2.000000
9.180000,-0.003068,-2.158262,-2.000000
9.181000,-0.006136,-2.158262,-2.000000
9.182000,-0.009204,-2.158262,-2.000000
9.183000,-0.012272,-2.591146,-2.000000
9.184000,-0.015340,-2.591146,-2.000000
9.185000,-0.018408,-2.591146,-2.000000
9.186000,-0.021476,-2.591146,-2.000000
9.187000,-0.027612,-2.964035,-2.000000
9.188000,-0.030680,-2.964035,-2.000000
9.189000,-0.036816,-3.295033,-2.000000
9.190000,-0.039884,-3.295033,-2.000000
9.191000,-0.039884,-3.295033,-2.000000
9.192000,-0.049087,-3.571983,-2.000000
9.193000,-0.052155,-3.571983,-2.000000
9.194000,-0.052155,-3.571983,-2.000000
9.195000,-0.058291,-3.571983,-2.000000
9.196000,-0.058291,-3.571983,-2.000000
9.197000,-0.064427,-3.824296,-2.000000
9.198000,-0.067495,-3.824296,-2.000000
9.199000,-0.070563,-3.824296,-2.000000
9.200000,-0.076699,-4.049186,2.000000
9.201000,-0.079767,-4.049186,2.000000
9.202000,-0.085903,-4.238471,2.000000
9.203000,-0.088971,-4.238471,2.000000
9.204000,-0.092039,-4.238471,2.000000
9.205000,-0.098175,-4.111057,2.000000
9.206000,-0.104311,-4.111057,2.000000
9.207000,-0.104311,-4.111057,2.000000
9.208000,-0.110447,-4.133617,2.000000
9.209000,-0.113515,-4.133617,2.000000
9.210000,-0.116583,-4.133617,2.000000
9.211000,-0.119651,-4.024198,2.000000
9.212000,-0.125786,-3.833438,2.000000
9.213000,-0.125786,-3.833438,2.000000
9.214000,-0.131922,-3.833438,2.000000
9.215000,-0.134990,-3.524016,2.000000
9.216000,-0.138058,-3.524016,2.000000
9.217000,-0.141126,-3.524016,2.000000
9.218000,-0.144194,-3.524016,2.000000
9.219000,-0.144194,-3.020896,2.000000
9.220000,-0.147262,-3.171521,2.000000
9.221000,-0.150330,-3.171521,2.000000
9.222000,-0.156466,-3.131383,2.000000
9.223000,-0.156466,-3.131383,2.000000
9.224000,-0.159534,-2.741682,2.000000
9.225000,-0.159534,-2.741682,2.000000
9.226000,-0.165670,-2.741682,2.000000
9.227000,-0.165670,-2.741682,2.000000
9.228000,-0.168738,-2.419270,2.000000
9.229000,-0.168738,-2.419270,2.000000
9.230000,-0.171806,-2.269610,2.000000
9.231000,-0.171806,-2.269610,2.000000
9.232000,-0.171806,-2.269610,2.000000
9.233000,-0.174874,-2.269610,2.000000
9.234000,-0.174874,-2.269610,2.000000
9.235000,-0.177942,-2.269610,2.000000
9.236000,-0.177942,-2.094837,2.000000
9.237000,-0.181010,-1.789221,2.000000
9.238000,-0.181010,-1.562930,2.000000
9.239000,-0.181010,-1.386534,2.000000
9.240000,-0.181010,-1.245190,2.000000
9.241000,-0.184078,-1.610126,2.000000
9.242000,-0.184078,-1.610126,2.000000
9.243000,-0.184078,-1.610126,2.000000
9.244000,-0.184078,-1.610126,2.000000
9.245000,-0.184078,-1.610126,2.000000
9.246000,-0.184078,-1.610126,2.000000
9.247000,-0.184078,-1.610126,2.000000
9.248000,-0.184078,-1.610126,2.000000
9.249000,-0.184078,-1.510564,2.000000
9.250000,-0.184078,-1.344052,2.000000
9.251000,-0.184078,-1.211657,2.000000
9.252000,-0.184078,-1.103124,2.000000
9.253000,-0.184078,-1.011679,2.000000
9.254000,-0.184078,-0.935058,2.000000
9.255000,-0.181010,0.868989,2.000000
9.256000,-0.181010,0.760917,2.000000
9.257000,-0.181010,0.760917,2.000000
9.258000,-0.181010,0.716683,2.000000
9.259000,-0.177942,0.677102,2.000000
9.260000,-0.177942,0.641648,2.000000
9.261000,-0.174874,0.615603,2.000000
9.262000,-0.174874,0.615603,2.000000
9.263000,-0.174874,0.615603,2.000000
9.264000,-0.171806,0.615603,2.000000
9.265000,-0.168738,0.615603,2.000000
9.266000,-0.168738,0.615603,2.000000
9.267000,-0.165670,0.615603,2.000000
9.268000,-0.162602,1.147959,2.000000
9.269000,-0.162602,1.147959,2.000000
9.270000,-0.159534,1.147959,2.000000
9.271000,-0.159534,1.147959,2.000000
9.272000,-0.156466,1.147959,2.000000
9.273000,-0.153398,1.147959,2.000000
9.274000,-0.153398,1.147959,2.000000
9.275000,-0.150330,1.910271,2.000000
9.276000,-0.147262,1.910271,2.000000
9.277000,-0.144194,1.910271,2.000000
9.278000,-0.141126,1.910271,2.000000
9.279000,-0.138058,2.410781,2.000000
9.280000,-0.131922,2.410781,2.000000
9.281000,-0.131922,2.410781,2.000000
9.282000,-0.131922,2.410781,2.000000
9.283000,-0.125786,2.818163,2.000000
9.284000,-0.122718,2.818163,2.000000
9.285000,-0.119651,2.818163,2.000000
9.286000,-0.116583,2.818163,2.000000
9.287000,-0.113515,3.154547,2.000000
9.288000,-0.110447,3.154547,2.000000
9.289000,-0.107379,3.154547,2.000000
9.290000,-0.104311,3.154547,2.000000
9.291000,-0.098175,3.446449,2.000000
9.292000,-0.095107,3.446449,2.000000
9.293000,-0.092039,3.446449,2.000000
9.294000,-0.088971,3.718287,2.000000
9.295000,-0.079767,3.718287,2.000000
9.296000,-0.079767,3.718287,2.000000
9.297000,-0.076699,3.950342,2.000000
9.298000,-0.070563,3.950342,2.000000
9.299000,-0.067495,3.950342,2.000000
9.300000,-0.061359,4.183861,-2.000000
9.301000,-0.058291,4.183861,-2.000000
9.302000,-0.049087,4.376875,-2.000000
9.303000,-0.049087,4.376875,-2.000000
9.304000,-0.039884,4.276422,-2.000000
9.305000,-0.039884,4.276422,-2.000000
9.306000,-0.036816,4.276422,-2.000000
9.307000,-0.033748,4.276422,-2.000000
9.308000,-0.027612,4.223661,-2.000000
9.309000,-0.024544,4.223661,-2.000000
9.310000,-0.018408,3.854913,-2.000000
9.311000,-0.012272,3.945632,-2.000000
9.312000,-0.012272,3.945632,-2.000000
9.313000,-0.009204,3.945632,-2.000000
9.314000,-0.006136,3.945632,-2.000000
9.315000,-0.003068,3.673869,-2.000000
9.316000,0.000000,3.673869,-2.000000
9.317000,0.003068,3.673869,-2.000000
9.318000,0.006136,3.589119,-2.000000
9.319000,0.009204,3.298563,-2.000000
9.320000,0.012272,3.298563,-2.000000
9.321000,0.015340,3.298563,-2.000000
9.322000,0.018408,3.298563,-2.000000
9.323000,0.021476,2.944546,-2.000000
9.324000,0.021476,2.944546,-2.000000
9.325000,0.027612,2.944546,-2.000000
9.326000,0.027612,2.944546,-2.000000
9.327000,0.030680,2.445058,-2.000000
9.328000,0.033748,2.487144,-2.000000
9.329000,0.033748,2.487144,-2.000000
9.330000,0.033748,2.487144,-2.000000
9.331000,0.036816,2.487144,-2.000000
9.332000,0.036816,2.487144,-2.000000
9.333000,0.039884,2.487144,-2.000000
9.334000,0.039884,2.226168,-2.000000
9.335000,0.042951,1.883666,-2.000000
9.336000,0.042951,1.633750,-2.000000
9.337000,0.046019,1.914721,-2.000000
9.338000,0.046019,1.914721,-2.000000
9.339000,0.046019,1.914721,-2.000000
9.340000,0.049087,1.914721,-2.000000
9.341000,0.049087,1.914721,-2.000000
9.342000,0.049087,1.914721,-2.000000
9.343000,0.049087,1.843277,-2.000000
9.344000,0.049087,1.603875,-2.000000
9.345000,0.052155,1.416634,-2.000000
9.346000,0.052155,1.270979,-2.000000
9.347000,0.052155,1.151027,-2.000000
9.348000,0.052155,1.052944,-2.000000
9.349000,0.052155,0.969986,-2.000000
9.350000,0.052155,0.898535,-2.000000
9.351000,0.052155,0.837284,-2.000000
9.352000,0.052155,0.783912,-2.000000
9.353000,0.052155,0.736589,-2.000000
9.354000,0.052155,0.694870,-2.000000
9.355000,0.049087,1.022214,-2.000000
9.356000,0.049087,1.022214,-2.000000
9.357000,0.049087,1.022214,-2.000000
9.358000,0.046019,1.022214,-2.000000
9.359000,0.046019,1.022214,-2.000000
9.360000,0.046019,1.022214,-2.000000
9.361000,0.042951,1.022214,-2.000000
9.362000,0.042951,1.022214,-2.000000
9.363000,0.042951,1.022214,-2.000000
9.364000,0.039884,1.022214,-2.000000
9.365000,0.039884,1.022214,-2.000000
9.366000,0.039884,1.022214,-2.000000
9.367000,0.036816,-0.696744,-2.000000
9.368000,0.033748,-0.696744,-2.000000
9.369000,0.033748,-0.696744,-2.000000
9.370000,0.030680,-0.696744,-2.000000
9.371000,0.030680,-0.696744,-2.000000
9.372000,0.027612,-0.696744,-2.000000
9.373000,0.024544,-1.532746,-2.000000
9.374000,0.024544,-1.532746,-2.000000
9.375000,0.021476,-1.532746,-2.000000
9.376000,0.018408,-1.532746,-2.000000
9.377000,0.015340,-1.532746,-2.000000
9.378000,0.009204,-2.131089,-2.000000
9.379000,0.009204,-2.131089,-2.000000
9.380000,0.006136,-2.131089,-2.000000
9.381000,0.006136,-2.131089,-2.000000
9.382000,0.000000,-2.587253,-2.000000
9.383000,-0.003068,-2.587253,-2.000000
9.384000,-0.006136,-2.587253,-2.000000
9.385000,-0.006136,-2.587253,-2.000000
9.386000,-0.012272,-2.960867,-2.000000
9.387000,-0.015340,-2.960867,-2.000000
9.388000,-0.015340,-2.960867,-2.000000
9.389000,-0.024544,-3.275853,-2.000000
9.390000,-0.024544,-3.275853,-2.000000
9.391000,-0.027612,-3.275853,-2.000000
9.392000,-0.030680,-3.275853,-2.000000
9.393000,-0.033748,-3.275853,-2.000000
9.394000,-0.039884,-3.559636,-2.000000
9.395000,-0.042951,-3.559636,-2.000000
9.396000,-0.046019,-3.559636,-2.000000
9.397000,-0.052155,-3.813221,-2.000000
9.398000,-0.055223,-3.813221,-2.000000
9.399000,-0.058291,-3.813221,-2.000000
9.400000,-0.064427,-4.053310,-2.000000
9.401000,-0.067495,-4.053310,2.000000
9.402000,-0.073631,-4.269727,2.000000
9.403000,-0.079767,-4.269727,2.000000
9.404000,-0.079767,-4.269727,2.000000
9.405000,-0.085903,-4.266902,2.000000
9.406000,-0.092039,-4.266902,2.000000
9.407000,-0.098175,-4.224307,2.000000
9.408000,-0.098175,-4.224307,2.000000
9.409000,-0.104311,-4.224307,2.000000
9.410000,-0.104311,-4.224307,2.000000
9.411000,-0.113515,-3.974365,2.000000
9.412000,-0.113515,-3.974365,2.000000
9.413000,-0.119651,-3.974365,2.000000
9.414000,-0.119651,-3.974365,2.000000
9.415000,-0.125786,-3.684455,2.000000
9.416000,-0.125786,-3.684455,2.000000
9.417000,-0.128854,-3.684455,2.000000
9.418000,-0.131922,-3.570814,2.000000
9.419000,-0.138058,-3.368250,2.000000
9.420000,-0.138058,-3.368250,2.000000
9.421000,-0.144194,-3.368250,2.000000
9.422000,-0.144194,-3.368250,2.000000
9.423000,-0.150330,-3.001991,2.000000
9.424000,-0.150330,-3.001991,2.000000
9.425000,-0.153398,-3.001991,2.000000
9.426000,-0.153398,-3.001991,2.000000
9.427000,-0.156466,-2.920893,2.000000
9.428000,-0.156466,-2.356075,2.000000
9.429000,-0.159534,-2.573006,2.000000
9.430000,-0.162602,-2.573006,2.000000
9.431000,-0.162602,-2.573006,2.000000
9.432000,-0.165670,-2.573006,2.000000
9.433000,-0.165670,-2.477090,2.000000
9.434000,-0.168738,-2.063545,2.000000
9.435000,-0.168738,-1.765098,2.000000
9.436000,-0.171806,-2.036877,2.000000
9.437000,-0.171806,-2.036877,2.000000
9.438000,-0.174874,-2.036877,2.000000
9.439000,-0.174874,-2.036877,2.000000
9.440000,-0.174874,-2.036877,2.000000
9.441000,-0.177942,-2.036877,2.000000
9.442000,-0.177942,-1.800616,2.000000
9.443000,-0.177942,-1.570071,2.000000
9.444000,-0.177942,-1.391020,2.000000
9.445000,-0.177942,-1.249315,2.000000
9.446000,-0.181010,-1.134566,2.000000
9.447000,-0.181010,-1.038144,2.000000
9.448000,-0.181010,-0.957249,2.000000
9.449000,-0.181010,-0.888047,2.000000
9.450000,-0.181010,-0.828182,2.000000
9.451000,-0.181010,-0.775593,2.000000
9.452000,-0.181010,-0.729638,2.000000
9.453000,-0.181010,-0.688729,2.000000
9.454000,-0.181010,-0.652172,2.000000
9.455000,-0.177942,0.619107,2.000000
9.456000,-0.177942,0.589332,2.000000
9.457000,-0.177942,0.562469,2.000000
9.458000,-0.177942,0.537725,2.000000
9.459000,-0.177942,0.515276,2.000000
9.460000,-0.174874,1.290950,2.000000
9.461000,-0.174874,1.290950,2.000000
9.462000,-0.174874,1.290950,2.000000
9.463000,-0.171806,1.290950,2.000000
9.464000,-0.171806,1.290950,2.000000
9.465000,-0.168738,1.290950,2.000000
9.466000,-0.168738,1.290950,2.000000
9.467000,-0.165670,1.290950,2.000000
9.468000,-0.165670,1.290950,2.000000
9.469000,-0.162602,0.513261,2.000000
9.470000,-0.162602,0.513261,2.000000
9.471000,-0.159534,0.513261,2.000000
9.472000,-0.159534,0.513261,2.000000
9.473000,-0.156466,0.513261,2.000000
9.474000,-0.153398,0.513261,2.000000
9.475000,-0.150330,1.688328,2.000000
9.476000,-0.150330,1.688328,2.000000
9.477000,-0.147262,1.688328,2.000000
9.478000,-0.144194,1.688328,2.000000
9.479000,-0.141126,1.688328,2.000000
9.480000,-0.138058,2.241917,2.000000
9.481000,-0.138058,2.241917,2.000000
9.482000,-0.134990,2.241917,2.000000
9.483000,-0.131922,2.241917,2.000000
9.484000,-0.128854,2.241917,2.000000
9.485000,-0.125786,2.679321,2.000000
9.486000,-0.122718,2.679321,2.000000
9.487000,-0.119651,2.679321,2.000000
9.488000,-0.113515,3.037878,2.000000
9.489000,-0.110447,3.037878,2.000000
9.490000,-0.107379,3.037878,2.000000
9.491000,-0.104311,3.037878,2.000000
9.492000,-0.101243,3.344523,2.000000
9.493000,-0.098175,3.344523,2.000000
9.494000,-0.088971,3.624290,2.000000
9.495000,-0.088971,3.624290,2.000000
9.496000,-0.085903,3.624290,2.000000
9.497000,-0.082835,3.624290,2.000000
9.498000,-0.076699,3.864084,2.000000
9.499000,-0.073631,3.864084,2.000000
9.500000,-0.070563,3.864084,2.000000
9.501000,-0.064427,4.106643,-2.000000
9.502000,-0.061359,4.106643,-2.000000
9.503000,-0.058291,4.106643,-2.000000
9.504000,-0.052155,4.309376,-2.000000
9.505000,-0.049087,4.309376,-2.000000
9.506000,-0.042951,4.309376,-2.000000
9.507000,-0.039884,4.057591,-2.000000
9.508000,-0.036816,4.057591,-2.000000
9.509000,-0.033748,4.057591,-2.000000
9.510000,-0.027612,4.049836,-2.000000
9.511000,-0.024544,4.049836,-2.000000
9.512000,-0.021476,4.049836,-2.000000
9.513000,-0.018408,3.831942,-2.000000
9.514000,-0.015340,3.793640,-2.000000
9.515000,-0.012272,3.793640,-2.000000
9.516000,-0.009204,3.793640,-2.000000
9.517000,-0.003068,3.401812,-2.000000
9.518000,-0.003068,3.401812,-2.000000
9.519000,0.000000,3.401812,-2.000000
9.520000,0.003068,3.401812,-2.000000
9.521000,0.006136,3.047802,-2.000000
9.522000,0.009204,3.071620,-2.000000
9.523000,0.012272,3.071620,-2.000000
9.524000,0.015340,3.071620,-2.000000
9.525000,0.018408,3.071620,-2.000000
9.526000,0.018408,2.578638,-2.000000
9.527000,0.021476,2.671350,-2.000000
9.528000,0.024544,2.671350,-2.000000
9.529000,0.024544,2.671350,-2.000000
9.530000,0.027612,2.671350,-2.000000
9.531000,0.027612,2.606894,-2.000000
9.532000,0.030680,2.147383,-2.000000
9.533000,0.033748,2.158125,-2.000000
9.534000,0.033748,2.158125,-2.000000
9.535000,0.033748,2.158125,-2.000000
9.536000,0.036816,2.158125,-2.000000
9.537000,0.036816,2.158125,-2.000000
9.538000,0.039884,2.158125,-2.000000
9.539000,0.039884,2.020907,-2.000000
9.540000,0.039884,1.734632,-2.000000
9.541000,0.039884,1.520471,-2.000000
9.542000,0.042951,1.352564,-2.000000
9.543000,0.042951,1.217552,-2.000000
9.544000,0.042951,1.107990,-2.000000
9.545000,0.042951,1.016524,-2.000000
9.546000,0.042951,0.938605,-2.000000
9.547000,0.042951,0.871788,-2.000000
9.548000,0.042951,0.814045,-2.000000
9.549000,0.042951,0.763605,-2.000000
9.550000,0.042951,0.718569,-2.000000
9.551000,0.042951,0.679031,-2.000000
9.552000,0.042951,0.643321,-2.000000
9.553000,0.042951,0.611314,-2.000000
9.554000,0.042951,0.582359,-2.000000
9.555000,0.042951,0.555881,-2.000000
9.556000,0.042951,0.531837,-2.000000
9.557000,0.039884,0.509739,-2.000000
9.558000,0.039884,-0.489453,-2.000000
9.559000,0.039884,-0.470622,-2.000000
9.560000,0.039884,-0.453271,-2.000000
9.561000,0.036816,-1.456426,-2.000000
9.562000,0.036816,-1.456426,-2.000000
9.563000,0.036816,-1.456426,-2.000000
9.564000,0.033748,-1.456426,-2.000000
9.565000,0.033748,-1.456426,-2.000000
9.566000,0.030680,-1.456426,-2.000000
9.567000,0.027612,-1.456426,-2.000000
9.568000,0.024544,-0.445267,-2.000000
9.569000,0.024544,-0.445267,-2.000000
9.570000,0.024544,-0.445267,-2.000000
9.571000,0.021476,-0.445267,-2.000000
9.572000,0.021476,-0.445267,-2.000000
9.573000,0.018408,-0.445267,-2.000000
9.574000,0.015340,-0.445267,-2.000000
9.575000,0.012272,-1.794421,-2.000000
9.576000,0.012272,-1.794421,-2.000000
9.577000,0.009204,-1.794421,-2.000000
9.578000,0.006136,-1.794421,-2.000000
9.579000,0.003068,-1.794421,-2.000000
9.580000,0.000000,-2.323248,-2.000000
9.581000,-0.003068,-2.323248,-2.000000
9.582000,-0.006136,-2.323248,-2.000000
9.583000,-0.009204,-2.323248,-2.000000
9.584000,-0.012272,-2.743462,-2.000000
9.585000,-0.015340,-2.743462,-2.000000
9.586000,-0.018408,-2.743462,-2.000000
9.587000,-0.021476,-2.743462,-2.000000
9.588000,-0.024544,-3.089481,-2.000000
9.589000,-0.027612,-3.089481,-2.000000
9.590000,-0.030680,-3.089481,-2.000000
9.591000,-0.033748,-3.089481,-2.000000
9.592000,-0.036816,-3.393150,-2.000000
9.593000,-0.042951,-3.393150,-2.000000
9.594000,-0.046019,-3.393150,-2.000000
9.595000,-0.049087,-3.656825,-2.000000
9.596000,-0.052155,-3.656825,-2.000000
9.597000,-0.058291,-3.656825,-2.000000
9.598000,-0.061359,-3.901398,-2.000000
9.599000,-0.064427,-3.901398,-2.000000
9.600000,-0.070563,-3.901398,-2.000000
9.601000,-0.073631,-4.130293,2.000000
9.602000,-0.079767,-4.130293,2.000000
9.603000,-0.082835,-4.130293,2.000000
9.604000,-0.085903,-4.322912,2.000000
9.605000,-0.092039,-4.322912,2.000000
9.606000,-0.095107,-4.322912,2.000000
9.607000,-0.101243,-4.240444,2.000000
9.608000,-0.104311,-4.240444,2.000000
9.609000,-0.107379,-4.240444,2.000000
9.610000,-0.116583,-4.108189,2.000000
9.611000,-0.119651,-4.108189,2.000000
9.612000,-0.119651,-4.108189,2.000000
9.613000,-0.122718,-3.790320,2.000000
9.614000,-0.128854,-3.790320,2.000000
9.615000,-0.131922,-3.636821,2.000000
9.616000,-0.134990,-3.498052,2.000000
9.617000,-0.134990,-3.498052,2.000000
9.618000,-0.138058,-3.498052,2.000000
9.619000,-0.141126,-3.498052,2.000000
9.620000,-0.147262,-3.164920,2.000000
9.621000,-0.147262,-3.164920,2.000000
9.622000,-0.153398,-3.164920,2.000000
9.623000,-0.153398,-3.164920,2.000000
9.624000,-0.156466,-3.164920,2.000000
9.625000,-0.156466,-2.686391,2.000000
9.626000,-0.162602,-2.775817,2.000000
9.627000,-0.162602,-2.775817,2.000000
9.628000,-0.162602,-2.775817,2.000000
9.629000,-0.165670,-2.775817,2.000000
9.630000,-0.168738,-2.573523,2.000000
9.631000,-0.171806,-2.282527,2.000000
9.632000,-0.171806,-2.282527,2.000000
9.633000,-0.171806,-2.282527,2.000000
9.634000,-0.174874,-2.282527,2.000000
9.635000,-0.174874,-2.282527,2.000000
9.636000,-0.177942,-2.282527,2.000000
9.637000,-0.177942,-1.861859,2.000000
9.638000,-0.177942,-1.861859,2.000000
9.639000,-0.181010,-1.428835,2.000000
9.640000,-0.181010,-1.428835,2.000000
9.641000,-0.184078,-1.630934,2.000000
9.642000,-0.184078,-1.630934,2.000000
9.643000,-0.184078,-1.630934,2.000000
9.644000,-0.184078,-1.630934,2.000000
9.645000,-0.184078,-1.630934,2.000000
9.646000,-0.184078,-1.630934,2.000000
9.647000,-0.184078,-1.630934,2.000000
9.648000,-0.184078,-1.630934,2.000000
9.649000,-0.184078,-1.630934,2.000000
9.650000,-0.184078,-1.482358,2.000000
9.651000,-0.184078,-1.323156,2.000000
9.652000,-0.184078,-1.194180,2.000000
9.653000,-0.184078,-1.000220,2.000000
9.654000,-0.184078,-1.000220,2.000000
9.655000,-0.184078,-0.859842,2.000000
9.656000,-0.184078,-0.859842,2.000000
9.657000,-0.181010,0.803452,2.000000
9.658000,-0.181010,0.753962,2.000000
9.659000,-0.181010,0.710533,2.000000
9.660000,-0.181010,0.671520,2.000000
9.661000,-0.177942,0.636691,2.000000
9.662000,-0.177942,0.605436,2.000000
9.663000,-0.174874,0.581042,2.000000
9.664000,-0.174874,0.581042,2.000000
9.665000,-0.174874,0.581042,2.000000
9.666000,-0.171806,0.581042,2.000000
9.667000,-0.171806,0.581042,2.000000
9.668000,-0.168738,0.581042,2.000000
9.669000,-0.165670,0.581042,2.000000
9.670000,-0.165670,0.581042,2.000000
9.671000,-0.162602,1.191961,2.000000
9.672000,-0.162602,1.191961,2.000000
9.673000,-0.159534,1.191961,2.000000
9.674000,-0.156466,1.191961,2.000000
9.675000,-0.153398,1.191961,2.000000
9.676000,-0.153398,1.191961,2.000000
9.677000,-0.150330,1.922851,2.000000
9.678000,-0.147262,1.922851,2.000000
9.679000,-0.144194,1.922851,2.000000
9.680000,-0.141126,1.922851,2.000000
9.681000,-0.138058,2.418535,2.000000
9.682000,-0.134990,2.418535,2.000000
9.683000,-0.131922,2.418535,2.000000
9.684000,-0.128854,2.418535,2.000000
9.685000,-0.125786,2.821510,2.000000
9.686000,-0.122718,2.821510,2.000000
9.687000,-0.119651,2.821510,2.000000
9.688000,-0.116583,2.821510,2.000000
9.689000,-0.113515,3.155990,2.000000
9.690000,-0.110447,3.155990,2.000000
9.691000,-0.107379,3.155990,2.000000
9.692000,-0.101243,3.447027,2.000000
9.693000,-0.098175,3.447027,2.000000
9.694000,-0.095107,3.447027,2.000000
9.695000,-0.092039,3.447027,2.000000
9.696000,-0.088971,3.712554,2.000000
9.697000,-0.082835,3.712554,2.000000
9.698000,-0.079767,3.712554,2.000000
9.699000,-0.073631,3.939334,2.000000
9.700000,-0.070563,3.939334,-2.000000
9.701000,-0.067495,3.939334,-2.000000
9.702000,-0.064427,4.172540,-2.000000
9.703000,-0.058291,4.172540,-2.000000
9.704000,-0.055223,4.172540,-2.000000
9.705000,-0.049087,4.151348,-2.000000
9.706000,-0.046019,4.151348,-2.000000
9.707000,-0.039884,4.113238,-2.000000
9.708000,-0.033748,4.113238,-2.000000
9.709000,-0.033748,4.113238,-2.000000
9.710000,-0.027612,3.784492,-2.000000
9.711000,-0.024544,3.784492,-2.000000
9.712000,-0.024544,3.784492,-2.000000
9.713000,-0.018408,3.506645,-2.000000
9.714000,-0.018408,3.506645,-2.000000
9.715000,-0.015340,3.549384,-2.000000
9.716000,-0.012272,3.549384,-2.000000
9.717000,-0.009204,3.549384,-2.000000
9.718000,-0.006136,3.221415,-2.000000
9.719000,0.000000,3.168609,-2.000000
9.720000,0.003068,3.168609,-2.000000
9.721000,0.003068,3.168609,-2.000000
9.722000,0.006136,2.600786,-2.000000
9.723000,0.009204,2.792750,-2.000000
9.724000,0.009204,2.792750,-2.000000
9.725000,0.015340,2.792750,-2.000000
9.726000,0.015340,2.792750,-2.000000
9.727000,0.015340,2.792750,-2.000000
9.728000,0.018408,2.065035,-2.000000
9.729000,0.018408,2.065035,-2.000000
9.730000,0.021476,2.308148,-2.000000
9.731000,0.024544,2.308148,-2.000000
9.732000,0.024544,2.308148,-2.000000
9.733000,0.024544,2.308148,-2.000000
9.734000,0.027612,2.308148,-2.000000
9.735000,0.030680,1.774574,-2.000000
9.736000,0.030680,1.774574,-2.000000
9.737000,0.030680,1.550746,-2.000000
9.738000,0.033748,1.694200,-2.000000
9.739000,0.033748,1.694200,-2.000000
9.740000,0.033748,1.694200,-2.000000
9.741000,0.033748,1.694200,-2.000000
9.742000,0.033748,1.694200,-2.000000
9.743000,0.033748,1.694200,-2.000000
9.744000,0.036816,1.694200,-2.000000
9.745000,0.036816,1.694200,-2.000000
9.746000,0.036816,1.489312,-2.000000
9.747000,0.036816,1.489312,-2.000000
9.748000,0.036816,1.327986,-2.000000
9.749000,0.036816,1.198117,-2.000000
9.750000,0.033748,-1.002372,-2.000000
9.751000,0.033748,-1.002372,-2.000000
9.752000,0.033748,-0.926861,-2.000000
9.753000,0.033748,-0.861380,-2.000000
9.754000,0.033748,-0.805310,-2.000000
9.755000,0.033748,-0.755658,-2.000000
9.756000,0.033748,-0.711778,-2.000000
9.757000,0.030680,-0.672749,-2.000000
9.758000,0.030680,-0.638030,-2.000000
9.759000,0.030680,-0.606241,-2.000000
9.760000,0.027612,-0.577650,-2.000000
9.761000,0.027612,-0.551643,-2.000000
9.762000,0.024544,-0.526641,-2.000000
9.763000,0.024544,-0.526641,-2.000000
9.764000,0.024544,-0.526641,-2.000000
9.765000,0.021476,-0.526641,-2.000000
9.766000,0.021476,-0.526641,-2.000000
9.767000,0.018408,-0.526641,-2.000000
9.768000,0.015340,-0.526641,-2.000000
9.769000,0.015340,-0.526641,-2.000000
9.770000,0.012272,-1.267131,-2.000000
9.771000,0.009204,-1.267131,-2.000000
9.772000,0.009204,-1.267131,-2.000000
9.773000,0.006136,-1.267131,-2.000000
9.774000,0.003068,-1.267131,-2.000000
9.775000,0.000000,-1.958564,-2.000000
9.776000,0.000000,-1.958564,-2.000000
9.777000,-0.003068,-1.958564,-2.000000
9.778000,-0.006136,-1.958564,-2.000000
9.779000,-0.009204,-1.958564,-2.000000
9.780000,-0.012272,-2.450306,-2.000000
9.781000,-0.015340,-2.450306,-2.000000
9.782000,-0.018408,-2.450306,-2.000000
9.783000,-0.021476,-2.450306,-2.000000
9.784000,-0.024544,-2.841838,-2.000000
9.785000,-0.027612,-2.841838,-2.000000
9.786000,-0.030680,-2.841838,-2.000000
9.787000,-0.033748,-2.841838,-2.000000
9.788000,-0.036816,-3.174529,-2.000000
9.789000,-0.039884,-3.174529,-2.000000
9.790000,-0.046019,-3.174529,-2.000000
9.791000,-0.049087,-3.462670,-2.000000
9.792000,-0.052155,-3.462670,-2.000000
9.793000,-0.055223,-3.462670,-2.000000
9.794000,-0.061359,-3.728880,-2.000000
9.795000,-0.064427,-3.728880,-2.000000
9.796000,-0.067495,-3.728880,-2.000000
9.797000,-0.073631,-3.971007,-2.000000
9.798000,-0.076699,-3.971007,-2.000000
9.799000,-0.085903,-4.179092,-2.000000
9.800000,-0.088971,-4.179092,2.000000
9.801000,-0.088971,-4.179092,2.000000
9.802000,-0.098175,-4.389792,2.000000
9.803000,-0.098175,-4.389792,2.000000
9.804000,-0.107379,-4.389792,2.000000
9.805000,-0.107379,-4.389792,2.000000
9.806000,-0.110447,-4.127110,2.000000
9.807000,-0.113515,-4.127110,2.000000
9.808000,-0.119651,-4.127110,2.000000
9.809000,-0.122718,-4.087682,2.000000
9.810000,-0.125786,-4.087682,2.000000
9.811000,-0.128854,-4.087682,2.000000
9.812000,-0.131922,-3.813386,2.000000
9.813000,-0.134990,-3.829832,2.000000
9.814000,-0.138058,-3.829832,2.000000
9.815000,-0.144194,-3.829832,2.000000
9.816000,-0.147262,-3.453008,2.000000
9.817000,-0.150330,-3.453008,2.000000
9.818000,-0.153398,-3.453008,2.000000
9.819000,-0.156466,-3.453008,2.000000
9.820000,-0.156466,-2.962117,2.000000
9.821000,-0.159534,-3.132149,2.000000
9.822000,-0.162602,-3.132149,2.000000
9.823000,-0.165670,-3.132149,2.000000
9.824000,-0.168738,-3.099353,2.000000
9.825000,-0.171806,-2.729495,2.000000
9.826000,-0.171806,-2.729495,2.000000
9.827000,-0.174874,-2.729495,2.000000
9.828000,-0.177942,-2.729495,2.000000
9.829000,-0.177942,-2.729495,2.000000
9.830000,-0.181010,-2.419058,2.000000
9.831000,-0.181010,-2.020163,2.000000
9.832000,-0.184078,-2.240808,2.000000
9.833000,-0.184078,-2.240808,2.000000
9.834000,-0.187146,-2.240808,2.000000
9.835000,-0.187146,-2.240808,2.000000
9.836000,-0.190214,-2.240808,2.000000
9.837000,-0.190214,-2.135580,2.000000
9.838000,-0.190214,-1.817524,2.000000
9.839000,-0.193282,-1.582860,2.000000
9.840000,-0.193282,-1.402517,2.000000
9.841000,-0.193282,-1.258568,2.000000
9.842000,-0.193282,-1.141698,2.000000
9.843000,-0.196350,-1.581959,2.000000
9.844000,-0.196350,-1.581959,2.000000
9.845000,-0.196350,-1.581959,2.000000
9.846000,-0.196350,-1.581959,2.000000
9.847000,-0.196350,-1.581959,2.000000
9.848000,-0.196350,-1.581959,2.000000
9.849000,-0.196350,-1.581959,2.000000
9.850000,-0.196350,-1.581959,2.000000
9.851000,-0.196350,-1.408374,2.000000
9.852000,-0.196350,-1.263406,2.000000
9.853000,-0.196350,-1.145116,2.000000
9.854000,-0.196350,-1.048369,2.000000
9.855000,-0.196350,-0.964933,2.000000
9.856000,-0.193282,0.894874,2.000000
9.857000,-0.193282,0.833865,2.000000
9.858000,-0.193282,0.780836,2.000000
9.859000,-0.193282,0.734378,2.000000
9.860000,-0.190214,0.692923,2.000000
9.861000,-0.190214,0.655909,2.000000
9.862000,-0.187146,0.626562,2.000000
9.863000,-0.187146,0.626562,2.000000
9.864000,-0.187146,0.626562,2.000000
9.865000,-0.184078,0.626562,2.000000
9.866000,-0.184078,0.626562,2.000000
9.867000,-0.181010,0.626562,2.000000
9.868000,-0.181010,0.626562,2.000000
9.869000,-0.177942,0.626562,2.000000
9.870000,-0.174874,1.122151,2.000000
9.871000,-0.174874,1.122151,2.000000
9.872000,-0.171806,1.122151,2.000000
9.873000,-0.168738,1.122151,2.000000
9.874000,-0.168738,1.122151,2.000000
9.875000,-0.165670,1.122151,2.000000
9.876000,-0.162602,1.885350,2.000000
9.877000,-0.159534,1.885350,2.000000
9.878000,-0.156466,1.885350,2.000000
9.879000,-0.153398,1.885350,2.000000
9.880000,-0.153398,1.885350,2.000000
9.881000,-0.150330,2.399097,2.000000
9.882000,-0.147262,2.399097,2.000000
9.883000,-0.144194,2.399097,2.000000
9.884000,-0.141126,2.399097,2.000000
9.885000,-0.138058,2.799395,2.000000
9.886000,-0.134990,2.799395,2.000000
9.887000,-0.131922,2.799395,2.000000
9.888000,-0.125786,3.138791,2.000000
9.889000,-0.122718,3.138791,2.000000
9.890000,-0.119651,3.138791,2.000000
9.891000,-0.116583,3.138791,2.000000
9.892000,-0.113515,3.433885,2.000000
9.893000,-0.107379,3.433885,2.000000
9.894000,-0.104311,3.433885,2.000000
9.895000,-0.101243,3.697654,2.000000
9.896000,-0.098175,3.697654,2.000000
9.897000,-0.092039,3.697654,2.000000
9.898000,-0.088971,3.943906,2.000000
9.899000,-0.085903,3.943906,2.000000
9.900000,-0.079767,3.943906,2.000000
9.901000,-0.076699,4.152265,-2.000000
9.902000,-0.070563,4.152265,-2.000000
9.903000,-0.067495,4.152265,-2.000000
9.904000,-0.064427,4.365457,-2.000000
9.905000,-0.058291,4.365457,-2.000000
9.906000,-0.055223,4.365457,-2.000000
9.907000,-0.052155,4.153065,-2.000000
9.908000,-0.046019,4.153065,-2.000000
9.909000,-0.042951,4.153065,-2.000000
9.910000,-0.039884,4.153768,-2.000000
9.911000,-0.036816,4.153768,-2.000000
9.912000,-0.030680,4.153768,-2.000000
9.913000,-0.027612,3.801082,-2.000000
9.914000,-0.024544,3.801082,-2.000000
9.915000,-0.021476,3.801082,-2.000000
9.916000,-0.018408,3.655796,-2.000000
9.917000,-0.015340,3.539403,-2.000000
9.918000,-0.012272,3.539403,-2.000000
9.919000,-0.009204,3.539403,-2.000000
9.920000,-0.006136,3.330982,-2.000000
9.921000,-0.003068,3.152758,-2.000000
9.922000,0.000000,3.152758,-2.000000
9.923000,0.003068,3.152758,-2.000000
9.924000,0.003068,3.152758,-2.000000
9.925000,0.006136,2.687208,-2.000000
9.926000,0.009204,2.760587,-2.000000
9.927000,0.012272,2.760587,-2.000000
9.928000,0.012272,2.760587,-2.000000
9.929000,0.015340,2.760587,-2.000000
9.930000,0.018408,2.604313,-2.000000
9.931000,0.018408,2.145610,-2.000000
9.932000,0.021476,2.266594,-2.000000
9.933000,0.021476,2.266594,-2.000000
9.934000,0.024544,2.266594,-2.000000
9.935000,0.024544,2.266594,-2.000000
9.936000,0.027612,2.266594,-2.000000
9.937000,0.027612,2.242463,-2.000000
9.938000,0.027612,1.895384,-2.000000
9.939000,0.030680,1.644312,-2.000000
9.940000,0.030680,1.448077,-2.000000
9.941000,0.030680,1.295719,-2.000000
9.942000,0.030680,1.171992,-2.000000
9.943000,0.033748,1.602737,-2.000000
9.944000,0.033748,1.602737,-2.000000
9.945000,0.033748,1.602737,-2.000000
9.946000,0.033748,1.602737,-2.000000
9.947000,0.033748,1.602737,-2.000000
9.948000,0.033748,1.602737,-2.000000
9.949000,0.033748,1.602737,-2.000000
9.950000,0.033748,1.597406,-2.000000
9.951000,0.033748,1.412641,-2.000000
9.952000,0.033748,1.266673,-2.000000
9.953000,0.033748,1.148640,-2.000000
9.954000,0.033748,1.050752,-2.000000
9.955000,0.033748,0.967796,-2.000000
9.956000,0.030680,-0.896557,-2.000000
9.957000,0.030680,-0.835811,-2.000000
9.958000,0.030680,-0.782336,-2.000000
9.959000,0.030680,-0.735696,-2.000000
9.960000,0.027612,-0.656823,-2.000000
9.961000,0.024544,-0.619494,-2.000000
9.962000,0.024544,-0.619494,-2.000000
9.963000,0.024544,-0.619494,-2.000000
9.964000,0.021476,-0.619494,-2.000000
9.965000,0.021476,-0.619494,-2.000000
9.966000,0.021476,-0.619494,-2.000000
9.967000,0.018408,-0.619494,-2.000000
9.968000,0.015340,-0.619494,-2.000000
9.969000,0.012272,-1.147773,-2.000000
9.970000,0.012272,-1.147773,-2.000000
9.971000,0.012272,-1.147773,-2.000000
9.972000,0.006136,-1.147773,-2.000000
9.973000,0.006136,-1.147773,-2.000000
9.974000,0.006136,-1.147773,-2.000000
9.975000,0.000000,-1.904141,-2.000000
9.976000,0.000000,-1.904141,-2.000000
9.977000,-0.006136,-1.904141,-2.000000
9.978000,-0.006136,-1.904141,-2.000000
9.979000,-0.009204,-1.904141,-2.000000
9.980000,-0.012272,-2.418263,-2.000000
9.981000,-0.015340,-2.418263,-2.000000
9.982000,-0.018408,-2.418263,-2.000000
9.983000,-0.018408,-2.418263,-2.000000
9.984000,-0.021476,-2.418263,-2.000000
9.985000,-0.024544,-2.826294,-2.000000
9.986000,-0.033748,-2.826294,-2.000000
9.987000,-0.033748,-2.826294,-2.000000
9.988000,-0.036816,-3.169575,-2.000000
9.989000,-0.039884,-3.169575,-2.000000
9.990000,-0.042951,-3.169575,-2.000000
9.991000,-0.046019,-3.169575,-2.000000
9.992000,-0.049087,-3.464938,-2.000000
9.993000,-0.055223,-3.464938,-2.000000
9.994000,-0.058291,-3.464938,-2.000000
9.995000,-0.061359,-3.735059,-2.000000
9.996000,-0.064427,-3.735059,-2.000000
9.997000,-0.070563,-3.735059,-2.000000
9.998000,-0.073631,-3.983072,-2.000000
9.999000,-0.079767,-3.983072,-2.000000
