t,theta,alpha,theta_dot,alpha_dot,voltage,mode
0.000000,-0.435651,0.346680,-0.051964,-0.054476,-6.000000,1
0.001000,-0.435651,0.346680,-0.051964,-0.054476,-6.000000,1
0.002000,-0.435651,0.346680,-0.051964,-0.054476,-6.000000,1
0.003000,-0.435651,0.346680,-0.051964,-0.054476,-6.000000,1
0.004000,-0.438719,0.349748,-0.051964,-0.175421,-6.000000,1
0.005000,-0.444854,0.349748,-0.051964,-0.175421,-6.000000,1
0.006000,-0.454058,0.349748,-0.224809,-0.175421,-6.000000,1
0.007000,-0.460194,0.349748,-7.509480,-0.175421,-6.000000,1
0.008000,-0.460194,0.349748,-7.509480,-0.175421,-6.000000,1
0.009000,-0.469398,0.346680,-5.199721,-0.175421,-6.000000,1
0.010000,-0.472466,0.346680,-6.551731,-0.175421,-6.000000,1
0.011000,-0.475534,0.346680,-6.551731,-0.175421,-6.000000,1
0.012000,-0.478602,0.343612,-5.015826,-0.175421,-6.000000,1
0.013000,-0.478602,0.343612,-5.015826,-0.175421,-6.000000,1
0.014000,-0.478602,0.343612,-5.015826,-0.175421,-6.000000,1
0.015000,-0.478602,0.343612,-5.015826,-0.175421,-6.000000,1
0.016000,-0.478602,0.343612,-5.015826,-0.175421,-6.000000,1
0.017000,-0.478602,0.343612,-5.015826,-0.175421,-6.000000,1
0.018000,-0.493942,0.340544,-3.008686,-0.893103,-6.000000,1
0.019000,-0.497010,0.340544,-2.709357,-0.893103,-6.000000,1
0.020000,-0.500078,0.337476,-2.709357,-0.893103,-6.000000,1
0.021000,-0.500078,0.337476,-2.709357,-0.893103,-6.000000,1
0.022000,-0.500078,0.337476,-2.709357,-0.893103,-6.000000,1
0.023000,-0.500078,0.337476,-2.709357,-0.893103,-6.000000,1
0.024000,-0.503146,0.337476,-2.709357,-0.893103,-6.000000,1
0.025000,-0.503146,0.337476,-2.709357,-0.893103,-6.000000,1
0.026000,-0.515418,0.334408,-2.921018,-0.893103,-6.000000,1
0.027000,-0.521553,0.331340,-3.162790,-0.893103,-6.000000,1
0.028000,-0.521553,0.331340,-3.162790,-0.893103,-6.000000,1
0.029000,-0.524621,0.328272,-3.162790,-1.207606,-6.000000,1
0.030000,-0.527689,0.328272,-3.162790,-1.207606,-6.000000,1
0.031000,-0.527689,0.328272,-3.162790,-1.207606,-6.000000,1
0.032000,-0.527689,0.328272,-3.162790,-1.207606,-6.000000,1
0.033000,-0.527689,0.328272,-3.162790,-1.207606,-6.000000,1
0.034000,-0.527689,0.328272,-3.162790,-1.207606,-6.000000,1
0.035000,-0.527689,0.328272,-3.162790,-1.207606,-6.000000,1
0.036000,-0.527689,0.328272,-3.162790,-1.207606,-6.000000,1
0.037000,-0.533825,0.325204,-3.305189,-1.207606,-6.000000,1
0.038000,-0.533825,0.325204,-3.305189,-1.207606,-6.000000,1
0.039000,-0.533825,0.325204,-3.305189,-1.207606,-6.000000,1
0.040000,-0.533825,0.325204,-3.305189,-1.207606,-6.000000,1
0.041000,-0.552233,0.316000,-3.396777,-1.542946,-6.000000,1
0.042000,-0.552233,0.316000,-3.396777,-1.542946,-6.000000,1
0.043000,-0.552233,0.316000,-3.396777,-1.542946,-6.000000,1
0.044000,-0.564505,0.309864,-3.151285,-1.542946,-6.000000,1
0.045000,-0.564505,0.309864,-3.151285,-1.542946,-6.000000,1
0.046000,-0.564505,0.309864,-3.151285,-1.542946,-6.000000,1
0.047000,-0.589049,0.297592,-3.429141,-1.687706,-6.000000,1
0.048000,-0.595185,0.294524,-3.638289,-1.687706,-6.000000,1
0.049000,-0.595185,0.294524,-3.638289,-1.687706,-6.000000,1
0.050000,-0.595185,0.294524,-3.638289,-1.687706,-6.000000,1
0.051000,-0.595185,0.294524,-3.638289,-1.687706,-6.000000,1
0.052000,-0.595185,0.294524,-3.638289,-1.687706,-6.000000,1
0.053000,-0.595185,0.294524,-3.638289,-1.687706,-6.000000,1
0.054000,-0.598253,0.291456,-3.638289,-1.995400,-6.000000,1
0.055000,-0.598253,0.291456,-3.638289,-1.995400,-6.000000,1
0.056000,-0.598253,0.291456,-3.638289,-1.995400,-6.000000,1
0.057000,-0.613592,0.282252,-3.857285,-1.995400,-6.000000,1
0.058000,-0.613592,0.282252,-3.857285,-1.995400,-6.000000,1
0.059000,-0.613592,0.282252,-3.857285,-1.995400,-6.000000,1
0.060000,-0.625864,0.276117,-4.089820,-2.283772,-6.000000,1
0.061000,-0.625864,0.276117,-4.089820,-2.283772,-6.000000,1
0.062000,-0.625864,0.276117,-4.089820,-2.283772,-6.000000,1
0.063000,-0.641204,0.266913,-4.312826,-2.576585,-6.000000,1
0.064000,-0.641204,0.266913,-4.312826,-2.576585,-6.000000,1
0.065000,-0.641204,0.266913,-4.312826,-2.576585,-6.000000,1
0.066000,-0.656544,0.260777,-4.732455,-2.576585,-6.000000,1
0.067000,-0.656544,0.260777,-4.732455,-2.576585,-6.000000,1
0.068000,-0.656544,0.260777,-4.732455,-2.576585,-6.000000,1
0.069000,-0.668816,0.251573,-4.906013,-2.772977,-6.000000,1
0.070000,-0.668816,0.251573,-4.906013,-2.772977,-6.000000,1
0.071000,-0.668816,0.251573,-4.906013,-2.772977,-6.000000,1
0.072000,-0.668816,0.251573,-4.906013,-2.772977,-6.000000,1
0.073000,-0.668816,0.251573,-4.906013,-2.772977,-6.000000,1
0.074000,-0.668816,0.251573,-4.906013,-2.772977,-6.000000,1
0.075000,-0.684155,0.242369,-5.064936,-2.912209,-5.763316,1
0.076000,-0.684155,0.242369,-5.064936,-2.912209,-5.763389,1
0.077000,-0.717903,0.223961,-5.479658,-3.015535,-5.670865,1
0.078000,-0.717903,0.223961,-5.479658,-3.015535,-5.670933,1
0.079000,-0.717903,0.223961,-5.479658,-3.015535,-5.671000,1
0.080000,-0.717903,0.223961,-5.479658,-3.015535,-5.671067,1
0.081000,-0.717903,0.223961,-5.479658,-3.015535,-5.671134,1
0.082000,-0.717903,0.223961,-5.479658,-3.015535,-5.671201,1
0.083000,-0.717903,0.223961,-5.479658,-3.015535,-5.671269,1
0.084000,-0.717903,0.223961,-5.479658,-3.015535,-5.671336,1
0.085000,-0.736311,0.214757,-5.603298,-3.285488,-5.107873,1
0.086000,-0.736311,0.214757,-5.603298,-3.285488,-5.107937,1
0.087000,-0.736311,0.214757,-5.603298,-3.285488,-5.108001,1
0.088000,-0.776194,0.187146,-5.931851,-3.643585,-4.247951,1
0.089000,-0.776194,0.187146,-5.931851,-3.643585,-4.248007,1
0.090000,-0.776194,0.187146,-5.931851,-3.643585,-4.248063,1
0.091000,-0.797670,0.174874,-6.276892,-3.796297,-4.085247,1
0.092000,-0.797670,0.174874,-6.276892,-3.796297,-4.085299,1
0.093000,-0.797670,0.174874,-6.276892,-3.796297,-4.085351,1
0.094000,-0.843689,0.147262,-6.686794,-4.180793,-3.266112,1
0.095000,-0.849825,0.141126,-6.686794,-4.214675,-3.087943,1
0.096000,-0.855961,0.138058,-6.788412,-4.214675,-3.140515,1
0.097000,-0.865165,0.134990,-6.780390,-4.214675,-3.089582,1
0.098000,-0.871301,0.128854,-6.780390,-4.272576,-2.863373,1
0.099000,-0.871301,0.128854,-6.780390,-4.272576,-2.863411,1
0.100000,-0.871301,0.128854,-6.780390,-4.272576,-2.863450,1
0.101000,-0.871301,0.128854,-6.780390,-4.272576,-2.863489,1
0.102000,-0.871301,0.128854,-6.780390,-4.272576,-2.863527,1
0.103000,-0.871301,0.128854,-6.780390,-4.272576,-2.863566,1
0.104000,-0.877437,0.125786,-6.894511,-4.272576,-2.928637,1
0.105000,-0.877437,0.125786,-6.894511,-4.272576,-2.928675,1
0.106000,-0.877437,0.125786,-6.894511,-4.272576,-2.928713,1
0.107000,-0.905049,0.107379,-6.882106,-4.210197,-2.728166,1
0.108000,-0.905049,0.107379,-6.882106,-4.210197,-2.728198,1
0.109000,-0.905049,0.107379,-6.882106,-4.210197,-2.728231,1
0.110000,-0.926524,0.095107,-6.953927,-4.259271,-2.499447,1
0.111000,-0.926524,0.095107,-6.953927,-4.259271,-2.499475,1
0.112000,-0.966408,0.070563,-7.028661,-4.418682,-1.844300,1
0.113000,-0.975612,0.064427,-7.101420,-4.418682,-1.812769,1
0.114000,-0.981748,0.061359,-7.101420,-4.418682,-1.763700,1
0.115000,-0.987884,0.055223,-7.062538,-4.541577,-1.368597,1
0.116000,-0.987884,0.055223,-7.062538,-4.541577,-1.368614,1
0.117000,-0.987884,0.055223,-7.062538,-4.541577,-1.368630,1
0.118000,-0.987884,0.055223,-7.062538,-4.541577,-1.368647,1
0.119000,-0.987884,0.055223,-7.062538,-4.541577,-1.368663,1
0.120000,-0.987884,0.055223,-7.062538,-4.541577,-1.368680,1
0.121000,-0.987884,0.055223,-7.062538,-4.541577,-1.368697,1
0.122000,-0.987884,0.055223,-7.062538,-4.541577,-1.368713,1
0.123000,-1.046175,0.018408,-6.979029,-4.524438,-0.699760,1
0.124000,-1.046175,0.018408,-6.979029,-4.524438,-0.699765,1
0.125000,-1.046175,0.018408,-6.979029,-4.524438,-0.699771,1
0.126000,-1.046175,0.018408,-6.979029,-4.524438,-0.699776,1
0.127000,-1.052311,0.015340,-6.935097,-4.524438,-0.606762,1
0.128000,-1.052311,0.015340,-6.935097,-4.524438,-0.606766,1
0.129000,-1.052311,0.015340,-6.935097,-4.524438,-0.606771,1
0.130000,-1.064583,0.006136,-6.841394,-4.593354,0.000000,1
0.131000,-1.064583,0.006136,-6.841394,-4.593354,0.000000,1
0.132000,-1.064583,0.006136,-6.841394,-4.593354,0.000000,1
0.133000,-1.113670,-0.027612,-6.794624,-4.674841,1.170821,1
0.134000,-1.119806,-0.030680,-6.794624,-4.674841,1.219917,1
0.135000,-1.125942,-0.036816,-6.743287,-4.674841,1.381712,1
0.136000,-1.125942,-0.036816,-6.743287,-4.674841,1.381723,1
0.137000,-1.125942,-0.036816,-6.743287,-4.674841,1.381734,1
0.138000,-1.125942,-0.036816,-6.743287,-4.674841,1.381745,1
0.139000,-1.125942,-0.036816,-6.743287,-4.674841,1.381756,1
0.140000,-1.125942,-0.036816,-6.743287,-4.674841,1.381767,1
0.141000,-1.125942,-0.036816,-6.743287,-4.674841,1.381778,1
0.142000,-1.125942,-0.036816,-6.743287,-4.674841,1.381789,1
0.143000,-1.132078,-0.039884,-6.743287,-4.842212,1.765631,1
0.144000,-1.132078,-0.039884,-6.743287,-4.842212,1.765643,1
0.145000,-1.132078,-0.039884,-6.743287,-4.842212,1.765655,1
0.146000,-1.171961,-0.070563,-6.350883,-4.641955,2.291392,1
0.147000,-1.171961,-0.070563,-6.350883,-4.641955,2.291413,1
0.148000,-1.171961,-0.070563,-6.350883,-4.641955,2.291435,1
0.149000,-1.171961,-0.070563,-6.350883,-4.641955,2.291456,1
0.150000,-1.171961,-0.070563,-6.350883,-4.641955,2.291477,1
0.151000,-1.171961,-0.070563,-6.350883,-4.641955,2.291498,1
0.152000,-1.190369,-0.082835,-6.317643,-4.761169,2.771811,1
0.153000,-1.239456,-0.122718,-6.255738,-4.985741,3.982392,1
0.154000,-1.239456,-0.122718,-6.255738,-4.985741,3.982429,1
0.155000,-1.239456,-0.122718,-6.255738,-4.985741,3.982466,1
0.156000,-1.239456,-0.122718,-6.255738,-4.985741,3.982503,1
0.157000,-1.239456,-0.122718,-6.255738,-4.985741,3.982539,1
0.158000,-1.239456,-0.122718,-6.255738,-4.985741,3.982576,1
0.159000,-1.239456,-0.122718,-6.255738,-4.985741,3.982613,1
0.160000,-1.245592,-0.128854,-6.237147,-5.099635,4.339478,1
0.161000,-1.245592,-0.128854,-6.237147,-5.099635,4.339517,1
0.162000,-1.245592,-0.128854,-6.237147,-5.099635,4.339555,1
0.163000,-1.273204,-0.153398,-5.590606,-4.956208,5.134939,1
0.164000,-1.273204,-0.153398,-5.590606,-4.956208,5.134985,1
0.165000,-1.273204,-0.153398,-5.590606,-4.956208,5.135031,1
0.166000,-1.310020,-0.187146,-5.299996,-4.523303,5.161208,1
0.167000,-1.316156,-0.190214,-5.299996,-4.523303,5.210352,1
0.168000,-1.337631,-0.211689,-4.547023,-4.015456,5.334258,1
0.169000,-1.337631,-0.211689,-4.547023,-4.015456,5.334321,1
0.170000,-1.337631,-0.211689,-4.547023,-4.015456,5.334385,1
0.171000,-1.337631,-0.211689,-4.547023,-4.015456,5.334448,1
0.172000,-1.337631,-0.211689,-4.547023,-4.015456,5.334512,1
0.173000,-1.340699,-0.214757,-4.547023,-4.015456,5.389799,1
0.174000,-1.352971,-0.227029,-3.478812,-3.030595,4.709250,1
0.175000,-1.352971,-0.227029,-3.478812,-3.030595,4.709318,1
0.176000,-1.352971,-0.227029,-3.478812,-3.030595,4.709386,1
0.177000,-1.352971,-0.227029,-3.478812,-3.030595,4.709454,1
0.178000,-1.365243,-0.233165,-3.246317,-2.390303,3.759609,1
0.179000,-1.365243,-0.233165,-3.246317,-2.390303,3.759679,1
0.180000,-1.368311,-0.236233,-2.966433,-2.062057,3.438366,1
0.181000,-1.368311,-0.236233,-2.966433,-2.062057,3.438437,1
0.182000,-1.368311,-0.236233,-2.966433,-2.062057,3.438508,1
0.183000,-1.368311,-0.236233,-2.966433,-2.062057,3.438579,1
0.184000,-1.368311,-0.236233,-2.966433,-2.062057,3.438650,1
0.185000,-1.368311,-0.236233,-2.966433,-2.062057,3.438721,1
0.186000,-1.368311,-0.236233,-2.966433,-2.062057,3.438791,1
0.187000,-1.377515,-0.239301,-2.380366,-2.062057,4.067882,1
0.188000,-1.377515,-0.242369,-1.713835,-1.708751,4.089232,1
0.189000,-1.377515,-0.242369,-1.713835,-1.708751,4.089305,1
0.190000,-1.380583,-0.242369,-2.204430,-1.500042,3.175230,1
0.191000,-1.380583,-0.242369,-2.204430,-1.500042,3.175303,1
0.192000,-1.380583,-0.242369,-2.204430,-1.336552,2.848394,1
0.193000,-1.383651,-0.242369,-2.139148,-0.931343,2.097196,1
0.194000,-1.383651,-0.239301,-1.259984,-0.928186,2.908758,1
0.195000,-1.383651,-0.239301,-1.142850,-0.928186,3.025964,1
0.196000,-1.383651,-0.239301,-0.963693,-0.928186,3.205192,1
0.197000,-1.371379,-0.230097,0.580398,0.768744,1.195958,1
0.198000,-1.368311,-0.223961,0.580398,0.717000,1.182930,1
0.199000,-1.368311,-0.223961,0.580398,0.717000,1.182998,1
0.200000,-1.368311,-0.223961,0.580398,0.717000,1.183065,1
0.201000,-1.368311,-0.223961,0.580398,0.717000,1.183132,1
0.202000,-1.368311,-0.223961,0.580398,0.717000,1.183199,1
0.203000,-1.368311,-0.223961,0.580398,0.717000,1.183266,1
0.204000,-1.368311,-0.223961,0.580398,0.717000,1.183334,1
0.205000,-1.368311,-0.223961,0.580398,0.717000,1.183401,1
0.206000,-1.368311,-0.223961,0.580398,0.717000,1.183468,1
0.207000,-1.368311,-0.223961,0.580398,0.717000,1.183535,1
0.208000,-1.368311,-0.223961,0.580398,0.717000,1.183602,1
0.209000,-1.368311,-0.223961,0.580398,0.717000,1.183669,1
0.210000,-1.368311,-0.223961,0.580398,0.717000,1.183737,1
0.211000,-1.368311,-0.223961,0.580398,0.717000,1.183804,1
0.212000,-1.368311,-0.223961,0.580398,0.717000,1.183871,1
0.213000,-1.368311,-0.223961,0.580398,0.717000,1.183938,1
0.214000,-1.368311,-0.223961,0.580398,0.717000,1.184005,1
0.215000,-1.368311,-0.223961,0.580398,0.717000,1.184073,1
0.216000,-1.368311,-0.223961,0.580398,0.717000,1.184140,1
0.217000,-1.365243,-0.223961,0.580398,0.717000,1.190343,1
0.218000,-1.365243,-0.223961,0.580398,0.717000,1.190410,1
0.219000,-1.359107,-0.217825,1.408293,0.717000,1.907924,1
0.220000,-1.356039,-0.217825,1.408293,0.717000,1.914126,1
0.221000,-1.356039,-0.214757,1.408293,1.512884,0.000000,1
0.222000,-1.352971,-0.214757,1.408293,1.512884,0.000000,1
0.223000,-1.352971,-0.214757,1.408293,1.512884,0.000000,1
0.224000,-1.349903,-0.208621,1.408293,1.512884,0.000000,1
0.225000,-1.346835,-0.208621,1.841437,1.512884,0.590149,1
0.226000,-1.346835,-0.205553,1.841437,1.512884,0.528852,1
0.227000,-1.343767,-0.205553,1.841437,1.512884,0.535049,1
0.228000,-1.343767,-0.205553,1.841437,1.512884,0.535111,1
0.229000,-1.343767,-0.205553,1.841437,1.512884,0.535173,1
0.230000,-1.343767,-0.205553,1.841437,1.512884,0.535234,1
0.231000,-1.340699,-0.202485,1.841437,1.620358,0.000000,1
0.232000,-1.334563,-0.199418,1.941923,1.620358,0.000000,1
0.233000,-1.334563,-0.199418,1.941923,1.620358,0.000000,1
0.234000,-1.334563,-0.199418,1.941923,1.620358,0.000000,1
0.235000,-1.334563,-0.199418,1.941923,1.620358,0.000000,1
0.236000,-1.334563,-0.199418,1.941923,1.620358,0.000000,1
0.237000,-1.334563,-0.199418,1.941923,1.620358,0.000000,1
0.238000,-1.331495,-0.196350,1.941923,1.620358,0.000000,1
0.239000,-1.331495,-0.196350,1.941923,1.620358,0.000000,1
0.240000,-1.331495,-0.196350,1.941923,1.620358,0.000000,1
0.241000,-1.319223,-0.190214,1.951375,1.222695,0.968497,1
0.242000,-1.313088,-0.187146,1.951375,1.222695,0.919466,1
0.243000,-1.313088,-0.187146,1.951375,1.222695,0.919522,1
0.244000,-1.310020,-0.187146,1.989635,1.222695,0.963974,1
0.245000,-1.310020,-0.187146,1.989635,1.222695,0.964030,1
0.246000,-1.306952,-0.184078,1.989635,1.222695,0.908862,1
0.247000,-1.303884,-0.181010,1.989635,1.222695,0.853693,1
0.248000,-1.300816,-0.181010,1.989635,1.211587,0.882098,1
0.249000,-1.300816,-0.181010,1.989635,1.102745,1.099837,1
0.250000,-1.300816,-0.181010,1.989635,1.102745,1.099892,1
0.251000,-1.294680,-0.177942,2.045715,0.991174,1.330079,1
0.252000,-1.291612,-0.177942,2.045715,0.991174,1.336269,1
0.253000,-1.291612,-0.177942,2.045715,0.991174,1.336322,1
0.254000,-1.291612,-0.177942,2.045715,0.991174,1.336375,1
0.255000,-1.291612,-0.177942,2.045715,0.991174,1.336429,1
0.256000,-1.282408,-0.174874,2.177318,0.991174,1.425133,1
0.257000,-1.282408,-0.174874,2.177318,0.991174,1.425185,1
0.258000,-1.282408,-0.174874,2.177318,0.991174,1.425237,1
0.259000,-1.282408,-0.174874,2.177318,0.991174,1.425290,1
0.260000,-1.282408,-0.171806,2.177318,0.991174,1.363982,1
0.261000,-1.282408,-0.171806,2.177318,0.991174,1.364034,1
0.262000,-1.276272,-0.171806,2.177318,0.991174,1.376357,1
0.263000,-1.276272,-0.171806,2.177318,0.991174,1.376409,1
0.264000,-1.276272,-0.171806,2.177318,0.991174,1.376460,1
0.265000,-1.270136,-0.168738,2.394202,0.991174,1.544307,1
0.266000,-1.260932,-0.165670,2.588004,1.068705,1.540146,1
0.267000,-1.257864,-0.162602,2.588004,1.068705,1.484971,1
0.268000,-1.257864,-0.162602,2.588004,1.068705,1.485020,1
0.269000,-1.257864,-0.162602,2.588004,1.068705,1.485069,1
0.270000,-1.254796,-0.159534,2.588004,1.068705,1.429894,1
0.271000,-1.254796,-0.159534,2.588004,1.068705,1.429941,1
0.272000,-1.254796,-0.159534,2.588004,1.068705,1.429989,1
0.273000,-1.248660,-0.156466,2.748616,1.068705,1.541561,1
0.274000,-1.248660,-0.156466,2.748616,1.068705,1.541608,1
0.275000,-1.230253,-0.150330,2.916939,1.287697,1.186088,1
0.276000,-1.227185,-0.147262,2.916939,1.287697,1.130909,1
0.277000,-1.227185,-0.147262,2.916939,1.287697,1.130953,1
0.278000,-1.227185,-0.147262,2.916939,1.287697,1.130997,1
0.279000,-1.227185,-0.147262,2.916939,1.287697,1.131041,1
0.280000,-1.224117,-0.147262,3.082625,1.287697,1.302908,1
0.281000,-1.224117,-0.147262,3.082625,1.287697,1.302952,1
0.282000,-1.224117,-0.147262,3.082625,1.287697,1.302996,1
0.283000,-1.217981,-0.144194,3.082625,1.287697,1.253952,1
0.284000,-1.217981,-0.144194,3.082625,1.287697,1.253995,1
0.285000,-1.217981,-0.144194,3.082625,1.287697,1.254038,1
0.286000,-1.205709,-0.138058,3.203440,1.564048,0.724019,1
0.287000,-1.190369,-0.128854,3.318696,1.665221,0.483569,1
0.288000,-1.190369,-0.128854,3.318696,1.665221,0.483608,1
0.289000,-1.190369,-0.128854,3.318696,1.665221,0.483646,1
0.290000,-1.190369,-0.128854,3.318696,1.665221,0.483685,1
0.291000,-1.190369,-0.128854,3.318696,1.665221,0.483724,1
0.292000,-1.190369,-0.128854,3.318696,1.665221,0.483762,1
0.293000,-1.187301,-0.128854,3.443386,1.665221,0.614627,1
0.294000,-1.187301,-0.128854,3.443386,1.665221,0.614666,1
0.295000,-1.187301,-0.128854,3.443386,1.665221,0.614704,1
0.296000,-1.171961,-0.119651,3.514610,1.665221,0.532566,1
0.297000,-1.153554,-0.113515,3.602479,1.723278,0.000000,1
0.298000,-1.153554,-0.113515,3.602479,1.723278,0.000000,1
0.299000,-1.153554,-0.113515,3.602479,1.723278,0.000000,1
0.300000,-1.153554,-0.113515,3.602479,1.723278,0.000000,1
0.301000,-1.153554,-0.113515,3.602479,1.723278,0.000000,1
0.302000,-1.153554,-0.113515,3.602479,1.723278,0.000000,1
0.303000,-1.150486,-0.110447,3.620874,1.723278,0.000000,1
0.304000,-1.150486,-0.110447,3.620874,1.723278,0.000000,1
0.305000,-1.150486,-0.110447,3.620874,1.723278,0.000000,1
0.306000,-1.135146,-0.104311,3.632440,1.645332,0.457344,1
0.307000,-1.135146,-0.104311,3.632440,1.645332,0.457375,1
0.308000,-1.125942,-0.101243,3.652592,1.645332,0.000000,1
0.309000,-1.125942,-0.101243,3.652592,1.645332,0.000000,1
0.310000,-1.125942,-0.101243,3.652592,1.645332,0.000000,1
0.311000,-1.125942,-0.101243,3.652592,1.645332,0.000000,1
0.312000,-1.116738,-0.098175,3.652592,1.645332,0.000000,1
0.313000,-1.104466,-0.092039,3.606111,1.456186,0.625439,1
0.314000,-1.104466,-0.092039,3.606111,1.456186,0.625467,1
0.315000,-1.098330,-0.088971,3.618620,1.456186,0.588915,1
0.316000,-1.098330,-0.088971,3.618620,1.456186,0.588942,1
0.317000,-1.098330,-0.088971,3.618620,1.456186,0.588968,1
0.318000,-1.092194,-0.088971,3.618620,1.456186,0.601267,1
0.319000,-1.092194,-0.088971,3.618620,1.456186,0.601294,1
0.320000,-1.092194,-0.088971,3.618620,1.456186,0.601320,1
0.321000,-1.079922,-0.082835,3.585434,1.456186,0.469985,1
0.322000,-1.070719,-0.079767,3.624320,1.344561,0.689193,1
0.323000,-1.067651,-0.079767,3.624320,1.344561,0.695352,1
0.324000,-1.064583,-0.076699,3.623800,1.344561,0.639632,1
0.325000,-1.058447,-0.076699,3.623800,1.344561,0.651927,1
0.326000,-1.049243,-0.070563,3.649559,1.344561,0.573397,1
0.327000,-1.049243,-0.070563,3.649559,1.344561,0.573418,1
0.328000,-1.049243,-0.070563,3.649559,1.344561,0.573439,1
0.329000,-1.049243,-0.070563,3.649559,1.344561,0.573461,1
0.330000,-1.049243,-0.070563,3.649559,1.344561,0.573482,1
0.331000,-1.049243,-0.070563,3.649559,1.344561,0.573503,1
0.332000,-1.046175,-0.070563,3.649559,1.344561,0.579660,1
0.333000,-1.046175,-0.070563,3.649559,1.344561,0.579681,1
0.334000,-1.046175,-0.070563,3.649559,1.344561,0.579702,1
0.335000,-1.030835,-0.064427,3.700473,1.329903,0.567912,1
0.336000,-1.030835,-0.064427,3.700473,1.329903,0.567931,1
0.337000,-1.030835,-0.064427,3.700473,1.329903,0.567951,1
0.338000,-1.003223,-0.055223,3.795074,1.384084,0.000000,1
0.339000,-1.003223,-0.055223,3.795074,1.384084,0.000000,1
0.340000,-1.003223,-0.055223,3.795074,1.384084,0.000000,1
0.341000,-1.003223,-0.055223,3.795074,1.384084,0.000000,1
0.342000,-1.003223,-0.055223,3.795074,1.384084,0.000000,1
0.343000,-1.003223,-0.055223,3.795074,1.384084,0.000000,1
0.344000,-1.003223,-0.055223,3.795074,1.384084,0.000000,1
0.345000,-1.000155,-0.052155,3.795074,1.384084,0.000000,1
0.346000,-1.000155,-0.052155,3.795074,1.384084,0.000000,1
0.347000,-1.000155,-0.052155,3.795074,1.384084,0.000000,1
0.348000,-0.981748,-0.046019,3.802162,1.384084,0.000000,1
0.349000,-0.981748,-0.046019,3.802162,1.384084,0.000000,1
0.350000,-0.981748,-0.046019,3.802162,1.384084,0.000000,1
0.351000,-0.969476,-0.042951,3.827311,1.379262,0.000000,1
0.352000,-0.969476,-0.042951,3.827311,1.379262,0.000000,1
0.353000,-0.969476,-0.042951,3.827311,1.379262,0.000000,1
0.354000,-0.969476,-0.042951,3.827311,1.379262,0.000000,1
0.355000,-0.969476,-0.042951,3.827311,1.379262,0.000000,1
0.356000,-0.969476,-0.042951,3.827311,1.379262,0.000000,1
0.357000,-0.957204,-0.039884,3.794585,1.379262,0.000000,1
0.358000,-0.935728,-0.030680,3.750755,1.252346,0.000000,1
0.359000,-0.923456,-0.027612,3.735832,1.252346,0.000000,1
0.360000,-0.923456,-0.027612,3.735832,1.252346,0.000000,1
0.361000,-0.923456,-0.027612,3.735832,1.252346,0.000000,1
0.362000,-0.923456,-0.027612,3.735832,1.252346,0.000000,1
0.363000,-0.920388,-0.027612,3.735832,1.252346,0.000000,1
0.364000,-0.920388,-0.027612,3.735832,1.252346,0.000000,1
0.365000,-0.920388,-0.027612,3.735832,1.252346,0.000000,1
0.366000,-0.920388,-0.027612,3.735832,1.252346,0.000000,1
0.367000,-0.895845,-0.018408,3.696169,1.136655,0.000000,1
0.368000,-0.889709,-0.018408,3.680572,1.136655,0.000000,1
0.369000,-0.886641,-0.018408,3.680572,1.136655,0.000000,1
0.370000,-0.883573,-0.015340,3.680572,1.136655,0.000000,1
0.371000,-0.880505,-0.015340,3.663830,1.136655,0.000000,1
0.372000,-0.877437,-0.015340,3.663830,1.136655,0.000000,1
0.373000,-0.877437,-0.015340,3.663830,1.136655,0.000000,1
0.374000,-0.877437,-0.015340,3.663830,1.136655,0.000000,1
0.375000,-0.877437,-0.015340,3.663830,1.136655,0.000000,1
0.376000,-0.877437,-0.015340,3.663830,1.136655,0.000000,1
0.377000,-0.874369,-0.012272,3.663830,1.136655,0.000000,1
0.378000,-0.855961,-0.009204,3.627802,1.040690,0.000000,1
0.379000,-0.849825,-0.006136,3.627802,1.038247,0.000000,1
0.380000,-0.849825,-0.006136,3.627802,1.038247,0.000000,1
0.381000,-0.849825,-0.006136,3.627802,1.038247,0.000000,1
0.382000,-0.849825,-0.006136,3.627802,1.038247,0.000000,1
0.383000,-0.849825,-0.006136,3.627802,1.038247,0.000000,1
0.384000,-0.849825,-0.006136,3.627802,1.038247,0.000000,1
0.385000,-0.828350,0.000000,3.600483,1.038247,0.000000,1
0.386000,-0.825282,0.000000,3.600483,1.038247,0.000000,1
0.387000,-0.822214,0.000000,3.600483,1.038247,0.000000,1
0.388000,-0.819146,0.003068,3.580872,1.038247,-0.494428,1
0.389000,-0.816078,0.003068,3.580872,1.038247,-0.488293,1
0.390000,-0.813010,0.003068,3.580872,1.025557,-0.456779,1
0.391000,-0.806874,0.006136,3.538453,0.964763,0.000000,1
0.392000,-0.806874,0.006136,3.538453,0.964763,0.000000,1
0.393000,-0.800738,0.006136,3.538453,0.964763,0.000000,1
0.394000,-0.797670,0.006136,3.538453,0.964763,0.000000,1
0.395000,-0.797670,0.006136,3.538453,0.964763,0.000000,1
0.396000,-0.797670,0.006136,3.538453,0.964763,0.000000,1
0.397000,-0.797670,0.006136,3.538453,0.964763,0.000000,1
0.398000,-0.776194,0.012272,3.469754,0.964763,-0.556770,1
0.399000,-0.776194,0.012272,3.469754,0.964763,-0.556773,1
0.400000,-0.776194,0.012272,3.469754,0.964763,-0.556777,1
0.401000,-0.773126,0.012272,3.469754,0.964763,-0.550645,1
0.402000,-0.773126,0.012272,3.469754,0.964763,-0.550649,1
0.403000,-0.773126,0.012272,3.469754,0.964763,-0.550652,1
0.404000,-0.773126,0.012272,3.469754,0.964763,-0.550656,1
0.405000,-0.760854,0.015340,3.448789,0.861579,0.000000,1
0.406000,-0.757787,0.018408,3.391757,0.846948,-0.485074,1
0.407000,-0.754719,0.018408,3.391757,0.846948,-0.478944,1
0.408000,-0.754719,0.018408,3.391757,0.846948,-0.478949,1
0.409000,-0.754719,0.018408,3.391757,0.846948,-0.478955,1
0.410000,-0.742447,0.021476,3.334225,0.846948,-0.573309,1
0.411000,-0.739379,0.021476,3.334225,0.846948,-0.567179,1
0.412000,-0.736311,0.021476,3.334225,0.846948,-0.561050,1
0.413000,-0.733243,0.021476,3.263102,0.846948,-0.626043,1
0.414000,-0.730175,0.021476,3.263102,0.846948,-0.619914,1
0.415000,-0.727107,0.024544,3.263102,0.846948,-0.675144,1
0.416000,-0.724039,0.024544,3.263102,0.846948,-0.669016,1
0.417000,-0.720971,0.024544,3.180803,0.846948,-0.745186,1
0.418000,-0.717903,0.024544,3.180803,0.846948,-0.739058,1
0.419000,-0.714835,0.024544,3.180803,0.846948,-0.732929,1
0.420000,-0.711767,0.027612,3.180803,0.831730,-0.757723,1
0.421000,-0.708699,0.027612,3.077911,0.778802,-0.748632,1
0.422000,-0.705631,0.027612,3.077911,0.732334,-0.649569,1
0.423000,-0.705631,0.027612,3.077911,0.732334,-0.649577,1
0.424000,-0.705631,0.027612,3.077911,0.732334,-0.649585,1
0.425000,-0.705631,0.027612,3.077911,0.732334,-0.649593,1
0.426000,-0.702563,0.027612,3.077911,0.691120,-0.561037,1
0.427000,-0.702563,0.027612,3.077911,0.691120,-0.561045,1
0.428000,-0.690291,0.027612,2.963876,0.539200,0.000000,1
0.429000,-0.687223,0.030680,2.963876,0.536225,0.000000,1
0.430000,-0.684155,0.030680,2.845691,0.536225,-0.508046,1
0.431000,-0.681087,0.030680,2.845691,0.536225,-0.501920,1
0.432000,-0.678020,0.030680,2.845691,0.536225,-0.495793,1
0.433000,-0.674952,0.030680,2.845691,0.536225,-0.489666,1
0.434000,-0.671884,0.030680,2.765989,0.536225,-0.563242,1
0.435000,-0.671884,0.030680,2.765989,0.536225,-0.563251,1
0.436000,-0.668816,0.030680,2.765989,0.536225,-0.557125,1
0.437000,-0.668816,0.030680,2.765989,0.536225,-0.557134,1
0.438000,-0.668816,0.030680,2.765989,0.536225,-0.557143,1
0.439000,-0.668816,0.030680,2.765989,0.536225,-0.557152,1
0.440000,-0.665748,0.030680,2.765989,0.536225,-0.551026,1
0.441000,-0.653476,0.030680,2.694987,0.536225,-0.597493,1
0.442000,-0.653476,0.030680,2.694987,0.536225,-0.597502,1
0.443000,-0.650408,0.030680,2.694987,0.536225,-0.591375,1
0.444000,-0.647340,0.030680,2.594158,0.536225,-0.686077,1
0.445000,-0.644272,0.030680,2.594158,0.536225,-0.679950,1
0.446000,-0.641204,0.030680,2.594158,0.536225,-0.673824,1
0.447000,-0.641204,0.030680,2.594158,0.536225,-0.673833,1
0.448000,-0.638136,0.030680,2.594158,0.536225,-0.667706,1
0.449000,-0.635068,0.030680,2.483439,0.536225,-0.772298,1
0.450000,-0.635068,0.030680,2.483439,0.536225,-0.772308,1
0.451000,-0.632000,0.030680,2.483439,0.536225,-0.766181,1
0.452000,-0.628932,0.030680,2.483439,0.514014,-0.715632,1
0.453000,-0.625864,0.030680,2.483439,0.493483,-0.668444,1
0.454000,-0.622796,0.030680,2.359523,0.474348,-0.747963,1
0.455000,-0.622796,0.030680,2.359523,0.456635,-0.712546,1
0.456000,-0.622796,0.030680,2.359523,0.456635,-0.712555,1
0.457000,-0.616660,0.030680,2.359523,0.425082,-0.637187,1
0.458000,-0.613592,0.030680,2.359523,0.410817,-0.602530,1
0.459000,-0.613592,0.030680,2.359523,0.410817,-0.602539,1
0.460000,-0.610524,0.030680,2.216507,0.385087,-0.687969,1
0.461000,-0.610524,0.030680,2.216507,0.373372,-0.664547,1
0.462000,-0.607456,0.027612,2.216507,-0.362298,1.474279,1
0.463000,-0.604388,0.027612,2.216507,-0.351942,1.459696,1
0.464000,-0.601320,0.027612,2.216507,-0.342163,1.446265,1
0.465000,-0.601320,0.027612,2.196080,-0.332852,1.407208,1
0.466000,-0.598253,0.027612,2.067640,-0.324003,1.267197,1
0.467000,-0.595185,0.027612,2.067640,-0.315716,1.256750,1
0.468000,-0.595185,0.027612,2.067640,-0.315716,1.256742,1
0.469000,-0.595185,0.027612,2.067640,-0.315716,1.256733,1
0.470000,-0.595185,0.027612,2.067640,-0.315716,1.256725,1
0.471000,-0.595185,0.027612,2.067640,-0.315716,1.256717,1
0.472000,-0.595185,0.027612,2.067640,-0.315716,1.256708,1
0.473000,-0.595185,0.027612,2.067640,-0.315716,1.256700,1
0.474000,-0.595185,0.027612,2.067640,-0.315716,1.256692,1
0.475000,-0.595185,0.027612,2.067640,-0.315716,1.256684,1
0.476000,-0.595185,0.027612,2.067640,-0.315716,1.256675,1
0.477000,-0.595185,0.027612,2.067640,-0.315716,1.256667,1
0.478000,-0.595185,0.027612,2.067640,-0.307771,1.240770,1
0.479000,-0.595185,0.027612,2.067640,-0.307771,1.240761,1
0.480000,-0.595185,0.027612,2.067640,-0.307771,1.240753,1
0.481000,-0.570641,0.027612,2.433468,-0.251112,1.542343,1
0.482000,-0.570641,0.027612,2.433468,-0.251112,1.542335,1
0.483000,-0.570641,0.027612,2.433468,-0.251112,1.542327,1
0.484000,-0.561437,0.027612,2.650388,-0.236612,1.748645,1
0.485000,-0.561437,0.027612,2.650388,-0.236612,1.748637,1
0.486000,-0.561437,0.027612,2.650388,-0.236612,1.748629,1
0.487000,-0.555301,0.030680,2.650388,-0.228323,1.682954,1
0.488000,-0.555301,0.030680,2.650388,-0.228323,1.682945,1
0.489000,-0.555301,0.030680,2.650388,-0.228323,1.682935,1
0.490000,-0.546097,0.030680,2.869349,-0.228323,1.920295,1
0.491000,-0.546097,0.030680,2.869349,-0.228323,1.920286,1
0.492000,-0.546097,0.030680,2.869349,-0.228323,1.920277,1
0.493000,-0.533825,0.033748,3.075394,-0.228323,2.089496,1
0.494000,-0.533825,0.033748,3.075394,-0.228323,2.089486,1
0.495000,-0.533825,0.033748,3.075394,-0.228323,2.089476,1
0.496000,-0.524621,0.036816,3.313991,-0.228323,2.285110,1
0.497000,-0.524621,0.036816,3.313991,-0.228323,2.285099,1
0.498000,-0.524621,0.036816,3.313991,-0.228323,2.285088,1
0.499000,-0.512350,0.039884,3.554381,-0.228323,2.488651,1
0.500000,-0.512350,0.039884,3.554381,-0.228323,2.488639,1
0.501000,-0.512350,0.039884,3.554381,-0.228323,2.488627,1
0.502000,-0.500078,0.046019,3.794259,0.914897,0.000000,1
0.503000,-0.500078,0.046019,3.794259,0.914897,0.000000,1
0.504000,-0.500078,0.046019,3.794259,0.914897,0.000000,1
0.505000,-0.487806,0.052155,4.028032,0.914897,0.479430,1
0.506000,-0.487806,0.052155,4.028032,0.914897,0.479415,1
0.507000,-0.487806,0.052155,4.028032,0.914897,0.479399,1
0.508000,-0.475534,0.055223,4.281167,1.672382,-1.419267,1
0.509000,-0.475534,0.055223,4.281167,1.672382,-1.419284,1
0.510000,-0.475534,0.055223,4.281167,1.672382,-1.419301,1
0.511000,-0.475534,0.055223,4.281167,1.672382,-1.419317,1
0.512000,-0.475534,0.055223,4.281167,1.672382,-1.419334,1
0.513000,-0.463262,0.064427,4.444644,1.672382,-1.415410,1
0.514000,-0.426447,0.088971,4.456930,3.125789,-4.727207,1
0.515000,-0.426447,0.088971,4.456930,3.125789,-4.727234,1
0.516000,-0.426447,0.088971,4.456930,3.125789,-4.727261,1
0.517000,-0.426447,0.088971,4.456930,3.125789,-4.727287,1
0.518000,-0.426447,0.088971,4.456930,3.125789,-4.727314,1
0.519000,-0.426447,0.088971,4.456930,3.125789,-4.727341,1
0.520000,-0.423379,0.092039,4.456930,2.555681,-3.642376,1
0.521000,-0.423379,0.092039,4.456930,2.555681,-3.642403,1
0.522000,-0.423379,0.092039,4.456930,2.555681,-3.642431,1
0.523000,-0.411107,0.098175,4.410323,2.555681,-3.787242,1
0.524000,-0.398835,0.104311,3.812711,2.451298,-4.274295,1
0.525000,-0.395767,0.104311,3.812711,2.451298,-4.268190,1
0.526000,-0.395767,0.104311,3.812711,2.451298,-4.268222,1
0.527000,-0.395767,0.104311,3.812711,2.451298,-4.268253,1
0.528000,-0.395767,0.104311,3.812711,2.451298,-4.268284,1
0.529000,-0.395767,0.104311,3.812711,2.451298,-4.268315,1
0.530000,-0.392699,0.107379,3.812711,2.451298,-4.323571,1
0.531000,-0.392699,0.107379,3.812711,2.451298,-4.323603,1
0.532000,-0.392699,0.107379,3.812711,2.451298,-4.323635,1
0.533000,-0.374291,0.110447,2.640171,1.021370,-2.660896,1
0.534000,-0.374291,0.110447,2.640171,0.942957,-2.504102,1
0.535000,-0.374291,0.110447,2.640171,0.942957,-2.504135,1
0.536000,-0.374291,0.110447,2.640171,0.942957,-2.504168,1
0.537000,-0.374291,0.110447,2.640171,0.942957,-2.504201,1
0.538000,-0.371223,0.110447,2.640171,0.875424,-2.363034,1
0.539000,-0.371223,0.110447,2.640171,0.875424,-2.363067,1
0.540000,-0.368155,0.107379,1.442302,0.779206,-3.301037,1
0.541000,-0.368155,0.104311,1.166915,0.779206,-3.515096,1
0.542000,-0.365087,0.104311,1.683836,0.779206,-2.992070,1
0.543000,-0.365087,0.104311,1.683836,0.779206,-2.992101,1
0.544000,-0.365087,0.101243,1.683836,0.779206,-2.930772,1
0.545000,-0.365087,0.101243,1.683836,0.779206,-2.930803,1
0.546000,-0.365087,0.098175,1.683836,0.779206,-2.869473,1
0.547000,-0.365087,0.095107,1.683836,-1.197036,1.744342,1
0.548000,-0.365087,0.095107,1.683836,-1.197036,1.744313,1
0.549000,-0.365087,0.095107,1.683836,-1.197036,1.744285,1
0.550000,-0.365087,0.095107,1.683836,-1.197036,1.744256,1
0.551000,-0.362019,0.095107,1.683836,-1.197036,1.750364,1
0.552000,-0.362019,0.095107,1.683836,-1.197036,1.750335,1
0.553000,-0.362019,0.095107,1.683836,-1.197036,1.750307,1
0.554000,-0.362019,0.088971,1.378930,-1.197036,1.568092,1
0.555000,-0.362019,0.088971,1.378930,-1.197036,1.568065,1
0.556000,-0.362019,0.088971,1.378930,-1.197036,1.568039,1
0.557000,-0.362019,0.088971,1.378930,-1.197036,1.568012,1
0.558000,-0.362019,0.088971,1.378930,-1.197036,1.567985,1
0.559000,-0.362019,0.088971,1.378930,-1.197036,1.567959,1
0.560000,-0.362019,0.082835,1.031335,-2.133322,3.215630,1
0.561000,-0.355884,0.073631,0.616779,-1.486118,1.702993,1
0.562000,-0.352816,0.073631,0.615520,-1.325486,1.386584,1
0.563000,-0.352816,0.073631,0.615520,-1.195923,1.127435,1
0.564000,-0.352816,0.073631,0.615520,-1.195923,1.127413,1
0.565000,-0.352816,0.073631,0.615520,-1.195923,1.127391,1
0.566000,-0.352816,0.073631,0.615520,-1.195923,1.127369,1
0.567000,-0.352816,0.073631,0.615520,-1.195923,1.127347,1
0.568000,-0.352816,0.073631,0.615520,-1.195923,1.127325,1
0.569000,-0.352816,0.073631,0.615520,-1.089404,0.914265,1
0.570000,-0.343612,0.070563,0.615520,-0.824023,0.463249,1
0.571000,-0.340544,0.070563,1.053523,2.978624,-6.000000,1
0.572000,-0.331340,0.073631,1.053523,1.691518,-4.766689,1
0.573000,-0.328272,0.076699,1.400640,1.246915,-3.585613,1
0.574000,-0.328272,0.076699,1.400640,1.246915,-3.585636,1
0.575000,-0.328272,0.076699,1.400640,1.246915,-3.585659,1
0.576000,-0.328272,0.076699,1.400640,1.246915,-3.585682,1
0.577000,-0.328272,0.076699,1.400640,1.246915,-3.585705,1
0.578000,-0.328272,0.076699,1.400640,1.246915,-3.585728,1
0.579000,-0.328272,0.076699,1.400640,1.246915,-3.585751,1
0.580000,-0.328272,0.076699,1.400640,1.246915,-3.585774,1
0.581000,-0.328272,0.076699,1.400640,1.246915,-3.585797,1
0.582000,-0.328272,0.076699,1.400640,1.246915,-3.585820,1
0.583000,-0.328272,0.076699,1.400640,1.246915,-3.585843,1
0.584000,-0.328272,0.076699,1.400640,1.246915,-3.585866,1
0.585000,-0.328272,0.076699,1.400640,1.246915,-3.585889,1
0.586000,-0.328272,0.076699,1.400640,1.246915,-3.585912,1
0.587000,-0.328272,0.076699,1.400640,1.246915,-3.585935,1
0.588000,-0.328272,0.076699,1.400640,1.246915,-3.585958,1
0.589000,-0.328272,0.076699,1.400640,1.246915,-3.585981,1
0.590000,-0.328272,0.076699,1.400640,1.246915,-3.586004,1
0.591000,-0.328272,0.076699,1.400640,1.246915,-3.586027,1
0.592000,-0.328272,0.073631,1.400640,1.246915,-3.524690,1
0.593000,-0.328272,0.067495,1.209065,-1.866811,3.233887,1
0.594000,-0.331340,0.067495,-1.100471,-1.866811,0.918194,1
0.595000,-0.331340,0.067495,-1.100471,-1.866811,0.918173,1
0.596000,-0.331340,0.067495,-1.100471,-1.866811,0.918153,1
0.597000,-0.331340,0.067495,-1.100471,-1.866811,0.918133,1
0.598000,-0.331340,0.067495,-1.100471,-1.866811,0.918113,1
0.599000,-0.331340,0.067495,-1.100471,-1.866811,0.918092,1
0.600000,-0.331340,0.067495,-1.100471,-1.866811,0.918072,1
0.601000,-0.331340,0.067495,-1.100471,-1.866811,0.918052,1
0.602000,-0.331340,0.067495,-1.100471,-1.866811,0.918032,1
0.603000,-0.331340,0.064427,-1.009636,-1.866811,1.070207,1
0.604000,-0.331340,0.064427,-1.009636,-1.866811,1.070187,1
0.605000,-0.337476,0.039884,-0.764805,-2.242082,2.544149,1
0.606000,-0.337476,0.036816,-0.764805,-1.895851,1.913037,1
0.607000,-0.337476,0.033748,-0.764805,-1.644156,1.470996,1
0.608000,-0.334408,0.024544,-0.764805,-1.530664,1.434219,1
0.609000,-0.334408,0.024544,-0.764805,-1.530664,1.434211,1
0.610000,-0.334408,0.024544,-0.764805,-1.530664,1.434204,1
0.611000,-0.334408,0.024544,-0.764805,-1.361425,1.095718,1
0.612000,-0.331340,0.021476,0.701007,-1.115370,2.136909,1
0.613000,-0.331340,0.021476,0.701007,-1.115370,2.136903,1
0.614000,-0.331340,0.021476,0.701007,-1.115370,2.136897,1
0.615000,-0.331340,0.021476,0.701007,-1.115370,2.136890,1
0.616000,-0.331340,0.021476,0.701007,-1.115370,2.136884,1
0.617000,-0.331340,0.021476,0.701007,-1.115370,2.136877,1
0.618000,-0.331340,0.021476,0.701007,-1.115370,2.136871,1
0.619000,-0.331340,0.021476,0.701007,-1.115370,2.136864,1
0.620000,-0.331340,0.021476,0.628868,-1.115370,2.064718,1
0.621000,-0.331340,0.021476,0.598127,-1.115370,2.033971,1
0.622000,-0.322136,0.018408,0.561340,-1.115370,2.076946,1
0.623000,-0.319068,0.018408,0.561340,-0.943198,1.738732,1
0.624000,-0.316000,0.021476,0.835420,0.766086,-2.060986,1
0.625000,-0.312932,0.027612,0.835420,0.645413,-1.936231,1
0.626000,-0.306796,0.030680,0.835420,0.597119,-1.888740,1
0.627000,-0.303728,0.030680,1.276882,-4.028730,6.000000,1
0.628000,-0.300660,0.027612,1.276882,-2.783117,5.986808,1
0.629000,-0.294524,0.030680,1.276882,-7.580868,6.000000,1
0.630000,-0.294524,0.030680,1.276882,-7.580868,6.000000,1
0.631000,-0.294524,0.030680,1.276882,-7.580868,6.000000,1
0.632000,-0.294524,0.030680,1.276882,-7.580868,6.000000,1
0.633000,-0.294524,0.030680,1.276882,-7.580868,6.000000,1
0.634000,-0.294524,0.030680,1.276882,-7.580868,6.000000,1
0.635000,-0.294524,0.030680,1.276882,-7.580868,6.000000,1
0.636000,-0.294524,0.030680,1.276882,-7.580868,6.000000,1
0.637000,-0.294524,0.030680,1.276882,-7.580868,6.000000,1
0.638000,-0.294524,0.030680,1.276882,-7.580868,6.000000,1
0.639000,-0.294524,0.030680,1.276882,-7.580868,6.000000,1
0.640000,-0.294524,0.030680,1.276882,-7.580868,6.000000,1
0.641000,-0.294524,0.030680,1.276882,-7.580868,6.000000,1
0.642000,-0.294524,0.030680,1.276882,-7.580868,6.000000,1
0.643000,-0.294524,0.030680,1.276882,-7.580868,6.000000,1
0.644000,-0.294524,0.030680,1.276882,-7.580868,6.000000,1
0.645000,-0.294524,0.030680,1.276882,-7.580868,6.000000,1
0.646000,-0.294524,0.030680,1.276882,-7.580868,6.000000,1
0.647000,-0.294524,0.030680,1.276882,-7.580868,6.000000,1
0.648000,-0.294524,0.030680,1.276882,-7.580868,6.000000,1
0.649000,-0.294524,0.030680,1.276882,-7.580868,6.000000,1
0.650000,-0.291456,0.033748,1.386323,7.337183,-6.000000,1
0.651000,-0.288388,0.033748,1.386323,4.588988,-6.000000,1
0.652000,-0.288388,0.039884,1.386323,3.341387,-6.000000,1
0.653000,-0.288388,0.042951,1.386323,3.075726,-6.000000,1
0.654000,-0.285320,0.039884,1.386323,3.075726,-6.000000,1
0.655000,-0.285320,0.042951,1.386323,-4.903944,6.000000,1
0.656000,-0.282252,0.042951,1.386323,-4.903944,6.000000,1
0.657000,-0.282252,0.042951,1.386323,-4.903944,6.000000,1
0.658000,-0.282252,0.042951,1.386323,-4.903944,6.000000,1
0.659000,-0.282252,0.042951,1.386323,-4.903944,6.000000,1
0.660000,-0.269981,0.042951,1.667748,-3.639652,6.000000,1
0.661000,-0.269981,0.042951,1.667748,-3.639652,6.000000,1
0.662000,-0.269981,0.042951,1.667748,-3.639652,6.000000,1
0.663000,-0.266913,0.046019,2.448154,-3.639652,6.000000,1
0.664000,-0.266913,0.046019,2.448154,-3.639652,6.000000,1
0.665000,-0.266913,0.046019,2.448154,-3.639652,6.000000,1
0.666000,-0.266913,0.046019,2.448154,-3.639652,6.000000,1
0.667000,-0.245437,0.061359,3.061498,1.799937,-2.559616,1
0.668000,-0.245437,0.061359,3.061498,1.799937,-2.559635,1
0.669000,-0.245437,0.061359,3.061498,1.799937,-2.559653,1
0.670000,-0.245437,0.061359,3.061498,1.799937,-2.559671,1
0.671000,-0.242369,0.064427,3.967726,1.799937,-1.708686,1
0.672000,-0.233165,0.076699,3.967726,3.646758,-5.629380,1
0.673000,-0.233165,0.076699,3.967726,3.646758,-5.629403,1
0.674000,-0.233165,0.076699,3.967726,3.646758,-5.629426,1
0.675000,-0.230097,0.079767,3.925194,5.840916,-6.000000,1
0.676000,-0.230097,0.079767,3.925194,5.840916,-6.000000,1
0.677000,-0.230097,0.079767,3.925194,5.840916,-6.000000,1
0.678000,-0.217825,0.088971,4.012210,3.482610,-5.471502,1
0.679000,-0.217825,0.088971,4.012210,3.482610,-5.471528,1
0.680000,-0.217825,0.088971,4.012210,3.482610,-5.471555,1
0.681000,-0.205553,0.098175,3.748225,2.963488,-4.856860,1
0.682000,-0.205553,0.098175,3.748225,2.963488,-4.856890,1
0.683000,-0.205553,0.098175,3.748225,2.963488,-4.856919,1
0.684000,-0.199418,0.104311,3.748225,2.950091,-4.940602,1
0.685000,-0.199418,0.104311,3.748225,2.950091,-4.940634,1
0.686000,-0.199418,0.104311,3.748225,2.950091,-4.940665,1
0.687000,-0.193282,0.110447,2.978021,2.903710,-5.728588,1
0.688000,-0.193282,0.110447,2.978021,2.903710,-5.728621,1
0.689000,-0.193282,0.110447,2.978021,2.903710,-5.728654,1
0.690000,-0.187146,0.113515,2.952871,1.698287,-3.392079,1
0.691000,-0.187146,0.113515,2.952871,1.698287,-3.392113,1
0.692000,-0.187146,0.113515,2.952871,1.698287,-3.392147,1
0.693000,-0.187146,0.113515,1.715213,1.200202,-3.633669,1
0.694000,-0.187146,0.113515,1.715213,1.200202,-3.633703,1
0.695000,-0.187146,0.113515,1.715213,1.200202,-3.633737,1
0.696000,-0.187146,0.110447,0.932715,-0.756250,0.000000,1
0.697000,-0.187146,0.107379,0.866570,-0.718582,-0.522159,1
0.698000,-0.187146,0.107379,0.866570,-0.718582,-0.522191,1
0.699000,-0.187146,0.107379,0.809655,-0.718582,-0.579138,1
0.700000,-0.187146,0.107379,0.809655,-0.718582,-0.579170,1
0.701000,-0.187146,0.107379,0.809655,-0.718582,-0.579202,1
0.702000,-0.187146,0.107379,0.809655,-0.718582,-0.579234,1
0.703000,-0.187146,0.107379,0.809655,-0.718582,-0.579266,1
0.704000,-0.187146,0.107379,0.809655,-0.718582,-0.579299,1
0.705000,-0.190214,0.104311,1.838395,-0.718582,1.104633,1
0.706000,-0.190214,0.104311,1.838395,-0.718582,1.104601,1
0.707000,-0.190214,0.104311,1.838395,-0.718582,1.104570,1
0.708000,-0.193282,0.098175,1.838395,-0.718582,1.221123,1
0.709000,-0.196350,0.095107,-1.270975,-1.321292,-1.227633,1
0.710000,-0.196350,0.092039,-1.152442,-1.321292,-1.047768,1
0.711000,-0.199418,0.092039,-1.052962,-1.321292,-0.954451,1
0.712000,-0.199418,0.092039,-1.052962,-1.321292,-0.954479,1
0.713000,-0.199418,0.092039,-1.052962,-1.321292,-0.954507,1
0.714000,-0.202485,0.085903,-0.649991,-1.321292,0.000000,1
0.715000,-0.202485,0.085903,-0.649991,-1.243924,-0.589740,1
0.716000,-0.202485,0.082835,-0.649991,-1.194009,-0.628235,1
0.717000,-0.202485,0.082835,-0.649991,-1.194009,-0.628260,1
0.718000,-0.202485,0.082835,-0.649991,-1.194009,-0.628285,1
0.719000,-0.202485,0.082835,-0.649991,-1.194009,-0.628310,1
0.720000,-0.205553,0.079767,-0.649991,-1.194009,-0.573110,1
0.721000,-0.205553,0.079767,-0.649991,-1.194009,-0.573134,1
0.722000,-0.205553,0.079767,-0.649991,-1.194009,-0.573158,1
0.723000,-0.205553,0.079767,-0.649991,-1.194009,-0.573182,1
0.724000,-0.205553,0.079767,-0.649991,-1.194009,-0.573206,1
0.725000,-0.208621,0.076699,-0.649991,-1.194009,-0.518006,1
0.726000,-0.208621,0.076699,-0.649991,-1.194009,-0.518029,1
0.727000,-0.208621,0.076699,-0.649991,-1.194009,-0.518052,1
0.728000,-0.208621,0.073631,-0.649991,-1.194009,-0.456714,1
0.729000,-0.208621,0.073631,-0.649991,-1.194009,-0.456737,1
0.730000,-0.208621,0.073631,-0.649991,-1.194009,-0.456759,1
0.731000,-0.208621,0.073631,-0.649991,-1.194009,-0.456781,1
0.732000,-0.208621,0.073631,-0.649991,-1.194009,-0.456803,1
0.733000,-0.208621,0.073631,-0.649991,-1.194009,-0.456825,1
0.734000,-0.211689,0.070563,-0.649991,-1.141951,-0.505740,1
0.735000,-0.211689,0.070563,-0.649991,-1.141951,-0.505761,1
0.736000,-0.211689,0.070563,-0.649991,-1.141951,-0.505783,1
0.737000,-0.211689,0.070563,-0.649991,-1.141951,-0.505804,1
0.738000,-0.211689,0.070563,-0.649991,-1.141951,-0.505825,1
0.739000,-0.211689,0.070563,-0.649991,-1.141951,-0.505846,1
0.740000,-0.217825,0.064427,-0.733032,-1.141951,-0.478460,1
0.741000,-0.217825,0.064427,-0.733032,-1.141951,-0.478479,1
0.742000,-0.217825,0.064427,-0.733032,-1.141951,-0.478499,1
0.743000,-0.227029,0.052155,-0.837293,-1.230876,0.000000,1
0.744000,-0.227029,0.052155,-0.837293,-1.230876,0.000000,1
0.745000,-0.227029,0.052155,-0.837293,-1.230876,0.000000,1
0.746000,-0.227029,0.052155,-0.837293,-1.230876,0.000000,1
0.747000,-0.227029,0.052155,-0.837293,-1.230876,0.000000,1
0.748000,-0.227029,0.052155,-0.837293,-1.230876,0.000000,1
0.749000,-0.227029,0.052155,-0.837293,-1.230876,0.000000,1
0.750000,-0.230097,0.049087,-0.837293,-1.230876,0.477218,1
0.751000,-0.230097,0.049087,-0.837293,-1.230876,0.477203,1
0.752000,-0.230097,0.049087,-0.837293,-1.230876,0.477189,1
0.753000,-0.239301,0.039884,-1.095589,-1.199765,0.000000,1
0.754000,-0.239301,0.039884,-1.095589,-1.199765,0.000000,1
0.755000,-0.239301,0.036816,-1.095589,-1.199765,0.000000,1
0.756000,-0.242369,0.036816,-1.095589,-1.199765,0.000000,1
0.757000,-0.242369,0.036816,-1.095589,-1.153712,0.000000,1
0.758000,-0.242369,0.033748,-1.095589,-1.077729,0.000000,1
0.759000,-0.245437,0.033748,-1.095589,-1.077729,0.000000,1
0.760000,-0.245437,0.033748,-1.095589,-1.077729,0.000000,1
0.761000,-0.248505,0.030680,-1.095589,-1.077729,0.000000,1
0.762000,-0.248505,0.027612,-1.095589,-1.077729,0.000000,1
0.763000,-0.248505,0.027612,-1.095589,-1.077729,0.000000,1
0.764000,-0.251573,0.027612,-1.159972,-1.077729,0.000000,1
0.765000,-0.251573,0.024544,-1.159972,-1.077729,0.000000,1
0.766000,-0.251573,0.024544,-1.159972,-1.077729,0.000000,1
0.767000,-0.254641,0.024544,-1.159972,-1.077729,0.000000,1
0.768000,-0.254641,0.024544,-1.159972,-1.077729,0.000000,1
0.769000,-0.254641,0.024544,-1.159972,-1.077729,0.000000,1
0.770000,-0.254641,0.024544,-1.159972,-1.077729,0.000000,1
0.771000,-0.254641,0.024544,-1.159972,-1.077729,0.000000,1
0.772000,-0.254641,0.024544,-1.159972,-1.077729,0.000000,1
0.773000,-0.254641,0.024544,-1.159972,-1.077729,0.000000,1
0.774000,-0.260777,0.018408,-1.143306,-0.885967,-0.566601,1
0.775000,-0.260777,0.018408,-1.046489,-0.885967,-0.469791,1
0.776000,-0.263845,0.015340,-1.097141,-0.885967,-0.465224,1
0.777000,-0.263845,0.015340,-1.097141,-0.885967,-0.465229,1
0.778000,-0.263845,0.015340,-1.097141,-0.885967,-0.465233,1
0.779000,-0.263845,0.015340,-1.097141,-0.885967,-0.465238,1
0.780000,-0.263845,0.015340,-1.097141,-0.885967,-0.465242,1
0.781000,-0.263845,0.015340,-1.097141,-0.885967,-0.465247,1
0.782000,-0.263845,0.015340,-1.097141,-0.885967,-0.465252,1
0.783000,-0.263845,0.015340,-1.097141,-0.885967,-0.465256,1
0.784000,-0.263845,0.015340,-1.097141,-0.885967,-0.465261,1
0.785000,-0.263845,0.015340,-1.097141,-0.885967,-0.465265,1
0.786000,-0.263845,0.015340,-1.097141,-0.885967,-0.465270,1
0.787000,-0.269981,0.009204,-1.097141,-0.885967,0.000000,1
0.788000,-0.269981,0.009204,-1.097141,-0.885967,0.000000,1
0.789000,-0.269981,0.009204,-1.097141,-0.885967,0.000000,1
0.790000,-0.269981,0.009204,-1.097141,-0.885967,0.000000,1
0.791000,-0.269981,0.009204,-1.097141,-0.885967,0.000000,1
0.792000,-0.269981,0.009204,-1.097141,-0.885967,0.000000,1
0.793000,-0.273049,0.006136,-1.097141,-0.898304,0.000000,1
0.794000,-0.273049,0.006136,-1.097141,-0.898304,0.000000,1
0.795000,-0.273049,0.006136,-1.097141,-0.898304,0.000000,1
0.796000,-0.279185,0.000000,-0.962945,-0.898304,0.569696,1
0.797000,-0.282252,-0.003068,-0.962945,-0.898304,0.624920,1
0.798000,-0.282252,-0.003068,-0.962945,-0.898304,0.624921,1
0.799000,-0.282252,-0.003068,-0.962945,-0.898304,0.624922,1
0.800000,-0.282252,-0.003068,-0.962945,-0.898304,0.624923,1
0.801000,-0.282252,-0.003068,-0.962945,-0.898304,0.624924,1
0.802000,-0.288388,-0.009204,-0.984744,-1.056560,1.030087,1
0.803000,-0.288388,-0.009204,-0.984744,-1.056560,1.030090,1
0.804000,-0.291456,-0.012272,-0.984744,-1.056560,1.085317,1
0.805000,-0.291456,-0.012272,-0.984744,-1.056560,1.085320,1
0.806000,-0.291456,-0.012272,-0.984744,-1.056560,1.085324,1
0.807000,-0.291456,-0.015340,-0.984744,-1.056560,1.146688,1
0.808000,-0.291456,-0.015340,-0.984744,-1.056560,1.146692,1
0.809000,-0.291456,-0.015340,-0.984744,-1.056560,1.146697,1
0.810000,-0.291456,-0.015340,-0.984744,-1.056560,1.146702,1
0.811000,-0.294524,-0.015340,-0.984744,-1.056560,1.140570,1
0.812000,-0.294524,-0.015340,-0.984744,-1.056560,1.140575,1
0.813000,-0.297592,-0.018408,-0.834150,-0.875706,0.984689,1
0.814000,-0.297592,-0.018408,-0.692938,-0.875706,1.125907,1
0.815000,-0.297592,-0.018408,-0.692938,-0.875706,1.125912,1
0.816000,-0.297592,-0.018408,-0.692938,-0.875706,1.125918,1
0.817000,-0.297592,-0.018408,-0.692938,-0.875706,1.125923,1
0.818000,-0.297592,-0.018408,-0.692938,-0.875706,1.125929,1
0.819000,-0.297592,-0.018408,-0.692938,-0.875706,1.125934,1
0.820000,-0.297592,-0.018408,-0.692938,-0.875706,1.125940,1
0.821000,-0.297592,-0.018408,-0.692938,-0.875706,1.125945,1
0.822000,-0.297592,-0.018408,-0.692938,-0.875706,1.125951,1
0.823000,-0.297592,-0.018408,-0.692938,-0.875706,1.125957,1
0.824000,-0.297592,-0.018408,-0.692938,-0.875706,1.125962,1
0.825000,-0.300660,-0.018408,-0.906118,-0.875706,0.906652,1
0.826000,-0.300660,-0.018408,-0.906118,-0.875706,0.906657,1
0.827000,-0.300660,-0.018408,-0.906118,-0.875706,0.906663,1
0.828000,-0.300660,-0.018408,-0.906118,0.717150,-2.879045,1
0.829000,-0.300660,-0.018408,-0.906118,0.677476,-2.799692,1
0.830000,-0.300660,-0.018408,-0.906118,0.642217,-2.729167,1
0.831000,-0.300660,-0.018408,-0.906118,0.613180,-2.671088,1
0.832000,-0.300660,-0.018408,-0.906118,0.613180,-2.671083,1
0.833000,-0.303728,-0.018408,-0.883827,0.613180,-2.654922,1
0.834000,-0.303728,-0.018408,-0.824435,0.613180,-2.595525,1
0.835000,-0.303728,-0.018408,-0.772522,0.613180,-2.543606,1
0.836000,-0.303728,-0.018408,-0.726893,0.613180,-2.497972,1
0.837000,-0.303728,-0.018408,-0.686016,0.613180,-2.457089,1
0.838000,-0.306796,-0.018408,-0.649883,0.613180,-2.427087,1
0.839000,-0.316000,-0.027612,-0.422307,0.613180,-2.033833,1
0.840000,-0.316000,-0.027612,-0.422307,0.613180,-2.033824,1
0.841000,-0.316000,-0.027612,-0.422307,0.613180,-2.033816,1
0.842000,-0.316000,-0.027612,-0.422307,0.613180,-2.033808,1
0.843000,-0.316000,-0.027612,-0.422307,0.613180,-2.033800,1
0.844000,-0.316000,-0.027612,-0.422307,0.613180,-2.033791,1
0.845000,-0.316000,-0.027612,-0.422307,0.613180,-2.033783,1
0.846000,-0.319068,-0.030680,-0.422307,-0.829535,1.506880,1
0.847000,-0.319068,-0.030680,-0.422307,-0.829535,1.506890,1
0.848000,-0.322136,-0.036816,-0.422307,-0.829535,1.623483,1
0.849000,-0.322136,-0.036816,-0.422307,-0.829535,1.623494,1
0.850000,-0.325204,-0.039884,-1.359431,-0.829535,0.741606,1
0.851000,-0.325204,-0.039884,-1.359431,-0.829535,0.741618,1
0.852000,-0.331340,-0.046019,-1.359431,-2.553782,4.300572,1
0.853000,-0.331340,-0.046019,-1.359431,-2.553782,4.300586,1
0.854000,-0.331340,-0.046019,-1.359431,-2.553782,4.300600,1
0.855000,-0.331340,-0.046019,-1.359431,-2.553782,4.300614,1
0.856000,-0.331340,-0.049087,-1.359431,-2.235479,3.725380,1
0.857000,-0.334408,-0.052155,-1.359431,-1.636689,2.583040,1
0.858000,-0.334408,-0.052155,-1.359431,-1.636689,2.583055,1
0.859000,-0.334408,-0.052155,-1.352176,-1.445187,2.207322,1
0.860000,-0.334408,-0.055223,-1.217326,-1.419285,2.351744,1
0.861000,-0.334408,-0.055223,-1.217326,-1.419285,2.351760,1
0.862000,-0.337476,-0.055223,-1.504364,-1.419285,2.058603,1
0.863000,-0.337476,-0.055223,-1.504364,-1.419285,2.058620,1
0.864000,-0.337476,-0.055223,-1.504364,-1.419285,2.058636,1
0.865000,-0.337476,-0.055223,-1.504364,-1.419285,2.058653,1
0.866000,-0.337476,-0.055223,-1.504364,-1.419285,2.058670,1
0.867000,-0.337476,-0.055223,-1.504364,-1.419285,2.058686,1
0.868000,-0.337476,-0.058291,-1.496128,-1.245760,1.781249,1
0.869000,-0.337476,-0.058291,-1.496128,-1.245760,1.781267,1
0.870000,-0.337476,-0.058291,-1.496128,-1.245760,1.781284,1
0.871000,-0.337476,-0.058291,-1.496128,-1.245760,1.781302,1
0.872000,-0.337476,-0.058291,-1.096061,-0.955394,1.600653,1
0.873000,-0.334408,-0.058291,1.006816,-0.886870,3.572637,1
0.874000,-0.334408,-0.055223,0.929792,-0.826555,3.313640,1
0.875000,-0.334408,-0.055223,0.864543,-0.774587,3.144472,1
0.876000,-0.331340,-0.055223,0.674429,-0.618404,2.648143,1
0.877000,-0.331340,-0.055223,0.674429,-0.618404,2.648160,1
0.878000,-0.325204,-0.049087,0.664872,0.537153,0.000000,1
0.879000,-0.325204,-0.049087,0.664872,0.537153,0.000000,1
0.880000,-0.322136,-0.046019,0.664872,0.505840,0.000000,1
0.881000,-0.322136,-0.046019,0.664872,0.505840,0.000000,1
0.882000,-0.322136,-0.046019,0.664872,0.505840,0.000000,1
0.883000,-0.322136,-0.046019,0.664872,0.505840,0.000000,1
0.884000,-0.316000,-0.039884,1.104632,0.505840,0.553855,1
0.885000,-0.316000,-0.039884,1.104632,0.505840,0.553867,1
0.886000,-0.309864,-0.030680,1.104632,2.012763,-3.231776,1
0.887000,-0.309864,-0.030680,1.104632,2.012763,-3.231767,1
0.888000,-0.303728,-0.021476,1.828673,3.106556,-4.867111,1
0.889000,-0.303728,-0.021476,1.828673,3.106556,-4.867104,1
0.890000,-0.297592,-0.015340,1.828673,3.106556,-4.977546,1
0.891000,-0.297592,-0.015340,1.828673,3.106556,-4.977542,1
0.892000,-0.297592,-0.015340,1.828673,3.106556,-4.977537,1
0.893000,-0.297592,-0.015340,1.828673,3.106556,-4.977532,1
0.894000,-0.297592,-0.015340,1.828673,3.106556,-4.977528,1
0.895000,-0.297592,-0.015340,1.828673,3.106556,-4.977523,1
0.896000,-0.297592,-0.015340,1.828673,3.106556,-4.977519,1
0.897000,-0.297592,-0.015340,1.828673,3.106556,-4.977514,1
0.898000,-0.297592,-0.015340,1.828673,3.106556,-4.977509,1
0.899000,-0.297592,-0.015340,1.828673,3.106556,-4.977505,1
0.900000,-0.297592,-0.015340,1.828673,3.106556,-4.977500,1
0.901000,-0.297592,-0.015340,1.828673,3.106556,-4.977496,1
0.902000,-0.297592,-0.015340,1.828673,3.106556,-4.977491,1
0.903000,-0.291456,-0.006136,2.082666,2.290058,-3.262306,1
0.904000,-0.288388,0.000000,2.082666,2.290058,-3.378888,1
0.905000,-0.288388,0.000000,2.082666,2.290058,-3.378888,1
0.906000,-0.285320,0.003068,1.943636,1.950699,-2.894425,1
0.907000,-0.285320,0.003068,1.943636,1.950699,-2.894426,1
0.908000,-0.285320,0.003068,1.677163,1.950699,-3.160900,1
0.909000,-0.285320,0.003068,1.677163,1.950699,-3.160900,1
0.910000,-0.285320,0.003068,1.677163,1.950699,-3.160901,1
0.911000,-0.285320,0.003068,1.476081,1.950699,-3.361985,1
0.912000,-0.282252,0.006136,0.996862,1.780557,-3.556144,1
0.913000,-0.282252,0.006136,0.996862,1.780557,-3.556146,1
0.914000,-0.282252,0.006136,0.857322,1.379505,-2.893584,1
0.915000,-0.282252,0.006136,0.801636,1.240813,-2.671888,1
0.916000,-0.282252,0.006136,0.801636,1.240813,-2.671890,1
0.917000,-0.285320,0.003068,-0.670038,-0.951542,0.896367,1
0.918000,-0.285320,0.003068,-0.670038,-0.951542,0.896366,1
0.919000,-0.288388,-0.003068,-1.508151,-0.685896,-0.956454,1
0.920000,-0.288388,-0.003068,-1.508151,-0.685896,-0.956453,1
0.921000,-0.288388,-0.003068,-1.508151,-0.685896,-0.956452,1
0.922000,-0.288388,-0.003068,-1.508151,-0.685896,-0.956451,1
0.923000,-0.288388,-0.003068,-1.508151,-0.685896,-0.956450,1
0.924000,-0.288388,-0.003068,-1.508151,-0.685896,-0.956449,1
0.925000,-0.288388,-0.003068,-1.508151,-0.685896,-0.956448,1
0.926000,-0.288388,-0.003068,-1.508151,-0.685896,-0.956447,1
0.927000,-0.288388,-0.003068,-1.508151,-0.685896,-0.956446,1
0.928000,-0.288388,-0.003068,-1.508151,-0.685896,-0.956445,1
0.929000,-0.288388,-0.003068,-1.508151,-0.685896,-0.956444,1
0.930000,-0.288388,-0.003068,-1.508151,-0.685896,-0.956443,1
0.931000,-0.300660,-0.021476,-0.553334,-2.364600,4.299399,1
0.932000,-0.300660,-0.021476,-0.553334,-2.364600,4.299406,1
0.933000,-0.300660,-0.024544,-0.553334,-2.364600,4.360772,1
0.934000,-0.303728,-0.030680,-0.553334,-2.032136,3.812437,1
0.935000,-0.303728,-0.030680,-0.553334,-2.032136,3.812446,1
0.936000,-0.303728,-0.033748,-0.553334,-2.032136,3.873816,1
0.937000,-0.303728,-0.033748,-0.553334,-1.489241,2.788036,1
0.938000,-0.303728,-0.033748,-0.553334,-1.489241,2.788046,1
0.939000,-0.303728,-0.030680,-0.553334,1.327998,-3.507783,1
0.940000,-0.294524,-0.024544,-0.553334,0.711514,-2.379119,1
0.941000,-0.294524,-0.015340,0.489587,0.689087,-1.475416,1
0.942000,-0.291456,-0.015340,0.524733,3.040324,-6.000000,1
0.943000,-0.291456,-0.012272,0.524733,2.791832,-5.700976,1
0.944000,-0.291456,-0.012272,0.524733,1.658255,-3.433818,1
0.945000,-0.291456,-0.012272,0.524733,1.658255,-3.433814,1
0.946000,-0.291456,-0.012272,0.524733,1.658255,-3.433811,1
0.947000,-0.291456,-0.012272,0.524733,1.658255,-3.433807,1
0.948000,-0.291456,-0.012272,0.524733,1.658255,-3.433803,1
0.949000,-0.291456,-0.012272,0.524733,1.658255,-3.433799,1
0.950000,-0.291456,-0.012272,0.524733,1.658255,-3.433796,1
0.951000,-0.291456,-0.012272,0.524733,1.658255,-3.433792,1
0.952000,-0.291456,-0.012272,0.524733,1.658255,-3.433788,1
0.953000,-0.291456,-0.012272,0.524733,1.658255,-3.433785,1
0.954000,-0.291456,-0.012272,0.524733,1.658255,-3.433781,1
0.955000,-0.291456,-0.012272,0.524733,1.658255,-3.433777,1
0.956000,-0.291456,-0.012272,0.524733,1.658255,-3.433774,1
0.957000,-0.291456,-0.012272,0.524733,1.658255,-3.433770,1
0.958000,-0.291456,-0.012272,0.524733,1.658255,-3.433766,1
0.959000,-0.291456,-0.012272,0.524733,1.658255,-3.433763,1
0.960000,-0.291456,-0.012272,0.524733,1.658255,-3.433759,1
0.961000,-0.291456,-0.012272,0.524733,1.658255,-3.433755,1
0.962000,-0.291456,-0.012272,0.524733,1.658255,-3.433752,1
0.963000,-0.291456,-0.012272,0.524733,1.658255,-3.433748,1
0.964000,-0.291456,-0.012272,0.524733,1.658255,-3.433744,1
0.965000,-0.291456,-0.012272,0.524733,1.658255,-3.433741,1
0.966000,-0.291456,-0.012272,0.524733,1.460458,-3.038144,1
0.967000,-0.294524,-0.012272,0.524733,1.305784,-2.734927,1
0.968000,-0.294524,-0.015340,0.524733,-1.180460,2.898924,1
0.969000,-0.294524,-0.015340,0.524733,-1.076539,2.691088,1
0.970000,-0.294524,-0.018408,0.524733,-1.037774,2.674921,1
0.971000,-0.297592,-0.024544,0.524733,-1.037774,2.791511,1
0.972000,-0.297592,-0.021476,0.524733,-6.150359,6.000000,1
0.973000,-0.297592,-0.021476,0.524733,-6.150359,6.000000,1
0.974000,-0.297592,-0.024544,0.524733,-4.755403,6.000000,1
0.975000,-0.297592,-0.024544,0.524733,-3.430978,6.000000,1
0.976000,-0.297592,-0.024544,0.524733,-2.679792,6.000000,1
0.977000,-0.294524,-0.024544,0.524733,-2.197068,5.116278,1
0.978000,-0.294524,-0.024544,0.524733,-1.865873,4.453895,1
0.979000,-0.294524,-0.024544,0.524733,-1.619262,3.960681,1
0.980000,-0.291456,-0.021476,0.743763,-1.445544,3.777059,1
0.981000,-0.291456,-0.021476,0.743763,-1.445544,3.777065,1
0.982000,-0.291456,-0.021476,0.743763,-1.445544,3.777071,1
0.983000,-0.288388,-0.018408,0.743763,-1.445544,3.721854,1
0.984000,-0.288388,-0.018408,0.743763,-1.445544,3.721859,1
0.985000,-0.285320,-0.015340,0.743763,-1.445544,3.666640,1
0.986000,-0.282252,-0.015340,0.743763,-1.445544,3.672781,1
0.987000,-0.279185,-0.012272,0.701593,-1.445544,3.575391,1
0.988000,-0.279185,-0.009204,0.701593,1.537855,-3.052763,1
0.989000,-0.276117,-0.009204,0.701593,1.537855,-3.046624,1
0.990000,-0.276117,-0.003068,0.701593,1.537855,-3.169342,1
0.991000,-0.273049,0.003068,0.701593,3.974526,-6.000000,1
0.992000,-0.269981,0.003068,0.701593,3.974526,-6.000000,1
0.993000,-0.269981,0.003068,0.701593,3.974526,-6.000000,1
0.994000,-0.266913,0.006136,1.990890,3.974526,-6.000000,1
0.995000,-0.266913,0.009204,1.990890,3.049327,-5.130026,1
0.996000,-0.266913,0.009204,1.990890,2.443361,-3.918096,1
0.997000,-0.263845,0.009204,1.990890,2.039124,-3.103490,1
0.998000,-0.263845,0.009204,1.990890,2.039124,-3.103493,1
0.999000,-0.263845,0.009204,1.990890,2.039124,-3.103496,1
1.000000,-0.263845,0.009204,1.990890,2.039124,-3.103498,1
1.001000,-0.263845,0.009204,1.990890,2.039124,-3.103501,1
1.002000,-0.263845,0.009204,1.990890,1.747836,-2.520927,1
1.003000,-0.263845,0.009204,1.990890,1.747836,-2.520930,1
1.004000,-0.263845,0.009204,1.990890,1.747836,-2.520932,1
1.005000,-0.263845,0.009204,1.619562,1.224209,-1.845010,1
1.006000,-0.263845,0.009204,1.051352,0.875286,-1.715376,1
1.007000,-0.263845,0.009204,1.051352,0.765871,-1.496549,1
1.008000,-0.263845,0.006136,1.051352,0.762489,-1.428428,1
1.009000,-0.263845,0.006136,1.051352,0.762489,-1.428430,1
1.010000,-0.263845,0.006136,1.051352,0.762489,-1.428431,1
1.011000,-0.266913,0.003068,1.051352,0.762489,-1.373209,1
1.012000,-0.266913,0.003068,1.051352,0.762489,-1.373210,1
1.013000,-0.266913,0.003068,1.051352,0.762489,-1.373211,1
1.014000,-0.266913,0.003068,1.051352,0.762489,-1.373212,1
1.015000,-0.269981,0.000000,1.051352,0.762489,-1.317989,1
1.016000,-0.269981,0.000000,1.051352,0.762489,-1.317989,1
1.017000,-0.269981,-0.003068,-0.983555,0.762489,-3.291536,1
1.018000,-0.273049,-0.003068,-0.910494,0.762489,-3.224610,1
1.019000,-0.273049,-0.003068,-0.847424,0.762489,-3.161538,1
1.020000,-0.276117,-0.006136,-0.968610,-1.012189,0.921856,1
1.021000,-0.276117,-0.006136,-0.968610,-1.012189,0.921858,1
1.022000,-0.279185,-0.012272,-0.968610,-1.012189,1.038444,1
1.023000,-0.279185,-0.012272,-0.968610,-1.012189,1.038448,1
1.024000,-0.279185,-0.015340,-0.968610,-1.012189,1.099812,1
1.025000,-0.282252,-0.015340,-0.968610,-1.012189,1.093680,1
1.026000,-0.282252,-0.018408,-0.968610,-1.980999,3.092665,1
1.027000,-0.285320,-0.018408,-0.968610,-1.980999,3.086534,1
1.028000,-0.285320,-0.021476,-0.968610,-1.980999,3.147900,1
1.029000,-0.285320,-0.021476,-0.968610,-1.980999,3.147907,1
1.030000,-0.288388,-0.024544,-1.288460,-1.980999,2.883288,1
1.031000,-0.288388,-0.024544,-1.288460,-1.980999,2.883295,1
1.032000,-0.288388,-0.024544,-1.288460,-1.980999,2.883302,1
1.033000,-0.288388,-0.024544,-1.288460,-1.980999,2.883310,1
1.034000,-0.288388,-0.027612,-1.288460,-1.424741,1.832161,1
1.035000,-0.291456,-0.027612,-1.288460,-1.276563,1.529678,1
1.036000,-0.291456,-0.027612,-1.288460,-1.156882,1.290324,1
1.037000,-0.291456,-0.027612,-1.288460,-1.057239,1.091047,1
1.038000,-0.291456,-0.027612,-1.288460,-0.973829,0.924236,1
1.039000,-0.291456,-0.027612,-1.267018,-0.901511,0.801049,1
1.040000,-0.291456,-0.027612,-1.148873,-0.840045,0.796271,1
1.041000,-0.291456,-0.027612,-1.148873,-0.840045,0.796279,1
1.042000,-0.291456,-0.027612,-1.148873,-0.840045,0.796287,1
1.043000,-0.291456,-0.027612,-1.148873,-0.840045,0.796296,1
1.044000,-0.291456,-0.027612,-1.148873,-0.840045,0.796304,1
1.045000,-0.291456,-0.027612,-1.148873,-0.840045,0.796312,1
1.046000,-0.291456,-0.027612,-1.148873,-0.840045,0.796320,1
1.047000,-0.291456,-0.027612,-1.148873,-0.840045,0.796329,1
1.048000,-0.291456,-0.027612,-1.050659,-0.786301,0.787063,1
1.049000,-0.291456,-0.027612,-1.050659,-0.786301,0.787071,1
1.050000,-0.291456,-0.027612,-1.050659,-0.786301,0.787079,1
1.051000,-0.288388,-0.027612,0.693817,-0.567764,2.100624,1
1.052000,-0.288388,-0.027612,0.693817,-0.567764,2.100633,1
1.053000,-0.288388,-0.027612,0.693817,-0.567764,2.100641,1
1.054000,-0.285320,-0.027612,0.497160,-0.428923,1.632448,1
1.055000,-0.285320,-0.027612,0.477790,-0.414428,1.584097,1
1.056000,-0.282252,-0.027612,0.400020,-0.354525,1.392664,1
1.057000,-0.282252,-0.027612,0.400020,-0.354525,1.392673,1
1.058000,-0.282252,-0.027612,0.400020,-0.354525,1.392681,1
1.059000,-0.282252,-0.027612,0.400020,-0.354525,1.392689,1
1.060000,-0.279185,-0.024544,0.444633,0.344625,-0.616213,1
1.061000,-0.279185,-0.024544,0.444633,0.344625,-0.616206,1
1.062000,-0.279185,-0.024544,0.444633,0.344625,-0.616199,1
1.063000,-0.279185,-0.024544,0.444633,0.344625,-0.616191,1
1.064000,-0.279185,-0.024544,0.444633,0.344625,-0.616184,1
1.065000,-0.279185,-0.024544,0.444633,0.344625,-0.616176,1
1.066000,-0.279185,-0.024544,0.444633,0.344625,-0.616169,1
1.067000,-0.273049,-0.018408,0.444633,0.305852,-0.649065,1
1.068000,-0.273049,-0.018408,0.444633,0.305852,-0.649059,1
1.069000,-0.273049,-0.018408,0.444633,0.305852,-0.649054,1
1.070000,-0.269981,-0.018408,0.444633,0.305852,-0.642912,1
1.071000,-0.269981,-0.018408,0.444633,0.305852,-0.642907,1
1.072000,-0.266913,-0.015340,0.822806,0.305852,0.000000,1
1.073000,-0.263845,-0.009204,0.822806,1.362599,-2.550026,1
1.074000,-0.263845,-0.009204,0.822806,1.362599,-2.550023,1
1.075000,-0.260777,-0.003068,0.822806,1.362599,-2.666604,1
1.076000,-0.257709,-0.003068,0.822806,1.362599,-2.660468,1
1.077000,-0.257709,-0.003068,0.822806,1.069279,-2.073827,1
1.078000,-0.257709,-0.003068,0.715805,0.847763,-1.737795,1
1.079000,-0.257709,-0.003068,0.609308,0.702369,-1.553503,1
1.080000,-0.260777,-0.006136,-0.530286,0.624842,-2.482818,1
1.081000,-0.263845,-0.006136,-1.043783,0.624842,-3.002449,1
1.082000,-0.263845,-0.009204,-1.043783,0.624842,-2.941087,1
1.083000,-0.263845,-0.009204,-1.043783,0.624842,-2.941085,1
1.084000,-0.263845,-0.009204,-1.043783,0.624842,-2.941082,1
1.085000,-0.263845,-0.009204,-1.043783,0.624842,-2.941079,1
1.086000,-0.263845,-0.009204,-1.043783,0.624842,-2.941076,1
1.087000,-0.263845,-0.009204,-1.043783,0.624842,-2.941074,1
1.088000,-0.263845,-0.009204,-1.043783,0.624842,-2.941071,1
1.089000,-0.263845,-0.009204,-1.043783,0.624842,-2.941068,1
1.090000,-0.263845,-0.009204,-1.043783,0.624842,-2.941065,1
1.091000,-0.263845,-0.009204,-1.043783,0.624842,-2.941063,1
1.092000,-0.263845,-0.009204,-1.043783,0.624842,-2.941060,1
1.093000,-0.263845,-0.009204,-1.043783,0.624842,-2.941057,1
1.094000,-0.263845,-0.009204,-1.043783,0.624842,-2.941054,1
1.095000,-0.263845,-0.009204,-1.043783,0.624842,-2.941052,1
1.096000,-0.263845,-0.009204,-1.043783,0.624842,-2.941049,1
1.097000,-0.263845,-0.009204,-1.043783,0.624842,-2.941046,1
1.098000,-0.263845,-0.009204,-1.043783,0.624842,-2.941043,1
1.099000,-0.263845,-0.009204,-1.043783,0.624842,-2.941040,1
1.100000,-0.263845,-0.009204,-1.043783,0.624842,-2.941038,1
1.101000,-0.263845,-0.009204,-1.043783,0.624842,-2.941035,1
1.102000,-0.263845,-0.009204,-1.043783,0.624842,-2.941032,1
1.103000,-0.263845,-0.009204,-1.043783,0.624842,-2.941029,1
1.104000,-0.269981,-0.015340,-1.043783,0.624842,-2.830578,1
1.105000,-0.269981,-0.018408,-1.043783,-1.161373,1.403217,1
1.106000,-0.269981,-0.018408,-1.043783,-1.161373,1.403222,1
1.107000,-0.273049,-0.024544,-1.043783,-1.161373,1.519812,1
1.108000,-0.273049,-0.027612,-1.043783,-1.161373,1.581180,1
1.109000,-0.276117,-0.027612,-0.480771,-1.161373,2.138065,1
1.110000,-0.276117,-0.030680,-0.480771,-2.810373,5.497433,1
1.111000,-0.276117,-0.030680,-0.480771,-2.810373,5.497442,1
1.112000,-0.276117,-0.033748,-0.480771,-2.810373,5.558811,1
1.113000,-0.276117,-0.036816,-0.480771,-2.810373,5.620181,1
1.114000,-0.279185,-0.036816,-0.480771,-2.503068,4.999446,1
1.115000,-0.279185,-0.036816,-0.480771,-2.079710,4.152740,1
1.116000,-0.279185,-0.039884,-0.480771,-1.776055,3.606801,1
1.117000,-0.279185,-0.039884,-0.480771,-1.551712,3.158129,1
1.118000,-0.279185,-0.039884,-0.480771,-1.378326,2.811368,1
1.119000,-0.276117,-0.039884,-0.480771,-1.239191,2.539246,1
1.120000,-0.276117,-0.039884,-0.480771,-1.125192,2.311260,1
1.121000,-0.276117,-0.039884,-0.480771,-1.031120,2.123128,1
1.122000,-0.276117,-0.039884,-0.480771,-0.950956,1.962811,1
1.123000,-0.276117,-0.036816,-0.480771,0.882718,-2.365885,1
1.124000,-0.276117,-0.036816,0.628369,0.823180,-1.137657,1
1.125000,-0.273049,-0.033748,0.628369,0.771392,-1.089296,1
1.126000,-0.273049,-0.033748,0.628369,0.771392,-1.089286,1
1.127000,-0.273049,-0.033748,0.628369,0.771392,-1.089276,1
1.128000,-0.273049,-0.033748,0.628369,0.771392,-1.089266,1
1.129000,-0.273049,-0.033748,0.628369,0.771392,-1.089255,1
1.130000,-0.269981,-0.033748,0.628369,0.771392,-1.083109,1
1.131000,-0.269981,-0.033748,0.628369,0.771392,-1.083099,1
1.132000,-0.269981,-0.033748,0.628369,0.771392,-1.083089,1
1.133000,-0.269981,-0.033748,0.628369,0.771392,-1.083079,1
1.134000,-0.269981,-0.033748,0.628369,0.771392,-1.083069,1
1.135000,-0.269981,-0.033748,0.628369,0.771392,-1.083059,1
1.136000,-0.269981,-0.033748,0.628369,0.771392,-1.083049,1
1.137000,-0.269981,-0.033748,0.628369,0.771392,-1.083038,1
1.138000,-0.269981,-0.033748,0.628369,0.771392,-1.083028,1
1.139000,-0.269981,-0.033748,0.628369,0.771392,-1.083018,1
1.140000,-0.269981,-0.033748,0.628369,0.771392,-1.083008,1
1.141000,-0.269981,-0.033748,0.628369,0.767055,-1.074323,1
1.142000,-0.269981,-0.033748,0.628369,0.721817,-0.983838,1
1.143000,-0.269981,-0.033748,0.628369,0.681836,-0.903865,1
1.144000,-0.269981,-0.033748,0.612820,0.645761,-0.847253,1
1.145000,-0.269981,-0.036816,0.583820,-0.613641,2.303922,1
1.146000,-0.269981,-0.036816,-0.557339,-0.584453,1.104397,1
1.147000,-0.273049,-0.039884,-0.533053,-0.557804,1.130619,1
1.148000,-0.273049,-0.039884,-0.510831,-0.533516,1.104279,1
1.149000,-0.273049,-0.039884,-0.490573,-0.511458,1.080433,1
1.150000,-0.273049,-0.042951,-0.471599,-0.498499,1.134860,1
1.151000,-0.273049,-0.042951,-0.454128,-0.498499,1.152344,1
1.152000,-0.273049,-0.042951,-0.437966,-0.498499,1.168519,1
1.153000,-0.273049,-0.042951,-0.437966,-0.498499,1.168532,1
1.154000,-0.273049,-0.042951,-0.437966,-0.498499,1.168545,1
1.155000,-0.273049,-0.042951,-0.437966,-0.498499,1.168558,1
1.156000,-0.273049,-0.039884,-0.383206,-0.498499,1.161970,1
1.157000,-0.273049,-0.042951,-0.371626,1.779739,-3.921554,1
1.158000,-0.276117,-0.042951,-13.292608,2.814644,-6.000000,1
1.159000,-0.276117,-0.042951,-13.292608,2.814644,-6.000000,1
1.160000,-0.276117,-0.042951,-13.292608,2.814644,-6.000000,1
1.161000,-0.276117,-0.042951,-13.292608,2.814644,-6.000000,1
1.162000,-0.276117,-0.042951,-13.292608,2.814644,-6.000000,1
1.163000,-0.276117,-0.042951,-13.292608,2.814644,-6.000000,1
1.164000,-0.276117,-0.042951,-13.292608,2.814644,-6.000000,1
1.165000,-0.276117,-0.042951,-13.292608,2.814644,-6.000000,1
1.166000,-0.276117,-0.042951,-13.292608,2.814644,-6.000000,1
1.167000,-0.276117,-0.042951,-13.292608,2.814644,-6.000000,1
1.168000,-0.282252,-0.049087,-1.741789,-1.722841,2.417899,1
1.169000,-0.282252,-0.052155,-1.525630,-1.511073,2.271897,1
1.170000,-0.282252,-0.058291,-1.357099,-1.471371,2.483759,1
1.171000,-0.282252,-0.058291,-1.357099,-1.471371,2.483776,1
1.172000,-0.282252,-0.058291,-1.357099,-1.471371,2.483794,1
1.173000,-0.282252,-0.058291,-1.357099,-1.471371,2.483811,1
1.174000,-0.282252,-0.058291,-1.357099,-1.471371,2.483829,1
1.175000,-0.282252,-0.058291,-1.357099,-1.471371,2.483846,1
1.176000,-0.282252,-0.058291,-1.357099,-1.471371,2.483864,1
1.177000,-0.282252,-0.058291,-1.357099,-1.471371,2.483881,1
1.178000,-0.282252,-0.058291,-1.357099,-1.471371,2.483899,1
1.179000,-0.291456,-0.073631,-0.282494,-2.765945,6.000000,1
1.180000,-0.291456,-0.076699,-0.282494,-1.908369,4.782292,1
1.181000,-0.291456,-0.076699,-0.282494,-1.908369,4.782315,1
1.182000,-0.291456,-0.076699,-0.282494,-1.908369,4.782338,1
1.183000,-0.291456,-0.076699,-0.282494,-1.908369,4.782361,1
1.184000,-0.291456,-0.076699,-0.282494,-1.908369,4.782384,1
1.185000,-0.291456,-0.076699,-0.282494,-1.908369,4.782407,1
1.186000,-0.291456,-0.076699,-0.282494,-1.908369,4.782430,1
1.187000,-0.291456,-0.079767,-0.282494,-1.846829,4.720733,1
1.188000,-0.291456,-0.079767,-0.282494,-1.846829,4.720757,1
1.189000,-0.288388,-0.082835,-0.282494,-1.396759,3.888137,1
1.190000,-0.285320,-0.079767,-0.282494,1.254174,-2.068928,1
1.191000,-0.285320,-0.079767,-0.282494,1.138367,-1.837290,1
1.192000,-0.285320,-0.076699,-0.282494,1.041490,-1.704872,1
1.193000,-0.285320,-0.076699,-0.282494,1.041490,-1.704849,1
1.194000,-0.285320,-0.076699,-0.282494,1.041490,-1.704826,1
1.195000,-0.285320,-0.076699,-0.282494,1.041490,-1.704803,1
1.196000,-0.285320,-0.076699,-0.282494,1.041490,-1.704780,1
1.197000,-0.282252,-0.073631,-0.282494,0.959759,-1.596519,1
1.198000,-0.282252,-0.073631,-0.282494,0.959759,-1.596497,1
1.199000,-0.279185,-0.073631,0.577023,0.777265,0.000000,1
1.200000,-0.279185,-0.073631,0.577023,0.777265,0.000000,1
1.201000,-0.279185,-0.073631,0.577023,0.777265,0.000000,1
1.202000,-0.279185,-0.070563,0.577023,0.717144,0.000000,1
1.203000,-0.276117,-0.070563,0.577023,0.717144,0.000000,1
1.204000,-0.276117,-0.070563,0.577023,0.717144,0.000000,1
1.205000,-0.276117,-0.070563,0.577023,0.717144,0.000000,1
1.206000,-0.276117,-0.070563,0.577023,0.717144,0.000000,1
1.207000,-0.276117,-0.070563,0.577023,0.717144,0.000000,1
1.208000,-0.273049,-0.073631,0.577023,0.717144,0.000000,1
1.209000,-0.273049,-0.073631,0.577023,0.717144,0.000000,1
1.210000,-0.273049,-0.073631,0.577023,0.717144,0.000000,1
1.211000,-0.273049,-0.073631,0.577023,0.717144,0.000000,1
1.212000,-0.269981,-0.073631,0.577023,0.717144,0.000000,1
1.213000,-0.269981,-0.073631,0.577023,0.717144,0.000000,1
1.214000,-0.269981,-0.073631,0.577023,0.717144,0.000000,1
1.215000,-0.269981,-0.073631,0.577023,-0.694426,3.196305,1
1.216000,-0.269981,-0.073631,0.575580,-0.657290,3.120610,1
1.217000,-0.269981,-0.076699,0.549678,-0.623726,3.088963,1
1.218000,-0.266913,-0.076699,0.811757,-0.593786,3.297321,1
1.219000,-0.266913,-0.076699,0.811757,-0.566159,3.242090,1
1.220000,-0.266913,-0.076699,0.811757,-0.541195,3.192185,1
1.221000,-0.266913,-0.076699,0.811757,-0.518439,3.146695,1
1.222000,-0.266913,-0.076699,0.811757,-0.518439,3.146718,1
1.223000,-0.266913,-0.076699,0.811757,-0.518439,3.146741,1
1.224000,-0.266913,-0.076699,0.811757,-0.518439,3.146764,1
1.225000,-0.263845,-0.076699,0.811757,-0.497361,3.110767,1
1.226000,-0.263845,-0.076699,0.811757,-0.497361,3.110790,1
1.227000,-0.263845,-0.076699,0.811757,-0.497361,3.110813,1
1.228000,-0.260777,-0.076699,0.811757,-0.460089,3.042428,1
1.229000,-0.257709,-0.073631,0.811757,0.413569,1.239910,1
1.230000,-0.257709,-0.073631,0.811757,0.413569,1.239932,1
1.231000,-0.254641,-0.073631,0.620553,0.400088,1.081849,1
1.232000,-0.254641,-0.073631,0.620553,0.400088,1.081871,1
1.233000,-0.254641,-0.073631,0.620553,0.400088,1.081893,1
1.234000,-0.251573,-0.070563,0.620553,0.384396,1.058075,1
1.235000,-0.251573,-0.070563,0.620553,0.384396,1.058096,1
1.236000,-0.251573,-0.070563,0.620553,0.384396,1.058117,1
1.237000,-0.251573,-0.070563,0.620553,0.384396,1.058138,1
1.238000,-0.251573,-0.070563,0.620553,0.384396,1.058160,1
1.239000,-0.251573,-0.070563,0.620553,0.384396,1.058181,1
1.240000,-0.245437,-0.067495,0.620553,0.384396,1.009114,1
1.241000,-0.223961,-0.052155,2.341248,1.771752,-0.908733,1
1.242000,-0.220893,-0.052155,2.341248,1.771752,-0.902581,1
1.243000,-0.217825,-0.049087,2.569250,1.771752,-0.729787,1
1.244000,-0.217825,-0.049087,2.569250,1.771752,-0.729773,1
1.245000,-0.217825,-0.049087,2.569250,1.771752,-0.729758,1
1.246000,-0.217825,-0.049087,2.569250,1.771752,-0.729743,1
1.247000,-0.217825,-0.049087,2.569250,1.771752,-0.729728,1
1.248000,-0.217825,-0.049087,2.569250,1.568744,0.000000,1
1.249000,-0.208621,-0.042951,2.569250,1.551669,0.000000,1
1.250000,-0.208621,-0.042951,2.569250,1.551669,0.000000,1
1.251000,-0.208621,-0.042951,2.569250,1.551669,0.000000,1
1.252000,-0.208621,-0.042951,2.569250,1.551669,0.000000,1
1.253000,-0.208621,-0.042951,2.569250,1.551669,0.000000,1
1.254000,-0.202485,-0.039884,2.521217,1.551669,-0.490902,1
1.255000,-0.202485,-0.039884,2.521217,1.551669,-0.490890,1
1.256000,-0.202485,-0.039884,2.521217,1.551669,-0.490878,1
1.257000,-0.196350,-0.036816,2.342558,1.376844,0.000000,1
1.258000,-0.196350,-0.036816,2.342558,1.376844,0.000000,1
1.259000,-0.196350,-0.036816,2.342558,1.376844,0.000000,1
1.260000,-0.196350,-0.036816,2.342558,1.376844,0.000000,1
1.261000,-0.196350,-0.036816,2.342558,1.376844,0.000000,1
1.262000,-0.196350,-0.036816,2.342558,1.376844,0.000000,1
1.263000,-0.190214,-0.033748,2.353596,1.289752,0.000000,1
1.264000,-0.174874,-0.024544,2.149572,1.180472,0.000000,1
1.265000,-0.171806,-0.024544,2.120533,1.077268,0.000000,1
1.266000,-0.168738,-0.021476,1.958078,1.043611,0.000000,1
1.267000,-0.168738,-0.021476,1.958078,1.043611,0.000000,1
1.268000,-0.165670,-0.021476,1.958078,1.043611,0.000000,1
1.269000,-0.165670,-0.018408,1.958078,1.043611,0.000000,1
1.270000,-0.156466,-0.015340,1.831934,1.043611,-0.562759,1
1.271000,-0.156466,-0.015340,1.831934,1.043611,-0.562754,1
1.272000,-0.156466,-0.015340,1.831934,1.043611,-0.562749,1
1.273000,-0.156466,-0.015340,1.831934,1.043611,-0.562745,1
1.274000,-0.156466,-0.015340,1.831934,1.043611,-0.562740,1
1.275000,-0.153398,-0.015340,1.831934,1.043611,-0.556600,1
1.276000,-0.153398,-0.015340,1.831934,1.043611,-0.556595,1
1.277000,-0.153398,-0.015340,1.831934,1.043611,-0.556590,1
1.278000,-0.153398,-0.015340,1.831934,1.043611,-0.556586,1
1.279000,-0.144194,-0.009204,1.714374,0.839903,0.000000,1
1.280000,-0.144194,-0.009204,1.714374,0.839903,0.000000,1
1.281000,-0.144194,-0.009204,1.714374,0.839903,0.000000,1
1.282000,-0.144194,-0.009204,1.714374,0.839903,0.000000,1
1.283000,-0.144194,-0.009204,1.714374,0.839903,0.000000,1
1.284000,-0.144194,-0.009204,1.714374,0.839903,0.000000,1
1.285000,-0.144194,-0.009204,1.714374,0.839903,0.000000,1
1.286000,-0.144194,-0.009204,1.714374,0.839903,0.000000,1
1.287000,-0.144194,-0.009204,1.714374,0.839903,0.000000,1
1.288000,-0.141126,-0.009204,1.714374,0.839903,0.000000,1
1.289000,-0.141126,-0.009204,1.714374,0.839903,0.000000,1
1.290000,-0.141126,-0.009204,1.714374,0.839903,0.000000,1
1.291000,-0.134990,-0.006136,1.714374,0.839903,0.000000,1
1.292000,-0.134990,-0.006136,1.714374,0.839903,0.000000,1
1.293000,-0.134990,-0.006136,1.714374,0.839903,0.000000,1
1.294000,-0.131922,-0.006136,1.606131,0.839903,-0.516059,1
1.295000,-0.131922,-0.006136,1.606131,0.839903,-0.516057,1
1.296000,-0.131922,-0.006136,1.606131,0.839903,-0.516056,1
1.297000,-0.119651,-0.003068,1.535420,0.765550,-0.474874,1
1.298000,-0.119651,-0.003068,1.535420,0.765550,-0.474874,1
1.299000,-0.119651,-0.003068,1.535420,0.765550,-0.474873,1
1.300000,-0.119651,-0.003068,1.535420,0.765550,-0.474872,1
1.301000,-0.113515,-0.003068,1.535420,0.583611,0.501278,1
1.302000,-0.113515,-0.003068,1.535420,0.557002,0.554498,1
1.303000,-0.107379,-0.003068,1.493842,0.490381,0.658433,1
1.304000,-0.107379,-0.003068,1.493842,0.490381,0.658434,1
1.305000,-0.107379,-0.003068,1.493842,0.490381,0.658435,1
1.306000,-0.104311,0.000000,1.493842,0.437777,0.708419,1
1.307000,-0.104311,0.000000,1.493842,0.437777,0.708419,1
1.308000,-0.104311,0.000000,1.493842,0.437777,0.708419,1
1.309000,-0.098175,0.000000,1.493842,0.395542,0.805161,1
1.310000,-0.098175,0.000000,1.493842,0.395542,0.805161,1
1.311000,-0.095107,0.000000,1.456044,0.360582,0.843420,1
1.312000,-0.095107,0.000000,1.456044,0.360582,0.843420,1
1.313000,-0.095107,0.000000,1.456044,0.360582,0.843420,1
1.314000,-0.095107,0.000000,1.456044,0.360582,0.843420,1
1.315000,-0.092039,0.003068,1.456044,0.351772,0.805817,1
1.316000,-0.092039,0.003068,1.456044,0.351772,0.805816,1
1.317000,-0.088971,0.003068,1.456044,0.351772,0.811951,1
1.318000,-0.076699,0.006136,1.564671,0.351772,0.883760,1
1.319000,-0.076699,0.006136,1.564671,0.351772,0.883758,1
1.320000,-0.073631,0.009204,1.564671,0.351772,0.828532,1
1.321000,-0.073631,0.009204,1.564671,0.351772,0.828529,1
1.322000,-0.073631,0.009204,1.564671,0.351772,0.828527,1
1.323000,-0.073631,0.009204,1.564671,0.351772,0.828524,1
1.324000,-0.073631,0.009204,1.564671,0.351772,0.828521,1
1.325000,-0.073631,0.009204,1.564671,0.351772,0.828518,1
1.326000,-0.073631,0.009204,1.564671,0.351772,0.828516,1
1.327000,-0.073631,0.009204,1.564671,0.351772,0.828513,1
1.328000,-0.070563,0.009204,1.681692,0.351772,0.951667,1
1.329000,-0.067495,0.009204,1.681692,0.351772,0.957800,1
1.330000,-0.055223,0.018408,1.800164,0.686656,0.000000,1
1.331000,-0.055223,0.018408,1.800164,0.686656,0.000000,1
1.332000,-0.049087,0.021476,1.800164,0.686656,0.000000,1
1.333000,-0.049087,0.021476,1.800164,0.686656,0.000000,1
1.334000,-0.049087,0.021476,1.800164,0.686656,0.000000,1
1.335000,-0.049087,0.021476,1.800164,0.686656,0.000000,1
1.336000,-0.049087,0.021476,1.800164,0.686656,0.000000,1
1.337000,-0.049087,0.021476,1.800164,0.686656,0.000000,1
1.338000,-0.049087,0.021476,1.800164,0.686656,0.000000,1
1.339000,-0.049087,0.021476,1.800164,0.686656,0.000000,1
1.340000,-0.046019,0.021476,1.942726,0.686656,0.000000,1
1.341000,-0.046019,0.024544,1.942726,0.686656,0.000000,1
1.342000,-0.042951,0.024544,1.942726,0.686656,0.000000,1
1.343000,-0.042951,0.024544,1.942726,0.686656,0.000000,1
1.344000,-0.039884,0.027612,1.942726,1.123384,-1.237422,1
1.345000,-0.027612,0.033748,1.977992,1.123384,-1.300341,1
1.346000,-0.027612,0.033748,1.977992,1.123384,-1.300351,1
1.347000,-0.027612,0.033748,1.977992,1.123384,-1.300361,1
1.348000,-0.027612,0.033748,1.977992,1.123384,-1.300371,1
1.349000,-0.027612,0.033748,1.977992,1.123384,-1.300381,1
1.350000,-0.027612,0.033748,1.977992,1.123384,-1.300391,1
1.351000,-0.024544,0.036816,1.837405,1.123384,-1.496213,1
1.352000,-0.024544,0.036816,1.837405,1.123384,-1.496224,1
1.353000,-0.024544,0.036816,1.837405,1.123384,-1.496235,1
1.354000,-0.024544,0.036816,1.837405,1.123384,-1.496246,1
1.355000,-0.024544,0.036816,1.837405,1.123384,-1.496257,1
1.356000,-0.024544,0.036816,1.837405,1.123384,-1.496268,1
1.357000,-0.015340,0.039884,1.829397,0.829725,-0.959923,1
1.358000,-0.015340,0.039884,1.829397,0.829725,-0.959934,1
1.359000,-0.015340,0.039884,1.829397,0.829725,-0.959946,1
1.360000,-0.015340,0.039884,1.829397,0.829725,-0.959958,1
1.361000,-0.012272,0.039884,1.642717,0.829725,-1.140514,1
1.362000,-0.012272,0.039884,1.448426,0.829725,-1.334817,1
1.363000,-0.006136,0.039884,1.505240,0.829725,-1.265743,1
1.364000,-0.006136,0.039884,1.505240,0.829725,-1.265755,1
1.365000,-0.003068,0.039884,1.505240,0.829725,-1.259631,1
1.366000,-0.003068,0.039884,1.505240,0.829725,-1.259643,1
1.367000,-0.003068,0.039884,1.505240,0.829725,-1.259655,1
1.368000,-0.003068,0.039884,1.505240,0.829725,-1.259667,1
1.369000,-0.003068,0.039884,1.505240,0.829725,-1.259679,1
1.370000,-0.003068,0.039884,1.505240,0.829725,-1.259691,1
1.371000,-0.003068,0.039884,1.505240,0.829725,-1.259703,1
1.372000,-0.003068,0.039884,1.344301,0.829725,-1.420654,1
1.373000,-0.003068,0.039884,1.211966,0.829725,-1.553001,1
1.374000,0.000000,0.039884,1.102877,0.788789,-1.574093,1
1.375000,0.000000,0.036816,1.011843,-0.741102,2.056003,1
1.376000,0.003068,0.033748,1.069204,-0.569339,1.837323,1
1.377000,0.003068,0.033748,1.069204,-0.569339,1.837313,1
1.378000,0.003068,0.033748,1.069204,-0.569339,1.837302,1
1.379000,0.003068,0.033748,1.069204,-0.569339,1.837292,1
1.380000,0.003068,0.033748,1.069204,-0.544295,1.787195,1
1.381000,0.006136,0.033748,1.069204,-0.480254,1.665239,1
1.382000,0.006136,0.033748,1.069204,-0.480254,1.665229,1
1.383000,0.006136,0.033748,1.069204,-0.480254,1.665219,1
1.384000,0.006136,0.033748,1.069204,-0.480254,1.665209,1
1.385000,0.009204,0.033748,1.069204,-0.462723,1.636272,1
1.386000,0.009204,0.033748,1.069204,-0.445377,1.601570,1
1.387000,0.012272,0.033748,1.069204,-0.429835,1.576611,1
1.388000,0.021476,0.039884,0.820483,0.363373,-0.962849,1
1.389000,0.021476,0.039884,0.820483,0.363373,-0.962861,1
1.390000,0.027612,0.046019,1.408037,0.363373,-0.485767,1
1.391000,0.030680,0.049087,1.408037,0.363373,-0.541005,1
1.392000,0.036816,0.049087,1.408037,0.363373,-0.528748,1
1.393000,0.039884,0.052155,1.563550,1.045406,-1.792539,1
1.394000,0.042951,0.055223,1.563550,1.045406,-1.847779,1
1.395000,0.042951,0.055223,1.563550,1.045406,-1.847796,1
1.396000,0.042951,0.055223,1.563550,1.045406,-1.847812,1
1.397000,0.042951,0.055223,1.563550,1.045406,-1.847829,1
1.398000,0.042951,0.055223,1.563550,1.045406,-1.847846,1
1.399000,0.042951,0.055223,1.563550,1.045406,-1.847862,1
1.400000,0.042951,0.055223,1.563550,1.045406,-1.847879,1
1.401000,0.042951,0.055223,1.563550,1.045406,-1.847895,1
1.402000,0.042951,0.055223,1.563550,1.045406,-1.847912,1
1.403000,0.042951,0.055223,1.563550,1.045406,-1.847928,1
1.404000,0.042951,0.055223,1.563550,1.045406,-1.847945,1
1.405000,0.042951,0.055223,1.563550,1.045406,-1.847962,1
1.406000,0.042951,0.055223,1.563550,1.045406,-1.847978,1
1.407000,0.042951,0.055223,1.563550,1.045406,-1.847995,1
1.408000,0.042951,0.055223,1.563550,1.045406,-1.848011,1
1.409000,0.042951,0.055223,1.563550,1.045406,-1.848028,1
1.410000,0.042951,0.055223,1.563550,1.045406,-1.848044,1
1.411000,0.046019,0.055223,1.563550,1.045406,-1.841925,1
1.412000,0.046019,0.058291,1.563550,1.045406,-1.903302,1
1.413000,0.046019,0.058291,1.546858,1.045406,-1.920011,1
1.414000,0.049087,0.058291,1.374075,1.045406,-2.086675,1
1.415000,0.049087,0.058291,1.235530,1.045406,-2.225239,1
1.416000,0.049087,0.058291,1.122272,1.019195,-2.286092,1
1.417000,0.049087,0.058291,1.028237,0.941038,-2.223831,1
1.418000,0.049087,0.058291,0.948478,0.873792,-2.169114,1
1.419000,0.049087,0.058291,0.948478,0.873792,-2.169131,1
1.420000,0.052155,0.058291,1.296898,0.765048,-1.597105,1
1.421000,0.052155,0.058291,1.296898,0.720183,-1.507394,1
1.422000,0.052155,0.058291,1.296898,0.720183,-1.507411,1
1.423000,0.052155,0.058291,1.296898,0.720183,-1.507429,1
1.424000,0.052155,0.058291,1.296898,0.720183,-1.507446,1
1.425000,0.052155,0.058291,1.296898,0.720183,-1.507464,1
1.426000,0.052155,0.058291,1.296898,0.720183,-1.507481,1
1.427000,0.052155,0.058291,1.296898,0.680118,-1.427367,1
1.428000,0.052155,0.058291,1.296898,0.680118,-1.427385,1
1.429000,0.052155,0.058291,1.296898,0.680118,-1.427402,1
1.430000,0.052155,0.058291,1.296898,0.680118,-1.427420,1
1.431000,0.052155,0.058291,1.296898,0.680118,-1.427437,1
1.432000,0.052155,0.058291,1.296898,0.680118,-1.427455,1
1.433000,0.052155,0.055223,1.296898,0.670788,-1.347452,1
1.434000,0.052155,0.055223,1.296898,0.670788,-1.347469,1
1.435000,0.052155,0.055223,1.296898,0.670788,-1.347485,1
1.436000,0.049087,0.049087,-0.923184,0.670788,-3.451000,1
1.437000,0.046019,0.046019,-0.670653,0.670788,-3.143259,1
1.438000,0.046019,0.042951,-0.636034,-0.790234,0.474750,1
1.439000,0.046019,0.042951,-0.636034,-0.790234,0.474737,1
1.440000,0.046019,0.042951,-0.636034,-0.790234,0.474724,1
1.441000,0.046019,0.042951,-0.636034,-0.790234,0.474712,1
1.442000,0.046019,0.042951,-0.636034,-0.790234,0.474699,1
1.443000,0.046019,0.042951,-0.604745,-0.790234,0.505975,1
1.444000,0.046019,0.042951,-0.604745,-0.790234,0.505962,1
1.445000,0.046019,0.042951,-0.604745,-0.790234,0.505949,1
1.446000,0.039884,0.030680,-0.635139,-1.709164,2.546571,1
1.447000,0.039884,0.030680,-0.635139,-1.709164,2.546562,1
1.448000,0.039884,0.030680,-0.635139,-1.709164,2.546553,1
1.449000,0.039884,0.027612,-0.635139,-1.709164,2.607904,1
1.450000,0.039884,0.027612,-0.635139,-1.709164,2.607895,1
1.451000,0.039884,0.027612,-0.635139,-1.709164,2.607887,1
1.452000,0.039884,0.027612,-0.635139,-1.709164,2.607879,1
1.453000,0.039884,0.027612,-0.635139,-1.709164,2.607871,1
1.454000,0.039884,0.021476,-0.635139,-1.356669,2.025593,1
1.455000,0.039884,0.021476,-0.635139,-1.221567,1.755382,1
1.456000,0.039884,0.021476,-0.635139,-1.111559,1.535360,1
1.457000,0.039884,0.021476,-0.635139,-1.019729,1.351693,1
1.458000,0.039884,0.021476,-0.635139,-0.940847,1.193922,1
1.459000,0.039884,0.021476,-0.635139,-0.873670,1.059562,1
1.460000,0.039884,0.024544,-0.625938,0.815740,-2.971424,1
1.461000,0.039884,0.024544,-0.595629,0.765007,-2.839657,1
1.462000,0.039884,0.027612,-0.567923,0.721305,-2.785913,1
1.463000,0.039884,0.027612,-0.543015,0.721305,-2.761014,1
1.464000,0.042951,0.024544,0.519859,0.721305,-1.630652,1
1.465000,0.042951,0.024544,0.498836,0.721305,-1.651682,1
1.466000,0.042951,0.024544,0.479299,0.721305,-1.671226,1
1.467000,0.042951,0.024544,0.461384,0.721305,-1.689149,1
1.468000,0.042951,0.024544,0.444532,0.721305,-1.706008,1
1.469000,0.039884,0.024544,-0.428971,0.721305,-2.585655,1
1.470000,0.039884,0.024544,-0.414523,0.721305,-2.571214,1
1.471000,0.039884,0.021476,-0.400976,0.721305,-2.496315,1
1.472000,0.039884,0.021476,-0.388381,0.721305,-2.483726,1
1.473000,0.039884,0.021476,-0.376465,0.721305,-2.471816,1
1.474000,0.039884,0.018408,-0.365177,-1.033729,1.710894,1
1.475000,0.036816,0.018408,-0.354644,-1.033729,1.715286,1
1.476000,0.036816,0.015340,-0.344677,-1.033729,1.786607,1
1.477000,0.036816,0.012272,-0.335258,-1.033729,1.857382,1
1.478000,0.036816,0.012272,-0.326414,-1.033729,1.866222,1
1.479000,0.036816,0.012272,-0.317907,-1.033729,1.874725,1
1.480000,0.033748,0.012272,-0.309830,-1.033729,1.876663,1
1.481000,0.033748,0.009204,-0.302263,-1.033729,1.945586,1
1.482000,0.033748,0.006136,-0.294978,-1.511306,2.969382,1
1.483000,0.033748,0.006136,-0.288018,-1.511306,2.976340,1
1.484000,0.033748,0.006136,-0.288018,-1.511306,2.976338,1
1.485000,0.033748,0.006136,-0.288018,-1.511306,2.976336,1
1.486000,0.033748,0.006136,-0.288018,-1.511306,2.976334,1
1.487000,0.033748,0.006136,-0.288018,-1.511306,2.976332,1
1.488000,0.033748,0.006136,-0.288018,-1.511306,2.976330,1
1.489000,0.033748,0.006136,-0.288018,-1.511306,2.976329,1
1.490000,0.033748,0.006136,-0.288018,-1.511306,2.976327,1
1.491000,0.036816,0.006136,0.242518,-1.358545,3.207474,1
1.492000,0.036816,0.006136,0.237807,-1.222844,2.931359,1
1.493000,0.036816,0.009204,0.233285,1.112008,-2.404228,1
1.494000,0.039884,0.009204,0.277228,1.019913,-2.169962,1
1.495000,0.039884,0.012272,0.277228,0.941708,-2.074915,1
1.496000,0.039884,0.015340,0.277228,0.924994,-2.102851,1
1.497000,0.039884,0.015340,0.277228,0.924994,-2.102856,1
1.498000,0.039884,0.015340,0.277228,0.924994,-2.102860,1
1.499000,0.042951,0.015340,0.277228,0.924994,-2.096729,1
1.500000,0.042951,0.015340,0.277228,0.924994,-2.096733,1
1.501000,0.042951,0.015340,0.277228,0.924994,-2.096738,1
1.502000,0.042951,0.018408,0.277228,0.924994,-2.158103,1
1.503000,0.042951,0.018408,0.277228,0.924994,-2.158108,1
1.504000,0.042951,0.018408,0.277228,0.924994,-2.158114,1
1.505000,0.042951,0.018408,0.277228,0.924994,-2.158119,1
1.506000,0.042951,0.018408,0.277228,0.924994,-2.158125,1
1.507000,0.042951,0.018408,0.277228,0.924994,-2.158130,1
1.508000,0.042951,0.018408,0.277228,0.924994,-2.158136,1
1.509000,0.042951,0.015340,0.277228,-0.891624,2.136456,1
1.510000,0.042951,0.015340,0.277228,-0.831481,2.016164,1
1.511000,0.042951,0.012272,0.277228,-0.778290,1.971139,1
1.512000,0.042951,0.012272,0.277228,-0.732125,1.878805,1
1.513000,0.042951,0.012272,0.277228,-0.690926,1.796403,1
1.514000,0.042951,0.012272,0.277228,-0.653980,1.722507,1
1.515000,0.042951,0.012272,0.277228,-0.621070,1.656684,1
1.516000,0.042951,0.012272,0.277228,-0.590916,1.596371,1
1.517000,0.042951,0.012272,0.277228,-0.590916,1.596368,1
1.518000,0.042951,0.012272,0.277228,-0.590916,1.596364,1
1.519000,0.042951,0.012272,0.277228,-0.590916,1.596360,1
1.520000,0.046019,0.012272,0.277228,-0.495551,1.411762,1
1.521000,0.046019,0.012272,0.277228,-0.476286,1.373229,1
1.522000,0.046019,0.012272,0.277228,-0.458532,1.337718,1
1.523000,0.046019,0.012272,0.277228,-0.441982,1.304614,1
1.524000,0.049087,0.012272,0.277228,-0.398876,1.224534,1
1.525000,0.049087,0.012272,0.277228,-0.398876,1.224531,1
1.526000,0.049087,0.012272,0.277228,-0.398876,1.224527,1
1.527000,0.049087,0.012272,0.277228,-0.386350,1.199471,1
1.528000,0.049087,0.012272,0.277228,-0.386350,1.199467,1
1.529000,0.049087,0.012272,0.277228,-0.386350,1.199463,1
1.530000,0.049087,0.012272,0.277228,-0.386350,1.199460,1
1.531000,0.052155,0.015340,0.272484,-0.384105,1.134998,1
1.532000,0.052155,0.018408,0.272484,-0.384105,1.073633,1
1.533000,0.055223,0.018408,0.272484,-0.384105,1.079763,1
1.534000,0.055223,0.018408,0.272484,-0.384105,1.079758,1
1.535000,0.055223,0.018408,0.272484,-0.384105,1.079752,1
1.536000,0.058291,0.021476,0.272484,-0.384105,1.024522,1
1.537000,0.058291,0.021476,0.272484,-0.384105,1.024516,1
1.538000,0.061359,0.024544,0.272484,-0.384105,0.969285,1
1.539000,0.061359,0.024544,0.272484,-0.384105,0.969278,1
1.540000,0.061359,0.024544,0.272484,-0.384105,0.969271,1
1.541000,0.064427,0.027612,0.762477,0.893041,-1.750259,1
1.542000,0.064427,0.027612,0.762477,0.893041,-1.750267,1
1.543000,0.064427,0.030680,0.762477,0.893041,-1.811636,1
1.544000,0.067495,0.030680,0.762477,0.893041,-1.805509,1
1.545000,0.067495,0.033748,0.762477,0.893041,-1.866879,1
1.546000,0.067495,0.033748,0.762477,0.893041,-1.866889,1
1.547000,0.070563,0.036816,0.762477,0.893041,-1.922123,1
1.548000,0.070563,0.036816,0.762477,0.893041,-1.922134,1
1.549000,0.070563,0.036816,0.762477,0.893041,-1.922145,1
1.550000,0.070563,0.036816,0.762477,0.893041,-1.922156,1
1.551000,0.073631,0.039884,0.762477,1.232228,-2.655766,1
1.552000,0.073631,0.039884,0.762477,1.232228,-2.655778,1
1.553000,0.073631,0.039884,0.762477,1.232228,-2.655790,1
1.554000,0.073631,0.039884,0.762477,1.232228,-2.655802,1
1.555000,0.073631,0.039884,0.762477,1.232228,-2.655814,1
1.556000,0.073631,0.039884,0.762477,1.232228,-2.655826,1
1.557000,0.073631,0.039884,0.762477,1.232228,-2.655838,1
1.558000,0.073631,0.039884,0.762477,1.232228,-2.655850,1
1.559000,0.073631,0.039884,0.762477,1.232228,-2.655862,1
1.560000,0.073631,0.039884,0.762477,1.232228,-2.655874,1
1.561000,0.073631,0.039884,0.762477,1.232228,-2.655886,1
1.562000,0.073631,0.039884,0.762477,1.232228,-2.655898,1
1.563000,0.070563,0.036816,-0.536967,1.013351,-3.462374,1
1.564000,0.070563,0.036816,-0.514499,0.936199,-3.285613,1
1.565000,0.067495,0.033748,-1.099892,-0.869756,0.000000,1
1.566000,0.067495,0.033748,-1.099892,-0.812136,0.000000,1
1.567000,0.067495,0.030680,-1.099892,-0.771738,0.000000,1
1.568000,0.064427,0.030680,-1.099892,-0.771738,0.000000,1
1.569000,0.064427,0.027612,-1.099892,-0.771738,0.000000,1
1.570000,0.064427,0.027612,-1.099892,-0.771738,0.000000,1
1.571000,0.061359,0.024544,-1.099892,-0.771738,0.000000,1
1.572000,0.061359,0.024544,-1.099892,-0.771738,0.000000,1
1.573000,0.061359,0.024544,-1.099892,-0.771738,0.000000,1
1.574000,0.058291,0.024544,-1.099892,-0.771738,0.000000,1
1.575000,0.058291,0.021476,-1.099892,-0.771738,0.000000,1
1.576000,0.055223,0.021476,-0.506507,-0.771738,1.014271,1
1.577000,0.055223,0.021476,-0.506507,-0.771738,1.014265,1
1.578000,0.055223,0.018408,-0.506507,-1.130033,1.792209,1
1.579000,0.055223,0.018408,-0.506507,-1.130033,1.792203,1
1.580000,0.052155,0.018408,-0.506507,-1.130033,1.786062,1
1.581000,0.052155,0.015340,-0.506507,-1.130033,1.847417,1
1.582000,0.052155,0.015340,-0.506507,-1.130033,1.847412,1
1.583000,0.052155,0.012272,-0.506507,-1.130033,1.908768,1
1.584000,0.049087,0.012272,-0.506507,-1.130033,1.902628,1
1.585000,0.049087,0.012272,-0.506507,-1.130033,1.902624,1
1.586000,0.049087,0.012272,-0.506507,-1.130033,1.902621,1
1.587000,0.049087,0.012272,-0.506507,-1.130033,1.902617,1
1.588000,0.049087,0.012272,-0.506507,-1.130033,1.902613,1
1.589000,0.049087,0.009204,-0.506507,-1.080378,1.864659,1
1.590000,0.049087,0.009204,-0.506507,-0.992835,1.689572,1
1.591000,0.049087,0.009204,-0.506507,-0.918757,1.541411,1
1.592000,0.049087,0.009204,-0.506507,-0.854385,1.412664,1
1.593000,0.049087,0.009204,-0.506507,-0.799128,1.302149,1
1.594000,0.049087,0.009204,-0.506507,-0.750007,1.203903,1
1.595000,0.049087,0.009204,-0.506507,-0.707264,1.118415,1
1.596000,0.049087,0.012272,-0.506507,0.668574,-2.294623,1
1.597000,0.049087,0.012272,-0.506507,0.633861,-2.225202,1
1.598000,0.049087,0.015340,-0.506507,0.605722,-2.230288,1
1.599000,0.049087,0.015340,-0.506507,0.605722,-2.230292,1
1.600000,0.049087,0.015340,-0.506507,0.605722,-2.230297,1
1.601000,0.049087,0.015340,-0.490094,0.605722,-2.213889,1
1.602000,0.049087,0.015340,-0.471207,0.605722,-2.195007,1
1.603000,0.049087,0.015340,-0.408482,0.605722,-2.132286,1
1.604000,0.042951,0.012272,-0.941385,0.605722,-2.616106,1
1.605000,0.042951,0.012272,-0.941385,0.605722,-2.616110,1
1.606000,0.042951,0.012272,-0.941385,0.605722,-2.616113,1
1.607000,0.042951,0.012272,-0.941385,0.605722,-2.616117,1
1.608000,0.042951,0.012272,-0.941385,0.605722,-2.616121,1
1.609000,0.042951,0.012272,-0.941385,0.605722,-2.616124,1
1.610000,0.042951,0.012272,-0.941385,0.605722,-2.616128,1
1.611000,0.042951,0.009204,-0.941385,0.605722,-2.554771,1
1.612000,0.042951,0.009204,-0.941385,0.605722,-2.554774,1
1.613000,0.039884,0.009204,-0.941385,0.605722,-2.560913,1
1.614000,0.039884,0.006136,-0.941385,-0.803931,0.919750,1
1.615000,0.039884,0.006136,-0.941385,-0.803931,0.919748,1
1.616000,0.036816,0.003068,-0.941385,-0.803931,0.974971,1
1.617000,0.036816,0.000000,-0.941385,-0.803931,1.036330,1
1.618000,0.033748,-0.003068,-0.941385,-0.803931,1.091554,1
1.619000,0.033748,-0.003068,-0.941385,-0.803931,1.091555,1
1.620000,0.030680,-0.003068,-0.387976,-0.803931,1.638829,1
1.621000,0.027612,-0.009204,-0.387976,-1.569789,3.287131,1
1.622000,0.027612,-0.009204,-0.387976,-1.569789,3.287133,1
1.623000,0.027612,-0.009204,-0.387976,-1.569789,3.287136,1
1.624000,0.027612,-0.009204,-0.387976,-1.569789,3.287139,1
1.625000,0.024544,-0.012272,-0.387976,-1.569789,3.342366,1
1.626000,0.024544,-0.012272,-0.387976,-1.569789,3.342369,1
1.627000,0.024544,-0.012272,-0.387976,-1.569789,3.342373,1
1.628000,0.024544,-0.012272,-0.387976,-1.569789,3.342377,1
1.629000,0.024544,-0.012272,-0.387976,-1.530497,3.263797,1
1.630000,0.024544,-0.015340,-0.387976,-1.361847,2.987860,1
1.631000,0.021476,-0.015340,-0.387976,-1.224954,2.707944,1
1.632000,0.021476,-0.015340,-0.387976,-1.115016,2.488071,1
1.633000,0.024544,-0.012272,-0.387976,0.766239,-1.929659,1
1.634000,0.024544,-0.012272,-0.387976,0.766239,-1.929655,1
1.635000,0.024544,-0.006136,-0.387976,0.699415,-1.918722,1
1.636000,0.024544,-0.006136,-0.387976,0.699415,-1.918721,1
1.637000,0.024544,-0.006136,-0.387976,0.699415,-1.918719,1
1.638000,0.024544,-0.006136,-0.387976,1.313474,-3.146836,1
1.639000,0.021476,-0.006136,-0.377732,1.313474,-3.142725,1
1.640000,0.018408,-0.009204,-1.197612,1.313474,-3.907379,1
1.641000,0.015340,-0.012272,-1.197612,-1.213677,1.802151,1
1.642000,0.012272,-0.021476,-1.197612,-1.015956,1.584657,1
1.643000,0.006136,-0.024544,-0.371482,-1.015956,2.459881,1
1.644000,0.003068,-0.027612,-0.371482,-1.015956,2.515113,1
1.645000,0.000000,-0.030680,-0.371482,-1.606330,3.751093,1
1.646000,0.000000,-0.033748,-0.371482,-1.606330,3.812462,1
1.647000,0.000000,-0.033748,-0.371482,-1.458532,3.516877,1
1.648000,0.000000,-0.033748,-0.371482,-1.458532,3.516887,1
1.649000,0.000000,-0.033748,-0.371482,-1.458532,3.516897,1
1.650000,0.003068,-0.030680,-1.091697,0.988956,-2.753509,1
1.651000,0.003068,-0.030680,-1.091697,0.988956,-2.753499,1
1.652000,0.003068,-0.030680,-1.091697,0.988956,-2.753490,1
1.653000,0.003068,-0.024544,-1.091697,0.796492,-2.491274,1
1.654000,0.003068,-0.024544,-1.091697,0.666591,-2.231464,1
1.655000,0.003068,-0.021476,-1.091697,0.631166,-2.221966,1
1.656000,0.003068,-0.024544,1.016290,0.631166,0.547388,1
1.657000,0.003068,-0.024544,0.814126,0.631166,0.000000,1
1.658000,0.003068,-0.027612,0.678865,0.631166,0.000000,1
1.659000,0.000000,-0.027612,-0.582475,0.631166,-1.596130,1
1.660000,0.000000,-0.027612,-0.582475,0.631166,-1.596122,1
1.661000,0.000000,-0.027612,-0.582475,0.631166,-1.596114,1
1.662000,0.000000,-0.027612,-0.582475,0.631166,-1.596105,1
1.663000,0.000000,-0.027612,-0.582475,0.631166,-1.596097,1
1.664000,0.000000,-0.027612,-0.582475,0.631166,-1.596089,1
1.665000,0.000000,-0.027612,-0.582475,0.631166,-1.596081,1
1.666000,0.000000,-0.027612,-0.582475,0.631166,-1.596072,1
1.667000,0.000000,-0.027612,-0.582475,0.631166,-1.596064,1
1.668000,0.000000,-0.027612,-0.582475,0.631166,-1.596056,1
1.669000,0.000000,-0.027612,-0.582475,0.631166,-1.596047,1
1.670000,0.000000,-0.027612,-0.582475,0.631166,-1.596039,1
1.671000,0.000000,-0.027612,-0.582475,0.631166,-1.596031,1
1.672000,0.000000,-0.027612,-0.582475,0.631166,-1.596023,1
1.673000,0.000000,-0.027612,-0.582475,0.631166,-1.596014,1
1.674000,0.000000,-0.027612,-0.582475,0.631166,-1.596006,1
1.675000,0.000000,-0.027612,-0.582475,0.631166,-1.595998,1
1.676000,0.000000,-0.027612,-0.582475,0.631166,-1.595989,1
1.677000,0.000000,-0.027612,-0.582475,0.631166,-1.595981,1
1.678000,0.000000,-0.027612,-0.582475,0.631166,-1.595973,1
1.679000,0.000000,-0.027612,-0.582475,0.631166,-1.595965,1
1.680000,0.000000,-0.027612,-0.582475,0.631166,-1.595956,1
1.681000,0.000000,-0.027612,-0.582475,0.631166,-1.595948,1
1.682000,0.000000,-0.027612,-0.582475,0.631166,-1.595940,1
1.683000,0.000000,-0.027612,-0.582475,0.631166,-1.595931,1
1.684000,0.000000,-0.027612,-0.582475,0.631166,-1.595923,1
1.685000,0.000000,-0.027612,-0.582475,0.631166,-1.595915,1
1.686000,0.000000,-0.027612,-0.582475,0.631166,-1.595907,1
1.687000,0.000000,-0.027612,-0.582475,0.631166,-1.595898,1
1.688000,0.000000,-0.027612,-0.582475,0.631166,-1.595890,1
1.689000,0.000000,-0.027612,-0.582475,0.631166,-1.595882,1
1.690000,0.000000,-0.027612,-0.582475,0.631166,-1.595874,1
1.691000,0.000000,-0.027612,-0.582475,0.631166,-1.595865,1
1.692000,0.000000,-0.027612,-0.582475,0.631166,-1.595857,1
1.693000,0.000000,-0.027612,-0.582475,0.631166,-1.595849,1
1.694000,0.000000,-0.027612,-0.582475,0.631166,-1.595840,1
1.695000,0.000000,-0.027612,-0.582475,0.631166,-1.595832,1
1.696000,0.000000,-0.027612,-0.582475,0.631166,-1.595824,1
1.697000,0.000000,-0.027612,-0.582475,0.631166,-1.595816,1
1.698000,0.000000,-0.027612,-0.582475,0.631166,-1.595807,1
1.699000,0.000000,-0.027612,-0.582475,0.631166,-1.595799,1
1.700000,0.000000,-0.027612,-0.582475,0.631166,-1.595791,1
1.701000,0.000000,-0.027612,-0.582475,0.631166,-1.595782,1
1.702000,0.000000,-0.027612,-0.555880,0.631166,-1.569179,1
1.703000,0.000000,-0.027612,-0.531708,0.631166,-1.544999,1
1.704000,-0.003068,-0.027612,-0.509626,0.631166,-1.529044,1
1.705000,-0.003068,-0.027612,-0.489415,0.631166,-1.508825,1
1.706000,-0.003068,-0.027612,-0.470752,0.631166,-1.490154,1
1.707000,-0.003068,-0.030680,-0.453193,-0.638830,1.728765,1
1.708000,-0.003068,-0.030680,-0.437016,-0.638830,1.744952,1
1.709000,-0.006136,-0.033748,-0.430297,-0.638830,1.806904,1
1.710000,-0.006136,-0.033748,-0.430297,-0.638830,1.806915,1
1.711000,-0.006136,-0.033748,-0.430297,-0.638830,1.806925,1
1.712000,-0.006136,-0.033748,-0.430297,-0.638830,1.806935,1
1.713000,-0.006136,-0.033748,-0.430297,-0.638830,1.806945,1
1.714000,-0.006136,-0.033748,-0.430297,-0.638830,1.806955,1
1.715000,-0.009204,-0.036816,-0.430297,-0.638830,1.862189,1
1.716000,-0.009204,-0.036816,-0.430297,-0.638830,1.862200,1
1.717000,-0.009204,-0.036816,-0.430297,-0.638830,1.862212,1
1.718000,-0.009204,-0.036816,-0.430297,-0.638830,1.862223,1
1.719000,-0.009204,-0.036816,-0.430297,-0.638830,1.862234,1
1.720000,-0.009204,-0.036816,-0.430297,-0.638830,1.862245,1
1.721000,-0.009204,-0.036816,-0.430297,-0.638830,1.862256,1
1.722000,-0.009204,-0.036816,-0.430297,-0.638830,1.862267,1
1.723000,-0.009204,-0.036816,-0.430297,-0.638830,1.862278,1
1.724000,-0.009204,-0.036816,-0.430297,-0.638830,1.862289,1
1.725000,-0.006136,-0.033748,-0.430297,-0.682018,1.893451,1
1.726000,-0.006136,-0.033748,-0.430297,-0.682018,1.893461,1
1.727000,-0.006136,-0.033748,-0.430297,-0.682018,1.893471,1
1.728000,-0.006136,-0.033748,-0.430297,-0.682018,1.893481,1
1.729000,-0.006136,-0.033748,-0.430297,-0.682018,1.893491,1
1.730000,-0.006136,-0.033748,-0.430297,-0.682018,1.893501,1
1.731000,-0.003068,-0.030680,-0.430297,-0.682018,1.838287,1
1.732000,-0.003068,-0.030680,-0.430297,-0.682018,1.838296,1
1.733000,-0.003068,-0.030680,-0.430297,-0.682018,1.838306,1
1.734000,-0.003068,-0.030680,-0.430297,-0.682018,1.838315,1
1.735000,-0.003068,-0.030680,-0.430297,-0.682018,1.838324,1
1.736000,-0.003068,-0.030680,-0.430297,-0.682018,1.838333,1
1.737000,0.003068,-0.024544,0.386974,-0.682018,2.545164,1
1.738000,0.003068,-0.024544,0.386974,-0.682018,2.545172,1
1.739000,0.006136,-0.021476,0.386974,0.831402,-1.136884,1
1.740000,0.006136,-0.021476,0.386974,0.831402,-1.136877,1
1.741000,0.006136,-0.018408,0.386974,0.831402,-1.198231,1
1.742000,0.009204,-0.015340,0.386974,0.831402,-1.253450,1
1.743000,0.009204,-0.015340,0.386974,0.831402,-1.253445,1
1.744000,0.012272,-0.015340,0.386974,0.831402,-1.247304,1
1.745000,0.015340,-0.012272,1.101746,0.831402,-0.587751,1
1.746000,0.015340,-0.012272,1.101746,0.831402,-0.587748,1
1.747000,0.015340,-0.012272,1.101746,0.831402,-0.587744,1
1.748000,0.018408,-0.006136,1.101746,1.465679,-1.972880,1
1.749000,0.018408,-0.006136,1.101746,1.465679,-1.972878,1
1.750000,0.021476,-0.003068,1.101746,1.465679,-2.028100,1
1.751000,0.021476,-0.003068,1.101746,1.465679,-2.028099,1
1.752000,0.024544,-0.003068,1.070258,1.275065,-1.672223,1
1.753000,0.024544,-0.003068,1.070258,1.275065,-1.672222,1
1.754000,0.024544,-0.003068,1.070258,1.275065,-1.672221,1
1.755000,0.024544,-0.003068,1.070258,1.275065,-1.672220,1
1.756000,0.024544,-0.003068,1.070258,1.275065,-1.672219,1
1.757000,0.024544,-0.003068,1.070258,1.275065,-1.672218,1
1.758000,0.024544,-0.003068,1.070258,1.275065,-1.672217,1
1.759000,0.024544,0.000000,0.702580,0.785395,-1.121914,1
1.760000,0.024544,0.000000,0.702580,0.785395,-1.121914,1
1.761000,0.024544,0.000000,0.702580,0.785395,-1.121914,1
1.762000,0.024544,0.000000,0.702580,0.785395,-1.121914,1
1.763000,0.024544,0.000000,0.702580,0.785395,-1.121914,1
1.764000,0.024544,0.000000,0.664747,0.738415,-1.065788,1
1.765000,0.024544,0.000000,0.630770,0.696726,-1.016387,1
1.766000,0.024544,0.000000,0.599653,0.658957,-0.971965,1
1.767000,0.024544,0.000000,0.571620,0.625260,-0.932604,1
1.768000,0.024544,0.000000,0.546395,0.594939,-0.897186,1
1.769000,0.018408,-0.006136,-0.402833,-0.439344,0.932599,1
1.770000,0.018408,-0.006136,-0.402833,-0.439344,0.932601,1
1.771000,0.018408,-0.006136,-0.402833,-0.439344,0.932603,1
1.772000,0.018408,-0.006136,-0.402833,-0.439344,0.932605,1
1.773000,0.018408,-0.006136,-0.402833,-0.439344,0.932606,1
1.774000,0.018408,-0.006136,-0.402833,-0.439344,0.932608,1
1.775000,0.018408,-0.006136,-0.402833,-0.439344,0.932610,1
1.776000,0.018408,-0.006136,-0.389986,-0.439344,0.945460,1
1.777000,0.018408,-0.006136,-0.389986,-0.439344,0.945462,1
1.778000,0.018408,-0.006136,-0.378054,-0.439344,0.957396,1
1.779000,0.018408,-0.006136,-0.366737,-0.439344,0.968714,1
1.780000,0.018408,-0.009204,-0.356088,-0.439344,1.040725,1
1.781000,0.018408,-0.009204,-0.345993,-0.439344,1.050823,1
1.782000,0.015340,-0.009204,-1.198627,-0.439344,0.000000,1
1.783000,0.015340,-0.009204,-1.198627,-0.439344,0.000000,1
1.784000,0.015340,-0.009204,-1.198627,-0.439344,0.000000,1
1.785000,0.015340,-0.009204,-1.198627,-0.439344,0.000000,1
1.786000,0.015340,-0.012272,-1.198627,-0.439344,0.000000,1
1.787000,0.015340,-0.012272,-1.198627,-0.439344,0.000000,1
1.788000,0.015340,-0.012272,-1.198627,-0.439344,0.000000,1
1.789000,0.015340,-0.012272,-1.198627,-0.439344,0.000000,1
1.790000,0.015340,-0.012272,-1.198627,-0.439344,0.000000,1
1.791000,0.012272,-0.012272,-1.198627,-0.439344,0.000000,1
1.792000,0.012272,-0.012272,-1.185255,-0.439344,0.000000,1
1.793000,0.012272,-0.012272,-1.080235,-0.439344,0.000000,1
1.794000,0.009204,-0.018408,-0.633971,-0.490274,1.030422,1
1.795000,0.009204,-0.018408,-0.633971,-0.490274,1.030427,1
1.796000,0.009204,-0.018408,-0.633971,-0.490274,1.030433,1
1.797000,0.009204,-0.018408,-0.633971,-0.490274,1.030438,1
1.798000,0.009204,-0.018408,-0.633971,-0.490274,1.030444,1
1.799000,0.009204,-0.018408,-0.633971,-0.490274,1.030449,1
1.800000,0.009204,-0.018408,-0.633971,-0.490274,1.030455,1
1.801000,0.009204,-0.018408,-0.633971,-0.490274,1.030460,1
1.802000,0.009204,-0.018408,-0.603060,-0.490274,1.061376,1
1.803000,0.009204,-0.018408,-0.603060,-0.490274,1.061382,1
1.804000,0.009204,-0.018408,-0.603060,-0.490274,1.061387,1
1.805000,0.009204,-0.018408,-0.603060,-0.490274,1.061393,1
1.806000,0.009204,-0.018408,-0.503799,-0.490274,1.160660,1
1.807000,0.009204,-0.021476,-0.367938,-0.490274,1.357886,1
1.808000,0.009204,-0.021476,-0.367938,-0.490274,1.357893,1
1.809000,0.009204,-0.021476,-0.367938,-0.490274,1.357899,1
1.810000,0.009204,-0.021476,-0.367938,-0.490274,1.357906,1
1.811000,0.009204,-0.021476,-0.367938,-0.490274,1.357912,1
1.812000,0.009204,-0.021476,-0.367938,-0.490274,1.357918,1
1.813000,0.009204,-0.021476,-0.367938,-0.490274,1.357925,1
1.814000,0.009204,-0.021476,-0.367938,-0.490274,1.357931,1
1.815000,0.009204,-0.021476,-0.367938,-0.490274,1.357938,1
1.816000,0.009204,-0.021476,-0.357217,-0.490274,1.368665,1
1.817000,0.009204,-0.021476,-0.347109,-0.490274,1.378780,1
1.818000,0.012272,-0.018408,-0.252534,-0.490274,1.418137,1
1.819000,0.012272,-0.018408,-0.252534,-0.490274,1.418142,1
1.820000,0.015340,-0.018408,-0.252534,0.460355,-1.076975,1
1.821000,0.015340,-0.018408,-0.252534,0.460355,-1.076969,1
1.822000,0.015340,-0.018408,-0.252534,0.460355,-1.076964,1
1.823000,0.015340,-0.018408,-0.252534,0.460355,-1.076958,1
1.824000,0.015340,-0.018408,-0.252534,0.460355,-1.076953,1
1.825000,0.015340,-0.018408,-0.252534,0.460355,-1.076947,1
1.826000,0.015340,-0.018408,-0.252534,0.460355,-1.076942,1
1.827000,0.015340,-0.018408,-0.252534,0.460355,-1.076936,1
1.828000,0.015340,-0.015340,-0.252534,0.443823,-1.105227,1
1.829000,0.015340,-0.015340,-0.252534,0.428210,-1.073997,1
1.830000,0.015340,-0.015340,-0.252534,0.413717,-1.045007,1
1.831000,0.015340,-0.012272,-0.252534,0.400228,-1.079383,1
1.832000,0.015340,-0.012272,-0.252534,0.387656,-1.054237,1
1.833000,0.018408,-0.012272,-0.252534,0.375830,-1.024445,1
1.834000,0.018408,-0.012272,-0.252534,0.375830,-1.024441,1
1.835000,0.018408,-0.012272,-0.252534,0.375830,-1.024438,1
1.836000,0.018408,-0.012272,-0.252534,0.334772,-0.942317,1
1.837000,0.018408,-0.012272,-0.252534,0.334772,-0.942313,1
1.838000,0.018408,-0.012272,-0.252534,0.325904,-0.924574,1
1.839000,0.018408,-0.009204,-0.252534,0.322181,-0.978483,1
1.840000,0.018408,-0.009204,-0.252534,0.322181,-0.978480,1
1.841000,0.021476,-0.009204,-0.252534,0.322181,-0.972342,1
1.842000,0.021476,-0.009204,-0.252534,0.322181,-0.972339,1
1.843000,0.021476,-0.009204,-0.252534,0.322181,-0.972336,1
1.844000,0.021476,-0.009204,-0.252534,0.322181,-0.972334,1
1.845000,0.021476,-0.009204,-0.252534,0.322181,-0.972331,1
1.846000,0.021476,-0.009204,-0.252534,0.322181,-0.972328,1
1.847000,0.021476,-0.009204,-0.252534,0.322181,-0.972325,1
1.848000,0.021476,-0.009204,-0.252534,0.322181,-0.972322,1
1.849000,0.021476,-0.012272,-0.252534,0.322181,-0.910960,1
1.850000,0.018408,-0.012272,-0.252534,0.322181,-0.917092,1
1.851000,0.018408,-0.012272,-0.252534,0.322181,-0.917088,1
1.852000,0.018408,-0.012272,-0.252534,0.322181,-0.917084,1
1.853000,0.018408,-0.012272,-0.252534,0.322181,-0.917081,1
1.854000,0.018408,-0.012272,-0.252534,0.322181,-0.917077,1
1.855000,0.018408,-0.012272,-0.252534,0.322181,-0.917073,1
1.856000,0.018408,-0.012272,-0.252534,0.322181,-0.917070,1
1.857000,0.018408,-0.012272,-0.252534,0.322181,-0.917066,1
1.858000,0.018408,-0.012272,-0.252534,0.322181,-0.917062,1
1.859000,0.018408,-0.012272,-0.252534,0.322181,-0.917059,1
1.860000,0.018408,-0.012272,-0.252534,0.322181,-0.917055,1
1.861000,0.018408,-0.012272,-0.252534,0.322181,-0.917051,1
1.862000,0.015340,-0.015340,-0.379812,0.322181,-0.989101,1
1.863000,0.015340,-0.018408,-0.379812,-0.550422,1.417469,1
1.864000,0.012272,-0.018408,-0.379812,-0.550422,1.411339,1
1.865000,0.012272,-0.021476,-0.379812,-0.550422,1.472704,1
1.866000,0.009204,-0.027612,-0.379812,-0.550422,1.589295,1
1.867000,0.009204,-0.027612,-0.379812,-0.550422,1.589304,1
1.868000,0.009204,-0.027612,-0.379812,-0.550422,1.589312,1
1.869000,0.009204,-0.027612,-0.379812,-0.550422,1.589320,1
1.870000,0.009204,-0.027612,-0.379812,-0.550422,1.589328,1
1.871000,0.009204,-0.027612,-0.379812,-0.550422,1.589337,1
1.872000,0.009204,-0.027612,-0.379812,-0.550422,1.589345,1
1.873000,0.009204,-0.027612,-0.379812,-0.550422,1.589353,1
1.874000,0.009204,-0.027612,-0.379812,-0.550422,1.589362,1
1.875000,0.009204,-0.027612,-0.379812,-0.550422,1.589370,1
1.876000,0.009204,-0.027612,-0.379812,-0.550422,1.589378,1
1.877000,0.009204,-0.027612,-0.379812,-0.550422,1.589386,1
1.878000,0.009204,-0.027612,-0.379812,-0.550422,1.589395,1
1.879000,0.009204,-0.027612,-0.379812,-0.550422,1.589403,1
1.880000,0.009204,-0.027612,-0.379812,-0.550422,1.589411,1
1.881000,0.009204,-0.027612,-0.379812,-0.550422,1.589420,1
1.882000,0.009204,-0.027612,-0.379812,-0.550422,1.589428,1
1.883000,0.009204,-0.027612,-0.379812,-0.550422,1.589436,1
1.884000,0.009204,-0.027612,-0.379812,-0.550422,1.589444,1
1.885000,0.015340,-0.027612,-0.321720,-0.434032,1.427036,1
1.886000,0.015340,-0.027612,-0.321720,-0.434032,1.427045,1
1.887000,0.015340,-0.027612,-0.321720,-0.434032,1.427053,1
1.888000,0.015340,-0.027612,-0.321720,-0.434032,1.427061,1
1.889000,0.015340,-0.027612,-0.321720,-0.434032,1.427069,1
1.890000,0.015340,-0.024544,-0.321720,0.419178,-0.940703,1
1.891000,0.015340,-0.024544,-0.321720,0.405356,-0.913052,1
1.892000,0.021476,-0.018408,-0.321720,0.389859,-0.992498,1
1.893000,0.021476,-0.018408,-0.321720,0.389859,-0.992492,1
1.894000,0.021476,-0.018408,-0.321720,0.389859,-0.992487,1
1.895000,0.021476,-0.018408,-0.321720,0.389859,-0.992481,1
1.896000,0.021476,-0.018408,-0.321720,0.389859,-0.992475,1
1.897000,0.021476,-0.018408,-0.321720,0.389859,-0.992470,1
1.898000,0.021476,-0.018408,-0.321720,0.389859,-0.992464,1
1.899000,0.021476,-0.018408,-0.321720,0.389859,-0.992459,1
1.900000,0.021476,-0.018408,-0.321720,0.389859,-0.992453,1
1.901000,0.021476,-0.018408,-0.321720,0.389859,-0.992448,1
1.902000,0.021476,-0.018408,-0.321720,0.389859,-0.992442,1
1.903000,0.021476,-0.018408,-0.321720,0.389859,-0.992437,1
1.904000,0.024544,-0.018408,0.561615,0.389859,0.497039,1
1.905000,0.024544,-0.018408,0.561615,0.389859,0.497045,1
1.906000,0.027612,-0.018408,0.561615,0.389859,0.503186,1
1.907000,0.027612,-0.018408,0.561615,0.389859,0.503192,1
1.908000,0.027612,-0.018408,0.561615,0.389859,0.503197,1
1.909000,0.027612,-0.018408,0.561615,0.389859,0.503203,1
1.910000,0.027612,-0.018408,0.561615,0.389859,0.503208,1
1.911000,0.027612,-0.018408,0.561615,0.389859,0.503214,1
1.912000,0.027612,-0.018408,0.561615,0.389859,0.503220,1
1.913000,0.027612,-0.018408,0.561615,0.389859,0.503225,1
1.914000,0.027612,-0.018408,0.561615,0.389859,0.503231,1
1.915000,0.027612,-0.018408,0.561615,0.389859,0.503236,1
1.916000,0.027612,-0.018408,0.561615,0.389859,0.503242,1
1.917000,0.027612,-0.018408,0.561615,0.389859,0.503247,1
1.918000,0.027612,-0.018408,0.561615,0.389859,0.503253,1
1.919000,0.027612,-0.018408,0.561615,0.389859,0.503258,1
1.920000,0.027612,-0.018408,0.561615,0.389859,0.503264,1
1.921000,0.027612,-0.018408,0.561615,0.389859,0.503269,1
1.922000,0.027612,-0.018408,0.561615,0.389859,0.503275,1
1.923000,0.027612,-0.015340,0.561615,0.389859,0.000000,1
1.924000,0.030680,-0.015340,0.561615,0.385934,0.455910,1
1.925000,0.030680,-0.015340,0.561615,0.374159,0.479464,1
1.926000,0.030680,-0.015340,0.544369,0.363158,0.484226,1
1.927000,0.030680,-0.015340,0.521101,0.352653,0.481972,1
1.928000,0.030680,-0.015340,0.499849,0.342790,0.480451,1
1.929000,0.030680,-0.015340,0.480438,0.333548,0.479528,1
1.930000,0.030680,-0.015340,0.480438,0.333548,0.479533,1
1.931000,0.030680,-0.015340,0.480438,0.333548,0.479537,1
1.932000,0.033748,-0.015340,0.462231,0.324669,0.485228,1
1.933000,0.033748,-0.015340,0.415355,0.300823,0.486049,1
1.934000,0.033748,-0.012272,0.401737,0.293614,0.000000,1
1.935000,0.033748,-0.012272,0.389029,0.286768,0.000000,1
1.936000,0.033748,-0.012272,0.377052,0.280207,0.000000,1
1.937000,0.036816,-0.012272,0.399396,0.273947,0.468634,1
1.938000,0.036816,-0.012272,0.399396,0.267962,0.480607,1
1.939000,0.036816,-0.012272,0.399396,0.262234,0.492068,1
1.940000,0.036816,-0.012272,0.399396,0.256792,0.502955,1
1.941000,0.036816,-0.012272,0.399396,0.251502,0.513539,1
1.942000,0.036816,-0.012272,0.399396,0.251502,0.513543,1
1.943000,0.039884,-0.009204,0.399396,0.241720,0.477885,1
1.944000,0.039884,-0.009204,0.399396,0.241720,0.477888,1
1.945000,0.039884,-0.009204,0.399396,0.241720,0.477891,1
1.946000,0.039884,-0.009204,0.399396,0.241720,0.477894,1
1.947000,0.039884,-0.009204,0.399396,0.241720,0.477896,1
1.948000,0.039884,-0.009204,0.399396,0.241720,0.477899,1
1.949000,0.039884,-0.009204,0.399396,0.241720,0.477902,1
1.950000,0.039884,-0.009204,0.399396,0.241720,0.477905,1
1.951000,0.042951,-0.006136,0.399396,0.241720,0.000000,1
1.952000,0.046019,-0.006136,0.399396,0.241720,0.000000,1
1.953000,0.046019,-0.006136,0.399396,0.241720,0.000000,1
1.954000,0.046019,-0.006136,0.399396,0.241720,0.000000,1
1.955000,0.046019,-0.006136,0.399396,0.241720,0.000000,1
1.956000,0.046019,-0.006136,0.399396,0.241720,0.000000,1
1.957000,0.049087,-0.006136,0.503032,0.241720,0.538602,1
1.958000,0.049087,-0.003068,0.503032,0.241720,0.477243,1
1.959000,0.049087,-0.003068,0.503032,0.241720,0.477244,1
1.960000,0.049087,-0.003068,0.503032,0.241720,0.477245,1
1.961000,0.052155,-0.003068,0.503032,0.241720,0.483382,1
1.962000,0.052155,0.000000,0.503032,0.241720,0.000000,1
1.963000,0.052155,0.000000,0.503032,0.241720,0.000000,1
1.964000,0.052155,0.000000,0.503032,0.241720,0.000000,1
1.965000,0.052155,0.000000,0.503032,0.241720,0.000000,1
1.966000,0.055223,0.000000,0.503032,0.241720,0.000000,1
1.967000,0.055223,0.000000,0.503032,0.241720,0.000000,1
1.968000,0.055223,0.000000,0.503032,0.241720,0.000000,1
1.969000,0.055223,0.000000,0.503032,0.241720,0.000000,1
1.970000,0.058291,0.000000,0.503032,0.241720,0.000000,1
1.971000,0.058291,0.003068,0.503032,0.452132,-0.647889,1
1.972000,0.058291,0.003068,0.503032,0.452132,-0.647889,1
1.973000,0.058291,0.003068,0.503032,0.452132,-0.647890,1
1.974000,0.061359,0.003068,0.688465,0.452132,-0.456322,1
1.975000,0.061359,0.003068,0.688465,0.452132,-0.456323,1
1.976000,0.061359,0.003068,0.688465,0.452132,-0.456324,1
1.977000,0.061359,0.003068,0.688465,0.452132,-0.456325,1
1.978000,0.061359,0.006136,0.688465,0.452132,-0.517686,1
1.979000,0.061359,0.006136,0.688465,0.452132,-0.517688,1
1.980000,0.064427,0.006136,0.688465,0.452132,-0.511554,1
1.981000,0.064427,0.006136,0.688465,0.452132,-0.511556,1
1.982000,0.064427,0.006136,0.688465,0.452132,-0.511558,1
1.983000,0.067495,0.006136,0.688465,0.452132,-0.505424,1
1.984000,0.067495,0.006136,0.602344,0.452132,-0.591546,1
1.985000,0.067495,0.006136,0.524924,0.452132,-0.668969,1
1.986000,0.067495,0.006136,0.524924,0.452132,-0.668970,1
1.987000,0.067495,0.006136,0.524924,0.452132,-0.668972,1
1.988000,0.067495,0.006136,0.524924,0.452132,-0.668974,1
1.989000,0.067495,0.006136,0.524924,0.452132,-0.668976,1
1.990000,0.067495,0.006136,0.524924,0.452132,-0.668978,1
1.991000,0.067495,0.006136,0.524924,0.452132,-0.668980,1
1.992000,0.067495,0.006136,0.524924,0.452132,-0.668981,1
1.993000,0.067495,0.006136,0.524924,0.452132,-0.668983,1
1.994000,0.067495,0.006136,0.524924,0.452132,-0.668985,1
1.995000,0.067495,0.006136,0.524924,0.452132,-0.668987,1
1.996000,0.067495,0.006136,0.524924,0.452132,-0.668989,1
1.997000,0.067495,0.006136,0.524924,0.452132,-0.668991,1
1.998000,0.067495,0.006136,0.503605,0.440188,-0.666424,1
1.999000,0.067495,0.006136,0.483588,0.424818,-0.655702,1
2.000000,0.067495,0.006136,0.465352,0.410680,-0.645665,1
2.001000,0.067495,0.006136,0.448281,0.397327,-0.636032,1
2.002000,0.067495,0.006136,0.432464,0.384852,-0.626899,1
2.003000,0.067495,0.006136,0.417823,0.373213,-0.618266,1
2.004000,0.067495,0.006136,0.403938,0.362095,-0.609917,1
2.005000,0.067495,0.006136,0.391181,0.351811,-0.602106,1
2.006000,0.067495,0.006136,0.379044,0.341963,-0.594550,1
2.007000,0.067495,0.006136,0.367685,0.332691,-0.587366,1
2.008000,0.067495,0.006136,0.357043,0.323954,-0.580536,1
2.009000,0.067495,0.003068,0.346888,-0.315572,1.349718,1
2.010000,0.067495,0.003068,0.337383,-0.307686,1.324441,1
2.011000,0.067495,0.003068,0.328308,-0.300120,1.300234,1
2.012000,0.067495,0.003068,0.319814,-0.293006,1.277511,1
2.013000,0.067495,0.003068,0.311651,-0.286140,1.255614,1
2.014000,0.067495,0.003068,0.311651,-0.286140,1.255613,1
2.015000,0.067495,0.003068,0.311651,-0.286140,1.255612,1
2.016000,0.067495,0.003068,0.311651,-0.286140,1.255611,1
2.017000,0.067495,0.003068,0.303924,-0.279613,1.234829,1
2.018000,0.067495,0.000000,0.276539,-0.256266,1.222110,1
2.019000,0.067495,0.000000,0.270470,-0.251046,1.205600,1
2.020000,0.067495,0.000000,0.270470,-0.251046,1.205600,1
2.021000,0.067495,0.000000,0.270470,-0.251046,1.205600,1
2.022000,0.067495,0.000000,0.270470,-0.251046,1.205600,1
2.023000,0.067495,0.000000,0.270470,-0.251046,1.205600,1
2.024000,0.067495,0.000000,0.270470,-0.251046,1.205600,1
2.025000,0.070563,0.003068,0.238852,-0.228561,1.073789,1
2.026000,0.070563,0.003068,0.234319,-0.228561,1.069254,1
2.027000,0.070563,0.003068,0.229912,-0.228561,1.064847,1
2.028000,0.070563,0.003068,0.225686,-0.228561,1.060620,1
2.029000,0.073631,0.003068,0.551786,-0.228561,1.392855,1
2.030000,0.073631,0.003068,0.551786,-0.228561,1.392854,1
2.031000,0.073631,0.003068,0.551786,-0.228561,1.392853,1
2.032000,0.073631,0.003068,0.551786,-0.228561,1.392853,1
2.033000,0.073631,0.006136,0.551786,-0.228561,1.331492,1
2.034000,0.076699,0.006136,0.551786,-0.228561,1.337626,1
2.035000,0.076699,0.006136,0.551786,-0.228561,1.337624,1
2.036000,0.076699,0.006136,0.551786,-0.228561,1.337622,1
2.037000,0.076699,0.006136,0.551786,-0.228561,1.337620,1
2.038000,0.076699,0.006136,0.551786,-0.228561,1.337618,1
2.039000,0.079767,0.009204,0.551786,-0.228561,1.282392,1
2.040000,0.082835,0.012272,0.551786,-0.228561,1.227165,1
2.041000,0.082835,0.012272,0.551786,-0.228561,1.227161,1
2.042000,0.082835,0.012272,0.551786,-0.228561,1.227158,1
2.043000,0.085903,0.015340,0.248677,0.650032,-1.488365,1
2.044000,0.085903,0.015340,0.248677,0.650032,-1.488369,1
2.045000,0.085903,0.018408,0.248677,0.650032,-1.549734,1
2.046000,0.088971,0.018408,0.248677,0.650032,-1.543604,1
2.047000,0.088971,0.018408,0.248677,0.650032,-1.543609,1
2.048000,0.088971,0.021476,0.248677,0.650032,-1.604975,1
2.049000,0.092039,0.021476,0.248677,0.650032,-1.598845,1
2.050000,0.092039,0.021476,0.248677,0.650032,-1.598852,1
2.051000,0.092039,0.024544,0.248677,0.650032,-1.660219,1
2.052000,0.092039,0.024544,0.248677,0.650032,-1.660226,1
2.053000,0.092039,0.024544,0.248677,0.650032,-1.660233,1
2.054000,0.095107,0.024544,0.248677,0.650032,-1.654105,1
2.055000,0.095107,0.024544,0.248677,0.650032,-1.654112,1
2.056000,0.095107,0.024544,0.248677,0.650032,-1.654119,1
2.057000,0.095107,0.027612,0.248677,0.907542,-2.230508,1
2.058000,0.095107,0.027612,0.248677,0.907542,-2.230516,1
2.059000,0.095107,0.027612,0.248677,0.907542,-2.230524,1
2.060000,0.095107,0.027612,0.248677,0.907542,-2.230533,1
2.061000,0.095107,0.027612,0.248677,0.907542,-2.230541,1
2.062000,0.095107,0.027612,0.248677,0.907542,-2.230549,1
2.063000,0.095107,0.027612,0.248677,0.907542,-2.230558,1
2.064000,0.095107,0.027612,0.248677,0.907542,-2.230566,1
2.065000,0.095107,0.024544,1.055060,0.907542,-1.362830,1
2.066000,0.095107,0.024544,1.055060,0.907542,-1.362838,1
2.067000,0.095107,0.024544,1.055060,0.907542,-1.362845,1
2.068000,0.095107,0.024544,1.055060,0.907542,-1.362852,1
2.069000,0.095107,0.024544,1.055060,0.907542,-1.362860,1
2.070000,0.092039,0.021476,1.055060,-0.889567,2.886575,1
2.071000,0.092039,0.021476,1.055060,-0.829584,2.766602,1
2.072000,0.092039,0.018408,1.055060,-0.796197,2.761182,1
2.073000,0.092039,0.018408,-0.988013,-0.796197,0.718103,1
2.074000,0.092039,0.018408,-0.988013,-0.796197,0.718098,1
2.075000,0.092039,0.018408,-0.988013,-0.796197,0.718092,1
2.076000,0.092039,0.018408,-0.988013,-0.796197,0.718087,1
2.077000,0.092039,0.018408,-0.988013,-0.796197,0.718081,1
2.078000,0.092039,0.018408,-0.988013,-0.796197,0.718076,1
2.079000,0.088971,0.015340,-0.893347,-0.796197,0.867960,1
2.080000,0.088971,0.015340,-0.893347,-0.796197,0.867955,1
2.081000,0.088971,0.015340,-0.893347,-0.796197,0.867951,1
2.082000,0.088971,0.015340,-0.893347,-0.796197,0.867946,1
2.083000,0.088971,0.015340,-0.893347,-0.796197,0.867942,1
2.084000,0.088971,0.015340,-0.893347,-0.796197,0.867937,1
2.085000,0.088971,0.018408,-0.893347,-0.796197,0.806572,1
2.086000,0.088971,0.015340,-0.893347,-0.796197,0.867927,1
2.087000,0.088971,0.015340,-0.893347,-0.796197,0.867922,1
2.088000,0.088971,0.015340,-0.893347,-0.749273,0.774069,1
2.089000,0.088971,0.015340,-0.893347,-0.706162,0.687843,1
2.090000,0.088971,0.015340,-0.893347,-0.706162,0.687839,1
2.091000,0.088971,0.015340,-0.893347,-0.706162,0.687834,1
2.092000,0.088971,0.018408,-0.843172,0.602154,-2.539988,1
2.093000,0.088971,0.018408,-0.789098,0.574061,-2.429732,1
2.094000,0.088971,0.018408,-0.741248,0.548311,-2.330388,1
2.095000,0.088971,0.018408,-0.699078,0.524890,-2.241382,1
2.096000,0.088971,0.018408,-0.661422,0.503372,-2.160696,1
2.097000,0.088971,0.018408,-0.627456,0.483455,-2.086901,1
2.098000,0.088971,0.018408,-0.596969,0.465152,-2.019813,1
2.099000,0.088971,0.018408,-0.569522,0.448317,-1.958702,1
2.100000,0.088971,0.018408,-0.544151,0.432445,-1.901594,1
2.101000,0.088971,0.018408,-0.520949,0.417662,-1.848830,1
2.102000,0.088971,0.018408,-0.499758,0.403930,-1.800181,1
2.103000,0.088971,0.018408,-0.499758,0.403930,-1.800187,1
2.104000,0.088971,0.018408,-0.499758,0.403930,-1.800192,1
2.105000,0.085903,0.015340,-0.480177,-0.391042,0.464552,1
2.106000,0.085903,0.015340,-0.429794,-0.356964,0.000000,1
2.107000,0.082835,0.012272,-0.415267,-0.346886,0.496364,1
2.108000,0.082835,0.009204,-0.401586,-0.337287,0.552205,1
2.109000,0.082835,0.009204,-0.388945,-0.328325,0.546919,1
2.110000,0.082835,0.006136,-0.376972,-0.323793,0.611185,1
2.111000,0.082835,0.006136,-0.376972,-0.323793,0.611183,1
2.112000,0.082835,0.006136,-0.376972,-0.323793,0.611181,1
2.113000,0.082835,0.006136,-0.376972,-0.323793,0.611180,1
2.114000,0.082835,0.006136,-0.376972,-0.323793,0.611178,1
2.115000,0.082835,0.006136,-0.376972,-0.323793,0.611176,1
2.116000,0.076699,0.003068,-0.274844,-0.323793,0.762390,1
2.117000,0.076699,0.003068,-0.274844,-0.323793,0.762389,1
2.118000,0.076699,0.003068,-0.274844,-0.323793,0.762388,1
2.119000,0.073631,0.000000,-0.274844,-0.323793,0.817612,1
2.120000,0.073631,0.000000,-0.274844,-0.323793,0.817612,1
2.121000,0.070563,0.000000,-0.274844,-0.323793,0.811476,1
2.122000,0.070563,0.000000,-0.274844,-0.323793,0.811476,1
2.123000,0.070563,-0.003068,-0.274844,-0.323793,0.872836,1
2.124000,0.067495,-0.003068,-0.274844,-0.323793,0.866701,1
2.125000,0.067495,-0.003068,-0.274844,-0.323793,0.866702,1
2.126000,0.067495,-0.003068,-0.274844,-0.323793,0.866703,1
2.127000,0.067495,-0.003068,-0.274844,-0.323793,0.866704,1
2.128000,0.067495,-0.003068,-0.274844,-0.323793,0.866705,1
2.129000,0.067495,-0.003068,-0.274844,-0.323793,0.866705,1
2.130000,0.067495,-0.003068,-0.274844,-0.323793,0.866706,1
2.131000,0.067495,-0.003068,-0.274844,-0.323793,0.866707,1
2.132000,0.067495,-0.003068,-0.274844,-0.323793,0.866708,1
2.133000,0.067495,-0.003068,-0.274844,-0.323793,0.866709,1
2.134000,0.067495,-0.003068,-0.274844,-0.323793,0.866710,1
2.135000,0.067495,-0.003068,-0.274844,-0.323793,0.866711,1
2.136000,0.067495,-0.003068,-0.274844,-0.323793,0.866712,1
2.137000,0.067495,-0.003068,-0.274844,-0.323793,0.866713,1
2.138000,0.067495,-0.003068,-0.274844,-0.323793,0.866714,1
2.139000,0.067495,-0.003068,-0.274844,-0.323793,0.866715,1
2.140000,0.067495,-0.003068,-0.274844,-0.323793,0.866716,1
2.141000,0.067495,-0.003068,-0.274844,-0.323793,0.866716,1
2.142000,0.067495,-0.003068,-0.274844,-0.323793,0.866717,1
2.143000,0.067495,-0.003068,-0.274844,-0.323793,0.866718,1
2.144000,0.067495,-0.003068,-0.274844,-0.323793,0.866719,1
2.145000,0.067495,-0.003068,-0.274844,-0.323793,0.866720,1
2.146000,0.067495,-0.003068,-0.274844,-0.323793,0.866721,1
2.147000,0.067495,-0.003068,-0.274844,-0.323793,0.866722,1
2.148000,0.067495,0.000000,-0.274844,0.318949,-1.080122,1
2.149000,0.067495,0.000000,-0.274844,0.310830,-1.063882,1
2.150000,0.067495,0.000000,-0.274844,0.303130,-1.048482,1
2.151000,0.070563,0.000000,-0.274844,0.295846,-1.027779,1
2.152000,0.070563,0.000000,-0.274844,0.288867,-1.013821,1
2.153000,0.070563,0.000000,-0.274844,0.282242,-1.000570,1
2.154000,0.070563,0.000000,-0.274844,0.275879,-0.987844,1
2.155000,0.070563,0.000000,-0.274844,0.269831,-0.975749,1
2.156000,0.070563,0.000000,-0.274844,0.264037,-0.964161,1
2.157000,0.070563,0.003068,-0.274844,0.262183,-1.021813,1
2.158000,0.070563,0.003068,-0.274844,0.262183,-1.021814,1
2.159000,0.070563,0.003068,-0.274844,0.262183,-1.021815,1
2.160000,0.067495,0.003068,-0.269297,0.262183,-1.022405,1
2.161000,0.067495,0.003068,-0.263547,0.262183,-1.016656,1
2.162000,0.067495,0.003068,-0.257988,0.262183,-1.011099,1
2.163000,0.067495,0.000000,-0.252682,0.262183,-0.944432,1
2.164000,0.067495,0.000000,-0.252682,0.262183,-0.944432,1
2.165000,0.067495,0.000000,-0.252682,0.262183,-0.944432,1
2.166000,0.067495,0.000000,-0.252682,0.262183,-0.944432,1
2.167000,0.067495,0.000000,-0.252682,0.262183,-0.944432,1
2.168000,0.067495,0.000000,-0.229097,0.262183,-0.920848,1
2.169000,0.067495,0.000000,-0.229097,0.262183,-0.920848,1
2.170000,0.067495,0.000000,-0.229097,0.262183,-0.920848,1
2.171000,0.064427,0.000000,-0.685604,0.262183,-1.383490,1
2.172000,0.064427,-0.003068,-0.685604,0.262183,-1.322130,1
2.173000,0.064427,-0.003068,-0.685604,0.262183,-1.322129,1
2.174000,0.061359,-0.003068,-0.685604,0.262183,-1.328264,1
2.175000,0.061359,-0.003068,-0.685604,0.262183,-1.328263,1
2.176000,0.061359,-0.006136,-0.685604,-0.624084,1.105633,1
2.177000,0.061359,-0.006136,-0.685604,-0.624084,1.105635,1
2.178000,0.058291,-0.012272,-0.685604,-0.624084,1.222221,1
2.179000,0.058291,-0.012272,-0.685604,-0.624084,1.222225,1
2.180000,0.055223,-0.012272,-0.685604,-0.624084,1.216092,1
2.181000,0.055223,-0.012272,-0.685604,-0.624084,1.216096,1
2.182000,0.055223,-0.012272,-0.685604,-0.624084,1.216100,1
2.183000,0.055223,-0.012272,-0.685604,-0.624084,1.216103,1
2.184000,0.055223,-0.012272,-0.685604,-0.624084,1.216107,1
2.185000,0.055223,-0.012272,-0.685604,-0.624084,1.216111,1
2.186000,0.055223,-0.012272,-0.685604,-0.624084,1.216114,1
2.187000,0.055223,-0.012272,-0.656585,-0.624084,1.245136,1
2.188000,0.052155,-0.012272,-0.229417,-0.624084,1.666172,1
2.189000,0.052155,-0.015340,-0.229417,-0.624084,1.727536,1
2.190000,0.052155,-0.015340,-0.229417,-0.624084,1.727541,1
2.191000,0.052155,-0.015340,-0.229417,-0.624084,1.727545,1
2.192000,0.052155,-0.015340,-0.229417,-0.624084,1.727550,1
2.193000,0.052155,-0.015340,-0.229417,-0.624084,1.727554,1
2.194000,0.055223,-0.012272,-0.229417,0.490610,-1.157054,1
2.195000,0.055223,-0.012272,-0.229417,0.490610,-1.157050,1
2.196000,0.055223,-0.012272,-0.229417,0.454320,-1.084467,1
2.197000,0.055223,-0.012272,-0.229417,0.454320,-1.084463,1
2.198000,0.055223,-0.006136,-0.229417,0.449395,-1.197330,1
2.199000,0.055223,-0.006136,-0.229417,0.449395,-1.197328,1
2.200000,0.055223,-0.006136,-0.229417,0.449395,-1.197326,1
2.201000,0.055223,-0.006136,-0.229417,0.449395,-1.197324,1
2.202000,0.055223,-0.006136,-0.229417,0.449395,-1.197322,1
2.203000,0.055223,-0.006136,-0.229417,0.449395,-1.197320,1
2.204000,0.055223,-0.006136,-0.229417,0.449395,-1.197319,1
2.205000,0.055223,-0.006136,-0.229417,0.449395,-1.197317,1
2.206000,0.055223,-0.006136,-0.229417,0.449395,-1.197315,1
2.207000,0.055223,-0.006136,-0.229417,0.449395,-1.197313,1
2.208000,0.055223,-0.006136,-0.229417,0.449395,-1.197311,1
2.209000,0.055223,-0.006136,-0.229417,0.449395,-1.197309,1
2.210000,0.055223,-0.006136,-0.229417,0.449395,-1.197308,1
2.211000,0.055223,-0.006136,-0.229417,0.449395,-1.197306,1
2.212000,0.055223,-0.006136,-0.229417,0.449395,-1.197304,1
2.213000,0.055223,-0.006136,-0.229417,0.449395,-1.197302,1
2.214000,0.055223,-0.006136,-0.229417,0.449395,-1.197300,1
2.215000,0.055223,-0.006136,-0.229417,0.449395,-1.197298,1
2.216000,0.055223,-0.006136,-0.229417,0.449395,-1.197297,1
2.217000,0.055223,-0.006136,-0.229417,0.449395,-1.197295,1
2.218000,0.055223,-0.006136,-0.229417,0.449395,-1.197293,1
2.219000,0.055223,-0.006136,-0.229417,0.449395,-1.197291,1
2.220000,0.055223,-0.006136,-0.229417,0.449395,-1.197289,1
2.221000,0.055223,-0.006136,-0.229417,0.449395,-1.197287,1
2.222000,0.055223,-0.006136,-0.229417,0.449395,-1.197285,1
2.223000,0.052155,-0.006136,0.543915,0.449395,0.000000,1
2.224000,0.052155,-0.006136,0.543915,0.449395,0.000000,1
2.225000,0.052155,-0.009204,0.543915,0.449395,0.000000,1
2.226000,0.049087,-0.009204,0.543915,0.449395,0.000000,1
2.227000,0.049087,-0.009204,0.543915,0.449395,0.000000,1
2.228000,0.049087,-0.012272,0.543915,-0.427443,2.040186,1
2.229000,0.049087,-0.012272,0.543915,-0.427443,2.040190,1
2.230000,0.049087,-0.012272,0.543915,-0.413004,2.011314,1
2.231000,0.049087,-0.012272,0.543915,-0.413004,2.011318,1
2.232000,0.046019,-0.015340,0.543915,-0.375188,1.990914,1
2.233000,0.046019,-0.015340,0.543915,-0.343644,1.927831,1
2.234000,0.046019,-0.015340,0.543915,-0.343644,1.927836,1
2.235000,0.046019,-0.015340,0.543915,-0.343644,1.927841,1
2.236000,0.046019,-0.015340,0.543915,-0.343644,1.927845,1
2.237000,0.046019,-0.015340,0.543915,-0.343644,1.927850,1
2.238000,0.046019,-0.015340,0.543915,-0.343644,1.927854,1
2.239000,0.046019,-0.015340,0.543915,-0.334315,1.909200,1
2.240000,0.046019,-0.015340,0.543915,-0.309048,1.858671,1
2.241000,0.046019,-0.015340,0.543915,-0.309048,1.858675,1
2.242000,0.049087,-0.012272,-0.352673,0.287342,-0.885912,1
2.243000,0.049087,-0.012272,-0.352673,0.287342,-0.885909,1
2.244000,0.049087,-0.012272,-0.352673,0.287342,-0.885905,1
2.245000,0.049087,-0.012272,-0.352673,0.287342,-0.885901,1
2.246000,0.049087,-0.012272,-0.352673,0.287342,-0.885898,1
2.247000,0.049087,-0.012272,-0.352673,0.280805,-0.872820,1
2.248000,0.049087,-0.012272,-0.352673,0.274474,-0.860154,1
2.249000,0.049087,-0.009204,-0.352673,0.273418,-0.919399,1
2.250000,0.049087,-0.009204,-0.352673,0.273418,-0.919397,1
2.251000,0.049087,-0.009204,-0.352673,0.273418,-0.919394,1
2.252000,0.049087,-0.009204,-0.352673,0.273418,-0.919391,1
2.253000,0.052155,-0.006136,-0.352673,0.273418,-0.974613,1
2.254000,0.052155,-0.006136,-0.352673,0.273418,-0.974611,1
2.255000,0.052155,-0.006136,-0.352673,0.273418,-0.974609,1
2.256000,0.049087,-0.006136,-0.352673,0.273418,-0.980743,1
2.257000,0.049087,-0.006136,-0.352673,0.273418,-0.980741,1
2.258000,0.049087,-0.006136,-0.352673,0.273418,-0.980739,1
2.259000,0.046019,-0.009204,-0.352673,0.273418,-0.925513,1
2.260000,0.042951,-0.009204,-0.332774,0.273418,-0.911747,1
2.261000,0.042951,-0.009204,-0.332774,0.273418,-0.911744,1
2.262000,0.042951,-0.009204,-0.332774,0.273418,-0.911741,1
2.263000,0.042951,-0.009204,-0.332774,0.273418,-0.911739,1
2.264000,0.042951,-0.009204,-0.332774,0.273418,-0.911736,1
2.265000,0.042951,-0.009204,-0.332774,0.273418,-0.911733,1
2.266000,0.042951,-0.009204,-0.332774,0.273418,-0.911730,1
2.267000,0.042951,-0.009204,-0.332774,0.273418,-0.911727,1
2.268000,0.042951,-0.009204,-0.332774,0.273418,-0.911725,1
2.269000,0.042951,-0.009204,-0.332774,0.273418,-0.911722,1
2.270000,0.042951,-0.009204,-0.332774,0.273418,-0.911719,1
2.271000,0.042951,-0.009204,-0.332774,0.273418,-0.911716,1
2.272000,0.042951,-0.009204,-0.332774,0.273418,-0.911714,1
2.273000,0.042951,-0.009204,-0.332774,0.273418,-0.911711,1
2.274000,0.042951,-0.009204,-0.332774,0.273418,-0.911708,1
2.275000,0.042951,-0.009204,-0.332774,0.273418,-0.911705,1
2.276000,0.042951,-0.009204,-0.332774,0.273418,-0.911703,1
2.277000,0.042951,-0.009204,-0.332774,0.273418,-0.911700,1
2.278000,0.042951,-0.009204,-0.332774,0.273418,-0.911697,1
2.279000,0.042951,-0.009204,-0.332774,0.273418,-0.911694,1
2.280000,0.042951,-0.009204,-0.332774,0.273418,-0.911692,1
2.281000,0.042951,-0.009204,-0.332774,0.273418,-0.911689,1
2.282000,0.042951,-0.012272,-0.323986,0.273418,-0.841538,1
2.283000,0.042951,-0.012272,-0.315700,0.273418,-0.833249,1
2.284000,0.039884,-0.012272,-0.305728,0.273418,-0.829409,1
2.285000,0.039884,-0.012272,-0.305728,0.273418,-0.829406,1
2.286000,0.039884,-0.015340,-0.305728,0.273418,-0.768042,1
2.287000,0.039884,-0.015340,-0.305728,0.273418,-0.768037,1
2.288000,0.036816,-0.015340,-0.305728,0.273418,-0.774168,1
2.289000,0.036816,-0.018408,-0.305728,-0.303505,1.041042,1
2.290000,0.036816,-0.018408,-0.305728,-0.303505,1.041048,1
2.291000,0.033748,-0.018408,-0.305728,-0.303505,1.034917,1
2.292000,0.033748,-0.021476,-0.305728,-0.303505,1.096283,1
2.293000,0.033748,-0.021476,-0.305728,-0.303505,1.096290,1
2.294000,0.033748,-0.024544,-0.305728,-0.303505,1.157656,1
2.295000,0.030680,-0.024544,-0.305728,-0.303505,1.151528,1
2.296000,0.030680,-0.024544,-0.305728,-0.303505,1.151535,1
2.297000,0.030680,-0.024544,-0.305728,-0.303505,1.151542,1
2.298000,0.027612,-0.027612,-0.822413,-0.303505,0.690090,1
2.299000,0.027612,-0.027612,-0.822413,-0.303505,0.690098,1
2.300000,0.027612,-0.027612,-0.822413,-0.303505,0.690106,1
2.301000,0.027612,-0.027612,-0.822413,-0.303505,0.690114,1
2.302000,0.027612,-0.027612,-0.822413,-0.303505,0.690123,1
2.303000,0.024544,-0.030680,-0.822413,-0.913462,1.965271,1
2.304000,0.024544,-0.030680,-0.822413,-0.913462,1.965280,1
2.305000,0.024544,-0.030680,-0.822413,-0.913462,1.965289,1
2.306000,0.024544,-0.030680,-0.822413,-0.913462,1.965299,1
2.307000,0.024544,-0.030680,-0.822413,-0.913462,1.965308,1
2.308000,0.024544,-0.030680,-0.822413,-0.913462,1.965317,1
2.309000,0.024544,-0.033748,-0.822413,-0.913462,2.026686,1
2.310000,0.024544,-0.033748,-0.822413,-0.913462,2.026696,1
2.311000,0.024544,-0.033748,-0.822413,-0.913462,2.026707,1
2.312000,0.024544,-0.033748,-0.822413,-0.913462,2.026717,1
2.313000,0.024544,-0.033748,-0.814121,-0.913462,2.035018,1
2.314000,0.024544,-0.033748,-0.763302,-0.913462,2.085848,1
2.315000,0.024544,-0.033748,-0.718708,-0.913462,2.130452,1
2.316000,0.024544,-0.033748,-0.678941,-0.879637,2.102577,1
2.317000,0.024544,-0.030680,-0.643209,0.820576,-1.923467,1
2.318000,0.024544,-0.030680,-0.611240,0.769249,-1.788835,1
2.319000,0.024544,-0.030680,-0.582259,0.723904,-1.669153,1
2.320000,0.024544,-0.027612,-0.555762,0.683395,-1.622989,1
2.321000,0.027612,-0.027612,0.531732,0.647419,-0.457398,1
2.322000,0.027612,-0.027612,0.509818,0.615221,0.000000,1
2.323000,0.027612,-0.027612,0.489370,0.585688,0.000000,1
2.324000,0.027612,-0.027612,0.470617,0.559028,0.000000,1
2.325000,0.027612,-0.027612,0.453167,0.534576,0.000000,1
2.326000,0.027612,-0.027612,0.437049,0.512289,0.000000,1
2.327000,0.027612,-0.027612,0.421971,0.491695,0.000000,1
2.328000,0.027612,-0.024544,0.407964,0.472780,0.000000,1
2.329000,0.027612,-0.024544,0.394847,0.455253,0.000000,1
2.330000,0.027612,-0.024544,0.382553,0.438989,0.000000,1
2.331000,0.027612,-0.024544,0.371048,0.423905,0.000000,1
2.332000,0.027612,-0.024544,0.360171,0.409768,0.000000,1
2.333000,0.027612,-0.024544,0.349857,0.396470,0.000000,1
2.334000,0.027612,-0.024544,0.340164,0.384067,0.000000,1
2.335000,0.030680,-0.024544,0.330945,0.372356,0.000000,1
2.336000,0.030680,-0.024544,0.322322,0.361475,0.000000,1
2.337000,0.030680,-0.024544,0.314063,0.351120,0.462429,1
2.338000,0.030680,-0.024544,0.306178,0.341294,0.474204,1
2.339000,0.030680,-0.024544,0.298783,0.332131,0.485142,1
2.340000,0.030680,-0.024544,0.291666,0.323360,0.495575,1
2.341000,0.030680,-0.024544,0.284851,0.315005,0.505478,1
2.342000,0.030680,-0.024544,0.278439,0.307182,0.514719,1
2.343000,0.030680,-0.024544,0.272213,0.299622,0.523621,1
2.344000,0.030680,-0.024544,0.272213,0.299622,0.523628,1
2.345000,0.030680,-0.024544,0.272213,0.299622,0.523636,1
2.346000,0.030680,-0.021476,0.255229,0.294589,0.455364,1
2.347000,0.030680,-0.021476,0.250059,0.294589,0.450201,1
2.348000,0.030680,-0.021476,0.245093,0.294589,0.000000,1
2.349000,0.030680,-0.021476,0.240256,0.294589,0.000000,1
2.350000,0.030680,-0.021476,0.235625,0.294589,0.000000,1
2.351000,0.033748,-0.021476,0.231207,0.294589,0.000000,1
2.352000,0.033748,-0.021476,0.226933,0.294589,0.000000,1
2.353000,0.033748,-0.021476,0.222800,0.294589,0.000000,1
2.354000,0.033748,-0.021476,0.218831,0.294589,0.000000,1
2.355000,0.033748,-0.021476,0.215019,0.294589,0.000000,1
2.356000,0.033748,-0.021476,0.215019,0.294589,0.000000,1
2.357000,0.033748,-0.021476,0.215019,0.294589,0.000000,1
2.358000,0.033748,-0.021476,0.215019,0.294589,0.000000,1
2.359000,0.033748,-0.018408,0.200930,0.294589,0.000000,1
2.360000,0.033748,-0.018408,0.197696,0.294589,0.000000,1
2.361000,0.033748,-0.018408,0.194547,0.294589,0.000000,1
2.362000,0.033748,-0.018408,0.191511,0.294589,0.000000,1
2.363000,0.033748,-0.018408,0.188559,0.294589,0.000000,1
2.364000,0.033748,-0.018408,0.185722,0.294589,0.000000,1
2.365000,0.033748,-0.018408,0.182954,0.294589,0.000000,1
2.366000,0.033748,-0.018408,0.180267,0.294589,0.000000,1
2.367000,0.036816,-0.018408,0.278919,0.294589,0.000000,1
2.368000,0.036816,-0.018408,0.278919,0.294589,0.000000,1
2.369000,0.036816,-0.018408,0.278919,0.294589,0.000000,1
2.370000,0.036816,-0.018408,0.278919,0.294589,0.000000,1
2.371000,0.036816,-0.018408,0.278919,0.294589,0.000000,1
2.372000,0.036816,-0.018408,0.278919,0.294589,0.000000,1
2.373000,0.036816,-0.018408,0.278919,0.294589,0.000000,1
2.374000,0.036816,-0.018408,0.278919,0.294589,0.000000,1
2.375000,0.036816,-0.018408,0.278919,0.294589,0.000000,1
2.376000,0.036816,-0.018408,0.278919,0.294589,0.000000,1
2.377000,0.036816,-0.018408,0.278919,0.294589,0.000000,1
2.378000,0.036816,-0.018408,0.278919,0.294589,0.000000,1
2.379000,0.036816,-0.018408,0.278919,0.294589,0.000000,1
2.380000,0.036816,-0.018408,0.278919,0.294589,0.000000,1
2.381000,0.036816,-0.018408,0.278919,0.294589,0.000000,1
2.382000,0.036816,-0.018408,0.278919,0.294589,0.000000,1
2.383000,0.036816,-0.018408,0.278919,0.294589,0.000000,1
2.384000,0.036816,-0.018408,0.278919,0.294589,0.000000,1
2.385000,0.036816,-0.018408,0.278919,0.294589,0.000000,1
2.386000,0.036816,-0.018408,0.278919,0.294589,0.000000,1
2.387000,0.036816,-0.018408,0.278919,0.294589,0.000000,1
2.388000,0.036816,-0.018408,0.278919,0.290188,0.000000,1
2.389000,0.036816,-0.018408,0.278919,0.265070,0.489254,1
2.390000,0.036816,-0.018408,0.278919,0.265070,0.489259,1
2.391000,0.036816,-0.018408,0.278919,0.244006,0.531393,1
2.392000,0.036816,-0.018408,0.278919,0.244006,0.531399,1
2.393000,0.036816,-0.018408,0.278919,0.244006,0.531404,1
2.394000,0.036816,-0.018408,0.278919,0.244006,0.531410,1
2.395000,0.036816,-0.018408,0.278919,0.244006,0.531415,1
2.396000,0.036816,-0.018408,0.278919,0.244006,0.531421,1
2.397000,0.036816,-0.018408,0.278919,0.244006,0.531426,1
2.398000,0.039884,-0.018408,0.278919,0.226011,0.573557,1
2.399000,0.039884,-0.018408,0.278919,0.221936,0.581713,1
2.400000,0.039884,-0.018408,0.278919,0.197003,0.631584,1
2.401000,0.039884,-0.018408,0.278919,0.197003,0.631589,1
2.402000,0.039884,-0.018408,0.278919,0.187943,0.649715,1
2.403000,0.039884,-0.018408,0.278919,0.187943,0.649720,1
2.404000,0.039884,-0.018408,0.278919,0.187943,0.649726,1
2.405000,0.039884,-0.018408,0.278919,0.187943,0.649731,1
2.406000,0.039884,-0.018408,0.278919,0.187943,0.649737,1
2.407000,0.039884,-0.018408,0.278919,0.187943,0.649742,1
2.408000,0.039884,-0.018408,0.278919,0.187943,0.649748,1
2.409000,0.039884,-0.018408,0.278919,0.187943,0.649753,1
2.410000,0.039884,-0.018408,0.278919,0.185105,0.655435,1
2.411000,0.039884,-0.018408,0.276688,0.182362,0.658696,1
2.412000,0.039884,-0.018408,0.270589,0.179692,0.657942,1
2.413000,0.039884,-0.018408,0.264732,0.177090,0.657294,1
2.414000,0.039884,-0.018408,0.259146,0.174573,0.656748,1
2.415000,0.039884,-0.018408,0.253793,0.172127,0.656292,1
2.416000,0.042951,-0.015340,0.248670,0.169734,0.600737,1
2.417000,0.042951,-0.015340,0.243725,0.167436,0.600392,1
2.418000,0.042951,-0.015340,0.238947,0.165168,0.600156,1
2.419000,0.042951,-0.015340,0.234419,0.162991,0.599985,1
2.420000,0.042951,-0.015340,0.234419,0.162991,0.599990,1
2.421000,0.042951,-0.015340,0.234419,0.162991,0.599994,1
2.422000,0.042951,-0.015340,0.234419,0.162991,0.599999,1
2.423000,0.042951,-0.015340,0.234419,0.162991,0.600004,1
2.424000,0.042951,-0.015340,0.234419,0.162991,0.600008,1
2.425000,0.042951,-0.015340,0.230016,0.160851,0.599891,1
2.426000,0.042951,-0.015340,0.230016,0.160851,0.599896,1
2.427000,0.042951,-0.015340,0.230016,0.160851,0.599901,1
2.428000,0.046019,-0.012272,0.200043,0.145595,0.545218,1
2.429000,0.046019,-0.012272,0.196815,0.143878,0.545429,1
2.430000,0.049087,-0.012272,0.151756,0.142201,0.509864,1
2.431000,0.049087,-0.012272,0.151756,0.140571,0.513127,1
2.432000,0.049087,-0.009204,0.151756,0.139835,0.453243,1
2.433000,0.049087,-0.009204,0.151756,0.139835,0.453245,1
2.434000,0.049087,-0.009204,0.151756,0.139835,0.453248,1
2.435000,0.052155,-0.009204,0.151756,0.139835,0.459387,1
2.436000,0.052155,-0.009204,0.151756,0.139835,0.459389,1
2.437000,0.052155,-0.009204,0.151756,0.139835,0.459392,1
2.438000,0.052155,-0.006136,0.151756,0.139835,0.000000,1
2.439000,0.052155,-0.006136,0.151756,0.139835,0.000000,1
2.440000,0.055223,-0.006136,0.151756,0.139835,0.000000,1
2.441000,0.055223,-0.006136,0.151756,0.139835,0.000000,1
2.442000,0.055223,-0.006136,0.151756,0.139835,0.000000,1
2.443000,0.055223,-0.006136,0.151756,0.139835,0.000000,1
2.444000,0.055223,-0.003068,0.151756,0.139835,0.000000,1
2.445000,0.055223,-0.003068,0.151756,0.139835,0.000000,1
2.446000,0.055223,-0.003068,0.151756,0.139835,0.000000,1
2.447000,0.055223,-0.003068,0.151756,0.139835,0.000000,1
2.448000,0.058291,-0.003068,0.151756,0.139835,0.000000,1
2.449000,0.058291,-0.003068,0.151756,0.139835,0.000000,1
2.450000,0.058291,-0.003068,0.151756,0.139835,0.000000,1
2.451000,0.058291,-0.003068,0.151756,0.139835,0.000000,1
2.452000,0.058291,-0.003068,0.151756,0.139835,0.000000,1
2.453000,0.061359,0.000000,0.506462,0.139835,0.648447,1
2.454000,0.061359,0.000000,0.506462,0.139835,0.648447,1
2.455000,0.061359,0.000000,0.506462,0.139835,0.648447,1
2.456000,0.061359,0.000000,0.506462,0.139835,0.648447,1
2.457000,0.064427,0.003068,0.506462,0.512727,-0.752561,1
2.458000,0.064427,0.003068,0.506462,0.512727,-0.752562,1
2.459000,0.064427,0.003068,0.506462,0.512727,-0.752563,1
2.460000,0.064427,0.003068,0.506462,0.512727,-0.752564,1
2.461000,0.064427,0.003068,0.506462,0.512727,-0.752565,1
2.462000,0.070563,0.006136,0.506462,0.512727,-0.801654,1
2.463000,0.070563,0.006136,0.506462,0.512727,-0.801656,1
2.464000,0.070563,0.006136,0.506462,0.512727,-0.801657,1
2.465000,0.070563,0.006136,0.506462,0.512727,-0.801659,1
2.466000,0.070563,0.006136,0.506462,0.512727,-0.801661,1
2.467000,0.070563,0.006136,0.506462,0.512727,-0.801663,1
2.468000,0.073631,0.009204,0.626423,0.512727,-0.736928,1
2.469000,0.073631,0.009204,0.626423,0.512727,-0.736930,1
2.470000,0.073631,0.009204,0.626423,0.512727,-0.736933,1
2.471000,0.073631,0.009204,0.626423,0.512727,-0.736936,1
2.472000,0.073631,0.009204,0.626423,0.512727,-0.736939,1
2.473000,0.073631,0.009204,0.626423,0.512727,-0.736941,1
2.474000,0.073631,0.009204,0.626423,0.512727,-0.736944,1
2.475000,0.073631,0.009204,0.626423,0.512727,-0.736947,1
2.476000,0.073631,0.009204,0.626423,0.512727,-0.736950,1
2.477000,0.073631,0.009204,0.626423,0.512727,-0.736952,1
2.478000,0.073631,0.009204,0.626423,0.512727,-0.736955,1
2.479000,0.073631,0.009204,0.626423,0.512727,-0.736958,1
2.480000,0.073631,0.009204,0.626423,0.498761,-0.709029,1
2.481000,0.073631,0.009204,0.626423,0.479390,-0.670289,1
2.482000,0.073631,0.009204,0.626423,0.461225,-0.633962,1
2.483000,0.073631,0.009204,0.626423,0.444603,-0.600720,1
2.484000,0.073631,0.009204,0.626423,0.429012,-0.569542,1
2.485000,0.073631,0.009204,0.626423,0.414521,-0.540563,1
2.486000,0.073631,0.009204,0.626423,0.414521,-0.540565,1
2.487000,0.073631,0.009204,0.626423,0.388259,-0.488045,1
2.488000,0.073631,0.009204,0.626423,0.376410,-0.464348,1
2.489000,0.073631,0.009204,0.626423,0.365212,0.000000,1
2.490000,0.073631,0.009204,0.626423,0.354632,0.000000,1
2.491000,0.073631,0.009204,0.626423,0.344667,0.000000,1
2.492000,0.073631,0.009204,0.599959,0.335248,0.000000,1
2.493000,0.073631,0.006136,0.572104,0.332967,0.000000,1
2.494000,0.073631,0.006136,0.546596,0.332967,0.000000,1
2.495000,0.070563,0.006136,0.523336,0.332967,0.000000,1
2.496000,0.070563,0.006136,0.501860,0.332967,0.000000,1
2.497000,0.070563,0.006136,0.482253,0.332967,-0.466429,1
2.498000,0.070563,0.006136,0.463836,0.332967,-0.484848,1
2.499000,0.070563,0.006136,0.446998,0.332967,-0.501688,1
2.500000,0.070563,0.006136,0.446998,0.332967,-0.501690,1
2.501000,0.070563,0.006136,0.416663,0.332967,-0.532027,1
2.502000,0.070563,0.006136,0.403024,0.332967,-0.545667,1
2.503000,0.070563,0.006136,0.390181,0.332967,-0.558513,1
2.504000,0.070563,0.006136,0.390181,0.332967,-0.558515,1
2.505000,0.070563,0.006136,0.390181,0.332967,-0.558516,1
2.506000,0.070563,0.006136,0.390181,0.332967,-0.558518,1
2.507000,0.070563,0.003068,0.356229,0.332967,-0.531112,1
2.508000,0.067495,0.003068,-0.336719,0.332967,-1.230196,1
2.509000,0.067495,0.003068,-0.327650,0.332967,-1.221128,1
2.510000,0.067495,0.003068,-0.327650,0.332967,-1.221129,1
2.511000,0.067495,0.003068,-0.311015,0.332967,-1.204495,1
2.512000,0.067495,0.000000,-0.303328,0.332967,-1.135449,1
2.513000,0.067495,0.000000,-0.303328,0.332967,-1.135449,1
2.514000,0.067495,0.000000,-0.303328,0.332967,-1.135449,1
2.515000,0.067495,0.000000,-0.303328,0.332967,-1.135449,1
2.516000,0.067495,0.000000,-0.303328,0.332967,-1.135449,1
2.517000,0.064427,-0.003068,-0.344174,0.332967,-1.121071,1
2.518000,0.061359,-0.003068,-0.344174,0.332967,-1.127206,1
2.519000,0.061359,-0.006136,-0.344174,-0.459017,1.118123,1
2.520000,0.061359,-0.006136,-0.344174,-0.459017,1.118125,1
2.521000,0.061359,-0.006136,-0.344174,-0.459017,1.118126,1
2.522000,0.058291,-0.009204,-0.344174,-0.459017,1.173353,1
2.523000,0.058291,-0.009204,-0.344174,-0.459017,1.173355,1
2.524000,0.058291,-0.012272,-0.344174,-0.459017,1.234718,1
2.525000,0.058291,-0.012272,-0.344174,-0.459017,1.234722,1
2.526000,0.058291,-0.015340,-0.344174,-0.459017,1.296086,1
2.527000,0.055223,-0.015340,-0.344174,-0.459017,1.289954,1
2.528000,0.055223,-0.015340,-0.344174,-0.459017,1.289959,1
2.529000,0.055223,-0.015340,-0.344174,-0.459017,1.289964,1
2.530000,0.055223,-0.015340,-0.344174,-0.459017,1.289968,1
2.531000,0.055223,-0.015340,-0.344174,-0.459017,1.289973,1
2.532000,0.055223,-0.015340,-0.344174,-0.459017,1.289977,1
2.533000,0.052155,-0.015340,-0.459693,-0.459017,1.168328,1
2.534000,0.052155,-0.018408,-0.459693,-0.839622,1.990902,1
2.535000,0.052155,-0.018408,-0.459693,-0.839622,1.990907,1
2.536000,0.052155,-0.018408,-0.459693,-0.839622,1.990913,1
2.537000,0.052155,-0.018408,-0.459693,-0.839622,1.990918,1
2.538000,0.052155,-0.018408,-0.459693,-0.839622,1.990924,1
2.539000,0.052155,-0.018408,-0.459693,-0.839622,1.990929,1
2.540000,0.052155,-0.018408,-0.459693,-0.839622,1.990935,1
2.541000,0.052155,-0.018408,-0.459693,-0.839622,1.990940,1
2.542000,0.052155,-0.018408,-0.459693,-0.839622,1.990946,1
2.543000,0.052155,-0.018408,-0.459693,-0.839622,1.990952,1
2.544000,0.052155,-0.018408,-0.459693,-0.839622,1.990957,1
2.545000,0.052155,-0.018408,-0.459693,-0.839622,1.990963,1
2.546000,0.052155,-0.018408,-0.459693,-0.839622,1.990968,1
2.547000,0.052155,-0.018408,-0.459693,-0.839622,1.990974,1
2.548000,0.052155,-0.018408,-0.459693,-0.839622,1.990979,1
2.549000,0.052155,-0.018408,-0.459693,-0.839622,1.990985,1
2.550000,0.052155,-0.018408,-0.459693,-0.839622,1.990990,1
2.551000,0.061359,-0.012272,0.591859,0.705488,-0.751985,1
2.552000,0.061359,-0.012272,0.591859,0.705488,-0.751981,1
2.553000,0.061359,-0.012272,0.591859,0.705488,-0.751978,1
2.554000,0.061359,-0.012272,0.591859,0.705488,-0.751974,1
2.555000,0.061359,-0.012272,0.591859,0.705488,-0.751970,1
2.556000,0.061359,-0.012272,0.591859,0.705488,-0.751967,1
2.557000,0.061359,-0.012272,0.591859,0.705488,-0.751963,1
2.558000,0.061359,-0.012272,0.591859,0.705488,-0.751959,1
2.559000,0.061359,-0.012272,0.591859,0.667177,-0.675333,1
2.560000,0.061359,-0.012272,0.591859,0.667177,-0.675329,1
2.561000,0.061359,-0.012272,0.591859,0.667177,-0.675326,1
2.562000,0.061359,-0.012272,0.591859,0.667177,-0.675322,1
2.563000,0.067495,-0.003068,0.591859,0.657743,-0.828260,1
2.564000,0.070563,0.000000,0.591859,0.657743,-0.883483,1
2.565000,0.070563,0.003068,0.591859,1.109211,-1.847778,1
2.566000,0.073631,0.003068,0.772272,1.109211,-1.661230,1
2.567000,0.073631,0.003068,0.772272,1.109211,-1.661231,1
2.568000,0.073631,0.006136,0.772272,1.109211,-1.722592,1
2.569000,0.073631,0.009204,0.772272,0.897355,-1.360244,1
2.570000,0.073631,0.009204,0.772272,0.897355,-1.360246,1
2.571000,0.073631,0.009204,0.772272,0.897355,-1.360249,1
2.572000,0.073631,0.009204,0.772272,0.897355,-1.360252,1
2.573000,0.073631,0.009204,0.772272,0.897355,-1.360255,1
2.574000,0.073631,0.009204,0.772272,0.897355,-1.360257,1
2.575000,0.073631,0.009204,0.772272,0.897355,-1.360260,1
2.576000,0.073631,0.009204,0.772272,0.897355,-1.360263,1
2.577000,0.073631,0.009204,0.772272,0.897355,-1.360266,1
2.578000,0.073631,0.009204,0.772272,0.897355,-1.360268,1
2.579000,0.073631,0.009204,0.772272,0.897355,-1.360271,1
2.580000,0.073631,0.009204,0.772272,0.897355,-1.360274,1
2.581000,0.073631,0.009204,0.772272,0.897355,-1.360277,1
2.582000,0.073631,0.009204,0.772272,0.897355,-1.360279,1
2.583000,0.073631,0.009204,0.772272,0.897355,-1.360282,1
2.584000,0.073631,0.009204,0.772272,0.897355,-1.360285,1
2.585000,0.073631,0.009204,0.772272,0.897355,-1.360288,1
2.586000,0.073631,0.009204,0.772272,0.897355,-1.360290,1
2.587000,0.073631,0.006136,0.772272,0.749049,-1.002320,1
2.588000,0.073631,0.006136,0.772272,0.749049,-1.002322,1
2.589000,0.073631,0.006136,0.772272,0.749049,-1.002324,1
2.590000,0.073631,0.006136,0.633259,0.749049,-1.141339,1
2.591000,0.073631,0.006136,0.633259,0.749049,-1.141341,1
2.592000,0.073631,0.006136,0.633259,0.749049,-1.141343,1
2.593000,0.073631,0.006136,0.633259,0.749049,-1.141345,1
2.594000,0.073631,0.006136,0.633259,0.749049,-1.141346,1
2.595000,0.073631,0.006136,0.633259,0.749049,-1.141348,1
2.596000,0.070563,0.003068,-0.548195,0.749049,-2.267579,1
2.597000,0.070563,0.003068,-0.548195,0.749049,-2.267580,1
2.598000,0.070563,0.003068,-0.548195,0.749049,-2.267581,1
2.599000,0.064427,-0.003068,-0.436832,0.749049,-2.045771,1
2.600000,0.064427,-0.003068,-0.436832,0.749049,-2.045770,1
2.601000,0.064427,-0.003068,-0.436832,0.749049,-2.045769,1
2.602000,0.064427,-0.003068,-0.436832,0.749049,-2.045768,1
2.603000,0.064427,-0.003068,-0.436832,0.749049,-2.045768,1
2.604000,0.064427,-0.003068,-0.436832,0.749049,-2.045767,1
2.605000,0.061359,-0.006136,-0.436832,-0.763395,1.634346,1
2.606000,0.049087,-0.018408,-0.943444,-1.372839,2.567522,1
2.607000,0.049087,-0.021476,-0.943444,-1.372839,2.628887,1
2.608000,0.046019,-0.027612,-0.943444,-1.372839,2.745478,1
2.609000,0.046019,-0.030680,-0.943444,-2.918220,5.897609,1
2.610000,0.046019,-0.030680,-0.943444,-2.918220,5.897618,1
2.611000,0.042951,-0.030680,-0.943444,-2.918220,5.891492,1
2.612000,0.042951,-0.030680,-0.943444,-2.918220,5.891501,1
2.613000,0.042951,-0.030680,-0.943444,-2.918220,5.891510,1
2.614000,0.042951,-0.030680,-0.943444,-2.918220,5.891519,1
2.615000,0.042951,-0.030680,-0.943444,-2.918220,5.891528,1
2.616000,0.042951,-0.033748,-0.943444,-1.735088,3.586634,1
2.617000,0.042951,-0.033748,-0.906990,-1.520149,3.193220,1
2.618000,0.042951,-0.033748,-0.844702,-1.352940,2.921100,1
2.619000,0.042951,-0.033748,-0.844702,-1.352940,2.921110,1
2.620000,0.042951,-0.033748,-0.844702,-1.352940,2.921120,1
2.621000,0.042951,-0.033748,-0.844702,-1.352940,2.921130,1
2.622000,0.042951,-0.033748,-0.844702,-1.352940,2.921140,1
2.623000,0.042951,-0.033748,-0.844702,-1.352940,2.921150,1
2.624000,0.042951,-0.033748,-0.790650,-1.219418,2.708167,1
2.625000,0.042951,-0.033748,-0.790650,-1.219418,2.708177,1
2.626000,0.042951,-0.033748,-0.790650,-1.219418,2.708187,1
2.627000,0.046019,-0.030680,0.628512,0.872341,-0.711381,1
2.628000,0.046019,-0.030680,0.628512,0.872341,-0.711372,1
2.629000,0.046019,-0.030680,0.628512,0.872341,-0.711363,1
2.630000,0.058291,-0.018408,1.468371,0.653093,0.946103,1
2.631000,0.058291,-0.015340,1.468371,0.653093,0.884749,1
2.632000,0.058291,-0.015340,1.468371,0.653093,0.884753,1
2.633000,0.058291,-0.015340,1.468371,0.653093,0.884758,1
2.634000,0.058291,-0.015340,1.468371,0.653093,0.884762,1
2.635000,0.061359,-0.012272,0.612280,0.653093,-0.626548,1
2.636000,0.061359,-0.012272,0.612280,0.653093,-0.626544,1
2.637000,0.064427,-0.009204,0.612280,2.330989,-4.037556,1
2.638000,0.064427,-0.009204,0.612280,2.330989,-4.037553,1
2.639000,0.064427,-0.009204,0.612280,2.330989,-4.037551,1
2.640000,0.064427,-0.009204,0.612280,2.330989,-4.037548,1
2.641000,0.070563,-0.003068,0.612280,2.330989,-4.147994,1
2.642000,0.079767,0.009204,1.831414,2.262323,-3.018560,1
2.643000,0.079767,0.009204,1.831414,2.262323,-3.018563,1
2.644000,0.079767,0.009204,1.831414,2.262323,-3.018566,1
2.645000,0.079767,0.009204,1.831414,2.262323,-3.018569,1
2.646000,0.082835,0.012272,1.831414,2.262323,-3.073796,1
2.647000,0.082835,0.012272,1.831414,2.262323,-3.073799,1
2.648000,0.085903,0.015340,1.966712,2.013897,-2.496876,1
2.649000,0.085903,0.018408,1.966712,2.013897,-2.558240,1
2.650000,0.088971,0.018408,1.966712,2.013897,-2.552110,1
2.651000,0.088971,0.018408,1.966712,2.013897,-2.552116,1
2.652000,0.088971,0.018408,1.966712,2.013897,-2.552121,1
2.653000,0.088971,0.018408,1.966712,2.013897,-2.552127,1
2.654000,0.088971,0.018408,1.966712,2.013897,-2.552132,1
2.655000,0.088971,0.018408,1.966712,2.013897,-2.552138,1
2.656000,0.088971,0.018408,1.966712,2.013897,-2.552143,1
2.657000,0.088971,0.018408,1.966712,2.013897,-2.552149,1
2.658000,0.088971,0.021476,1.950910,1.892700,-2.386924,1
2.659000,0.092039,0.021476,0.858554,0.847090,-1.381929,1
2.660000,0.092039,0.021476,0.801966,0.791954,-1.328253,1
2.661000,0.092039,0.021476,0.753031,0.744197,-1.281680,1
2.662000,0.088971,0.021476,1.120300,0.701469,-0.835098,1
2.663000,0.088971,0.021476,1.120300,0.663725,-0.759616,1
2.664000,0.088971,0.018408,1.120300,0.656268,-0.683349,1
2.665000,0.088971,0.018408,1.120300,0.656268,-0.683354,1
2.666000,0.088971,0.018408,1.120300,0.656268,-0.683360,1
2.667000,0.088971,0.018408,1.120300,0.656268,-0.683365,1
2.668000,0.088971,0.018408,1.120300,0.656268,-0.683371,1
2.669000,0.088971,0.018408,1.120300,0.656268,-0.683376,1
2.670000,0.085903,0.015340,1.120300,0.656268,-0.628158,1
2.671000,0.085903,0.015340,1.120300,0.656268,-0.628162,1
2.672000,0.085903,0.015340,1.120300,0.656268,-0.628167,1
2.673000,0.082835,0.012272,-1.063673,0.656268,-2.756920,1
2.674000,0.082835,0.012272,-0.978526,0.656268,-2.671777,1
2.675000,0.082835,0.012272,-0.906282,0.656268,-2.599536,1
2.676000,0.079767,0.012272,-0.844229,0.656268,-2.543624,1
2.677000,0.079767,0.012272,-0.790189,0.656268,-2.489587,1
2.678000,0.079767,0.009204,-0.742024,0.656268,-2.380065,1
2.679000,0.076699,0.009204,-0.595648,0.656268,-2.239829,1
2.680000,0.076699,0.006136,-0.595648,-0.757212,1.248490,1
2.681000,0.076699,0.006136,-0.595648,-0.757212,1.248489,1
2.682000,0.076699,0.006136,-0.595648,-0.757212,1.248487,1
2.683000,0.073631,0.000000,-0.595648,-0.757212,1.365069,1
2.684000,0.070563,-0.003068,-0.595648,-0.757212,1.420294,1
2.685000,0.070563,-0.003068,-0.595648,-0.757212,1.420294,1
2.686000,0.070563,-0.003068,-0.595648,-0.757212,1.420295,1
2.687000,0.067495,-0.006136,-0.595648,-1.633158,3.227412,1
2.688000,0.067495,-0.006136,-0.595648,-1.633158,3.227414,1
2.689000,0.067495,-0.009204,-0.595648,-1.633158,3.288776,1
2.690000,0.064427,-0.009204,-1.095178,-1.633158,2.783114,1
2.691000,0.064427,-0.012272,-1.095178,-1.633158,2.844477,1
2.692000,0.064427,-0.012272,-1.095178,-1.633158,2.844480,1
2.693000,0.064427,-0.012272,-1.095178,-1.633158,2.844484,1
2.694000,0.064427,-0.012272,-1.095178,-1.633158,2.844488,1
2.695000,0.064427,-0.012272,-1.095178,-1.519854,2.617882,1
2.696000,0.064427,-0.012272,-1.095178,-1.352394,2.282966,1
2.697000,0.064427,-0.012272,-1.095178,-1.217667,2.013515,1
2.698000,0.064427,-0.012272,-1.095178,-1.217667,2.013519,1
2.699000,0.064427,-0.012272,-1.095178,-1.217667,2.013523,1
2.700000,0.064427,-0.012272,-1.095178,-0.938553,1.455300,1
2.701000,0.064427,-0.012272,-1.089640,-0.871860,1.327455,1
2.702000,0.064427,-0.012272,-1.089640,-0.871860,1.327459,1
2.703000,0.064427,-0.009204,-0.925199,-0.789696,1.266214,1
2.704000,0.064427,-0.009204,-0.860138,-0.789696,1.331277,1
2.705000,0.067495,-0.009204,0.803999,-0.789696,3.001553,1
2.706000,0.067495,-0.009204,0.754371,-0.789696,2.951928,1
2.707000,0.067495,-0.009204,0.710706,-0.789696,2.908266,1
2.708000,0.067495,-0.006136,0.671974,-0.789696,2.808177,1
2.709000,0.070563,-0.006136,0.637295,-0.789696,2.779635,1
2.710000,0.070563,-0.006136,0.605582,-0.789696,2.747924,1
2.711000,0.073631,-0.003068,0.593763,-0.789696,2.680883,1
2.712000,0.073631,-0.003068,0.593763,-0.789696,2.680884,1
2.713000,0.073631,-0.003068,0.593763,-0.789696,2.680885,1
2.714000,0.076699,0.000000,0.593763,-0.789696,2.625661,1
2.715000,0.076699,0.003068,0.593763,0.985216,-1.585521,1
2.716000,0.079767,0.003068,0.593763,0.985216,-1.579386,1
2.717000,0.079767,0.006136,0.593763,0.985216,-1.640747,1
2.718000,0.079767,0.009204,0.593763,0.985216,-1.702109,1
2.719000,0.082835,0.012272,0.593763,0.985216,-1.757336,1
2.720000,0.082835,0.015340,0.593763,2.550855,-4.949980,1
2.721000,0.085903,0.015340,1.082915,2.550855,-4.454696,1
2.722000,0.085903,0.015340,1.082915,2.550855,-4.454701,1
2.723000,0.085903,0.018408,1.082915,2.550855,-4.516066,1
2.724000,0.085903,0.018408,1.082915,2.550855,-4.516071,1
2.725000,0.085903,0.021476,1.082915,2.327838,-4.131403,1
2.726000,0.088971,0.021476,1.082915,1.956963,-3.383524,1
2.727000,0.088971,0.021476,1.082915,1.688999,-2.847602,1
2.728000,0.088971,0.021476,1.082915,1.484453,-2.438515,1
2.729000,0.088971,0.021476,1.082915,1.323812,-2.117240,1
2.730000,0.088971,0.021476,1.082915,1.195611,-1.860844,1
2.731000,0.085903,0.021476,1.082915,1.089478,-1.654720,1
2.732000,0.085903,0.021476,-1.053424,1.000277,-3.612665,1
2.733000,0.085903,0.021476,-1.053424,1.000277,-3.612671,1
2.734000,0.085903,0.018408,-0.898911,0.867888,-3.132027,1
2.735000,0.085903,0.018408,-0.837547,0.867888,-3.070669,1
2.736000,0.085903,0.018408,-0.837547,0.867888,-3.070674,1
2.737000,0.082835,0.018408,-0.737297,0.867888,-2.976565,1
2.738000,0.082835,0.015340,-0.695355,0.867888,-2.873269,1
2.739000,0.079767,0.015340,-0.658065,0.867888,-2.842119,1
2.740000,0.079767,0.015340,-0.658065,0.867888,-2.842124,1
2.741000,0.076699,0.012272,-0.613238,0.867888,-2.742077,1
2.742000,0.076699,0.012272,-0.613238,0.867888,-2.742080,1
2.743000,0.073631,0.009204,-0.613238,0.867888,-2.686860,1
2.744000,0.073631,0.006136,-0.613238,-1.212651,2.135577,1
2.745000,0.070563,0.006136,-0.613238,-1.212651,2.129439,1
2.746000,0.070563,0.003068,-0.613238,-1.212651,2.190798,1
2.747000,0.067495,0.000000,-0.613238,-1.212651,2.246021,1
2.748000,0.067495,0.000000,-0.613238,-1.212651,2.246021,1
2.749000,0.067495,0.000000,-0.613238,-1.212651,2.246021,1
2.750000,0.064427,-0.003068,-1.430785,-1.212651,1.483697,1
2.751000,0.064427,-0.006136,-1.430785,-2.160721,3.441198,1
2.752000,0.064427,-0.006136,-1.430785,-2.160721,3.441200,1
2.753000,0.064427,-0.006136,-1.430785,-2.160721,3.441202,1
2.754000,0.061359,-0.006136,-1.430785,-2.160721,3.435068,1
2.755000,0.061359,-0.006136,-1.430785,-2.160721,3.435070,1
2.756000,0.061359,-0.006136,-1.430785,-2.160721,3.435071,1
2.757000,0.055223,-0.015340,-1.391353,-1.674928,2.674728,1
2.758000,0.055223,-0.015340,-1.391353,-1.674928,2.674732,1
2.759000,0.055223,-0.015340,-1.133277,-1.314557,2.212071,1
2.760000,0.055223,-0.015340,-1.038144,-1.188251,2.054597,1
2.761000,0.055223,-0.015340,-0.956683,-1.082726,1.925013,1
2.762000,0.055223,-0.015340,-0.956683,-1.082726,1.925018,1
2.763000,0.055223,-0.015340,-0.827722,-0.920428,1.729386,1
2.764000,0.055223,-0.015340,-0.827722,-0.920428,1.729391,1
2.765000,0.055223,-0.015340,-0.729611,-0.800218,1.587088,1
2.766000,0.055223,-0.015340,-0.688612,-0.751590,1.530834,1
2.767000,0.055223,-0.015340,-0.651942,-0.708118,1.480564,1
2.768000,0.055223,-0.015340,-0.619301,-0.669775,1.436524,1
2.769000,0.055223,-0.015340,-0.619301,-0.669775,1.436529,1
2.770000,0.055223,-0.012272,-0.562391,0.603705,-1.714878,1
2.771000,0.055223,-0.012272,-0.537742,0.575392,-1.633598,1
2.772000,0.055223,-0.012272,-0.515012,0.549445,-1.558970,1
2.773000,0.055223,-0.009204,-0.494262,0.536639,-1.573966,1
2.774000,0.055223,-0.009204,-0.494262,0.536639,-1.573963,1
2.775000,0.055223,-0.009204,-0.457458,0.536639,-1.537156,1
2.776000,0.055223,-0.009204,-0.457458,0.536639,-1.537153,1
2.777000,0.055223,-0.009204,-0.441017,0.536639,-1.520709,1
2.778000,0.055223,-0.009204,-0.411602,0.536639,-1.491291,1
2.779000,0.055223,-0.009204,-0.411602,0.536639,-1.491289,1
2.780000,0.055223,-0.009204,-0.411602,0.536639,-1.491286,1
2.781000,0.055223,-0.009204,-0.398128,0.536639,-1.477809,1
2.782000,0.055223,-0.009204,-0.398128,0.536639,-1.477806,1
2.783000,0.052155,-0.009204,-1.414212,0.536639,-2.500024,1
2.784000,0.052155,-0.009204,-1.414212,0.536639,-2.500021,1
2.785000,0.052155,-0.009204,-1.414212,0.536639,-2.500018,1
2.786000,0.049087,-0.012272,-1.414212,0.536639,-2.444791,1
2.787000,0.049087,-0.012272,-1.414212,0.536639,-2.444788,1
2.788000,0.049087,-0.012272,-1.414212,0.536639,-2.444784,1
2.789000,0.049087,-0.012272,-1.414212,0.536639,-2.444780,1
2.790000,0.049087,-0.012272,-1.414212,0.536639,-2.444777,1
2.791000,0.049087,-0.012272,-1.414212,0.536639,-2.444773,1
2.792000,0.049087,-0.012272,-1.414212,0.536639,-2.444769,1
2.793000,0.049087,-0.012272,-1.414212,0.536639,-2.444766,1
2.794000,0.049087,-0.012272,-1.414212,0.536639,-2.444762,1
2.795000,0.049087,-0.012272,-1.414212,0.536639,-2.444758,1
2.796000,0.049087,-0.012272,-1.414212,0.536639,-2.444755,1
2.797000,0.036816,-0.024544,-0.336852,-0.647975,1.822735,1
2.798000,0.033748,-0.027612,-0.336852,-0.647975,1.877967,1
2.799000,0.033748,-0.030680,-0.336852,-1.753545,4.150476,1
2.800000,0.033748,-0.030680,-0.336852,-1.753545,4.150485,1
2.801000,0.027612,-0.036816,-1.579529,-1.753545,3.018265,1
2.802000,0.027612,-0.036816,-1.579529,-1.753545,3.018276,1
2.803000,0.024544,-0.039884,-1.579529,-1.753545,3.073512,1
2.804000,0.024544,-0.039884,-1.579529,-1.753545,3.073524,1
2.805000,0.024544,-0.042951,-1.579529,-2.056346,3.740498,1
2.806000,0.021476,-0.042951,-1.579529,-2.056346,3.734374,1
2.807000,0.021476,-0.046019,-1.522661,-2.056346,3.852616,1
2.808000,0.021476,-0.046019,-1.522661,-2.056346,3.852629,1
2.809000,0.021476,-0.046019,-1.522661,-2.056346,3.852643,1
2.810000,0.021476,-0.046019,-1.355749,-2.056346,4.019569,1
2.811000,0.021476,-0.046019,-1.220477,-1.873755,3.789672,1
2.812000,0.021476,-0.046019,-1.220477,-1.873755,3.789686,1
2.813000,0.021476,-0.046019,-1.018022,-1.435476,3.115597,1
2.814000,0.021476,-0.046019,-0.939958,-1.284995,2.892713,1
2.815000,0.021476,-0.046019,-0.939958,-1.284995,2.892727,1
2.816000,0.021476,-0.046019,-0.939958,-1.284995,2.892741,1
2.817000,0.021476,-0.042951,-0.765047,0.979004,-2.121693,1
2.818000,0.021476,-0.042951,-1.336483,0.905837,-2.546781,1
2.819000,0.021476,-0.039884,-1.049014,0.843188,-2.195361,1
2.820000,0.021476,-0.039884,-1.049014,0.843188,-2.195349,1
2.821000,0.024544,-0.036816,7.700183,0.741714,6.000000,1
2.822000,0.024544,-0.036816,4.725267,0.699306,4.411494,1
2.823000,0.027612,-0.042951,3.412150,-0.668443,5.962743,1
2.824000,0.027612,-0.042951,3.412150,-0.668443,5.962755,1
2.825000,0.030680,-0.036816,2.192831,-0.668443,4.626865,1
2.826000,0.030680,-0.036816,1.860408,-0.668443,4.294453,1
2.827000,0.030680,-0.036816,1.860408,-0.668443,4.294464,1
2.828000,0.033748,-0.036816,1.615765,-0.668443,4.055968,1
2.829000,0.036816,-0.030680,2.056696,2.652066,-2.860693,1
2.830000,0.036816,-0.030680,2.056696,2.652066,-2.860684,1
2.831000,0.036816,-0.024544,2.056696,2.652066,-2.983395,1
2.832000,0.039884,-0.021476,2.056696,3.252759,-4.239998,1
2.833000,0.039884,-0.021476,2.056696,3.252759,-4.239992,1
2.834000,0.042951,-0.018408,2.056696,3.252759,-4.295209,1
2.835000,0.042951,-0.018408,2.056696,3.252759,-4.295204,1
2.836000,0.042951,-0.015340,1.874554,3.227864,-4.488910,1
2.837000,0.046019,-0.015340,1.627335,2.558567,-3.391395,1
2.838000,0.046019,-0.015340,1.285805,1.804842,-2.225470,1
2.839000,0.046019,-0.015340,1.285805,1.804842,-2.225465,1
2.840000,0.046019,-0.015340,1.285805,1.804842,-2.225461,1
2.841000,0.049087,-0.012272,1.598805,1.394398,-1.146793,1
2.842000,0.049087,-0.012272,1.598805,1.251745,-0.861483,1
2.843000,0.049087,-0.012272,1.598805,1.251745,-0.861479,1
2.844000,0.049087,-0.012272,1.598805,0.958560,0.000000,1
2.845000,0.049087,-0.012272,1.598805,0.958560,0.000000,1
2.846000,0.049087,-0.012272,1.598805,0.829117,0.583787,1
2.847000,0.049087,-0.012272,1.598805,0.829117,0.583790,1
2.848000,0.049087,-0.012272,1.506059,0.776892,0.595498,1
2.849000,0.049087,-0.012272,1.209021,0.689508,0.473234,1
2.850000,0.049087,-0.012272,1.100657,0.652851,0.000000,1
2.851000,0.049087,-0.012272,1.009718,0.619744,0.000000,1
2.852000,0.049087,-0.012272,0.933050,0.589988,0.000000,1
2.853000,0.049087,-0.012272,0.866920,0.562840,0.000000,1
2.854000,0.049087,-0.012272,0.866920,0.562840,0.000000,1
2.855000,0.049087,-0.012272,0.866920,0.562840,0.000000,1
2.856000,0.049087,-0.012272,0.866920,0.562840,0.000000,1
2.857000,0.049087,-0.012272,0.866920,0.562840,0.000000,1
2.858000,0.049087,-0.012272,0.866920,0.562840,0.000000,1
2.859000,0.052155,-0.012272,0.608824,0.441364,0.000000,1
2.860000,0.052155,-0.009204,0.580230,0.436870,0.000000,1
2.861000,0.052155,-0.009204,0.580230,0.436870,0.000000,1
2.862000,0.052155,-0.009204,0.554028,0.436870,0.000000,1
2.863000,0.052155,-0.009204,0.508183,0.436870,0.000000,1
2.864000,0.052155,-0.009204,0.487872,0.436870,0.000000,1
2.865000,0.052155,-0.009204,0.469200,0.436870,0.000000,1
2.866000,0.052155,-0.009204,0.451970,0.436870,0.000000,1
2.867000,0.052155,-0.009204,0.435909,0.436870,0.000000,1
2.868000,0.052155,-0.009204,0.420868,0.436870,-0.464805,1
2.869000,0.052155,-0.009204,0.420868,0.436870,-0.464802,1
2.870000,0.052155,-0.009204,0.393961,0.436870,-0.491706,1
2.871000,0.052155,-0.009204,0.381668,0.436870,-0.503997,1
2.872000,0.052155,-0.009204,0.381668,0.436870,-0.503994,1
2.873000,0.052155,-0.009204,0.381668,0.436870,-0.503991,1
2.874000,0.052155,-0.009204,0.381668,0.436870,-0.503989,1
2.875000,0.052155,-0.009204,0.339428,0.436870,-0.546226,1
2.876000,0.052155,-0.009204,0.330295,0.436870,-0.555355,1
2.877000,0.052155,-0.009204,0.321615,0.436870,-0.564033,1
2.878000,0.052155,-0.009204,0.313405,0.436870,-0.572240,1
2.879000,0.052155,-0.009204,0.305646,0.436870,-0.579997,1
2.880000,0.052155,-0.009204,0.298221,0.436870,-0.587419,1
2.881000,0.052155,-0.009204,0.291088,0.436870,-0.594549,1
2.882000,0.052155,-0.009204,0.291088,0.436870,-0.594546,1
2.883000,0.052155,-0.012272,0.284384,0.436870,-0.539887,1
2.884000,0.052155,-0.012272,0.271821,0.436870,-0.552447,1
2.885000,0.052155,-0.012272,0.265885,0.436870,-0.558379,1
2.886000,0.052155,-0.012272,0.265885,0.436870,-0.558375,1
2.887000,0.049087,-0.012272,-0.260229,0.436870,-1.090622,1
2.888000,0.049087,-0.012272,-0.249659,-0.427403,1.248497,1
2.889000,0.049087,-0.012272,-0.249659,-0.427403,1.248501,1
2.890000,0.049087,-0.015340,-0.239922,-0.399637,1.264070,1
2.891000,0.049087,-0.015340,-0.235305,-0.386990,1.243397,1
2.892000,0.049087,-0.015340,-0.235305,-0.386990,1.243402,1
2.893000,0.049087,-0.018408,-0.230860,-0.377723,1.290677,1
2.894000,0.049087,-0.018408,-0.230860,-0.377723,1.290682,1
2.895000,0.049087,-0.018408,-0.218573,-0.377723,1.302975,1
2.896000,0.049087,-0.018408,-0.218573,-0.377723,1.302981,1
2.897000,0.049087,-0.018408,-0.191292,-0.377723,1.330267,1
2.898000,0.049087,-0.018408,-0.191292,-0.377723,1.330272,1
2.899000,0.052155,-0.018408,0.182731,-0.377723,1.710437,1
2.900000,0.052155,-0.018408,0.182731,-0.377723,1.710443,1
2.901000,0.052155,-0.015340,0.174924,-0.377723,1.641281,1
2.902000,0.052155,-0.015340,0.174924,-0.377723,1.641285,1
2.903000,0.052155,-0.015340,0.174924,-0.377723,1.641290,1
2.904000,0.052155,-0.015340,0.174924,-0.377723,1.641294,1
2.905000,0.052155,-0.015340,0.174924,-0.377723,1.641299,1
2.906000,0.052155,-0.015340,0.174924,-0.377723,1.641304,1
2.907000,0.052155,-0.015340,0.174924,-0.377723,1.641308,1
2.908000,0.052155,-0.015340,0.174924,-0.377723,1.641313,1
2.909000,0.052155,-0.015340,0.174924,-0.377723,1.641317,1
2.910000,0.052155,-0.015340,0.172462,-0.377723,1.638860,1
2.911000,0.052155,-0.015340,0.170093,-0.377723,1.636496,1
2.912000,0.055223,-0.015340,0.167752,-0.377723,1.640295,1
2.913000,0.055223,-0.015340,0.165482,-0.377723,1.638030,1
2.914000,0.058291,-0.012272,0.159072,-0.377723,1.576400,1
2.915000,0.058291,-0.012272,0.159072,-0.377723,1.576404,1
2.916000,0.058291,-0.012272,0.159072,-0.377723,1.576408,1
2.917000,0.058291,-0.012272,0.157020,-0.377723,1.574359,1
2.918000,0.064427,-0.006136,0.155598,0.470438,-0.833828,1
2.919000,0.064427,-0.003068,0.155598,0.470438,-0.895186,1
2.920000,0.064427,-0.003068,0.155598,0.470438,-0.895185,1
2.921000,0.064427,-0.003068,0.155598,0.470438,-0.895184,1
2.922000,0.064427,-0.003068,0.155598,0.470438,-0.895183,1
2.923000,0.064427,-0.003068,0.155598,0.470438,-0.895182,1
2.924000,0.064427,-0.003068,0.155598,0.470438,-0.895181,1
2.925000,0.064427,-0.003068,0.155598,0.470438,-0.895180,1
2.926000,0.064427,-0.003068,0.155598,0.470438,-0.895180,1
2.927000,0.064427,-0.003068,0.155598,0.470438,-0.895179,1
2.928000,0.064427,-0.003068,0.155598,0.470438,-0.895178,1
2.929000,0.070563,0.006136,0.155598,1.593025,-3.312160,1
2.930000,0.070563,0.006136,0.155598,1.593025,-3.312162,1
2.931000,0.073631,0.012272,0.947554,1.301947,-2.054637,1
2.932000,0.073631,0.012272,0.947554,1.301947,-2.054641,1
2.933000,0.073631,0.012272,0.947554,0.987895,-1.426539,1
2.934000,0.073631,0.012272,0.947554,0.987895,-1.426543,1
2.935000,0.073631,0.012272,0.947554,0.913681,-1.278118,1
2.936000,0.073631,0.012272,0.947554,0.913681,-1.278122,1
2.937000,0.073631,0.012272,0.947554,0.913681,-1.278126,1
2.938000,0.073631,0.012272,0.947554,0.913681,-1.278129,1
2.939000,0.073631,0.012272,0.947554,0.913681,-1.278133,1
2.940000,0.073631,0.012272,0.947554,0.913681,-1.278137,1
2.941000,0.073631,0.012272,0.947554,0.795374,-1.041527,1
2.942000,0.073631,0.009204,0.947554,-0.747029,2.704636,1
2.943000,0.073631,0.009204,0.947554,-0.704358,2.619291,1
2.944000,0.076699,0.009204,0.621915,-0.641493,2.174056,1
2.945000,0.076699,0.009204,0.621915,-0.641493,2.174053,1
2.946000,0.076699,0.009204,0.621915,-0.641493,2.174050,1
2.947000,0.076699,0.009204,0.621915,-0.641493,2.174047,1
2.948000,0.076699,0.009204,0.621915,-0.641493,2.174044,1
2.949000,0.076699,0.009204,0.621915,-0.641493,2.174042,1
2.950000,0.076699,0.009204,0.621915,-0.641493,2.174039,1
2.951000,0.076699,0.009204,0.621915,-0.641493,2.174036,1
2.952000,0.076699,0.009204,0.621915,-0.641493,2.174033,1
2.953000,0.076699,0.009204,0.621915,-0.641493,2.174031,1
2.954000,0.079767,0.009204,0.517007,-0.641493,2.075256,1
2.955000,0.079767,0.012272,0.496111,-0.641493,1.992997,1
2.956000,0.079767,0.012272,0.496111,-0.641493,1.992993,1
2.957000,0.079767,0.012272,0.496111,-0.641493,1.992989,1
2.958000,0.079767,0.012272,0.496111,-0.641493,1.992986,1
2.959000,0.079767,0.012272,0.496111,-0.641493,1.992982,1
2.960000,0.082835,0.012272,0.476942,-0.641493,1.979945,1
2.961000,0.082835,0.012272,0.476942,-0.641493,1.979942,1
2.962000,0.085903,0.015340,0.438072,0.979729,-1.956602,1
2.963000,0.088971,0.018408,0.438072,0.979729,-2.011831,1
2.964000,0.088971,0.018408,0.438072,0.979729,-2.011836,1
2.965000,0.092039,0.027612,0.438072,1.676230,-3.582788,1
2.966000,0.095107,0.027612,0.438072,1.676230,-3.576661,1
2.967000,0.095107,0.027612,0.438072,1.676230,-3.576669,1
2.968000,0.095107,0.027612,0.438072,1.676230,-3.576677,1
2.969000,0.095107,0.027612,0.438072,1.676230,-3.576686,1
2.970000,0.095107,0.030680,0.438072,1.676230,-3.638054,1
2.971000,0.095107,0.030680,0.438072,1.676230,-3.638063,1
2.972000,0.098175,0.030680,1.220015,1.676230,-2.849993,1
2.973000,0.098175,0.033748,1.220015,1.676230,-2.911362,1
2.974000,0.098175,0.033748,1.220015,1.676230,-2.911373,1
2.975000,0.098175,0.033748,1.220015,1.646252,-2.851425,1
2.976000,0.101243,0.036816,1.220015,1.071283,-1.756722,1
2.977000,0.098175,0.033748,1.220015,-0.985864,3.012786,1
2.978000,0.098175,0.033748,1.220015,-0.985864,3.012775,1
2.979000,0.098175,0.033748,1.220015,-0.985864,3.012765,1
2.980000,0.101243,0.030680,0.988942,-0.859076,2.595600,1
2.981000,0.101243,0.033748,0.666501,2.650181,-5.406723,1
2.982000,0.101243,0.039884,0.573185,1.801791,-3.925989,1
2.983000,0.101243,0.039884,0.502652,-4.594046,6.000000,1
2.984000,0.104311,0.033748,0.447660,-2.955963,6.000000,1
2.985000,0.104311,0.036816,0.403456,-1.715136,3.605598,1
2.986000,0.107379,0.039884,0.390595,-1.531200,3.169630,1
2.987000,0.107379,0.039884,0.390595,-1.531200,3.169618,1
2.988000,0.107379,0.039884,0.390595,-1.531200,3.169606,1
2.989000,0.107379,0.039884,0.390595,-1.531200,3.169594,1
2.990000,0.107379,0.039884,0.390595,-1.531200,3.169582,1
2.991000,0.107379,0.039884,0.390595,-1.531200,3.169570,1
2.992000,0.107379,0.039884,0.390595,-1.531200,3.169558,1
2.993000,0.107379,0.039884,0.390595,-1.531200,3.169546,1
2.994000,0.107379,0.039884,0.390595,-1.531200,3.169534,1
2.995000,0.107379,0.039884,0.390595,-1.531200,3.169522,1
2.996000,0.107379,0.039884,0.378551,-1.531200,3.157466,1
2.997000,0.107379,0.039884,0.378551,-1.531200,3.157454,1
2.998000,0.107379,0.039884,0.378551,-1.531200,3.157442,1
2.999000,0.107379,0.039884,0.378551,-1.531200,3.157430,1
3.000000,0.107379,0.039884,0.378551,-1.531200,3.157418,1
3.001000,0.107379,0.039884,0.378551,-1.531200,3.157407,1
3.002000,0.110447,0.042951,0.389135,-1.531200,3.112754,1
3.003000,0.110447,0.046019,0.389135,-1.531200,3.051381,1
3.004000,0.113515,0.046019,0.389135,-1.531200,3.057503,1
3.005000,0.113515,0.049087,0.389135,-1.531200,2.996129,1
3.006000,0.116583,0.052155,0.389135,1.830336,-4.382183,1
3.007000,0.116583,0.055223,0.389135,1.830336,-4.443559,1
3.008000,0.119651,0.058291,0.389135,1.830336,-4.498800,1
3.009000,0.119651,0.064427,0.389135,3.688824,-6.000000,1
3.010000,0.122718,0.067495,1.087450,3.688824,-6.000000,1
3.011000,0.122718,0.067495,1.087450,3.688824,-6.000000,1
3.012000,0.122718,0.067495,1.087450,3.688824,-6.000000,1
3.013000,0.122718,0.070563,1.087450,2.987547,-6.000000,1
3.014000,0.122718,0.070563,1.087450,2.403875,-5.186984,1
3.015000,0.125786,0.070563,1.087450,2.011146,-4.395412,1
3.016000,0.125786,0.073631,1.087450,1.726882,-3.888265,1
3.017000,0.125786,0.073631,1.087450,1.514954,-3.464432,1
3.018000,0.125786,0.073631,1.087450,1.349300,-3.133146,1
3.019000,0.125786,0.073631,1.087450,1.214440,-2.863447,1
3.020000,0.122718,0.073631,1.087450,1.105063,-2.650851,1
3.021000,0.122718,0.073631,1.087450,1.105063,-2.650873,1
3.022000,0.122718,0.073631,1.087450,1.105063,-2.650896,1
3.023000,0.122718,0.073631,1.087450,1.105063,-2.650918,1
3.024000,0.122718,0.073631,1.087450,1.105063,-2.650940,1
3.025000,0.122718,0.073631,1.087450,1.013516,-2.467868,1
3.026000,0.122718,0.073631,1.087450,1.013516,-2.467890,1
3.027000,0.122718,0.073631,1.087450,1.013516,-2.467912,1
3.028000,0.116583,0.067495,-0.671743,-0.697411,-0.694825,1
3.029000,0.116583,0.067495,-0.636600,-0.697411,-0.659701,1
3.030000,0.113515,0.064427,-0.648277,-0.697411,-0.616174,1
3.031000,0.113515,0.064427,-0.648277,-0.697411,-0.616194,1
3.032000,0.110447,0.061359,-0.648277,-0.697411,-0.560989,1
3.033000,0.110447,0.061359,-0.648277,-0.697411,-0.561007,1
3.034000,0.110447,0.058291,-0.648277,-0.697411,-0.499665,1
3.035000,0.107379,0.058291,-0.648277,-0.697411,-0.505819,1
3.036000,0.107379,0.055223,-0.648277,-1.314471,1.389643,1
3.037000,0.104311,0.055223,-0.648277,-1.314471,1.383490,1
3.038000,0.104311,0.055223,-0.648277,-1.314471,1.383474,1
3.039000,0.101243,0.052155,-1.217757,-1.314471,0.869201,1
3.040000,0.101243,0.052155,-1.217757,-1.314471,0.869186,1
3.041000,0.101243,0.052155,-1.217757,-1.314471,0.869170,1
3.042000,0.098175,0.049087,-1.217757,-1.314471,0.924378,1
3.043000,0.098175,0.049087,-1.217757,-1.314471,0.924364,1
3.044000,0.095107,0.049087,-1.217757,-1.314471,0.918213,1
3.045000,0.095107,0.046019,-1.217757,-1.314471,0.979558,1
3.046000,0.095107,0.046019,-1.217757,-1.205757,0.762117,1
3.047000,0.092039,0.046019,-1.217757,-1.098213,0.540879,1
3.048000,0.092039,0.046019,-1.217757,-1.007820,0.000000,1
3.049000,0.092039,0.046019,-1.187217,-0.931953,0.000000,1
3.050000,0.088971,0.046019,-1.299754,-0.865958,-0.611804,1
3.051000,0.088971,0.046019,-1.299754,-0.808821,-0.726093,1
3.052000,0.088971,0.046019,-1.299754,-0.808821,-0.726107,1
3.053000,0.085903,0.046019,-1.299754,-0.714671,-0.920557,1
3.054000,0.085903,0.046019,-1.299754,-0.675461,-0.998991,1
3.055000,0.085903,0.046019,-1.299754,-0.640292,-1.069342,1
3.056000,0.082835,0.046019,-1.299754,-0.608137,-1.139802,1
3.057000,0.082835,0.046019,-1.299754,-0.579447,-1.197196,1
3.058000,0.082835,0.042951,-1.299754,-0.570519,-1.153706,1
3.059000,0.079767,0.042951,-1.243381,-0.570519,-1.103482,1
3.060000,0.079767,0.042951,-1.128072,-0.570519,-0.988186,1
3.061000,0.079767,0.042951,-1.128072,-0.570519,-0.988199,1
3.062000,0.076699,0.042951,-1.055261,-0.570519,-0.921536,1
3.063000,0.073631,0.039884,-1.055261,-0.570519,-0.866325,1
3.064000,0.073631,0.039884,-1.055261,-0.570519,-0.866337,1
3.065000,0.073631,0.039884,-1.055261,-0.570519,-0.866349,1
3.066000,0.070563,0.039884,-1.055261,-0.570519,-0.872497,1
3.067000,0.070563,0.036816,-1.055261,-0.570519,-0.811149,1
3.068000,0.067495,0.036816,-1.055261,-0.570519,-0.817296,1
3.069000,0.067495,0.036816,-1.055261,-0.570519,-0.817307,1
3.070000,0.067495,0.036816,-1.055261,-0.570519,-0.817318,1
3.071000,0.064427,0.033748,-1.244111,-0.570519,-0.950955,1
3.072000,0.061359,0.033748,-1.244111,-0.570519,-0.957101,1
3.073000,0.061359,0.033748,-1.244111,-0.570519,-0.957111,1
3.074000,0.058291,0.030680,-1.244111,-0.774289,-0.494356,1
3.075000,0.058291,0.030680,-1.244111,-0.774289,-0.494366,1
3.076000,0.055223,0.030680,-1.244111,-0.774289,-0.500511,1
3.077000,0.052155,0.027612,-1.529456,-0.774289,-0.730640,1
3.078000,0.052155,0.027612,-1.529456,-0.774289,-0.730649,1
3.079000,0.052155,0.027612,-1.529456,-0.774289,-0.730657,1
3.080000,0.049087,0.024544,-1.529456,-0.774289,-0.675441,1
3.081000,0.046019,0.024544,-1.529456,-0.774289,-0.681584,1
3.082000,0.046019,0.024544,-1.529456,-0.774289,-0.681592,1
3.083000,0.042951,0.021476,-1.529456,-0.774289,-0.626375,1
3.084000,0.042951,0.021476,-1.529456,-0.774289,-0.626381,1
3.085000,0.042951,0.021476,-1.529456,-0.774289,-0.626388,1
3.086000,0.036816,0.018408,-1.721556,-1.026853,0.000000,1
3.087000,0.036816,0.018408,-1.721556,-1.026853,0.000000,1
3.088000,0.030680,0.015340,-1.721556,-1.026853,0.000000,1
3.089000,0.030680,0.015340,-1.721556,-1.026853,0.000000,1
3.090000,0.030680,0.015340,-1.721556,-1.026853,0.000000,1
3.091000,0.027612,0.012272,-1.810322,-1.026853,0.000000,1
3.092000,0.021476,0.009204,-1.810322,-1.026853,0.000000,1
3.093000,0.009204,0.003068,-1.871223,-1.134830,0.653555,1
3.094000,0.003068,-0.003068,-1.811762,-1.134830,0.823464,1
3.095000,0.003068,-0.003068,-1.811762,-1.134830,0.823465,1
3.096000,-0.006136,-0.009204,-1.811762,-1.079613,0.817345,1
3.097000,-0.009204,-0.009204,-1.682275,-1.079613,0.940699,1
3.098000,-0.012272,-0.012272,-1.682275,-1.079613,0.995926,1
3.099000,-0.012272,-0.012272,-1.682275,-1.079613,0.995930,1
3.100000,-0.012272,-0.012272,-1.682275,-1.079613,0.995933,1
3.101000,-0.012272,-0.012272,-1.682275,-1.079613,0.995937,1
3.102000,-0.012272,-0.012272,-1.682275,-1.079613,0.995941,1
3.103000,-0.012272,-0.012272,-1.682275,-1.079613,0.995944,1
3.104000,-0.012272,-0.012272,-1.682275,-1.079613,0.995948,1
3.105000,-0.012272,-0.012272,-1.682275,-1.079613,0.995952,1
3.106000,-0.012272,-0.012272,-1.682275,-1.079613,0.995956,1
3.107000,-0.012272,-0.012272,-1.682275,-1.079613,0.995959,1
3.108000,-0.012272,-0.012272,-1.682275,-1.079613,0.995963,1
3.109000,-0.012272,-0.012272,-1.682275,-1.079613,0.995967,1
3.110000,-0.012272,-0.012272,-1.682275,-1.079613,0.995970,1
3.111000,-0.012272,-0.012272,-1.682275,-1.079613,0.995974,1
3.112000,-0.012272,-0.012272,-1.682275,-1.079613,0.995978,1
3.113000,-0.012272,-0.012272,-1.682275,-1.079613,0.995981,1
3.114000,-0.012272,-0.012272,-1.682275,-1.079613,0.995985,1
3.115000,-0.012272,-0.012272,-1.682275,-1.079613,0.995989,1
3.116000,-0.012272,-0.012272,-1.682275,-1.079613,0.995992,1
3.117000,-0.015340,-0.012272,-1.682275,-1.079613,0.989860,1
3.118000,-0.015340,-0.012272,-1.682275,-1.079613,0.989864,1
3.119000,-0.018408,-0.012272,-1.679717,-1.050964,0.928991,1
3.120000,-0.018408,-0.015340,-1.477164,-0.967921,1.026823,1
3.121000,-0.018408,-0.015340,-1.318162,-0.897021,1.044029,1
3.122000,-0.021476,-0.015340,-1.423066,-0.835990,0.810931,1
3.123000,-0.021476,-0.015340,-1.423066,-0.782962,0.704880,1
3.124000,-0.021476,-0.015340,-1.423066,-0.782962,0.704885,1
3.125000,-0.021476,-0.015340,-1.423066,-0.782962,0.704890,1
3.126000,-0.021476,-0.015340,-1.423066,-0.782962,0.704894,1
3.127000,-0.021476,-0.015340,-1.423066,-0.735635,0.610245,1
3.128000,-0.021476,-0.015340,-1.423066,-0.735635,0.610249,1
3.129000,-0.024544,-0.015340,-1.423066,-0.656780,0.000000,1
3.130000,-0.024544,-0.015340,-1.423066,-0.656780,0.000000,1
3.131000,-0.024544,-0.015340,-1.423066,-0.656780,0.000000,1
3.132000,-0.027612,-0.015340,-1.423066,-0.593305,0.000000,1
3.133000,-0.027612,-0.015340,-1.423066,-0.593305,0.000000,1
3.134000,-0.027612,-0.015340,-1.423066,-0.593305,0.000000,1
3.135000,-0.027612,-0.018408,-1.277868,-0.581098,0.495493,1
3.136000,-0.027612,-0.018408,-1.277868,-0.581098,0.495498,1
3.137000,-0.027612,-0.018408,-1.277868,-0.581098,0.495504,1
3.138000,-0.030680,-0.018408,-0.973406,-0.581098,0.793836,1
3.139000,-0.030680,-0.018408,-0.973406,-0.581098,0.793842,1
3.140000,-0.030680,-0.018408,-0.973406,-0.581098,0.793847,1
3.141000,-0.033748,-0.018408,-1.082819,-0.581098,0.678303,1
3.142000,-0.033748,-0.018408,-1.082819,-0.581098,0.678309,1
3.143000,-0.033748,-0.018408,-1.082819,-0.581098,0.678314,1
3.144000,-0.036816,-0.015340,-1.082819,-0.581098,0.610824,1
3.145000,-0.036816,-0.015340,-1.082819,-0.581098,0.610828,1
3.146000,-0.036816,-0.015340,-1.082819,-0.581098,0.610833,1
3.147000,-0.039884,-0.018408,-1.082819,1.016470,-3.129075,1
3.148000,-0.039884,-0.018408,-1.082819,1.016470,-3.129070,1
3.149000,-0.039884,-0.018408,-1.082819,1.016470,-3.129064,1
3.150000,-0.039884,-0.018408,-1.056121,1.016470,-3.102360,1
3.151000,-0.039884,-0.018408,-1.056121,1.016470,-3.102355,1
3.152000,-0.039884,-0.018408,-1.056121,1.016470,-3.102349,1
3.153000,-0.042951,-0.018408,-0.839555,1.016470,-2.891914,1
3.154000,-0.042951,-0.018408,-0.839555,1.016470,-2.891908,1
3.155000,-0.042951,-0.018408,-0.839555,1.016470,-2.891903,1
3.156000,-0.046019,-0.015340,-0.837127,1.016470,-2.956966,1
3.157000,-0.049087,-0.015340,-0.837127,0.792243,-2.514643,1
3.158000,-0.052155,-0.018408,-0.837127,0.737371,-2.349670,1
3.159000,-0.055223,-0.018408,-0.837127,0.737371,-2.355801,1
3.160000,-0.058291,-0.018408,-0.889633,0.737371,-2.414437,1
3.161000,-0.058291,-0.021476,-0.889633,0.737371,-2.353071,1
3.162000,-0.058291,-0.021476,-0.889633,0.737371,-2.353065,1
3.163000,-0.058291,-0.021476,-0.889633,0.737371,-2.353058,1
3.164000,-0.058291,-0.021476,-0.889633,0.737371,-2.353052,1
3.165000,-0.058291,-0.021476,-0.889633,0.737371,-2.353045,1
3.166000,-0.061359,-0.021476,-0.889633,0.737371,-2.359175,1
3.167000,-0.061359,-0.021476,-0.889633,0.737371,-2.359168,1
3.168000,-0.061359,-0.021476,-0.889633,0.737371,-2.359162,1
3.169000,-0.067495,-0.024544,-0.889633,0.737371,-2.310067,1
3.170000,-0.073631,-0.030680,-1.784160,-1.249638,1.479881,1
3.171000,-0.073631,-0.030680,-1.784160,-1.249638,1.479891,1
3.172000,-0.085903,-0.039884,-2.374500,-1.249638,1.049096,1
3.173000,-0.085903,-0.039884,-2.374500,-1.249638,1.049108,1
3.174000,-0.085903,-0.039884,-2.374500,-1.249638,1.049120,1
3.175000,-0.095107,-0.049087,-2.687356,-2.183322,2.769317,1
3.176000,-0.095107,-0.052155,-2.687356,-2.183322,2.830692,1
3.177000,-0.098175,-0.052155,-2.687356,-2.183322,2.824571,1
3.178000,-0.101243,-0.055223,-2.687356,-2.654640,3.822447,1
3.179000,-0.104311,-0.058291,-2.687356,-2.654640,3.877687,1
3.180000,-0.104311,-0.058291,-2.443435,-2.654640,4.121626,1
3.181000,-0.107379,-0.061359,-2.573801,-2.654640,4.046501,1
3.182000,-0.107379,-0.064427,-2.573801,-2.568795,3.936190,1
3.183000,-0.110447,-0.064427,-2.573801,-2.124505,3.041493,1
3.184000,-0.110447,-0.064427,-2.573801,-1.809992,2.412487,1
3.185000,-0.113515,-0.067495,-2.573801,-1.636513,2.120773,1
3.186000,-0.113515,-0.067495,-2.173643,-1.636513,2.520950,1
3.187000,-0.116583,-0.067495,-1.848881,-1.636513,2.839597,1
3.188000,-0.116583,-0.067495,-1.605661,-1.636513,3.082837,1
3.189000,-0.116583,-0.067495,-1.605661,-1.636513,3.082857,1
3.190000,-0.116583,-0.067495,-1.605661,-1.636513,3.082877,1
3.191000,-0.116583,-0.067495,-1.605661,-1.636513,3.082898,1
3.192000,-0.119651,-0.070563,-1.912632,-1.636513,2.831171,1
3.193000,-0.119651,-0.070563,-1.912632,-1.636513,2.831192,1
3.194000,-0.119651,-0.070563,-1.912632,-1.636513,2.831214,1
3.195000,-0.119651,-0.070563,-1.912632,-1.636513,2.831235,1
3.196000,-0.119651,-0.070563,-1.912632,-1.636513,2.831256,1
3.197000,-0.119651,-0.070563,-1.912632,-1.482659,2.523570,1
3.198000,-0.122718,-0.067495,-1.518242,0.999874,-2.714582,1
3.199000,-0.122718,-0.067495,-1.518242,0.999874,-2.714562,1
3.200000,-0.122718,-0.064427,-1.106983,0.803326,-1.971545,1
3.201000,-0.122718,-0.061359,-1.014751,0.753618,-1.841238,1
3.202000,-0.122718,-0.061359,-0.937332,0.710062,-1.676689,1
3.203000,-0.122718,-0.061359,-0.937332,0.710062,-1.676671,1
3.204000,-0.122718,-0.061359,-0.937332,0.710062,-1.676653,1
3.205000,-0.122718,-0.061359,-0.937332,0.710062,-1.676634,1
3.206000,-0.122718,-0.061359,-0.937332,0.710062,-1.676616,1
3.207000,-0.122718,-0.061359,-0.937332,0.710062,-1.676597,1
3.208000,-0.122718,-0.061359,-0.678365,0.550782,-1.099052,1
3.209000,-0.125786,-0.061359,-0.610947,0.505492,-0.947171,1
3.210000,-0.125786,-0.061359,-0.581771,0.485352,-0.877697,1
3.211000,-0.125786,-0.061359,-0.555630,0.467022,-0.814878,1
3.212000,-0.125786,-0.061359,-0.531522,0.449871,-0.756449,1
3.213000,-0.128854,-0.061359,-0.509467,0.433970,-0.708710,1
3.214000,-0.128854,-0.061359,-0.489305,0.419051,-0.658692,1
3.215000,-0.128854,-0.064427,-0.470356,-0.405265,1.670269,1
3.216000,-0.128854,-0.064427,-0.453017,-0.392327,1.661751,1
3.217000,-0.131922,-0.064427,-0.506086,-0.380135,1.578181,1
3.218000,-0.131922,-0.067495,-0.506086,-0.377549,1.634388,1
3.219000,-0.131922,-0.067495,-0.506086,-0.377549,1.634409,1
3.220000,-0.131922,-0.067495,-0.506086,-0.377549,1.634429,1
3.221000,-0.134990,-0.067495,-0.506086,-0.377549,1.628313,1
3.222000,-0.134990,-0.067495,-0.506086,-0.377549,1.628333,1
3.223000,-0.134990,-0.070563,-0.506086,-0.377549,1.689714,1
3.224000,-0.134990,-0.067495,-0.506086,-0.377549,1.628375,1
3.225000,-0.134990,-0.067495,-0.506086,-0.377549,1.628395,1
3.226000,-0.134990,-0.067495,-0.506086,-0.377549,1.628415,1
3.227000,-0.134990,-0.067495,-0.506086,-0.377549,1.628436,1
3.228000,-0.134990,-0.067495,-0.506086,-0.377549,1.628456,1
3.229000,-0.134990,-0.067495,-0.506086,-0.377549,1.628476,1
3.230000,-0.134990,-0.067495,-0.506086,-0.377549,1.628496,1
3.231000,-0.134990,-0.067495,-0.506086,-0.377549,1.628517,1
3.232000,-0.134990,-0.067495,-0.506086,-0.377549,1.628537,1
3.233000,-0.134990,-0.064427,-0.506086,-0.377549,1.567197,1
3.234000,-0.134990,-0.064427,-0.506086,-0.377549,1.567216,1
3.235000,-0.134990,-0.064427,-0.506086,-0.377549,1.567236,1
3.236000,-0.134990,-0.064427,-0.506086,-0.377549,1.567255,1
3.237000,-0.134990,-0.064427,-0.506086,-0.377549,1.567274,1
3.238000,-0.134990,-0.061359,-0.506086,-0.377549,1.505933,1
3.239000,-0.134990,-0.061359,-0.506086,-0.377549,1.505952,1
3.240000,-0.134990,-0.061359,-0.506086,-0.377549,1.505970,1
3.241000,-0.134990,-0.058291,-0.501027,0.519205,-0.943821,1
3.242000,-0.134990,-0.058291,-0.501027,0.519205,-0.943803,1
3.243000,-0.134990,-0.058291,-0.481390,0.519205,-0.924150,1
3.244000,-0.134990,-0.058291,-0.481390,0.519205,-0.924132,1
3.245000,-0.131922,-0.055223,0.430884,0.519205,0.532935,1
3.246000,-0.131922,-0.055223,0.416173,0.519205,0.518241,1
3.247000,-0.131922,-0.052155,0.402513,0.519205,0.000000,1
3.248000,-0.131922,-0.052155,0.389723,0.519205,0.000000,1
3.249000,-0.131922,-0.052155,0.377764,0.519205,0.000000,1
3.250000,-0.131922,-0.052155,0.366467,0.519205,0.000000,1
3.251000,-0.128854,-0.049087,0.355910,0.519205,0.000000,1
3.252000,-0.128854,-0.049087,0.345799,0.519205,0.000000,1
3.253000,-0.128854,-0.049087,0.336285,0.519205,0.000000,1
3.254000,-0.128854,-0.049087,0.327321,0.519205,0.000000,1
3.255000,-0.128854,-0.046019,0.318867,0.519205,0.000000,1
3.256000,-0.128854,-0.046019,0.318867,0.519205,0.000000,1
3.257000,-0.128854,-0.046019,0.310821,0.867324,-1.061127,1
3.258000,-0.128854,-0.046019,0.310821,0.867324,-1.061113,1
3.259000,-0.125786,-0.046019,0.288829,0.867324,-1.076955,1
3.260000,-0.125786,-0.042951,0.282209,0.867324,-1.144921,1
3.261000,-0.125786,-0.042951,0.275888,0.867324,-1.151229,1
3.262000,-0.125786,-0.042951,0.275888,0.867324,-1.151216,1
3.263000,-0.125786,-0.042951,0.269759,0.867324,-1.157333,1
3.264000,-0.125786,-0.042951,0.269759,0.867324,-1.157320,1
3.265000,-0.125786,-0.042951,0.269759,0.867324,-1.157307,1
3.266000,-0.125786,-0.042951,0.247964,0.867324,-1.179088,1
3.267000,-0.125786,-0.042951,0.243046,0.867324,-1.183994,1
3.268000,-0.125786,-0.042951,0.238342,0.867324,-1.188685,1
3.269000,-0.125786,-0.042951,0.233813,0.867324,-1.193201,1
3.270000,-0.125786,-0.042951,0.229414,0.819431,-1.101803,1
3.271000,-0.125786,-0.042951,0.225228,0.768419,-1.003952,1
3.272000,-0.125786,-0.042951,0.221190,0.723369,-0.917875,1
3.273000,-0.125786,-0.042951,0.217240,0.682768,-0.840612,1
3.274000,-0.125786,-0.042951,0.213479,0.646946,-0.772715,1
3.275000,-0.125786,-0.042951,0.213479,0.646946,-0.772703,1
3.276000,-0.125786,-0.042951,0.213479,0.646946,-0.772690,1
3.277000,-0.125786,-0.042951,0.202875,0.558483,-0.606354,1
3.278000,-0.125786,-0.042951,0.199576,0.534175,-0.561024,1
3.279000,-0.128854,-0.046019,-0.196385,-0.511910,1.790421,1
3.280000,-0.128854,-0.046019,-0.193284,-0.491365,1.752446,1
3.281000,-0.128854,-0.046019,-0.190294,-0.472492,1.717704,1
3.282000,-0.128854,-0.046019,-0.187385,-0.454952,1.685547,1
3.283000,-0.128854,-0.049087,-0.184573,-0.438727,1.717281,1
3.284000,-0.128854,-0.049087,-0.181846,-0.423627,1.689824,1
3.285000,-0.128854,-0.049087,-0.181846,-0.423627,1.689838,1
3.286000,-0.128854,-0.049087,-0.181846,-0.423627,1.689853,1
3.287000,-0.128854,-0.049087,-0.179186,-0.409465,1.664204,1
3.288000,-0.128854,-0.049087,-0.179186,-0.409465,1.664218,1
3.289000,-0.128854,-0.049087,-0.176600,-0.396208,1.640306,1
3.290000,-0.128854,-0.049087,-0.166980,-0.350856,1.559236,1
3.291000,-0.128854,-0.049087,-0.164755,-0.341177,1.542118,1
3.292000,-0.128854,-0.049087,-0.162558,-0.331888,1.525751,1
3.293000,-0.128854,-0.049087,-0.160449,-0.323215,1.510529,1
3.294000,-0.128854,-0.049087,-0.158366,-0.314870,1.495938,1
3.295000,-0.128854,-0.049087,-0.156344,-0.306978,1.482190,1
3.296000,-0.128854,-0.046019,-0.154383,-0.303126,1.415103,1
3.297000,-0.125786,-0.046019,0.152462,-0.303126,1.728097,1
3.298000,-0.125786,-0.046019,0.150602,-0.303126,1.726251,1
3.299000,-0.125786,-0.046019,0.150602,-0.303126,1.726265,1
3.300000,-0.125786,-0.046019,0.150602,-0.303126,1.726279,1
3.301000,-0.125786,-0.042951,0.148777,-0.303126,1.663107,1
3.302000,-0.125786,-0.042951,0.148777,-0.303126,1.663120,1
3.303000,-0.125786,-0.042951,0.146996,-0.303126,1.661352,1
3.304000,-0.122718,-0.042951,0.291929,-0.303126,1.812434,1
3.305000,-0.119651,-0.039884,0.291929,-0.303126,1.757222,1
3.306000,-0.119651,-0.039884,0.291929,-0.303126,1.757234,1
3.307000,-0.119651,-0.036816,0.291929,-0.303126,1.695886,1
3.308000,-0.116583,-0.036816,0.291929,-0.303126,1.702033,1
3.309000,-0.116583,-0.036816,0.291929,-0.303126,1.702044,1
3.310000,-0.113515,-0.033748,0.291929,0.872655,-1.304732,1
3.311000,-0.113515,-0.033748,0.291929,0.872655,-1.304722,1
3.312000,-0.113515,-0.030680,0.291929,0.872655,-1.366072,1
3.313000,-0.110447,-0.027612,0.214550,0.872655,-1.498666,1
3.314000,-0.110447,-0.027612,0.214550,0.872655,-1.498658,1
3.315000,-0.110447,-0.024544,0.214550,0.872655,-1.560010,1
3.316000,-0.107379,-0.024544,0.214550,0.872655,-1.553866,1
3.317000,-0.107379,-0.024544,0.214550,0.872655,-1.553859,1
3.318000,-0.107379,-0.024544,0.214550,0.872655,-1.553852,1
3.319000,-0.104311,-0.024544,0.214550,0.872655,-1.547708,1
3.320000,-0.104311,-0.021476,0.214550,1.295675,-2.455102,1
3.321000,-0.104311,-0.018408,0.214550,1.295675,-2.516456,1
3.322000,-0.104311,-0.018408,0.214550,1.295675,-2.516450,1
3.323000,-0.104311,-0.018408,0.214550,1.295675,-2.516445,1
3.324000,-0.104311,-0.018408,0.214550,1.295675,-2.516439,1
3.325000,-0.104311,-0.018408,0.214550,1.295675,-2.516434,1
3.326000,-0.104311,-0.018408,0.214550,1.295675,-2.516428,1
3.327000,-0.104311,-0.018408,0.214550,1.295675,-2.516422,1
3.328000,-0.101243,-0.018408,0.214550,1.295675,-2.510281,1
3.329000,-0.101243,-0.018408,0.214550,1.230764,-2.380453,1
3.330000,-0.101243,-0.018408,0.214550,1.118792,-2.156504,1
3.331000,-0.104311,-0.018408,0.214550,1.025122,-1.975293,1
3.332000,-0.104311,-0.018408,0.214550,0.946281,-1.817606,1
3.333000,-0.104311,-0.018408,0.214550,0.878735,-1.682508,1
3.334000,-0.104311,-0.021476,0.214550,-0.819953,2.376233,1
3.335000,-0.104311,-0.021476,0.214550,-0.768435,2.273204,1
3.336000,-0.104311,-0.024544,0.214550,-0.723076,2.243852,1
3.337000,-0.107379,-0.024544,-1.081037,0.614432,-2.332879,1
3.338000,-0.107379,-0.024544,-1.081037,0.614432,-2.332872,1
3.339000,-0.107379,-0.024544,-1.081037,0.585099,-2.274198,1
3.340000,-0.107379,-0.024544,-1.081037,0.585099,-2.274191,1
3.341000,-0.107379,-0.024544,-1.081037,0.585099,-2.274183,1
3.342000,-0.107379,-0.024544,-1.081037,0.585099,-2.274176,1
3.343000,-0.107379,-0.024544,-1.081037,0.585099,-2.274169,1
3.344000,-0.107379,-0.024544,-1.081037,0.585099,-2.274161,1
3.345000,-0.107379,-0.024544,-1.081037,0.585099,-2.274154,1
3.346000,-0.107379,-0.024544,-1.081037,0.455030,-2.014008,1
3.347000,-0.107379,-0.024544,-1.081037,0.438776,-1.981494,1
3.348000,-0.110447,-0.027612,-0.912641,-0.383881,0.487448,1
3.349000,-0.110447,-0.027612,-0.912641,-0.383881,0.487456,1
3.350000,-0.110447,-0.027612,-0.912641,-0.383881,0.487464,1
3.351000,-0.110447,-0.027612,-0.912641,-0.383881,0.487473,1
3.352000,-0.110447,-0.030680,-0.849148,-0.376866,0.598304,1
3.353000,-0.110447,-0.030680,-0.849148,-0.376866,0.598313,1
3.354000,-0.110447,-0.030680,-0.849148,-0.376866,0.598323,1
3.355000,-0.113515,-0.030680,-0.794471,-0.376866,0.646873,1
3.356000,-0.113515,-0.030680,-0.794471,-0.376866,0.646882,1
3.357000,-0.113515,-0.033748,-0.746117,-0.376866,0.756605,1
3.358000,-0.116583,-0.039884,-0.600043,-0.376866,1.019274,1
3.359000,-0.116583,-0.039884,-0.572149,-0.376866,1.047180,1
3.360000,-0.116583,-0.039884,-0.546646,-0.376866,1.072695,1
3.361000,-0.116583,-0.042951,-0.523382,-1.425858,3.255316,1
3.362000,-0.116583,-0.042951,-0.501962,-1.425858,3.276749,1
3.363000,-0.119651,-0.046019,-0.361929,-1.425858,3.472019,1
3.364000,-0.119651,-0.046019,-0.361929,-1.425858,3.472033,1
3.365000,-0.119651,-0.046019,-0.361929,-1.425858,3.472047,1
3.366000,-0.119651,-0.046019,-0.361929,-1.425858,3.472061,1
3.367000,-0.119651,-0.046019,-0.361929,-1.425858,3.472074,1
3.368000,-0.119651,-0.046019,-0.361929,-1.425858,3.472088,1
3.369000,-0.116583,-0.046019,-0.361929,-1.252290,3.131101,1
3.370000,-0.116583,-0.046019,-0.361929,-1.135742,2.898019,1
3.371000,-0.116583,-0.046019,-0.361929,-1.135742,2.898032,1
3.372000,-0.116583,-0.046019,-0.361929,-1.039813,2.706189,1
3.373000,-0.116583,-0.046019,-0.361929,-0.958351,2.543279,1
3.374000,-0.116583,-0.046019,-0.361929,-0.958351,2.543293,1
3.375000,-0.113515,-0.046019,-0.361929,-0.889404,2.411548,1
3.376000,-0.113515,-0.046019,-0.361929,-0.889404,2.411562,1
3.377000,-0.113515,-0.046019,-0.361929,-0.889404,2.411576,1
3.378000,-0.104311,-0.036816,0.774645,0.562995,0.477694,1
3.379000,-0.104311,-0.036816,0.774645,0.562995,0.477705,1
3.380000,-0.104311,-0.036816,0.774645,0.562995,0.477716,1
3.381000,-0.104311,-0.036816,0.774645,0.562995,0.477727,1
3.382000,-0.104311,-0.036816,0.774645,0.562995,0.477738,1
3.383000,-0.104311,-0.036816,0.774645,0.562995,0.477749,1
3.384000,-0.104311,-0.036816,0.774645,0.562995,0.477760,1
3.385000,-0.104311,-0.036816,0.774645,0.562995,0.477771,1
3.386000,-0.095107,-0.027612,1.026943,0.558382,0.573634,1
3.387000,-0.095107,-0.027612,1.026943,0.558382,0.573642,1
3.388000,-0.092039,-0.024544,1.026943,0.558382,0.518426,1
3.389000,-0.088971,-0.021476,1.026943,1.991325,-3.002678,1
3.390000,-0.088971,-0.018408,1.026943,1.991325,-3.064032,1
3.391000,-0.079767,-0.009204,1.868280,2.524011,-3.453734,1
3.392000,-0.079767,-0.009204,1.868280,2.524011,-3.453731,1
3.393000,-0.079767,-0.009204,1.868280,2.524011,-3.453729,1
3.394000,-0.079767,-0.009204,1.868280,2.524011,-3.453726,1
3.395000,-0.079767,-0.009204,1.868280,2.524011,-3.453723,1
3.396000,-0.079767,-0.006136,1.868280,2.524011,-3.515081,1
3.397000,-0.076699,-0.006136,1.804164,2.524011,-3.573059,1
3.398000,-0.076699,-0.006136,1.572443,2.524011,-3.804778,1
3.399000,-0.076699,-0.006136,1.572443,2.524011,-3.804776,1
3.400000,-0.076699,-0.006136,1.572443,2.524011,-3.804774,1
3.401000,-0.076699,-0.006136,1.572443,2.524011,-3.804772,1
3.402000,-0.076699,-0.006136,1.572443,2.524011,-3.804770,1
3.403000,-0.076699,-0.006136,1.572443,2.524011,-3.804769,1
3.404000,-0.076699,-0.006136,1.572443,2.524011,-3.804767,1
3.405000,-0.076699,-0.006136,1.572443,2.524011,-3.804765,1
3.406000,-0.076699,-0.006136,1.572443,2.524011,-3.804763,1
3.407000,-0.073631,-0.003068,1.575527,0.889083,-0.587046,1
3.408000,-0.073631,-0.003068,1.396637,0.829152,-0.646073,1
3.409000,-0.076699,-0.006136,-1.041098,0.825898,-3.022075,1
3.410000,-0.076699,-0.006136,-1.041098,0.825898,-3.022073,1
3.411000,-0.076699,-0.006136,-1.041098,0.825898,-3.022071,1
3.412000,-0.076699,-0.006136,-1.041098,0.825898,-3.022069,1
3.413000,-0.076699,-0.006136,-1.041098,0.825898,-3.022067,1
3.414000,-0.079767,-0.009204,-0.830086,0.825898,-2.755829,1
3.415000,-0.079767,-0.012272,-0.777331,0.825898,-2.641711,1
3.416000,-0.079767,-0.012272,-0.777331,0.825898,-2.641707,1
3.417000,-0.079767,-0.012272,-0.777331,0.825898,-2.641704,1
3.418000,-0.082835,-0.015340,-0.780895,0.825898,-2.590040,1
3.419000,-0.082835,-0.015340,-0.780895,0.825898,-2.590035,1
3.420000,-0.088971,-0.021476,-0.780895,-1.099284,1.970782,1
3.421000,-0.088971,-0.021476,-0.780895,-1.099284,1.970789,1
3.422000,-0.088971,-0.021476,-0.780895,-1.099284,1.970795,1
3.423000,-0.088971,-0.024544,-0.780895,-1.099284,2.032162,1
3.424000,-0.098175,-0.039884,-1.037787,-2.156171,4.177443,1
3.425000,-0.098175,-0.039884,-1.037787,-2.156171,4.177455,1
3.426000,-0.098175,-0.039884,-1.037787,-2.156171,4.177467,1
3.427000,-0.098175,-0.039884,-1.037787,-2.156171,4.177479,1
3.428000,-0.098175,-0.039884,-1.037787,-2.156171,4.177491,1
3.429000,-0.098175,-0.039884,-1.037787,-2.156171,4.177503,1
3.430000,-0.098175,-0.039884,-1.037787,-2.156171,4.177515,1
3.431000,-0.098175,-0.042951,-1.037787,-1.630278,3.187101,1
3.432000,-0.101243,-0.046019,-1.037787,-1.630278,3.242338,1
3.433000,-0.101243,-0.046019,-1.037787,-1.630278,3.242352,1
3.434000,-0.101243,-0.046019,-1.037787,-1.630278,3.242365,1
3.435000,-0.101243,-0.046019,-1.037787,-1.630278,3.242379,1
3.436000,-0.101243,-0.046019,-1.037787,-1.630278,3.242393,1
3.437000,-0.101243,-0.046019,-1.037787,-1.630278,3.242407,1
3.438000,-0.101243,-0.046019,-1.037787,-1.630278,3.242421,1
3.439000,-0.101243,-0.046019,-1.037787,-1.630278,3.242435,1
3.440000,-0.101243,-0.046019,-1.037787,-1.630278,3.242448,1
3.441000,-0.101243,-0.046019,-1.037787,-1.630278,3.242462,1
3.442000,-0.101243,-0.046019,-1.037787,-1.630278,3.242476,1
3.443000,-0.101243,-0.049087,-0.932463,-1.630278,3.409174,1
3.444000,-0.101243,-0.049087,-0.932463,-1.630278,3.409189,1
3.445000,-0.101243,-0.049087,-0.932463,-1.630278,3.409203,1
3.446000,-0.101243,-0.049087,-0.759737,-1.208232,2.737854,1
3.447000,-0.101243,-0.049087,-0.759737,-1.208232,2.737868,1
3.448000,-0.101243,-0.049087,-0.759737,-1.208232,2.737883,1
3.449000,-0.092039,-0.046019,-1.104153,-0.784040,1.502145,1
3.450000,-0.092039,-0.046019,-1.104153,-0.784040,1.502158,1
3.451000,-0.079767,-0.033748,0.762334,1.266898,-1.554114,1
3.452000,-0.079767,-0.033748,0.762334,1.266898,-1.554104,1
3.453000,-0.079767,-0.033748,0.762334,1.266898,-1.554094,1
3.454000,-0.076699,-0.033748,0.762334,1.266898,-1.547948,1
3.455000,-0.070563,-0.021476,1.493665,1.906043,-2.328065,1
3.456000,-0.067495,-0.018408,1.493665,1.906043,-2.383283,1
3.457000,-0.064427,-0.015340,1.324103,1.906043,-2.608063,1
3.458000,-0.064427,-0.015340,1.324103,1.906043,-2.608058,1
3.459000,-0.064427,-0.015340,1.324103,1.906043,-2.608054,1
3.460000,-0.064427,-0.015340,1.324103,1.906043,-2.608049,1
3.461000,-0.064427,-0.015340,1.324103,1.906043,-2.608044,1
3.462000,-0.064427,-0.015340,1.324103,1.906043,-2.608040,1
3.463000,-0.064427,-0.015340,1.324103,1.906043,-2.608035,1
3.464000,-0.064427,-0.015340,1.324103,1.906043,-2.608031,1
3.465000,-0.064427,-0.015340,1.324103,1.906043,-2.608026,1
3.466000,-0.064427,-0.015340,1.324103,1.906043,-2.608021,1
3.467000,-0.064427,-0.015340,1.324103,1.906043,-2.608017,1
3.468000,-0.064427,-0.015340,1.324103,1.906043,-2.608012,1
3.469000,-0.064427,-0.015340,1.324103,1.906043,-2.608008,1
3.470000,-0.064427,-0.015340,1.324103,1.906043,-2.608003,1
3.471000,-0.064427,-0.015340,1.194807,1.660776,-2.246762,1
3.472000,-0.061359,-0.015340,1.445265,1.462143,-1.592896,1
3.473000,-0.061359,-0.015340,1.445265,1.306498,-1.281602,1
3.474000,-0.061359,-0.015340,1.445265,1.306498,-1.281597,1
3.475000,-0.061359,-0.015340,1.445265,1.077759,-0.824115,1
3.476000,-0.061359,-0.015340,1.445265,0.990468,-0.649528,1
3.477000,-0.061359,-0.015340,1.445265,0.916294,-0.501175,1
3.478000,-0.058291,-0.015340,1.080209,0.632903,0.000000,1
3.479000,-0.058291,-0.015340,1.080209,0.632903,0.000000,1
3.480000,-0.058291,-0.015340,0.854561,0.548106,0.000000,1
3.481000,-0.055223,-0.018408,0.706833,0.517489,0.000000,1
3.482000,-0.055223,-0.018408,0.706833,0.517489,0.000000,1
3.483000,-0.055223,-0.018408,0.706833,0.517489,0.000000,1
3.484000,-0.055223,-0.018408,0.706833,0.517489,0.000000,1
3.485000,-0.055223,-0.018408,0.706833,0.517489,0.000000,1
3.486000,-0.055223,-0.018408,0.706833,0.517489,0.000000,1
3.487000,-0.055223,-0.018408,0.706833,0.517489,0.000000,1
3.488000,-0.055223,-0.018408,0.706833,0.517489,0.000000,1
3.489000,-0.055223,-0.018408,0.706833,0.517489,0.000000,1
3.490000,-0.055223,-0.018408,0.668355,0.517489,0.000000,1
3.491000,-0.055223,-0.018408,0.633999,0.517489,0.000000,1
3.492000,-0.055223,-0.018408,0.602745,0.517489,-0.472373,1
3.493000,-0.055223,-0.018408,0.574653,0.517489,-0.500460,1
3.494000,-0.055223,-0.018408,0.548889,0.517489,-0.526218,1
3.495000,-0.055223,-0.018408,0.525466,0.517489,-0.549636,1
3.496000,-0.052155,-0.021476,0.432658,0.517489,-0.574943,1
3.497000,-0.052155,-0.021476,0.391361,0.517489,-0.616232,1
3.498000,-0.052155,-0.021476,0.391361,0.517489,-0.616226,1
3.499000,-0.052155,-0.024544,0.347019,0.517489,-0.599202,1
3.500000,-0.052155,-0.027612,0.319948,0.517489,-0.564905,1
3.501000,-0.052155,-0.030680,0.296736,-0.481778,2.071785,1
3.502000,-0.052155,-0.033748,0.276621,-0.481778,2.113040,1
3.503000,-0.052155,-0.033748,0.270528,-0.481778,2.106957,1
3.504000,-0.052155,-0.036816,0.243724,-0.481778,2.141523,1
3.505000,-0.052155,-0.036816,0.229970,-0.481778,2.127780,1
3.506000,-0.049087,-0.036816,0.539224,-0.481778,2.443181,1
3.507000,-0.046019,-0.036816,0.539224,-0.481778,2.449328,1
3.508000,-0.042951,-0.033748,0.539224,-0.643906,2.718370,1
3.509000,-0.039884,-0.030680,0.539224,-0.643906,2.663155,1
3.510000,-0.039884,-0.030680,0.539224,-0.643906,2.663165,1
3.511000,-0.039884,-0.030680,0.539224,-0.643906,2.663174,1
3.512000,-0.039884,-0.030680,0.539224,-0.643906,2.663183,1
3.513000,-0.039884,-0.030680,0.539224,-0.643906,2.663192,1
3.514000,-0.039884,-0.030680,0.539224,-0.643906,2.663201,1
3.515000,-0.039884,-0.030680,0.539224,-0.643906,2.663211,1
3.516000,-0.039884,-0.030680,0.539224,-0.643906,2.663220,1
3.517000,-0.039884,-0.030680,0.539224,-0.643906,2.663229,1
3.518000,-0.039884,-0.030680,0.539224,-0.643906,2.663238,1
3.519000,-0.039884,-0.030680,0.539224,-0.643906,2.663247,1
3.520000,-0.039884,-0.030680,0.539224,-0.643906,2.663257,1
3.521000,-0.039884,-0.030680,0.539224,-0.643906,2.663266,1
3.522000,-0.039884,-0.030680,0.539224,-0.643906,2.663275,1
3.523000,-0.039884,-0.030680,0.539224,-0.643906,2.663284,1
3.524000,-0.039884,-0.030680,0.539224,-0.643906,2.663293,1
3.525000,-0.039884,-0.030680,0.539224,-0.643906,2.663303,1
3.526000,-0.039884,-0.030680,0.539224,-0.643906,2.663312,1
3.527000,-0.039884,-0.030680,0.539224,-0.643906,2.663321,1
3.528000,-0.039884,-0.030680,0.539224,-0.643906,2.663330,1
3.529000,-0.039884,-0.030680,0.539224,-0.643906,2.663340,1
3.530000,-0.039884,-0.030680,0.539224,-0.643906,2.663349,1
3.531000,-0.039884,-0.030680,0.539224,-0.643906,2.663358,1
3.532000,-0.039884,-0.030680,0.539224,-0.643906,2.663367,1
3.533000,-0.039884,-0.030680,0.539224,-0.643906,2.663376,1
3.534000,-0.039884,-0.030680,0.539224,-0.643906,2.663386,1
3.535000,-0.039884,-0.030680,0.539224,-0.643906,2.663395,1
3.536000,-0.039884,-0.030680,0.539224,-0.643906,2.663404,1
3.537000,-0.039884,-0.030680,0.539224,-0.643906,2.663413,1
3.538000,-0.036816,-0.030680,0.274067,-0.643906,2.404402,1
3.539000,-0.033748,-0.027612,0.274067,-0.643906,2.349187,1
3.540000,-0.033748,-0.027612,0.274067,-0.643906,2.349195,1
3.541000,-0.030680,-0.024544,0.274067,-0.643906,2.293979,1
3.542000,-0.030680,-0.024544,0.274067,-0.643906,2.293986,1
3.543000,-0.027612,-0.021476,0.274067,1.185840,-2.020722,1
3.544000,-0.024544,-0.018408,1.598599,1.185840,-0.751408,1
3.545000,-0.024544,-0.015340,1.598599,1.185840,-0.812763,1
3.546000,-0.021476,-0.012272,1.598599,1.185840,-0.867982,1
3.547000,-0.021476,-0.012272,1.598599,1.185840,-0.867979,1
3.548000,-0.018408,-0.009204,1.598599,2.498425,-3.548369,1
3.549000,-0.018408,-0.009204,1.598599,2.498425,-3.548366,1
3.550000,-0.018408,-0.009204,1.598599,2.498425,-3.548363,1
3.551000,-0.012272,-0.006136,2.033132,2.498425,-3.162916,1
3.552000,-0.012272,-0.003068,2.033132,2.498425,-3.224274,1
3.553000,-0.009204,-0.003068,2.033132,2.085167,-2.391622,1
3.554000,-0.009204,-0.003068,2.033132,1.782518,-1.786323,1
3.555000,-0.006136,0.000000,2.033132,1.555389,-1.387288,1
3.556000,-0.006136,0.000000,2.033132,1.380911,-1.038331,1
3.557000,-0.003068,0.000000,1.794173,1.241414,-0.992162,1
3.558000,-0.003068,0.000000,1.565284,1.127351,-0.992925,1
3.559000,-0.003068,0.000000,1.388150,1.032465,-0.980285,1
3.560000,0.000000,0.000000,1.606114,0.952586,-0.596429,1
3.561000,0.000000,0.000000,1.606114,0.883992,-0.459241,1
3.562000,0.000000,0.003068,1.606114,0.841568,0.000000,1
3.563000,0.003068,0.003068,1.606114,0.841568,0.000000,1
3.564000,0.003068,0.003068,1.606114,0.841568,0.000000,1
3.565000,0.003068,0.003068,1.606114,0.841568,0.000000,1
3.566000,0.003068,0.003068,1.606114,0.841568,0.000000,1
3.567000,0.006136,0.003068,1.603456,0.841568,0.000000,1
3.568000,0.006136,0.003068,1.417638,0.841568,-0.611961,1
3.569000,0.006136,0.003068,1.271718,0.841568,-0.757883,1
3.570000,0.009204,0.003068,1.152107,0.841568,-0.871358,1
3.571000,0.009204,0.003068,1.052693,0.841568,-0.970773,1
3.572000,0.009204,0.003068,0.969773,0.841568,-1.053694,1
3.573000,0.009204,0.003068,0.898597,0.841568,-1.124872,1
3.574000,0.012272,0.003068,1.046290,0.841568,-0.971044,1
3.575000,0.012272,0.003068,1.046290,0.841568,-0.971045,1
3.576000,0.012272,0.003068,1.046290,0.841568,-0.971045,1
3.577000,0.012272,0.003068,1.046290,0.801920,-0.891751,1
3.578000,0.012272,0.003068,1.046290,0.752583,-0.793078,1
3.579000,0.012272,0.003068,1.046290,0.709060,-0.706034,1
3.580000,0.015340,0.003068,1.046290,0.670354,-0.622485,1
3.581000,0.015340,0.003068,1.046290,0.635827,-0.553432,1
3.582000,0.015340,0.003068,1.046290,0.604396,-0.490572,1
3.583000,0.015340,0.003068,1.046290,0.575948,0.000000,1
3.584000,0.015340,0.003068,1.046290,0.550171,0.000000,1
3.585000,0.015340,0.003068,1.046290,0.526760,0.000000,1
3.586000,0.015340,0.003068,0.971337,0.505050,0.000000,1
3.587000,0.015340,0.003068,0.899545,0.484927,0.000000,1
3.588000,0.018408,0.003068,0.838300,0.466552,0.000000,1
3.589000,0.018408,0.003068,0.784576,0.449425,0.000000,1
3.590000,0.018408,0.003068,0.737531,0.433582,-0.451574,1
3.591000,0.018408,0.000000,0.695785,-0.418810,1.872823,1
3.592000,0.018408,0.000000,0.658573,-0.405034,1.808059,1
3.593000,0.018408,0.000000,0.658573,-0.405034,1.808059,1
3.594000,0.018408,0.000000,0.658573,-0.405034,1.808059,1
3.595000,0.021476,0.000000,0.567103,-0.368481,1.649619,1
3.596000,0.021476,-0.003068,0.542036,-0.357732,1.664414,1
3.597000,0.021476,-0.003068,0.519204,-0.347642,1.621404,1
3.598000,0.021476,-0.003068,0.498013,-0.338012,1.580953,1
3.599000,0.024544,-0.003068,0.575759,-0.328987,1.646786,1
3.600000,0.024544,0.000000,0.575759,0.320379,0.000000,1
3.601000,0.024544,0.000000,0.575759,0.312250,0.000000,1
3.602000,0.024544,0.000000,0.575759,0.304529,0.000000,1
3.603000,0.024544,0.000000,0.575759,0.297148,0.000000,1
3.604000,0.027612,0.003068,0.575759,0.294829,0.000000,1
3.605000,0.027612,0.003068,0.575759,0.294829,0.000000,1
3.606000,0.027612,0.003068,0.575759,0.294829,0.000000,1
3.607000,0.027612,0.003068,0.575759,0.294829,0.000000,1
3.608000,0.027612,0.003068,0.575759,0.294829,0.000000,1
3.609000,0.027612,0.003068,0.575759,0.294829,0.000000,1
3.610000,0.030680,0.003068,0.575759,0.294829,0.000000,1
3.611000,0.033748,0.006136,0.575759,0.294829,0.000000,1
3.612000,0.033748,0.006136,0.575759,0.294829,0.000000,1
3.613000,0.033748,0.006136,0.575759,0.294829,0.000000,1
3.614000,0.033748,0.006136,0.575759,0.294829,0.000000,1
3.615000,0.033748,0.006136,0.575759,0.294829,0.000000,1
3.616000,0.033748,0.006136,0.575759,0.294829,0.000000,1
3.617000,0.036816,0.006136,0.626296,0.294829,0.000000,1
3.618000,0.036816,0.006136,0.626296,0.294829,0.000000,1
3.619000,0.036816,0.006136,0.626296,0.294829,0.000000,1
3.620000,0.036816,0.006136,0.626296,0.294829,0.000000,1
3.621000,0.036816,0.006136,0.626296,0.294829,0.000000,1
3.622000,0.036816,0.006136,0.626296,0.294829,0.000000,1
3.623000,0.036816,0.006136,0.626296,0.294829,0.000000,1
3.624000,0.042951,0.009204,0.626296,0.294829,0.000000,1
3.625000,0.042951,0.009204,0.626296,0.294829,0.000000,1
3.626000,0.042951,0.009204,0.626296,0.294829,0.000000,1
3.627000,0.046019,0.009204,0.626296,0.294829,0.000000,1
3.628000,0.046019,0.009204,0.626296,0.294829,0.000000,1
3.629000,0.046019,0.009204,0.626296,0.294829,0.000000,1
3.630000,0.046019,0.012272,0.626296,0.294829,0.000000,1
3.631000,0.049087,0.012272,0.802783,0.294829,0.000000,1
3.632000,0.049087,0.012272,0.802783,0.294829,0.000000,1
3.633000,0.049087,0.012272,0.802783,0.294829,0.000000,1
3.634000,0.049087,0.012272,0.802783,0.294829,0.000000,1
3.635000,0.049087,0.012272,0.802783,0.294829,0.000000,1
3.636000,0.049087,0.012272,0.802783,0.294829,0.000000,1
3.637000,0.052155,0.012272,0.802783,0.294829,0.000000,1
3.638000,0.052155,0.012272,0.802783,0.294829,0.000000,1
3.639000,0.052155,0.012272,0.802783,0.294829,0.000000,1
3.640000,0.055223,0.012272,0.802783,0.294829,0.000000,1
3.641000,0.055223,0.015340,0.802783,0.326407,0.000000,1
3.642000,0.055223,0.015340,0.802783,0.326407,0.000000,1
3.643000,0.058291,0.015340,0.802783,0.326407,0.000000,1
3.644000,0.058291,0.015340,0.802783,0.326407,0.000000,1
3.645000,0.058291,0.015340,0.802783,0.326407,0.000000,1
3.646000,0.058291,0.015340,0.773082,0.326407,0.000000,1
3.647000,0.058291,0.015340,0.727283,0.326407,0.000000,1
3.648000,0.061359,0.015340,0.730744,0.326407,0.000000,1
3.649000,0.061359,0.015340,0.730744,0.326407,0.000000,1
3.650000,0.061359,0.015340,0.730744,0.326407,0.000000,1
3.651000,0.061359,0.015340,0.730744,0.326407,0.000000,1
3.652000,0.064427,0.015340,0.730744,0.326407,0.000000,1
3.653000,0.064427,0.015340,0.730744,0.326407,0.000000,1
3.654000,0.064427,0.015340,0.730744,0.326407,0.000000,1
3.655000,0.064427,0.015340,0.730744,0.326407,0.000000,1
3.656000,0.064427,0.015340,0.730744,0.326407,0.000000,1
3.657000,0.067495,0.018408,0.730744,0.326407,-0.452795,1
3.658000,0.067495,0.018408,0.730744,0.326407,-0.452801,1
3.659000,0.067495,0.018408,0.730744,0.326407,-0.452807,1
3.660000,0.067495,0.018408,0.730744,0.326407,-0.452812,1
3.661000,0.070563,0.018408,0.730744,0.326407,0.000000,1
3.662000,0.070563,0.018408,0.730744,0.326407,0.000000,1
3.663000,0.070563,0.018408,0.730744,0.326407,0.000000,1
3.664000,0.070563,0.018408,0.724966,0.326407,-0.452477,1
3.665000,0.070563,0.018408,0.684494,0.326407,-0.492954,1
3.666000,0.070563,0.018408,0.684494,0.326407,-0.492960,1
3.667000,0.070563,0.018408,0.684494,0.326407,-0.492965,1
3.668000,0.070563,0.018408,0.684494,0.326407,-0.492971,1
3.669000,0.070563,0.018408,0.684494,0.326407,-0.492976,1
3.670000,0.073631,0.018408,0.719454,0.326407,-0.451886,1
3.671000,0.073631,0.018408,0.719454,0.326407,-0.451891,1
3.672000,0.073631,0.018408,0.719454,0.326407,-0.451897,1
3.673000,0.076699,0.018408,0.719454,0.326407,0.000000,1
3.674000,0.076699,0.018408,0.719454,0.326407,0.000000,1
3.675000,0.076699,0.018408,0.719454,0.326407,0.000000,1
3.676000,0.076699,0.018408,0.719454,0.326407,0.000000,1
3.677000,0.076699,0.018408,0.719454,0.326407,0.000000,1
3.678000,0.076699,0.018408,0.719454,0.326407,0.000000,1
3.679000,0.076699,0.018408,0.719454,0.326407,0.000000,1
3.680000,0.076699,0.018408,0.719454,0.326407,0.000000,1
3.681000,0.076699,0.018408,0.719454,0.326407,0.000000,1
3.682000,0.076699,0.018408,0.719454,0.326407,0.000000,1
3.683000,0.079767,0.018408,0.701659,0.291612,0.000000,1
3.684000,0.079767,0.018408,0.663793,0.284858,0.000000,1
3.685000,0.079767,0.018408,0.629690,0.278388,0.000000,1
3.686000,0.079767,0.018408,0.599028,0.272228,-0.451770,1
3.687000,0.079767,0.018408,0.571195,0.266330,-0.467813,1
3.688000,0.079767,0.018408,0.545686,0.260649,-0.481965,1
3.689000,0.082835,0.018408,0.522580,0.255258,-0.488158,1
3.690000,0.082835,0.018408,0.501156,0.250037,-0.499146,1
3.691000,0.082835,0.018408,0.481473,0.245039,-0.508839,1
3.692000,0.082835,0.018408,0.481473,0.245039,-0.508844,1
3.693000,0.082835,0.018408,0.481473,0.245039,-0.508850,1
3.694000,0.082835,0.018408,0.481473,0.245039,-0.508855,1
3.695000,0.082835,0.018408,0.481473,0.245039,-0.508861,1
3.696000,0.082835,0.018408,0.402591,0.222820,-0.543309,1
3.697000,0.082835,0.018408,0.389697,0.218813,-0.548195,1
3.698000,0.082835,0.018408,0.377768,0.215001,-0.552505,1
3.699000,0.082835,0.018408,0.366439,0.211283,-0.556405,1
3.700000,0.082835,0.018408,0.355811,0.207706,-0.559884,1
3.701000,0.082835,0.018408,0.345830,0.204264,-0.562987,1
3.702000,0.082835,0.018408,0.336349,0.200919,-0.565783,1
3.703000,0.082835,0.018408,0.327380,0.197684,-0.568288,1
3.704000,0.082835,0.018408,0.318839,0.194537,-0.570541,1
3.705000,0.082835,0.018408,0.318839,0.194537,-0.570546,1
3.706000,0.082835,0.018408,0.318839,0.194537,-0.570552,1
3.707000,0.082835,0.018408,0.318839,0.194537,-0.570557,1
3.708000,0.082835,0.018408,0.318839,0.194537,-0.570563,1
3.709000,0.082835,0.015340,0.282203,-0.180259,0.803749,1
3.710000,0.082835,0.015340,0.275847,-0.177644,0.792158,1
3.711000,0.082835,0.015340,0.269809,-0.175121,0.781068,1
3.712000,0.082835,0.015340,0.264023,-0.172665,0.770367,1
3.713000,0.082835,0.012272,0.258408,-0.170245,0.821268,1
3.714000,0.082835,0.012272,0.258408,-0.170245,0.821264,1
3.715000,0.082835,0.012272,0.247982,-0.165657,0.801658,1
3.716000,0.082835,0.012272,0.243065,-0.163448,0.792320,1
3.717000,0.082835,0.012272,0.238366,-0.161310,0.783340,1
3.718000,0.082835,0.012272,0.238366,-0.161310,0.783336,1
3.719000,0.082835,0.012272,0.238366,-0.161310,0.783333,1
3.720000,0.082835,0.012272,0.238366,-0.161310,0.783329,1
3.721000,0.082835,0.012272,0.238366,-0.161310,0.783325,1
3.722000,0.085903,0.012272,0.513617,-0.151349,1.044788,1
3.723000,0.085903,0.012272,0.513617,-0.149506,1.041097,1
3.724000,0.085903,0.012272,0.513617,-0.147708,1.037497,1
3.725000,0.085903,0.012272,0.513617,-0.145960,1.033999,1
3.726000,0.085903,0.012272,0.513617,-0.144244,1.030563,1
3.727000,0.085903,0.012272,0.513617,-0.142563,1.027197,1
3.728000,0.085903,0.012272,0.513617,-0.140926,1.023920,1
3.729000,0.085903,0.012272,0.513617,-0.139328,1.020719,1
3.730000,0.088971,0.012272,0.513617,-0.137758,1.023712,1
3.731000,0.088971,0.012272,0.513617,-0.137758,1.023708,1
3.732000,0.088971,0.012272,0.513617,-0.137758,1.023704,1
3.733000,0.088971,0.012272,0.513617,-0.137758,1.023700,1
3.734000,0.088971,0.012272,0.513617,-0.137758,1.023697,1
3.735000,0.092039,0.012272,0.513617,-0.130446,1.015206,1
3.736000,0.092039,0.015340,0.513617,-0.129747,0.952444,1
3.737000,0.092039,0.015340,0.513617,-0.129747,0.952439,1
3.738000,0.092039,0.015340,0.513617,-0.129747,0.952435,1
3.739000,0.095107,0.015340,0.513617,-0.129747,0.958566,1
3.740000,0.095107,0.015340,0.513617,-0.129747,0.958562,1
3.741000,0.095107,0.015340,0.513617,-0.129747,0.958557,1
3.742000,0.095107,0.018408,0.513617,-0.129747,0.897192,1
3.743000,0.098175,0.018408,0.224090,-0.129747,0.613795,1
3.744000,0.098175,0.018408,0.224090,-0.129747,0.613790,1
3.745000,0.098175,0.018408,0.224090,-0.129747,0.613784,1
3.746000,0.101243,0.021476,0.224090,-0.129747,0.558554,1
3.747000,0.101243,0.021476,0.224090,-0.129747,0.558548,1
3.748000,0.101243,0.021476,0.224090,-0.129747,0.558542,1
3.749000,0.101243,0.021476,0.224090,-0.129747,0.558535,1
3.750000,0.104311,0.024544,0.224090,-0.129747,0.503304,1
3.751000,0.104311,0.024544,0.224090,-0.129747,0.503297,1
3.752000,0.107379,0.024544,0.224090,-0.129747,0.509426,1
3.753000,0.107379,0.027612,0.224090,0.719966,-1.851369,1
3.754000,0.107379,0.027612,0.224090,0.719966,-1.851377,1
3.755000,0.107379,0.030680,0.224090,0.719966,-1.912746,1
3.756000,0.110447,0.030680,0.855704,0.719966,-1.275006,1
3.757000,0.110447,0.030680,0.855704,0.719966,-1.275015,1
3.758000,0.110447,0.033748,0.855704,0.719966,-1.336384,1
3.759000,0.110447,0.033748,0.855704,0.719966,-1.336394,1
3.760000,0.113515,0.033748,0.855704,0.719966,-1.330268,1
3.761000,0.113515,0.033748,0.855704,0.719966,-1.330279,1
3.762000,0.113515,0.033748,0.855704,0.719966,-1.330289,1
3.763000,0.113515,0.033748,0.855704,0.719966,-1.330299,1
3.764000,0.113515,0.036816,0.855704,0.719966,-1.391669,1
3.765000,0.113515,0.036816,0.855704,0.719966,-1.391680,1
3.766000,0.116583,0.036816,0.855704,0.719966,-1.385555,1
3.767000,0.116583,0.036816,0.855704,0.719966,-1.385566,1
3.768000,0.116583,0.036816,0.855704,0.719966,-1.385577,1
3.769000,0.116583,0.036816,0.855704,0.719966,-1.385588,1
3.770000,0.116583,0.036816,0.836882,0.702992,-1.370472,1
3.771000,0.116583,0.036816,0.783443,0.664895,-1.347728,1
3.772000,0.116583,0.036816,0.736438,0.630728,-1.326411,1
3.773000,0.116583,0.036816,0.694938,0.600039,-1.306544,1
3.774000,0.116583,0.036816,0.657677,0.572055,-1.287848,1
3.775000,0.116583,0.036816,0.624107,0.546487,-1.270292,1
3.776000,0.116583,0.036816,0.593897,0.523184,-1.253907,1
3.777000,0.116583,0.036816,0.566489,0.501797,-1.238552,1
3.778000,0.116583,0.036816,0.541628,0.482191,-1.224213,1
3.779000,0.116583,0.036816,0.518612,0.463864,-1.210586,1
3.780000,0.116583,0.036816,0.497582,0.446967,-1.197834,1
3.781000,0.116583,0.033748,0.478266,-0.431319,1.200773,1
3.782000,0.113515,0.033748,0.758106,-0.416604,1.445036,1
3.783000,0.113515,0.033748,0.758106,-0.403003,1.417824,1
3.784000,0.113515,0.030680,0.758106,-0.398474,1.470117,1
3.785000,0.113515,0.030680,0.758106,-0.398474,1.470108,1
3.786000,0.113515,0.030680,0.758106,-0.398474,1.470099,1
3.787000,0.113515,0.027612,0.758106,-0.398474,1.531450,1
3.788000,0.113515,0.030680,0.758106,-0.398474,1.470081,1
3.789000,0.113515,0.030680,0.758106,-0.398474,1.470072,1
3.790000,0.113515,0.030680,0.758106,-0.398474,1.470063,1
3.791000,0.113515,0.030680,0.758106,-0.398474,1.470054,1
3.792000,0.113515,0.030680,0.758106,-0.398474,1.470044,1
3.793000,0.113515,0.030680,0.758106,-0.398474,1.470035,1
3.794000,0.116583,0.030680,0.758106,-0.398474,1.476162,1
3.795000,0.116583,0.030680,0.758106,-0.398474,1.476153,1
3.796000,0.116583,0.030680,0.758106,-0.398474,1.476144,1
3.797000,0.116583,0.030680,0.758106,-0.398474,1.476134,1
3.798000,0.116583,0.030680,-0.740117,-0.398474,-0.622098,1
3.799000,0.116583,0.030680,-0.740117,-0.398474,-0.622107,1
3.800000,0.116583,0.033748,-0.660558,-0.398474,-0.603918,1
3.801000,0.116583,0.033748,-0.626825,-0.398474,-0.570195,1
3.802000,0.119651,0.036816,0.596213,-0.398474,1.197609,1
3.803000,0.119651,0.036816,0.568590,-0.398474,1.169975,1
3.804000,0.119651,0.036816,0.543554,-0.398474,1.144927,1
3.805000,0.119651,0.036816,0.520412,-0.398474,1.121774,1
3.806000,0.119651,0.036816,0.499183,-0.398474,1.100535,1
3.807000,0.122718,0.036816,0.427037,-0.398474,1.034514,1
3.808000,0.122718,0.036816,0.427037,-0.398474,1.034503,1
3.809000,0.122718,0.036816,0.427037,-0.398474,1.034492,1
3.810000,0.122718,0.039884,0.427037,0.470595,-1.365018,1
3.811000,0.122718,0.039884,0.427037,0.470595,-1.365030,1
3.812000,0.125786,0.042951,0.427037,0.470595,-1.420267,1
3.813000,0.125786,0.042951,0.427037,0.470595,-1.420279,1
3.814000,0.125786,0.046019,0.427037,0.470595,-1.481652,1
3.815000,0.125786,0.046019,0.427037,0.470595,-1.481666,1
3.816000,0.125786,0.046019,0.427037,0.470595,-1.481680,1
3.817000,0.125786,0.046019,0.427037,0.470595,-1.481694,1
3.818000,0.125786,0.046019,0.427037,0.470595,-1.481708,1
3.819000,0.128854,0.049087,0.427037,0.470595,-1.536946,1
3.820000,0.128854,0.049087,0.427037,0.470595,-1.536960,1
3.821000,0.128854,0.049087,0.427037,0.470595,-1.536975,1
3.822000,0.128854,0.049087,0.427037,0.470595,-1.536990,1
3.823000,0.128854,0.049087,0.427037,0.470595,-1.537005,1
3.824000,0.128854,0.049087,0.427037,0.470595,-1.537019,1
3.825000,0.128854,0.049087,0.427037,0.470595,-1.537034,1
3.826000,0.128854,0.049087,0.427037,0.470595,-1.537049,1
3.827000,0.128854,0.049087,0.427037,0.470595,-1.537064,1
3.828000,0.128854,0.049087,0.427037,0.470595,-1.537078,1
3.829000,0.128854,0.049087,0.427037,0.470595,-1.537093,1
3.830000,0.128854,0.049087,0.427037,0.470595,-1.537108,1
3.831000,0.125786,0.049087,0.528109,0.470595,-1.442186,1
3.832000,0.125786,0.049087,0.528109,0.470595,-1.442201,1
3.833000,0.125786,0.049087,0.528109,0.470595,-1.442216,1
3.834000,0.125786,0.049087,0.528109,0.470595,-1.442230,1
3.835000,0.125786,0.049087,0.528109,0.470595,-1.442245,1
3.836000,0.125786,0.049087,0.528109,0.470595,-1.442260,1
3.837000,0.125786,0.049087,0.528109,0.470595,-1.442275,1
3.838000,0.122718,0.046019,0.528109,-0.401657,0.957440,1
3.839000,0.119651,0.042951,0.528109,-0.378226,0.965787,1
3.840000,0.116583,0.042951,0.528109,-0.378226,0.959638,1
3.841000,0.113515,0.039884,-0.535055,-0.378226,-0.648315,1
3.842000,0.113515,0.039884,-0.535055,-0.378226,-0.648327,1
3.843000,0.113515,0.039884,-0.535055,-0.378226,-0.648339,1
3.844000,0.113515,0.039884,-0.535055,-0.378226,-0.648351,1
3.845000,0.113515,0.039884,-0.535055,-0.378226,-0.648363,1
3.846000,0.113515,0.039884,-0.535055,-0.378226,-0.648375,1
3.847000,0.113515,0.039884,-0.535055,-0.378226,-0.648387,1
3.848000,0.113515,0.039884,-0.535055,-0.378226,-0.648399,1
3.849000,0.113515,0.039884,-0.535055,-0.378226,-0.648411,1
3.850000,0.113515,0.039884,-0.535055,-0.378226,-0.648423,1
3.851000,0.113515,0.039884,-0.535055,-0.378226,-0.648435,1
3.852000,0.113515,0.039884,-0.535055,-0.378226,-0.648447,1
3.853000,0.113515,0.039884,-0.535055,-0.378226,-0.648459,1
3.854000,0.110447,0.039884,-0.535055,-0.378226,-0.654607,1
3.855000,0.110447,0.039884,-0.535055,-0.378226,-0.654619,1
3.856000,0.110447,0.039884,-0.535055,-0.378226,-0.654631,1
3.857000,0.110447,0.039884,-0.535055,-0.378226,-0.654643,1
3.858000,0.110447,0.039884,-0.535055,-0.378226,-0.654655,1
3.859000,0.107379,0.039884,-0.535055,-0.378226,-0.660803,1
3.860000,0.107379,0.036816,-0.535055,-0.378226,-0.599454,1
3.861000,0.107379,0.036816,-0.535055,-0.378226,-0.599466,1
3.862000,0.107379,0.036816,-0.535055,-0.378226,-0.599477,1
3.863000,0.104311,0.036816,-0.535055,-0.378226,-0.605624,1
3.864000,0.104311,0.036816,-0.535055,-0.378226,-0.605635,1
3.865000,0.104311,0.036816,-0.535055,-0.378226,-0.605646,1
3.866000,0.104311,0.036816,-0.535055,-0.378226,-0.605657,1
3.867000,0.101243,0.033748,-0.676296,-0.378226,-0.691684,1
3.868000,0.101243,0.033748,-0.676296,-0.378226,-0.691694,1
3.869000,0.101243,0.033748,-0.676296,-0.378226,-0.691704,1
3.870000,0.098175,0.033748,-0.676296,-0.378226,-0.697850,1
3.871000,0.098175,0.033748,-0.676296,-0.378226,-0.697860,1
3.872000,0.098175,0.033748,-0.676296,-0.378226,-0.697870,1
3.873000,0.098175,0.030680,-0.676296,-0.397690,-0.597592,1
3.874000,0.095107,0.030680,-0.676296,-0.397690,-0.603737,1
3.875000,0.095107,0.030680,-0.676296,-0.397690,-0.603746,1
3.876000,0.095107,0.030680,-0.676296,-0.397690,-0.603755,1
3.877000,0.092039,0.030680,-0.676296,-0.397690,-0.609901,1
3.878000,0.092039,0.027612,-0.676296,-0.397690,-0.548550,1
3.879000,0.092039,0.027612,-0.676296,-0.397690,-0.548558,1
3.880000,0.088971,0.027612,-0.821579,-0.397690,-0.699985,1
3.881000,0.088971,0.027612,-0.821579,-0.397690,-0.699994,1
3.882000,0.085903,0.027612,-0.821579,-0.397690,-0.706138,1
3.883000,0.085903,0.024544,-0.821579,-0.397690,-0.644786,1
3.884000,0.085903,0.024544,-0.821579,-0.397690,-0.644793,1
3.885000,0.082835,0.024544,-0.821579,-0.397690,-0.650937,1
3.886000,0.082835,0.024544,-0.821579,-0.397690,-0.650944,1
3.887000,0.079767,0.021476,-0.821579,-0.397690,-0.595727,1
3.888000,0.079767,0.021476,-0.821579,-0.397690,-0.595734,1
3.889000,0.079767,0.021476,-0.821579,-0.397690,-0.595740,1
3.890000,0.076699,0.021476,-1.091526,-0.397690,-0.871830,1
3.891000,0.076699,0.018408,-1.091526,-0.706482,0.000000,1
3.892000,0.073631,0.018408,-1.091526,-0.706482,0.000000,1
3.893000,0.073631,0.018408,-1.091526,-0.706482,0.000000,1
3.894000,0.070563,0.015340,-1.091526,-0.706482,0.456181,1
3.895000,0.070563,0.015340,-1.091526,-0.706482,0.456177,1
3.896000,0.070563,0.015340,-1.091526,-0.706482,0.456172,1
3.897000,0.067495,0.012272,-1.091526,-0.706482,0.511392,1
3.898000,0.067495,0.012272,-1.091526,-0.706482,0.511388,1
3.899000,0.064427,0.012272,-1.307179,-0.706482,0.000000,1
3.900000,0.064427,0.009204,-1.307179,-0.706482,0.000000,1
3.901000,0.061359,0.009204,-1.307179,-0.706482,0.000000,1
3.902000,0.061359,0.009204,-1.307179,-0.706482,0.000000,1
3.903000,0.061359,0.009204,-1.307179,-0.706482,0.000000,1
3.904000,0.058291,0.009204,-1.307179,-0.706482,0.000000,1
3.905000,0.058291,0.009204,-1.307179,-0.706482,0.000000,1
3.906000,0.058291,0.009204,-1.307179,-0.706482,0.000000,1
3.907000,0.058291,0.009204,-1.307179,-0.706482,0.000000,1
3.908000,0.058291,0.009204,-1.307179,-0.706482,0.000000,1
3.909000,0.058291,0.009204,-1.307179,-0.706482,0.000000,1
3.910000,0.058291,0.009204,-1.307179,-0.706482,0.000000,1
3.911000,0.049087,0.003068,-1.294620,-0.810289,0.663134,1
3.912000,0.049087,0.003068,-1.294620,-0.810289,0.663133,1
3.913000,0.049087,0.003068,-1.294620,-0.810289,0.663132,1
3.914000,0.046019,0.000000,-1.294620,-0.810289,0.718355,1
3.915000,0.046019,0.000000,-1.294620,-0.810289,0.718355,1
3.916000,0.042951,0.000000,-1.294620,-0.810289,0.712220,1
3.917000,0.042951,0.000000,-1.294620,-0.810289,0.712220,1
3.918000,0.042951,0.000000,-1.225600,-0.810289,0.781240,1
3.919000,0.039884,-0.003068,-1.235934,-0.810289,0.826130,1
3.920000,0.039884,-0.003068,-1.235934,-0.810289,0.826131,1
3.921000,0.039884,-0.003068,-1.235934,-0.810289,0.826132,1
3.922000,0.039884,-0.003068,-1.235934,-0.810289,0.826132,1
3.923000,0.039884,-0.003068,-1.235934,-0.810289,0.826133,1
3.924000,0.036816,-0.003068,-1.235934,-0.654272,0.507964,1
3.925000,0.036816,-0.003068,-1.235934,-0.654272,0.507965,1
3.926000,0.036816,-0.003068,-1.235934,-0.654272,0.507966,1
3.927000,0.036816,-0.003068,-1.235934,-0.654272,0.507967,1
3.928000,0.036816,-0.003068,-1.235934,-0.654272,0.507968,1
3.929000,0.036816,-0.003068,-1.235934,-0.654272,0.507969,1
3.930000,0.036816,-0.003068,-1.235934,-0.654272,0.507970,1
3.931000,0.030680,-0.006136,-0.997906,-0.612532,0.711607,1
3.932000,0.030680,-0.006136,-0.922777,-0.612532,0.786738,1
3.933000,0.030680,-0.006136,-0.858210,-0.612532,0.851307,1
3.934000,0.030680,-0.006136,-0.802094,-0.612532,0.907425,1
3.935000,0.027612,-0.006136,-0.967488,-0.612532,0.735897,1
3.936000,0.027612,-0.006136,-0.967488,-0.612532,0.735899,1
3.937000,0.027612,-0.006136,-0.967488,-0.612532,0.735900,1
3.938000,0.027612,-0.006136,-0.967488,-0.612532,0.735902,1
3.939000,0.027612,-0.006136,-0.967488,-0.612532,0.735904,1
3.940000,0.027612,-0.006136,-0.967488,-0.612532,0.735906,1
3.941000,0.027612,-0.006136,-0.967488,-0.612532,0.735908,1
3.942000,0.027612,-0.006136,-0.967488,-0.612532,0.735910,1
3.943000,0.024544,-0.006136,-0.967488,-0.612532,0.729776,1
3.944000,0.024544,-0.006136,-0.967488,-0.612532,0.729777,1
3.945000,0.024544,-0.006136,-0.967488,-0.612532,0.729779,1
3.946000,0.024544,-0.006136,-0.967488,-0.592417,0.689551,1
3.947000,0.024544,-0.003068,-0.967488,0.564957,-2.286556,1
3.948000,0.024544,-0.003068,-0.923595,0.540142,-2.193031,1
3.949000,0.024544,-0.003068,-0.858958,0.517373,-2.082855,1
3.950000,0.021476,-0.003068,-0.802817,0.496462,-1.991027,1
3.951000,0.021476,-0.003068,-0.753603,0.477191,-1.903269,1
3.952000,0.021476,-0.003068,-0.709730,0.459216,-1.823445,1
3.953000,0.021476,-0.003068,-0.671203,0.442772,-1.752030,1
3.954000,0.021476,-0.003068,-0.636325,0.427320,-1.686248,1
3.955000,0.018408,-0.003068,-0.604906,0.412918,-1.632159,1
3.956000,0.018408,-0.003068,-0.604906,0.412918,-1.632158,1
3.957000,0.018408,-0.003068,-0.550498,0.386821,-1.525555,1
3.958000,0.018408,-0.003068,-0.550498,0.386821,-1.525554,1
3.959000,0.018408,-0.003068,-0.550498,0.386821,-1.525553,1
3.960000,0.018408,-0.003068,-0.550498,0.386821,-1.525552,1
3.961000,0.015340,-0.003068,-0.512128,0.374993,-1.469662,1
3.962000,0.015340,-0.003068,-0.512128,0.374993,-1.469661,1
3.963000,0.012272,-0.006136,-0.512128,0.342618,-1.349686,1
3.964000,0.009204,-0.006136,-0.512128,0.342618,-1.355820,1
3.965000,0.009204,-0.006136,-0.512128,0.342618,-1.355818,1
3.966000,0.006136,-0.009204,-0.512128,0.342618,-1.300592,1
3.967000,0.006136,-0.009204,-0.512128,0.342618,-1.300589,1
3.968000,0.003068,-0.009204,-0.919845,0.342618,-1.714440,1
3.969000,0.003068,-0.012272,-0.919845,0.342618,-1.653077,1
3.970000,0.000000,-0.012272,-0.919845,0.342618,-1.659209,1
3.971000,0.000000,-0.012272,-0.919845,0.342618,-1.659206,1
3.972000,-0.003068,-0.015340,-0.919845,0.342618,-1.603978,1
3.973000,-0.006136,-0.015340,-0.919845,0.342618,-1.610109,1
3.974000,-0.006136,-0.018408,-0.919845,-0.972985,1.682463,1
3.975000,-0.006136,-0.018408,-0.919845,-0.972985,1.682468,1
3.976000,-0.009204,-0.021476,-1.528107,-0.972985,1.129436,1
3.977000,-0.012272,-0.024544,-1.528107,-0.972985,1.184667,1
3.978000,-0.012272,-0.024544,-1.528107,-0.972985,1.184674,1
3.979000,-0.012272,-0.024544,-1.528107,-0.972985,1.184682,1
3.980000,-0.012272,-0.024544,-1.528107,-0.972985,1.184689,1
3.981000,-0.012272,-0.024544,-1.528107,-0.972985,1.184696,1
3.982000,-0.012272,-0.024544,-1.528107,-0.972985,1.184704,1
3.983000,-0.021476,-0.030680,-1.734023,-1.558475,2.254088,1
3.984000,-0.021476,-0.033748,-1.734023,-1.558475,2.315457,1
3.985000,-0.024544,-0.033748,-1.734023,-1.558475,2.309332,1
3.986000,-0.024544,-0.033748,-1.734023,-1.558475,2.309342,1
3.987000,-0.027612,-0.033748,-1.734023,-1.558475,2.303216,1
3.988000,-0.027612,-0.036816,-1.734023,-1.558475,2.364586,1
3.989000,-0.027612,-0.036816,-1.734023,-1.558475,2.364597,1
3.990000,-0.030680,-0.036816,-1.551492,-1.456465,2.336982,1
3.991000,-0.030680,-0.036816,-1.377048,-1.303020,2.204549,1
3.992000,-0.030680,-0.036816,-1.377048,-1.303020,2.204560,1
3.993000,-0.030680,-0.036816,-1.377048,-1.303020,2.204571,1
3.994000,-0.030680,-0.036816,-1.377048,-1.303020,2.204582,1
3.995000,-0.030680,-0.036816,-1.237967,-1.177811,2.093255,1
3.996000,-0.033748,-0.039884,-1.442844,-0.850989,1.289970,1
3.997000,-0.033748,-0.036816,-1.442844,0.795596,-2.664549,1
3.998000,-0.033748,-0.033748,-1.442844,0.707012,-2.548731,1
3.999000,-0.036816,-0.033748,-1.442844,0.707012,-2.554856,1
4.000000,-0.039884,-0.033748,-1.081261,-1.895331,3.605287,1
4.001000,-0.039884,-0.033748,-1.081261,-1.895331,3.605297,1
4.002000,-0.039884,-0.039884,-0.919101,-1.895331,3.890187,1
4.003000,-0.042951,-0.042951,-0.750678,-3.456872,6.000000,1
4.004000,-0.042951,-0.042951,-0.750678,-3.456872,6.000000,1
4.005000,-0.042951,-0.042951,-0.750678,-3.456872,6.000000,1
4.006000,-0.042951,-0.042951,-0.750678,-3.456872,6.000000,1
4.007000,-0.042951,-0.042951,-0.750678,-3.456872,6.000000,1
4.008000,-0.042951,-0.042951,-0.750678,-3.456872,6.000000,1
4.009000,-0.042951,-0.042951,-0.750678,-3.456872,6.000000,1
4.010000,-0.042951,-0.042951,-0.750678,-3.456872,6.000000,1
4.011000,-0.042951,-0.042951,-0.750678,-3.456872,6.000000,1
4.012000,-0.042951,-0.042951,-0.707441,-3.456872,6.000000,1
4.013000,-0.042951,-0.042951,-0.603208,-2.035892,4.542567,1
4.014000,-0.042951,-0.042951,-0.603208,-2.035892,4.542580,1
4.015000,-0.042951,-0.042951,-0.603208,-2.035892,4.542593,1
4.016000,-0.042951,-0.042951,-0.603208,-2.035892,4.542606,1
4.017000,-0.042951,-0.042951,-0.603208,-2.035892,4.542619,1
4.018000,-0.042951,-0.042951,-0.603208,-2.035892,4.542632,1
4.019000,-0.042951,-0.042951,-0.603208,-2.035892,4.542645,1
4.020000,-0.042951,-0.039884,-0.574860,1.745398,-3.652935,1
4.021000,-0.042951,-0.039884,-0.574860,1.745398,-3.652923,1
4.022000,-0.042951,-0.039884,-0.574860,1.745398,-3.652911,1
4.023000,-0.033748,-0.027612,0.683468,1.118882,-1.368571,1
4.024000,-0.033748,-0.027612,0.683468,1.118882,-1.368562,1
4.025000,-0.033748,-0.027612,0.683468,1.118882,-1.368554,1
4.026000,-0.033748,-0.027612,0.683468,1.118882,-1.368546,1
4.027000,-0.033748,-0.027612,0.683468,1.118882,-1.368538,1
4.028000,-0.033748,-0.027612,0.683468,1.118882,-1.368529,1
4.029000,-0.033748,-0.027612,0.683468,1.118882,-1.368521,1
4.030000,-0.033748,-0.024544,0.683468,1.118882,-1.429873,1
4.031000,-0.033748,-0.024544,0.683468,1.118882,-1.429865,1
4.032000,-0.024544,-0.012272,0.620789,2.489639,-4.461085,1
4.033000,-0.024544,-0.012272,0.620789,2.489639,-4.461081,1
4.034000,-0.024544,-0.012272,0.620789,2.489639,-4.461077,1
4.035000,-0.021476,-0.009204,0.620789,2.422759,-4.382538,1
4.036000,-0.021476,-0.009204,0.620789,2.422759,-4.382535,1
4.037000,-0.021476,-0.009204,0.620789,2.422759,-4.382532,1
4.038000,-0.018408,-0.003068,0.620789,2.422759,-4.499114,1
4.039000,-0.018408,-0.003068,0.620789,2.422759,-4.499113,1
4.040000,-0.018408,-0.003068,0.620789,2.422759,-4.499112,1
4.041000,-0.018408,0.003068,0.620789,1.603668,-2.983649,1
4.042000,-0.018408,0.003068,0.620789,1.603668,-2.983650,1
4.043000,-0.018408,0.003068,0.620789,1.603668,-2.983651,1
4.044000,-0.015340,0.006136,0.620789,1.603668,-3.038876,1
4.045000,-0.015340,0.006136,0.620789,1.603668,-3.038878,1
4.046000,-0.015340,0.006136,0.620789,1.603668,-3.038880,1
4.047000,-0.018408,0.006136,0.620789,1.603668,-3.045018,1
4.048000,-0.018408,0.006136,0.620789,1.603668,-3.045020,1
4.049000,-0.018408,0.006136,0.620789,1.603668,-3.045021,1
4.050000,-0.018408,0.006136,0.620789,1.603668,-3.045023,1
4.051000,-0.018408,0.006136,0.620789,1.603668,-3.045025,1
4.052000,-0.018408,0.006136,0.620789,1.603668,-3.045027,1
4.053000,-0.018408,0.006136,0.620789,1.331227,-2.500148,1
4.054000,-0.018408,0.006136,0.620789,1.331227,-2.500150,1
4.055000,-0.018408,0.006136,0.620789,1.331227,-2.500151,1
4.056000,-0.027612,0.000000,-1.352267,-0.806932,0.507422,1
4.057000,-0.027612,0.000000,-1.352267,-0.806932,0.507422,1
4.058000,-0.027612,0.000000,-1.352267,-0.806932,0.507422,1
4.059000,-0.033748,-0.006136,-0.684761,-0.674301,1.020114,1
4.060000,-0.033748,-0.006136,-0.684761,-0.674301,1.020116,1
4.061000,-0.033748,-0.006136,-0.684761,-0.674301,1.020118,1
4.062000,-0.033748,-0.006136,-0.684761,-0.674301,1.020120,1
4.063000,-0.033748,-0.006136,-0.684761,-0.674301,1.020121,1
4.064000,-0.033748,-0.006136,-0.684761,-0.674301,1.020123,1
4.065000,-0.033748,-0.006136,-0.684761,-0.674301,1.020125,1
4.066000,-0.033748,-0.006136,-0.684761,-0.674301,1.020127,1
4.067000,-0.033748,-0.006136,-0.684761,-0.674301,1.020129,1
4.068000,-0.039884,-0.009204,-0.684761,-0.674301,1.069219,1
4.069000,-0.039884,-0.009204,-0.684761,-0.674301,1.069222,1
4.070000,-0.039884,-0.009204,-0.684761,-0.674301,1.069224,1
4.071000,-0.058291,-0.030680,-2.195818,-2.125803,2.853880,1
4.072000,-0.058291,-0.030680,-2.195818,-2.125803,2.853889,1
4.073000,-0.058291,-0.030680,-2.195818,-2.125803,2.853898,1
4.074000,-0.064427,-0.033748,-2.195818,-2.125803,2.902996,1
4.075000,-0.064427,-0.033748,-2.195818,-2.125803,2.903006,1
4.076000,-0.064427,-0.033748,-2.195818,-2.125803,2.903016,1
4.077000,-0.064427,-0.033748,-2.195818,-2.125803,2.903026,1
4.078000,-0.064427,-0.033748,-2.195818,-2.125803,2.903036,1
4.079000,-0.064427,-0.033748,-2.195818,-2.125803,2.903047,1
4.080000,-0.070563,-0.042951,-2.145063,-1.846987,2.567989,1
4.081000,-0.070563,-0.042951,-2.145063,-1.846987,2.568002,1
4.082000,-0.070563,-0.042951,-2.145063,-1.846987,2.568015,1
4.083000,-0.079767,-0.052155,-1.746271,-1.846987,3.132493,1
4.084000,-0.079767,-0.052155,-1.746271,-1.846987,3.132508,1
4.085000,-0.079767,-0.052155,-1.746271,-1.846987,3.132524,1
4.086000,-0.079767,-0.052155,-1.746271,-1.846987,3.132540,1
4.087000,-0.079767,-0.052155,-1.746271,-1.846987,3.132555,1
4.088000,-0.079767,-0.052155,-1.746271,-1.846987,3.132571,1
4.089000,-0.082835,-0.055223,-1.830101,-1.617623,2.645251,1
4.090000,-0.082835,-0.055223,-1.830101,-1.617623,2.645267,1
4.091000,-0.082835,-0.055223,-1.830101,-1.617623,2.645284,1
4.092000,-0.085903,-0.058291,-1.572824,-1.617623,2.957802,1
4.093000,-0.085903,-0.058291,-1.572824,-1.617623,2.957820,1
4.094000,-0.085903,-0.058291,-1.572824,-1.617623,2.957837,1
4.095000,-0.085903,-0.058291,-1.136234,-1.161548,2.482294,1
4.096000,-0.085903,-0.058291,-1.136234,-1.161548,2.482312,1
4.097000,-0.085903,-0.058291,-1.136234,-1.161548,2.482329,1
4.098000,-0.085903,-0.055223,-0.889312,0.904744,-2.064674,1
4.099000,-0.085903,-0.055223,-0.889312,0.904744,-2.064657,1
4.100000,-0.085903,-0.055223,-0.889312,0.904744,-2.064641,1
4.101000,-0.085903,-0.055223,-0.730291,0.740666,-1.577448,1
4.102000,-0.085903,-0.055223,-0.730291,0.740666,-1.577431,1
4.103000,-0.085903,-0.055223,-0.730291,0.740666,-1.577415,1
4.104000,-0.082835,-0.049087,0.619633,0.627086,0.483102,1
4.105000,-0.082835,-0.049087,0.619633,0.627086,0.483117,1
4.106000,-0.082835,-0.042951,0.538141,0.582531,0.000000,1
4.107000,-0.082835,-0.042951,0.538141,0.582531,0.000000,1
4.108000,-0.082835,-0.042951,0.538141,0.582531,0.000000,1
4.109000,-0.082835,-0.042951,0.538141,0.582531,0.000000,1
4.110000,-0.079767,-0.039884,0.475595,0.582531,0.000000,1
4.111000,-0.079767,-0.039884,0.475595,0.582531,0.000000,1
4.112000,-0.079767,-0.039884,0.475595,0.582531,0.000000,1
4.113000,-0.076699,-0.036816,0.426050,0.582531,-0.454424,1
4.114000,-0.076699,-0.036816,0.426050,0.582531,-0.454413,1
4.115000,-0.076699,-0.036816,0.426050,0.582531,-0.454402,1
4.116000,-0.076699,-0.033748,0.385821,1.274859,-1.940635,1
4.117000,-0.076699,-0.033748,0.385821,1.274859,-1.940625,1
4.118000,-0.076699,-0.033748,0.385821,1.274859,-1.940615,1
4.119000,-0.073631,-0.030680,0.441168,1.274859,-1.940482,1
4.120000,-0.073631,-0.030680,0.441168,1.274859,-1.940473,1
4.121000,-0.073631,-0.030680,0.441168,1.274859,-1.940463,1
4.122000,-0.073631,-0.027612,0.441168,1.274859,-2.001814,1
4.123000,-0.073631,-0.027612,0.441168,1.274859,-2.001806,1
4.124000,-0.073631,-0.027612,0.441168,1.274859,-2.001798,1
4.125000,-0.073631,-0.024544,0.441168,1.244085,-2.001602,1
4.126000,-0.073631,-0.024544,0.441168,1.244085,-2.001595,1
4.127000,-0.073631,-0.024544,0.441168,0.773863,-1.061143,1
4.128000,-0.073631,-0.024544,0.441168,0.588096,-0.689601,1
4.129000,-0.073631,-0.024544,0.441168,0.588096,-0.689593,1
4.130000,-0.073631,-0.024544,0.441168,0.588096,-0.689586,1
4.131000,-0.073631,-0.024544,0.441168,0.588096,-0.689578,1
4.132000,-0.073631,-0.024544,0.441168,0.588096,-0.689571,1
4.133000,-0.076699,-0.027612,0.441168,-0.514138,2.170128,1
4.134000,-0.076699,-0.027612,0.441168,-0.514138,2.170136,1
4.135000,-0.076699,-0.027612,0.441168,-0.514138,2.170145,1
4.136000,-0.076699,-0.027612,0.441168,-0.514138,2.170153,1
4.137000,-0.076699,-0.027612,0.441168,-0.514138,2.170161,1
4.138000,-0.076699,-0.027612,0.441168,-0.514138,2.170170,1
4.139000,-0.076699,-0.027612,0.441168,-0.514138,2.170178,1
4.140000,-0.076699,-0.030680,0.441168,-0.462136,2.127542,1
4.141000,-0.076699,-0.030680,0.441168,-0.462136,2.127552,1
4.142000,-0.076699,-0.030680,0.441168,-0.462136,2.127561,1
4.143000,-0.076699,-0.030680,-0.434210,-0.462136,1.252192,1
4.144000,-0.076699,-0.030680,-0.419355,-0.462136,1.267056,1
4.145000,-0.076699,-0.030680,-0.405599,-0.462136,1.280821,1
4.146000,-0.076699,-0.030680,-0.392615,-0.462136,1.293814,1
4.147000,-0.073631,-0.030680,-0.392899,-0.462136,1.299676,1
4.148000,-0.073631,-0.030680,-0.392899,-0.462136,1.299685,1
4.149000,-0.073631,-0.027612,-0.392899,-0.462136,1.238334,1
4.150000,-0.073631,-0.027612,-0.392899,-0.462136,1.238342,1
4.151000,-0.073631,-0.027612,-0.392899,-0.462136,1.238350,1
4.152000,-0.073631,-0.027612,-0.392899,-0.462136,1.238359,1
4.153000,-0.073631,-0.024544,-0.392899,-0.462136,1.177007,1
4.154000,-0.070563,-0.024544,-0.392899,-0.462136,1.183150,1
4.155000,-0.070563,-0.021476,-0.392899,0.636396,-1.675268,1
4.156000,-0.070563,-0.021476,-0.392899,0.636396,-1.675261,1
4.157000,-0.070563,-0.021476,-0.392899,0.636396,-1.675255,1
4.158000,-0.070563,-0.021476,-0.392899,0.636396,-1.675248,1
4.159000,-0.067495,-0.021476,-0.392899,0.636396,-1.669106,1
4.160000,-0.067495,-0.018408,-0.392899,0.636396,-1.730460,1
4.161000,-0.067495,-0.018408,-0.392899,0.636396,-1.730454,1
4.162000,-0.067495,-0.015340,-0.392899,0.636396,-1.791809,1
4.163000,-0.067495,-0.015340,-0.392899,0.636396,-1.791804,1
4.164000,-0.067495,-0.015340,-0.392899,0.636396,-1.791800,1
4.165000,-0.067495,-0.015340,-0.392899,0.636396,-1.791795,1
4.166000,-0.067495,-0.015340,-0.392899,0.636396,-1.791790,1
4.167000,-0.067495,-0.015340,-0.392899,0.636396,-1.791786,1
4.168000,-0.067495,-0.015340,-0.392899,0.636396,-1.791781,1
4.169000,-0.067495,-0.015340,-0.392899,0.636396,-1.791777,1
4.170000,-0.067495,-0.015340,-0.392899,0.636396,-1.791772,1
4.171000,-0.070563,-0.015340,0.515561,0.636396,-0.889444,1
4.172000,-0.070563,-0.018408,0.515561,0.612465,-0.780217,1
4.173000,-0.073631,-0.018408,0.515561,0.612465,-0.786348,1
4.174000,-0.073631,-0.018408,0.515561,0.612465,-0.786342,1
4.175000,-0.076699,-0.021476,0.515561,0.612465,-0.731112,1
4.176000,-0.076699,-0.021476,0.515561,0.612465,-0.731106,1
4.177000,-0.076699,-0.021476,0.515561,0.612465,-0.731100,1
4.178000,-0.076699,-0.021476,0.515561,0.612465,-0.731093,1
4.179000,-0.076699,-0.021476,0.515561,0.612465,-0.731087,1
4.180000,-0.076699,-0.021476,0.515561,0.612465,-0.731080,1
4.181000,-0.076699,-0.021476,0.515561,0.612465,-0.731074,1
4.182000,-0.076699,-0.021476,0.515561,0.612465,-0.731067,1
4.183000,-0.076699,-0.021476,0.515561,0.612465,-0.731061,1
4.184000,-0.076699,-0.021476,0.515561,0.612465,-0.731054,1
4.185000,-0.076699,-0.021476,0.515561,0.612465,-0.731048,1
4.186000,-0.076699,-0.021476,0.515561,0.612465,-0.731042,1
4.187000,-0.076699,-0.021476,0.515561,0.612465,-0.731035,1
4.188000,-0.076699,-0.021476,0.515561,0.612465,-0.731029,1
4.189000,-0.079767,-0.024544,0.515561,0.612465,-0.675798,1
4.190000,-0.079767,-0.024544,0.515561,0.612465,-0.675791,1
4.191000,-0.079767,-0.024544,0.515561,0.612465,-0.675783,1
4.192000,-0.079767,-0.024544,0.515561,0.612465,-0.675776,1
4.193000,-0.085903,-0.030680,-0.497923,-0.799094,1.844314,1
4.194000,-0.085903,-0.030680,-0.497923,-0.799094,1.844323,1
4.195000,-0.085903,-0.033748,-0.497923,-0.799094,1.905692,1
4.196000,-0.088971,-0.033748,-0.497923,-0.799094,1.899567,1
4.197000,-0.088971,-0.036816,-0.497923,-0.799094,1.960937,1
4.198000,-0.088971,-0.036816,-0.497923,-0.799094,1.960948,1
4.199000,-0.088971,-0.036816,-0.497923,-0.799094,1.960959,1
4.200000,-0.088971,-0.039884,-0.497923,-0.799094,2.022330,1
4.201000,-0.092039,-0.039884,-0.497923,-0.799094,2.016206,1
4.202000,-0.092039,-0.039884,-0.497923,-0.799094,2.016218,1
4.203000,-0.092039,-0.039884,-0.497923,-0.799094,2.016230,1
4.204000,-0.092039,-0.039884,-0.497923,-0.799094,2.016242,1
4.205000,-0.092039,-0.042951,-0.497923,-1.009740,2.498907,1
4.206000,-0.092039,-0.042951,-0.497923,-1.009740,2.498920,1
4.207000,-0.092039,-0.042951,-0.497923,-1.009740,2.498933,1
4.208000,-0.092039,-0.042951,-0.497923,-1.009740,2.498946,1
4.209000,-0.092039,-0.042951,-0.497923,-1.009740,2.498958,1
4.210000,-0.092039,-0.042951,-0.497923,-1.009740,2.498971,1
4.211000,-0.092039,-0.042951,-0.497923,-1.009740,2.498984,1
4.212000,-0.088971,-0.042951,-0.497923,-1.009740,2.505133,1
4.213000,-0.088971,-0.042951,-0.497923,-1.009740,2.505146,1
4.214000,-0.088971,-0.039884,0.494561,-1.009740,3.436283,1
4.215000,-0.088971,-0.039884,0.475409,-1.009740,3.417142,1
4.216000,-0.085903,-0.039884,0.975919,-1.009740,3.923801,1
4.217000,-0.085903,-0.039884,0.975919,0.982910,-0.661487,1
4.218000,-0.085903,-0.036816,0.975919,0.910136,-0.577288,1
4.219000,-0.085903,-0.036816,0.975919,0.910136,-0.577277,1
4.220000,-0.085903,-0.036816,0.975919,0.910136,-0.577265,1
4.221000,-0.082835,-0.030680,0.975919,0.851753,-0.577073,1
4.222000,-0.082835,-0.030680,0.975919,0.851753,-0.577064,1
4.223000,-0.079767,-0.030680,0.975919,0.851753,-0.570918,1
4.224000,-0.079767,-0.027612,0.975919,0.851753,-0.632269,1
4.225000,-0.079767,-0.027612,0.975919,0.851753,-0.632261,1
4.226000,-0.076699,-0.027612,0.975919,0.851753,-0.626117,1
4.227000,-0.076699,-0.024544,0.975919,0.851753,-0.687469,1
4.228000,-0.076699,-0.024544,0.974739,0.851753,-0.688641,1
4.229000,-0.073631,-0.024544,0.466855,0.851753,-1.190382,1
4.230000,-0.073631,-0.021476,0.466855,1.201795,-1.951819,1
4.231000,-0.073631,-0.021476,0.466855,1.201795,-1.951812,1
4.232000,-0.073631,-0.021476,0.466855,1.201795,-1.951806,1
4.233000,-0.073631,-0.021476,0.466855,1.201795,-1.951799,1
4.234000,-0.073631,-0.018408,0.466855,1.201795,-2.013153,1
4.235000,-0.070563,-0.018408,0.466855,1.201795,-2.007012,1
4.236000,-0.070563,-0.018408,0.466855,1.201795,-2.007006,1
4.237000,-0.070563,-0.018408,0.466855,1.201795,-2.007001,1
4.238000,-0.070563,-0.018408,0.466855,1.201795,-2.006995,1
4.239000,-0.070563,-0.018408,0.466855,1.201795,-2.006990,1
4.240000,-0.070563,-0.018408,0.466855,1.128773,-1.860940,1
4.241000,-0.070563,-0.018408,0.466855,1.033333,-1.670054,1
4.242000,-0.070563,-0.018408,0.466855,0.953506,-1.510395,1
4.243000,-0.073631,-0.018408,0.466855,0.885141,-1.379794,1
4.244000,-0.073631,-0.018408,0.466855,0.825094,-1.259695,1
4.245000,-0.073631,-0.018408,0.466855,0.825094,-1.259690,1
4.246000,-0.073631,-0.018408,0.466855,0.825094,-1.259684,1
4.247000,-0.073631,-0.018408,0.466855,0.686827,-0.983145,1
4.248000,-0.073631,-0.021476,0.466855,-0.650346,2.352567,1
4.249000,-0.073631,-0.021476,0.466855,-0.617594,2.287068,1
4.250000,-0.073631,-0.021476,0.466855,-0.588022,2.227931,1
4.251000,-0.073631,-0.024544,0.466855,-0.561015,2.235285,1
4.252000,-0.076699,-0.024544,0.466855,-0.536581,2.180287,1
4.253000,-0.076699,-0.027612,0.466855,-0.514180,2.196852,1
4.254000,-0.076699,-0.024544,0.466855,0.493328,-0.479516,1
4.255000,-0.076699,-0.024544,-0.463351,0.474363,-1.371784,1
4.256000,-0.076699,-0.024544,-0.446458,0.456673,-1.319504,1
4.257000,-0.076699,-0.024544,-0.430763,0.440265,-1.270986,1
4.258000,-0.076699,-0.024544,-0.416132,0.424992,-1.225801,1
4.259000,-0.076699,-0.024544,-0.402506,0.410790,-1.183762,1
4.260000,-0.076699,-0.024544,-0.389750,0.397512,-1.144444,1
4.261000,-0.076699,-0.024544,-0.377716,0.385002,-1.107382,1
4.262000,-0.076699,-0.024544,-0.377716,0.385002,-1.107374,1
4.263000,-0.076699,-0.024544,-0.377716,0.385002,-1.107367,1
4.264000,-0.076699,-0.024544,-0.377716,0.385002,-1.107360,1
4.265000,-0.076699,-0.024544,-0.377716,0.385002,-1.107352,1
4.266000,-0.076699,-0.024544,-0.377716,0.385002,-1.107345,1
4.267000,-0.076699,-0.024544,-0.377716,0.385002,-1.107337,1
4.268000,-0.079767,-0.027612,-0.310813,-0.315729,1.016259,1
4.269000,-0.079767,-0.030680,-0.303111,-0.314347,1.082565,1
4.270000,-0.079767,-0.030680,-0.295856,-0.314347,1.089829,1
4.271000,-0.079767,-0.033748,-0.288856,-0.314347,1.158199,1
4.272000,-0.079767,-0.033748,-0.282206,-0.314347,1.164859,1
4.273000,-0.079767,-0.036816,-0.275861,-0.314347,1.232574,1
4.274000,-0.079767,-0.036816,-0.269794,-0.314347,1.238652,1
4.275000,-0.082835,-0.036816,-0.419569,-0.314347,1.082752,1
4.276000,-0.082835,-0.036816,-0.419569,-0.314347,1.082763,1
4.277000,-0.082835,-0.039884,-0.419569,-0.314347,1.144135,1
4.278000,-0.082835,-0.039884,-0.419569,-0.314347,1.144147,1
4.279000,-0.082835,-0.039884,-0.419569,-0.314347,1.144158,1
4.280000,-0.082835,-0.039884,-0.419569,-0.314347,1.144170,1
4.281000,-0.082835,-0.039884,-0.419569,-0.314347,1.144182,1
4.282000,-0.082835,-0.039884,-0.419569,-0.314347,1.144194,1
4.283000,-0.082835,-0.039884,-0.419569,-0.314347,1.144206,1
4.284000,-0.082835,-0.039884,-0.419569,-0.314347,1.144218,1
4.285000,-0.082835,-0.039884,-0.419569,-0.314347,1.144230,1
4.286000,-0.082835,-0.039884,-0.419569,-0.314347,1.144242,1
4.287000,-0.082835,-0.039884,-0.419569,-0.314347,1.144254,1
4.288000,-0.082835,-0.039884,-0.419569,-0.314347,1.144266,1
4.289000,-0.079767,-0.039884,-0.419569,-0.314347,1.150414,1
4.290000,-0.079767,-0.039884,-0.419569,-0.314347,1.150426,1
4.291000,-0.079767,-0.039884,-0.419569,-0.314347,1.150438,1
4.292000,-0.079767,-0.039884,-0.419569,-0.314347,1.150450,1
4.293000,-0.079767,-0.039884,-0.419569,-0.314347,1.150462,1
4.294000,-0.079767,-0.039884,-0.419569,-0.314347,1.150474,1
4.295000,-0.079767,-0.039884,-0.419569,-0.314347,1.150486,1
4.296000,-0.079767,-0.039884,-0.419569,-0.314347,1.150498,1
4.297000,-0.079767,-0.039884,-0.419569,-0.314347,1.150510,1
4.298000,-0.079767,-0.039884,-0.419569,-0.314347,1.150522,1
4.299000,-0.076699,-0.036816,-0.419569,-0.314347,1.095309,1
4.300000,-0.076699,-0.036816,-0.419569,-0.314347,1.095321,1
4.301000,-0.076699,-0.036816,-0.419569,-0.314347,1.095332,1
4.302000,-0.076699,-0.036816,-0.419569,-0.314347,1.095343,1
4.303000,-0.073631,-0.036816,0.302525,-0.314347,1.823584,1
4.304000,-0.073631,-0.036816,0.302525,-0.314347,1.823595,1
4.305000,-0.073631,-0.036816,0.302525,-0.314347,1.823606,1
4.306000,-0.073631,-0.036816,0.302525,-0.314347,1.823617,1
4.307000,-0.073631,-0.033748,0.302525,0.326007,0.481560,1
4.308000,-0.073631,-0.033748,0.302525,0.326007,0.481570,1
4.309000,-0.070563,-0.033748,0.302525,0.326007,0.487716,1
4.310000,-0.070563,-0.030680,0.302525,0.326007,0.000000,1
4.311000,-0.070563,-0.030680,0.302525,0.326007,0.000000,1
4.312000,-0.067495,-0.030680,0.302525,0.326007,0.000000,1
4.313000,-0.064427,-0.024544,0.302525,0.326007,0.000000,1
4.314000,-0.064427,-0.024544,0.302525,0.326007,0.000000,1
4.315000,-0.061359,-0.021476,0.617951,0.948883,-1.269591,1
4.316000,-0.058291,-0.018408,0.617951,0.948883,-1.324809,1
4.317000,-0.058291,-0.018408,0.617951,0.948883,-1.324803,1
4.318000,-0.058291,-0.018408,0.617951,0.948883,-1.324798,1
4.319000,-0.058291,-0.018408,0.617951,0.948883,-1.324792,1
4.320000,-0.058291,-0.018408,0.617951,0.948883,-1.324787,1
4.321000,-0.058291,-0.018408,0.617951,0.948883,-1.324781,1
4.322000,-0.058291,-0.018408,0.617951,0.948883,-1.324776,1
4.323000,-0.058291,-0.018408,0.617951,0.948883,-1.324770,1
4.324000,-0.058291,-0.018408,0.617951,0.948883,-1.324765,1
4.325000,-0.055223,-0.018408,0.617951,0.948883,-1.318623,1
4.326000,-0.055223,-0.018408,0.617951,0.948883,-1.318618,1
4.327000,-0.055223,-0.015340,0.617951,0.948883,-1.379972,1
4.328000,-0.049087,-0.015340,0.935957,0.860615,-0.873155,1
4.329000,-0.049087,-0.015340,0.935957,0.860615,-0.873150,1
4.330000,-0.049087,-0.015340,0.935957,0.860615,-0.873146,1
4.331000,-0.049087,-0.015340,0.935957,0.860615,-0.873141,1
4.332000,-0.049087,-0.015340,0.935957,0.860615,-0.873137,1
4.333000,-0.049087,-0.015340,0.935957,0.860615,-0.873132,1
4.334000,-0.049087,-0.015340,0.935957,0.672324,-0.496544,1
4.335000,-0.049087,-0.015340,0.935957,0.672324,-0.496539,1
4.336000,-0.049087,-0.015340,0.935957,0.672324,-0.496535,1
4.337000,-0.049087,-0.015340,0.935957,0.672324,-0.496530,1
4.338000,-0.049087,-0.015340,0.935957,0.637283,0.000000,1
4.339000,-0.049087,-0.015340,0.935957,0.605875,0.000000,1
4.340000,-0.046019,-0.015340,0.935957,0.577463,0.000000,1
4.341000,-0.046019,-0.015340,0.935957,0.551487,0.000000,1
4.342000,-0.046019,-0.015340,0.935957,0.551487,0.000000,1
4.343000,-0.046019,-0.015340,0.935957,0.505874,0.000000,1
4.344000,-0.046019,-0.015340,0.935957,0.485900,0.482485,1
4.345000,-0.046019,-0.015340,0.935957,0.467454,0.519381,1
4.346000,-0.046019,-0.015340,0.932729,0.450269,0.550529,1
4.347000,-0.046019,-0.015340,0.867090,0.434394,0.516644,1
4.348000,-0.046019,-0.015340,0.867090,0.434394,0.516648,1
4.349000,-0.046019,-0.015340,0.867090,0.434394,0.516653,1
4.350000,-0.046019,-0.015340,0.867090,0.434394,0.516658,1
4.351000,-0.046019,-0.015340,0.809442,0.419429,0.488944,1
4.352000,-0.046019,-0.015340,0.809442,0.419429,0.488949,1
4.353000,-0.046019,-0.015340,0.809442,0.419429,0.488953,1
4.354000,-0.046019,-0.015340,0.809442,0.419429,0.488958,1
4.355000,-0.042951,-0.015340,0.553812,0.338474,0.000000,1
4.356000,-0.042951,-0.015340,0.529851,0.329370,0.000000,1
4.357000,-0.042951,-0.015340,0.529851,0.329370,0.000000,1
4.358000,-0.042951,-0.015340,0.529851,0.329370,0.000000,1
4.359000,-0.042951,-0.015340,0.529851,0.329370,0.000000,1
4.360000,-0.039884,-0.015340,0.469141,0.304847,0.000000,1
4.361000,-0.039884,-0.015340,0.435911,0.290460,0.000000,1
4.362000,-0.039884,-0.015340,0.435911,0.290460,0.000000,1
4.363000,-0.039884,-0.015340,0.435911,0.290460,0.000000,1
4.364000,-0.039884,-0.015340,0.435911,0.290460,0.000000,1
4.365000,-0.039884,-0.015340,0.435911,0.290460,0.000000,1
4.366000,-0.039884,-0.015340,0.435911,0.290460,0.000000,1
4.367000,-0.039884,-0.015340,0.435911,0.290460,0.000000,1
4.368000,-0.036816,-0.015340,0.504199,0.249156,0.542733,1
4.369000,-0.036816,-0.015340,0.504199,0.244170,0.552710,1
4.370000,-0.036816,-0.015340,0.504199,0.239446,0.562163,1
4.371000,-0.036816,-0.015340,0.504199,0.239446,0.562167,1
4.372000,-0.036816,-0.015340,0.504199,0.239446,0.562172,1
4.373000,-0.036816,-0.015340,0.504199,0.239446,0.562176,1
4.374000,-0.036816,-0.015340,0.504199,0.239446,0.562181,1
4.375000,-0.036816,-0.015340,0.504199,0.234836,0.571406,1
4.376000,-0.036816,-0.015340,0.504199,0.234836,0.571411,1
4.377000,-0.036816,-0.015340,0.504199,0.234836,0.571415,1
4.378000,-0.033748,-0.015340,0.504199,0.222077,0.603074,1
4.379000,-0.033748,-0.015340,0.504199,0.222077,0.603079,1
4.380000,-0.033748,-0.015340,0.504199,0.222077,0.603084,1
4.381000,-0.030680,-0.012272,0.504199,0.200350,0.591318,1
4.382000,-0.030680,-0.012272,0.504199,0.197150,0.597722,1
4.383000,-0.030680,-0.012272,0.504199,0.197150,0.597725,1
4.384000,-0.030680,-0.012272,0.504199,0.194006,0.604017,1
4.385000,-0.030680,-0.012272,0.504199,0.194006,0.604021,1
4.386000,-0.030680,-0.012272,0.504199,0.194006,0.604025,1
4.387000,-0.030680,-0.012272,0.504199,0.194006,0.604028,1
4.388000,-0.030680,-0.012272,0.504199,0.194006,0.604032,1
4.389000,-0.030680,-0.012272,0.504199,0.194006,0.604036,1
4.390000,-0.030680,-0.012272,0.504199,0.190988,0.610075,1
4.391000,-0.030680,-0.012272,0.504199,0.190988,0.610078,1
4.392000,-0.030680,-0.012272,0.504199,0.190988,0.610082,1
4.393000,-0.024544,-0.009204,0.401706,0.175056,0.490367,1
4.394000,-0.024544,-0.009204,0.401706,0.175056,0.490370,1
4.395000,-0.024544,-0.009204,0.401706,0.175056,0.490372,1
4.396000,-0.024544,-0.009204,0.401706,0.175056,0.490375,1
4.397000,-0.024544,-0.009204,0.401706,0.175056,0.490378,1
4.398000,-0.024544,-0.009204,0.401706,0.175056,0.490381,1
4.399000,-0.024544,-0.009204,0.401706,0.175056,0.490383,1
4.400000,-0.024544,-0.009204,0.401706,0.175056,0.490386,1
4.401000,-0.024544,-0.009204,0.401706,0.175056,0.490389,1
4.402000,-0.024544,-0.009204,0.401706,0.175056,0.490392,1
4.403000,-0.021476,-0.006136,0.401706,0.175056,0.000000,1
4.404000,-0.021476,-0.006136,0.401706,0.175056,0.000000,1
4.405000,-0.021476,-0.006136,0.401706,0.175056,0.000000,1
4.406000,-0.015340,-0.003068,0.401706,0.175056,0.000000,1
4.407000,-0.015340,-0.003068,0.401706,0.175056,0.000000,1
4.408000,-0.015340,-0.003068,0.401706,0.175056,0.000000,1
4.409000,-0.012272,-0.003068,0.629830,0.175056,0.620351,1
4.410000,-0.012272,-0.003068,0.629830,0.175056,0.620352,1
4.411000,-0.012272,-0.003068,0.629830,0.175056,0.620352,1
4.412000,-0.012272,-0.003068,0.629830,0.175056,0.620353,1
4.413000,-0.009204,0.000000,0.629830,0.175056,0.565130,1
4.414000,-0.006136,0.003068,0.629830,0.488744,-0.717469,1
4.415000,-0.006136,0.003068,0.629830,0.488744,-0.717470,1
4.416000,-0.006136,0.003068,0.629830,0.488744,-0.717471,1
4.417000,-0.006136,0.003068,0.629830,0.488744,-0.717472,1
4.418000,-0.006136,0.003068,0.629830,0.488744,-0.717473,1
4.419000,-0.006136,0.003068,0.629830,0.488744,-0.717473,1
4.420000,-0.006136,0.003068,0.629830,0.488744,-0.717474,1
4.421000,-0.006136,0.003068,0.629830,0.488744,-0.717475,1
4.422000,-0.006136,0.003068,0.629830,0.488744,-0.717476,1
4.423000,-0.003068,0.003068,0.629830,0.488744,-0.711341,1
4.424000,-0.003068,0.003068,0.629830,0.488744,-0.711342,1
4.425000,-0.003068,0.003068,0.629830,0.488744,-0.711343,1
4.426000,-0.003068,0.003068,0.629830,0.488744,-0.711344,1
4.427000,-0.003068,0.003068,0.629830,0.488744,-0.711345,1
4.428000,-0.003068,0.003068,0.629830,0.488744,-0.711346,1
4.429000,0.000000,0.006136,0.868494,0.488744,-0.527907,1
4.430000,0.000000,0.006136,0.868494,0.488744,-0.527909,1
4.431000,0.000000,0.006136,0.868494,0.488744,-0.527911,1
4.432000,0.006136,0.006136,0.868494,0.488744,-0.515641,1
4.433000,0.006136,0.006136,0.868494,0.488744,-0.515642,1
4.434000,0.006136,0.006136,0.868494,0.488744,-0.515644,1
4.435000,0.006136,0.006136,0.868494,0.488744,-0.515646,1
4.436000,0.006136,0.006136,0.868494,0.488744,-0.515648,1
4.437000,0.006136,0.006136,0.868494,0.488744,-0.515650,1
4.438000,0.006136,0.006136,0.868494,0.488744,-0.515652,1
4.439000,0.006136,0.006136,0.868494,0.488744,-0.515653,1
4.440000,0.006136,0.006136,0.868494,0.488744,-0.515655,1
4.441000,0.006136,0.006136,0.868494,0.488744,-0.515657,1
4.442000,0.006136,0.006136,0.696876,0.488744,-0.687277,1
4.443000,0.006136,0.006136,0.696876,0.488744,-0.687279,1
4.444000,0.006136,0.006136,0.696876,0.488744,-0.687281,1
4.445000,0.006136,0.006136,0.696876,0.488744,-0.687282,1
4.446000,0.006136,0.006136,0.696876,0.488744,-0.687284,1
4.447000,0.006136,0.006136,0.696876,0.488744,-0.687286,1
4.448000,0.009204,0.006136,0.595518,0.453820,-0.712663,1
4.449000,0.009204,0.006136,0.595518,0.453820,-0.712665,1
4.450000,0.009204,0.006136,0.595518,0.453820,-0.712666,1
4.451000,0.009204,0.006136,0.400944,0.331299,-0.662200,1
4.452000,0.009204,0.003068,0.388306,-0.322623,1.294363,1
4.453000,0.009204,0.003068,0.376323,-0.314307,1.265748,1
4.454000,0.009204,0.003068,0.376323,-0.314307,1.265747,1
4.455000,0.009204,0.003068,0.376323,-0.314307,1.265746,1
4.456000,0.009204,0.003068,0.376323,-0.314307,1.265745,1
4.457000,0.009204,0.003068,0.335209,-0.285102,1.166219,1
4.458000,0.009204,0.003068,0.326334,-0.278656,1.144454,1
4.459000,0.009204,0.000000,0.317843,-0.272441,1.184891,1
4.460000,0.009204,0.000000,0.309811,-0.266519,1.165015,1
4.461000,0.009204,0.000000,0.302179,-0.260851,1.146048,1
4.462000,0.009204,0.000000,0.294944,-0.255442,1.127994,1
4.463000,0.009204,0.000000,0.288014,-0.250228,1.110635,1
4.464000,0.009204,0.000000,0.281436,-0.245248,1.094098,1
4.465000,0.009204,0.000000,0.281436,-0.245248,1.094098,1
4.466000,0.009204,0.000000,0.281436,-0.245248,1.094098,1
4.467000,0.009204,0.000000,0.281436,-0.245248,1.094098,1
4.468000,0.012272,0.000000,0.679369,-0.240412,1.488495,1
4.469000,0.012272,0.000000,0.679369,-0.240412,1.488495,1
4.470000,0.012272,0.000000,0.679369,-0.240412,1.488495,1
4.471000,0.015340,0.003068,0.679369,-0.237748,1.427943,1
4.472000,0.015340,0.003068,0.679369,-0.237748,1.427942,1
4.473000,0.015340,0.003068,0.679369,-0.237748,1.427941,1
4.474000,0.015340,0.003068,0.679369,-0.237748,1.427940,1
4.475000,0.015340,0.003068,0.679369,-0.237748,1.427940,1
4.476000,0.015340,0.003068,0.679369,-0.237748,1.427939,1
4.477000,0.015340,0.003068,0.679369,-0.237748,1.427938,1
4.478000,0.015340,0.003068,0.679369,-0.237748,1.427937,1
4.479000,0.015340,0.003068,0.679369,-0.237748,1.427936,1
4.480000,0.015340,0.003068,0.679369,-0.237748,1.427935,1
4.481000,0.024544,0.009204,0.286096,-0.237748,0.930349,1
4.482000,0.024544,0.009204,0.286096,-0.237748,0.930346,1
4.483000,0.024544,0.009204,0.286096,-0.237748,0.930343,1
4.484000,0.024544,0.009204,0.286096,-0.237748,0.930340,1
4.485000,0.024544,0.009204,0.286096,-0.237748,0.930338,1
4.486000,0.027612,0.012272,0.286096,-0.237748,0.875111,1
4.487000,0.027612,0.012272,0.286096,-0.237748,0.875107,1
4.488000,0.027612,0.012272,0.286096,-0.237748,0.875103,1
4.489000,0.027612,0.012272,0.286096,-0.237748,0.875100,1
4.490000,0.027612,0.012272,0.286096,-0.237748,0.875096,1
4.491000,0.027612,0.015340,0.286096,0.641498,-1.544762,1
4.492000,0.027612,0.015340,0.286096,0.641498,-1.544766,1
4.493000,0.027612,0.015340,0.286096,0.641498,-1.544771,1
4.494000,0.039884,0.024544,1.133582,0.641498,-0.856826,1
4.495000,0.042951,0.024544,1.133582,0.641498,-0.850697,1
4.496000,0.042951,0.024544,1.133582,0.641498,-0.850705,1
4.497000,0.042951,0.027612,1.133582,1.293920,-2.216916,1
4.498000,0.042951,0.027612,1.133582,1.293920,-2.216925,1
4.499000,0.042951,0.027612,1.133582,1.293920,-2.216933,1
4.500000,0.052155,0.033748,1.509140,1.293920,-1.945696,1
4.501000,0.052155,0.036816,1.509140,1.293920,-2.007066,1
4.502000,0.052155,0.036816,1.509140,1.293920,-2.007077,1
4.503000,0.055223,0.039884,1.509140,1.490500,-2.455472,1
4.504000,0.055223,0.039884,1.509140,1.490500,-2.455484,1
4.505000,0.058291,0.042951,1.267664,1.490500,-2.752197,1
4.506000,0.058291,0.042951,1.267664,1.490500,-2.752209,1
4.507000,0.058291,0.042951,1.267664,1.490500,-2.752222,1
4.508000,0.058291,0.042951,1.149942,1.490500,-2.869957,1
4.509000,0.058291,0.042951,1.051222,1.490500,-2.968690,1
4.510000,0.061359,0.042951,1.366694,1.430114,-2.526322,1
4.511000,0.061359,0.042951,1.366694,1.430114,-2.526335,1
4.512000,0.061359,0.042951,1.366694,1.430114,-2.526348,1
4.513000,0.061359,0.042951,1.366694,1.430114,-2.526361,1
4.514000,0.061359,0.042951,1.366694,1.280915,-2.227977,1
4.515000,0.061359,0.042951,1.366694,1.280915,-2.227990,1
4.516000,0.061359,0.042951,1.366694,1.280915,-2.228003,1
4.517000,0.061359,0.042951,1.366694,1.280915,-2.228016,1
4.518000,0.061359,0.042951,1.366694,1.280915,-2.228029,1
4.519000,0.058291,0.042951,-1.313375,0.740377,-3.833170,1
4.520000,0.058291,0.039884,-1.185837,-0.698055,-0.767420,1
4.521000,0.058291,0.039884,-1.080925,-0.660328,-0.737974,1
4.522000,0.058291,0.036816,-0.993863,-0.626786,-0.656647,1
4.523000,0.058291,0.036816,-0.993863,-0.626786,-0.656658,1
4.524000,0.058291,0.036816,-0.993863,-0.626786,-0.656670,1
4.525000,0.058291,0.036816,-0.993863,-0.626786,-0.656681,1
4.526000,0.058291,0.036816,-0.993863,-0.626786,-0.656692,1
4.527000,0.058291,0.036816,-0.993863,-0.626786,-0.656703,1
4.528000,0.058291,0.036816,-0.993863,-0.626786,-0.656714,1
4.529000,0.055223,0.036816,-0.919141,-0.596218,-0.649274,1
4.530000,0.055223,0.036816,-0.919141,-0.596218,-0.649285,1
4.531000,0.055223,0.036816,-0.919141,-0.596218,-0.649296,1
4.532000,0.052155,0.033748,-0.820875,-0.479694,-0.728867,1
4.533000,0.052155,0.033748,-0.820875,-0.479694,-0.728877,1
4.534000,0.052155,0.033748,-0.820875,-0.479694,-0.728887,1
4.535000,0.049087,0.030680,-0.820875,-0.477510,-0.678041,1
4.536000,0.049087,0.030680,-0.820875,-0.477510,-0.678050,1
4.537000,0.049087,0.030680,-0.820875,-0.477510,-0.678059,1
4.538000,0.039884,0.021476,-0.820875,-0.477510,-0.512395,1
4.539000,0.039884,0.018408,-0.804400,-1.136842,1.484098,1
4.540000,0.039884,0.018408,-0.804400,-1.136842,1.484092,1
4.541000,0.039884,0.018408,-0.804400,-1.136842,1.484087,1
4.542000,0.039884,0.018408,-0.804400,-1.136842,1.484081,1
4.543000,0.039884,0.018408,-0.804400,-1.136842,1.484076,1
4.544000,0.039884,0.018408,-0.804400,-1.136842,1.484070,1
4.545000,0.039884,0.018408,-0.804400,-1.136842,1.484065,1
4.546000,0.039884,0.018408,-0.804400,-1.136842,1.484059,1
4.547000,0.039884,0.018408,-0.804400,-1.136842,1.484054,1
4.548000,0.036816,0.012272,-0.804400,-1.136842,1.600632,1
4.549000,0.036816,0.012272,-0.804400,-1.136842,1.600629,1
4.550000,0.036816,0.012272,-0.804400,-1.136842,1.600625,1
4.551000,0.030680,0.006136,-0.804400,-1.207473,1.852331,1
4.552000,0.030680,0.006136,-0.804400,-1.207473,1.852329,1
4.553000,0.030680,0.006136,-0.804400,-1.207473,1.852327,1
4.554000,0.030680,0.006136,-0.804400,-1.207473,1.852326,1
4.555000,0.030680,0.006136,-0.804400,-1.207473,1.852324,1
4.556000,0.030680,0.006136,-0.804400,-1.207473,1.852322,1
4.557000,0.030680,0.006136,-0.804400,-1.207473,1.852320,1
4.558000,0.030680,0.006136,-0.804400,-1.207473,1.852318,1
4.559000,0.030680,0.006136,-0.804400,-1.207473,1.852316,1
4.560000,0.030680,0.006136,-0.804400,-1.207473,1.852315,1
4.561000,0.030680,0.003068,-0.646629,-1.207473,2.071444,1
4.562000,0.030680,0.003068,-0.646629,-1.207473,2.071443,1
4.563000,0.030680,0.003068,-0.646629,-1.207473,2.071442,1
4.564000,0.030680,0.003068,-0.646629,-1.207473,2.071441,1
4.565000,0.030680,0.003068,-0.646629,-1.207473,2.071440,1
4.566000,0.030680,0.003068,-0.646629,-1.207473,2.071439,1
4.567000,0.030680,0.006136,-0.558396,1.124046,-3.164725,1
4.568000,0.030680,0.006136,-0.558396,1.124046,-3.164727,1
4.569000,0.030680,0.006136,-0.558396,1.124046,-3.164729,1
4.570000,0.036816,0.012272,0.992608,0.586526,-0.649136,1
4.571000,0.036816,0.015340,0.992608,0.566458,-0.670363,1
4.572000,0.036816,0.015340,0.992608,0.566458,-0.670368,1
4.573000,0.036816,0.015340,0.992608,0.566458,-0.670372,1
4.574000,0.036816,0.015340,0.992608,0.566458,-0.670377,1
4.575000,0.036816,0.015340,0.992608,0.566458,-0.670382,1
4.576000,0.036816,0.015340,0.992608,0.566458,-0.670386,1
4.577000,0.039884,0.015340,0.992608,0.566458,-0.664255,1
4.578000,0.039884,0.015340,0.992608,0.566458,-0.664259,1
4.579000,0.039884,0.015340,0.992608,0.566458,-0.664264,1
4.580000,0.042951,0.018408,0.992608,0.566458,-0.719493,1
4.581000,0.042951,0.018408,0.992608,0.566458,-0.719498,1
4.582000,0.042951,0.018408,0.992608,0.566458,-0.719504,1
4.583000,0.042951,0.018408,0.992608,0.566458,-0.719509,1
4.584000,0.042951,0.018408,0.992608,0.566458,-0.719515,1
4.585000,0.042951,0.018408,0.992608,0.566458,-0.719520,1
4.586000,0.042951,0.024544,0.992608,0.566458,-0.842246,1
4.587000,0.042951,0.024544,0.992608,0.566458,-0.842254,1
4.588000,0.042951,0.024544,0.992608,0.566458,-0.842261,1
4.589000,0.049087,0.030680,0.397718,1.008767,-2.432226,1
4.590000,0.049087,0.030680,0.397718,1.008767,-2.432235,1
4.591000,0.049087,0.030680,0.397718,1.008767,-2.432244,1
4.592000,0.049087,0.030680,0.397718,1.008767,-2.432253,1
4.593000,0.049087,0.030680,0.397718,1.008767,-2.432263,1
4.594000,0.049087,0.030680,0.397718,1.008767,-2.432272,1
4.595000,0.049087,0.030680,0.397718,1.008767,-2.432281,1
4.596000,0.049087,0.030680,0.397718,1.008767,-2.432290,1
4.597000,0.049087,0.030680,0.397718,1.008767,-2.432299,1
4.598000,0.049087,0.030680,0.397718,1.008767,-2.432309,1
4.599000,0.049087,0.030680,0.397718,1.008767,-2.432318,1
4.600000,0.049087,0.030680,0.397718,1.008767,-2.432327,1
4.601000,0.049087,0.030680,0.397718,1.008767,-2.432336,1
4.602000,0.046019,0.030680,0.397718,0.810249,-2.041446,1
4.603000,0.046019,0.030680,0.397718,0.810249,-2.041455,1
4.604000,0.042951,0.027612,0.397718,0.810249,-1.986240,1
4.605000,0.039884,0.024544,-0.506394,0.810249,-2.835137,1
4.606000,0.039884,0.024544,-0.506394,0.810249,-2.835144,1
4.607000,0.039884,0.024544,-0.506394,0.810249,-2.835151,1
4.608000,0.039884,0.024544,-0.506394,0.810249,-2.835159,1
4.609000,0.018408,0.006136,-1.138167,-1.981141,3.041051,1
4.610000,0.015340,-0.003068,-1.955872,-1.981141,2.401289,1
4.611000,0.012272,-0.006136,-1.955872,-3.417205,5.328642,1
4.612000,0.012272,-0.006136,-1.955872,-3.417205,5.328644,1
4.613000,0.006136,-0.009204,-1.955872,-3.417205,5.377734,1
4.614000,0.006136,-0.009204,-1.955872,-3.417205,5.377736,1
4.615000,0.006136,-0.009204,-1.955872,-3.417205,5.377739,1
4.616000,0.006136,-0.009204,-1.955872,-3.417205,5.377742,1
4.617000,0.000000,-0.018408,-2.178214,-2.287852,3.068505,1
4.618000,0.000000,-0.021476,-2.178214,-2.287852,3.129871,1
4.619000,0.000000,-0.021476,-2.178214,-2.287852,3.129878,1
4.620000,0.000000,-0.021476,-2.178214,-2.287852,3.129884,1
4.621000,0.000000,-0.021476,-2.178214,-2.287852,3.129890,1
4.622000,0.000000,-0.021476,-2.178214,-2.287852,3.129897,1
4.623000,0.000000,-0.021476,-2.178214,-2.287852,3.129903,1
4.624000,0.000000,-0.021476,-2.178214,-2.287852,3.129910,1
4.625000,0.000000,-0.021476,-2.178214,-2.287852,3.129916,1
4.626000,0.000000,-0.021476,-2.178214,-2.287852,3.129923,1
4.627000,0.000000,-0.021476,-2.178214,-2.287852,3.129929,1
4.628000,0.000000,-0.021476,-2.178214,-2.287852,3.129936,1
4.629000,0.000000,-0.021476,-2.178214,-2.287852,3.129942,1
4.630000,0.000000,-0.021476,-2.178214,-2.287852,3.129948,1
4.631000,0.000000,-0.021476,-2.178214,-2.287852,3.129955,1
4.632000,0.000000,-0.021476,-2.178214,-2.287852,3.129961,1
4.633000,0.000000,-0.021476,-2.178214,-2.287852,3.129968,1
4.634000,0.000000,-0.021476,-2.178214,-2.287852,3.129974,1
4.635000,0.000000,-0.021476,-2.178214,-2.287852,3.129981,1
4.636000,-0.003068,-0.021476,-2.178214,-2.287852,3.123851,1
4.637000,-0.003068,-0.021476,-2.178214,-2.287852,3.123858,1
4.638000,-0.003068,-0.021476,-2.178214,-2.287852,3.123864,1
4.639000,-0.006136,-0.024544,-0.906668,-0.996404,1.867745,1
4.640000,-0.006136,-0.024544,-0.844421,-0.921733,1.780657,1
4.641000,-0.006136,-0.021476,-0.790405,-0.858820,1.647495,1
4.642000,-0.003068,-0.021476,0.742024,-0.858820,3.186067,1
4.643000,-0.003068,-0.021476,0.742024,-0.858820,3.186073,1
4.644000,-0.003068,-0.021476,0.742024,-0.858820,3.186079,1
4.645000,-0.003068,-0.021476,0.742024,-0.858820,3.186086,1
4.646000,-0.003068,-0.021476,0.699733,-0.858820,3.143801,1
4.647000,-0.003068,-0.021476,0.699733,-0.858820,3.143808,1
4.648000,-0.003068,-0.021476,0.699733,-0.858820,3.143814,1
4.649000,0.000000,-0.015340,1.611298,-0.858820,3.938801,1
4.650000,0.003068,-0.015340,1.611298,-0.858820,3.944941,1
4.651000,0.003068,-0.012272,1.611298,-0.858820,3.883586,1
4.652000,0.003068,-0.012272,1.611298,-0.858820,3.883590,1
4.653000,0.003068,-0.012272,1.611298,-0.858820,3.883593,1
4.654000,0.003068,-0.012272,1.611298,-0.858820,3.883597,1
4.655000,0.006136,-0.009204,1.611298,1.117838,-0.724940,1
4.656000,0.006136,-0.009204,1.611298,1.117838,-0.724938,1
4.657000,0.006136,-0.009204,1.611298,1.117838,-0.724935,1
4.658000,0.006136,-0.009204,1.611298,1.117838,-0.724932,1
4.659000,0.021476,0.006136,0.577369,2.362210,-4.523723,1
4.660000,0.021476,0.012272,0.577369,2.362210,-4.646445,1
4.661000,0.024544,0.018408,2.046255,3.907834,-6.000000,1
4.662000,0.024544,0.021476,2.046255,3.907834,-6.000000,1
4.663000,0.027612,0.024544,2.046255,3.907834,-6.000000,1
4.664000,0.027612,0.024544,2.046255,3.305770,-5.297871,1
4.665000,0.030680,0.027612,2.046255,2.771854,-4.285271,1
4.666000,0.030680,0.027612,2.046255,2.771854,-4.285279,1
4.667000,0.030680,0.027612,2.046255,2.771854,-4.285288,1
4.668000,0.030680,0.027612,2.046255,2.771854,-4.285296,1
4.669000,0.030680,0.027612,2.046255,2.771854,-4.285304,1
4.670000,0.030680,0.030680,2.046255,2.771854,-4.346673,1
4.671000,0.030680,0.030680,2.046255,2.771854,-4.346682,1
4.672000,0.030680,0.030680,2.046255,2.771854,-4.346691,1
4.673000,0.033748,0.033748,1.436692,2.771854,-5.011487,1
4.674000,0.033748,0.033748,1.436692,2.771854,-5.011497,1
4.675000,0.033748,0.033748,1.436692,2.771854,-5.011507,1
4.676000,0.033748,0.033748,1.436692,2.771854,-5.011518,1
4.677000,0.033748,0.033748,1.436692,2.771854,-5.011528,1
4.678000,0.033748,0.033748,1.436692,2.771854,-5.011538,1
4.679000,0.033748,0.033748,1.063327,1.684234,-3.209673,1
4.680000,0.033748,0.033748,1.063327,1.684234,-3.209683,1
4.681000,0.033748,0.033748,1.063327,1.684234,-3.209693,1
4.682000,0.024544,0.027612,-1.791096,0.907306,-4.405958,1
4.683000,0.024544,0.027612,-1.791096,0.907306,-4.405966,1
4.684000,0.024544,0.027612,-1.791096,0.907306,-4.405975,1
4.685000,0.021476,0.024544,-1.791096,0.907306,-4.350759,1
4.686000,0.021476,0.024544,-1.791096,0.907306,-4.350766,1
4.687000,0.021476,0.024544,-1.791096,0.907306,-4.350773,1
4.688000,0.009204,0.012272,-0.682040,-1.714347,2.822479,1
4.689000,0.006136,0.009204,-0.682040,-1.714347,2.877700,1
4.690000,0.003068,0.003068,-2.469129,-3.058563,3.895624,1
4.691000,0.003068,0.000000,-2.469129,-3.058563,3.956983,1
4.692000,0.003068,0.000000,-2.469129,-3.058563,3.956983,1
4.693000,0.003068,0.000000,-2.469129,-3.058563,3.956983,1
4.694000,0.003068,0.000000,-2.469129,-3.058563,3.956983,1
4.695000,0.003068,0.000000,-2.469129,-3.058563,3.956983,1
4.696000,0.003068,0.000000,-2.469129,-3.058563,3.956983,1
4.697000,0.003068,0.000000,-2.469129,-3.058563,3.956983,1
4.698000,0.003068,0.000000,-2.469129,-3.058563,3.956983,1
4.699000,0.000000,-0.003068,-2.469129,-3.058563,4.012207,1
4.700000,0.000000,-0.003068,-2.469129,-3.058563,4.012208,1
4.701000,0.000000,-0.003068,-2.469129,-3.058563,4.012209,1
4.702000,-0.012272,-0.012272,-2.395402,-2.818235,3.764817,1
4.703000,-0.012272,-0.012272,-2.395402,-2.818235,3.764821,1
4.704000,-0.012272,-0.012272,-2.395402,-2.818235,3.764824,1
4.705000,-0.018408,-0.021476,-1.387695,-1.846235,3.000345,1
4.706000,-0.018408,-0.021476,-1.247808,-1.846235,3.140238,1
4.707000,-0.018408,-0.021476,-1.247808,-1.846235,3.140244,1
4.708000,-0.018408,-0.021476,-1.132075,-1.846235,3.255984,1
4.709000,-0.018408,-0.021476,-1.132075,-1.846235,3.255991,1
4.710000,-0.018408,-0.021476,-1.132075,-1.846235,3.255997,1
4.711000,-0.018408,-0.021476,-0.826948,-1.266230,2.401120,1
4.712000,-0.018408,-0.018408,-0.774635,1.147563,-3.035506,1
4.713000,-0.018408,-0.018408,-0.774635,1.147563,-3.035500,1
4.714000,-0.018408,-0.018408,-0.728651,1.049451,-2.793288,1
4.715000,-0.018408,-0.018408,-0.728651,1.049451,-2.793283,1
4.716000,-0.018408,-0.018408,-0.728651,1.049451,-2.793277,1
4.717000,-0.018408,-0.009204,-0.561889,0.775868,-2.263423,1
4.718000,-0.018408,-0.012272,-0.537180,0.775868,-2.177351,1
4.719000,-0.018408,-0.012272,-0.514785,0.775868,-2.154952,1
4.720000,-0.018408,-0.009204,-0.493958,-3.287615,6.000000,1
4.721000,-0.015340,-0.009204,0.474897,-3.287615,6.000000,1
4.722000,-0.015340,-0.012272,0.457157,-3.287615,6.000000,1
4.723000,-0.015340,-0.012272,0.457157,-3.287615,6.000000,1
4.724000,-0.015340,-0.012272,0.457157,-3.287615,6.000000,1
4.725000,-0.015340,-0.012272,0.457157,-3.287615,6.000000,1
4.726000,-0.015340,-0.012272,0.457157,-3.287615,6.000000,1
4.727000,-0.015340,-0.012272,0.457157,-3.287615,6.000000,1
4.728000,-0.015340,-0.012272,0.457157,-3.287615,6.000000,1
4.729000,-0.015340,-0.012272,0.440759,-3.287615,6.000000,1
4.730000,-0.015340,-0.012272,0.440759,-3.287615,6.000000,1
4.731000,-0.015340,-0.012272,0.440759,-3.287615,6.000000,1
4.732000,-0.009204,-0.006136,1.836874,-2.452503,6.000000,1
4.733000,-0.009204,-0.006136,1.836874,-2.452503,6.000000,1
4.734000,-0.009204,-0.006136,1.836874,-2.452503,6.000000,1
4.735000,-0.009204,-0.006136,1.836874,-2.452503,6.000000,1
4.736000,-0.003068,0.003068,1.836874,2.017778,-2.563182,1
4.737000,-0.003068,0.003068,1.836874,2.017778,-2.563183,1
4.738000,0.018408,0.027612,2.607225,4.202447,-6.000000,1
4.739000,0.021476,0.036816,2.607225,4.202447,-6.000000,1
4.740000,0.024544,0.046019,3.554553,7.220739,-6.000000,1
4.741000,0.027612,0.049087,3.554553,6.677042,-6.000000,1
4.742000,0.030680,0.049087,3.554553,4.332748,-6.000000,1
4.743000,0.033748,0.052155,3.554553,4.008806,-5.735755,1
4.744000,0.033748,0.058291,2.770403,4.008806,-6.000000,1
4.745000,0.036816,0.061359,2.702281,4.008806,-6.000000,1
4.746000,0.039884,0.064427,2.702281,3.793542,-6.000000,1
4.747000,0.039884,0.067495,2.702281,3.793542,-6.000000,1
4.748000,0.042951,0.070563,2.702281,3.793542,-6.000000,1
4.749000,0.042951,0.070563,2.538893,3.475596,-6.000000,1
4.750000,0.042951,0.073631,2.104321,2.709582,-4.998784,1
4.751000,0.046019,0.073631,1.796672,2.220088,-4.321332,1
4.752000,0.046019,0.076699,1.565811,2.004189,-4.181778,1
4.753000,0.046019,0.076699,1.388351,2.004189,-4.359261,1
4.754000,0.046019,0.076699,1.247597,2.004189,-4.500038,1
4.755000,0.046019,0.076699,1.132224,2.004189,-4.615434,1
4.756000,0.046019,0.076699,1.036866,2.004189,-4.710815,1
4.757000,0.046019,0.079767,0.956371,2.004189,-4.852693,1
4.758000,0.046019,0.079767,0.887035,1.912881,-4.739436,1
4.759000,0.046019,0.079767,0.827107,1.654386,-4.282399,1
4.760000,0.046019,0.076699,0.774781,-1.457495,2.550374,1
4.761000,0.046019,0.076699,0.728943,-1.303322,2.196167,1
4.762000,0.042951,0.073631,-0.688184,-1.178523,0.584643,1
4.763000,0.042951,0.070563,-0.651596,-1.075138,0.475799,1
4.764000,0.042951,0.073631,-0.618570,0.988090,-4.279012,1
4.765000,0.039884,0.073631,-1.982225,0.914771,-5.502188,1
4.766000,0.039884,0.076699,-1.982225,0.872984,-5.479995,1
4.767000,0.036816,0.076699,-1.982225,0.872984,-5.486154,1
4.768000,0.036816,0.076699,-1.982225,0.872984,-5.486177,1
4.769000,0.036816,0.073631,-1.982225,0.872984,-5.424840,1
4.770000,0.033748,0.073631,-1.982225,0.872984,-5.430998,1
4.771000,0.030680,0.070563,-1.979947,0.872984,-5.373517,1
4.772000,0.027612,0.070563,-0.581018,0.872984,-3.980745,1
4.773000,0.027612,0.067495,-0.581018,-1.851023,2.128607,1
4.774000,0.024544,0.064427,-0.581018,-1.851023,2.183811,1
4.775000,0.021476,0.061359,-0.581018,-1.851023,2.239016,1
4.776000,0.018408,0.055223,-0.581018,-3.464408,5.582351,1
4.777000,0.018408,0.055223,-0.581018,-3.464408,5.582335,1
4.778000,0.015340,0.052155,-2.247071,-3.464408,3.971489,1
4.779000,0.015340,0.052155,-2.247071,-3.464408,3.971474,1
4.780000,0.015340,0.052155,-2.247071,-3.464408,3.971458,1
4.781000,0.015340,0.052155,-2.247071,-3.464408,3.971443,1
4.782000,0.015340,0.052155,-2.247071,-3.464408,3.971427,1
4.783000,0.009204,0.046019,-2.229190,-1.709541,0.590007,1
4.784000,0.006136,0.046019,-1.886070,-1.500236,0.508367,1
4.785000,0.006136,0.049087,-1.634530,1.336620,-5.575179,1
4.786000,0.003068,0.049087,-1.759380,1.204930,-5.442800,1
4.787000,0.003068,0.052155,-1.759380,1.139818,-5.373949,1
4.788000,0.000000,0.049087,-1.759380,1.139818,-5.318741,1
4.789000,0.000000,0.049087,-1.759380,1.139818,-5.318756,1
4.790000,-0.009204,0.046019,-1.609255,1.139818,-5.125693,1
4.791000,-0.009204,0.046019,-1.609255,1.139818,-5.125707,1
4.792000,-0.009204,0.046019,-1.609255,1.139818,-5.125721,1
4.793000,-0.012272,0.042951,-1.609255,-2.060302,1.929729,1
4.794000,-0.012272,0.042951,-1.609255,-2.060302,1.929716,1
4.795000,-0.015340,0.036816,-1.609255,-2.060302,2.046288,1
4.796000,-0.018408,0.030680,-1.609255,-3.625584,5.293425,1
4.797000,-0.018408,0.033748,-1.609255,-3.625584,5.232055,1
4.798000,-0.021476,0.030680,-2.283476,8.014703,-6.000000,1
4.799000,-0.024544,0.027612,-2.283476,-7.969738,6.000000,1
4.800000,-0.027612,0.030680,-2.283476,4.843831,-6.000000,1
4.801000,-0.027612,0.024544,-2.283476,-3.473560,4.419422,1
4.802000,-0.030680,0.027612,-2.283476,-2.702546,2.809890,1
4.803000,-0.033748,0.024544,-2.442543,-2.702546,2.706039,1
4.804000,-0.033748,0.021476,-2.442543,-2.702546,2.767392,1
4.805000,-0.036816,0.021476,-2.442543,-2.702546,2.761249,1
4.806000,-0.036816,0.021476,-2.442543,-3.868279,5.092710,1
4.807000,-0.039884,0.021476,-2.442543,-3.868279,5.086567,1
4.808000,-0.039884,0.018408,-2.424973,6.506236,-6.000000,1
4.809000,-0.042951,0.018408,-2.025540,-6.302412,6.000000,1
4.810000,-0.046019,0.021476,-1.783533,4.163594,-6.000000,1
4.811000,-0.046019,0.018408,3.361075,3.539176,-4.475659,1
4.812000,-0.049087,0.021476,3.361075,3.539176,-4.543161,1
4.813000,-0.049087,0.021476,3.361075,3.539176,-4.543167,1
4.814000,-0.052155,0.018408,3.361075,3.673839,-4.757275,1
4.815000,-0.055223,0.018408,-2.697710,3.673839,-6.000000,1
4.816000,-0.055223,0.015340,-2.212622,3.673839,-6.000000,1
4.817000,-0.058291,0.015340,-3.592169,3.673839,-6.000000,1
4.818000,-0.061359,0.015340,-3.592169,-2.963349,2.206789,1
4.819000,-0.064427,0.012272,-3.592169,-2.386738,1.108787,1
4.820000,-0.064427,0.006136,-3.215881,-2.064929,0.964173,1
4.821000,-0.067495,0.003068,-2.547854,-2.064929,1.687422,1
4.822000,-0.070563,0.003068,-2.409722,-2.064929,1.819417,1
4.823000,-0.073631,0.000000,-2.409722,-2.064929,1.874640,1
4.824000,-0.076699,0.000000,-2.409722,-2.064929,1.868504,1
4.825000,-0.079767,-0.003068,-2.409722,-2.064929,1.923729,1
4.826000,-0.079767,-0.006136,-2.409722,-2.023860,1.902952,1
4.827000,-0.082835,-0.006136,-2.402887,-2.023860,1.903653,1
4.828000,-0.085903,-0.006136,-2.402887,-2.023860,1.897519,1
4.829000,-0.085903,-0.009204,-2.402887,-2.023860,1.958881,1
4.830000,-0.088971,-0.009204,-2.402887,-2.023860,1.952748,1
4.831000,-0.092039,-0.009204,-2.402887,-2.023860,1.946614,1
4.832000,-0.095107,-0.012272,-2.282763,-2.001760,2.077766,1
4.833000,-0.095107,-0.012272,-2.282763,-1.721069,1.516388,1
4.834000,-0.098175,-0.012272,-2.282763,-1.509370,1.086856,1
4.835000,-0.098175,-0.015340,-2.282763,-1.343433,0.816346,1
4.836000,-0.101243,-0.015340,-2.282763,-1.211473,0.546294,1
4.837000,-0.101243,-0.015340,-2.282763,-1.102939,0.000000,1
4.838000,-0.104311,-0.018408,-2.038762,-1.054450,0.531483,1
4.839000,-0.104311,-0.018408,-1.749223,-1.054450,0.821027,1
4.840000,-0.107379,-0.018408,-1.820167,-1.054450,0.743952,1
4.841000,-0.107379,-0.018408,-1.820167,-1.054450,0.743958,1
4.842000,-0.110447,-0.018408,-1.820167,-1.054450,0.737828,1
4.843000,-0.110447,-0.018408,-1.820167,-1.054450,0.737833,1
4.844000,-0.110447,-0.018408,-1.820167,-1.054450,0.737839,1
4.845000,-0.113515,-0.018408,-1.820167,-1.054450,0.731708,1
4.846000,-0.113515,-0.018408,-1.820167,-1.054450,0.731714,1
4.847000,-0.116583,-0.018408,-1.682400,-1.054450,0.863351,1
4.848000,-0.116583,-0.021476,-1.480037,-1.054450,1.127080,1
4.849000,-0.119651,-0.021476,-1.440773,-1.054450,1.160214,1
4.850000,-0.119651,-0.021476,-1.440773,-1.054450,1.160220,1
4.851000,-0.119651,-0.021476,-1.440773,-1.054450,1.160226,1
4.852000,-0.119651,-0.021476,-1.440773,-1.054450,1.160233,1
4.853000,-0.119651,-0.021476,-1.440773,-1.054450,1.160239,1
4.854000,-0.119651,-0.021476,-1.440773,-1.054450,1.160246,1
4.855000,-0.122718,-0.021476,-1.440773,-0.743838,0.532894,1
4.856000,-0.122718,-0.021476,-1.440773,-0.743838,0.532900,1
4.857000,-0.125786,-0.021476,-1.440773,-0.629460,0.000000,1
4.858000,-0.125786,-0.021476,-1.354270,-0.598612,0.000000,1
4.859000,-0.128854,-0.021476,-1.219955,-0.570832,0.000000,1
4.860000,-0.128854,-0.021476,-1.219955,-0.570832,0.000000,1
4.861000,-0.128854,-0.021476,-1.017722,-0.522272,0.500578,1
4.862000,-0.128854,-0.021476,-0.939668,-0.500919,0.535933,1
4.863000,-0.131922,-0.021476,-1.124420,-0.481264,0.000000,1
4.864000,-0.131922,-0.021476,-1.124420,-0.463103,0.000000,1
4.865000,-0.131922,-0.021476,-1.124420,-0.446274,0.000000,1
4.866000,-0.131922,-0.021476,-1.124420,-0.446274,0.000000,1
4.867000,-0.131922,-0.021476,-1.124420,-0.446274,0.000000,1
4.868000,-0.131922,-0.021476,-1.124420,-0.446274,0.000000,1
4.869000,-0.131922,-0.021476,-1.124420,-0.446274,0.000000,1
4.870000,-0.131922,-0.021476,-1.124420,-0.430701,0.000000,1
4.871000,-0.138058,-0.021476,-1.124420,-0.366321,-0.536365,1
4.872000,-0.138058,-0.021476,-1.124420,-0.355720,-0.557560,1
4.873000,-0.138058,-0.021476,-1.124420,-0.345696,-0.577601,1
4.874000,-0.138058,-0.021476,-1.124420,-0.345696,-0.577595,1
4.875000,-0.138058,-0.021476,-1.124420,-0.345696,-0.577588,1
4.876000,-0.138058,-0.021476,-1.124420,-0.345696,-0.577582,1
4.877000,-0.138058,-0.021476,-1.124420,-0.345696,-0.577575,1
4.878000,-0.138058,-0.021476,-1.124420,-0.345696,-0.577569,1
4.879000,-0.141126,-0.021476,-1.044085,-0.336207,-0.522342,1
4.880000,-0.141126,-0.021476,-1.044085,-0.336207,-0.522336,1
4.881000,-0.141126,-0.021476,-1.044085,-0.336207,-0.522329,1
4.882000,-0.144194,-0.021476,-0.821021,-0.303026,0.000000,1
4.883000,-0.147262,-0.021476,-0.821021,-0.282115,0.000000,1
4.884000,-0.147262,-0.021476,-0.821021,-0.282115,0.000000,1
4.885000,-0.147262,-0.021476,-0.821021,-0.282115,0.000000,1
4.886000,-0.147262,-0.021476,-0.821021,-0.275820,0.000000,1
4.887000,-0.147262,-0.021476,-0.821021,-0.275820,0.000000,1
4.888000,-0.147262,-0.021476,-0.821021,-0.275820,0.000000,1
4.889000,-0.150330,-0.021476,-0.821021,-0.258374,-0.473288,1
4.890000,-0.150330,-0.021476,-0.821021,-0.258374,-0.473281,1
4.891000,-0.150330,-0.021476,-0.821021,-0.258374,-0.473275,1
4.892000,-0.156466,-0.021476,-0.921276,-0.225168,-0.652207,1
4.893000,-0.159534,-0.021476,-0.921276,-0.221124,-0.666425,1
4.894000,-0.159534,-0.021476,-0.921276,-0.217217,-0.674231,1
4.895000,-0.159534,-0.021476,-0.921276,-0.213452,-0.681755,1
4.896000,-0.162602,-0.021476,-0.921276,-0.209809,-0.695171,1
4.897000,-0.162602,-0.021476,-0.921276,-0.206265,-0.702252,1
4.898000,-0.165670,-0.024544,-0.921276,-0.202839,-0.653874,1
4.899000,-0.165670,-0.024544,-0.921276,-0.199544,-0.660457,1
4.900000,-0.165670,-0.024544,-0.921276,-0.196354,-0.666829,1
4.901000,-0.168738,-0.024544,-1.034707,-0.193275,-0.792548,1
4.902000,-0.168738,-0.024544,-1.034707,-0.193275,-0.792540,1
4.903000,-0.168738,-0.024544,-1.034707,-0.193275,-0.792533,1
4.904000,-0.168738,-0.024544,-1.034707,-0.190272,-0.798531,1
4.905000,-0.171806,-0.024544,-1.034707,-0.181821,-0.821561,1
4.906000,-0.171806,-0.024544,-1.034707,-0.181821,-0.821553,1
4.907000,-0.171806,-0.024544,-1.034707,-0.181821,-0.821546,1
4.908000,-0.171806,-0.024544,-1.034707,-0.181821,-0.821538,1
4.909000,-0.174874,-0.024544,-1.034707,-0.179155,-0.833000,1
4.910000,-0.174874,-0.024544,-1.034707,-0.179155,-0.832992,1
4.911000,-0.181010,-0.027612,-1.233351,-0.166964,-1.006924,1
4.912000,-0.184078,-0.030680,-1.233351,-0.166704,-0.952209,1
4.913000,-0.184078,-0.030680,-1.233351,-0.166704,-0.952200,1
4.914000,-0.187146,-0.030680,-1.233351,-0.166704,-0.958327,1
4.915000,-0.187146,-0.030680,-1.233351,-0.166704,-0.958318,1
4.916000,-0.187146,-0.030680,-1.233351,-0.166704,-0.958308,1
4.917000,-0.187146,-0.030680,-1.233351,-0.166704,-0.958299,1
4.918000,-0.187146,-0.030680,-1.233351,-0.166704,-0.958290,1
4.919000,-0.187146,-0.030680,-1.233351,-0.166704,-0.958281,1
4.920000,-0.187146,-0.030680,-1.233351,-0.166704,-0.958272,1
4.921000,-0.187146,-0.030680,-1.233351,-0.166704,-0.958262,1
4.922000,-0.187146,-0.030680,-1.233351,-0.166704,-0.958253,1
4.923000,-0.187146,-0.030680,-1.233351,-0.166704,-0.958244,1
4.924000,-0.202485,-0.039884,-1.440762,-0.166704,-1.012244,1
4.925000,-0.205553,-0.042951,-1.644612,-0.921370,0.948473,1
4.926000,-0.211689,-0.049087,-1.644612,-0.921370,1.058934,1
4.927000,-0.211689,-0.049087,-1.644612,-0.921370,1.058949,1
4.928000,-0.214757,-0.049087,-1.644612,-0.921370,1.052828,1
4.929000,-0.214757,-0.049087,-1.644612,-0.921370,1.052843,1
4.930000,-0.214757,-0.049087,-1.644612,-0.921370,1.052857,1
4.931000,-0.214757,-0.049087,-1.644612,-0.921370,1.052872,1
4.932000,-0.220893,-0.055223,-1.770691,-1.308981,1.812479,1
4.933000,-0.220893,-0.055223,-1.770691,-1.308981,1.812496,1
4.934000,-0.220893,-0.055223,-1.770691,-1.308981,1.812512,1
4.935000,-0.220893,-0.055223,-1.770691,-1.308981,1.812529,1
4.936000,-0.227029,-0.058291,-1.658516,-1.308981,1.973808,1
4.937000,-0.227029,-0.058291,-1.658516,-1.308981,1.973826,1
4.938000,-0.230097,-0.061359,-1.604434,-1.308981,2.083150,1
4.939000,-0.230097,-0.061359,-1.604434,-1.308981,2.083168,1
4.940000,-0.230097,-0.061359,-1.604434,-1.308981,2.083187,1
4.941000,-0.230097,-0.061359,-1.604434,-1.308981,2.083205,1
4.942000,-0.230097,-0.061359,-1.604434,-1.308981,2.083224,1
4.943000,-0.233165,-0.061359,-1.604434,-1.097310,1.653764,1
4.944000,-0.233165,-0.061359,-1.604434,-1.097310,1.653782,1
4.945000,-0.233165,-0.061359,-1.604434,-1.097310,1.653801,1
4.946000,-0.233165,-0.061359,-1.604434,-1.006924,1.473047,1
4.947000,-0.233165,-0.061359,-1.604434,-0.930583,1.320383,1
4.948000,-0.233165,-0.061359,-1.310715,-0.758400,1.269753,1
4.949000,-0.233165,-0.061359,-1.310715,-0.758400,1.269772,1
4.950000,-0.233165,-0.061359,-1.310715,-0.758400,1.269790,1
4.951000,-0.236233,-0.058291,-1.183315,-0.727563,1.268039,1
4.952000,-0.236233,-0.058291,-1.079180,-0.727563,1.372192,1
4.953000,-0.236233,-0.058291,-0.798696,-0.727563,1.652693,1
4.954000,-0.236233,-0.055223,-0.668255,-0.727563,1.721791,1
4.955000,-0.236233,-0.055223,-0.668255,-0.727563,1.721808,1
4.956000,-0.236233,-0.055223,-0.668255,-0.727563,1.721825,1
4.957000,-0.236233,-0.055223,-0.668255,-0.727563,1.721841,1
4.958000,-0.236233,-0.055223,-0.668255,-0.727563,1.721858,1
4.959000,-0.236233,-0.055223,-0.668255,-0.727563,1.721874,1
4.960000,-0.236233,-0.055223,-0.633545,-0.727563,1.756601,1
4.961000,-0.236233,-0.052155,-0.525224,-0.727563,1.803578,1
4.962000,-0.233165,-0.049087,-0.845002,-0.727563,1.428592,1
4.963000,-0.233165,-0.049087,-0.845002,-0.727563,1.428607,1
4.964000,-0.233165,-0.049087,-0.845002,-0.727563,1.428621,1
4.965000,-0.233165,-0.049087,-0.845002,-0.727563,1.428636,1
4.966000,-0.233165,-0.046019,-0.845002,0.709493,-2.106821,1
4.967000,-0.230097,-0.036816,-0.845002,0.709493,-2.284751,1
4.968000,-0.230097,-0.033748,-0.845002,1.891464,-4.710044,1
4.969000,-0.230097,-0.033748,-0.845002,1.891464,-4.710034,1
4.970000,-0.230097,-0.030680,-0.845002,1.891464,-4.771384,1
4.971000,-0.230097,-0.030680,-0.845002,1.891464,-4.771375,1
4.972000,-0.230097,-0.030680,-0.845002,1.891464,-4.771365,1
4.973000,-0.230097,-0.030680,-0.845002,1.891464,-4.771356,1
4.974000,-0.230097,-0.030680,-0.845002,1.891464,-4.771347,1
4.975000,-0.230097,-0.030680,-0.845002,1.891464,-4.771338,1
4.976000,-0.230097,-0.030680,-0.845002,1.891464,-4.771329,1
4.977000,-0.230097,-0.030680,-0.845002,1.891464,-4.771319,1
4.978000,-0.230097,-0.030680,-0.845002,1.891464,-4.771310,1
4.979000,-0.230097,-0.030680,-0.845002,1.891464,-4.771301,1
4.980000,-0.230097,-0.030680,-0.845002,1.891464,-4.771292,1
4.981000,-0.230097,-0.030680,-0.845002,1.891464,-4.771282,1
4.982000,-0.230097,-0.030680,-0.845002,1.891464,-4.771273,1
4.983000,-0.230097,-0.030680,-0.845002,1.891464,-4.771264,1
4.984000,-0.230097,-0.030680,-0.845002,1.891464,-4.771255,1
4.985000,-0.230097,-0.030680,-0.845002,1.891464,-4.771246,1
4.986000,-0.230097,-0.030680,-0.845002,1.891464,-4.771236,1
4.987000,-0.230097,-0.030680,0.745161,1.878508,-3.155151,1
4.988000,-0.230097,-0.030680,0.745161,1.878508,-3.155142,1
4.989000,-0.230097,-0.030680,0.745161,1.878508,-3.155133,1
4.990000,-0.239301,-0.033748,-0.571631,-1.064139,2.056331,1
4.991000,-0.239301,-0.033748,-0.571631,-1.064139,2.056341,1
4.992000,-0.239301,-0.033748,-0.571631,-1.064139,2.056351,1
4.993000,-0.245437,-0.039884,-0.364604,-0.844626,1.934811,1
4.994000,-0.245437,-0.039884,-0.364604,-0.844626,1.934823,1
4.995000,-0.245437,-0.039884,-0.364604,-0.844626,1.934835,1
4.996000,-0.245437,-0.039884,-0.364604,-0.844626,1.934847,1
4.997000,-0.245437,-0.039884,-0.364604,-0.844626,1.934859,1
4.998000,-0.245437,-0.039884,-0.364604,-0.844626,1.934871,1
4.999000,-0.254641,-0.046019,-0.364604,-0.797289,1.944520,1
5.000000,-0.254641,-0.046019,-0.364604,-0.797289,1.944534,1
5.001000,-0.254641,-0.046019,-0.364604,-0.797289,1.944548,1
5.002000,-0.279185,-0.073631,-2.344584,-2.422307,3.717772,1
5.003000,-0.282252,-0.076699,-2.513936,-2.422307,3.603667,1
5.004000,-0.285320,-0.076699,-2.513936,-2.417635,3.588209,1
5.005000,-0.285320,-0.079767,-2.513936,-2.363967,3.542257,1
5.006000,-0.288388,-0.082835,-2.513936,-2.363967,3.597505,1
5.007000,-0.288388,-0.082835,-2.513936,-2.363967,3.597530,1
5.008000,-0.291456,-0.082835,-2.082165,-2.363967,4.023190,1
5.009000,-0.291456,-0.085903,-1.781020,-2.363967,4.385720,1
5.010000,-0.291456,-0.085903,-1.554746,-2.080900,4.045885,1
5.011000,-0.291456,-0.088971,-1.379688,-1.778818,3.678166,1
5.012000,-0.294524,-0.088971,-1.957553,-1.553811,2.644176,1
5.013000,-0.294524,-0.088971,-1.957553,-1.380059,2.296699,1
5.014000,-0.294524,-0.088971,-1.957553,-1.239422,2.015452,1
5.015000,-0.294524,-0.088971,-1.957553,-1.125753,1.788140,1
5.016000,-0.294524,-0.088971,-1.957553,-1.031586,1.599833,1
5.017000,-0.294524,-0.088971,-1.957553,-0.951348,1.439384,1
5.018000,-0.294524,-0.088971,-1.804167,-0.883028,1.456157,1
5.019000,-0.294524,-0.088971,-1.574026,-0.824057,1.568383,1
5.020000,-0.294524,-0.088971,-1.393747,-0.771793,1.644159,1
5.021000,-0.294524,-0.088971,-1.393747,-0.771793,1.644186,1
5.022000,-0.294524,-0.088971,-1.393747,-0.771793,1.644213,1
5.023000,-0.294524,-0.088971,-1.393747,-0.771793,1.644240,1
5.024000,-0.294524,-0.088971,-1.393747,-0.771793,1.644266,1
5.025000,-0.294524,-0.088971,-0.959240,-0.617022,1.769260,1
5.026000,-0.294524,-0.088971,-0.959240,-0.617022,1.769286,1
5.027000,-0.294524,-0.085903,-0.889296,0.587310,-1.230768,1
5.028000,-0.294524,-0.085903,-0.889296,0.587310,-1.230742,1
5.029000,-0.294524,-0.085903,-0.776550,0.535923,-1.015196,1
5.030000,-0.294524,-0.085903,-0.776550,0.535923,-1.015170,1
5.031000,-0.294524,-0.085903,-0.776550,0.535923,-1.015145,1
5.032000,-0.294524,-0.079767,-0.590000,0.479150,-0.837743,1
5.033000,-0.294524,-0.079767,-0.562784,0.479150,-0.810504,1
5.034000,-0.294524,-0.079767,-0.562784,0.479150,-0.810480,1
5.035000,-0.294524,-0.079767,-0.562784,0.479150,-0.810456,1
5.036000,-0.294524,-0.079767,-0.562784,0.479150,-0.810432,1
5.037000,-0.294524,-0.079767,-0.562784,0.479150,-0.810408,1
5.038000,-0.294524,-0.079767,-0.562784,0.479150,-0.810384,1
5.039000,-0.294524,-0.079767,-0.538310,0.479150,-0.785887,1
5.040000,-0.294524,-0.079767,-0.538310,0.479150,-0.785863,1
5.041000,-0.294524,-0.079767,-0.538310,0.479150,-0.785839,1
5.042000,-0.294524,-0.079767,-0.457892,0.479150,-0.705397,1
5.043000,-0.294524,-0.079767,-0.457892,0.479150,-0.705373,1
5.044000,-0.294524,-0.079767,-0.457892,0.479150,-0.705349,1
5.045000,-0.294524,-0.079767,-0.457892,0.479150,-0.705325,1
5.046000,-0.294524,-0.079767,-0.457892,0.479150,-0.705301,1
5.047000,-0.294524,-0.079767,-0.342753,0.721124,-1.074087,1
5.048000,-0.297592,-0.079767,-0.333435,0.721124,-1.070880,1
5.049000,-0.297592,-0.079767,-0.324618,0.721124,-1.062040,1
5.050000,-0.297592,-0.079767,-0.324618,0.721124,-1.062016,1
5.051000,-0.297592,-0.079767,-0.324618,0.721124,-1.061992,1
5.052000,-0.297592,-0.079767,-0.316282,0.721124,-1.053631,1
5.053000,-0.303728,-0.085903,-0.256708,0.721124,-0.883586,1
5.054000,-0.303728,-0.085903,-0.251447,0.721124,-0.878299,1
5.055000,-0.303728,-0.085903,-0.246518,0.721124,-0.873344,1
5.056000,-0.303728,-0.085903,-0.246518,0.721124,-0.873318,1
5.057000,-0.303728,-0.088971,-0.241560,0.721124,-0.806975,1
5.058000,-0.303728,-0.088971,-0.241560,0.721124,-0.806948,1
5.059000,-0.303728,-0.088971,-0.241560,0.721124,-0.806921,1
5.060000,-0.303728,-0.088971,-0.241560,0.721124,-0.806895,1
5.061000,-0.303728,-0.088971,-0.241560,0.721124,-0.806868,1
5.062000,-0.303728,-0.088971,-0.241560,0.721124,-0.806841,1
5.063000,-0.303728,-0.088971,-0.241560,0.721124,-0.806814,1
5.064000,-0.306796,-0.088971,-0.255493,-0.711045,2.637483,1
5.065000,-0.306796,-0.092039,-0.255493,-0.699868,2.676516,1
5.066000,-0.306796,-0.095107,-0.255493,-0.699868,2.737904,1
5.067000,-0.306796,-0.095107,-0.255493,-0.699868,2.737932,1
5.068000,-0.309864,-0.098175,-0.255493,-0.699868,2.793185,1
5.069000,-0.309864,-0.098175,-0.255493,-0.699868,2.793214,1
5.070000,-0.309864,-0.101243,-0.255493,-0.699868,2.854604,1
5.071000,-0.309864,-0.101243,-0.255493,-0.699868,2.854634,1
5.072000,-0.309864,-0.101243,-0.255493,-0.699868,2.854665,1
5.073000,-0.309864,-0.101243,-0.255493,-0.699868,2.854695,1
5.074000,-0.309864,-0.101243,-0.255493,-0.699868,2.854725,1
5.075000,-0.309864,-0.101243,-0.255493,-0.699868,2.854756,1
5.076000,-0.309864,-0.101243,-0.255493,-0.699868,2.854786,1
5.077000,-0.309864,-0.101243,-0.255493,-0.699868,2.854816,1
5.078000,-0.309864,-0.101243,-0.255493,-0.699868,2.854847,1
5.079000,-0.309864,-0.101243,-0.255493,-0.699868,2.854877,1
5.080000,-0.309864,-0.101243,-0.255493,-0.699868,2.854908,1
5.081000,-0.309864,-0.101243,-0.255493,-0.699868,2.854938,1
5.082000,-0.309864,-0.101243,-0.255493,-0.699868,2.854968,1
5.083000,-0.309864,-0.101243,-0.255493,-0.699868,2.854999,1
5.084000,-0.309864,-0.101243,-0.255493,-0.699868,2.855029,1
5.085000,-0.303728,-0.101243,-0.255493,-0.902417,3.272430,1
5.086000,-0.300660,-0.101243,-0.255493,-0.902417,3.278596,1
5.087000,-0.300660,-0.101243,-0.255493,-0.902417,3.278626,1
5.088000,-0.300660,-0.101243,-0.255493,-0.902417,3.278657,1
5.089000,-0.300660,-0.098175,-0.255493,-0.902417,3.217327,1
5.090000,-0.300660,-0.098175,-0.255493,-0.902417,3.217356,1
5.091000,-0.300660,-0.098175,-0.255493,-0.902417,3.217386,1
5.092000,-0.300660,-0.098175,-0.255493,-0.902417,3.217415,1
5.093000,-0.300660,-0.098175,-0.255493,-0.902417,3.217445,1
5.094000,-0.300660,-0.098175,-0.255493,-0.902417,3.217474,1
5.095000,-0.297592,-0.098175,0.446250,-0.902417,3.925382,1
5.096000,-0.297592,-0.098175,0.446250,-0.902417,3.925412,1
5.097000,-0.297592,-0.098175,0.446250,-0.902417,3.925441,1
5.098000,-0.297592,-0.098175,0.446250,-0.902417,3.925471,1
5.099000,-0.297592,-0.098175,0.446250,-0.902417,3.925500,1
5.100000,-0.297592,-0.098175,0.446250,-0.902417,3.925530,1
5.101000,-0.285320,-0.088971,1.352988,1.140877,0.586172,1
5.102000,-0.285320,-0.088971,1.352988,1.140877,0.586198,1
5.103000,-0.263845,-0.067495,2.119281,2.485116,-2.322528,1
5.104000,-0.257709,-0.061359,2.729124,2.485116,-1.823114,1
5.105000,-0.254641,-0.055223,2.729124,3.341197,-3.651843,1
5.106000,-0.254641,-0.055223,2.729124,3.341197,-3.651827,1
5.107000,-0.254641,-0.055223,2.729124,3.341197,-3.651810,1
5.108000,-0.248505,-0.046019,2.934591,3.465617,-3.866975,1
5.109000,-0.245437,-0.046019,2.934591,3.465617,-3.860825,1
5.110000,-0.245437,-0.046019,2.934591,3.465617,-3.860811,1
5.111000,-0.245437,-0.046019,2.934591,3.465617,-3.860798,1
5.112000,-0.245437,-0.046019,2.934591,3.465617,-3.860784,1
5.113000,-0.245437,-0.046019,2.934591,3.465617,-3.860770,1
5.114000,-0.242369,-0.039884,2.934591,3.465617,-3.977341,1
5.115000,-0.242369,-0.039884,2.934591,3.465617,-3.977329,1
5.116000,-0.242369,-0.039884,2.934591,3.465617,-3.977317,1
5.117000,-0.230097,-0.030680,2.356993,2.431607,-2.646419,1
5.118000,-0.227029,-0.030680,1.977673,2.372511,-2.901402,1
5.119000,-0.227029,-0.030680,1.977673,2.372511,-2.901392,1
5.120000,-0.227029,-0.027612,1.703125,1.988050,-2.468369,1
5.121000,-0.227029,-0.027612,1.703125,1.988050,-2.468361,1
5.122000,-0.227029,-0.027612,1.703125,1.988050,-2.468353,1
5.123000,-0.223961,-0.027612,1.954042,1.206449,-0.648089,1
5.124000,-0.223961,-0.027612,1.954042,1.098464,0.000000,1
5.125000,-0.223961,-0.027612,1.954042,1.098464,0.000000,1
5.126000,-0.223961,-0.027612,1.954042,1.098464,0.000000,1
5.127000,-0.223961,-0.027612,1.954042,1.098464,0.000000,1
5.128000,-0.220893,-0.030680,1.682061,1.012546,-0.464728,1
5.129000,-0.217825,-0.030680,1.086236,1.012546,-1.054407,1
5.130000,-0.217825,-0.030680,1.086236,1.012546,-1.054397,1
5.131000,-0.217825,-0.030680,1.086236,1.012546,-1.054388,1
5.132000,-0.217825,-0.030680,1.086236,1.012546,-1.054379,1
5.133000,-0.217825,-0.030680,1.086236,1.012546,-1.054370,1
5.134000,-0.217825,-0.030680,1.086236,1.012546,-1.054361,1
5.135000,-0.217825,-0.030680,1.086236,1.012546,-1.054351,1
5.136000,-0.217825,-0.033748,0.802070,1.012546,-1.277149,1
5.137000,-0.217825,-0.033748,0.753001,1.012546,-1.326207,1
5.138000,-0.217825,-0.033748,0.753001,1.012546,-1.326197,1
5.139000,-0.217825,-0.033748,0.753001,1.012546,-1.326187,1
5.140000,-0.217825,-0.033748,0.753001,1.012546,-1.326177,1
5.141000,-0.217825,-0.033748,0.709388,-0.940074,3.135461,1
5.142000,-0.217825,-0.033748,0.709388,-0.940074,3.135471,1
5.143000,-0.217825,-0.033748,0.709388,-0.940074,3.135481,1
5.144000,-0.217825,-0.033748,0.635937,-0.815285,2.812462,1
5.145000,-0.217825,-0.033748,0.635937,-0.815285,2.812472,1
5.146000,-0.217825,-0.033748,0.635937,-0.815285,2.812482,1
5.147000,-0.217825,-0.036816,0.550420,-0.679868,2.517500,1
5.148000,-0.217825,-0.036816,0.550420,-0.679868,2.517511,1
5.149000,-0.217825,-0.036816,0.550420,-0.679868,2.517522,1
5.150000,-0.214757,-0.046019,0.418870,-0.611278,2.439021,1
5.151000,-0.211689,-0.046019,0.405049,-0.611278,2.431349,1
5.152000,-0.211689,-0.042951,0.773637,-0.611278,2.738591,1
5.153000,-0.211689,-0.046019,0.773637,-0.611278,2.799964,1
5.154000,-0.211689,-0.046019,0.773637,-0.611278,2.799977,1
5.155000,-0.208621,-0.046019,0.773637,-0.611278,2.806127,1
5.156000,-0.208621,-0.046019,0.773637,-0.611278,2.806141,1
5.157000,-0.208621,-0.042951,0.773637,-0.611278,2.744795,1
5.158000,-0.205553,-0.042951,0.773637,-0.611278,2.750943,1
5.159000,-0.205553,-0.042951,0.773637,-0.611278,2.750956,1
5.160000,-0.202485,-0.042951,0.773637,-0.611278,2.757105,1
5.161000,-0.202485,-0.042951,0.773637,-0.611278,2.757118,1
5.162000,-0.199418,-0.039884,0.470372,-0.611278,2.398642,1
5.163000,-0.199418,-0.039884,0.470372,-0.611278,2.398654,1
5.164000,-0.196350,-0.036816,0.470372,-0.611278,2.343442,1
5.165000,-0.196350,-0.036816,0.470372,-0.611278,2.343453,1
5.166000,-0.193282,-0.036816,0.470372,0.585106,-0.643168,1
5.167000,-0.190214,-0.033748,0.470372,0.582806,-0.693782,1
5.168000,-0.190214,-0.030680,0.470372,0.582806,-0.755132,1
5.169000,-0.187146,-0.030680,1.591848,0.582806,0.972489,1
5.170000,-0.187146,-0.027612,1.591848,0.582806,0.911138,1
5.171000,-0.184078,-0.024544,1.591848,0.582806,0.855922,1
5.172000,-0.181010,-0.024544,1.591848,0.582806,0.862066,1
5.173000,-0.177942,-0.021476,1.591848,1.902083,-2.431705,1
5.174000,-0.177942,-0.021476,1.591848,1.902083,-2.431699,1
5.175000,-0.177942,-0.021476,1.591848,1.902083,-2.431693,1
5.176000,-0.177942,-0.021476,1.591848,1.902083,-2.431686,1
5.177000,-0.177942,-0.021476,1.591848,1.902083,-2.431680,1
5.178000,-0.177942,-0.021476,1.591848,1.902083,-2.431673,1
5.179000,-0.177942,-0.021476,1.591848,1.902083,-2.431667,1
5.180000,-0.177942,-0.021476,1.591848,1.902083,-2.431660,1
5.181000,-0.177942,-0.021476,1.591848,1.902083,-2.431654,1
5.182000,-0.177942,-0.021476,1.591848,1.902083,-2.431647,1
5.183000,-0.168738,-0.012272,1.925977,1.898524,-2.256065,1
5.184000,-0.168738,-0.012272,1.925977,1.898524,-2.256061,1
5.185000,-0.168738,-0.012272,1.925977,1.898524,-2.256058,1
5.186000,-0.165670,-0.012272,1.688331,1.296580,-1.283678,1
5.187000,-0.162602,-0.009204,1.747390,1.285262,-1.257204,1
5.188000,-0.162602,-0.009204,1.747390,1.285262,-1.257201,1
5.189000,-0.162602,-0.009204,1.747390,1.285262,-1.257198,1
5.190000,-0.162602,-0.009204,1.747390,1.285262,-1.257195,1
5.191000,-0.162602,-0.009204,1.747390,1.285262,-1.257193,1
5.192000,-0.156466,-0.009204,1.390720,1.236732,-1.504526,1
5.193000,-0.156466,-0.009204,1.249020,1.123395,-1.419551,1
5.194000,-0.156466,-0.009204,1.249020,1.123395,-1.419548,1
5.195000,-0.156466,-0.009204,1.249020,1.123395,-1.419546,1
5.196000,-0.156466,-0.009204,1.249020,1.123395,-1.419543,1
5.197000,-0.156466,-0.009204,1.133656,1.029196,-1.346505,1
5.198000,-0.156466,-0.009204,1.133656,1.029196,-1.346502,1
5.199000,-0.156466,-0.009204,1.133656,1.029196,-1.346499,1
5.200000,-0.156466,-0.009204,1.133656,1.029196,-1.346496,1
5.201000,-0.156466,-0.009204,1.133656,1.029196,-1.346494,1
5.202000,-0.156466,-0.012272,0.957117,-0.881574,2.959869,1
5.203000,-0.156466,-0.012272,0.957117,-0.881574,2.959872,1
5.204000,-0.156466,-0.012272,0.957117,-0.881574,2.959876,1
5.205000,-0.156466,-0.012272,0.957117,-0.881574,2.959880,1
5.206000,-0.156466,-0.012272,0.957117,-0.881574,2.959883,1
5.207000,-0.156466,-0.012272,0.957117,-0.881574,2.959887,1
5.208000,-0.153398,-0.015340,0.688511,-0.648534,2.292702,1
5.209000,-0.153398,-0.021476,0.515167,-0.579232,2.103478,1
5.210000,-0.153398,-0.027612,0.457569,-0.579232,2.168607,1
5.211000,-0.153398,-0.027612,0.441034,-1.803935,4.601488,1
5.212000,-0.153398,-0.027612,0.441034,-1.803935,4.601496,1
5.213000,-0.153398,-0.027612,0.441034,-1.803935,4.601504,1
5.214000,-0.153398,-0.027612,0.441034,-1.803935,4.601513,1
5.215000,-0.153398,-0.027612,0.441034,-1.803935,4.601521,1
5.216000,-0.153398,-0.027612,0.425736,-1.803935,4.586231,1
5.217000,-0.153398,-0.027612,0.425736,-1.803935,4.586239,1
5.218000,-0.153398,-0.027612,0.425736,-1.803935,4.586247,1
5.219000,-0.153398,-0.027612,0.425736,-1.803935,4.586256,1
5.220000,-0.153398,-0.027612,0.425736,-1.803935,4.586264,1
5.221000,-0.144194,-0.030680,0.976466,1.417297,-1.825695,1
5.222000,-0.141126,-0.027612,0.976466,1.271019,-1.588353,1
5.223000,-0.141126,-0.027612,0.976466,1.271019,-1.588345,1
5.224000,-0.141126,-0.027612,0.976466,1.271019,-1.588337,1
5.225000,-0.141126,-0.027612,0.976466,1.271019,-1.588328,1
5.226000,-0.141126,-0.024544,0.976466,1.151129,-1.409900,1
5.227000,-0.141126,-0.024544,0.976466,1.151129,-1.409892,1
5.228000,-0.138058,-0.024544,0.426892,1.100914,-1.852894,1
5.229000,-0.138058,-0.024544,0.426892,1.100914,-1.852887,1
5.230000,-0.138058,-0.024544,0.426892,1.100914,-1.852880,1
5.231000,-0.128854,-0.015340,0.426892,2.119053,-4.054822,1
5.232000,-0.128854,-0.018408,0.426892,1.899168,-3.553688,1
5.233000,-0.128854,-0.018408,0.426892,1.899168,-3.553683,1
5.234000,-0.125786,-0.015340,1.482448,1.899168,-2.553346,1
5.235000,-0.125786,-0.018408,1.482448,2.847957,-4.389558,1
5.236000,-0.125786,-0.018408,1.482448,2.847957,-4.389553,1
5.237000,-0.125786,-0.018408,1.482448,2.847957,-4.389547,1
5.238000,-0.125786,-0.018408,1.482448,2.847957,-4.389542,1
5.239000,-0.125786,-0.018408,1.482448,2.847957,-4.389536,1
5.240000,-0.125786,-0.018408,1.482448,2.847957,-4.389531,1
5.241000,-0.125786,-0.018408,1.482448,-2.444158,6.000000,1
5.242000,-0.122718,-0.027612,1.185961,-1.530436,4.860997,1
5.243000,-0.122718,-0.027612,1.185961,-1.530436,4.861005,1
5.244000,-0.122718,-0.027612,1.185961,-1.530436,4.861013,1
5.245000,-0.122718,-0.027612,1.185961,-1.530436,4.861021,1
5.246000,-0.122718,-0.027612,1.185961,-1.530436,4.861030,1
5.247000,-0.122718,-0.027612,1.185961,-1.530436,4.861038,1
5.248000,-0.119651,-0.027612,0.855371,-1.021143,3.518006,1
5.249000,-0.116583,-0.027612,0.799212,-0.942114,3.309933,1
5.250000,-0.116583,-0.024544,0.750523,0.875185,-1.034707,1
5.251000,-0.113515,-0.021476,0.686891,0.817578,-1.038341,1
5.252000,-0.113515,-0.018408,0.686891,0.817578,-1.099695,1
5.253000,-0.113515,-0.018408,0.686891,0.817578,-1.099690,1
5.254000,-0.110447,-0.018408,0.686891,0.817578,-1.093548,1
5.255000,-0.110447,-0.018408,0.686891,0.817578,-1.093543,1
5.256000,-0.107379,-0.018408,0.686891,0.817578,-1.087401,1
5.257000,-0.107379,-0.018408,0.686891,0.817578,-1.087396,1
5.258000,-0.104311,-0.015340,0.686891,0.817578,-1.142614,1
5.259000,-0.104311,-0.015340,0.686891,0.817578,-1.142610,1
5.260000,-0.101243,-0.012272,0.686891,0.817578,-1.197829,1
5.261000,-0.101243,-0.012272,1.282414,0.817578,-0.602302,1
5.262000,-0.101243,-0.012272,1.282414,0.817578,-0.602299,1
5.263000,-0.098175,-0.012272,1.282414,0.817578,-0.596159,1
5.264000,-0.098175,-0.012272,1.282414,0.817578,-0.596155,1
5.265000,-0.098175,-0.012272,1.282414,0.817578,-0.596152,1
5.266000,-0.098175,-0.012272,1.282414,0.817578,-0.596148,1
5.267000,-0.098175,-0.012272,1.282414,0.817578,-0.596144,1
5.268000,-0.098175,-0.012272,1.282414,0.817578,-0.596141,1
5.269000,-0.098175,-0.012272,1.282414,0.817578,-0.596137,1
5.270000,-0.098175,-0.012272,1.282414,0.817578,-0.596133,1
5.271000,-0.088971,-0.012272,1.301805,0.613165,0.450496,1
5.272000,-0.088971,-0.012272,1.301805,0.584158,0.508513,1
5.273000,-0.088971,-0.012272,1.301805,0.557466,0.561900,1
5.274000,-0.085903,-0.012272,1.301805,0.533322,0.616329,1
5.275000,-0.085903,-0.012272,1.301805,0.511083,0.660811,1
5.276000,-0.085903,-0.012272,1.301805,0.511083,0.660815,1
5.277000,-0.085903,-0.012272,1.301805,0.511083,0.660818,1
5.278000,-0.085903,-0.012272,1.301805,0.511083,0.660822,1
5.279000,-0.085903,-0.012272,1.301805,0.511083,0.660826,1
5.280000,-0.085903,-0.012272,1.301805,0.511083,0.660829,1
5.281000,-0.079767,-0.012272,1.154772,0.408866,0.730505,1
5.282000,-0.076699,-0.012272,1.071916,0.395695,0.680130,1
5.283000,-0.076699,-0.012272,1.071916,0.383331,0.704861,1
5.284000,-0.076699,-0.012272,1.071916,0.371758,0.728012,1
5.285000,-0.070563,-0.009204,1.071916,0.360260,0.701923,1
5.286000,-0.070563,-0.009204,1.071916,0.360260,0.701926,1
5.287000,-0.070563,-0.009204,1.071916,0.360260,0.701929,1
5.288000,-0.070563,-0.009204,1.071916,0.360260,0.701931,1
5.289000,-0.070563,-0.009204,1.071916,0.360260,0.701934,1
5.290000,-0.067495,-0.009204,1.071916,0.360260,0.708073,1
5.291000,-0.067495,-0.009204,1.071916,0.360260,0.708075,1
5.292000,-0.064427,-0.009204,1.164028,0.360260,0.806326,1
5.293000,-0.064427,-0.009204,1.164028,0.360260,0.806329,1
5.294000,-0.064427,-0.009204,1.164028,0.360260,0.806332,1
5.295000,-0.064427,-0.009204,1.164028,0.360260,0.806334,1
5.296000,-0.064427,-0.009204,1.164028,0.360260,0.806337,1
5.297000,-0.064427,-0.009204,1.164028,0.360260,0.806340,1
5.298000,-0.058291,-0.006136,1.164028,0.360260,0.757254,1
5.299000,-0.058291,-0.006136,1.164028,0.360260,0.757256,1
5.300000,-0.058291,-0.006136,1.164028,0.360260,0.757258,1
5.301000,-0.058291,-0.006136,1.164028,0.360260,0.757260,1
5.302000,-0.055223,-0.006136,1.164028,0.360260,0.763398,1
5.303000,-0.052155,-0.003068,1.273406,0.360260,0.817553,1
5.304000,-0.052155,-0.003068,1.273406,0.360260,0.817554,1
5.305000,-0.049087,-0.003068,1.273406,0.360260,0.823691,1
5.306000,-0.046019,0.000000,1.273406,0.360260,0.768467,1
5.307000,-0.042951,0.000000,1.273406,0.360260,0.774603,1
5.308000,-0.042951,0.000000,1.273406,0.360260,0.774603,1
5.309000,-0.039884,0.003068,1.475245,0.522278,0.597182,1
5.310000,-0.039884,0.003068,1.475245,0.522278,0.597181,1
5.311000,-0.039884,0.003068,1.475245,0.522278,0.597180,1
5.312000,-0.039884,0.003068,1.475245,0.522278,0.597179,1
5.313000,-0.033748,0.006136,1.475245,0.522278,0.548090,1
5.314000,-0.033748,0.006136,1.475245,0.522278,0.548088,1
5.315000,-0.030680,0.006136,1.475245,0.522278,0.554222,1
5.316000,-0.030680,0.009204,1.475245,0.522278,0.492860,1
5.317000,-0.027612,0.009204,1.602130,0.522278,0.625878,1
5.318000,-0.027612,0.009204,1.602130,0.522278,0.625875,1
5.319000,-0.024544,0.012272,1.602130,0.522278,0.570648,1
5.320000,-0.021476,0.012272,1.602130,0.522278,0.576780,1
5.321000,-0.021476,0.012272,1.602130,0.522278,0.576777,1
5.322000,-0.018408,0.015340,1.602130,0.963686,-0.961266,1
5.323000,-0.018408,0.015340,1.602130,0.963686,-0.961271,1
5.324000,-0.015340,0.018408,1.702036,0.963686,-0.916593,1
5.325000,-0.015340,0.018408,1.702036,0.963686,-0.916599,1
5.326000,-0.012272,0.018408,1.702036,0.963686,-0.910469,1
5.327000,-0.012272,0.021476,1.702036,0.963686,-0.971834,1
5.328000,-0.009204,0.021476,1.702036,0.963686,-0.965705,1
5.329000,-0.006136,0.021476,1.702036,0.963686,-0.959575,1
5.330000,-0.006136,0.021476,1.702036,0.963686,-0.959582,1
5.331000,-0.003068,0.024544,1.691321,0.963686,-1.025528,1
5.332000,-0.003068,0.024544,1.691321,0.963686,-1.025535,1
5.333000,0.000000,0.024544,1.691321,0.963686,-1.019407,1
5.334000,0.000000,0.024544,1.691321,0.963686,-1.019414,1
5.335000,0.000000,0.027612,1.691321,0.927706,-1.008821,1
5.336000,0.003068,0.027612,1.691321,0.927706,-1.002693,1
5.337000,0.012272,0.030680,1.524850,0.927706,-1.212124,1
5.338000,0.012272,0.030680,1.524850,0.927706,-1.212134,1
5.339000,0.012272,0.030680,1.524850,0.927706,-1.212143,1
5.340000,0.012272,0.030680,1.524850,0.927706,-1.212152,1
5.341000,0.012272,0.030680,1.524850,0.927706,-1.212161,1
5.342000,0.012272,0.030680,1.524850,0.927706,-1.212170,1
5.343000,0.012272,0.030680,1.524850,0.927706,-1.212180,1
5.344000,0.012272,0.030680,1.524850,0.927706,-1.212189,1
5.345000,0.012272,0.030680,1.524850,0.927706,-1.212198,1
5.346000,0.015340,0.030680,1.524850,0.927706,-1.206071,1
5.347000,0.015340,0.030680,1.524850,0.927706,-1.206081,1
5.348000,0.015340,0.030680,1.459132,0.909291,-1.234979,1
5.349000,0.015340,0.030680,1.459132,0.909291,-1.234988,1
5.350000,0.015340,0.030680,1.459132,0.909291,-1.234998,1
5.351000,0.018408,0.030680,1.075541,0.743946,-1.281772,1
5.352000,0.018408,0.030680,0.988869,0.701422,-1.283405,1
5.353000,0.021476,0.030680,1.201545,0.663925,-0.989607,1
5.354000,0.021476,0.030680,1.201545,0.629568,-0.920902,1
5.355000,0.021476,0.030680,1.201545,0.598855,-0.859487,1
5.356000,0.021476,0.030680,1.201545,0.570907,-0.803600,1
5.357000,0.021476,0.030680,1.201545,0.545673,-0.753140,1
5.358000,0.021476,0.030680,1.201545,0.522257,-0.706317,1
5.359000,0.024544,0.027612,1.201545,-0.501092,2.007868,1
5.360000,0.024544,0.027612,1.201545,-0.481395,1.968464,1
5.361000,0.024544,0.027612,1.201545,-0.463171,1.932008,1
5.362000,0.024544,0.024544,1.201545,-0.446419,1.959857,1
5.363000,0.024544,0.024544,1.156453,-0.430736,1.883391,1
5.364000,0.027612,0.024544,1.056993,-0.416151,1.760889,1
5.365000,0.027612,0.024544,1.056993,-0.416151,1.760882,1
5.366000,0.027612,0.024544,1.056993,-0.416151,1.760874,1
5.367000,0.030680,0.027612,0.839886,-0.390330,1.436895,1
5.368000,0.030680,0.027612,0.786102,-0.390330,1.383102,1
5.369000,0.030680,0.027612,0.739045,-0.390330,1.336037,1
5.370000,0.033748,0.027612,0.667125,-0.390330,1.270245,1
5.371000,0.033748,0.027612,0.667125,-0.390330,1.270237,1
5.372000,0.033748,0.027612,0.667125,-0.390330,1.270228,1
5.373000,0.036816,0.027612,0.667125,-0.390330,1.276356,1
5.374000,0.036816,0.027612,0.667125,-0.390330,1.276348,1
5.375000,0.036816,0.030680,0.667125,-0.390330,1.214979,1
5.376000,0.039884,0.030680,0.667125,-0.390330,1.221106,1
5.377000,0.039884,0.030680,0.667125,-0.390330,1.221097,1
5.378000,0.042951,0.033748,0.667125,-0.390330,1.165863,1
5.379000,0.042951,0.033748,0.667125,-0.390330,1.165853,1
5.380000,0.042951,0.033748,0.667125,-0.390330,1.165843,1
5.381000,0.046019,0.033748,1.073575,-0.390330,1.578419,1
5.382000,0.049087,0.036816,1.073575,-0.390330,1.523185,1
5.383000,0.049087,0.036816,1.073575,-0.390330,1.523174,1
5.384000,0.049087,0.036816,1.073575,-0.390330,1.523163,1
5.385000,0.049087,0.036816,1.073575,-0.390330,1.523151,1
5.386000,0.055223,0.039884,1.073575,0.665907,-1.238422,1
5.387000,0.058291,0.042951,1.525158,0.665907,-0.842076,1
5.388000,0.058291,0.042951,1.525158,0.665907,-0.842089,1
5.389000,0.058291,0.042951,1.525158,0.665907,-0.842102,1
5.390000,0.058291,0.042951,1.525158,0.665907,-0.842114,1
5.391000,0.058291,0.042951,1.525158,0.665907,-0.842127,1
5.392000,0.058291,0.042951,1.525158,0.665907,-0.842140,1
5.393000,0.058291,0.042951,1.525158,0.665907,-0.842153,1
5.394000,0.058291,0.042951,1.525158,0.665907,-0.842166,1
5.395000,0.058291,0.042951,1.525158,0.665907,-0.842179,1
5.396000,0.073631,0.055223,1.736248,1.700939,-2.915926,1
5.397000,0.073631,0.055223,1.736248,1.700939,-2.915943,1
5.398000,0.073631,0.055223,1.736248,1.700939,-2.915959,1
5.399000,0.073631,0.055223,1.736248,1.700939,-2.915976,1
5.400000,0.073631,0.055223,1.736248,1.700939,-2.915992,1
5.401000,0.073631,0.055223,1.736248,1.700939,-2.916009,1
5.402000,0.073631,0.055223,1.736248,1.700939,-2.916025,1
5.403000,0.073631,0.055223,1.736248,1.700939,-2.916042,1
5.404000,0.073631,0.055223,1.736248,1.700939,-2.916058,1
5.405000,0.073631,0.055223,1.736248,1.700939,-2.916075,1
5.406000,0.082835,0.061359,1.533025,0.851492,-1.524734,1
5.407000,0.082835,0.061359,1.533025,0.796512,-1.414791,1
5.408000,0.082835,0.061359,1.533025,0.796512,-1.414810,1
5.409000,0.082835,0.061359,1.533025,0.796512,-1.414828,1
5.410000,0.082835,0.061359,1.533025,0.796512,-1.414847,1
5.411000,0.082835,0.061359,1.533025,0.747927,-1.317696,1
5.412000,0.082835,0.061359,1.533025,0.747927,-1.317715,1
5.413000,0.082835,0.061359,1.533025,0.747927,-1.317733,1
5.414000,0.082835,0.061359,1.533025,0.747927,-1.317751,1
5.415000,0.082835,0.061359,1.533025,0.632456,-1.086827,1
5.416000,0.082835,0.061359,1.533025,0.632456,-1.086846,1
5.417000,0.082835,0.061359,1.533025,0.632456,-1.086864,1
5.418000,0.082835,0.061359,1.533025,0.632456,-1.086883,1
5.419000,0.082835,0.061359,1.290006,0.547641,-1.160290,1
5.420000,0.082835,0.061359,1.290006,0.547641,-1.160308,1
5.421000,0.082835,0.061359,1.290006,0.547641,-1.160327,1
5.422000,0.082835,0.061359,1.290006,0.547641,-1.160345,1
5.423000,0.082835,0.061359,1.290006,0.547641,-1.160364,1
5.424000,0.082835,0.058291,0.845681,-0.447767,1.047469,1
5.425000,0.082835,0.058291,0.845681,-0.447767,1.047452,1
5.426000,0.082835,0.058291,0.845681,-0.447767,1.047434,1
5.427000,0.082835,0.058291,0.845681,-0.447767,1.047417,1
5.428000,0.082835,0.058291,0.845681,-0.447767,1.047399,1
5.429000,0.082835,0.058291,0.845681,-0.447767,1.047382,1
5.430000,0.082835,0.055223,0.662794,-0.438757,0.907818,1
5.431000,0.082835,0.055223,0.662794,-0.438757,0.907802,1
5.432000,0.082835,0.055223,0.662794,-0.438757,0.907785,1
5.433000,0.079767,0.049087,-0.500579,-0.438757,-0.739020,1
5.434000,0.079767,0.049087,-0.500579,-0.438757,-0.739035,1
5.435000,0.079767,0.049087,-0.500579,-0.438757,-0.739050,1
5.436000,0.076699,0.042951,-0.446151,-0.438757,-0.568052,1
5.437000,0.076699,0.039884,-0.402217,-0.986236,1.232187,1
5.438000,0.076699,0.039884,-0.402217,-0.986236,1.232175,1
5.439000,0.076699,0.039884,-0.389434,-0.986236,1.244946,1
5.440000,0.076699,0.039884,-0.389434,-0.986236,1.244934,1
5.441000,0.076699,0.039884,-0.389434,-0.986236,1.244922,1
5.442000,0.073631,0.039884,-0.485535,-0.986236,1.142673,1
5.443000,0.073631,0.039884,-0.485535,-0.986236,1.142661,1
5.444000,0.073631,0.036816,-0.485535,-0.986236,1.204009,1
5.445000,0.073631,0.033748,-0.485535,-0.945751,1.184389,1
5.446000,0.073631,0.033748,-0.485535,-0.723016,0.738907,1
5.447000,0.073631,0.033748,-0.485535,-0.723016,0.738897,1
5.448000,0.073631,0.033748,-0.485535,-0.682639,0.658134,1
5.449000,0.073631,0.033748,-0.485535,-0.682639,0.658124,1
5.450000,0.073631,0.033748,-0.485535,-0.682639,0.658114,1
5.451000,0.073631,0.033748,-0.485535,-0.682639,0.658104,1
5.452000,0.073631,0.033748,-0.485535,-0.682639,0.658094,1
5.453000,0.073631,0.033748,-0.485535,-0.682639,0.658084,1
5.454000,0.073631,0.033748,-0.485535,-0.682639,0.658074,1
5.455000,0.073631,0.033748,-0.485535,-0.682639,0.658063,1
5.456000,0.073631,0.033748,-0.485535,-0.682639,0.658053,1
5.457000,0.073631,0.033748,-0.485535,-0.682639,0.658043,1
5.458000,0.073631,0.033748,-0.485535,-0.472428,0.000000,1
5.459000,0.073631,0.033748,-0.473906,-0.409367,-0.476893,1
5.460000,0.073631,0.033748,-0.473906,-0.409367,-0.476904,1
5.461000,0.073631,0.033748,-0.473906,-0.409367,-0.476914,1
5.462000,0.073631,0.033748,-0.473906,-0.409367,-0.476924,1
5.463000,0.073631,0.033748,-0.473906,-0.409367,-0.476934,1
5.464000,0.073631,0.033748,-0.473906,-0.409367,-0.476944,1
5.465000,0.073631,0.033748,-0.473906,-0.409367,-0.476954,1
5.466000,0.076699,0.036816,0.410548,0.361214,-1.188895,1
5.467000,0.076699,0.036816,0.397256,0.350884,-1.181539,1
5.468000,0.076699,0.036816,0.397256,0.350884,-1.181550,1
5.469000,0.076699,0.036816,0.384747,0.341089,-1.174480,1
5.470000,0.076699,0.036816,0.384747,0.341089,-1.174491,1
5.471000,0.076699,0.036816,0.384747,0.341089,-1.174502,1
5.472000,0.076699,0.036816,0.384747,0.341089,-1.174513,1
5.473000,0.076699,0.036816,0.384747,0.341089,-1.174524,1
5.474000,0.076699,0.036816,0.323905,0.292397,-1.137994,1
5.475000,0.076699,0.036816,0.315501,0.285532,-1.132678,1
5.476000,0.073631,0.036816,0.292825,0.255772,-1.101980,1
5.477000,0.073631,0.036816,0.292825,0.255772,-1.101991,1
5.478000,0.073631,0.036816,0.292825,0.255772,-1.102003,1
5.479000,0.073631,0.036816,0.292825,0.255772,-1.102014,1
5.480000,0.073631,0.036816,0.292825,0.255772,-1.102025,1
5.481000,0.073631,0.036816,0.292825,0.255772,-1.102036,1
5.482000,0.073631,0.036816,0.292825,0.255772,-1.102047,1
5.483000,0.073631,0.036816,0.292825,0.255772,-1.102058,1
5.484000,0.070563,0.033748,0.292825,-0.227361,0.519421,1
5.485000,0.070563,0.033748,0.292825,-0.227361,0.519411,1
5.486000,0.070563,0.033748,0.292825,-0.227361,0.519400,1
5.487000,0.070563,0.033748,0.292825,-0.227361,0.519390,1
5.488000,0.070563,0.033748,0.292825,-0.227361,0.519380,1
5.489000,0.070563,0.033748,0.292825,-0.227361,0.519370,1
5.490000,0.070563,0.033748,0.292825,-0.227361,0.519360,1
5.491000,0.070563,0.033748,0.292825,-0.227361,0.519350,1
5.492000,0.070563,0.033748,0.292825,-0.227361,0.519340,1
5.493000,0.070563,0.030680,0.292825,-0.220664,0.567296,1
5.494000,0.070563,0.030680,0.292825,-0.220664,0.567287,1
5.495000,0.070563,0.030680,0.292825,-0.220664,0.567278,1
5.496000,0.067495,0.027612,0.292825,-0.220664,0.622493,1
5.497000,0.067495,0.027612,0.292825,-0.220664,0.622485,1
5.498000,0.067495,0.027612,0.292825,-0.220664,0.622476,1
5.499000,0.061359,0.024544,-0.519022,-0.220664,-0.740291,1
5.500000,0.061359,0.024544,-0.519022,-0.220664,-0.740298,1
5.501000,0.061359,0.024544,-0.519022,-0.220664,-0.740305,1
5.502000,0.061359,0.024544,-0.519022,-0.220664,-0.740313,1
5.503000,0.061359,0.024544,-0.519022,-0.220664,-0.740320,1
5.504000,0.061359,0.024544,-0.519022,-0.220664,-0.740327,1
5.505000,0.061359,0.024544,-0.519022,-0.220664,-0.740335,1
5.506000,0.055223,0.018408,-0.519022,-0.619543,0.767863,1
5.507000,0.055223,0.018408,-0.519022,-0.619543,0.767857,1
5.508000,0.055223,0.018408,-0.519022,-0.619543,0.767852,1
5.509000,0.055223,0.018408,-0.519022,-0.619543,0.767846,1
5.510000,0.055223,0.018408,-0.519022,-0.619543,0.767841,1
5.511000,0.052155,0.015340,-0.519022,-0.619543,0.823059,1
5.512000,0.049087,0.012272,-0.662410,-0.619543,0.734891,1
5.513000,0.049087,0.012272,-0.662410,-0.619543,0.734887,1
5.514000,0.049087,0.012272,-0.662410,-0.619543,0.734884,1
5.515000,0.049087,0.012272,-0.662410,-0.619543,0.734880,1
5.516000,0.049087,0.012272,-0.662410,-0.619543,0.734876,1
5.517000,0.049087,0.012272,-0.662410,-0.619543,0.734872,1
5.518000,0.049087,0.012272,-0.662410,-0.619543,0.734869,1
5.519000,0.049087,0.012272,-0.662410,-0.619543,0.734865,1
5.520000,0.049087,0.012272,-0.662410,-0.619543,0.734861,1
5.521000,0.049087,0.012272,-0.662410,-0.619543,0.734858,1
5.522000,0.049087,0.012272,-0.662410,-0.619543,0.734854,1
5.523000,0.049087,0.012272,-0.662410,-0.619543,0.734850,1
5.524000,0.049087,0.012272,-0.662410,-0.619543,0.734847,1
5.525000,0.049087,0.012272,-0.662410,-0.619543,0.734843,1
5.526000,0.049087,0.012272,-0.662410,-0.619543,0.734839,1
5.527000,0.049087,0.012272,-0.662410,-0.619543,0.734836,1
5.528000,0.049087,0.012272,-0.662410,-0.619543,0.734832,1
5.529000,0.049087,0.012272,-0.662410,-0.619543,0.734828,1
5.530000,0.046019,0.009204,-0.662410,-0.619543,0.790049,1
5.531000,0.046019,0.009204,-0.662410,-0.619543,0.790046,1
5.532000,0.046019,0.009204,-0.662410,-0.619543,0.790043,1
5.533000,0.046019,0.009204,-0.662410,-0.568956,0.688869,1
5.534000,0.046019,0.009204,-0.662410,-0.568956,0.688866,1
5.535000,0.046019,0.009204,-0.662410,-0.568956,0.688863,1
5.536000,0.046019,0.009204,-0.639369,-0.429548,0.000000,1
5.537000,0.046019,0.009204,-0.607752,-0.415042,0.000000,1
5.538000,0.046019,0.009204,-0.578856,-0.401360,0.000000,1
5.539000,0.046019,0.009204,-0.507133,-0.365516,0.000000,1
5.540000,0.046019,0.009204,-0.507133,-0.365516,0.000000,1
5.541000,0.046019,0.009204,-0.487042,-0.354963,0.000000,1
5.542000,0.046019,0.009204,-0.487042,-0.354963,0.000000,1
5.543000,0.046019,0.009204,-0.487042,-0.354963,0.000000,1
5.544000,0.046019,0.009204,-0.487042,-0.354963,0.000000,1
5.545000,0.046019,0.009204,-0.487042,-0.354963,0.000000,1
5.546000,0.046019,0.009204,-0.468448,-0.344983,0.000000,1
5.547000,0.046019,0.009204,-0.468448,-0.344983,0.000000,1
5.548000,0.046019,0.009204,-0.468448,-0.344983,0.000000,1
5.549000,0.046019,0.009204,-0.468448,-0.344983,0.000000,1
5.550000,0.046019,0.012272,-0.420315,0.318152,-1.504659,1
5.551000,0.046019,0.012272,-0.420315,0.318152,-1.504663,1
5.552000,0.046019,0.012272,-0.420315,0.318152,-1.504667,1
5.553000,0.046019,0.012272,-0.420315,0.318152,-1.504670,1
5.554000,0.046019,0.012272,-0.420315,0.318152,-1.504674,1
5.555000,0.042951,0.012272,-0.321265,0.257953,-1.291366,1
5.556000,0.042951,0.012272,-0.297915,0.242680,-1.237475,1
5.557000,0.042951,0.012272,-0.297915,0.242680,-1.237479,1
5.558000,0.042951,0.012272,-0.297915,0.242680,-1.237482,1
5.559000,0.042951,0.012272,-0.297915,0.242680,-1.237486,1
5.560000,0.042951,0.012272,-0.297915,0.242680,-1.237490,1
5.561000,0.042951,0.012272,-0.297915,0.242680,-1.237493,1
5.562000,0.042951,0.012272,-0.297915,0.242680,-1.237497,1
5.563000,0.042951,0.012272,-0.297915,0.242680,-1.237501,1
5.564000,0.042951,0.012272,-0.297915,0.242680,-1.237504,1
5.565000,0.036816,0.012272,-0.288068,0.213185,-1.180942,1
5.566000,0.033748,0.009204,-0.288068,-0.199296,0.000000,1
5.567000,0.033748,0.009204,-0.288068,-0.199296,0.000000,1
5.568000,0.033748,0.009204,-0.288068,-0.199296,0.000000,1
5.569000,0.033748,0.009204,-0.288068,-0.199296,0.000000,1
5.570000,0.033748,0.009204,-0.288068,-0.199296,0.000000,1
5.571000,0.033748,0.009204,-0.288068,-0.199296,0.000000,1
5.572000,0.033748,0.009204,-0.288068,-0.199296,0.000000,1
5.573000,0.033748,0.009204,-0.288068,-0.196150,0.000000,1
5.574000,0.033748,0.009204,-0.288068,-0.196150,0.000000,1
5.575000,0.033748,0.009204,-0.288068,-0.196150,0.000000,1
5.576000,0.030680,0.006136,-0.288068,-0.195279,0.000000,1
5.577000,0.030680,0.006136,-0.288068,-0.195279,0.000000,1
5.578000,0.024544,0.000000,-0.572681,-0.195279,0.000000,1
5.579000,0.024544,0.000000,-0.572681,-0.195279,0.000000,1
5.580000,0.024544,0.000000,-0.572681,-0.195279,0.000000,1
5.581000,0.021476,0.000000,-0.572681,-0.195279,0.000000,1
5.582000,0.021476,-0.003068,-0.572681,-0.195279,0.000000,1
5.583000,0.021476,-0.003068,-0.572681,-0.195279,0.000000,1
5.584000,0.018408,-0.003068,-0.572681,-0.195279,0.000000,1
5.585000,0.015340,-0.009204,-0.572681,-0.802288,1.551927,1
5.586000,0.015340,-0.009204,-0.572681,-0.802288,1.551930,1
5.587000,0.015340,-0.009204,-0.572681,-0.802288,1.551933,1
5.588000,0.015340,-0.009204,-0.572681,-0.802288,1.551935,1
5.589000,0.015340,-0.009204,-0.572681,-0.802288,1.551938,1
5.590000,0.015340,-0.009204,-0.572681,-0.802288,1.551941,1
5.591000,0.015340,-0.009204,-0.572681,-0.802288,1.551944,1
5.592000,0.012272,-0.009204,-1.000361,-0.802288,1.118130,1
5.593000,0.012272,-0.009204,-1.000361,-0.802288,1.118133,1
5.594000,0.012272,-0.012272,-1.000361,-0.802288,1.179496,1
5.595000,0.009204,-0.012272,-1.000361,-0.802288,1.173364,1
5.596000,0.009204,-0.012272,-1.000361,-0.802288,1.173368,1
5.597000,0.009204,-0.012272,-1.000361,-0.802288,1.173371,1
5.598000,0.009204,-0.012272,-1.000361,-0.802288,1.173375,1
5.599000,0.009204,-0.015340,-1.000361,-0.802288,1.234739,1
5.600000,0.006136,-0.015340,-1.000361,-0.802288,1.228607,1
5.601000,0.006136,-0.015340,-0.890189,-0.665877,1.065962,1
5.602000,0.006136,-0.015340,-0.890189,-0.665877,1.065967,1
5.603000,0.006136,-0.015340,-0.890189,-0.665877,1.065972,1
5.604000,0.006136,-0.015340,-0.890189,-0.665877,1.065976,1
5.605000,0.006136,-0.015340,-0.730940,-0.572566,1.038608,1
5.606000,0.006136,-0.015340,-0.730940,-0.572566,1.038613,1
5.607000,0.006136,-0.015340,-0.730940,-0.572566,1.038617,1
5.608000,0.003068,-0.015340,-0.620242,-0.502337,1.002726,1
5.609000,0.003068,-0.015340,-0.620242,-0.502337,1.002730,1
5.610000,0.003068,-0.015340,-0.620242,-0.502337,1.002735,1
5.611000,0.003068,-0.015340,-0.590388,-0.482573,0.993067,1
5.612000,0.003068,-0.015340,-0.563222,-0.464269,0.983629,1
5.613000,0.003068,-0.015340,-0.538690,-0.447472,0.974571,1
5.614000,0.003068,-0.015340,-0.515888,-0.431625,0.965683,1
5.615000,0.003068,-0.015340,-0.495126,-0.416995,0.957191,1
5.616000,0.003068,-0.015340,-0.475900,-0.403274,0.948979,1
5.617000,0.006136,-0.012272,0.386004,0.336806,0.000000,1
5.618000,0.006136,-0.012272,0.386004,0.336806,0.000000,1
5.619000,0.006136,-0.012272,0.386004,0.336806,0.000000,1
5.620000,0.006136,-0.012272,0.386004,0.336806,0.000000,1
5.621000,0.006136,-0.012272,0.386004,0.336806,0.000000,1
5.622000,0.006136,-0.012272,0.386004,0.336806,0.000000,1
5.623000,0.006136,-0.012272,0.386004,0.336806,0.000000,1
5.624000,0.006136,-0.009204,0.363185,0.324191,0.000000,1
5.625000,0.006136,-0.006136,0.300850,0.324191,-0.507114,1
5.626000,0.006136,-0.006136,0.300850,0.324191,-0.507112,1
5.627000,0.009204,-0.003068,0.792604,0.324191,0.529421,1
5.628000,0.009204,-0.003068,0.792604,0.324191,0.529421,1
5.629000,0.009204,-0.003068,0.792604,0.324191,0.529422,1
5.630000,0.009204,-0.003068,0.792604,0.324191,0.529423,1
5.631000,0.009204,-0.003068,0.792604,0.324191,0.529424,1
5.632000,0.009204,-0.003068,0.792604,0.324191,0.529425,1
5.633000,0.009204,-0.003068,0.792604,0.324191,0.529426,1
5.634000,0.009204,-0.003068,0.792604,0.324191,0.529427,1
5.635000,0.009204,-0.003068,0.792604,0.324191,0.529428,1
5.636000,0.009204,-0.003068,0.792604,0.324191,0.529429,1
5.637000,0.009204,-0.003068,0.792604,0.324191,0.529430,1
5.638000,0.009204,-0.003068,0.792604,0.324191,0.529431,1
5.639000,0.009204,0.000000,0.792604,0.324191,0.468071,1
5.640000,0.009204,0.000000,0.792604,0.324191,0.468071,1
5.641000,0.009204,0.000000,0.792604,0.324191,0.468071,1
5.642000,0.009204,0.000000,0.792604,0.324191,0.468071,1
5.643000,0.009204,0.000000,0.792604,0.324191,0.468071,1
5.644000,0.009204,0.000000,0.792604,0.324191,0.468071,1
5.645000,0.009204,0.000000,0.792604,0.324191,0.468071,1
5.646000,0.012272,0.003068,0.792604,0.579476,-0.697723,1
5.647000,0.012272,0.006136,0.631418,0.579476,-0.920270,1
5.648000,0.012272,0.006136,0.631418,0.579476,-0.920272,1
5.649000,0.012272,0.006136,0.631418,0.579476,-0.920274,1
5.650000,0.012272,0.006136,0.631418,0.579476,-0.920276,1
5.651000,0.012272,0.006136,0.631418,0.579476,-0.920277,1
5.652000,0.012272,0.006136,0.600692,0.579476,-0.951005,1
5.653000,0.012272,0.006136,0.572583,0.579476,-0.979116,1
5.654000,0.012272,0.009204,0.546983,0.579476,-1.066078,1
5.655000,0.012272,0.009204,0.523666,0.579476,-1.089398,1
5.656000,0.012272,0.009204,0.416935,0.579476,-1.196132,1
5.657000,0.012272,0.009204,0.416935,0.579476,-1.196135,1
5.658000,0.012272,0.009204,0.416935,0.579476,-1.196137,1
5.659000,0.012272,0.009204,0.416935,0.579476,-1.196140,1
5.660000,0.012272,0.009204,0.416935,0.579476,-1.196143,1
5.661000,0.012272,0.009204,0.416935,0.579476,-1.196146,1
5.662000,0.012272,0.009204,0.403235,0.579476,-1.209848,1
5.663000,0.012272,0.009204,0.390486,0.579476,-1.222600,1
5.664000,0.009204,0.009204,-0.311256,0.464876,-1.701280,1
5.665000,0.009204,0.009204,-0.311256,0.464876,-1.701283,1
5.666000,0.009204,0.009204,-0.311256,0.464876,-1.701285,1
5.667000,0.009204,0.009204,-0.311256,0.464876,-1.701288,1
5.668000,0.009204,0.009204,-0.311256,0.464876,-1.701291,1
5.669000,0.009204,0.009204,-0.311256,0.464876,-1.701294,1
5.670000,0.009204,0.009204,-0.311256,0.464876,-1.701296,1
5.671000,0.009204,0.009204,-0.311256,0.464876,-1.701299,1
5.672000,0.009204,0.009204,-0.303528,0.447845,-1.659511,1
5.673000,0.009204,0.009204,-0.296209,0.432093,-1.620693,1
5.674000,0.009204,0.009204,-0.289197,0.417332,-1.584161,1
5.675000,0.009204,0.009204,-0.282547,0.403624,-1.550097,1
5.676000,0.006136,0.009204,-0.276184,0.390762,-1.524148,1
5.677000,0.003068,0.006136,-0.253379,0.389542,-1.443683,1
5.678000,0.003068,0.006136,-0.253379,0.389542,-1.443685,1
5.679000,0.003068,0.006136,-0.253379,0.389542,-1.443687,1
5.680000,0.003068,0.006136,-0.253379,0.389542,-1.443688,1
5.681000,0.003068,0.003068,-0.248252,0.389542,-1.377203,1
5.682000,0.000000,0.003068,-0.161771,0.389542,-1.296859,1
5.683000,0.000000,0.003068,-0.161771,0.389542,-1.296860,1
5.684000,0.000000,0.000000,-0.161771,0.389542,-1.235500,1
5.685000,-0.009204,-0.006136,-0.161771,-0.942636,2.133168,1
5.686000,-0.009204,-0.006136,-0.161771,-0.942636,2.133170,1
5.687000,-0.009204,-0.006136,-0.161771,-0.942636,2.133172,1
5.688000,-0.009204,-0.006136,-0.161771,-0.942636,2.133173,1
5.689000,-0.009204,-0.006136,-0.161771,-0.942636,2.133175,1
5.690000,-0.009204,-0.006136,-0.161771,-0.942636,2.133177,1
5.691000,-0.009204,-0.006136,-0.161771,-0.942636,2.133179,1
5.692000,-0.012272,-0.006136,-1.078312,-0.942636,1.210504,1
5.693000,-0.012272,-0.012272,-1.078312,-0.942636,1.333226,1
5.694000,-0.018408,-0.012272,-1.078312,-0.942636,1.320958,1
5.695000,-0.018408,-0.012272,-1.078312,-0.942636,1.320962,1
5.696000,-0.018408,-0.012272,-1.078312,-0.942636,1.320965,1
5.697000,-0.018408,-0.015340,-1.078312,-0.942636,1.382329,1
5.698000,-0.018408,-0.018408,-1.078312,-1.477408,2.513239,1
5.699000,-0.018408,-0.018408,-1.078312,-1.477408,2.513245,1
5.700000,-0.018408,-0.018408,-1.078312,-1.477408,2.513250,1
5.701000,-0.018408,-0.018408,-1.078312,-1.477408,2.513256,1
5.702000,-0.018408,-0.018408,-1.078312,-1.477408,2.513261,1
5.703000,-0.018408,-0.018408,-1.078312,-1.477408,2.513267,1
5.704000,-0.018408,-0.018408,-1.078312,-1.477408,2.513272,1
5.705000,-0.021476,-0.018408,-1.078312,-1.477408,2.507142,1
5.706000,-0.021476,-0.018408,-1.078312,-1.477408,2.507148,1
5.707000,-0.021476,-0.018408,-1.078312,-1.477408,2.507153,1
5.708000,-0.024544,-0.021476,-1.358781,-1.160774,1.648645,1
5.709000,-0.027612,-0.021476,-1.358781,-1.060937,1.442842,1
5.710000,-0.027612,-0.021476,-1.358781,-1.060937,1.442849,1
5.711000,-0.027612,-0.021476,-1.358781,-1.060937,1.442855,1
5.712000,-0.027612,-0.021476,-1.358781,-1.060937,1.442861,1
5.713000,-0.027612,-0.021476,-1.358781,-0.976502,1.273997,1
5.714000,-0.027612,-0.021476,-1.358781,-0.976502,1.274003,1
5.715000,-0.027612,-0.021476,-1.179064,-0.842394,1.185511,1
5.716000,-0.027612,-0.021476,-1.179064,-0.842394,1.185518,1
5.717000,-0.027612,-0.021476,-1.179064,-0.842394,1.185524,1
5.718000,-0.024544,-0.018408,0.988915,0.740647,-0.467796,1
5.719000,-0.024544,-0.018408,0.988915,0.740647,-0.467791,1
5.720000,-0.024544,-0.018408,0.988915,0.740647,-0.467785,1
5.721000,-0.024544,-0.015340,0.666742,0.543835,-0.457690,1
5.722000,-0.024544,-0.015340,0.666742,0.543835,-0.457685,1
5.723000,-0.024544,-0.015340,0.666742,0.543835,-0.457680,1
5.724000,-0.024544,-0.015340,0.666742,0.543835,-0.457676,1
5.725000,-0.024544,-0.012272,0.632392,0.520763,-0.507237,1
5.726000,-0.024544,-0.012272,0.632392,0.520763,-0.507233,1
5.727000,-0.024544,-0.012272,0.632392,0.520763,-0.507230,1
5.728000,-0.021476,-0.009204,0.547735,0.475379,-0.556339,1
5.729000,-0.021476,-0.009204,0.547735,0.475379,-0.556336,1
5.730000,-0.021476,-0.009204,0.547735,0.475379,-0.556334,1
5.731000,-0.018408,-0.003068,0.417350,0.475379,-0.803301,1
5.732000,-0.018408,-0.003068,0.417350,0.475379,-0.803300,1
5.733000,-0.018408,-0.003068,0.417350,0.475379,-0.803299,1
5.734000,-0.018408,-0.003068,0.378708,0.475379,-0.841940,1
5.735000,-0.018408,0.000000,0.367345,0.475379,-0.914662,1
5.736000,-0.018408,0.000000,0.356633,0.475379,-0.925374,1
5.737000,-0.018408,0.000000,0.346597,0.475379,-0.935410,1
5.738000,-0.018408,0.003068,0.303704,0.674207,-1.437319,1
5.739000,-0.018408,0.003068,0.303704,0.674207,-1.437319,1
5.740000,-0.018408,0.003068,0.303704,0.674207,-1.437320,1
5.741000,-0.018408,0.003068,0.303704,0.674207,-1.437321,1
5.742000,-0.018408,0.003068,0.303704,0.674207,-1.437322,1
5.743000,-0.018408,0.003068,0.303704,0.674207,-1.437323,1
5.744000,-0.018408,0.003068,0.303704,0.674207,-1.437324,1
5.745000,-0.018408,0.003068,0.303704,0.674207,-1.437325,1
5.746000,-0.018408,0.003068,0.303704,0.674207,-1.437326,1
5.747000,-0.018408,0.003068,0.270267,0.674207,-1.470764,1
5.748000,-0.024544,0.000000,-0.458105,0.674207,-2.150048,1
5.749000,-0.024544,0.000000,-0.458105,0.674207,-2.150048,1
5.750000,-0.024544,0.000000,-0.458105,0.674207,-2.150048,1
5.751000,-0.024544,0.000000,-0.458105,0.674207,-2.150048,1
5.752000,-0.024544,0.000000,-0.458105,0.674207,-2.150048,1
5.753000,-0.024544,0.000000,-0.458105,0.674207,-2.150048,1
5.754000,-0.024544,0.000000,-0.458105,0.674207,-2.150048,1
5.755000,-0.024544,0.000000,-0.458105,0.674207,-2.150048,1
5.756000,-0.024544,0.000000,-0.458105,0.674207,-2.150048,1
5.757000,-0.024544,0.000000,-0.458105,0.674207,-2.150048,1
5.758000,-0.024544,0.000000,-0.458105,0.674207,-2.150048,1
5.759000,-0.027612,0.000000,-0.458105,0.674207,-2.156184,1
5.760000,-0.027612,0.000000,-0.458105,0.674207,-2.156184,1
5.761000,-0.027612,0.000000,-0.458105,0.674207,-2.156184,1
5.762000,-0.027612,0.000000,-0.458105,0.674207,-2.156184,1
5.763000,-0.027612,-0.003068,-0.458105,-0.661258,1.176104,1
5.764000,-0.039884,-0.015340,-0.313909,-0.571622,1.361927,1
5.765000,-0.039884,-0.015340,-0.313909,-0.571622,1.361932,1
5.766000,-0.039884,-0.015340,-0.313909,-0.571622,1.361936,1
5.767000,-0.039884,-0.015340,-0.313909,-0.571622,1.361941,1
5.768000,-0.039884,-0.015340,-0.313909,-0.571622,1.361945,1
5.769000,-0.039884,-0.015340,-0.313909,-0.571622,1.361950,1
5.770000,-0.039884,-0.015340,-0.313909,-0.571622,1.361955,1
5.771000,-0.039884,-0.015340,-0.313909,-0.571622,1.361959,1
5.772000,-0.039884,-0.015340,-0.313909,-0.571622,1.361964,1
5.773000,-0.039884,-0.015340,-0.313909,-0.571622,1.361968,1
5.774000,-0.039884,-0.015340,-0.313909,-0.571622,1.361973,1
5.775000,-0.039884,-0.015340,-0.313909,-0.571622,1.361978,1
5.776000,-0.039884,-0.015340,-0.313909,-0.571622,1.361982,1
5.777000,-0.039884,-0.015340,-0.313909,-0.571622,1.361987,1
5.778000,-0.039884,-0.015340,-0.313909,-0.571622,1.361991,1
5.779000,-0.046019,-0.021476,-0.313909,-1.056434,2.442069,1
5.780000,-0.046019,-0.021476,-0.313909,-1.056434,2.442075,1
5.781000,-0.046019,-0.021476,-0.313909,-1.056434,2.442082,1
5.782000,-0.049087,-0.021476,-1.116324,-1.056434,1.633537,1
5.783000,-0.049087,-0.021476,-1.116324,-1.056434,1.633543,1
5.784000,-0.049087,-0.021476,-1.116324,-1.056434,1.633550,1
5.785000,-0.049087,-0.021476,-1.116324,-1.056434,1.633556,1
5.786000,-0.049087,-0.021476,-1.116324,-1.056434,1.633562,1
5.787000,-0.049087,-0.021476,-1.116324,-1.056434,1.633569,1
5.788000,-0.049087,-0.021476,-1.116324,-1.056434,1.633575,1
5.789000,-0.049087,-0.021476,-1.116324,-1.056434,1.633582,1
5.790000,-0.049087,-0.021476,-1.116324,-1.056434,1.633588,1
5.791000,-0.049087,-0.021476,-1.116324,-1.056434,1.633595,1
5.792000,-0.049087,-0.021476,-1.116324,-1.056434,1.633601,1
5.793000,-0.049087,-0.021476,-1.116324,-1.056434,1.633608,1
5.794000,-0.049087,-0.021476,-1.116324,-1.056434,1.633614,1
5.795000,-0.049087,-0.021476,-1.116324,-1.056434,1.633620,1
5.796000,-0.049087,-0.021476,-1.116324,-1.056434,1.633627,1
5.797000,-0.049087,-0.021476,-1.116324,-1.056434,1.633633,1
5.798000,-0.049087,-0.021476,-1.116324,-1.056434,1.633640,1
5.799000,-0.049087,-0.021476,-1.116324,-0.744625,1.010027,1
5.800000,-0.049087,-0.021476,-1.116324,-0.744625,1.010034,1
5.801000,-0.049087,-0.021476,-1.116324,-0.744625,1.010040,1
5.802000,-0.049087,-0.021476,-1.116324,-0.744625,1.010046,1
5.803000,-0.049087,-0.021476,-1.116324,-0.744625,1.010053,1
5.804000,-0.049087,-0.021476,-1.116324,-0.744625,1.010059,1
5.805000,-0.039884,-0.009204,0.509996,0.440394,-0.560683,1
5.806000,-0.039884,-0.009204,0.509996,0.440394,-0.560680,1
5.807000,-0.039884,-0.009204,0.509996,0.440394,-0.560678,1
5.808000,-0.039884,-0.006136,0.509996,0.440394,-0.622035,1
5.809000,-0.039884,-0.006136,0.509996,0.440394,-0.622033,1
5.810000,-0.039884,-0.006136,0.509996,0.440394,-0.622031,1
5.811000,-0.036816,-0.003068,0.509996,0.440394,-0.677254,1
5.812000,-0.036816,-0.003068,0.509996,0.440394,-0.677253,1
5.813000,-0.036816,-0.003068,0.509996,0.440394,-0.677252,1
5.814000,-0.033748,0.006136,0.509996,1.958955,-3.892319,1
5.815000,-0.033748,0.006136,0.509996,1.958955,-3.892320,1
5.816000,-0.033748,0.006136,0.509996,1.958955,-3.892322,1
5.817000,-0.033748,0.006136,0.509996,1.958955,-3.892324,1
5.818000,-0.024544,0.015340,1.060679,1.584944,-2.759293,1
5.819000,-0.024544,0.018408,1.060679,1.584944,-2.820658,1
5.820000,-0.024544,0.018408,1.060679,1.584944,-2.820664,1
5.821000,-0.024544,0.018408,1.060679,1.584944,-2.820669,1
5.822000,-0.024544,0.018408,1.060679,1.584944,-2.820675,1
5.823000,-0.024544,0.018408,1.060679,1.584944,-2.820680,1
5.824000,-0.024544,0.018408,1.060679,1.584944,-2.820686,1
5.825000,-0.021476,0.024544,1.038463,1.428038,-2.645680,1
5.826000,-0.021476,0.024544,0.957463,1.279220,-2.429052,1
5.827000,-0.024544,0.024544,0.993830,0.786824,-1.414034,1
5.828000,-0.024544,0.024544,0.993830,0.786824,-1.414041,1
5.829000,-0.024544,0.024544,0.993830,0.786824,-1.414048,1
5.830000,-0.024544,0.024544,0.993830,0.786824,-1.414056,1
5.831000,-0.024544,0.024544,0.993830,0.739397,-1.319209,1
5.832000,-0.024544,0.024544,0.993830,0.659968,-1.160359,1
5.833000,-0.030680,0.021476,0.993830,-0.498966,1.806589,1
5.834000,-0.033748,0.018408,0.993830,-0.480990,1.825855,1
5.835000,-0.033748,0.018408,0.993830,-0.480990,1.825850,1
5.836000,-0.033748,0.018408,0.993830,-0.480990,1.825844,1
5.837000,-0.033748,0.018408,0.993830,-0.480990,1.825839,1
5.838000,-0.033748,0.018408,0.993830,-0.480990,1.825833,1
5.839000,-0.033748,0.018408,0.993830,-0.480990,1.825828,1
5.840000,-0.033748,0.018408,0.993830,-0.480990,1.825822,1
5.841000,-0.033748,0.018408,0.993830,-0.480990,1.825817,1
5.842000,-0.033748,0.018408,0.993830,-0.480990,1.825811,1
5.843000,-0.033748,0.018408,0.993830,-0.480990,1.825806,1
5.844000,-0.033748,0.018408,0.993830,-0.480990,1.825800,1
5.845000,-0.033748,0.018408,0.993830,-0.480990,1.825795,1
5.846000,-0.033748,0.018408,0.993830,-0.480990,1.825789,1
5.847000,-0.033748,0.018408,0.993830,-0.480990,1.825784,1
5.848000,-0.033748,0.015340,0.993830,-0.480990,1.887138,1
5.849000,-0.036816,0.015340,-0.645462,-2.387577,4.054878,1
5.850000,-0.036816,0.015340,-0.645462,-2.387577,4.054874,1
5.851000,-0.036816,0.012272,-0.645462,-2.387577,4.116229,1
5.852000,-0.033748,0.015340,-0.645462,-1.596592,2.479031,1
5.853000,-0.033748,0.015340,-0.645462,-1.596592,2.479026,1
5.854000,-0.030680,0.021476,-0.645462,-1.596592,2.362437,1
5.855000,-0.030680,0.021476,-0.645462,-1.596592,2.362431,1
5.856000,-0.030680,0.021476,-0.645462,-1.596592,2.362424,1
5.857000,-0.027612,0.024544,0.745986,1.485376,-3.065293,1
5.858000,-0.024544,0.027612,0.745986,1.477749,-3.105272,1
5.859000,-0.024544,0.033748,0.745986,1.477749,-3.228000,1
5.860000,-0.024544,0.033748,0.745986,1.477749,-3.228010,1
5.861000,-0.024544,0.033748,0.745986,1.477749,-3.228021,1
5.862000,-0.024544,0.033748,0.745986,1.477749,-3.228031,1
5.863000,-0.024544,0.033748,0.745986,1.477749,-3.228041,1
5.864000,-0.024544,0.033748,0.745986,1.477749,-3.228051,1
5.865000,-0.024544,0.033748,0.745986,1.477749,-3.228061,1
5.866000,-0.024544,0.033748,0.745986,1.477749,-3.228071,1
5.867000,-0.024544,0.033748,0.745986,1.477749,-3.228081,1
5.868000,-0.024544,0.033748,0.745986,1.477749,-3.228091,1
5.869000,-0.024544,0.033748,0.745986,1.477749,-3.228101,1
5.870000,-0.024544,0.033748,0.745986,1.477749,-3.228112,1
5.871000,-0.024544,0.033748,0.745986,1.477749,-3.228122,1
5.872000,-0.018408,0.046019,0.745986,2.202858,-4.911518,1
5.873000,-0.018408,0.046019,0.745986,1.868679,-4.243173,1
5.874000,-0.018408,0.046019,0.745986,1.620423,-3.746676,1
5.875000,-0.018408,0.049087,0.745986,1.431933,-3.431070,1
5.876000,-0.018408,0.049087,0.745986,1.282732,-3.132683,1
5.877000,-0.018408,0.049087,0.745986,1.160704,-2.888640,1
5.878000,-0.018408,0.049087,0.740803,1.061261,-2.694952,1
5.879000,-0.018408,0.049087,0.698261,0.976068,-2.567123,1
5.880000,-0.018408,0.049087,0.660662,0.904141,-2.460883,1
5.881000,-0.018408,0.049087,0.660662,0.904141,-2.460898,1
5.882000,-0.021476,0.049087,-0.596489,0.788105,-3.492127,1
5.883000,-0.021476,0.049087,-0.568886,0.740626,-3.369580,1
5.884000,-0.024544,0.049087,-1.163406,0.698513,-3.886025,1
5.885000,-0.024544,0.046019,-1.163406,-0.660859,-1.105936,1
5.886000,-0.024544,0.046019,-1.163406,-0.627002,-1.173664,1
5.887000,-0.027612,0.046019,-1.163406,-0.596613,-1.240591,1
5.888000,-0.027612,0.046019,-1.163406,-0.596613,-1.240605,1
5.889000,-0.027612,0.046019,-1.163406,-0.596613,-1.240618,1
5.890000,-0.027612,0.046019,-1.163406,-0.596613,-1.240632,1
5.891000,-0.027612,0.046019,-1.163406,-0.596613,-1.240646,1
5.892000,-0.027612,0.046019,-1.163406,-0.596613,-1.240660,1
5.893000,-0.036816,0.039884,-0.550729,-0.592962,-0.530987,1
5.894000,-0.036816,0.039884,-0.550729,-0.592962,-0.530999,1
5.895000,-0.039884,0.036816,-0.550729,-0.592962,-0.475787,1
5.896000,-0.039884,0.036816,-0.550729,-0.592962,-0.475798,1
5.897000,-0.039884,0.036816,-0.550729,-0.592962,-0.475809,1
5.898000,-0.049087,0.030680,-1.632742,-0.985382,-0.668681,1
5.899000,-0.049087,0.030680,-1.632742,-0.985382,-0.668690,1
5.900000,-0.049087,0.030680,-1.632742,-0.985382,-0.668699,1
5.901000,-0.049087,0.030680,-1.632742,-0.985382,-0.668708,1
5.902000,-0.049087,0.030680,-1.632742,-0.985382,-0.668718,1
5.903000,-0.049087,0.030680,-1.632742,-0.985382,-0.668727,1
5.904000,-0.049087,0.030680,-1.632742,-0.985382,-0.668736,1
5.905000,-0.058291,0.027612,-1.632742,-0.985382,-0.625793,1
5.906000,-0.064427,0.021476,-1.768816,-0.985382,-0.651427,1
5.907000,-0.064427,0.021476,-1.768816,-0.985382,-0.651433,1
5.908000,-0.064427,0.021476,-1.768816,-0.985382,-0.651439,1
5.909000,-0.064427,0.021476,-1.768816,-0.985382,-0.651446,1
5.910000,-0.064427,0.021476,-1.768816,-0.985382,-0.651452,1
5.911000,-0.067495,0.018408,-1.768816,-1.123094,0.000000,1
5.912000,-0.082835,0.009204,-1.755601,-1.123094,0.000000,1
5.913000,-0.082835,0.009204,-1.755601,-1.123094,0.000000,1
5.914000,-0.082835,0.009204,-1.755601,-1.123094,0.000000,1
5.915000,-0.082835,0.009204,-1.755601,-1.123094,0.000000,1
5.916000,-0.082835,0.009204,-1.755601,-1.123094,0.000000,1
5.917000,-0.082835,0.009204,-1.755601,-1.123094,0.000000,1
5.918000,-0.082835,0.009204,-1.755601,-1.123094,0.000000,1
5.919000,-0.082835,0.009204,-1.755601,-1.123094,0.000000,1
5.920000,-0.082835,0.009204,-1.755601,-1.123094,0.000000,1
5.921000,-0.085903,0.006136,-1.721619,-1.235374,0.759542,1
5.922000,-0.085903,0.006136,-1.721619,-1.235374,0.759540,1
5.923000,-0.088971,0.006136,-1.721619,-1.235374,0.753402,1
5.924000,-0.088971,0.003068,-1.721619,-1.235374,0.814760,1
5.925000,-0.098175,-0.003068,-1.661895,-1.235374,0.978796,1
5.926000,-0.098175,-0.003068,-1.661895,-1.235374,0.978797,1
5.927000,-0.098175,-0.003068,-1.661895,-1.235374,0.978798,1
5.928000,-0.098175,-0.003068,-1.661895,-1.235374,0.978799,1
5.929000,-0.098175,-0.003068,-1.661895,-1.235374,0.978800,1
5.930000,-0.098175,-0.003068,-1.661895,-1.235374,0.978801,1
5.931000,-0.101243,-0.003068,-1.661895,-1.162582,0.827082,1
5.932000,-0.101243,-0.003068,-1.661895,-1.062057,0.626033,1
5.933000,-0.101243,-0.006136,-1.661895,-1.016567,0.596415,1
5.934000,-0.110447,-0.009204,-1.444514,-1.016567,0.856750,1
5.935000,-0.110447,-0.009204,-1.444514,-1.016567,0.856753,1
5.936000,-0.110447,-0.009204,-1.444514,-1.016567,0.856755,1
5.937000,-0.110447,-0.009204,-1.444514,-1.016567,0.856758,1
5.938000,-0.110447,-0.009204,-1.444514,-1.016567,0.856761,1
5.939000,-0.110447,-0.009204,-1.444514,-1.016567,0.856764,1
5.940000,-0.110447,-0.009204,-1.444514,-1.016567,0.856766,1
5.941000,-0.113515,-0.009204,-1.444514,-1.016567,0.850633,1
5.942000,-0.113515,-0.009204,-1.444514,-1.016567,0.850636,1
5.943000,-0.119651,-0.012272,-1.344989,-0.847988,0.662093,1
5.944000,-0.119651,-0.012272,-1.344989,-0.847988,0.662097,1
5.945000,-0.119651,-0.012272,-1.344989,-0.847988,0.662100,1
5.946000,-0.119651,-0.012272,-1.344989,-0.847988,0.662104,1
5.947000,-0.119651,-0.012272,-1.344989,-0.847988,0.662108,1
5.948000,-0.119651,-0.012272,-1.211240,-0.792794,0.685473,1
5.949000,-0.122718,-0.012272,-1.102656,-0.744789,0.691914,1
5.950000,-0.122718,-0.012272,-1.215583,-0.701968,0.493350,1
5.951000,-0.122718,-0.012272,-1.215583,-0.664008,0.000000,1
5.952000,-0.122718,-0.012272,-1.215583,-0.630110,0.000000,1
5.953000,-0.125786,-0.012272,-1.215583,-0.599493,0.000000,1
5.954000,-0.125786,-0.012272,-1.215583,-0.571339,0.000000,1
5.955000,-0.125786,-0.012272,-1.215583,-0.545845,0.000000,1
5.956000,-0.128854,-0.012272,-1.215583,-0.481674,-0.559488,1
5.957000,-0.128854,-0.012272,-1.215583,-0.481674,-0.559484,1
5.958000,-0.128854,-0.012272,-1.215583,-0.481674,-0.559481,1
5.959000,-0.131922,-0.012272,-1.215583,-0.463418,-0.602125,1
5.960000,-0.131922,-0.012272,-1.118418,-0.446518,-0.538758,1
5.961000,-0.131922,-0.012272,-1.024962,-0.430973,-0.476387,1
5.962000,-0.134990,-0.012272,-0.988250,-0.416281,-0.475191,1
5.963000,-0.134990,-0.012272,-0.988250,-0.402596,-0.502558,1
5.964000,-0.134990,-0.012272,-0.988250,-0.389845,-0.528057,1
5.965000,-0.134990,-0.012272,-0.988250,-0.377812,-0.552119,1
5.966000,-0.141126,-0.015340,-0.988250,-0.336381,-0.585888,1
5.967000,-0.141126,-0.015340,-0.988250,-0.336381,-0.585884,1
5.968000,-0.141126,-0.015340,-0.988250,-0.336381,-0.585879,1
5.969000,-0.141126,-0.015340,-0.988250,-0.336381,-0.585874,1
5.970000,-0.141126,-0.015340,-0.988250,-0.327409,-0.603814,1
5.971000,-0.141126,-0.015340,-0.988250,-0.318906,-0.620815,1
5.972000,-0.144194,-0.015340,-0.988250,-0.310859,-0.643041,1
5.973000,-0.144194,-0.015340,-0.988250,-0.303187,-0.658382,1
5.974000,-0.147262,-0.015340,-0.985608,-0.295841,-0.676562,1
5.975000,-0.147262,-0.015340,-0.985608,-0.288893,-0.690453,1
5.976000,-0.147262,-0.018408,-0.985608,-0.284163,-0.638548,1
5.977000,-0.150330,-0.018408,-0.985608,-0.284163,-0.644678,1
5.978000,-0.150330,-0.018408,-0.985608,-0.284163,-0.644673,1
5.979000,-0.150330,-0.018408,-0.985608,-0.284163,-0.644667,1
5.980000,-0.153398,-0.018408,-0.985608,-0.284163,-0.650798,1
5.981000,-0.153398,-0.018408,-0.985608,-0.284163,-0.650792,1
5.982000,-0.153398,-0.018408,-0.985608,-0.284163,-0.650787,1
5.983000,-0.153398,-0.018408,-0.985608,-0.284163,-0.650781,1
5.984000,-0.153398,-0.018408,-0.985608,-0.284163,-0.650776,1
5.985000,-0.159534,-0.021476,-1.125878,-0.284163,-0.741951,1
5.986000,-0.159534,-0.021476,-1.125878,-0.284163,-0.741945,1
5.987000,-0.159534,-0.021476,-1.125878,-0.284163,-0.741938,1
5.988000,-0.162602,-0.024544,-1.125878,-0.284163,-0.686708,1
5.989000,-0.162602,-0.024544,-1.125878,-0.284163,-0.686700,1
5.990000,-0.162602,-0.024544,-1.125878,-0.284163,-0.686693,1
5.991000,-0.162602,-0.024544,-1.125878,-0.284163,-0.686686,1
5.992000,-0.165670,-0.027612,-1.125878,-0.284163,-0.631454,1
5.993000,-0.165670,-0.027612,-1.125878,-0.284163,-0.631446,1
5.994000,-0.165670,-0.027612,-1.125878,-0.284163,-0.631438,1
5.995000,-0.165670,-0.027612,-1.125878,-0.284163,-0.631429,1
5.996000,-0.168738,-0.027612,-1.125878,-0.284163,-0.637557,1
5.997000,-0.168738,-0.027612,-1.125878,-0.284163,-0.637549,1
5.998000,-0.171806,-0.030680,-1.252412,-0.675956,0.674736,1
5.999000,-0.171806,-0.030680,-1.252412,-0.675956,0.674745,1
6.000000,-0.171806,-0.030680,-1.252412,-0.675956,0.674754,1
6.001000,-0.171806,-0.030680,-1.252412,-0.675956,0.674763,1
6.002000,-0.177942,-0.033748,-1.252412,-0.675956,0.723861,1
6.003000,-0.177942,-0.033748,-1.252412,-0.675956,0.723871,1
6.004000,-0.177942,-0.033748,-1.252412,-0.675956,0.723881,1
6.005000,-0.177942,-0.033748,-1.252412,-0.675956,0.723891,1
6.006000,-0.184078,-0.036816,-1.439042,-0.675956,0.586360,1
6.007000,-0.184078,-0.036816,-1.439042,-0.675956,0.586371,1
6.008000,-0.184078,-0.036816,-1.439042,-0.675956,0.586382,1
6.009000,-0.184078,-0.036816,-1.439042,-0.675956,0.586393,1
6.010000,-0.187146,-0.039884,-1.439042,-0.675956,0.641629,1
6.011000,-0.193282,-0.046019,-1.439042,-1.089902,1.579981,1
6.012000,-0.199418,-0.049087,-1.573653,-1.089902,1.494472,1
6.013000,-0.199418,-0.049087,-1.573653,-1.089902,1.494487,1
6.014000,-0.202485,-0.052155,-1.573653,-1.089902,1.549726,1
6.015000,-0.208621,-0.055223,-1.495938,-0.992100,1.480939,1
6.016000,-0.208621,-0.055223,-1.495938,-0.992100,1.480955,1
6.017000,-0.208621,-0.055223,-1.495938,-0.992100,1.480972,1
6.018000,-0.208621,-0.055223,-1.495938,-0.992100,1.480988,1
6.019000,-0.208621,-0.055223,-1.495938,-0.992100,1.481005,1
6.020000,-0.208621,-0.055223,-1.495938,-0.992100,1.481022,1
6.021000,-0.208621,-0.055223,-1.495938,-0.992100,1.481038,1
6.022000,-0.208621,-0.055223,-1.495938,-0.992100,1.481055,1
6.023000,-0.208621,-0.055223,-1.495938,-0.992100,1.481071,1
6.024000,-0.208621,-0.055223,-1.495938,-0.992100,1.481088,1
6.025000,-0.211689,-0.055223,-1.495938,-0.992100,1.474969,1
6.026000,-0.211689,-0.055223,-1.495938,-0.992100,1.474985,1
6.027000,-0.211689,-0.055223,-1.495938,-0.992100,1.475002,1
6.028000,-0.214757,-0.058291,-1.495938,-0.992100,1.530242,1
6.029000,-0.214757,-0.058291,-1.495938,-0.992100,1.530260,1
6.030000,-0.214757,-0.058291,-1.495938,-0.992100,1.530277,1
6.031000,-0.214757,-0.058291,-1.495938,-0.992100,1.530295,1
6.032000,-0.214757,-0.058291,-1.495938,-0.992100,1.530312,1
6.033000,-0.214757,-0.058291,-1.495938,-0.992100,1.530330,1
6.034000,-0.214757,-0.058291,-1.342973,-0.992100,1.683312,1
6.035000,-0.214757,-0.058291,-1.342973,-0.992100,1.683330,1
6.036000,-0.214757,-0.058291,-1.342973,-0.992100,1.683347,1
6.037000,-0.214757,-0.058291,-1.342973,-0.992100,1.683365,1
6.038000,-0.214757,-0.058291,-1.342973,-0.992100,1.683382,1
6.039000,-0.214757,-0.058291,-1.342973,-0.992100,1.683400,1
6.040000,-0.220893,-0.058291,-1.198106,-0.791059,1.413932,1
6.041000,-0.220893,-0.058291,-1.198106,-0.791059,1.413950,1
6.042000,-0.220893,-0.058291,-1.198106,-0.791059,1.413967,1
6.043000,-0.220893,-0.058291,-1.198106,-0.570404,0.972673,1
6.044000,-0.220893,-0.055223,-1.096563,0.480911,-1.689756,1
6.045000,-0.220893,-0.055223,-1.096563,0.480911,-1.689740,1
6.046000,-0.220893,-0.055223,-1.096563,0.480911,-1.689723,1
6.047000,-0.220893,-0.055223,-1.096563,0.480911,-1.689706,1
6.048000,-0.220893,-0.055223,-1.096563,0.480911,-1.689690,1
6.049000,-0.220893,-0.049087,-0.714158,0.389454,-1.247074,1
6.050000,-0.220893,-0.049087,-0.674747,0.377432,-1.183605,1
6.051000,-0.220893,-0.049087,-0.639621,0.366184,-1.125968,1
6.052000,-0.220893,-0.049087,-0.607968,0.355585,-1.073101,1
6.053000,-0.220893,-0.049087,-0.579280,0.345575,-1.024379,1
6.054000,-0.223961,-0.049087,-0.553063,0.336072,-0.985277,1
6.055000,-0.223961,-0.049087,-0.529228,0.327119,-0.943523,1
6.056000,-0.223961,-0.049087,-0.507442,0.318663,-0.904808,1
6.057000,-0.223961,-0.049087,-0.507442,0.318663,-0.904794,1
6.058000,-0.223961,-0.049087,-0.507442,0.318663,-0.904779,1
6.059000,-0.223961,-0.049087,-0.507442,0.318663,-0.904764,1
6.060000,-0.223961,-0.049087,-0.507442,0.318663,-0.904750,1
6.061000,-0.223961,-0.049087,-0.487147,0.310538,-0.868192,1
6.062000,-0.227029,-0.049087,-0.406464,0.275658,-0.723869,1
6.063000,-0.227029,-0.049087,-0.393516,0.269641,-0.698872,1
6.064000,-0.227029,-0.049087,-0.381209,0.263805,-0.674879,1
6.065000,-0.230097,-0.049087,-0.369800,0.258291,-0.658562,1
6.066000,-0.230097,-0.049087,-0.369800,0.258291,-0.658548,1
6.067000,-0.230097,-0.049087,-0.369800,0.258291,-0.658533,1
6.068000,-0.230097,-0.049087,-0.369800,0.258291,-0.658518,1
6.069000,-0.230097,-0.049087,-0.369800,0.258291,-0.658503,1
6.070000,-0.230097,-0.049087,-0.369800,0.258291,-0.658489,1
6.071000,-0.230097,-0.049087,-0.358999,0.252974,-0.637040,1
6.072000,-0.230097,-0.049087,-0.358999,0.252974,-0.637025,1
6.073000,-0.230097,-0.049087,-0.358999,0.252974,-0.637010,1
6.074000,-0.230097,-0.049087,-0.358999,0.252974,-0.636996,1
6.075000,-0.230097,-0.049087,-0.358999,0.252974,-0.636981,1
6.076000,-0.233165,-0.052155,-0.334193,-0.233671,1.016356,1
6.077000,-0.233165,-0.052155,-0.334193,-0.233671,1.016371,1
6.078000,-0.233165,-0.052155,-0.334193,-0.233671,1.016387,1
6.079000,-0.236233,-0.055223,-0.334193,-0.226284,1.056852,1
6.080000,-0.236233,-0.055223,-0.334193,-0.226284,1.056869,1
6.081000,-0.236233,-0.055223,-0.334193,-0.226284,1.056885,1
6.082000,-0.236233,-0.055223,-0.334193,-0.226284,1.056902,1
6.083000,-0.236233,-0.055223,-0.334193,-0.226284,1.056918,1
6.084000,-0.236233,-0.055223,-0.334193,-0.226284,1.056935,1
6.085000,-0.236233,-0.055223,-0.334193,-0.226284,1.056951,1
6.086000,-0.236233,-0.055223,-0.334193,-0.226284,1.056968,1
6.087000,-0.236233,-0.055223,-0.334193,-0.226284,1.056985,1
6.088000,-0.239301,-0.058291,-0.334193,-0.226284,1.112225,1
6.089000,-0.239301,-0.058291,-0.334193,-0.226284,1.112243,1
6.090000,-0.239301,-0.058291,-0.334193,-0.226284,1.112260,1
6.091000,-0.248505,-0.064427,-0.790953,-0.226284,0.759830,1
6.092000,-0.248505,-0.064427,-0.790953,-0.226284,0.759849,1
6.093000,-0.248505,-0.064427,-0.790953,-0.226284,0.759869,1
6.094000,-0.248505,-0.067495,-0.790953,-0.784564,1.937808,1
6.095000,-0.248505,-0.067495,-0.790953,-0.784564,1.937829,1
6.096000,-0.248505,-0.067495,-0.790953,-0.784564,1.937849,1
6.097000,-0.248505,-0.067495,-0.790953,-0.784564,1.937869,1
6.098000,-0.248505,-0.067495,-0.790953,-0.784564,1.937889,1
6.099000,-0.248505,-0.067495,-0.790953,-0.784564,1.937910,1
6.100000,-0.251573,-0.067495,-0.790953,-0.784564,1.931794,1
6.101000,-0.251573,-0.067495,-0.790953,-0.784564,1.931814,1
6.102000,-0.251573,-0.067495,-0.790953,-0.784564,1.931834,1
6.103000,-0.251573,-0.067495,-0.790953,-0.784564,1.931855,1
6.104000,-0.251573,-0.067495,-0.790953,-0.784564,1.931875,1
6.105000,-0.251573,-0.067495,-0.790953,-0.784564,1.931895,1
6.106000,-0.254641,-0.070563,-0.737074,-0.784564,2.041019,1
6.107000,-0.254641,-0.070563,-0.737074,-0.784564,2.041040,1
6.108000,-0.254641,-0.070563,-0.737074,-0.784564,2.041061,1
6.109000,-0.254641,-0.070563,-0.737074,-0.784564,2.041083,1
6.110000,-0.254641,-0.070563,-0.737074,-0.784564,2.041104,1
6.111000,-0.254641,-0.070563,-0.737074,-0.784564,2.041125,1
6.112000,-0.254641,-0.073631,-0.541838,-0.695694,2.120002,1
6.113000,-0.254641,-0.073631,-0.541838,-0.695694,2.120024,1
6.114000,-0.251573,-0.070563,0.428396,-0.599217,2.842101,1
6.115000,-0.251573,-0.070563,0.428396,-0.599217,2.842122,1
6.116000,-0.251573,-0.070563,0.428396,-0.599217,2.842144,1
6.117000,-0.251573,-0.070563,0.428396,-0.599217,2.842165,1
6.118000,-0.251573,-0.070563,0.428396,-0.599217,2.842186,1
6.119000,-0.251573,-0.070563,0.428396,-0.599217,2.842207,1
6.120000,-0.251573,-0.070563,0.428396,-0.599217,2.842228,1
6.121000,-0.242369,-0.061359,0.792743,-0.599217,3.040924,1
6.122000,-0.242369,-0.061359,0.792743,-0.599217,3.040942,1
6.123000,-0.242369,-0.061359,0.792743,-0.599217,3.040961,1
6.124000,-0.242369,-0.061359,0.792743,-0.599217,3.040979,1
6.125000,-0.242369,-0.061359,0.792743,-0.599217,3.040998,1
6.126000,-0.242369,-0.061359,0.792743,-0.599217,3.041016,1
6.127000,-0.242369,-0.061359,0.792743,-0.599217,3.041034,1
6.128000,-0.239301,-0.058291,0.792743,0.779135,0.000000,1
6.129000,-0.239301,-0.058291,0.792743,0.779135,0.000000,1
6.130000,-0.239301,-0.058291,0.792743,0.779135,0.000000,1
6.131000,-0.217825,-0.036816,1.672240,1.664130,-1.647885,1
6.132000,-0.217825,-0.036816,1.672240,1.664130,-1.647874,1
6.133000,-0.217825,-0.036816,1.672240,1.664130,-1.647863,1
6.134000,-0.217825,-0.036816,1.672240,1.664130,-1.647852,1
6.135000,-0.217825,-0.036816,1.672240,1.664130,-1.647841,1
6.136000,-0.208621,-0.027612,2.404594,2.628133,-3.009154,1
6.137000,-0.208621,-0.027612,2.404594,2.628133,-3.009146,1
6.138000,-0.196350,-0.012272,2.952141,3.198813,-3.885208,1
6.139000,-0.196350,-0.012272,2.952141,3.198813,-3.885204,1
6.140000,-0.159534,0.024544,2.759484,2.909476,-4.161875,1
6.141000,-0.159534,0.024544,2.759484,2.909476,-4.161882,1
6.142000,-0.159534,0.024544,2.759484,2.909476,-4.161889,1
6.143000,-0.159534,0.024544,2.759484,2.909476,-4.161897,1
6.144000,-0.159534,0.024544,2.759484,2.909476,-4.161904,1
6.145000,-0.159534,0.024544,2.759484,2.909476,-4.161912,1
6.146000,-0.159534,0.024544,2.759484,2.909476,-4.161919,1
6.147000,-0.159534,0.024544,2.759484,2.909476,-4.161926,1
6.148000,-0.159534,0.024544,2.759484,2.909476,-4.161934,1
6.149000,-0.159534,0.024544,2.759484,2.909476,-4.161941,1
6.150000,-0.159534,0.024544,2.759484,2.909476,-4.161948,1
6.151000,-0.159534,0.024544,2.759484,2.909476,-4.161956,1
6.152000,-0.159534,0.024544,2.759484,2.909476,-4.161963,1
6.153000,-0.159534,0.024544,2.759484,2.909476,-4.161970,1
6.154000,-0.159534,0.024544,2.759484,2.909476,-4.161978,1
6.155000,-0.159534,0.024544,2.759484,2.909476,-4.161985,1
6.156000,-0.159534,0.024544,2.759484,2.909476,-4.161992,1
6.157000,-0.159534,0.024544,2.759484,2.909476,-4.162000,1
6.158000,-0.159534,0.024544,2.759484,2.909476,-4.162007,1
6.159000,-0.159534,0.024544,2.759484,2.909476,-4.162015,1
6.160000,-0.159534,0.024544,2.759484,2.909476,-4.162022,1
6.161000,-0.159534,0.024544,2.759484,2.909476,-4.162029,1
6.162000,-0.159534,0.027612,2.759484,2.586314,-3.577074,1
6.163000,-0.159534,0.027612,2.759484,2.586314,-3.577082,1
6.164000,-0.159534,0.027612,2.759484,2.586314,-3.577090,1
6.165000,-0.147262,0.036816,2.019761,1.172177,-1.648083,1
6.166000,-0.147262,0.036816,2.019761,1.069166,-1.442073,1
6.167000,-0.147262,0.036816,2.019761,1.069166,-1.442084,1
6.168000,-0.147262,0.036816,2.019761,1.069166,-1.442095,1
6.169000,-0.147262,0.036816,2.019761,1.069166,-1.442106,1
6.170000,-0.147262,0.036816,2.019761,0.983490,-1.270763,1
6.171000,-0.147262,0.036816,2.019761,0.983490,-1.270774,1
6.172000,-0.147262,0.036816,1.935898,0.847894,-1.083457,1
6.173000,-0.147262,0.036816,1.470771,0.744739,-1.342285,1
6.174000,-0.147262,0.036816,1.470771,0.744739,-1.342296,1
6.175000,-0.147262,0.036816,1.313701,0.702225,-1.414349,1
6.176000,-0.147262,0.036816,1.313701,0.702225,-1.414360,1
6.177000,-0.147262,0.036816,1.313701,0.702225,-1.414372,1
6.178000,-0.147262,0.036816,1.313701,0.702225,-1.414383,1
6.179000,-0.147262,0.036816,1.313701,0.702225,-1.414394,1
6.180000,-0.147262,0.036816,1.313701,0.702225,-1.414405,1
6.181000,-0.147262,0.036816,1.081687,0.629993,-1.501966,1
6.182000,-0.147262,0.036816,1.081687,0.629993,-1.501977,1
6.183000,-0.147262,0.036816,1.081687,0.629993,-1.501988,1
6.184000,-0.153398,0.030680,-0.574968,-0.454868,-0.878484,1
6.185000,-0.153398,0.030680,-0.549163,-0.454868,-0.852688,1
6.186000,-0.153398,0.030680,-0.549163,-0.454868,-0.852697,1
6.187000,-0.153398,0.030680,-0.549163,-0.454868,-0.852706,1
6.188000,-0.153398,0.030680,-0.549163,-0.454868,-0.852715,1
6.189000,-0.153398,0.030680,-0.549163,-0.454868,-0.852725,1
6.190000,-0.153398,0.030680,-0.549163,-0.454868,-0.852734,1
6.191000,-0.153398,0.027612,-0.525652,-0.454868,-0.767873,1
6.192000,-0.153398,0.027612,-0.525652,-0.454868,-0.767881,1
6.193000,-0.153398,0.027612,-0.525652,-0.454868,-0.767889,1
6.194000,-0.156466,0.024544,-0.636595,-0.454868,-0.823615,1
6.195000,-0.156466,0.024544,-0.636595,-0.454868,-0.823623,1
6.196000,-0.156466,0.024544,-0.636595,-0.454868,-0.823630,1
6.197000,-0.156466,0.024544,-0.636595,-0.454868,-0.823637,1
6.198000,-0.156466,0.024544,-0.636595,-0.454868,-0.823645,1
6.199000,-0.156466,0.024544,-0.636595,-0.454868,-0.823652,1
6.200000,-0.159534,0.021476,-0.636595,-0.454868,-0.768435,1
6.201000,-0.159534,0.021476,-0.636595,-0.454868,-0.768442,1
6.202000,-0.159534,0.021476,-0.636595,-0.454868,-0.768448,1
6.203000,-0.171806,0.012272,-0.684458,-0.904009,0.841501,1
6.204000,-0.171806,0.009204,-0.684458,-0.904009,0.902857,1
6.205000,-0.171806,0.009204,-0.684458,-0.904009,0.902854,1
6.206000,-0.171806,0.009204,-0.684458,-0.904009,0.902852,1
6.207000,-0.171806,0.009204,-0.684458,-0.904009,0.902849,1
6.208000,-0.171806,0.009204,-0.684458,-0.904009,0.902846,1
6.209000,-0.171806,0.009204,-0.684458,-0.904009,0.902843,1
6.210000,-0.171806,0.009204,-0.684458,-0.904009,0.902841,1
6.211000,-0.174874,0.006136,-0.684458,-1.202165,1.554373,1
6.212000,-0.174874,0.006136,-0.684458,-1.202165,1.554372,1
6.213000,-0.174874,0.006136,-0.684458,-1.202165,1.554370,1
6.214000,-0.184078,0.000000,-1.098534,-1.202165,1.244604,1
6.215000,-0.184078,-0.003068,-1.098534,-1.202165,1.305964,1
6.216000,-0.184078,-0.003068,-1.098534,-1.144934,1.191504,1
6.217000,-0.184078,-0.003068,-1.098534,-1.046949,0.995536,1
6.218000,-0.187146,-0.003068,-1.098534,-0.965052,0.825607,1
6.219000,-0.187146,-0.006136,-1.098534,-0.949965,0.856793,1
6.220000,-0.187146,-0.006136,-1.098534,-0.949965,0.856795,1
6.221000,-0.187146,-0.006136,-1.098534,-0.949965,0.856797,1
6.222000,-0.187146,-0.006136,-1.069584,-0.949965,0.885749,1
6.223000,-0.190214,-0.006136,-0.983806,-0.949965,0.965393,1
6.224000,-0.190214,-0.006136,-0.911015,-0.949965,1.038186,1
6.225000,-0.190214,-0.006136,-0.847988,-0.949965,1.101214,1
6.226000,-0.190214,-0.006136,-0.847988,-0.949965,1.101216,1
6.227000,-0.190214,-0.006136,-0.847988,-0.949965,1.101218,1
6.228000,-0.190214,-0.006136,-0.847988,-0.949965,1.101220,1
6.229000,-0.190214,-0.006136,-0.793320,-0.949965,1.155890,1
6.230000,-0.190214,-0.006136,-0.793320,-0.949965,1.155892,1
6.231000,-0.190214,-0.006136,-0.793320,-0.949965,1.155893,1
6.232000,-0.190214,-0.006136,-0.793320,-0.949965,1.155895,1
6.233000,-0.190214,-0.006136,-0.793320,-0.949965,1.155897,1
6.234000,-0.190214,-0.009204,-0.702438,-0.949965,1.308141,1
6.235000,-0.190214,-0.009204,-0.702438,-0.949965,1.308144,1
6.236000,-0.190214,-0.009204,-0.702438,-0.949965,1.308147,1
6.237000,-0.193282,-0.009204,-0.966688,-0.829183,0.796201,1
6.238000,-0.193282,-0.009204,-0.966688,-0.689667,0.517171,1
6.239000,-0.193282,-0.009204,-0.966688,-0.689667,0.517174,1
6.240000,-0.193282,-0.009204,-0.966688,-0.652867,0.000000,1
6.241000,-0.193282,-0.009204,-0.966688,-0.652867,0.000000,1
6.242000,-0.193282,-0.009204,-0.966688,-0.652867,0.000000,1
6.243000,-0.193282,-0.006136,-0.934483,0.494948,-2.481200,1
6.244000,-0.193282,-0.006136,-0.868497,0.475634,-2.376585,1
6.245000,-0.193282,-0.006136,-0.868497,0.475634,-2.376583,1
6.246000,-0.193282,-0.006136,-0.868497,0.475634,-2.376581,1
6.247000,-0.193282,-0.006136,-0.868497,0.475634,-2.376579,1
6.248000,-0.193282,-0.006136,-0.868497,0.475634,-2.376578,1
6.249000,-0.193282,-0.006136,-0.868497,0.475634,-2.376576,1
6.250000,-0.193282,-0.003068,-0.810890,0.457977,-2.345014,1
6.251000,-0.193282,-0.003068,-0.810890,0.457977,-2.345013,1
6.252000,-0.193282,-0.003068,-0.810890,0.457977,-2.345012,1
6.253000,-0.193282,-0.003068,-0.641276,0.398455,-2.056353,1
6.254000,-0.193282,-0.003068,-0.641276,0.398455,-2.056352,1
6.255000,-0.193282,-0.003068,-0.641276,0.398455,-2.056351,1
6.256000,-0.193282,-0.003068,-0.554369,0.363088,-1.898708,1
6.257000,-0.196350,-0.006136,-0.488191,0.343019,-1.737168,1
6.258000,-0.196350,-0.006136,-0.488191,0.343019,-1.737166,1
6.259000,-0.196350,-0.006136,-0.469499,0.343019,-1.718472,1
6.260000,-0.196350,-0.006136,-0.469499,0.343019,-1.718470,1
6.261000,-0.196350,-0.006136,-0.469499,0.343019,-1.718469,1
6.262000,-0.205553,-0.012272,-0.314706,0.343019,-1.459361,1
6.263000,-0.205553,-0.012272,-0.314706,0.343019,-1.459357,1
6.264000,-0.205553,-0.015340,-0.314706,0.343019,-1.397993,1
6.265000,-0.208621,-0.015340,-0.314706,0.343019,-1.404124,1
6.266000,-0.208621,-0.018408,-0.314706,-1.107255,2.157788,1
6.267000,-0.211689,-0.018408,-0.314706,-1.107255,2.151658,1
6.268000,-0.211689,-0.024544,-0.314706,-1.107255,2.274384,1
6.269000,-0.211689,-0.024544,-0.314706,-1.107255,2.274391,1
6.270000,-0.211689,-0.024544,-0.314706,-1.107255,2.274398,1
6.271000,-0.211689,-0.024544,-0.314706,-1.107255,2.274406,1
6.272000,-0.211689,-0.024544,-0.314706,-1.107255,2.274413,1
6.273000,-0.211689,-0.024544,-0.314706,-1.107255,2.274421,1
6.274000,-0.211689,-0.024544,-0.314706,-1.107255,2.274428,1
6.275000,-0.211689,-0.024544,-0.314706,-1.107255,2.274435,1
6.276000,-0.217825,-0.027612,-1.296973,-1.107255,1.341264,1
6.277000,-0.217825,-0.033748,-1.296973,-1.720135,2.689752,1
6.278000,-0.217825,-0.033748,-1.296973,-1.720135,2.689762,1
6.279000,-0.220893,-0.033748,-1.296973,-1.720135,2.683636,1
6.280000,-0.220893,-0.033748,-1.296973,-1.572759,2.388895,1
6.281000,-0.220893,-0.033748,-1.285249,-1.393411,2.041932,1
6.282000,-0.220893,-0.036816,-1.163996,-1.252013,1.941760,1
6.283000,-0.220893,-0.036816,-1.063257,-1.136227,1.810937,1
6.284000,-0.220893,-0.036816,-1.063257,-1.136227,1.810948,1
6.285000,-0.220893,-0.036816,-1.063257,-1.136227,1.810959,1
6.286000,-0.220893,-0.036816,-1.063257,-1.136227,1.810970,1
6.287000,-0.220893,-0.036816,-0.978137,-1.039549,1.702746,1
6.288000,-0.220893,-0.036816,-0.978137,-1.039549,1.702757,1
6.289000,-0.220893,-0.036816,-0.699541,-0.730399,1.363066,1
6.290000,-0.220893,-0.033748,-0.661658,-0.721236,1.321272,1
6.291000,-0.220893,-0.033748,-0.627998,-0.721236,1.354942,1
6.292000,-0.220893,-0.033748,-0.597453,-0.721236,1.385497,1
6.293000,-0.220893,-0.033748,-0.597453,-0.721236,1.385507,1
6.294000,-0.217825,-0.033748,0.569639,-0.721236,2.558745,1
6.295000,-0.217825,-0.033748,0.569639,-0.721236,2.558755,1
6.296000,-0.217825,-0.033748,0.569639,-0.721236,2.558766,1
6.297000,-0.217825,-0.033748,0.569639,-0.721236,2.558776,1
6.298000,-0.217825,-0.033748,0.569639,-0.721236,2.558786,1
6.299000,-0.217825,-0.033748,0.569639,-0.721236,2.558796,1
6.300000,-0.217825,-0.033748,0.569639,-0.721236,2.558806,1
6.301000,-0.217825,-0.033748,0.569639,-0.721236,2.558816,1
6.302000,-0.214757,-0.027612,0.462349,-0.721236,2.334952,1
6.303000,-0.214757,-0.027612,0.462349,-0.721236,2.334960,1
6.304000,-0.214757,-0.027612,0.462349,-0.721236,2.334968,1
6.305000,-0.208621,-0.021476,0.406897,0.930417,-1.734229,1
6.306000,-0.205553,-0.018408,0.406897,0.930417,-1.789447,1
6.307000,-0.205553,-0.018408,0.406897,0.930417,-1.789441,1
6.308000,-0.205553,-0.018408,0.406897,0.930417,-1.789436,1
6.309000,-0.205553,-0.018408,0.406897,0.930417,-1.789430,1
6.310000,-0.202485,-0.009204,0.406897,1.802677,-3.711889,1
6.311000,-0.199418,-0.006136,0.406897,1.802677,-3.767111,1
6.312000,-0.199418,-0.006136,0.406897,1.802677,-3.767109,1
6.313000,-0.199418,-0.006136,0.406897,1.802677,-3.767107,1
6.314000,-0.199418,-0.006136,0.406897,1.802677,-3.767105,1
6.315000,-0.199418,-0.006136,0.406897,1.158130,-2.478009,1
6.316000,-0.199418,-0.006136,0.406897,1.158130,-2.478007,1
6.317000,-0.199418,-0.006136,0.406897,1.158130,-2.478005,1
6.318000,-0.199418,-0.006136,0.406897,1.158130,-2.478004,1
6.319000,-0.199418,-0.006136,0.406897,1.158130,-2.478002,1
6.320000,-0.199418,-0.006136,0.406897,1.158130,-2.478000,1
6.321000,-0.202485,-0.006136,0.406897,1.158130,-2.484134,1
6.322000,-0.202485,-0.006136,0.406897,1.158130,-2.484132,1
6.323000,-0.202485,-0.006136,0.406897,1.158130,-2.484130,1
6.324000,-0.208621,-0.009204,-1.025432,1.158130,-3.867369,1
6.325000,-0.208621,-0.009204,-1.025432,1.158130,-3.867366,1
6.326000,-0.208621,-0.009204,-1.025432,1.158130,-3.867364,1
6.327000,-0.208621,-0.009204,-1.025432,1.158130,-3.867361,1
6.328000,-0.208621,-0.012272,-1.025432,1.158130,-3.805998,1
6.329000,-0.208621,-0.012272,-1.025432,1.158130,-3.805994,1
6.330000,-0.220893,-0.021476,-0.592526,-1.058463,1.819637,1
6.331000,-0.220893,-0.021476,-0.592526,-1.058463,1.819643,1
6.332000,-0.220893,-0.021476,-0.592526,-1.058463,1.819650,1
6.333000,-0.220893,-0.021476,-0.592526,-1.058463,1.819656,1
6.334000,-0.220893,-0.021476,-0.592526,-1.058463,1.819662,1
6.335000,-0.223961,-0.033748,-0.592526,-2.701174,5.344396,1
6.336000,-0.223961,-0.033748,-0.592526,-2.701174,5.344406,1
6.337000,-0.223961,-0.033748,-0.592526,-2.701174,5.344416,1
6.338000,-0.227029,-0.033748,-0.592526,-2.701174,5.338291,1
6.339000,-0.227029,-0.036816,-0.592526,-2.701174,5.399661,1
6.340000,-0.230097,-0.039884,-1.882819,-2.701174,4.164604,1
6.341000,-0.230097,-0.042951,-1.882819,-2.470344,3.764316,1
6.342000,-0.233165,-0.046019,-1.637917,-2.015771,3.155308,1
6.343000,-0.233165,-0.046019,-1.637917,-2.015771,3.155322,1
6.344000,-0.233165,-0.046019,-1.637917,-2.015771,3.155336,1
6.345000,-0.233165,-0.046019,-1.637917,-2.015771,3.155350,1
6.346000,-0.233165,-0.046019,-1.637917,-2.015771,3.155364,1
6.347000,-0.233165,-0.046019,-1.637917,-2.015771,3.155377,1
6.348000,-0.233165,-0.049087,-1.444396,-1.730440,2.839611,1
6.349000,-0.233165,-0.049087,-1.292482,-1.516848,2.564355,1
6.350000,-0.233165,-0.046019,-0.791808,-0.890170,1.750328,1
6.351000,-0.230097,-0.046019,0.701463,-0.890170,3.249748,1
6.352000,-0.230097,-0.046019,0.701463,-0.890170,3.249762,1
6.353000,-0.230097,-0.046019,0.701463,-0.890170,3.249776,1
6.354000,-0.230097,-0.046019,0.701463,-0.890170,3.249790,1
6.355000,-0.230097,-0.046019,0.701463,-0.890170,3.249804,1
6.356000,-0.230097,-0.046019,0.701463,-0.890170,3.249817,1
6.357000,-0.230097,-0.046019,0.701463,-0.890170,3.249831,1
6.358000,-0.230097,-0.046019,0.663633,-0.890170,3.212015,1
6.359000,-0.227029,-0.046019,0.629578,-0.890170,3.184110,1
6.360000,-0.227029,-0.042951,0.598858,-0.890170,3.092043,1
6.361000,-0.227029,-0.042951,0.570913,-0.890170,3.064112,1
6.362000,-0.223961,-0.039884,0.545649,-0.890170,2.983636,1
6.363000,-0.223961,-0.039884,0.522425,-0.890170,2.960424,1
6.364000,-0.220893,-0.036816,0.528052,-0.890170,2.910839,1
6.365000,-0.214757,-0.030680,0.528052,1.142169,-1.864276,1
6.366000,-0.214757,-0.030680,0.528052,1.142169,-1.864267,1
6.367000,-0.214757,-0.030680,0.528052,1.142169,-1.864258,1
6.368000,-0.214757,-0.030680,0.528052,1.142169,-1.864249,1
6.369000,-0.214757,-0.030680,0.528052,1.142169,-1.864240,1
6.370000,-0.214757,-0.030680,0.528052,1.142169,-1.864230,1
6.371000,-0.214757,-0.030680,0.528052,1.142169,-1.864221,1
6.372000,-0.214757,-0.030680,0.528052,1.142169,-1.864212,1
6.373000,-0.214757,-0.030680,0.528052,1.142169,-1.864203,1
6.374000,-0.214757,-0.030680,0.528052,1.142169,-1.864194,1
6.375000,-0.208621,-0.024544,1.527177,1.142169,-0.975508,1
6.376000,-0.208621,-0.024544,1.527177,1.142169,-0.975500,1
6.377000,-0.208621,-0.024544,1.527177,1.142169,-0.975493,1
6.378000,-0.193282,-0.003068,2.100340,3.277518,-5.071862,1
6.379000,-0.193282,-0.003068,2.100340,2.586784,-3.690393,1
6.380000,-0.193282,-0.003068,2.100340,2.586784,-3.690393,1
6.381000,-0.193282,-0.003068,2.100340,2.586784,-3.690392,1
6.382000,-0.193282,-0.003068,2.100340,2.586784,-3.690391,1
6.383000,-0.190214,0.000000,2.100340,2.136546,-2.845139,1
6.384000,-0.190214,0.000000,2.100340,2.136546,-2.845139,1
6.385000,-0.190214,0.000000,2.100340,2.136546,-2.845139,1
6.386000,-0.190214,0.000000,2.100340,2.136546,-2.845139,1
6.387000,-0.190214,0.000000,2.100340,2.136546,-2.845139,1
6.388000,-0.190214,0.000000,2.100340,2.136546,-2.845139,1
6.389000,-0.190214,0.000000,2.100340,2.136546,-2.845139,1
6.390000,-0.190214,0.000000,2.100340,2.136546,-2.845139,1
6.391000,-0.187146,0.006136,1.940392,2.073438,-2.995455,1
6.392000,-0.187146,0.006136,1.940392,2.073438,-2.995457,1
6.393000,-0.187146,0.006136,1.940392,2.073438,-2.995459,1
6.394000,-0.181010,0.012272,1.878667,1.249085,-1.518927,1
6.395000,-0.181010,0.012272,1.878667,1.249085,-1.518931,1
6.396000,-0.181010,0.012272,1.878667,1.249085,-1.518935,1
6.397000,-0.181010,0.012272,1.878667,1.249085,-1.518938,1
6.398000,-0.181010,0.012272,1.878667,1.249085,-1.518942,1
6.399000,-0.181010,0.012272,1.878667,1.249085,-1.518946,1
6.400000,-0.181010,0.012272,1.309546,0.956743,-1.503386,1
6.401000,-0.181010,0.012272,1.309546,0.956743,-1.503389,1
6.402000,-0.181010,0.012272,1.309546,0.956743,-1.503393,1
6.403000,-0.187146,0.003068,-0.633563,-0.611327,0.461441,1
6.404000,-0.190214,0.003068,-0.602504,-0.611327,0.486363,1
6.405000,-0.190214,0.000000,-0.574147,-0.611327,0.576080,1
6.406000,-0.190214,0.000000,-0.548692,-0.611327,0.601535,1
6.407000,-0.190214,0.000000,-0.548692,-0.611327,0.601535,1
6.408000,-0.190214,0.000000,-0.548692,-0.611327,0.601535,1
6.409000,-0.190214,0.000000,-0.548692,-0.611327,0.601535,1
6.410000,-0.190214,0.000000,-0.548692,-0.611327,0.601535,1
6.411000,-0.190214,0.000000,-0.548692,-0.611327,0.601535,1
6.412000,-0.190214,0.000000,-0.548692,-0.611327,0.601535,1
6.413000,-0.190214,0.000000,-0.548692,-0.611327,0.601535,1
6.414000,-0.190214,-0.003068,-0.525196,-0.611327,0.686391,1
6.415000,-0.190214,-0.003068,-0.525196,-0.611327,0.686392,1
6.416000,-0.190214,-0.003068,-0.525196,-0.611327,0.686393,1
6.417000,-0.196350,-0.009204,-0.580338,-1.594045,2.707138,1
6.418000,-0.196350,-0.009204,-0.580338,-1.594045,2.707141,1
6.419000,-0.196350,-0.009204,-0.580338,-1.594045,2.707143,1
6.420000,-0.202485,-0.015340,-0.580338,-1.110096,1.849696,1
6.421000,-0.202485,-0.015340,-0.580338,-1.110096,1.849700,1
6.422000,-0.202485,-0.015340,-0.580338,-1.110096,1.849705,1
6.423000,-0.202485,-0.018408,-0.580338,-1.035983,1.762843,1
6.424000,-0.202485,-0.018408,-0.580338,-1.035983,1.762849,1
6.425000,-0.202485,-0.018408,-0.580338,-1.035983,1.762854,1
6.426000,-0.205553,-0.021476,-0.867461,-1.035983,1.530961,1
6.427000,-0.205553,-0.024544,-0.867461,-1.035983,1.592328,1
6.428000,-0.205553,-0.024544,-0.867461,-1.035983,1.592335,1
6.429000,-0.205553,-0.024544,-0.867461,-1.035983,1.592342,1
6.430000,-0.205553,-0.024544,-0.867461,-1.035983,1.592350,1
6.431000,-0.205553,-0.024544,-0.867461,-1.035983,1.592357,1
6.432000,-0.205553,-0.024544,-0.867461,-1.035983,1.592364,1
6.433000,-0.205553,-0.024544,-0.867461,-1.035983,1.592372,1
6.434000,-0.205553,-0.024544,-0.867461,-1.035983,1.592379,1
6.435000,-0.205553,-0.024544,-0.867461,-1.035983,1.592386,1
6.436000,-0.205553,-0.024544,-0.867461,-1.035983,1.592394,1
6.437000,-0.205553,-0.024544,-0.867461,-1.035983,1.592401,1
6.438000,-0.205553,-0.024544,-0.867461,-1.035983,1.592409,1
6.439000,-0.205553,-0.024544,-0.867461,-0.863969,1.248390,1
6.440000,-0.205553,-0.024544,-0.867461,-0.863969,1.248397,1
6.441000,-0.205553,-0.024544,-0.867461,-0.863969,1.248404,1
6.442000,-0.205553,-0.024544,-0.867461,-0.863969,1.248412,1
6.443000,-0.205553,-0.021476,-0.833897,-0.786406,1.065496,1
6.444000,-0.202485,-0.018408,0.692485,-0.786406,2.536660,1
6.445000,-0.202485,-0.018408,0.692485,-0.786406,2.536666,1
6.446000,-0.202485,-0.018408,0.655379,-0.786406,2.499565,1
6.447000,-0.202485,-0.018408,0.655379,-0.786406,2.499571,1
6.448000,-0.202485,-0.018408,0.655379,-0.786406,2.499576,1
6.449000,-0.196350,-0.012272,0.482231,-0.786406,2.215985,1
6.450000,-0.196350,-0.012272,0.482231,-0.786406,2.215989,1
6.451000,-0.196350,-0.012272,0.482231,0.786312,-1.529445,1
6.452000,-0.196350,-0.012272,0.482231,0.786312,-1.529441,1
6.453000,-0.196350,-0.012272,0.482231,0.786312,-1.529437,1
6.454000,-0.196350,-0.012272,0.482231,0.786312,-1.529433,1
6.455000,-0.196350,-0.012272,0.482231,0.786312,-1.529430,1
6.456000,-0.193282,-0.009204,0.482231,0.753845,-1.519715,1
6.457000,-0.187146,0.000000,0.482231,0.753845,-1.691521,1
6.458000,-0.187146,0.000000,0.482231,0.753845,-1.691521,1
6.459000,-0.187146,0.000000,0.482231,0.753845,-1.691521,1
6.460000,-0.187146,0.000000,0.482231,0.753845,-1.691521,1
6.461000,-0.187146,0.000000,0.482231,0.753845,-1.691521,1
6.462000,-0.187146,0.000000,0.482231,0.753845,-1.691521,1
6.463000,-0.187146,0.000000,0.482231,0.753845,-1.691521,1
6.464000,-0.187146,0.000000,0.482231,0.753845,-1.691521,1
6.465000,-0.187146,0.000000,0.482231,0.753845,-1.691521,1
6.466000,-0.187146,0.000000,0.482231,0.753845,-1.691521,1
6.467000,-0.187146,0.000000,0.482231,0.753845,-1.691521,1
6.468000,-0.184078,0.003068,0.853811,1.573022,-3.013520,1
6.469000,-0.184078,0.003068,0.853811,1.573022,-3.013521,1
6.470000,-0.184078,0.003068,0.853811,1.573022,-3.013522,1
6.471000,-0.181010,0.006136,0.853811,1.573022,-3.068747,1
6.472000,-0.181010,0.006136,0.853811,1.573022,-3.068749,1
6.473000,-0.181010,0.006136,0.853811,1.573022,-3.068751,1
6.474000,-0.181010,0.006136,0.853811,1.166159,-2.255026,1
6.475000,-0.181010,0.006136,0.853811,1.166159,-2.255028,1
6.476000,-0.181010,0.006136,0.853811,1.166159,-2.255030,1
6.477000,-0.181010,0.006136,0.746282,0.855414,-1.741070,1
6.478000,-0.181010,0.003068,0.631073,0.855414,-1.794920,1
6.479000,-0.184078,0.000000,-0.546811,0.855414,-2.917581,1
6.480000,-0.184078,0.000000,-0.546811,0.855414,-2.917581,1
6.481000,-0.184078,0.000000,-0.546811,0.855414,-2.917581,1
6.482000,-0.193282,-0.009204,-0.417663,-0.933788,1.555643,1
6.483000,-0.193282,-0.009204,-0.417663,-0.933788,1.555646,1
6.484000,-0.193282,-0.009204,-0.417663,-0.933788,1.555649,1
6.485000,-0.193282,-0.009204,-0.417663,-0.933788,1.555651,1
6.486000,-0.193282,-0.009204,-0.417663,-0.933788,1.555654,1
6.487000,-0.193282,-0.009204,-0.417663,-0.933788,1.555657,1
6.488000,-0.193282,-0.009204,-0.417663,-0.933788,1.555660,1
6.489000,-0.193282,-0.009204,-0.417663,-0.933788,1.555662,1
6.490000,-0.193282,-0.009204,-0.417663,-0.933788,1.555665,1
6.491000,-0.196350,-0.012272,-0.417663,-0.933788,1.610892,1
6.492000,-0.202485,-0.021476,-0.417663,-2.441625,4.798378,1
6.493000,-0.205553,-0.030680,-1.395490,-1.791042,2.697336,1
6.494000,-0.205553,-0.030680,-1.395490,-1.791042,2.697345,1
6.495000,-0.205553,-0.030680,-1.395490,-1.791042,2.697354,1
6.496000,-0.205553,-0.030680,-1.395490,-1.791042,2.697363,1
6.497000,-0.205553,-0.030680,-1.395490,-1.791042,2.697373,1
6.498000,-0.205553,-0.030680,-1.395490,-1.791042,2.697382,1
6.499000,-0.205553,-0.030680,-1.395490,-1.791042,2.697391,1
6.500000,-0.205553,-0.030680,-1.395490,-1.791042,2.697400,1
6.501000,-0.205553,-0.030680,-1.395490,-1.791042,2.697409,1
6.502000,-0.205553,-0.030680,-1.395490,-1.791042,2.697419,1
6.503000,-0.205553,-0.030680,-1.395490,-1.791042,2.697428,1
6.504000,-0.205553,-0.030680,-1.395490,-1.791042,2.697437,1
6.505000,-0.205553,-0.030680,-1.395490,-1.791042,2.697446,1
6.506000,-0.205553,-0.030680,-1.395490,-1.791042,2.697455,1
6.507000,-0.205553,-0.030680,-1.395490,-1.791042,2.697465,1
6.508000,-0.205553,-0.030680,-1.395490,-1.791042,2.697474,1
6.509000,-0.208621,-0.030680,-1.395490,-1.791042,2.691347,1
6.510000,-0.208621,-0.030680,-1.395490,-1.791042,2.691356,1
6.511000,-0.208621,-0.030680,-1.395490,-1.791042,2.691365,1
6.512000,-0.208621,-0.030680,-1.395490,-1.791042,2.691375,1
6.513000,-0.208621,-0.030680,-1.395490,-1.791042,2.691384,1
6.514000,-0.208621,-0.030680,-1.395490,-1.791042,2.691393,1
6.515000,-0.202485,-0.024544,0.702749,0.760037,-1.022964,1
6.516000,-0.202485,-0.018408,0.599473,0.653384,-1.035647,1
6.517000,-0.202485,-0.018408,0.599473,0.653384,-1.035641,1
6.518000,-0.199418,-0.018408,0.571647,0.653384,-1.057326,1
6.519000,-0.199418,-0.015340,0.522951,0.653384,-1.167377,1
6.520000,-0.199418,-0.015340,0.501532,0.653384,-1.188791,1
6.521000,-0.196350,-0.012272,0.554207,0.653384,-1.191335,1
6.522000,-0.196350,-0.012272,0.554207,0.653384,-1.191332,1
6.523000,-0.196350,-0.012272,0.554207,0.653384,-1.191328,1
6.524000,-0.196350,-0.012272,0.554207,0.653384,-1.191324,1
6.525000,-0.196350,-0.012272,0.554207,0.653384,-1.191321,1
6.526000,-0.196350,-0.012272,0.554207,0.653384,-1.191317,1
6.527000,-0.196350,-0.012272,0.554207,0.653384,-1.191313,1
6.528000,-0.196350,-0.012272,0.554207,0.653384,-1.191310,1
6.529000,-0.196350,-0.012272,0.554207,0.653384,-1.191306,1
6.530000,-0.196350,-0.012272,0.554207,0.653384,-1.191302,1
6.531000,-0.196350,-0.012272,0.554207,0.653384,-1.191299,1
6.532000,-0.196350,-0.012272,0.554207,0.653384,-1.191295,1
6.533000,-0.196350,-0.012272,0.554207,0.653384,-1.191291,1
6.534000,-0.196350,-0.012272,0.554207,0.653384,-1.191288,1
6.535000,-0.193282,-0.012272,0.554207,0.653384,-1.185148,1
6.536000,-0.193282,-0.012272,0.554207,0.653384,-1.185144,1
6.537000,-0.193282,-0.012272,0.554207,0.653384,-1.185141,1
6.538000,-0.193282,-0.009204,0.554207,0.602312,-1.144353,1
6.539000,-0.193282,-0.009204,0.554207,0.574049,-1.087824,1
6.540000,-0.193282,-0.009204,0.554207,0.574049,-1.087821,1
6.541000,-0.193282,-0.009204,0.554207,0.574049,-1.087819,1
6.542000,-0.193282,-0.009204,0.554207,0.574049,-1.087816,1
6.543000,-0.193282,-0.009204,0.554207,0.548399,-1.036515,1
6.544000,-0.193282,-0.009204,0.554207,0.465223,-0.870158,1
6.545000,-0.193282,-0.012272,0.544519,-0.448177,1.608315,1
6.546000,-0.193282,-0.012272,0.521518,-0.432477,1.553918,1
6.547000,-0.193282,-0.012272,0.500220,-0.417728,1.503126,1
6.548000,-0.193282,-0.015340,0.462515,-0.399737,1.490802,1
6.549000,-0.193282,-0.015340,0.462515,-0.399737,1.490806,1
6.550000,-0.193282,-0.015340,0.445767,-0.399737,1.474063,1
6.551000,-0.193282,-0.015340,0.445767,-0.399737,1.474068,1
6.552000,-0.193282,-0.015340,0.445767,-0.399737,1.474072,1
6.553000,-0.193282,-0.015340,0.430140,-0.399737,1.458451,1
6.554000,-0.193282,-0.015340,0.430140,-0.399737,1.458455,1
6.555000,-0.193282,-0.015340,0.430140,-0.399737,1.458460,1
6.556000,-0.193282,-0.015340,0.415474,-0.399737,1.443798,1
6.557000,-0.193282,-0.015340,0.377236,-0.399737,1.405565,1
6.558000,-0.193282,-0.015340,0.377236,-0.399737,1.405570,1
6.559000,-0.193282,-0.015340,0.377236,-0.399737,1.405574,1
6.560000,-0.193282,-0.015340,0.377236,-0.399737,1.405579,1
6.561000,-0.193282,-0.015340,0.365983,-0.399737,1.394330,1
6.562000,-0.190214,-0.012272,0.310449,-0.399737,1.283577,1
6.563000,-0.184078,-0.009204,0.268804,-0.399737,1.192847,1
6.564000,-0.184078,-0.009204,0.268804,-0.399737,1.192849,1
6.565000,-0.181010,-0.006136,0.268804,0.594724,-1.451294,1
6.566000,-0.181010,-0.003068,0.268804,0.594724,-1.512653,1
6.567000,-0.181010,-0.003068,0.268804,0.594724,-1.512652,1
6.568000,-0.181010,-0.003068,0.268804,0.594724,-1.512651,1
6.569000,-0.181010,-0.003068,0.268804,0.594724,-1.512650,1
6.570000,-0.181010,-0.003068,0.268804,0.594724,-1.512649,1
6.571000,-0.181010,-0.003068,0.268804,0.594724,-1.512648,1
6.572000,-0.181010,-0.003068,0.268804,0.594724,-1.512647,1
6.573000,-0.181010,-0.003068,0.268804,0.594724,-1.512646,1
6.574000,-0.181010,-0.003068,0.268804,0.594724,-1.512645,1
6.575000,-0.181010,-0.003068,0.268804,0.594724,-1.512644,1
6.576000,-0.181010,-0.003068,0.268804,0.594724,-1.512643,1
6.577000,-0.177942,0.000000,0.268804,0.594724,-1.567867,1
6.578000,-0.174874,0.003068,0.268804,0.594724,-1.623091,1
6.579000,-0.171806,0.003068,0.880810,0.594724,-1.004950,1
6.580000,-0.171806,0.003068,0.880810,0.594724,-1.004951,1
6.581000,-0.171806,0.003068,0.880810,0.594724,-1.004952,1
6.582000,-0.171806,0.003068,0.880810,0.532582,-0.880669,1
6.583000,-0.171806,0.003068,0.880810,0.532582,-0.880670,1
6.584000,-0.171806,0.003068,0.880810,0.532582,-0.880671,1
6.585000,-0.171806,0.003068,0.880810,0.532582,-0.880672,1
6.586000,-0.171806,0.003068,0.880810,0.532582,-0.880673,1
6.587000,-0.171806,0.003068,0.880810,0.532582,-0.880673,1
6.588000,-0.171806,0.003068,0.880810,0.532582,-0.880674,1
6.589000,-0.171806,0.003068,0.880810,0.532582,-0.880675,1
6.590000,-0.171806,0.003068,0.880810,0.532582,-0.880676,1
6.591000,-0.171806,0.003068,0.880810,0.532582,-0.880677,1
6.592000,-0.171806,0.003068,0.880810,0.532582,-0.880678,1
6.593000,-0.171806,0.003068,0.880810,0.510541,-0.836596,1
6.594000,-0.171806,0.003068,0.880810,0.490087,-0.795689,1
6.595000,-0.171806,0.003068,0.880810,0.471214,-0.757943,1
6.596000,-0.171806,0.003068,0.880810,0.453789,-0.723096,1
6.597000,-0.171806,0.003068,0.880810,0.437703,-0.690924,1
6.598000,-0.171806,0.000000,0.838285,-0.422553,1.648422,1
6.599000,-0.174874,0.000000,-0.784746,-0.408505,-0.608841,1
6.600000,-0.174874,0.000000,-0.511367,-0.395357,0.000000,1
6.601000,-0.174874,0.000000,-0.511367,-0.382976,0.000000,1
6.602000,-0.174874,0.000000,-0.511367,-0.371425,0.000000,1
6.603000,-0.174874,0.000000,-0.511367,-0.371425,0.000000,1
6.604000,-0.174874,0.000000,-0.511367,-0.371425,0.000000,1
6.605000,-0.174874,0.000000,-0.511367,-0.371425,0.000000,1
6.606000,-0.174874,0.000000,-0.511367,-0.371425,0.000000,1
6.607000,-0.174874,0.000000,-0.511367,-0.371425,0.000000,1
6.608000,-0.174874,0.000000,-0.511367,-0.360489,0.000000,1
6.609000,-0.174874,0.000000,-0.511367,-0.360489,0.000000,1
6.610000,-0.174874,0.000000,-0.511367,-0.360489,0.000000,1
6.611000,-0.174874,-0.003068,-0.511367,-0.348873,0.000000,1
6.612000,-0.174874,-0.003068,-0.511367,-0.348873,0.000000,1
6.613000,-0.174874,-0.003068,-0.511367,-0.348873,0.000000,1
6.614000,-0.177942,-0.003068,-0.511367,-0.348873,0.000000,1
6.615000,-0.177942,-0.006136,-0.511367,-0.348873,0.000000,1
6.616000,-0.177942,-0.006136,-0.511367,-0.348873,0.000000,1
6.617000,-0.177942,-0.006136,-0.511367,-0.348873,0.000000,1
6.618000,-0.177942,-0.006136,-0.511367,-0.348873,0.000000,1
6.619000,-0.177942,-0.006136,-0.511367,-0.348873,0.000000,1
6.620000,-0.177942,-0.006136,-0.511367,-0.348873,0.000000,1
6.621000,-0.177942,-0.006136,-0.511367,-0.348873,0.000000,1
6.622000,-0.177942,-0.006136,-0.511367,-0.348873,0.000000,1
6.623000,-0.177942,-0.006136,-0.511367,-0.348873,0.000000,1
6.624000,-0.177942,-0.006136,-0.511367,-0.348873,0.000000,1
6.625000,-0.177942,-0.006136,-0.511367,-0.348873,0.000000,1
6.626000,-0.181010,-0.009204,-1.730704,-0.348873,-1.502230,1
6.627000,-0.181010,-0.009204,-1.517551,-0.348873,-1.289074,1
6.628000,-0.181010,-0.009204,-1.517551,-0.348873,-1.289072,1
6.629000,-0.181010,-0.009204,-1.517551,-0.348873,-1.289069,1
6.630000,-0.181010,-0.009204,-1.517551,-0.348873,-1.289066,1
6.631000,-0.181010,-0.009204,-1.517551,-0.348873,-1.289063,1
6.632000,-0.181010,-0.009204,-1.517551,-0.348873,-1.289061,1
6.633000,-0.181010,-0.009204,-1.349613,-0.348873,-1.121120,1
6.634000,-0.181010,-0.009204,-1.349613,-0.348873,-1.121117,1
6.635000,-0.181010,-0.009204,-1.349613,-0.348873,-1.121114,1
6.636000,-0.184078,-0.012272,-0.937504,-0.348873,-0.653778,1
6.637000,-0.184078,-0.012272,-0.937504,-0.348873,-0.653774,1
6.638000,-0.184078,-0.012272,-0.937504,-0.348873,-0.653770,1
6.639000,-0.184078,-0.012272,-0.937504,-0.348873,-0.653767,1
6.640000,-0.184078,-0.012272,-0.937504,-0.348873,-0.653763,1
6.641000,-0.184078,-0.012272,-0.937504,-0.348873,-0.653759,1
6.642000,-0.184078,-0.015340,-0.762530,-0.411118,0.000000,1
6.643000,-0.184078,-0.015340,-0.762530,-0.411118,0.000000,1
6.644000,-0.184078,-0.015340,-0.762530,-0.411118,0.000000,1
6.645000,-0.193282,-0.024544,-0.338356,-0.411118,0.896930,1
6.646000,-0.193282,-0.027612,-0.338356,-1.057158,2.250377,1
6.647000,-0.193282,-0.027612,-0.338356,-1.057158,2.250386,1
6.648000,-0.196350,-0.030680,-0.338356,-1.057158,2.305618,1
6.649000,-0.196350,-0.030680,-0.338356,-1.057158,2.305627,1
6.650000,-0.196350,-0.033748,-0.338356,-1.057158,2.366997,1
6.651000,-0.196350,-0.033748,-0.338356,-1.057158,2.367007,1
6.652000,-0.196350,-0.033748,-0.338356,-1.057158,2.367017,1
6.653000,-0.196350,-0.033748,-0.338356,-1.057158,2.367027,1
6.654000,-0.199418,-0.036816,-0.338356,-1.057158,2.422261,1
6.655000,-0.199418,-0.036816,-0.338356,-1.057158,2.422272,1
6.656000,-0.199418,-0.036816,-0.338356,-1.057158,2.422284,1
6.657000,-0.199418,-0.036816,-0.338356,-1.057158,2.422295,1
6.658000,-0.199418,-0.036816,-0.338356,-0.988787,2.285562,1
6.659000,-0.199418,-0.036816,-0.338356,-0.914947,2.137895,1
6.660000,-0.196350,-0.036816,-0.701144,-0.851570,1.654499,1
6.661000,-0.196350,-0.039884,-0.701144,-0.842634,1.697999,1
6.662000,-0.196350,-0.039884,-0.701144,-0.842634,1.698011,1
6.663000,-0.196350,-0.039884,-0.701144,-0.842634,1.698023,1
6.664000,-0.196350,-0.039884,-0.701144,-0.842634,1.698035,1
6.665000,-0.196350,-0.036816,-0.701144,-0.842634,1.636687,1
6.666000,-0.196350,-0.036816,-0.701144,-0.842634,1.636698,1
6.667000,-0.196350,-0.036816,-0.701144,-0.842634,1.636709,1
6.668000,-0.193282,-0.033748,-0.701144,-0.842634,1.581495,1
6.669000,-0.193282,-0.033748,-0.701144,-0.842634,1.581506,1
6.670000,-0.190214,-0.033748,-0.701144,-0.842634,1.587652,1
6.671000,-0.190214,-0.033748,-0.701144,-0.842634,1.587662,1
6.672000,-0.190214,-0.033748,-0.701144,-0.842634,1.587672,1
6.673000,-0.190214,-0.033748,-0.701144,-0.842634,1.587682,1
6.674000,-0.190214,-0.033748,-0.701144,-0.842634,1.587692,1
6.675000,-0.190214,-0.033748,-0.701144,-0.842634,1.587702,1
6.676000,-0.190214,-0.033748,-0.701144,-0.842634,1.587712,1
6.677000,-0.190214,-0.033748,-0.701144,-0.842634,1.587723,1
6.678000,-0.187146,-0.030680,-0.701144,1.087987,-2.928735,1
6.679000,-0.184078,-0.027612,0.735906,1.087987,-1.546900,1
6.680000,-0.177942,-0.024544,0.735906,1.087987,-1.595980,1
6.681000,-0.177942,-0.024544,0.735906,1.087987,-1.595973,1
6.682000,-0.177942,-0.024544,0.735906,1.087987,-1.595965,1
6.683000,-0.177942,-0.024544,0.735906,1.087987,-1.595958,1
6.684000,-0.177942,-0.024544,0.735906,1.087987,-1.595951,1
6.685000,-0.177942,-0.024544,0.735906,1.087987,-1.595943,1
6.686000,-0.177942,-0.018408,0.735906,1.200027,-1.942736,1
6.687000,-0.171806,-0.015340,1.214101,1.200027,-1.513624,1
6.688000,-0.171806,-0.012272,1.214101,1.200027,-1.574980,1
6.689000,-0.168738,-0.012272,1.214101,1.200027,-1.568840,1
6.690000,-0.168738,-0.012272,1.214101,1.200027,-1.568837,1
6.691000,-0.168738,-0.012272,1.214101,1.200027,-1.568833,1
6.692000,-0.168738,-0.012272,1.214101,1.200027,-1.568829,1
6.693000,-0.168738,-0.012272,1.214101,1.200027,-1.568825,1
6.694000,-0.168738,-0.012272,1.214101,1.200027,-1.568822,1
6.695000,-0.168738,-0.012272,1.214101,1.200027,-1.568818,1
6.696000,-0.168738,-0.012272,1.214101,1.200027,-1.568814,1
6.697000,-0.165670,-0.009204,1.021472,0.799871,-1.016352,1
6.698000,-0.165670,-0.009204,0.942957,0.750911,-0.996944,1
6.699000,-0.165670,-0.009204,0.942957,0.750911,-0.996941,1
6.700000,-0.165670,-0.009204,0.942957,0.750911,-0.996938,1
6.701000,-0.165670,-0.009204,0.942957,0.750911,-0.996936,1
6.702000,-0.165670,-0.009204,0.875947,0.707793,-0.977706,1
6.703000,-0.165670,-0.009204,0.875947,0.707793,-0.977703,1
6.704000,-0.165670,-0.009204,0.875947,0.707793,-0.977700,1
6.705000,-0.165670,-0.009204,0.875947,0.707793,-0.977698,1
6.706000,-0.165670,-0.009204,0.875947,0.707793,-0.977695,1
6.707000,-0.165670,-0.009204,0.557535,0.484301,-0.849121,1
6.708000,-0.165670,-0.009204,0.533414,0.465996,-0.836630,1
6.709000,-0.165670,-0.012272,0.511051,-0.448838,1.632039,1
6.710000,-0.165670,-0.012272,0.490692,-0.433058,1.580123,1
6.711000,-0.165670,-0.012272,0.471738,-0.418227,1.531512,1
6.712000,-0.165670,-0.015340,0.454277,-0.413846,1.566651,1
6.713000,-0.165670,-0.015340,0.438142,-0.413846,1.550521,1
6.714000,-0.165670,-0.015340,0.438142,-0.413846,1.550525,1
6.715000,-0.165670,-0.015340,0.438142,-0.413846,1.550530,1
6.716000,-0.165670,-0.015340,0.438142,-0.413846,1.550535,1
6.717000,-0.165670,-0.015340,0.438142,-0.413846,1.550539,1
6.718000,-0.165670,-0.015340,0.383411,-0.413846,1.495814,1
6.719000,-0.162602,-0.015340,0.360832,-0.413846,1.479374,1
6.720000,-0.162602,-0.015340,0.350494,-0.413846,1.469041,1
6.721000,-0.162602,-0.015340,0.350494,-0.413846,1.469046,1
6.722000,-0.162602,-0.015340,0.350494,-0.413846,1.469050,1
6.723000,-0.162602,-0.015340,0.350494,-0.413846,1.469055,1
6.724000,-0.162602,-0.015340,0.350494,-0.413846,1.469060,1
6.725000,-0.156466,-0.012272,0.907953,-0.413846,1.977435,1
6.726000,-0.156466,-0.012272,0.907953,-0.413846,1.977439,1
6.727000,-0.156466,-0.012272,0.907953,-0.413846,1.977443,1
6.728000,-0.156466,-0.012272,0.907953,-0.413846,1.977446,1
6.729000,-0.156466,-0.012272,0.907953,-0.413846,1.977450,1
6.730000,-0.156466,-0.012272,0.907953,-0.413846,1.977454,1
6.731000,-0.153398,-0.012272,0.907953,-0.413846,1.983593,1
6.732000,-0.153398,-0.012272,0.907953,-0.413846,1.983597,1
6.733000,-0.150330,-0.009204,0.907953,-0.413846,1.928376,1
6.734000,-0.141126,-0.003068,0.333802,0.497705,-1.173185,1
6.735000,-0.141126,-0.003068,0.333802,0.497705,-1.173184,1
6.736000,-0.141126,-0.003068,0.333802,0.497705,-1.173183,1
6.737000,-0.141126,-0.003068,0.333802,0.497705,-1.173182,1
6.738000,-0.141126,-0.003068,0.333802,0.497705,-1.173181,1
6.739000,-0.141126,-0.003068,0.333802,0.497705,-1.173181,1
6.740000,-0.141126,-0.003068,0.333802,0.497705,-1.173180,1
6.741000,-0.138058,0.000000,0.333802,0.497705,-1.228403,1
6.742000,-0.138058,0.003068,0.333802,0.497705,-1.289763,1
6.743000,-0.134990,0.003068,1.412659,0.497705,0.000000,1
6.744000,-0.131922,0.006136,1.412659,1.636713,-2.538013,1
6.745000,-0.131922,0.006136,1.412659,1.636713,-2.538015,1
6.746000,-0.131922,0.006136,1.412659,1.636713,-2.538017,1
6.747000,-0.131922,0.006136,1.412659,1.636713,-2.538019,1
6.748000,-0.125786,0.015340,1.412659,1.629860,-2.696122,1
6.749000,-0.125786,0.015340,1.412659,1.629860,-2.696127,1
6.750000,-0.125786,0.015340,1.323459,1.438393,-2.402398,1
6.751000,-0.122718,0.015340,1.465767,1.165159,-1.707492,1
6.752000,-0.122718,0.015340,1.465767,1.165159,-1.707497,1
6.753000,-0.122718,0.015340,1.465767,1.165159,-1.707501,1
6.754000,-0.122718,0.015340,1.465767,1.165159,-1.707506,1
6.755000,-0.122718,0.015340,1.465767,1.165159,-1.707510,1
6.756000,-0.122718,0.015340,1.465767,1.165159,-1.707515,1
6.757000,-0.122718,0.018408,1.465767,0.928890,-1.296341,1
6.758000,-0.122718,0.015340,1.465767,0.928890,-1.234986,1
6.759000,-0.122718,0.015340,1.465767,0.928890,-1.234991,1
6.760000,-0.122718,0.015340,1.465767,0.928890,-1.234995,1
6.761000,-0.122718,0.015340,1.465767,0.928890,-1.235000,1
6.762000,-0.122718,0.015340,1.099687,0.928890,-1.601084,1
6.763000,-0.122718,0.015340,1.099687,0.928890,-1.601089,1
6.764000,-0.122718,0.015340,1.099687,0.928890,-1.601094,1
6.765000,-0.122718,0.015340,1.009257,0.928890,-1.691528,1
6.766000,-0.122718,0.015340,0.809255,0.928890,-1.891534,1
6.767000,-0.122718,0.015340,0.809255,0.928890,-1.891539,1
6.768000,-0.122718,0.015340,0.809255,0.928890,-1.891544,1
6.769000,-0.122718,0.015340,0.759191,0.928890,-1.941612,1
6.770000,-0.122718,0.012272,0.715086,-0.921963,2.377343,1
6.771000,-0.122718,0.012272,0.675754,-0.857604,2.209290,1
6.772000,-0.122718,0.009204,0.640363,-0.818628,2.157303,1
6.773000,-0.122718,0.009204,0.487741,-0.818628,2.004679,1
6.774000,-0.122718,0.009204,0.487741,-0.818628,2.004676,1
6.775000,-0.122718,0.009204,0.487741,-0.818628,2.004673,1
6.776000,-0.122718,0.009204,0.487741,-0.818628,2.004671,1
6.777000,-0.122718,0.009204,0.487741,-0.818628,2.004668,1
6.778000,-0.122718,0.009204,0.487741,-0.818628,2.004665,1
6.779000,-0.122718,0.009204,0.469072,-0.818628,1.985993,1
6.780000,-0.122718,0.006136,0.451800,-0.818628,2.030078,1
6.781000,-0.122718,0.006136,0.435754,-0.818628,2.014030,1
6.782000,-0.116583,0.012272,0.349051,0.751424,-1.923227,1
6.783000,-0.116583,0.012272,0.349051,0.751424,-1.923231,1
6.784000,-0.116583,0.012272,0.349051,0.751424,-1.923235,1
6.785000,-0.116583,0.012272,0.349051,0.751424,-1.923238,1
6.786000,-0.116583,0.012272,0.349051,0.751424,-1.923242,1
6.787000,-0.116583,0.012272,0.349051,0.751424,-1.923246,1
6.788000,-0.116583,0.012272,0.349051,0.751424,-1.923249,1
6.789000,-0.116583,0.012272,0.349051,0.751424,-1.923253,1
6.790000,-0.116583,0.012272,0.349051,0.751424,-1.923257,1
6.791000,-0.116583,0.012272,0.349051,0.751424,-1.923260,1
6.792000,-0.116583,0.012272,0.339318,0.708097,-1.846342,1
6.793000,-0.116583,0.012272,0.339318,0.708097,-1.846346,1
6.794000,-0.113515,0.015340,0.321537,0.634836,-1.772834,1
6.795000,-0.113515,0.015340,0.321537,0.634836,-1.772839,1
6.796000,-0.110447,0.018408,0.312137,0.605063,-1.777922,1
6.797000,-0.107379,0.018408,0.312137,0.605063,-1.771791,1
6.798000,-0.107379,0.018408,0.312137,0.605063,-1.771797,1
6.799000,-0.107379,0.018408,0.312137,0.605063,-1.771802,1
6.800000,-0.107379,0.018408,0.312137,0.605063,-1.771808,1
6.801000,-0.107379,0.018408,0.312137,0.605063,-1.771813,1
6.802000,-0.107379,0.018408,0.312137,0.605063,-1.771819,1
6.803000,-0.107379,0.018408,0.312137,0.605063,-1.771824,1
6.804000,-0.107379,0.018408,0.312137,0.605063,-1.771830,1
6.805000,-0.107379,0.018408,0.312137,0.605063,-1.771835,1
6.806000,-0.107379,0.018408,0.312137,0.605063,-1.771841,1
6.807000,-0.107379,0.018408,0.312137,0.605063,-1.771846,1
6.808000,-0.107379,0.018408,0.312137,0.605063,-1.771852,1
6.809000,-0.107379,0.018408,0.312137,0.605063,-1.771857,1
6.810000,-0.107379,0.018408,0.312137,0.605063,-1.771863,1
6.811000,-0.107379,0.018408,0.312137,0.605063,-1.771868,1
6.812000,-0.107379,0.018408,0.312137,0.605063,-1.771874,1
6.813000,-0.107379,0.018408,0.312137,0.605063,-1.771879,1
6.814000,-0.107379,0.018408,0.312137,0.605063,-1.771885,1
6.815000,-0.107379,0.015340,0.312137,0.605063,-1.710530,1
6.816000,-0.116583,0.009204,0.312137,-0.499294,1.202492,1
6.817000,-0.116583,0.009204,0.312137,-0.499294,1.202489,1
6.818000,-0.116583,0.009204,0.312137,-0.499294,1.202486,1
6.819000,-0.116583,0.009204,0.312137,-0.499294,1.202483,1
6.820000,-0.116583,0.009204,0.312137,-0.499294,1.202481,1
6.821000,-0.116583,0.009204,0.312137,-0.499294,1.202478,1
6.822000,-0.116583,0.009204,0.312137,-0.499294,1.202475,1
6.823000,-0.116583,0.009204,0.312137,-0.499294,1.202472,1
6.824000,-0.116583,0.009204,0.312137,-0.499294,1.202470,1
6.825000,-0.116583,0.009204,0.312137,-0.499294,1.202467,1
6.826000,-0.116583,0.009204,0.312137,-0.499294,1.202464,1
6.827000,-0.122718,-0.003068,-0.427927,-1.773000,3.242980,1
6.828000,-0.122718,-0.006136,-0.427927,-1.773000,3.304341,1
6.829000,-0.122718,-0.006136,-0.427927,-1.773000,3.304343,1
6.830000,-0.122718,-0.006136,-0.427927,-1.773000,3.304344,1
6.831000,-0.122718,-0.006136,-0.427927,-1.773000,3.304346,1
6.832000,-0.122718,-0.006136,-0.427927,-1.773000,3.304348,1
6.833000,-0.125786,-0.009204,-0.427927,-1.773000,3.359574,1
6.834000,-0.125786,-0.009204,-0.427927,-1.773000,3.359577,1
6.835000,-0.125786,-0.009204,-0.427927,-1.773000,3.359580,1
6.836000,-0.125786,-0.009204,-0.427927,-1.773000,3.359582,1
6.837000,-0.125786,-0.009204,-0.427927,-1.773000,3.359585,1
6.838000,-0.125786,-0.009204,-0.427927,-1.436386,2.686360,1
6.839000,-0.125786,-0.009204,-0.427927,-1.436386,2.686363,1
6.840000,-0.125786,-0.009204,-0.427927,-1.436386,2.686365,1
6.841000,-0.125786,-0.009204,-0.427927,-0.906054,1.625704,1
6.842000,-0.122718,-0.006136,-0.892798,-0.745326,0.784155,1
6.843000,-0.122718,-0.006136,-0.892798,-0.745326,0.784157,1
6.844000,-0.122718,-0.006136,-0.892798,-0.745326,0.784159,1
6.845000,-0.122718,-0.006136,-0.892798,-0.745326,0.784161,1
6.846000,-0.122718,-0.006136,-0.892798,-0.745326,0.784163,1
6.847000,-0.113515,0.003068,-0.892798,-0.745326,0.618492,1
6.848000,-0.113515,0.003068,-0.892798,-0.745326,0.618491,1
6.849000,-0.110447,0.006136,0.798211,1.508375,-2.853127,1
6.850000,-0.110447,0.006136,0.798211,1.508375,-2.853129,1
6.851000,-0.110447,0.006136,0.798211,1.508375,-2.853131,1
6.852000,-0.110447,0.006136,0.798211,1.508375,-2.853132,1
6.853000,-0.107379,0.012272,0.798211,1.508375,-2.969719,1
6.854000,-0.107379,0.012272,0.798211,1.508375,-2.969722,1
6.855000,-0.107379,0.012272,0.798211,1.508375,-2.969726,1
6.856000,-0.107379,0.012272,0.798211,1.508375,-2.969730,1
6.857000,-0.107379,0.015340,0.798211,1.508375,-3.031094,1
6.858000,-0.107379,0.015340,0.798211,1.508375,-3.031098,1
6.859000,-0.107379,0.015340,0.798211,1.508375,-3.031103,1
6.860000,-0.107379,0.015340,0.798211,1.508375,-3.031107,1
6.861000,-0.104311,0.015340,0.798211,0.947793,-1.903811,1
6.862000,-0.104311,0.015340,0.798211,0.879993,-1.768217,1
6.863000,-0.104311,0.015340,0.798211,0.820965,-1.650166,1
6.864000,-0.104311,0.015340,0.798211,0.769634,-1.547508,1
6.865000,-0.104311,0.015340,0.754704,0.724554,-1.500860,1
6.866000,-0.104311,0.015340,0.754704,0.724554,-1.500865,1
6.867000,-0.104311,0.015340,0.754704,0.724554,-1.500869,1
6.868000,-0.104311,0.015340,0.754704,0.724554,-1.500874,1
6.869000,-0.104311,0.015340,0.754704,0.724554,-1.500879,1
6.870000,-0.104311,0.015340,0.754704,0.724554,-1.500883,1
6.871000,-0.104311,0.015340,0.710589,0.683798,-1.463491,1
6.872000,-0.107379,0.009204,1.143480,-0.534819,2.123215,1
6.873000,-0.107379,0.009204,1.143480,-0.534819,2.123213,1
6.874000,-0.107379,0.006136,1.143480,-0.534819,2.184570,1
6.875000,-0.110447,0.000000,-1.033891,-0.534819,-0.476219,1
6.876000,-0.110447,0.000000,-1.033891,-0.534819,-0.476219,1
6.877000,-0.110447,0.000000,-1.033891,-0.534819,-0.476219,1
6.878000,-0.110447,0.000000,-1.033891,-0.534819,-0.476219,1
6.879000,-0.110447,0.000000,-1.033891,-0.534819,-0.476219,1
6.880000,-0.110447,0.000000,-1.033891,-0.534819,-0.476219,1
6.881000,-0.110447,0.000000,-1.033891,-0.534819,-0.476219,1
6.882000,-0.110447,0.000000,-1.033891,-0.534819,-0.476219,1
6.883000,-0.110447,0.000000,-1.033891,-0.534819,-0.476219,1
6.884000,-0.110447,0.000000,-0.885032,-0.534819,0.000000,1
6.885000,-0.110447,0.000000,-0.825574,-0.534819,0.000000,1
6.886000,-0.110447,0.000000,-0.825574,-0.534819,0.000000,1
6.887000,-0.110447,0.000000,-0.825574,-0.534819,0.000000,1
6.888000,-0.110447,0.000000,-0.825574,-0.534819,0.000000,1
6.889000,-0.110447,0.000000,-0.825574,-0.534819,0.000000,1
6.890000,-0.110447,0.000000,-0.825574,-0.534819,0.000000,1
6.891000,-0.110447,0.000000,-0.825574,-0.534819,0.000000,1
6.892000,-0.110447,0.000000,-0.561150,-0.534819,0.596522,1
6.893000,-0.110447,0.000000,-0.536663,-0.534819,0.621010,1
6.894000,-0.110447,0.000000,-0.514273,-0.533774,0.641308,1
6.895000,-0.110447,0.000000,-0.493437,-0.511364,0.617324,1
6.896000,-0.110447,0.000000,-0.493437,-0.511364,0.617324,1
6.897000,-0.110447,0.000000,-0.493437,-0.511364,0.617324,1
6.898000,-0.110447,0.000000,-0.493437,-0.511364,0.617324,1
6.899000,-0.110447,0.000000,-0.493437,-0.511364,0.617324,1
6.900000,-0.110447,0.000000,-0.493437,-0.511364,0.617324,1
6.901000,-0.110447,0.000000,-0.493437,-0.511364,0.617324,1
6.902000,-0.110447,0.000000,-0.493437,-0.511364,0.617324,1
6.903000,-0.110447,0.000000,-0.373374,-0.383547,0.481754,1
6.904000,-0.110447,0.000000,-0.362409,-0.371986,0.469596,1
6.905000,-0.110447,0.000000,-0.351930,-0.360954,0.458012,1
6.906000,-0.110447,0.000000,-0.342167,-0.350691,0.000000,1
6.907000,-0.110447,0.000000,-0.332900,-0.340963,0.000000,1
6.908000,-0.110447,0.000000,-0.324043,-0.331679,0.000000,1
6.909000,-0.110447,0.000000,-0.315754,-0.323000,0.000000,1
6.910000,-0.110447,0.000000,-0.307842,-0.314725,0.000000,1
6.911000,-0.110447,0.000000,-0.300279,-0.306824,0.000000,1
6.912000,-0.110447,0.000000,-0.300279,-0.306824,0.000000,1
6.913000,-0.110447,0.000000,-0.300279,-0.306824,0.000000,1
6.914000,-0.110447,0.000000,-0.293109,-0.299342,0.000000,1
6.915000,-0.110447,0.000000,-0.293109,-0.299342,0.000000,1
6.916000,-0.107379,0.003068,0.267579,0.272763,-0.845139,1
6.917000,-0.107379,0.003068,0.267579,0.272763,-0.845140,1
6.918000,-0.107379,0.003068,0.267579,0.272763,-0.845141,1
6.919000,-0.107379,0.003068,0.267579,0.272763,-0.845142,1
6.920000,-0.107379,0.003068,0.267579,0.272763,-0.845143,1
6.921000,-0.107379,0.003068,0.267579,0.272763,-0.845144,1
6.922000,-0.107379,0.003068,0.267579,0.272763,-0.845144,1
6.923000,-0.107379,0.003068,0.261868,0.266832,-0.838993,1
6.924000,-0.107379,0.003068,0.261868,0.266832,-0.838994,1
6.925000,-0.107379,0.003068,0.261868,0.266832,-0.838994,1
6.926000,-0.107379,0.003068,0.219678,0.223161,-0.793844,1
6.927000,-0.107379,0.003068,0.215810,0.219170,-0.789731,1
6.928000,-0.107379,0.003068,0.212077,0.215321,-0.785766,1
6.929000,-0.107379,0.003068,0.208470,0.211604,-0.781940,1
6.930000,-0.107379,0.003068,0.208470,0.211604,-0.781941,1
6.931000,-0.107379,0.003068,0.208470,0.211604,-0.781942,1
6.932000,-0.107379,0.003068,0.208470,0.211604,-0.781943,1
6.933000,-0.107379,0.003068,0.208470,0.211604,-0.781944,1
6.934000,-0.107379,0.003068,0.208470,0.211604,-0.781945,1
6.935000,-0.107379,0.003068,0.208470,0.211604,-0.781946,1
6.936000,-0.107379,0.003068,0.208470,0.211604,-0.781947,1
6.937000,-0.110447,0.000000,-0.186313,-0.188812,0.000000,1
6.938000,-0.110447,0.000000,-0.186313,-0.188812,0.000000,1
6.939000,-0.110447,0.000000,-0.186313,-0.188812,0.000000,1
6.940000,-0.110447,0.000000,-0.186313,-0.188812,0.000000,1
6.941000,-0.110447,0.000000,-0.186313,-0.188812,0.000000,1
6.942000,-0.110447,0.000000,-0.186313,-0.188812,0.000000,1
6.943000,-0.110447,0.000000,-0.183524,-0.185949,0.000000,1
6.944000,-0.110447,0.000000,-0.183524,-0.185949,0.000000,1
6.945000,-0.110447,0.000000,-0.183524,-0.185949,0.000000,1
6.946000,-0.113515,-0.006136,-0.161753,-0.180796,0.000000,1
6.947000,-0.113515,-0.006136,-0.159646,-0.180796,0.000000,1
6.948000,-0.116583,-0.006136,-0.157598,-0.180796,0.000000,1
6.949000,-0.116583,-0.006136,-0.157598,-0.180796,0.000000,1
6.950000,-0.116583,-0.006136,-0.157598,-0.180796,0.000000,1
6.951000,-0.116583,-0.006136,-0.157598,-0.180796,0.000000,1
6.952000,-0.116583,-0.006136,-0.157598,-0.180796,0.000000,1
6.953000,-0.116583,-0.006136,-0.157598,-0.180796,0.000000,1
6.954000,-0.116583,-0.009204,-0.155599,-0.180796,0.465831,1
6.955000,-0.116583,-0.009204,-0.155599,-0.180796,0.465833,1
6.956000,-0.116583,-0.009204,-0.148092,-0.180796,0.473343,1
6.957000,-0.116583,-0.009204,-0.148092,-0.180796,0.473346,1
6.958000,-0.116583,-0.009204,-0.148092,-0.180796,0.473349,1
6.959000,-0.119651,-0.012272,-0.141085,-0.180796,0.535582,1
6.960000,-0.119651,-0.015340,-0.141085,-0.660708,1.556769,1
6.961000,-0.119651,-0.015340,-0.141085,-0.660708,1.556774,1
6.962000,-0.119651,-0.015340,-0.141085,-0.660708,1.556779,1
6.963000,-0.119651,-0.015340,-0.141085,-0.660708,1.556783,1
6.964000,-0.119651,-0.015340,-0.141085,-0.660708,1.556788,1
6.965000,-0.122718,-0.018408,-0.141085,-0.660708,1.612017,1
6.966000,-0.122718,-0.021476,-0.141085,-0.660708,1.673382,1
6.967000,-0.122718,-0.021476,-0.141085,-0.660708,1.673389,1
6.968000,-0.122718,-0.021476,-0.141085,-0.660708,1.673395,1
6.969000,-0.122718,-0.021476,-0.141085,-0.660708,1.673402,1
6.970000,-0.122718,-0.021476,-0.141085,-0.660708,1.673408,1
6.971000,-0.122718,-0.021476,-0.141085,-0.660708,1.673414,1
6.972000,-0.122718,-0.021476,-0.141085,-0.660708,1.673421,1
6.973000,-0.122718,-0.021476,-0.141085,-0.660708,1.673427,1
6.974000,-0.122718,-0.021476,-0.141085,-0.660708,1.673434,1
6.975000,-0.122718,-0.021476,-0.141085,-0.660708,1.673440,1
6.976000,-0.122718,-0.021476,-0.141085,-0.660708,1.673447,1
6.977000,-0.122718,-0.021476,-0.141085,-0.660708,1.673453,1
6.978000,-0.122718,-0.021476,-0.141085,-0.660708,1.673460,1
6.979000,-0.122718,-0.021476,-0.141085,-0.660708,1.673466,1
6.980000,-0.122718,-0.021476,-0.141085,-0.660708,1.673472,1
6.981000,-0.122718,-0.021476,-0.141085,-0.660708,1.673479,1
6.982000,-0.122718,-0.021476,-0.141085,-0.660708,1.673485,1
6.983000,-0.122718,-0.021476,-0.141085,-0.660708,1.673492,1
6.984000,-0.122718,-0.021476,-0.141085,-0.660708,1.673498,1
6.985000,-0.122718,-0.021476,-0.141085,-0.660708,1.673505,1
6.986000,-0.122718,-0.021476,-0.141085,-0.660708,1.673511,1
6.987000,-0.122718,-0.018408,-0.141085,-0.661157,1.613055,1
6.988000,-0.122718,-0.018408,-0.141085,-0.661157,1.613061,1
6.989000,-0.122718,-0.018408,-0.141085,-0.661157,1.613066,1
6.990000,-0.113515,-0.015340,-0.141085,-0.661157,1.570119,1
6.991000,-0.113515,-0.015340,-0.141085,-0.661157,1.570124,1
6.992000,-0.113515,-0.015340,-0.141085,-0.661157,1.570129,1
6.993000,-0.113515,-0.015340,-0.141085,-0.661157,1.570133,1
6.994000,-0.113515,-0.015340,-0.141085,-0.661157,1.570138,1
6.995000,-0.113515,-0.015340,-0.141085,-0.661157,1.570142,1
6.996000,-0.110447,-0.012272,0.310266,-0.661157,1.966274,1
6.997000,-0.110447,-0.012272,0.310266,-0.661157,1.966278,1
6.998000,-0.110447,-0.012272,0.310266,-0.661157,1.966281,1
6.999000,-0.101243,-0.003068,0.310266,0.799532,-1.720764,1
7.000000,-0.101243,-0.003068,0.310266,0.799532,-1.720763,1
7.001000,-0.101243,-0.003068,0.310266,0.799532,-1.720763,1
7.002000,-0.101243,-0.003068,0.310266,0.799532,-1.720762,1
7.003000,-0.101243,-0.003068,0.310266,0.799532,-1.720761,1
7.004000,-0.101243,-0.003068,0.310266,0.799532,-1.720760,1
7.005000,-0.095107,0.003068,1.148618,0.799532,-0.992855,1
7.006000,-0.095107,0.003068,1.148618,0.799532,-0.992856,1
7.007000,-0.095107,0.003068,1.148618,0.799532,-0.992857,1
7.008000,-0.095107,0.003068,1.148618,0.799532,-0.992858,1
7.009000,-0.095107,0.003068,1.148618,0.799532,-0.992859,1
7.010000,-0.095107,0.003068,1.148618,0.799532,-0.992860,1
7.011000,-0.085903,0.012272,1.688654,1.614678,-2.248790,1
7.012000,-0.085903,0.012272,1.688654,1.614678,-2.248794,1
7.013000,-0.073631,0.030680,2.035789,2.785416,-4.586756,1
7.014000,-0.073631,0.030680,2.035789,2.785416,-4.586765,1
7.015000,-0.067495,0.033748,2.035789,2.785416,-4.635862,1
7.016000,-0.067495,0.033748,2.035789,2.785416,-4.635872,1
7.017000,-0.064427,0.039884,1.665190,1.990477,-3.533189,1
7.018000,-0.064427,0.039884,1.665190,1.990477,-3.533201,1
7.019000,-0.064427,0.039884,1.665190,1.990477,-3.533213,1
7.020000,-0.064427,0.039884,1.665190,1.990477,-3.533225,1
7.021000,-0.064427,0.039884,1.665190,1.990477,-3.533237,1
7.022000,-0.064427,0.039884,1.665190,1.990477,-3.533249,1
7.023000,-0.058291,0.046019,1.780482,1.811792,-3.171046,1
7.024000,-0.058291,0.046019,1.554806,1.660748,-3.094648,1
7.025000,-0.064427,0.039884,-0.772309,-0.797582,0.000000,1
7.026000,-0.064427,0.039884,-0.772309,-0.797582,0.000000,1
7.027000,-0.064427,0.039884,-0.772309,-0.797582,0.000000,1
7.028000,-0.064427,0.039884,-0.772309,-0.797582,0.000000,1
7.029000,-0.064427,0.039884,-0.772309,-0.797582,0.000000,1
7.030000,-0.064427,0.039884,-0.772309,-0.797582,0.000000,1
7.031000,-0.064427,0.039884,-0.772309,-0.797582,0.000000,1
7.032000,-0.064427,0.039884,-0.726663,-0.748993,0.000000,1
7.033000,-0.064427,0.036816,-0.686004,-0.705872,0.000000,1
7.034000,-0.067495,0.033748,-0.649549,-0.671933,0.000000,1
7.035000,-0.067495,0.033748,-0.649549,-0.671933,0.000000,1
7.036000,-0.070563,0.030680,-0.635139,-0.671933,0.000000,1
7.037000,-0.070563,0.030680,-0.635139,-0.671933,0.000000,1
7.038000,-0.070563,0.030680,-0.635139,-0.671933,0.000000,1
7.039000,-0.070563,0.030680,-0.635139,-0.671933,0.000000,1
7.040000,-0.070563,0.030680,-0.635139,-0.671933,0.000000,1
7.041000,-0.070563,0.030680,-0.635139,-0.671933,0.000000,1
7.042000,-0.070563,0.030680,-0.635139,-0.671933,0.000000,1
7.043000,-0.073631,0.027612,-0.635139,-0.671933,0.000000,1
7.044000,-0.073631,0.027612,-0.635139,-0.671933,0.000000,1
7.045000,-0.079767,0.024544,-0.635139,-0.671933,0.000000,1
7.046000,-0.079767,0.024544,-0.635139,-0.671933,0.000000,1
7.047000,-0.082835,0.021476,-1.122709,-1.112557,0.816005,1
7.048000,-0.082835,0.021476,-1.122709,-1.112557,0.815999,1
7.049000,-0.085903,0.018408,-1.122709,-1.112557,0.871217,1
7.050000,-0.085903,0.018408,-1.122709,-1.112557,0.871211,1
7.051000,-0.085903,0.015340,-1.122709,-1.112557,0.932566,1
7.052000,-0.085903,0.015340,-1.122709,-1.112557,0.932561,1
7.053000,-0.085903,0.015340,-1.122709,-1.112557,0.932557,1
7.054000,-0.085903,0.015340,-1.122709,-1.112557,0.932552,1
7.055000,-0.085903,0.015340,-1.122709,-1.112557,0.932547,1
7.056000,-0.085903,0.015340,-1.122709,-1.112557,0.932543,1
7.057000,-0.085903,0.015340,-1.122709,-1.112557,0.932538,1
7.058000,-0.085903,0.015340,-1.122709,-1.112557,0.932534,1
7.059000,-0.092039,0.009204,-1.088719,-1.113368,1.078588,1
7.060000,-0.092039,0.006136,-1.000244,-1.113368,1.228420,1
7.061000,-0.095107,0.006136,-1.047297,-1.113368,1.175230,1
7.062000,-0.095107,0.006136,-1.047297,-1.113368,1.175228,1
7.063000,-0.095107,0.003068,-1.047297,-1.113368,1.236586,1
7.064000,-0.095107,0.003068,-1.047297,-1.113368,1.236585,1
7.065000,-0.095107,0.003068,-1.047297,-1.113368,1.236584,1
7.066000,-0.098175,0.003068,-1.047297,-1.113368,1.230447,1
7.067000,-0.098175,0.003068,-1.047297,-1.113368,1.230446,1
7.068000,-0.098175,0.003068,-1.047297,-1.107984,1.219678,1
7.069000,-0.098175,0.000000,-1.047297,-1.015909,1.096888,1
7.070000,-0.098175,0.000000,-1.047297,-0.938260,0.941590,1
7.071000,-0.098175,0.000000,-1.047297,-0.871986,0.809042,1
7.072000,-0.098175,0.000000,-1.047297,-0.814150,0.693370,1
7.073000,-0.101243,0.000000,-0.998865,-0.763140,0.633646,1
7.074000,-0.101243,0.000000,-0.924194,-0.718772,0.619580,1
7.075000,-0.101243,0.000000,-0.859030,-0.678729,0.604658,1
7.076000,-0.101243,0.000000,-0.803233,-0.643415,0.589827,1
7.077000,-0.101243,0.000000,-0.753532,-0.611127,0.574952,1
7.078000,-0.101243,0.000000,-0.710258,-0.582351,0.560674,1
7.079000,-0.101243,0.000000,-0.671150,-0.555797,0.546674,1
7.080000,-0.101243,0.000000,-0.636298,-0.531680,0.533293,1
7.081000,-0.101243,0.000000,-0.605008,-0.509656,0.520534,1
7.082000,-0.101243,0.000000,-0.576550,-0.489310,0.508301,1
7.083000,-0.101243,0.000000,-0.576550,-0.489310,0.508301,1
7.084000,-0.101243,0.000000,-0.576550,-0.489310,0.508301,1
7.085000,-0.101243,0.000000,-0.576550,-0.489310,0.508301,1
7.086000,-0.101243,0.000000,-0.485439,-0.422078,0.464948,1
7.087000,-0.104311,0.000000,-0.466921,-0.408009,0.000000,1
7.088000,-0.104311,0.000000,-0.449785,-0.394863,0.000000,1
7.089000,-0.104311,0.000000,-0.433928,-0.382590,0.000000,1
7.090000,-0.104311,0.000000,-0.419078,-0.370999,0.000000,1
7.091000,-0.104311,0.000000,-0.405266,-0.360133,0.000000,1
7.092000,-0.104311,0.000000,-0.392288,-0.349848,0.000000,1
7.093000,-0.104311,0.000000,-0.380165,-0.340173,0.000000,1
7.094000,-0.104311,0.000000,-0.368725,-0.330985,0.000000,1
7.095000,-0.104311,0.000000,-0.357999,-0.322317,0.000000,1
7.096000,-0.104311,0.003068,-0.347790,0.314018,-1.537091,1
7.097000,-0.104311,0.003068,-0.338224,0.306198,-1.511886,1
7.098000,-0.104311,0.003068,-0.329138,0.298732,-1.487870,1
7.099000,-0.104311,0.003068,-0.320528,0.291622,-1.465041,1
7.100000,-0.104311,0.003068,-0.312428,0.284903,-1.443503,1
7.101000,-0.104311,0.003068,-0.304618,0.278393,-1.422675,1
7.102000,-0.104311,0.003068,-0.297294,0.272263,-1.403091,1
7.103000,-0.107379,0.003068,-0.650973,0.266321,-1.751022,1
7.104000,-0.107379,0.003068,-0.650973,0.260647,-1.739676,1
7.105000,-0.107379,0.003068,-0.650973,0.255258,-1.728899,1
7.106000,-0.107379,0.000000,-0.650973,-0.250056,-0.656910,1
7.107000,-0.107379,0.000000,-0.650973,-0.245074,-0.666874,1
7.108000,-0.110447,0.000000,-0.650973,-0.240264,-0.682631,1
7.109000,-0.110447,0.000000,-0.650973,-0.235666,-0.691827,1
7.110000,-0.110447,0.000000,-0.650973,-0.231214,-0.700730,1
7.111000,-0.110447,-0.003068,-0.650973,-0.227324,-0.647151,1
7.112000,-0.110447,-0.003068,-0.650973,-0.227324,-0.647150,1
7.113000,-0.113515,-0.003068,-0.650973,-0.227324,-0.653285,1
7.114000,-0.113515,-0.003068,-0.650973,-0.227324,-0.653284,1
7.115000,-0.113515,-0.003068,-0.650973,-0.227324,-0.653283,1
7.116000,-0.113515,-0.006136,-0.650973,-0.227324,-0.591922,1
7.117000,-0.116583,-0.006136,-0.650973,-0.227324,-0.598056,1
7.118000,-0.116583,-0.006136,-0.650973,-0.227324,-0.598054,1
7.119000,-0.116583,-0.006136,-0.650973,-0.227324,-0.598052,1
7.120000,-0.119651,-0.009204,-0.311446,-0.227324,0.000000,1
7.121000,-0.119651,-0.009204,-0.311446,-0.227324,0.000000,1
7.122000,-0.119651,-0.009204,-0.311446,-0.227324,0.000000,1
7.123000,-0.119651,-0.009204,-0.311446,-0.227324,0.000000,1
7.124000,-0.122718,-0.012272,-0.311446,-0.227324,0.451935,1
7.125000,-0.122718,-0.012272,-0.311446,-0.227324,0.451939,1
7.126000,-0.122718,-0.012272,-0.311446,-0.227324,0.451943,1
7.127000,-0.122718,-0.015340,-0.311446,-0.793902,1.646463,1
7.128000,-0.125786,-0.015340,-0.311446,-0.793902,1.640332,1
7.129000,-0.125786,-0.015340,-0.311446,-0.793902,1.640336,1
7.130000,-0.125786,-0.015340,-0.311446,-0.793902,1.640341,1
7.131000,-0.125786,-0.015340,-0.311446,-0.793902,1.640346,1
7.132000,-0.125786,-0.018408,-0.311446,-0.793902,1.701710,1
7.133000,-0.125786,-0.018408,-0.311446,-0.793902,1.701716,1
7.134000,-0.125786,-0.018408,-0.311446,-0.793902,1.701721,1
7.135000,-0.125786,-0.018408,-0.311446,-0.793902,1.701727,1
7.136000,-0.125786,-0.018408,-0.311446,-0.793902,1.701733,1
7.137000,-0.125786,-0.018408,-0.311446,-0.793902,1.701738,1
7.138000,-0.128854,-0.018408,-0.311446,-0.793902,1.695608,1
7.139000,-0.128854,-0.018408,-0.311446,-0.793902,1.695613,1
7.140000,-0.128854,-0.018408,-0.311446,-0.793902,1.695619,1
7.141000,-0.128854,-0.021476,-0.311446,-0.793902,1.756984,1
7.142000,-0.128854,-0.021476,-0.311446,-0.793902,1.756991,1
7.143000,-0.128854,-0.021476,-0.311446,-0.793902,1.756997,1
7.144000,-0.128854,-0.021476,-0.311446,-0.695683,1.560566,1
7.145000,-0.128854,-0.021476,-0.311446,-0.658282,1.485769,1
7.146000,-0.128854,-0.021476,-0.311446,-0.624870,1.418952,1
7.147000,-0.128854,-0.018408,-0.311446,-0.616627,1.341112,1
7.148000,-0.128854,-0.018408,-0.311446,-0.616627,1.341118,1
7.149000,-0.128854,-0.018408,-0.311446,-0.616627,1.341123,1
7.150000,-0.128854,-0.018408,-0.311446,-0.616627,1.341129,1
7.151000,-0.128854,-0.018408,-0.311446,-0.616627,1.341134,1
7.152000,-0.128854,-0.018408,-0.311446,-0.616627,1.341140,1
7.153000,-0.128854,-0.018408,-0.311446,-0.616627,1.341145,1
7.154000,-0.128854,-0.018408,-0.311446,-0.616627,1.341151,1
7.155000,-0.128854,-0.018408,-0.311446,-0.616627,1.341156,1
7.156000,-0.128854,-0.018408,-0.311446,-0.616627,1.341162,1
7.157000,-0.125786,-0.015340,-0.311446,-0.616627,1.285943,1
7.158000,-0.122718,-0.012272,0.813810,-0.616627,2.355980,1
7.159000,-0.122718,-0.012272,0.813810,-0.616627,2.355984,1
7.160000,-0.122718,-0.012272,0.813810,-0.616627,2.355987,1
7.161000,-0.122718,-0.012272,0.813810,-0.616627,2.355991,1
7.162000,-0.122718,-0.012272,0.813810,-0.616627,2.355995,1
7.163000,-0.122718,-0.012272,0.813810,-0.616627,2.355998,1
7.164000,-0.119651,-0.009204,0.813810,-0.616627,2.300778,1
7.165000,-0.119651,-0.009204,0.813810,-0.616627,2.300780,1
7.166000,-0.119651,-0.009204,0.813810,-0.616627,2.300783,1
7.167000,-0.116583,-0.006136,0.813810,0.804423,-1.196539,1
7.168000,-0.110447,0.000000,0.354284,0.804423,-1.766511,1
7.169000,-0.110447,0.000000,0.354284,0.804423,-1.766511,1
7.170000,-0.110447,0.000000,0.354284,0.804423,-1.766511,1
7.171000,-0.110447,0.000000,0.354284,0.804423,-1.766511,1
7.172000,-0.110447,0.000000,0.354284,0.804423,-1.766511,1
7.173000,-0.110447,0.000000,0.354284,0.804423,-1.766511,1
7.174000,-0.110447,0.003068,0.354284,0.804423,-1.827871,1
7.175000,-0.110447,0.003068,0.354284,0.804423,-1.827872,1
7.176000,-0.110447,0.003068,0.354284,0.804423,-1.827873,1
7.177000,-0.110447,0.003068,0.354284,0.804423,-1.827874,1
7.178000,-0.104311,0.012272,0.354284,1.574342,-3.539522,1
7.179000,-0.104311,0.012272,0.354284,1.574342,-3.539526,1
7.180000,-0.104311,0.012272,0.354284,1.574342,-3.539529,1
7.181000,-0.101243,0.018408,0.354284,1.666147,-3.839727,1
7.182000,-0.101243,0.018408,0.354284,1.666147,-3.839733,1
7.183000,-0.101243,0.018408,0.354284,1.666147,-3.839738,1
7.184000,-0.098175,0.021476,1.291962,1.666147,-2.957290,1
7.185000,-0.098175,0.021476,1.291962,1.666147,-2.957297,1
7.186000,-0.098175,0.021476,1.291962,1.666147,-2.957303,1
7.187000,-0.098175,0.024544,1.291962,1.666147,-3.018670,1
7.188000,-0.098175,0.024544,1.291962,1.666147,-3.018677,1
7.189000,-0.098175,0.024544,1.291962,1.666147,-3.018684,1
7.190000,-0.095107,0.024544,1.291962,1.316733,-2.313728,1
7.191000,-0.095107,0.024544,1.291962,1.316733,-2.313735,1
7.192000,-0.095107,0.024544,1.291962,1.316733,-2.313743,1
7.193000,-0.098175,0.024544,-1.049994,0.996496,-4.021367,1
7.194000,-0.098175,0.024544,-1.049994,0.996496,-4.021374,1
7.195000,-0.098175,0.024544,-1.049994,0.996496,-4.021381,1
7.196000,-0.104311,0.018408,-0.656399,0.911816,-3.347987,1
7.197000,-0.104311,0.018408,-0.623261,0.911816,-3.314854,1
7.198000,-0.107379,0.015340,-0.576354,0.911816,-3.212729,1
7.199000,-0.107379,0.015340,-0.576354,0.911816,-3.212733,1
7.200000,-0.110447,0.012272,-0.576354,0.911816,-3.157514,1
7.201000,-0.122718,-0.003068,-1.369991,-2.213930,3.182596,1
7.202000,-0.122718,-0.003068,-1.369991,-2.213930,3.182597,1
7.203000,-0.131922,-0.015340,-2.287354,-4.050281,6.000000,1
7.204000,-0.131922,-0.015340,-2.287354,-4.050281,6.000000,1
7.205000,-0.134990,-0.018408,-2.287354,-4.050281,6.000000,1
7.206000,-0.134990,-0.018408,-2.287354,-4.050281,6.000000,1
7.207000,-0.134990,-0.018408,-2.287354,-3.649725,5.419102,1
7.208000,-0.138058,-0.024544,-2.000102,-1.926637,2.376768,1
7.209000,-0.138058,-0.024544,-2.000102,-1.926637,2.376775,1
7.210000,-0.141126,-0.027612,-1.344565,-1.710700,2.655669,1
7.211000,-0.141126,-0.027612,-1.344565,-1.710700,2.655677,1
7.212000,-0.141126,-0.027612,-1.344565,-1.710700,2.655685,1
7.213000,-0.141126,-0.027612,-1.344565,-1.710700,2.655694,1
7.214000,-0.141126,-0.027612,-1.344565,-1.710700,2.655702,1
7.215000,-0.141126,-0.027612,-1.344565,-1.710700,2.655710,1
7.216000,-0.141126,-0.027612,-1.344565,-1.710700,2.655719,1
7.217000,-0.141126,-0.027612,-1.344565,-1.710700,2.655727,1
7.218000,-0.141126,-0.027612,-1.344565,-1.710700,2.655735,1
7.219000,-0.141126,-0.027612,-1.344565,-1.710700,2.655743,1
7.220000,-0.141126,-0.027612,-1.344565,-1.710700,2.655752,1
7.221000,-0.141126,-0.027612,-1.344565,-1.710700,2.655760,1
7.222000,-0.141126,-0.027612,-1.344565,-1.710700,2.655768,1
7.223000,-0.141126,-0.027612,-1.344565,-1.710700,2.655777,1
7.224000,-0.141126,-0.027612,-1.344565,-1.710700,2.655785,1
7.225000,-0.141126,-0.027612,-1.344565,-1.710700,2.655793,1
7.226000,-0.141126,-0.027612,-1.344565,-1.710700,2.655801,1
7.227000,-0.141126,-0.027612,-1.344565,-1.710700,2.655810,1
7.228000,-0.141126,-0.027612,-1.344565,-1.710700,2.655818,1
7.229000,-0.141126,-0.027612,-1.344565,-1.710700,2.655826,1
7.230000,-0.141126,-0.027612,-1.344565,-1.710700,2.655835,1
7.231000,-0.141126,-0.027612,-1.344565,-1.710700,2.655843,1
7.232000,-0.138058,-0.024544,0.811088,1.498582,-2.262284,1
7.233000,-0.138058,-0.024544,0.811088,1.498582,-2.262276,1
7.234000,-0.138058,-0.024544,0.811088,1.498582,-2.262269,1
7.235000,-0.138058,-0.024544,0.811088,1.498582,-2.262261,1
7.236000,-0.138058,-0.024544,0.811088,1.498582,-2.262254,1
7.237000,-0.138058,-0.024544,0.811088,1.498582,-2.262247,1
7.238000,-0.128854,-0.012272,1.880583,1.171502,-0.765618,1
7.239000,-0.128854,-0.012272,1.880583,1.171502,-0.765615,1
7.240000,-0.128854,-0.012272,1.880583,1.171502,-0.765611,1
7.241000,-0.128854,-0.012272,1.880583,1.171502,-0.765607,1
7.242000,-0.128854,-0.012272,1.880583,1.171502,-0.765603,1
7.243000,-0.128854,-0.012272,1.880583,1.171502,-0.765600,1
7.244000,-0.116583,0.000000,0.765473,1.982345,-3.723289,1
7.245000,-0.116583,0.000000,0.765473,1.982345,-3.723289,1
7.246000,-0.116583,0.000000,0.765473,1.982345,-3.723289,1
7.247000,-0.116583,0.000000,0.765473,1.982345,-3.723289,1
7.248000,-0.116583,0.000000,0.765473,1.982345,-3.723289,1
7.249000,-0.116583,0.000000,0.765473,1.982345,-3.723289,1
7.250000,-0.104311,0.021476,2.002400,3.776469,-6.000000,1
7.251000,-0.104311,0.021476,2.002400,3.776469,-6.000000,1
7.252000,-0.104311,0.021476,2.002400,3.776469,-6.000000,1
7.253000,-0.092039,0.033748,2.107780,2.597865,-4.237915,1
7.254000,-0.092039,0.033748,2.107780,2.597865,-4.237925,1
7.255000,-0.092039,0.033748,2.107780,2.597865,-4.237935,1
7.256000,-0.085903,0.042951,1.922370,2.136613,-3.672660,1
7.257000,-0.085903,0.042951,1.922370,2.136613,-3.672673,1
7.258000,-0.085903,0.042951,1.922370,2.136613,-3.672686,1
7.259000,-0.085903,0.046019,1.922370,2.136613,-3.734059,1
7.260000,-0.085903,0.046019,1.922370,2.136613,-3.734073,1
7.261000,-0.085903,0.046019,1.922370,2.136613,-3.734087,1
7.262000,-0.082835,0.052155,1.208637,1.203107,-2.697406,1
7.263000,-0.082835,0.052155,1.101073,1.095585,-2.589940,1
7.264000,-0.082835,0.049087,1.010278,-1.006411,2.184602,1
7.265000,-0.082835,0.049087,0.933278,-0.929978,1.954720,1
7.266000,-0.082835,0.049087,0.867501,-0.864648,1.758269,1
7.267000,-0.085903,0.046019,-0.675989,-0.855641,0.000000,1
7.268000,-0.085903,0.046019,-0.675989,-0.855641,0.000000,1
7.269000,-0.085903,0.046019,-0.675989,-0.855641,0.000000,1
7.270000,-0.085903,0.046019,-0.675989,-0.855641,0.000000,1
7.271000,-0.085903,0.049087,-0.580144,-0.855641,0.000000,1
7.272000,-0.085903,0.049087,-0.580144,-0.855641,0.000000,1
7.273000,-0.085903,0.049087,-0.580144,-0.855641,0.000000,1
7.274000,-0.085903,0.049087,-0.554071,-0.855641,0.000000,1
7.275000,-0.085903,0.049087,-0.530076,-0.855641,0.000000,1
7.276000,-0.085903,0.049087,-0.508159,-0.855641,0.000000,1
7.277000,-0.085903,0.049087,-0.487894,-0.855641,0.000000,1
7.278000,-0.085903,0.049087,-0.469256,-0.855641,0.000000,1
7.279000,-0.085903,0.052155,-0.451931,-0.855641,0.000000,1
7.280000,-0.085903,0.052155,-0.435906,-0.855641,0.000000,1
7.281000,-0.085903,0.052155,-0.393915,0.728103,-3.356365,1
7.282000,-0.085903,0.052155,-0.393915,0.728103,-3.356380,1
7.283000,-0.085903,0.052155,-0.393915,0.728103,-3.356396,1
7.284000,-0.085903,0.052155,-0.393915,0.728103,-3.356412,1
7.285000,-0.082835,0.052155,0.381697,0.687431,-2.493336,1
7.286000,-0.082835,0.052155,0.381697,0.687431,-2.493351,1
7.287000,-0.085903,0.055223,-0.349115,0.647051,-3.210915,1
7.288000,-0.085903,0.055223,-0.330350,0.647051,-3.192166,1
7.289000,-0.085903,0.055223,-0.330350,0.647051,-3.192183,1
7.290000,-0.085903,0.055223,-0.321709,0.647051,-3.183558,1
7.291000,-0.085903,0.055223,-0.313449,0.647051,-3.175315,1
7.292000,-0.088971,0.052155,-0.298203,0.647051,-3.104862,1
7.293000,-0.088971,0.052155,-0.298203,0.647051,-3.104877,1
7.294000,-0.088971,0.052155,-0.291164,0.647051,-3.097854,1
7.295000,-0.092039,0.052155,-0.284453,0.647051,-3.097295,1
7.296000,-0.092039,0.049087,-0.277952,0.647051,-3.029449,1
7.297000,-0.092039,0.049087,-0.277952,0.647051,-3.029464,1
7.298000,-0.095107,0.046019,-0.282148,-0.961051,0.837754,1
7.299000,-0.098175,0.046019,-0.282148,-0.961051,0.831604,1
7.300000,-0.098175,0.042951,-0.282148,-0.961051,0.892950,1
7.301000,-0.101243,0.039884,-0.282148,-0.961051,0.948162,1
7.302000,-0.101243,0.039884,-0.282148,-0.961051,0.948150,1
7.303000,-0.101243,0.039884,-0.282148,-0.961051,0.948138,1
7.304000,-0.107379,0.036816,-1.382795,-0.961051,-0.703433,1
7.305000,-0.107379,0.036816,-1.382795,-0.961051,-0.703444,1
7.306000,-0.110447,0.036816,-1.382795,-0.961051,-0.709591,1
7.307000,-0.110447,0.033748,-1.382795,-1.469760,0.969177,1
7.308000,-0.113515,0.033748,-1.382795,-1.469760,0.963031,1
7.309000,-0.113515,0.033748,-1.382795,-1.469760,0.963021,1
7.310000,-0.113515,0.033748,-1.382795,-1.469760,0.963011,1
7.311000,-0.113515,0.033748,-1.382795,-1.469760,0.963001,1
7.312000,-0.113515,0.033748,-1.382795,-1.469760,0.962991,1
7.313000,-0.119651,0.027612,-1.707443,-1.469760,0.748781,1
7.314000,-0.119651,0.027612,-1.707443,-1.469760,0.748773,1
7.315000,-0.122718,0.027612,-1.707443,-1.399516,0.602139,1
7.316000,-0.125786,0.027612,-1.707443,-1.256800,0.000000,1
7.317000,-0.125786,0.027612,-1.707443,-1.138830,-0.525384,1
7.318000,-0.125786,0.027612,-1.707443,-1.138830,-0.525393,1
7.319000,-0.128854,0.027612,-1.707443,-1.042618,-0.723961,1
7.320000,-0.128854,0.027612,-1.707443,-1.042618,-0.723970,1
7.321000,-0.128854,0.027612,-1.707443,-1.042618,-0.723978,1
7.322000,-0.128854,0.027612,-1.707443,-1.042618,-0.723986,1
7.323000,-0.131922,0.024544,-1.530972,-0.830680,-0.916175,1
7.324000,-0.131922,0.024544,-1.530972,-0.830680,-0.916182,1
7.325000,-0.134990,0.021476,-1.530972,-0.732644,-1.057038,1
7.326000,-0.134990,0.021476,-1.530972,-0.732644,-1.057044,1
7.327000,-0.141126,0.021476,-1.530972,-0.732644,-1.069322,1
7.328000,-0.141126,0.018408,-1.493137,-0.732644,-0.970134,1
7.329000,-0.144194,0.018408,-1.395222,-0.732644,-0.878360,1
7.330000,-0.144194,0.018408,-1.395222,-0.732644,-0.878365,1
7.331000,-0.147262,0.015340,-1.395222,-0.732644,-0.823147,1
7.332000,-0.147262,0.015340,-1.395222,-0.732644,-0.823151,1
7.333000,-0.150330,0.015340,-1.395222,-0.732644,-0.829292,1
7.334000,-0.150330,0.012272,-1.395222,-0.732644,-0.767936,1
7.335000,-0.150330,0.012272,-1.395222,-0.732644,-0.767940,1
7.336000,-0.153398,0.012272,-1.395222,-0.732644,-0.774079,1
7.337000,-0.162602,0.006136,-1.429989,-0.905294,0.000000,1
7.338000,-0.162602,0.006136,-1.429989,-0.905294,0.000000,1
7.339000,-0.162602,0.006136,-1.429989,-0.905294,0.000000,1
7.340000,-0.162602,0.006136,-1.429989,-0.905294,0.000000,1
7.341000,-0.162602,0.006136,-1.429989,-0.905294,0.000000,1
7.342000,-0.162602,0.006136,-1.429989,-0.905294,0.000000,1
7.343000,-0.165670,0.003068,-1.429989,-0.905294,0.000000,1
7.344000,-0.171806,-0.003068,-1.569173,-1.208176,0.873003,1
7.345000,-0.177942,-0.006136,-1.569173,-1.208176,0.922092,1
7.346000,-0.177942,-0.006136,-1.569173,-1.208176,0.922094,1
7.347000,-0.181010,-0.009204,-1.671392,-1.208176,0.875101,1
7.348000,-0.181010,-0.009204,-1.671392,-1.208176,0.875104,1
7.349000,-0.181010,-0.009204,-1.671392,-1.208176,0.875107,1
7.350000,-0.181010,-0.009204,-1.671392,-1.208176,0.875110,1
7.351000,-0.181010,-0.009204,-1.671392,-1.208176,0.875112,1
7.352000,-0.184078,-0.012272,-1.671392,-1.208176,0.930339,1
7.353000,-0.184078,-0.012272,-1.671392,-1.208176,0.930343,1
7.354000,-0.184078,-0.012272,-1.671392,-1.208176,0.930347,1
7.355000,-0.184078,-0.012272,-1.671392,-1.208176,0.930350,1
7.356000,-0.184078,-0.012272,-1.671392,-1.208176,0.930354,1
7.357000,-0.184078,-0.012272,-1.671392,-1.208176,0.930358,1
7.358000,-0.184078,-0.012272,-1.671392,-1.208176,0.930361,1
7.359000,-0.184078,-0.012272,-1.671392,-1.208176,0.930365,1
7.360000,-0.184078,-0.012272,-1.671392,-1.208176,0.930369,1
7.361000,-0.184078,-0.012272,-1.671392,-1.208176,0.930372,1
7.362000,-0.184078,-0.012272,-1.671392,-1.208176,0.930376,1
7.363000,-0.184078,-0.012272,-1.671392,-1.208176,0.930380,1
7.364000,-0.184078,-0.012272,-1.671392,-1.208176,0.930383,1
7.365000,-0.184078,-0.012272,-1.671392,-1.208176,0.930387,1
7.366000,-0.184078,-0.012272,-1.671392,-1.208176,0.930391,1
7.367000,-0.193282,-0.018408,-1.519010,-1.104325,0.979388,1
7.368000,-0.193282,-0.018408,-1.519010,-1.104325,0.979394,1
7.369000,-0.193282,-0.018408,-1.519010,-1.104325,0.979399,1
7.370000,-0.196350,-0.018408,-1.519010,-1.104325,0.973269,1
7.371000,-0.196350,-0.018408,-1.519010,-1.104325,0.973274,1
7.372000,-0.196350,-0.018408,-1.519010,-1.104325,0.973280,1
7.373000,-0.199418,-0.021476,-1.476895,-1.095970,1.053913,1
7.374000,-0.199418,-0.021476,-1.476895,-1.095970,1.053919,1
7.375000,-0.199418,-0.021476,-1.476895,-1.095970,1.053926,1
7.376000,-0.205553,-0.021476,-1.207771,-0.674626,0.468096,1
7.377000,-0.208621,-0.021476,-1.207771,-0.639306,0.000000,1
7.378000,-0.208621,-0.021476,-1.207771,-0.607660,0.000000,1
7.379000,-0.208621,-0.021476,-1.207771,-0.578912,0.000000,1
7.380000,-0.208621,-0.021476,-1.207771,-0.552977,0.000000,1
7.381000,-0.211689,-0.021476,-1.155050,-0.486997,-0.466681,1
7.382000,-0.211689,-0.021476,-1.155050,-0.486997,-0.466674,1
7.383000,-0.214757,-0.021476,-0.900869,-0.435222,0.000000,1
7.384000,-0.214757,-0.021476,-0.900869,-0.435222,0.000000,1
7.385000,-0.214757,-0.021476,-0.839052,-0.420263,0.000000,1
7.386000,-0.214757,-0.021476,-0.839052,-0.420263,0.000000,1
7.387000,-0.214757,-0.021476,-0.785451,-0.406373,0.000000,1
7.388000,-0.214757,-0.021476,-0.785451,-0.406373,0.000000,1
7.389000,-0.214757,-0.021476,-0.785451,-0.406373,0.000000,1
7.390000,-0.214757,-0.021476,-0.785451,-0.406373,0.000000,1
7.391000,-0.214757,-0.021476,-0.785451,-0.406373,0.000000,1
7.392000,-0.214757,-0.021476,-0.785451,-0.406373,0.000000,1
7.393000,-0.214757,-0.021476,-0.785451,-0.406373,0.000000,1
7.394000,-0.214757,-0.021476,-0.785451,-0.406373,0.000000,1
7.395000,-0.214757,-0.021476,-0.785451,-0.406373,0.000000,1
7.396000,-0.214757,-0.021476,-0.785451,-0.406373,0.000000,1
7.397000,-0.214757,-0.021476,-0.785451,-0.406373,0.000000,1
7.398000,-0.217825,-0.021476,-0.873148,-0.369675,0.000000,1
7.399000,-0.217825,-0.021476,-0.873148,-0.369675,0.000000,1
7.400000,-0.217825,-0.021476,-0.873148,-0.369675,0.000000,1
7.401000,-0.223961,-0.021476,-0.873148,-0.313104,-0.556979,1
7.402000,-0.223961,-0.021476,-0.873148,-0.313104,-0.556972,1
7.403000,-0.223961,-0.021476,-0.873148,-0.313104,-0.556966,1
7.404000,-0.223961,-0.021476,-0.873148,-0.290805,-0.601558,1
7.405000,-0.223961,-0.021476,-0.873148,-0.290805,-0.601552,1
7.406000,-0.223961,-0.021476,-0.873148,-0.290805,-0.601545,1
7.407000,-0.227029,-0.021476,-0.830154,-0.271497,-0.603297,1
7.408000,-0.227029,-0.021476,-0.830154,-0.271497,-0.603290,1
7.409000,-0.227029,-0.021476,-0.830154,-0.271497,-0.603284,1
7.410000,-0.230097,-0.021476,-0.756579,-0.254602,-0.569628,1
7.411000,-0.230097,-0.021476,-0.756579,-0.254602,-0.569622,1
7.412000,-0.230097,-0.021476,-0.756579,-0.254602,-0.569616,1
7.413000,-0.236233,-0.024544,-0.756579,-0.222347,-0.585029,1
7.414000,-0.236233,-0.024544,-0.756579,-0.218391,-0.592935,1
7.415000,-0.242369,-0.027612,-0.769219,-0.214624,-0.564013,1
7.416000,-0.242369,-0.027612,-0.769219,-0.214624,-0.564005,1
7.417000,-0.245437,-0.030680,-0.769219,-0.214624,-0.508772,1
7.418000,-0.245437,-0.030680,-0.769219,-0.214624,-0.508763,1
7.419000,-0.245437,-0.030680,-0.769219,-0.214624,-0.508754,1
7.420000,-0.245437,-0.030680,-0.769219,-0.214624,-0.508745,1
7.421000,-0.248505,-0.033748,-0.769219,-0.214624,-0.453511,1
7.422000,-0.248505,-0.033748,-0.769219,-0.214624,-0.453501,1
7.423000,-0.251573,-0.033748,-0.769219,-0.214624,-0.459627,1
7.424000,-0.251573,-0.033748,-0.769219,-0.214624,-0.459617,1
7.425000,-0.251573,-0.033748,-0.769219,-0.214624,-0.459607,1
7.426000,-0.251573,-0.033748,-0.769219,-0.214624,-0.459596,1
7.427000,-0.251573,-0.033748,-0.769219,-0.214624,-0.459586,1
7.428000,-0.251573,-0.033748,-0.769219,-0.214624,-0.459576,1
7.429000,-0.251573,-0.033748,-0.769219,-0.214624,-0.459566,1
7.430000,-0.251573,-0.033748,-0.769219,-0.214624,-0.459556,1
7.431000,-0.251573,-0.033748,-0.769219,-0.214624,-0.459546,1
7.432000,-0.251573,-0.033748,-0.769219,-0.214624,-0.459536,1
7.433000,-0.251573,-0.033748,-0.769219,-0.214624,-0.459526,1
7.434000,-0.251573,-0.033748,-0.769219,-0.214624,-0.459515,1
7.435000,-0.254641,-0.036816,-0.963977,-0.214624,-0.599040,1
7.436000,-0.254641,-0.036816,-0.963977,-0.214624,-0.599029,1
7.437000,-0.254641,-0.036816,-0.963977,-0.214624,-0.599018,1
7.438000,-0.257709,-0.039884,-0.963977,-0.662661,0.952293,1
7.439000,-0.257709,-0.039884,-0.963977,-0.662661,0.952305,1
7.440000,-0.257709,-0.039884,-0.963977,-0.662661,0.952317,1
7.441000,-0.260777,-0.039884,-0.963977,-0.662661,0.946193,1
7.442000,-0.260777,-0.039884,-0.963977,-0.662661,0.946205,1
7.443000,-0.260777,-0.039884,-0.963977,-0.662661,0.946217,1
7.444000,-0.263845,-0.042951,-0.963977,-0.662661,1.001453,1
7.445000,-0.263845,-0.042951,-0.963977,-0.662661,1.001466,1
7.446000,-0.263845,-0.042951,-0.963977,-0.662661,1.001479,1
7.447000,-0.269981,-0.046019,-1.175608,-0.662661,0.838949,1
7.448000,-0.269981,-0.046019,-1.175608,-0.662661,0.838963,1
7.449000,-0.269981,-0.046019,-1.175608,-0.662661,0.838977,1
7.450000,-0.276117,-0.052155,-1.175608,-1.002365,1.628847,1
7.451000,-0.279185,-0.055223,-1.264295,-1.002365,1.595399,1
7.452000,-0.282252,-0.058291,-1.264295,-1.001856,1.649622,1
7.453000,-0.282252,-0.058291,-1.264295,-1.001856,1.649639,1
7.454000,-0.282252,-0.058291,-1.264295,-1.001856,1.649657,1
7.455000,-0.282252,-0.058291,-1.264295,-1.001856,1.649674,1
7.456000,-0.282252,-0.058291,-1.264295,-0.926257,1.498493,1
7.457000,-0.285320,-0.058291,-1.012729,-0.711523,1.314472,1
7.458000,-0.285320,-0.058291,-1.012729,-0.711523,1.314490,1
7.459000,-0.285320,-0.058291,-1.012729,-0.711523,1.314507,1
7.460000,-0.285320,-0.058291,-1.012729,-0.711523,1.314525,1
7.461000,-0.285320,-0.058291,-1.012729,-0.711523,1.314542,1
7.462000,-0.285320,-0.058291,-1.012729,-0.711523,1.314560,1
7.463000,-0.285320,-0.058291,-1.012729,-0.711523,1.314577,1
7.464000,-0.285320,-0.058291,-1.012729,-0.711523,1.314595,1
7.465000,-0.285320,-0.058291,-1.012729,-0.711523,1.314612,1
7.466000,-0.285320,-0.058291,-1.012729,-0.711523,1.314630,1
7.467000,-0.285320,-0.058291,-1.012729,-0.711523,1.314647,1
7.468000,-0.285320,-0.058291,-1.012729,-0.711523,1.314665,1
7.469000,-0.285320,-0.058291,-1.012729,-0.711523,1.314682,1
7.470000,-0.285320,-0.058291,-1.012729,-0.711523,1.314700,1
7.471000,-0.285320,-0.058291,-1.012729,-0.711523,1.314717,1
7.472000,-0.285320,-0.058291,-1.012729,-0.711523,1.314734,1
7.473000,-0.285320,-0.058291,-1.012729,-0.711523,1.314752,1
7.474000,-0.285320,-0.058291,-1.012729,-0.711523,1.314769,1
7.475000,-0.285320,-0.058291,-1.012729,-0.711523,1.314787,1
7.476000,-0.285320,-0.058291,-0.811327,-0.605857,1.304875,1
7.477000,-0.285320,-0.058291,-0.811327,-0.605857,1.304893,1
7.478000,-0.285320,-0.058291,-0.811327,-0.605857,1.304910,1
7.479000,-0.285320,-0.055223,-0.508725,-0.516139,1.366735,1
7.480000,-0.285320,-0.055223,-0.508725,-0.516139,1.366751,1
7.481000,-0.285320,-0.055223,-0.508725,-0.516139,1.366768,1
7.482000,-0.285320,-0.055223,-0.508725,-0.516139,1.366784,1
7.483000,-0.285320,-0.055223,-0.508725,-0.516139,1.366801,1
7.484000,-0.285320,-0.055223,-0.508725,-0.516139,1.366817,1
7.485000,-0.285320,-0.055223,-0.508725,-0.516139,1.366834,1
7.486000,-0.285320,-0.055223,-0.508725,-0.516139,1.366851,1
7.487000,-0.285320,-0.055223,-0.508725,-0.516139,1.366867,1
7.488000,-0.276117,-0.042951,-0.871807,0.797971,-2.451452,1
7.489000,-0.276117,-0.042951,-0.871807,0.797971,-2.451440,1
7.490000,-0.276117,-0.042951,-0.871807,0.797971,-2.451427,1
7.491000,-0.276117,-0.039884,-0.871807,0.797971,-2.512774,1
7.492000,-0.276117,-0.039884,-0.871807,0.797971,-2.512762,1
7.493000,-0.276117,-0.039884,-0.871807,0.797971,-2.512750,1
7.494000,-0.273049,-0.036816,-0.871807,0.797971,-2.567962,1
7.495000,-0.273049,-0.036816,-0.871807,0.797971,-2.567951,1
7.496000,-0.273049,-0.036816,-0.871807,0.797971,-2.567940,1
7.497000,-0.273049,-0.033748,0.749314,0.797971,-1.008168,1
7.498000,-0.273049,-0.033748,0.749314,0.797971,-1.008158,1
7.499000,-0.273049,-0.033748,0.749314,0.797971,-1.008148,1
7.500000,-0.269981,-0.030680,0.465150,1.229384,-2.210351,1
7.501000,-0.269981,-0.030680,0.465150,1.229384,-2.210342,1
7.502000,-0.269981,-0.030680,0.465150,1.229384,-2.210333,1
7.503000,-0.269981,-0.030680,0.465150,1.229384,-2.210324,1
7.504000,-0.269981,-0.030680,0.465150,1.229384,-2.210315,1
7.505000,-0.269981,-0.030680,0.465150,1.229384,-2.210305,1
7.506000,-0.273049,-0.030680,0.465150,1.103986,-1.965636,1
7.507000,-0.273049,-0.030680,0.465150,1.013132,-1.783920,1
7.508000,-0.273049,-0.030680,0.465150,0.935667,-1.628980,1
7.509000,-0.276117,-0.033748,0.465150,-0.869094,2.635775,1
7.510000,-0.276117,-0.033748,0.465150,-0.869094,2.635785,1
7.511000,-0.276117,-0.036816,0.465150,-0.761270,2.481509,1
7.512000,-0.276117,-0.039884,0.465150,-0.718357,2.457054,1
7.513000,-0.276117,-0.036816,0.465150,-0.718357,2.395705,1
7.514000,-0.279185,-0.036816,-0.727312,-0.718357,1.197119,1
7.515000,-0.279185,-0.036816,-0.727312,-0.718357,1.197130,1
7.516000,-0.279185,-0.036816,-0.727312,-0.718357,1.197141,1
7.517000,-0.279185,-0.036816,-0.727312,-0.718357,1.197152,1
7.518000,-0.279185,-0.039884,-0.727312,2.093948,-4.966088,1
7.519000,-0.279185,-0.039884,-0.727312,2.093948,-4.966076,1
7.520000,-0.282252,-0.036816,-0.727312,2.093948,-5.033560,1
7.521000,-0.282252,-0.036816,-0.727312,2.093948,-5.033549,1
7.522000,-0.282252,-0.036816,-0.727312,2.093948,-5.033538,1
7.523000,-0.282252,-0.036816,-0.727312,2.093948,-5.033527,1
7.524000,-0.285320,-0.039884,-0.727312,2.027311,-4.845016,1
7.525000,-0.285320,-0.039884,-0.727312,2.027311,-4.845004,1
7.526000,-0.285320,-0.039884,-0.727312,2.027311,-4.844992,1
7.527000,-0.285320,-0.039884,-0.727312,2.027311,-4.844980,1
7.528000,-0.291456,-0.046019,-0.582932,2.027311,-4.590140,1
7.529000,-0.294524,-0.046019,-0.582932,2.027311,-4.596262,1
7.530000,-0.300660,-0.055223,-0.582932,-1.878739,3.987660,1
7.531000,-0.300660,-0.055223,-0.582932,-1.878739,3.987676,1
7.532000,-0.300660,-0.055223,-0.582932,-1.878739,3.987693,1
7.533000,-0.300660,-0.058291,-0.582932,-1.878739,4.049070,1
7.534000,-0.303728,-0.067495,-1.886948,-3.965678,6.000000,1
7.535000,-0.303728,-0.067495,-1.886948,-3.965678,6.000000,1
7.536000,-0.306796,-0.070563,-1.886948,-3.965678,6.000000,1
7.537000,-0.306796,-0.070563,-1.886948,-3.965678,6.000000,1
7.538000,-0.306796,-0.070563,-1.886948,-3.965678,6.000000,1
7.539000,-0.306796,-0.070563,-1.886948,-3.965678,6.000000,1
7.540000,-0.306796,-0.070563,-1.886948,-3.965678,6.000000,1
7.541000,-0.309864,-0.073631,-1.886948,-2.730996,4.738125,1
7.542000,-0.309864,-0.073631,-1.886948,-2.730996,4.738147,1
7.543000,-0.309864,-0.073631,-1.886948,-2.730996,4.738169,1
7.544000,-0.312932,-0.079767,-1.555679,-2.716479,5.157010,1
7.545000,-0.312932,-0.079767,-1.555679,-2.716479,5.157034,1
7.546000,-0.312932,-0.079767,-1.555679,-2.716479,5.157058,1
7.547000,-0.316000,-0.082835,-2.057697,-1.367919,2.013168,1
7.548000,-0.316000,-0.082835,-1.765335,-1.230430,2.030577,1
7.549000,-0.316000,-0.082835,-1.543453,-1.118372,2.028367,1
7.550000,-0.316000,-0.082835,-1.543453,-1.118372,2.028392,1
7.551000,-0.312932,-0.079767,1.120079,-1.093975,4.587931,1
7.552000,-0.312932,-0.079767,1.120079,-1.093975,4.587955,1
7.553000,-0.312932,-0.079767,1.026889,-1.093975,4.494788,1
7.554000,-0.312932,-0.079767,1.026889,-1.093975,4.494812,1
7.555000,-0.312932,-0.079767,1.026889,-1.093975,4.494836,1
7.556000,-0.306796,-0.076699,0.880816,-1.093975,4.299699,1
7.557000,-0.306796,-0.076699,0.880816,-1.093975,4.299722,1
7.558000,-0.303728,-0.073631,0.880816,-1.093975,4.244521,1
7.559000,-0.303728,-0.073631,0.880816,-1.093975,4.244543,1
7.560000,-0.300660,-0.070563,0.880816,-1.093975,4.189341,1
7.561000,-0.300660,-0.070563,0.880816,-1.093975,4.189362,1
7.562000,-0.300660,-0.070563,0.880816,-1.093975,4.189383,1
7.563000,-0.294524,-0.064427,1.343265,1.050301,0.000000,1
7.564000,-0.282252,-0.049087,2.359284,2.881006,-3.274777,1
7.565000,-0.282252,-0.049087,2.359284,2.881006,-3.274762,1
7.566000,-0.282252,-0.049087,2.359284,2.881006,-3.274747,1
7.567000,-0.282252,-0.049087,2.359284,2.881006,-3.274732,1
7.568000,-0.282252,-0.049087,2.359284,2.881006,-3.274718,1
7.569000,-0.279185,-0.046019,2.359284,2.881006,-3.329927,1
7.570000,-0.279185,-0.046019,2.359284,2.881006,-3.329913,1
7.571000,-0.279185,-0.046019,2.359284,2.881006,-3.329900,1
7.572000,-0.279185,-0.046019,2.359284,2.881006,-3.329886,1
7.573000,-0.276117,-0.042951,2.359284,2.814285,-3.251654,1
7.574000,-0.276117,-0.042951,2.359284,2.814285,-3.251641,1
7.575000,-0.276117,-0.042951,2.359284,2.814285,-3.251628,1
7.576000,-0.276117,-0.042951,2.359284,2.814285,-3.251615,1
7.577000,-0.269981,-0.033748,2.315212,2.250155,-2.339222,1
7.578000,-0.266913,-0.030680,2.315212,2.141632,-2.177389,1
7.579000,-0.263845,-0.027612,1.994625,2.141632,-2.553192,1
7.580000,-0.263845,-0.027612,1.715139,2.141632,-2.832669,1
7.581000,-0.263845,-0.027612,1.715139,2.141632,-2.832661,1
7.582000,-0.260777,-0.024544,1.209024,1.590499,-2.291726,1
7.583000,-0.260777,-0.024544,1.209024,1.590499,-2.291719,1
7.584000,-0.260777,-0.024544,1.209024,1.590499,-2.291711,1
7.585000,-0.260777,-0.024544,1.209024,1.590499,-2.291704,1
7.586000,-0.260777,-0.024544,0.866913,1.046969,-1.546748,1
7.587000,-0.260777,-0.024544,0.866913,1.046969,-1.546741,1
7.588000,-0.260777,-0.024544,0.866913,1.046969,-1.546734,1
7.589000,-0.260777,-0.024544,0.759810,0.894663,-1.349218,1
7.590000,-0.260777,-0.027612,0.715250,0.880480,-1.304044,1
7.591000,-0.260777,-0.027612,0.640730,0.880480,-1.378555,1
7.592000,-0.260777,-0.027612,0.580060,0.880480,-1.439217,1
7.593000,-0.260777,-0.027612,0.580060,0.880480,-1.439209,1
7.594000,-0.260777,-0.027612,0.580060,0.880480,-1.439201,1
7.595000,-0.260777,-0.027612,0.580060,0.880480,-1.439192,1
7.596000,-0.260777,-0.027612,0.580060,0.880480,-1.439184,1
7.597000,-0.260777,-0.027612,0.580060,0.880480,-1.439176,1
7.598000,-0.260777,-0.027612,0.580060,0.880480,-1.439167,1
7.599000,-0.260777,-0.027612,0.580060,0.880480,-1.439159,1
7.600000,-0.260777,-0.027612,0.580060,0.880480,-1.439151,1
7.601000,-0.260777,-0.027612,0.580060,0.880480,-1.439143,1
7.602000,-0.260777,-0.027612,0.580060,0.880480,-1.439134,1
7.603000,-0.263845,-0.033748,-0.469215,0.880480,-2.371816,1
7.604000,-0.266913,-0.036816,-1.621729,0.880480,-3.469096,1
7.605000,-0.266913,-0.036816,-1.621729,0.880480,-3.469085,1
7.606000,-0.266913,-0.036816,-1.621729,0.880480,-3.469074,1
7.607000,-0.266913,-0.036816,-1.621729,0.880480,-3.469062,1
7.608000,-0.266913,-0.036816,-1.621729,0.880480,-3.469051,1
7.609000,-0.266913,-0.036816,-1.621729,0.880480,-3.469040,1
7.610000,-0.266913,-0.036816,-1.621729,0.880480,-3.469029,1
7.611000,-0.266913,-0.036816,-1.621729,0.880480,-3.469018,1
7.612000,-0.266913,-0.039884,-1.621729,-0.886962,0.727237,1
7.613000,-0.266913,-0.039884,-1.621729,-0.886962,0.727249,1
7.614000,-0.266913,-0.039884,-1.621729,-0.886962,0.727260,1
7.615000,-0.266913,-0.039884,-1.621729,-0.886962,0.727272,1
7.616000,-0.276117,-0.052155,-1.286715,-1.694441,2.904289,1
7.617000,-0.282252,-0.064427,-0.397941,-2.637807,5.912979,1
7.618000,-0.282252,-0.064427,-0.397941,-2.637807,5.912998,1
7.619000,-0.285320,-0.067495,-0.397941,-2.637807,5.968242,1
7.620000,-0.285320,-0.067495,-0.397941,-2.637807,5.968262,1
7.621000,-0.285320,-0.067495,-0.397941,-2.637807,5.968282,1
7.622000,-0.294524,-0.088971,-1.801927,-3.011558,5.722932,1
7.623000,-0.294524,-0.088971,-1.801927,-3.011558,5.722959,1
7.624000,-0.297592,-0.092039,-1.801927,-3.011558,5.778209,1
7.625000,-0.297592,-0.092039,-1.801927,-3.011558,5.778237,1
7.626000,-0.297592,-0.092039,-1.801927,-3.011558,5.778265,1
7.627000,-0.297592,-0.092039,-1.801927,-3.011558,5.778292,1
7.628000,-0.297592,-0.092039,-1.801927,-3.011558,5.778320,1
7.629000,-0.297592,-0.092039,-1.801927,-3.011558,5.778347,1
7.630000,-0.297592,-0.092039,-1.801927,-3.011558,5.778375,1
7.631000,-0.297592,-0.092039,-1.801927,-3.011558,5.778403,1
7.632000,-0.297592,-0.095107,-1.417725,-2.363316,4.927509,1
7.633000,-0.297592,-0.095107,-1.417725,-2.363316,4.927537,1
7.634000,-0.297592,-0.095107,-1.417725,-2.363316,4.927566,1
7.635000,-0.291456,-0.095107,-1.564641,-0.930859,1.928036,1
7.636000,-0.291456,-0.095107,-1.564641,-0.930859,1.928065,1
7.637000,-0.291456,-0.095107,-1.564641,-0.930859,1.928093,1
7.638000,-0.291456,-0.092039,-1.564641,-0.893851,1.792747,1
7.639000,-0.291456,-0.092039,-1.564641,-0.893851,1.792774,1
7.640000,-0.288388,-0.088971,-1.564641,-0.893851,1.737578,1
7.641000,-0.288388,-0.088971,-1.564641,-0.893851,1.737604,1
7.642000,-0.288388,-0.088971,-1.564641,-0.893851,1.737631,1
7.643000,-0.285320,-0.088971,-1.564641,-0.893851,1.743794,1
7.644000,-0.279185,-0.082835,0.881132,-0.893851,4.079145,1
7.645000,-0.279185,-0.082835,0.881132,-0.893851,4.079170,1
7.646000,-0.279185,-0.082835,0.881132,-0.893851,4.079195,1
7.647000,-0.279185,-0.082835,0.881132,-0.893851,4.079219,1
7.648000,-0.279185,-0.082835,0.881132,-0.893851,4.079244,1
7.649000,-0.279185,-0.082835,0.881132,-0.893851,4.079269,1
7.650000,-0.273049,-0.076699,0.881132,1.604116,-1.627090,1
7.651000,-0.260777,-0.067495,1.868995,1.767591,-1.125691,1
7.652000,-0.260777,-0.067495,1.868995,1.767591,-1.125671,1
7.653000,-0.260777,-0.067495,1.868995,1.767591,-1.125650,1
7.654000,-0.260777,-0.067495,1.868995,1.767591,-1.125630,1
7.655000,-0.257709,-0.061359,2.383899,1.767591,-0.727291,1
7.656000,-0.257709,-0.061359,2.383899,1.767591,-0.727272,1
7.657000,-0.257709,-0.061359,2.383899,1.767591,-0.727254,1
7.658000,-0.257709,-0.061359,2.383899,1.767591,-0.727235,1
7.659000,-0.257709,-0.061359,2.383899,1.767591,-0.727217,1
7.660000,-0.251573,-0.055223,2.383899,3.558833,-4.420131,1
7.661000,-0.233165,-0.042951,2.569265,1.963596,-1.252898,1
7.662000,-0.230097,-0.039884,2.569265,1.963596,-1.308109,1
7.663000,-0.230097,-0.039884,2.569265,1.963596,-1.308097,1
7.664000,-0.230097,-0.039884,2.569265,1.963596,-1.308085,1
7.665000,-0.230097,-0.039884,2.569265,1.963596,-1.308073,1
7.666000,-0.223961,-0.033748,2.211924,1.963596,-1.775851,1
7.667000,-0.223961,-0.033748,2.211924,1.963596,-1.775841,1
7.668000,-0.220893,-0.033748,2.278007,1.501391,-0.779201,1
7.669000,-0.217825,-0.033748,2.278007,1.337598,0.000000,1
7.670000,-0.214757,-0.030680,2.278007,1.259202,0.000000,1
7.671000,-0.214757,-0.030680,2.278007,1.259202,0.000000,1
7.672000,-0.211689,-0.027612,2.171240,1.259202,-0.505865,1
7.673000,-0.211689,-0.027612,2.171240,1.259202,-0.505856,1
7.674000,-0.208621,-0.027612,1.967080,1.259202,-0.703872,1
7.675000,-0.208621,-0.027612,1.967080,1.259202,-0.703864,1
7.676000,-0.208621,-0.027612,1.967080,1.259202,-0.703855,1
7.677000,-0.208621,-0.027612,1.967080,1.259202,-0.703847,1
7.678000,-0.208621,-0.027612,1.967080,1.259202,-0.703839,1
7.679000,-0.208621,-0.027612,1.967080,1.259202,-0.703830,1
7.680000,-0.208621,-0.027612,1.967080,1.259202,-0.703822,1
7.681000,-0.208621,-0.027612,1.967080,1.259202,-0.703814,1
7.682000,-0.208621,-0.027612,1.967080,1.259202,-0.703806,1
7.683000,-0.193282,-0.021476,1.814065,0.913726,0.000000,1
7.684000,-0.190214,-0.018408,1.814065,0.881098,0.000000,1
7.685000,-0.190214,-0.018408,1.814065,0.881098,0.000000,1
7.686000,-0.190214,-0.018408,1.814065,0.881098,0.000000,1
7.687000,-0.190214,-0.018408,1.814065,0.881098,0.000000,1
7.688000,-0.190214,-0.018408,1.814065,0.881098,0.000000,1
7.689000,-0.190214,-0.018408,1.814065,0.881098,0.000000,1
7.690000,-0.190214,-0.018408,1.814065,0.881098,0.000000,1
7.691000,-0.190214,-0.018408,1.814065,0.881098,0.000000,1
7.692000,-0.190214,-0.018408,1.814065,0.881098,0.000000,1
7.693000,-0.190214,-0.018408,1.814065,0.881098,0.000000,1
7.694000,-0.190214,-0.018408,1.814065,0.881098,0.000000,1
7.695000,-0.190214,-0.018408,1.814065,0.881098,0.000000,1
7.696000,-0.187146,-0.018408,1.724314,0.881098,0.000000,1
7.697000,-0.187146,-0.018408,1.724314,0.881098,0.000000,1
7.698000,-0.187146,-0.018408,1.724314,0.881098,0.000000,1
7.699000,-0.174874,-0.012272,1.614366,0.881098,-0.539521,1
7.700000,-0.174874,-0.012272,1.614366,0.881098,-0.539517,1
7.701000,-0.174874,-0.012272,1.614366,0.881098,-0.539513,1
7.702000,-0.174874,-0.012272,1.614366,0.881098,-0.539510,1
7.703000,-0.174874,-0.012272,1.614366,0.881098,-0.539506,1
7.704000,-0.174874,-0.012272,1.614366,0.881098,-0.539502,1
7.705000,-0.168738,-0.012272,1.561983,0.846573,-0.510559,1
7.706000,-0.156466,-0.006136,1.471753,0.544203,0.505778,1
7.707000,-0.156466,-0.006136,1.471753,0.544203,0.505780,1
7.708000,-0.156466,-0.006136,1.471753,0.544203,0.505782,1
7.709000,-0.153398,-0.006136,1.471753,0.544203,0.511919,1
7.710000,-0.153398,-0.006136,1.471753,0.544203,0.511921,1
7.711000,-0.153398,-0.006136,1.471753,0.544203,0.511923,1
7.712000,-0.153398,-0.006136,1.471753,0.544203,0.511925,1
7.713000,-0.153398,-0.006136,1.471753,0.544203,0.511927,1
7.714000,-0.153398,-0.006136,1.471753,0.544203,0.511928,1
7.715000,-0.153398,-0.006136,1.471753,0.544203,0.511930,1
7.716000,-0.153398,-0.006136,1.471753,0.544203,0.511932,1
7.717000,-0.153398,-0.006136,1.471753,0.544203,0.511934,1
7.718000,-0.153398,-0.006136,1.471753,0.544203,0.511936,1
7.719000,-0.153398,-0.006136,1.471753,0.544203,0.511938,1
7.720000,-0.153398,-0.006136,1.471753,0.544203,0.511940,1
7.721000,-0.153398,-0.006136,1.471753,0.544203,0.511941,1
7.722000,-0.153398,-0.006136,1.471753,0.544203,0.511943,1
7.723000,-0.144194,-0.003068,1.393934,0.544203,0.000000,1
7.724000,-0.144194,-0.003068,1.393934,0.544203,0.000000,1
7.725000,-0.144194,-0.003068,1.393934,0.544203,0.000000,1
7.726000,-0.144194,-0.003068,1.393934,0.544203,0.000000,1
7.727000,-0.144194,-0.003068,1.393934,0.544203,0.000000,1
7.728000,-0.144194,-0.003068,1.393934,0.544203,0.000000,1
7.729000,-0.138058,-0.003068,1.393934,0.544203,0.000000,1
7.730000,-0.138058,-0.003068,1.393934,0.544203,0.000000,1
7.731000,-0.138058,-0.003068,1.393934,0.544203,0.000000,1
7.732000,-0.131922,0.000000,1.169101,0.544203,-0.470467,1
7.733000,-0.128854,0.000000,1.169101,0.455349,0.000000,1
7.734000,-0.128854,0.000000,1.169101,0.455349,0.000000,1
7.735000,-0.128854,0.000000,1.169101,0.455349,0.000000,1
7.736000,-0.128854,0.000000,1.169101,0.455349,0.000000,1
7.737000,-0.128854,0.000000,1.169101,0.455349,0.000000,1
7.738000,-0.128854,0.000000,1.169101,0.455349,0.000000,1
7.739000,-0.125786,0.000000,1.169101,0.439042,0.000000,1
7.740000,-0.125786,0.000000,1.169101,0.439042,0.000000,1
7.741000,-0.125786,0.000000,1.169101,0.439042,0.000000,1
7.742000,-0.122718,0.003068,1.087390,0.384122,0.000000,1
7.743000,-0.122718,0.003068,1.087390,0.384122,0.000000,1
7.744000,-0.122718,0.003068,1.087390,0.384122,0.000000,1
7.745000,-0.122718,0.003068,1.087390,0.384122,0.000000,1
7.746000,-0.122718,0.003068,1.087390,0.384122,0.000000,1
7.747000,-0.122718,0.003068,1.087390,0.384122,0.000000,1
7.748000,-0.119651,0.003068,1.087390,0.351123,0.000000,1
7.749000,-0.119651,0.003068,1.087390,0.351123,0.000000,1
7.750000,-0.119651,0.003068,1.087390,0.351123,0.000000,1
7.751000,-0.107379,0.006136,1.093779,0.284143,0.500688,1
7.752000,-0.107379,0.006136,1.093779,0.284143,0.500686,1
7.753000,-0.107379,0.006136,1.093779,0.284143,0.500685,1
7.754000,-0.107379,0.006136,1.093779,0.284143,0.500683,1
7.755000,-0.107379,0.006136,1.093779,0.284143,0.500681,1
7.756000,-0.107379,0.006136,1.093779,0.284143,0.500679,1
7.757000,-0.107379,0.006136,1.093779,0.284143,0.500677,1
7.758000,-0.104311,0.006136,1.093779,0.284143,0.506811,1
7.759000,-0.104311,0.006136,1.093779,0.284143,0.506809,1
7.760000,-0.104311,0.006136,1.093779,0.284143,0.506808,1
7.761000,-0.095107,0.006136,1.123275,0.284143,0.554710,1
7.762000,-0.095107,0.006136,1.123275,0.284143,0.554709,1
7.763000,-0.092039,0.006136,1.123275,0.284143,0.560843,1
7.764000,-0.092039,0.006136,1.123275,0.284143,0.560841,1
7.765000,-0.088971,0.009204,1.123275,0.284143,0.505615,1
7.766000,-0.088971,0.009204,1.123275,0.284143,0.505612,1
7.767000,-0.088971,0.009204,1.123275,0.284143,0.505609,1
7.768000,-0.085903,0.009204,1.227093,0.284143,0.615560,1
7.769000,-0.085903,0.009204,1.227093,0.284143,0.615557,1
7.770000,-0.082835,0.009204,1.227093,0.284143,0.621690,1
7.771000,-0.082835,0.009204,1.227093,0.284143,0.621687,1
7.772000,-0.079767,0.012272,1.227093,0.284143,0.566460,1
7.773000,-0.079767,0.012272,1.227093,0.284143,0.566456,1
7.774000,-0.076699,0.012272,1.227093,0.284143,0.572589,1
7.775000,-0.076699,0.012272,1.227093,0.284143,0.572585,1
7.776000,-0.076699,0.012272,1.227093,0.284143,0.572581,1
7.777000,-0.076699,0.012272,1.227093,0.284143,0.572578,1
7.778000,-0.076699,0.012272,1.227093,0.284143,0.572574,1
7.779000,-0.076699,0.012272,1.227093,0.284143,0.572570,1
7.780000,-0.076699,0.012272,1.227093,0.284143,0.572567,1
7.781000,-0.067495,0.015340,1.345280,0.284143,0.647798,1
7.782000,-0.067495,0.018408,1.345280,0.380440,0.000000,1
7.783000,-0.067495,0.018408,1.345280,0.380440,0.000000,1
7.784000,-0.067495,0.018408,1.345280,0.380440,0.000000,1
7.785000,-0.067495,0.018408,1.345280,0.380440,0.000000,1
7.786000,-0.067495,0.018408,1.345280,0.380440,0.000000,1
7.787000,-0.067495,0.018408,1.345280,0.380440,0.000000,1
7.788000,-0.064427,0.018408,1.345280,0.380440,0.000000,1
7.789000,-0.064427,0.018408,1.345280,0.380440,0.000000,1
7.790000,-0.064427,0.018408,1.345280,0.380440,0.000000,1
7.791000,-0.058291,0.021476,1.470171,0.380440,0.475728,1
7.792000,-0.058291,0.021476,1.470171,0.380440,0.475722,1
7.793000,-0.058291,0.021476,1.470171,0.380440,0.475715,1
7.794000,-0.055223,0.024544,1.470171,0.380440,0.000000,1
7.795000,-0.049087,0.024544,1.525606,0.380440,0.488184,1
7.796000,-0.049087,0.024544,1.525606,0.380440,0.488176,1
7.797000,-0.049087,0.027612,1.525606,0.380440,0.000000,1
7.798000,-0.049087,0.027612,1.525606,0.380440,0.000000,1
7.799000,-0.049087,0.027612,1.525606,0.380440,0.000000,1
7.800000,-0.039884,0.030680,1.525606,0.727295,-0.909878,1
7.801000,-0.036816,0.030680,1.493210,0.727295,-0.936147,1
7.802000,-0.036816,0.030680,1.493210,0.727295,-0.936156,1
7.803000,-0.036816,0.030680,1.493210,0.727295,-0.936166,1
7.804000,-0.036816,0.030680,1.493210,0.727295,-0.936175,1
7.805000,-0.036816,0.030680,1.493210,0.727295,-0.936184,1
7.806000,-0.036816,0.030680,1.493210,0.727295,-0.936193,1
7.807000,-0.036816,0.030680,1.493210,0.727295,-0.936202,1
7.808000,-0.036816,0.030680,1.493210,0.727295,-0.936212,1
7.809000,-0.036816,0.030680,1.493210,0.727295,-0.936221,1
7.810000,-0.036816,0.030680,1.493210,0.727295,-0.936230,1
7.811000,-0.033748,0.033748,1.493210,0.727295,-0.991463,1
7.812000,-0.033748,0.033748,1.493210,0.727295,-0.991474,1
7.813000,-0.033748,0.033748,1.493210,0.727295,-0.991484,1
7.814000,-0.024544,0.036816,1.429286,0.727295,-1.098371,1
7.815000,-0.024544,0.036816,1.429286,0.727295,-1.098382,1
7.816000,-0.024544,0.036816,1.429286,0.727295,-1.098393,1
7.817000,-0.021476,0.039884,1.429286,0.727295,-1.153628,1
7.818000,-0.021476,0.039884,1.429286,0.727295,-1.153640,1
7.819000,-0.021476,0.039884,1.429286,0.727295,-1.153652,1
7.820000,-0.021476,0.039884,1.429286,0.695993,-1.091060,1
7.821000,-0.021476,0.039884,1.429286,0.695993,-1.091072,1
7.822000,-0.021476,0.039884,1.429286,0.695993,-1.091084,1
7.823000,-0.018408,0.039884,1.327842,0.594927,-0.984270,1
7.824000,-0.018408,0.039884,1.327842,0.594927,-0.984282,1
7.825000,-0.018408,0.039884,1.327842,0.594927,-0.984294,1
7.826000,-0.012272,0.039884,1.110928,0.444147,-0.887389,1
7.827000,-0.012272,0.039884,1.110928,0.428714,-0.856536,1
7.828000,-0.012272,0.039884,1.110928,0.414241,-0.827602,1
7.829000,-0.012272,0.039884,1.110928,0.414241,-0.827614,1
7.830000,-0.009204,0.036816,0.859645,-0.309683,1.036436,1
7.831000,-0.009204,0.036816,0.859645,-0.309683,1.036425,1
7.832000,-0.009204,0.036816,0.859645,-0.309683,1.036414,1
7.833000,-0.006136,0.036816,0.803148,-0.302029,0.970735,1
7.834000,-0.006136,0.036816,0.803148,-0.302029,0.970724,1
7.835000,-0.006136,0.033748,0.710289,-0.293417,0.921989,1
7.836000,-0.003068,0.030680,0.527170,-0.293417,0.806356,1
7.837000,-0.003068,0.030680,0.467102,-0.293417,0.746279,1
7.838000,-0.003068,0.030680,0.467102,-0.293417,0.746270,1
7.839000,-0.003068,0.030680,0.467102,-0.293417,0.746261,1
7.840000,-0.003068,0.030680,0.467102,-0.293417,0.746252,1
7.841000,-0.003068,0.030680,0.467102,-0.293417,0.746243,1
7.842000,-0.003068,0.030680,0.467102,-0.293417,0.746233,1
7.843000,-0.003068,0.030680,0.467102,-0.293417,0.746224,1
7.844000,-0.003068,0.030680,0.467102,-0.293417,0.746215,1
7.845000,-0.003068,0.030680,0.467102,-0.293417,0.746206,1
7.846000,-0.003068,0.030680,0.467102,-0.293417,0.746197,1
7.847000,-0.003068,0.030680,0.467102,-0.293417,0.746187,1
7.848000,-0.003068,0.030680,0.467102,-0.293417,0.746178,1
7.849000,-0.003068,0.030680,0.467102,-0.293417,0.746169,1
7.850000,-0.003068,0.030680,0.467102,-0.293417,0.746160,1
7.851000,-0.003068,0.030680,0.467102,-0.293417,0.746151,1
7.852000,-0.003068,0.030680,0.467102,-0.293417,0.746141,1
7.853000,-0.003068,0.030680,0.467102,-0.293417,0.746132,1
7.854000,-0.003068,0.030680,0.467102,-0.293417,0.746123,1
7.855000,-0.003068,0.030680,0.467102,-0.293417,0.746114,1
7.856000,-0.003068,0.030680,0.467102,-0.293417,0.746105,1
7.857000,0.000000,0.033748,0.538405,-0.293417,0.762174,1
7.858000,0.000000,0.033748,0.538405,-0.293417,0.762164,1
7.859000,0.000000,0.033748,0.538405,-0.293417,0.762154,1
7.860000,0.003068,0.033748,0.538405,-0.293417,0.768280,1
7.861000,0.003068,0.033748,0.538405,-0.293417,0.768270,1
7.862000,0.003068,0.033748,0.538405,-0.293417,0.768260,1
7.863000,0.009204,0.033748,0.538405,-0.293417,0.780521,1
7.864000,0.009204,0.036816,0.538405,-0.293417,0.719151,1
7.865000,0.009204,0.036816,0.538405,-0.293417,0.719140,1
7.866000,0.012272,0.036816,0.601101,-0.293417,0.787961,1
7.867000,0.012272,0.036816,0.601101,-0.293417,0.787949,1
7.868000,0.012272,0.036816,0.601101,-0.293417,0.787938,1
7.869000,0.018408,0.042951,0.601101,0.375925,-1.261206,1
7.870000,0.018408,0.042951,0.601101,0.375925,-1.261218,1
7.871000,0.018408,0.042951,0.601101,0.375925,-1.261231,1
7.872000,0.018408,0.042951,0.601101,0.375925,-1.261244,1
7.873000,0.018408,0.042951,0.601101,0.375925,-1.261257,1
7.874000,0.021476,0.046019,0.601101,0.375925,-1.316494,1
7.875000,0.021476,0.046019,0.601101,0.375925,-1.316508,1
7.876000,0.021476,0.046019,0.601101,0.375925,-1.316522,1
7.877000,0.024544,0.046019,1.027808,0.375925,-0.883692,1
7.878000,0.024544,0.046019,1.027808,0.375925,-0.883706,1
7.879000,0.030680,0.052155,1.027808,0.375925,-0.994168,1
7.880000,0.030680,0.052155,1.027808,0.375925,-0.994184,1
7.881000,0.033748,0.052155,0.983095,0.375925,-1.032778,1
7.882000,0.033748,0.052155,0.983095,0.375925,-1.032793,1
7.883000,0.033748,0.052155,0.983095,0.375925,-1.032809,1
7.884000,0.033748,0.052155,0.983095,0.375925,-1.032825,1
7.885000,0.033748,0.052155,0.983095,0.375925,-1.032840,1
7.886000,0.033748,0.052155,0.983095,0.375925,-1.032856,1
7.887000,0.033748,0.052155,0.983095,0.375925,-1.032872,1
7.888000,0.033748,0.052155,0.983095,0.375925,-1.032887,1
7.889000,0.033748,0.052155,0.983095,0.375925,-1.032903,1
7.890000,0.033748,0.052155,0.910368,0.375925,-1.105645,1
7.891000,0.033748,0.052155,0.847164,0.375925,-1.168864,1
7.892000,0.033748,0.052155,0.792743,0.375925,-1.223301,1
7.893000,0.033748,0.052155,0.744393,0.375925,-1.271667,1
7.894000,0.036816,0.052155,0.991570,0.375925,-1.018370,1
7.895000,0.036816,0.052155,0.991570,0.375925,-1.018386,1
7.896000,0.036816,0.052155,0.991570,0.375925,-1.018401,1
7.897000,0.036816,0.052155,0.991570,0.375925,-1.018417,1
7.898000,0.036816,0.052155,0.991570,0.375925,-1.018433,1
7.899000,0.036816,0.052155,0.991570,0.375925,-1.018448,1
7.900000,0.036816,0.052155,0.991570,0.375925,-1.018464,1
7.901000,0.036816,0.052155,0.991570,0.375925,-1.018479,1
7.902000,0.036816,0.052155,0.991570,0.375925,-1.018495,1
7.903000,0.036816,0.052155,0.991570,0.375925,-1.018511,1
7.904000,0.036816,0.052155,0.991570,0.375925,-1.018526,1
7.905000,0.036816,0.052155,0.991570,0.375925,-1.018542,1
7.906000,0.036816,0.052155,0.806668,0.339390,-1.130391,1
7.907000,0.036816,0.052155,0.806668,0.339390,-1.130406,1
7.908000,0.036816,0.052155,0.806668,0.339390,-1.130422,1
7.909000,0.036816,0.052155,0.806668,0.339390,-1.130437,1
7.910000,0.036816,0.049087,0.756804,-0.330236,0.820297,1
7.911000,0.036816,0.046019,0.578500,-0.302393,0.647653,1
7.912000,0.036816,0.046019,0.578500,-0.302393,0.647639,1
7.913000,0.036816,0.046019,0.578500,-0.302393,0.647625,1
7.914000,0.036816,0.046019,0.578500,-0.302393,0.647611,1
7.915000,0.036816,0.046019,0.578500,-0.302393,0.647598,1
7.916000,0.036816,0.046019,0.552302,-0.302393,0.621385,1
7.917000,0.036816,0.046019,0.552302,-0.302393,0.621371,1
7.918000,0.036816,0.046019,0.486705,-0.302393,0.555761,1
7.919000,0.036816,0.046019,0.451004,-0.302393,0.520046,1
7.920000,0.036816,0.046019,0.451004,-0.302393,0.520033,1
7.921000,0.036816,0.046019,0.420020,-0.302393,0.489034,1
7.922000,0.036816,0.046019,0.420020,-0.302393,0.489021,1
7.923000,0.036816,0.046019,0.420020,-0.302393,0.489007,1
7.924000,0.036816,0.046019,0.420020,-0.302393,0.488993,1
7.925000,0.036816,0.046019,0.420020,-0.302393,0.488979,1
7.926000,0.036816,0.046019,0.420020,-0.302393,0.488965,1
7.927000,0.036816,0.046019,0.369568,-0.302393,0.000000,1
7.928000,0.036816,0.046019,0.358689,-0.302393,0.000000,1
7.929000,0.036816,0.046019,0.348447,-0.302393,0.000000,1
7.930000,0.036816,0.046019,0.338824,-0.302393,0.000000,1
7.931000,0.036816,0.046019,0.329747,-0.302393,0.000000,1
7.932000,0.039884,0.046019,0.265513,-0.302393,0.000000,1
7.933000,0.039884,0.046019,0.265513,-0.302393,0.000000,1
7.934000,0.039884,0.046019,0.265513,-0.302393,0.000000,1
7.935000,0.039884,0.046019,0.265513,-0.302393,0.000000,1
7.936000,0.039884,0.046019,0.265513,-0.302393,0.000000,1
7.937000,0.039884,0.046019,0.265513,-0.302393,0.000000,1
7.938000,0.039884,0.046019,0.265513,-0.302393,0.000000,1
7.939000,0.039884,0.046019,0.259937,-0.302393,0.000000,1
7.940000,0.039884,0.046019,0.259937,-0.302393,0.000000,1
7.941000,0.039884,0.046019,0.259937,-0.302393,0.000000,1
7.942000,0.039884,0.046019,0.254540,-0.302393,0.000000,1
7.943000,0.042951,0.049087,0.230607,-0.302393,0.000000,1
7.944000,0.042951,0.049087,0.230607,-0.302393,0.000000,1
7.945000,0.042951,0.049087,0.230607,-0.302393,0.000000,1
7.946000,0.042951,0.049087,0.230607,-0.302393,0.000000,1
7.947000,0.042951,0.049087,0.230607,-0.302393,0.000000,1
7.948000,0.042951,0.049087,0.218285,-0.302393,0.000000,1
7.949000,0.042951,0.049087,0.218285,-0.302393,0.000000,1
7.950000,0.042951,0.049087,0.218285,-0.302393,0.000000,1
7.951000,0.042951,0.049087,0.207269,-0.302393,0.000000,1
7.952000,0.042951,0.049087,0.207269,-0.302393,0.000000,1
7.953000,0.042951,0.049087,0.207269,-0.302393,0.000000,1
7.954000,0.042951,0.052155,0.203797,0.302388,-1.647666,1
7.955000,0.042951,0.052155,0.200471,0.295123,-1.636478,1
7.956000,0.042951,0.052155,0.197236,0.288166,-1.625814,1
7.957000,0.042951,0.052155,0.169943,0.233400,-1.543590,1
7.958000,0.042951,0.052155,0.169943,0.233400,-1.543606,1
7.959000,0.039884,0.052155,0.203638,0.229008,-1.507280,1
7.960000,0.039884,0.052155,0.203638,0.229008,-1.507295,1
7.961000,0.039884,0.052155,0.203638,0.229008,-1.507311,1
7.962000,0.039884,0.052155,0.203638,0.224816,-1.498942,1
7.963000,0.033748,0.046019,0.203638,-0.205979,-0.526919,1
7.964000,0.033748,0.046019,0.203638,-0.205979,-0.526933,1
7.965000,0.033748,0.046019,0.203638,-0.205979,-0.526947,1
7.966000,0.033748,0.046019,0.203638,-0.205979,-0.526961,1
7.967000,0.033748,0.046019,0.203638,-0.205979,-0.526975,1
7.968000,0.033748,0.046019,0.203638,-0.205979,-0.526988,1
7.969000,0.033748,0.046019,0.203638,-0.205979,-0.527002,1
7.970000,0.033748,0.046019,0.203638,-0.205979,-0.527016,1
7.971000,0.033748,0.046019,0.203638,-0.205979,-0.527030,1
7.972000,0.033748,0.046019,0.203638,-0.205979,-0.527044,1
7.973000,0.033748,0.046019,0.203638,-0.205979,-0.527058,1
7.974000,0.033748,0.046019,0.203638,-0.205979,-0.527071,1
7.975000,0.033748,0.046019,0.203638,-0.205979,-0.527085,1
7.976000,0.033748,0.046019,0.203638,-0.205979,-0.527099,1
7.977000,0.033748,0.046019,0.203638,-0.205979,-0.527113,1
7.978000,0.033748,0.046019,0.203638,-0.205979,-0.527127,1
7.979000,0.033748,0.046019,0.203638,-0.205979,-0.527140,1
7.980000,0.033748,0.046019,0.203638,-0.205979,-0.527154,1
7.981000,0.033748,0.046019,0.203638,-0.205979,-0.527168,1
7.982000,0.033748,0.046019,0.203638,-0.205979,-0.527182,1
7.983000,0.033748,0.046019,0.203638,-0.205979,-0.527196,1
7.984000,0.033748,0.046019,0.203638,-0.205979,-0.527209,1
7.985000,0.021476,0.033748,-0.406213,-1.041925,1.355714,1
7.986000,0.021476,0.033748,-0.406213,-1.041925,1.355704,1
7.987000,0.021476,0.033748,-0.406213,-1.041925,1.355694,1
7.988000,0.021476,0.033748,-0.406213,-1.041925,1.355684,1
7.989000,0.021476,0.033748,-0.406213,-1.041925,1.355674,1
7.990000,0.021476,0.033748,-0.406213,-1.041925,1.355664,1
7.991000,0.021476,0.033748,-0.406213,-1.041925,1.355654,1
7.992000,0.021476,0.033748,-0.406213,-1.041925,1.355643,1
7.993000,0.021476,0.033748,-0.406213,-1.041925,1.355633,1
7.994000,0.015340,0.027612,-1.182835,-1.041925,0.689450,1
7.995000,0.015340,0.027612,-1.182835,-1.041925,0.689442,1
7.996000,0.015340,0.027612,-1.182835,-1.041925,0.689433,1
7.997000,0.015340,0.024544,-1.182835,-1.041925,0.750785,1
7.998000,0.015340,0.024544,-1.182835,-1.041925,0.750778,1
7.999000,0.015340,0.024544,-1.182835,-1.041925,0.750770,1
8.000000,0.012272,0.024544,-1.182835,-1.041925,0.744627,1
8.001000,0.009204,0.021476,-0.999301,-1.006619,0.912767,1
8.002000,0.009204,0.021476,-0.999301,-1.006619,0.912760,1
8.003000,0.009204,0.021476,-0.923970,-1.006619,0.988085,1
8.004000,0.009204,0.021476,-0.858904,-1.006619,1.053144,1
8.005000,0.006136,0.021476,-0.466922,-0.644930,0.715605,1
8.006000,0.006136,0.021476,-0.466922,-0.644930,0.715599,1
8.007000,0.006136,0.021476,-0.466922,-0.644930,0.715592,1
8.008000,0.006136,0.021476,-0.466922,-0.644930,0.715586,1
8.009000,0.006136,0.021476,-0.466922,-0.644930,0.715579,1
8.010000,0.006136,0.021476,-0.466922,-0.644930,0.715573,1
8.011000,0.006136,0.021476,-0.466922,-0.644930,0.715567,1
8.012000,0.006136,0.021476,-0.466922,-0.644930,0.715560,1
8.013000,0.006136,0.021476,-0.466922,-0.644930,0.715554,1
8.014000,0.006136,0.021476,-0.466922,-0.644930,0.715547,1
8.015000,0.006136,0.021476,-0.466922,-0.644930,0.715541,1
8.016000,0.006136,0.021476,-0.466922,-0.644930,0.715534,1
8.017000,0.006136,0.021476,-0.449775,-0.612668,0.668152,1
8.018000,0.006136,0.024544,-0.433866,0.583522,-2.369686,1
8.019000,0.000000,0.027612,-0.889997,0.383111,-2.498635,1
8.020000,0.000000,0.027612,-0.889997,0.383111,-2.498643,1
8.021000,0.000000,0.027612,-0.889997,0.383111,-2.498652,1
8.022000,0.000000,0.027612,-0.889997,0.383111,-2.498660,1
8.023000,0.000000,0.027612,-0.889997,0.383111,-2.498668,1
8.024000,0.000000,0.027612,-0.889997,0.383111,-2.498676,1
8.025000,0.000000,0.027612,-0.889997,0.383111,-2.498685,1
8.026000,0.000000,0.027612,-0.889997,0.383111,-2.498693,1
8.027000,0.000000,0.027612,-0.889997,0.383111,-2.498701,1
8.028000,0.000000,0.027612,-0.889997,0.383111,-2.498710,1
8.029000,0.000000,0.027612,-0.889997,0.383111,-2.498718,1
8.030000,0.000000,0.024544,-0.889997,-0.371504,-0.928135,1
8.031000,0.000000,0.024544,-0.889997,-0.360659,-0.949833,1
8.032000,0.000000,0.024544,-0.889997,-0.350303,-0.970552,1
8.033000,-0.003068,0.021476,-0.889997,-0.341965,-0.932011,1
8.034000,-0.003068,0.021476,-0.889997,-0.341965,-0.932017,1
8.035000,-0.006136,0.021476,-0.889997,-0.341965,-0.938160,1
8.036000,-0.015340,0.015340,-0.361363,-0.341965,0.000000,1
8.037000,-0.015340,0.015340,-0.361363,-0.341965,0.000000,1
8.038000,-0.015340,0.015340,-0.361363,-0.341965,0.000000,1
8.039000,-0.015340,0.015340,-0.361363,-0.341965,0.000000,1
8.040000,-0.015340,0.015340,-0.361363,-0.341965,0.000000,1
8.041000,-0.015340,0.015340,-0.361363,-0.341965,0.000000,1
8.042000,-0.015340,0.015340,-0.361363,-0.341965,0.000000,1
8.043000,-0.015340,0.015340,-0.361363,-0.341965,0.000000,1
8.044000,-0.015340,0.015340,-0.361363,-0.341965,0.000000,1
8.045000,-0.015340,0.015340,-0.361363,-0.341965,0.000000,1
8.046000,-0.021476,0.012272,-1.282144,-0.341965,-1.176958,1
8.047000,-0.021476,0.009204,-1.282144,-0.892465,0.585399,1
8.048000,-0.021476,0.009204,-1.282144,-0.892465,0.585396,1
8.049000,-0.021476,0.009204,-1.282144,-0.892465,0.585393,1
8.050000,-0.024544,0.006136,-1.282144,-0.892465,0.640615,1
8.051000,-0.024544,0.006136,-1.282144,-0.892465,0.640613,1
8.052000,-0.024544,0.006136,-1.282144,-0.892465,0.640611,1
8.053000,-0.024544,0.006136,-1.282144,-0.892465,0.640609,1
8.054000,-0.024544,0.006136,-1.282144,-0.892465,0.640607,1
8.055000,-0.024544,0.006136,-1.282144,-0.892465,0.640605,1
8.056000,-0.024544,0.006136,-1.282144,-0.892465,0.640604,1
8.057000,-0.033748,0.000000,-1.402474,-0.892465,0.624584,1
8.058000,-0.036816,0.000000,-1.402474,-0.892465,0.618448,1
8.059000,-0.036816,0.000000,-1.402474,-0.892465,0.618448,1
8.060000,-0.036816,0.000000,-1.402474,-0.892465,0.618448,1
8.061000,-0.039884,-0.003068,-1.402474,-0.913557,0.715855,1
8.062000,-0.039884,-0.003068,-1.402474,-0.913557,0.715856,1
8.063000,-0.039884,-0.003068,-1.402474,-0.913557,0.715857,1
8.064000,-0.039884,-0.003068,-1.386743,-0.913557,0.731589,1
8.065000,-0.042951,-0.006136,-1.245260,-0.913557,0.928297,1
8.066000,-0.042951,-0.006136,-1.130434,-0.913557,1.043125,1
8.067000,-0.042951,-0.006136,-1.035348,-0.913557,1.138213,1
8.068000,-0.046019,-0.006136,-1.169606,-0.913557,0.997821,1
8.069000,-0.046019,-0.006136,-1.169606,-0.913557,0.997823,1
8.070000,-0.046019,-0.006136,-1.169606,-0.913557,0.997825,1
8.071000,-0.046019,-0.009204,-1.169606,-0.913557,1.059187,1
8.072000,-0.046019,-0.009204,-1.169606,-0.913557,1.059189,1
8.073000,-0.049087,-0.009204,-1.169606,-0.913557,1.053056,1
8.074000,-0.049087,-0.009204,-1.169606,-0.879133,0.984212,1
8.075000,-0.049087,-0.009204,-1.169606,-0.820382,0.866713,1
8.076000,-0.049087,-0.009204,-1.169606,-0.768810,0.763570,1
8.077000,-0.049087,-0.009204,-1.169606,-0.723509,0.672973,1
8.078000,-0.049087,-0.009204,-1.169606,-0.683109,0.592175,1
8.079000,-0.052155,-0.009204,-1.074866,-0.647222,0.609007,1
8.080000,-0.052155,-0.009204,-0.988190,-0.614754,0.630749,1
8.081000,-0.052155,-0.009204,-0.914387,-0.585362,0.645771,1
8.082000,-0.052155,-0.009204,-0.850899,-0.558677,0.655892,1
8.083000,-0.052155,-0.009204,-0.795860,-0.534411,0.662402,1
8.084000,-0.052155,-0.009204,-0.747331,-0.512082,0.666276,1
8.085000,-0.052155,-0.009204,-0.704531,-0.491618,0.668150,1
8.086000,-0.052155,-0.009204,-0.666223,-0.472653,0.668532,1
8.087000,-0.055223,-0.009204,-0.631872,-0.455101,0.661645,1
8.088000,-0.055223,-0.009204,-0.600993,-0.438860,0.660046,1
8.089000,-0.055223,-0.009204,-0.572896,-0.423687,0.657799,1
8.090000,-0.055223,-0.009204,-0.547404,-0.409581,0.655081,1
8.091000,-0.055223,-0.009204,-0.523971,-0.396319,0.651994,1
8.092000,-0.055223,-0.009204,-0.502488,-0.383904,0.648650,1
8.093000,-0.055223,-0.009204,-0.482766,-0.372285,0.645136,1
8.094000,-0.055223,-0.009204,-0.464469,-0.361309,0.641484,1
8.095000,-0.055223,-0.009204,-0.447570,-0.351000,0.637767,1
8.096000,-0.055223,-0.006136,-0.431756,-0.349834,0.589892,1
8.097000,-0.055223,-0.006136,-0.417189,-0.349834,0.604461,1
8.098000,-0.055223,-0.006136,-0.403394,-0.349834,0.618258,1
8.099000,-0.055223,-0.006136,-0.390551,-0.349834,0.631102,1
8.100000,-0.055223,-0.006136,-0.378540,-0.349834,0.643115,1
8.101000,-0.055223,-0.006136,-0.367208,-0.349834,0.654448,1
8.102000,-0.055223,-0.006136,-0.356534,-0.349834,0.665125,1
8.103000,-0.055223,-0.003068,-0.346463,-0.349834,0.613837,1
8.104000,-0.055223,-0.003068,-0.336976,-0.349834,0.623325,1
8.105000,-0.055223,-0.003068,-0.327966,-0.349834,0.632336,1
8.106000,-0.055223,-0.003068,-0.319451,-0.349834,0.640852,1
8.107000,-0.055223,-0.003068,-0.311334,-0.349834,0.648970,1
8.108000,-0.055223,0.000000,-0.303626,-0.349834,0.595319,1
8.109000,-0.055223,0.000000,-0.296252,-0.349834,0.602693,1
8.110000,-0.055223,0.000000,-0.289327,-0.349834,0.609618,1
8.111000,-0.055223,0.000000,-0.282624,-0.349834,0.616321,1
8.112000,-0.055223,0.003068,-0.276258,-0.349834,0.561326,1
8.113000,-0.055223,0.003068,-0.270175,-0.349834,0.567409,1
8.114000,-0.055223,0.003068,-0.264371,-0.349834,0.573211,1
8.115000,-0.055223,0.003068,-0.258793,-0.349834,0.578789,1
8.116000,-0.055223,0.006136,-0.253454,0.604730,-1.986360,1
8.117000,-0.055223,0.006136,-0.248315,0.604730,-1.981223,1
8.118000,-0.055223,0.009204,-0.243374,0.604730,-2.037644,1
8.119000,-0.055223,0.009204,-0.238642,0.604730,-2.032915,1
8.120000,-0.055223,0.009204,-0.234111,0.604730,-2.028386,1
8.121000,-0.055223,0.009204,-0.229729,0.604730,-2.024007,1
8.122000,-0.055223,0.009204,-0.225494,0.604730,-2.019775,1
8.123000,-0.055223,0.009204,-0.221449,0.604730,-2.015733,1
8.124000,-0.055223,0.012272,-0.217512,0.604730,-2.073158,1
8.125000,-0.055223,0.012272,-0.213724,0.604730,-2.069374,1
8.126000,-0.055223,0.012272,-0.210054,0.604730,-2.065708,1
8.127000,-0.055223,0.012272,-0.206520,0.604730,-2.062178,1
8.128000,-0.055223,0.012272,-0.203122,0.604730,-2.058783,1
8.129000,-0.055223,0.012272,-0.199805,0.604730,-2.055470,1
8.130000,-0.058291,0.012272,-0.707106,0.604730,-2.568910,1
8.131000,-0.058291,0.012272,-0.707106,0.604730,-2.568914,1
8.132000,-0.058291,0.009204,-0.707106,0.754577,-2.807251,1
8.133000,-0.058291,0.009204,-0.707106,0.754577,-2.807254,1
8.134000,-0.058291,0.009204,-0.707106,0.754577,-2.807257,1
8.135000,-0.061359,0.009204,-0.707106,0.754577,-2.813395,1
8.136000,-0.064427,0.009204,-0.707106,0.754577,-2.819534,1
8.137000,-0.064427,0.006136,-0.707106,0.754577,-2.758177,1
8.138000,-0.064427,0.006136,-0.707106,0.754577,-2.758178,1
8.139000,-0.067495,0.003068,-0.707106,0.754577,-2.702956,1
8.140000,-0.067495,0.003068,-0.707106,0.754577,-2.702957,1
8.141000,-0.070563,0.003068,-0.212835,0.754577,-2.214824,1
8.142000,-0.073631,0.000000,-0.212835,0.754577,-2.159600,1
8.143000,-0.073631,-0.003068,-0.212835,-1.097674,2.206261,1
8.144000,-0.076699,-0.003068,-0.212835,-1.097674,2.200126,1
8.145000,-0.076699,-0.006136,-0.212835,-1.097674,2.261488,1
8.146000,-0.079767,-0.012272,-0.212835,-1.097674,2.378074,1
8.147000,-0.082835,-0.012272,-1.676221,-1.097674,0.908556,1
8.148000,-0.082835,-0.012272,-1.676221,-1.097674,0.908560,1
8.149000,-0.085903,-0.012272,-1.676221,-1.097674,0.902427,1
8.150000,-0.085903,-0.015340,-1.676221,-1.856082,2.480606,1
8.151000,-0.088971,-0.015340,-1.676221,-1.856082,2.474475,1
8.152000,-0.088971,-0.018408,-1.676221,-1.856082,2.535840,1
8.153000,-0.092039,-0.018408,-1.676221,-1.856082,2.529709,1
8.154000,-0.092039,-0.021476,-1.676221,-1.856082,2.591075,1
8.155000,-0.092039,-0.021476,-1.492938,-1.856082,2.774365,1
8.156000,-0.095107,-0.021476,-1.675484,-1.856082,2.585690,1
8.157000,-0.095107,-0.024544,-1.675484,-1.627668,2.190228,1
8.158000,-0.095107,-0.024544,-1.675484,-1.437097,1.809093,1
8.159000,-0.098175,-0.024544,-1.675484,-1.287210,1.503191,1
8.160000,-0.098175,-0.024544,-1.675484,-1.165006,1.258790,1
8.161000,-0.098175,-0.024544,-1.675484,-1.063708,1.056201,1
8.162000,-0.098175,-0.024544,-1.675484,-0.978603,0.885999,1
8.163000,-0.098175,-0.024544,-1.595176,-0.906632,0.822372,1
8.164000,-0.101243,-0.024544,-1.411673,-0.844257,0.874996,1
8.165000,-0.101243,-0.024544,-1.266207,-0.789981,0.911918,1
8.166000,-0.101243,-0.024544,-1.147630,-0.742140,0.934821,1
8.167000,-0.101243,-0.021476,-1.049310,0.699741,-2.511975,1
8.168000,-0.101243,-0.021476,-0.966610,0.661972,-2.353730,1
8.169000,-0.104311,-0.021476,-0.895920,0.628036,-2.221298,1
8.170000,-0.104311,-0.021476,-0.735032,0.544491,-1.893314,1
8.171000,-0.104311,-0.021476,-0.735032,0.544491,-1.893307,1
8.172000,-0.104311,-0.021476,-0.735032,0.544491,-1.893301,1
8.173000,-0.107379,-0.021476,-0.944734,0.521700,-2.063550,1
8.174000,-0.107379,-0.021476,-0.944734,0.500154,-2.020452,1
8.175000,-0.107379,-0.024544,-0.944734,-0.480535,0.602294,1
8.176000,-0.107379,-0.024544,-0.944734,-0.480535,0.602301,1
8.177000,-0.107379,-0.024544,-0.944734,-0.480535,0.602309,1
8.178000,-0.107379,-0.024544,-0.944734,-0.480535,0.602316,1
8.179000,-0.110447,-0.030680,-0.944734,-0.448602,0.655041,1
8.180000,-0.113515,-0.030680,-0.944734,-0.448602,0.648915,1
8.181000,-0.116583,-0.030680,-0.944734,-0.448602,0.642788,1
8.182000,-0.116583,-0.030680,-0.944734,-0.448602,0.642797,1
8.183000,-0.116583,-0.030680,-0.944734,-0.448602,0.642806,1
8.184000,-0.116583,-0.030680,-0.944734,-0.448602,0.642815,1
8.185000,-0.116583,-0.030680,-0.944734,-0.448602,0.642825,1
8.186000,-0.116583,-0.030680,-0.944734,-0.448602,0.642834,1
8.187000,-0.116583,-0.030680,-0.944734,-0.448602,0.642843,1
8.188000,-0.116583,-0.030680,-0.944734,-0.448602,0.642852,1
8.189000,-0.119651,-0.030680,-0.787848,-0.448602,0.793612,1
8.190000,-0.119651,-0.030680,-0.787848,-0.448602,0.793621,1
8.191000,-0.119651,-0.030680,-0.787848,-0.448602,0.793630,1
8.192000,-0.122718,-0.033748,-0.787848,-0.448602,0.848864,1
8.193000,-0.122718,-0.033748,-0.787848,-0.448602,0.848874,1
8.194000,-0.122718,-0.033748,-0.787848,-0.448602,0.848884,1
8.195000,-0.122718,-0.033748,-0.787848,-0.448602,0.848894,1
8.196000,-0.122718,-0.033748,-0.787848,-0.448602,0.848904,1
8.197000,-0.122718,-0.033748,-0.787848,-0.448602,0.848914,1
8.198000,-0.122718,-0.033748,-0.787848,-0.448602,0.848924,1
8.199000,-0.125786,-0.033748,-0.787848,-0.448602,0.842799,1
8.200000,-0.125786,-0.033748,-0.787848,-0.448602,0.842809,1
8.201000,-0.125786,-0.033748,-0.787848,-0.448602,0.842819,1
8.202000,-0.128854,-0.036816,-0.787848,-0.448602,0.898053,1
8.203000,-0.128854,-0.036816,-0.787848,-0.448602,0.898064,1
8.204000,-0.128854,-0.036816,-0.787848,-0.448602,0.898075,1
8.205000,-0.128854,-0.036816,-0.782237,-0.448602,0.903698,1
8.206000,-0.128854,-0.036816,-0.782237,-0.448602,0.903709,1
8.207000,-0.128854,-0.036816,-0.782237,-0.448602,0.903720,1
8.208000,-0.131922,-0.036816,-0.898843,-0.448602,0.780988,1
8.209000,-0.131922,-0.036816,-0.898843,-0.448602,0.780999,1
8.210000,-0.131922,-0.036816,-0.898843,-0.448602,0.781010,1
8.211000,-0.131922,-0.036816,-0.898843,-0.369836,0.623488,1
8.212000,-0.131922,-0.036816,-0.898843,-0.369836,0.623499,1
8.213000,-0.131922,-0.036816,-0.898843,-0.369836,0.623510,1
8.214000,-0.131922,-0.036816,-0.898843,-0.369836,0.623521,1
8.215000,-0.131922,-0.036816,-0.898843,-0.369836,0.623532,1
8.216000,-0.131922,-0.036816,-0.898843,-0.369836,0.623543,1
8.217000,-0.131922,-0.036816,-0.898843,-0.369836,0.623554,1
8.218000,-0.131922,-0.036816,-0.898843,-0.359019,0.601931,1
8.219000,-0.131922,-0.036816,-0.898843,-0.359019,0.601942,1
8.220000,-0.131922,-0.036816,-0.898843,-0.359019,0.601953,1
8.221000,-0.134990,-0.033748,-0.830809,0.305387,-1.326308,1
8.222000,-0.134990,-0.033748,-0.830809,0.305387,-1.326297,1
8.223000,-0.134990,-0.033748,-0.830809,0.305387,-1.326287,1
8.224000,-0.134990,-0.033748,-0.690544,0.284170,-1.143579,1
8.225000,-0.134990,-0.033748,-0.690544,0.284170,-1.143568,1
8.226000,-0.134990,-0.033748,-0.690544,0.284170,-1.143558,1
8.227000,-0.134990,-0.033748,-0.690544,0.284170,-1.143548,1
8.228000,-0.134990,-0.033748,-0.690544,0.284170,-1.143538,1
8.229000,-0.134990,-0.033748,-0.690544,0.284170,-1.143528,1
8.230000,-0.134990,-0.033748,-0.590815,0.265712,-1.006874,1
8.231000,-0.134990,-0.033748,-0.590815,0.265712,-1.006864,1
8.232000,-0.134990,-0.033748,-0.590815,0.265712,-1.006854,1
8.233000,-0.134990,-0.030680,-0.458386,0.254493,-0.913336,1
8.234000,-0.134990,-0.030680,-0.458386,0.254493,-0.913327,1
8.235000,-0.134990,-0.030680,-0.458386,0.254493,-0.913318,1
8.236000,-0.134990,-0.030680,-0.458386,0.254493,-0.913308,1
8.237000,-0.134990,-0.030680,-0.458386,0.254493,-0.913299,1
8.238000,-0.134990,-0.030680,-0.458386,0.254493,-0.913290,1
8.239000,-0.134990,-0.030680,-0.412290,0.254493,-0.867185,1
8.240000,-0.134990,-0.030680,-0.412290,0.254493,-0.867176,1
8.241000,-0.134990,-0.030680,-0.412290,0.254493,-0.867166,1
8.242000,-0.138058,-0.033748,-0.343066,0.254493,-0.742709,1
8.243000,-0.138058,-0.033748,-0.343066,0.254493,-0.742699,1
8.244000,-0.138058,-0.033748,-0.343066,0.254493,-0.742688,1
8.245000,-0.138058,-0.033748,-0.343066,0.254493,-0.742678,1
8.246000,-0.138058,-0.033748,-0.343066,0.254493,-0.742668,1
8.247000,-0.138058,-0.033748,-0.343066,0.254493,-0.742658,1
8.248000,-0.138058,-0.033748,-0.316508,0.254493,-0.716090,1
8.249000,-0.138058,-0.033748,-0.316508,0.254493,-0.716080,1
8.250000,-0.138058,-0.033748,-0.316508,0.254493,-0.716070,1
8.251000,-0.144194,-0.036816,-0.276267,0.254493,-0.626730,1
8.252000,-0.144194,-0.036816,-0.276267,0.254493,-0.626719,1
8.253000,-0.144194,-0.036816,-0.276267,0.254493,-0.626708,1
8.254000,-0.144194,-0.036816,-0.276267,0.254493,-0.626697,1
8.255000,-0.144194,-0.036816,-0.276267,0.254493,-0.626686,1
8.256000,-0.144194,-0.036816,-0.276267,0.254493,-0.626675,1
8.257000,-0.147262,-0.039884,-0.276267,-0.531874,1.601294,1
8.258000,-0.147262,-0.039884,-0.276267,-0.531874,1.601306,1
8.259000,-0.147262,-0.039884,-0.276267,-0.531874,1.601318,1
8.260000,-0.153398,-0.046019,-0.276267,-0.531874,1.711778,1
8.261000,-0.153398,-0.046019,-0.276267,-0.531874,1.711792,1
8.262000,-0.153398,-0.046019,-0.276267,-0.531874,1.711806,1
8.263000,-0.153398,-0.046019,-0.276267,-0.531874,1.711819,1
8.264000,-0.153398,-0.046019,-0.276267,-0.531874,1.711833,1
8.265000,-0.153398,-0.046019,-0.276267,-0.531874,1.711847,1
8.266000,-0.156466,-0.049087,-0.784726,-0.531874,1.258625,1
8.267000,-0.156466,-0.049087,-0.784726,-0.531874,1.258640,1
8.268000,-0.156466,-0.049087,-0.784726,-0.531874,1.258655,1
8.269000,-0.162602,-0.058291,-0.784726,-0.989559,2.345848,1
8.270000,-0.165670,-0.058291,-0.784726,-0.989559,2.339730,1
8.271000,-0.165670,-0.058291,-0.784726,-0.989559,2.339747,1
8.272000,-0.165670,-0.061359,-0.784726,-0.989559,2.401125,1
8.273000,-0.165670,-0.061359,-0.784726,-0.989559,2.401143,1
8.274000,-0.165670,-0.061359,-0.784726,-0.989559,2.401162,1
8.275000,-0.165670,-0.061359,-0.784726,-0.989559,2.401180,1
8.276000,-0.165670,-0.061359,-0.784726,-0.989559,2.401198,1
8.277000,-0.165670,-0.061359,-0.784726,-0.989559,2.401217,1
8.278000,-0.165670,-0.061359,-0.784726,-0.989559,2.401235,1
8.279000,-0.165670,-0.061359,-0.784726,-0.989559,2.401254,1
8.280000,-0.165670,-0.061359,-0.784726,-0.989559,2.401272,1
8.281000,-0.165670,-0.061359,-0.784726,-0.989559,2.401290,1
8.282000,-0.165670,-0.061359,-0.774247,-0.909927,2.252525,1
8.283000,-0.165670,-0.061359,-0.774247,-0.909927,2.252544,1
8.284000,-0.165670,-0.061359,-0.774247,-0.909927,2.252562,1
8.285000,-0.162602,-0.061359,0.457129,-0.652298,2.974833,1
8.286000,-0.162602,-0.058291,0.440657,-0.652298,2.897020,1
8.287000,-0.162602,-0.058291,0.425389,-0.652298,2.881769,1
8.288000,-0.159534,-0.058291,1.071373,-0.652298,3.533906,1
8.289000,-0.159534,-0.055223,1.071373,1.327557,-1.087146,1
8.290000,-0.159534,-0.055223,1.071373,1.327557,-1.087129,1
8.291000,-0.156466,-0.049087,1.071373,1.327557,-1.203697,1
8.292000,-0.156466,-0.049087,1.071373,1.327557,-1.203682,1
8.293000,-0.153398,-0.046019,1.071373,1.327557,-1.258892,1
8.294000,-0.153398,-0.046019,1.071373,1.327557,-1.258878,1
8.295000,-0.153398,-0.046019,1.071373,1.327557,-1.258864,1
8.296000,-0.153398,-0.046019,1.071373,1.327557,-1.258851,1
8.297000,-0.153398,-0.046019,1.071373,1.327557,-1.258837,1
8.298000,-0.153398,-0.046019,1.071373,1.327557,-1.258823,1
8.299000,-0.153398,-0.046019,1.071373,1.327557,-1.258809,1
8.300000,-0.153398,-0.046019,1.071373,1.327557,-1.258795,1
8.301000,-0.153398,-0.046019,1.071373,1.327557,-1.258782,1
8.302000,-0.150330,-0.042951,1.071373,1.570428,-1.799733,1
8.303000,-0.150330,-0.042951,1.071373,1.570428,-1.799720,1
8.304000,-0.150330,-0.042951,1.071373,1.570428,-1.799707,1
8.305000,-0.147262,-0.039884,0.430814,1.570428,-2.495477,1
8.306000,-0.147262,-0.039884,0.430814,1.570428,-2.495465,1
8.307000,-0.147262,-0.039884,0.430814,1.570428,-2.495453,1
8.308000,-0.144194,-0.039884,0.430814,1.570428,-2.489305,1
8.309000,-0.144194,-0.039884,0.430814,1.570428,-2.489294,1
8.310000,-0.144194,-0.039884,0.430814,1.570428,-2.489282,1
8.311000,-0.144194,-0.036816,0.430814,0.839826,-1.089427,1
8.312000,-0.141126,-0.036816,0.430814,0.785862,-0.975351,1
8.313000,-0.144194,-0.039884,0.644070,0.639920,0.000000,1
8.314000,-0.144194,-0.039884,0.644070,0.639920,0.000000,1
8.315000,-0.144194,-0.039884,0.644070,0.639920,0.000000,1
8.316000,-0.144194,-0.039884,0.644070,0.639920,0.000000,1
8.317000,-0.144194,-0.039884,0.644070,0.639920,0.000000,1
8.318000,-0.147262,-0.042951,0.644070,0.639920,0.000000,1
8.319000,-0.147262,-0.046019,0.644070,0.639920,0.000000,1
8.320000,-0.147262,-0.046019,0.644070,0.639920,0.000000,1
8.321000,-0.147262,-0.046019,0.644070,0.639920,0.000000,1
8.322000,-0.147262,-0.046019,0.644070,0.639920,0.000000,1
8.323000,-0.147262,-0.046019,0.644070,0.639920,0.000000,1
8.324000,-0.147262,-0.046019,0.644070,0.639920,0.000000,1
8.325000,-0.147262,-0.046019,0.644070,0.639920,0.000000,1
8.326000,-0.147262,-0.046019,0.644070,0.639920,0.000000,1
8.327000,-0.147262,-0.046019,0.644070,0.639920,0.000000,1
8.328000,-0.147262,-0.046019,0.644070,0.639920,0.000000,1
8.329000,-0.147262,-0.046019,0.644070,0.639920,0.000000,1
8.330000,-0.147262,-0.046019,0.644070,0.639920,0.000000,1
8.331000,-0.147262,-0.046019,0.644070,0.639920,0.000000,1
8.332000,-0.150330,-0.049087,0.644070,0.639920,0.000000,1
8.333000,-0.150330,-0.049087,-0.622297,0.639920,-1.509268,1
8.334000,-0.150330,-0.049087,-0.592297,0.639920,-1.479253,1
8.335000,-0.150330,-0.049087,-0.564986,-0.631440,1.690793,1
8.336000,-0.150330,-0.052155,-0.540027,-0.600562,1.715371,1
8.337000,-0.150330,-0.052155,-0.517253,-0.600562,1.738161,1
8.338000,-0.150330,-0.052155,-0.496386,-0.600562,1.759043,1
8.339000,-0.150330,-0.055223,-0.477082,-0.600562,1.839724,1
8.340000,-0.153398,-0.055223,-0.459277,-0.600562,1.851408,1
8.341000,-0.153398,-0.058291,-0.442702,-0.600562,1.929361,1
8.342000,-0.153398,-0.058291,-0.427197,-0.600562,1.944883,1
8.343000,-0.153398,-0.058291,-0.412824,-0.600562,1.959274,1
8.344000,-0.153398,-0.058291,-0.399423,-0.600562,1.972692,1
8.345000,-0.153398,-0.058291,-0.386824,-0.600562,1.985308,1
8.346000,-0.153398,-0.058291,-0.375034,-0.600562,1.997116,1
8.347000,-0.150330,-0.058291,0.363877,-0.600562,2.742180,1
8.348000,-0.150330,-0.058291,0.353459,-0.600562,2.731780,1
8.349000,-0.150330,-0.058291,0.353459,-0.600562,2.731797,1
8.350000,-0.150330,-0.058291,0.353459,-0.600562,2.731815,1
8.351000,-0.150330,-0.058291,0.325290,-0.600562,2.703664,1
8.352000,-0.147262,-0.058291,0.616838,-0.600562,3.001364,1
8.353000,-0.147262,-0.058291,0.616838,-0.600562,3.001382,1
8.354000,-0.147262,-0.058291,0.616838,-0.600562,3.001399,1
8.355000,-0.144194,-0.058291,0.616838,-0.600562,3.007553,1
8.356000,-0.144194,-0.055223,0.616838,-0.639736,3.024557,1
8.357000,-0.144194,-0.055223,0.616838,-0.639736,3.024574,1
8.358000,-0.141126,-0.055223,0.616838,-0.639736,3.030726,1
8.359000,-0.141126,-0.052155,0.616838,-0.639736,2.969383,1
8.360000,-0.138058,-0.052155,0.616838,-0.639736,2.975534,1
8.361000,-0.134990,-0.049087,0.483397,-0.639736,2.786885,1
8.362000,-0.134990,-0.049087,0.483397,-0.639736,2.786900,1
8.363000,-0.131922,-0.046019,0.483397,-0.639736,2.731690,1
8.364000,-0.131922,-0.046019,0.483397,-0.639736,2.731704,1
8.365000,-0.128854,-0.042951,0.483397,1.297715,-1.798409,1
8.366000,-0.125786,-0.042951,0.483397,1.297715,-1.792260,1
8.367000,-0.122718,-0.036816,1.835427,1.297715,-0.556801,1
8.368000,-0.122718,-0.036816,1.835427,1.297715,-0.556790,1
8.369000,-0.122718,-0.036816,1.835427,1.297715,-0.556779,1
8.370000,-0.116583,-0.033748,1.835427,1.297715,-0.605856,1
8.371000,-0.116583,-0.027612,1.835427,2.228437,-2.590009,1
8.372000,-0.113515,-0.027612,1.835427,2.228437,-2.583865,1
8.373000,-0.110447,-0.027612,2.118946,2.228437,-2.294202,1
8.374000,-0.110447,-0.024544,2.118946,2.228437,-2.355554,1
8.375000,-0.107379,-0.021476,2.118946,2.228437,-2.410771,1
8.376000,-0.107379,-0.021476,2.118946,2.094420,-2.142731,1
8.377000,-0.104311,-0.021476,2.118946,1.788812,-1.525372,1
8.378000,-0.104311,-0.018408,2.118946,1.628667,-1.266436,1
8.379000,-0.101243,-0.018408,1.970484,1.628667,-1.408756,1
8.380000,-0.101243,-0.018408,1.970484,1.628667,-1.408751,1
8.381000,-0.101243,-0.018408,1.970484,1.628667,-1.408745,1
8.382000,-0.101243,-0.018408,1.970484,1.628667,-1.408740,1
8.383000,-0.101243,-0.018408,1.970484,1.628667,-1.408734,1
8.384000,-0.101243,-0.018408,1.970484,1.628667,-1.408729,1
8.385000,-0.101243,-0.018408,1.697282,1.628667,-1.681925,1
8.386000,-0.101243,-0.018408,1.697282,1.628667,-1.681919,1
8.387000,-0.095107,-0.015340,1.786515,1.628667,-1.641769,1
8.388000,-0.095107,-0.015340,1.786515,1.628667,-1.641765,1
8.389000,-0.095107,-0.015340,1.786515,1.628667,-1.641760,1
8.390000,-0.095107,-0.015340,1.786515,1.474684,-1.333789,1
8.391000,-0.095107,-0.015340,1.786515,1.474684,-1.333784,1
8.392000,-0.095107,-0.015340,1.786515,1.474684,-1.333780,1
8.393000,-0.092039,-0.012272,1.507184,1.083667,-0.886297,1
8.394000,-0.092039,-0.012272,1.507184,1.083667,-0.886293,1
8.395000,-0.092039,-0.012272,1.507184,1.083667,-0.886289,1
8.396000,-0.088971,-0.012272,0.810165,0.669514,-0.748864,1
8.397000,-0.088971,-0.012272,0.760262,0.635066,-0.729866,1
8.398000,-0.088971,-0.015340,0.580388,0.566529,-0.711304,1
8.399000,-0.088971,-0.015340,0.580388,0.566529,-0.711299,1
8.400000,-0.088971,-0.015340,0.580388,0.566529,-0.711295,1
8.401000,-0.088971,-0.015340,0.580388,0.566529,-0.711290,1
8.402000,-0.088971,-0.015340,0.580388,0.566529,-0.711285,1
8.403000,-0.088971,-0.015340,0.508335,0.566529,-0.783333,1
8.404000,-0.088971,-0.015340,0.508335,0.566529,-0.783329,1
8.405000,-0.088971,-0.015340,0.508335,0.566529,-0.783324,1
8.406000,-0.088971,-0.015340,0.488000,0.566529,-0.803655,1
8.407000,-0.088971,-0.018408,0.469462,0.566529,-0.760828,1
8.408000,-0.088971,-0.018408,0.452068,0.566529,-0.778217,1
8.409000,-0.088971,-0.018408,0.436107,0.566529,-0.794172,1
8.410000,-0.088971,-0.024544,0.359397,0.566529,-0.748157,1
8.411000,-0.088971,-0.024544,0.359397,0.566529,-0.748149,1
8.412000,-0.088971,-0.024544,0.359397,0.566529,-0.748142,1
8.413000,-0.088971,-0.024544,0.359397,0.566529,-0.748134,1
8.414000,-0.088971,-0.024544,0.359397,0.566529,-0.748127,1
8.415000,-0.088971,-0.024544,0.359397,0.566529,-0.748120,1
8.416000,-0.088971,-0.024544,0.349205,0.566529,-0.758304,1
8.417000,-0.092039,-0.024544,-0.339520,0.566529,-1.453158,1
8.418000,-0.095107,-0.033748,-1.124728,-0.660691,0.994027,1
8.419000,-0.095107,-0.033748,-1.124728,-0.660691,0.994037,1
8.420000,-0.095107,-0.033748,-1.124728,-0.660691,0.994047,1
8.421000,-0.095107,-0.033748,-1.124728,-0.660691,0.994057,1
8.422000,-0.095107,-0.033748,-1.124728,-0.660691,0.994067,1
8.423000,-0.095107,-0.033748,-1.124728,-0.660691,0.994077,1
8.424000,-0.095107,-0.033748,-1.124728,-0.660691,0.994087,1
8.425000,-0.095107,-0.033748,-1.124728,-0.660691,0.994097,1
8.426000,-0.095107,-0.036816,-1.124728,-0.660691,1.055468,1
8.427000,-0.095107,-0.039884,-1.124728,-1.387531,2.570520,1
8.428000,-0.098175,-0.039884,-1.124728,-1.387531,2.564396,1
8.429000,-0.098175,-0.042951,-1.124728,-1.387531,2.625768,1
8.430000,-0.098175,-0.046019,-1.124728,-1.387531,2.687141,1
8.431000,-0.098175,-0.046019,-1.124728,-1.387531,2.687155,1
8.432000,-0.098175,-0.049087,-1.124728,-1.387531,2.748529,1
8.433000,-0.098175,-0.049087,-1.071248,-1.387531,2.802023,1
8.434000,-0.098175,-0.049087,-1.071248,-1.387531,2.802038,1
8.435000,-0.098175,-0.049087,-0.985311,-1.387531,2.887990,1
8.436000,-0.095107,-0.052155,0.571888,-1.415846,4.569329,1
8.437000,-0.095107,-0.052155,0.571888,-1.415846,4.569345,1
8.438000,-0.095107,-0.052155,0.571888,-1.415846,4.569361,1
8.439000,-0.095107,-0.052155,0.571888,-1.415846,4.569376,1
8.440000,-0.095107,-0.052155,0.571888,-1.415846,4.569392,1
8.441000,-0.095107,-0.052155,0.571888,-1.415846,4.569408,1
8.442000,-0.095107,-0.052155,0.571888,-1.415846,4.569423,1
8.443000,-0.095107,-0.052155,0.571888,-1.415846,4.569439,1
8.444000,-0.095107,-0.052155,0.571888,-1.415846,4.569455,1
8.445000,-0.092039,-0.052155,0.546586,-1.270268,4.259148,1
8.446000,-0.092039,-0.052155,0.523252,-1.150983,3.997260,1
8.447000,-0.088971,-0.052155,0.501760,-1.051878,3.783708,1
8.448000,-0.088971,-0.052155,0.482130,-0.969155,3.598649,1
8.449000,-0.076699,-0.042951,0.215228,0.702378,-0.770841,1
8.450000,-0.076699,-0.042951,0.215228,0.702378,-0.770828,1
8.451000,-0.076699,-0.042951,0.215228,0.702378,-0.770815,1
8.452000,-0.076699,-0.042951,0.215228,0.702378,-0.770802,1
8.453000,-0.076699,-0.042951,0.215228,0.702378,-0.770789,1
8.454000,-0.076699,-0.042951,0.215228,0.702378,-0.770776,1
8.455000,-0.073631,-0.039884,1.670419,0.702378,1.229203,1
8.456000,-0.070563,-0.036816,1.670419,0.702378,1.173991,1
8.457000,-0.070563,-0.033748,1.670419,0.702378,1.112642,1
8.458000,-0.055223,-0.024544,2.334542,2.438283,-2.448436,1
8.459000,-0.055223,-0.024544,2.334542,2.438283,-2.448428,1
8.460000,-0.055223,-0.024544,2.334542,2.438283,-2.448421,1
8.461000,-0.055223,-0.024544,2.334542,2.438283,-2.448413,1
8.462000,-0.055223,-0.024544,2.334542,2.438283,-2.448406,1
8.463000,-0.049087,-0.015340,2.596728,2.153349,-1.788153,1
8.464000,-0.049087,-0.015340,2.596728,2.153349,-1.788149,1
8.465000,-0.049087,-0.015340,2.596728,2.153349,-1.788144,1
8.466000,-0.046019,-0.012272,2.596728,2.153349,-1.843364,1
8.467000,-0.042951,-0.012272,2.596728,2.153349,-1.837224,1
8.468000,-0.042951,-0.009204,2.596728,2.153349,-1.898581,1
8.469000,-0.039884,-0.009204,2.596728,2.153349,-1.892442,1
8.470000,-0.036816,-0.006136,2.381932,2.087241,-2.030243,1
8.471000,-0.036816,-0.006136,2.381932,2.087241,-2.030241,1
8.472000,-0.033748,-0.003068,2.381932,2.087241,-2.085463,1
8.473000,-0.033748,-0.003068,2.381932,2.087241,-2.085463,1
8.474000,-0.030680,0.000000,2.381932,2.087241,-2.140686,1
8.475000,-0.030680,0.000000,2.334678,2.087241,-2.187940,1
8.476000,-0.027612,0.000000,1.960215,1.868679,-2.119142,1
8.477000,-0.027612,0.003068,1.691525,1.622923,-1.957682,1
8.478000,-0.024544,0.003068,1.954535,1.432834,-1.308359,1
8.479000,-0.024544,0.003068,1.954535,1.432834,-1.308359,1
8.480000,-0.024544,0.003068,1.954535,1.432834,-1.308360,1
8.481000,-0.024544,0.003068,1.954535,1.283830,-1.010353,1
8.482000,-0.024544,0.003068,1.954535,1.283830,-1.010354,1
8.483000,-0.024544,0.003068,1.954535,1.283830,-1.010355,1
8.484000,-0.024544,0.003068,1.954535,1.283830,-1.010356,1
8.485000,-0.024544,0.003068,1.954535,1.283830,-1.010357,1
8.486000,-0.024544,0.003068,1.954535,1.283830,-1.010358,1
8.487000,-0.024544,0.003068,1.954535,1.283830,-1.010359,1
8.488000,-0.018408,0.006136,1.771905,0.940745,-0.555907,1
8.489000,-0.018408,0.006136,1.771905,0.940745,-0.555909,1
8.490000,-0.018408,0.006136,1.771905,0.940745,-0.555911,1
8.491000,-0.015340,0.006136,1.237336,0.940745,-1.084346,1
8.492000,-0.015340,0.006136,1.237336,0.940745,-1.084348,1
8.493000,-0.015340,0.006136,1.237336,0.940745,-1.084350,1
8.494000,-0.012272,0.006136,1.331629,0.940745,-0.983923,1
8.495000,-0.009204,0.006136,1.331629,0.844090,-0.784479,1
8.496000,-0.009204,0.006136,1.331629,0.844090,-0.784481,1
8.497000,-0.009204,0.006136,1.331629,0.844090,-0.784482,1
8.498000,-0.009204,0.006136,1.331629,0.789513,-0.675332,1
8.499000,-0.006136,0.006136,1.207189,0.742082,-0.698775,1
8.500000,-0.006136,0.003068,1.098810,-0.699661,2.737691,1
8.501000,-0.006136,0.003068,1.008826,-0.662059,2.572501,1
8.502000,-0.003068,0.003068,0.931849,-0.628013,2.433568,1
8.503000,-0.003068,0.000000,0.866016,-0.597407,2.367882,1
8.504000,-0.003068,0.000000,0.809172,-0.569794,2.255813,1
8.505000,0.000000,0.000000,0.786412,-0.480460,2.060519,1
8.506000,0.003068,0.000000,0.786412,-0.462466,2.030667,1
8.507000,0.006136,0.003068,0.786412,0.430082,0.000000,1
8.508000,0.006136,0.003068,0.786412,0.430082,0.000000,1
8.509000,0.006136,0.003068,0.786412,0.430082,0.000000,1
8.510000,0.006136,0.003068,0.786412,0.430082,0.000000,1
8.511000,0.006136,0.003068,0.786412,0.430082,0.000000,1
8.512000,0.006136,0.003068,0.786412,0.430082,0.000000,1
8.513000,0.006136,0.003068,0.786412,0.430082,0.000000,1
8.514000,0.006136,0.003068,0.786412,0.430082,0.000000,1
8.515000,0.006136,0.003068,0.786412,0.430082,0.000000,1
8.516000,0.006136,0.003068,0.786412,0.430082,0.000000,1
8.517000,0.006136,0.003068,0.786412,0.430082,0.000000,1
8.518000,0.006136,0.003068,0.786412,0.430082,0.000000,1
8.519000,0.006136,0.003068,0.786412,0.430082,0.000000,1
8.520000,0.006136,0.003068,0.786412,0.430082,0.000000,1
8.521000,0.006136,0.003068,0.786412,0.430082,0.000000,1
8.522000,0.006136,0.003068,0.786412,0.430082,0.000000,1
8.523000,0.012272,0.006136,0.956511,0.395236,0.000000,1
8.524000,0.012272,0.006136,0.956511,0.395236,0.000000,1
8.525000,0.012272,0.006136,0.956511,0.395236,0.000000,1
8.526000,0.024544,0.015340,1.683035,0.395236,0.948018,1
8.527000,0.036816,0.024544,2.070936,1.217378,-1.067907,1
8.528000,0.036816,0.024544,2.070936,1.217378,-1.067915,1
8.529000,0.036816,0.024544,2.070936,1.217378,-1.067922,1
8.530000,0.036816,0.024544,2.070936,1.217378,-1.067929,1
8.531000,0.036816,0.024544,2.070936,1.217378,-1.067937,1
8.532000,0.036816,0.024544,2.070936,1.217378,-1.067944,1
8.533000,0.036816,0.027612,2.070936,1.217378,-1.129311,1
8.534000,0.036816,0.027612,2.070936,1.217378,-1.129320,1
8.535000,0.036816,0.027612,2.070936,1.217378,-1.129328,1
8.536000,0.046019,0.033748,2.070936,2.301475,-3.401842,1
8.537000,0.046019,0.033748,2.070936,2.301475,-3.401852,1
8.538000,0.046019,0.033748,2.070936,2.301475,-3.401862,1
8.539000,0.052155,0.039884,2.151048,2.019374,-2.868007,1
8.540000,0.052155,0.039884,2.151048,2.019374,-2.868019,1
8.541000,0.052155,0.039884,2.151048,2.019374,-2.868031,1
8.542000,0.058291,0.042951,2.151048,1.496719,-1.871821,1
8.543000,0.058291,0.042951,2.151048,1.496719,-1.871834,1
8.544000,0.058291,0.042951,2.151048,1.496719,-1.871847,1
8.545000,0.061359,0.046019,1.927679,1.496719,-2.150453,1
8.546000,0.061359,0.046019,1.927679,1.496719,-2.150467,1
8.547000,0.061359,0.046019,1.927679,1.496719,-2.150480,1
8.548000,0.064427,0.049087,1.927679,1.496719,-2.205718,1
8.549000,0.064427,0.049087,1.927679,1.496719,-2.205733,1
8.550000,0.064427,0.049087,1.927679,1.496719,-2.205748,1
8.551000,0.064427,0.049087,1.927679,1.496719,-2.205763,1
8.552000,0.064427,0.049087,1.927679,1.496719,-2.205777,1
8.553000,0.064427,0.049087,1.927679,1.496719,-2.205792,1
8.554000,0.067495,0.049087,1.687370,1.242380,-1.931301,1
8.555000,0.067495,0.049087,1.687370,1.242380,-1.931316,1
8.556000,0.067495,0.049087,1.687370,1.242380,-1.931331,1
8.557000,0.067495,0.049087,1.687370,1.242380,-1.931346,1
8.558000,0.067495,0.049087,1.687370,1.242380,-1.931360,1
8.559000,0.067495,0.049087,1.687370,1.242380,-1.931375,1
8.560000,0.070563,0.049087,0.925073,0.773237,-1.749266,1
8.561000,0.070563,0.049087,0.925073,0.773237,-1.749280,1
8.562000,0.070563,0.049087,0.925073,0.773237,-1.749295,1
8.563000,0.070563,0.046019,0.527391,0.551966,-1.643090,1
8.564000,0.070563,0.042951,0.505622,0.551966,-1.603512,1
8.565000,0.070563,0.042951,0.485673,0.551966,-1.623474,1
8.566000,0.070563,0.039884,0.467080,0.551966,-1.580720,1
8.567000,0.070563,0.039884,0.467080,0.551966,-1.580732,1
8.568000,0.070563,0.039884,0.467080,0.551966,-1.580744,1
8.569000,0.067495,0.036816,-0.419241,0.551966,-2.411852,1
8.570000,0.067495,0.036816,-0.405470,0.551966,-2.398092,1
8.571000,0.064427,0.033748,-1.390560,-1.084875,0.545712,1
8.572000,0.064427,0.033748,-1.390560,-1.084875,0.545702,1
8.573000,0.064427,0.033748,-1.390560,-1.084875,0.545691,1
8.574000,0.064427,0.033748,-1.390560,-1.084875,0.545681,1
8.575000,0.064427,0.033748,-1.390560,-1.084875,0.545671,1
8.576000,0.064427,0.033748,-1.390560,-1.084875,0.545661,1
8.577000,0.064427,0.033748,-1.390560,-1.084875,0.545651,1
8.578000,0.064427,0.033748,-1.390560,-1.084875,0.545641,1
8.579000,0.061359,0.027612,-1.390560,-1.084875,0.662215,1
8.580000,0.061359,0.027612,-1.390560,-1.084875,0.662207,1
8.581000,0.061359,0.027612,-1.390560,-1.084875,0.662199,1
8.582000,0.055223,0.018408,-1.053723,-1.757099,2.515284,1
8.583000,0.055223,0.015340,-0.969967,-1.757099,2.660395,1
8.584000,0.055223,0.015340,-0.969967,-1.757099,2.660390,1
8.585000,0.055223,0.015340,-0.969967,-1.757099,2.660385,1
8.586000,0.055223,0.015340,-0.969967,-1.757099,2.660381,1
8.587000,0.055223,0.015340,-0.969967,-1.757099,2.660376,1
8.588000,0.055223,0.015340,-0.969967,-1.757099,2.660372,1
8.589000,0.055223,0.015340,-0.898873,-1.757099,2.731461,1
8.590000,0.055223,0.015340,-0.898873,-1.757099,2.731457,1
8.591000,0.055223,0.006136,-0.566925,-1.530953,2.795189,1
8.592000,0.055223,0.006136,-0.566925,-1.530953,2.795187,1
8.593000,0.055223,0.006136,-0.541840,-1.530953,2.820271,1
8.594000,0.055223,0.006136,-0.518991,-1.474037,2.729285,1
8.595000,0.055223,0.006136,-0.497903,-1.315765,2.433827,1
8.596000,0.055223,0.006136,-0.478534,-1.188624,2.198912,1
8.597000,0.064427,0.012272,0.369084,0.669618,-1.374269,1
8.598000,0.064427,0.012272,0.369084,0.669618,-1.374273,1
8.599000,0.064427,0.012272,0.369084,0.669618,-1.374277,1
8.600000,0.064427,0.012272,0.369084,0.669618,-1.374280,1
8.601000,0.064427,0.012272,0.369084,0.669618,-1.374284,1
8.602000,0.064427,0.012272,0.369084,0.669618,-1.374288,1
8.603000,0.064427,0.012272,0.369084,0.669618,-1.374291,1
8.604000,0.064427,0.012272,0.369084,0.669618,-1.374295,1
8.605000,0.064427,0.012272,0.369084,0.635015,-1.305092,1
8.606000,0.064427,0.012272,0.369084,0.635015,-1.305096,1
8.607000,0.064427,0.012272,0.369084,0.635015,-1.305100,1
8.608000,0.064427,0.015340,0.369084,0.603938,-1.304308,1
8.609000,0.064427,0.015340,0.369084,0.603938,-1.304313,1
8.610000,0.064427,0.015340,0.369084,0.603938,-1.304317,1
8.611000,0.064427,0.015340,0.369084,0.603938,-1.304322,1
8.612000,0.064427,0.015340,0.369084,0.603938,-1.304327,1
8.613000,0.064427,0.015340,0.369084,0.603938,-1.304331,1
8.614000,0.064427,0.015340,0.369084,0.603938,-1.304336,1
8.615000,0.070563,0.021476,0.369084,0.596846,-1.400605,1
8.616000,0.076699,0.027612,0.428353,0.596846,-1.451791,1
8.617000,0.076699,0.027612,0.428353,0.596846,-1.451799,1
8.618000,0.076699,0.027612,0.428353,0.596846,-1.451807,1
8.619000,0.076699,0.027612,0.428353,0.596846,-1.451816,1
8.620000,0.076699,0.027612,0.428353,0.596846,-1.451824,1
8.621000,0.076699,0.027612,0.428353,0.596846,-1.451832,1
8.622000,0.076699,0.027612,0.428353,0.596846,-1.451841,1
8.623000,0.076699,0.027612,0.428353,0.596846,-1.451849,1
8.624000,0.076699,0.027612,0.428353,0.596846,-1.451857,1
8.625000,0.076699,0.027612,0.428353,0.596846,-1.451865,1
8.626000,0.076699,0.027612,0.428353,0.596846,-1.451874,1
8.627000,0.076699,0.030680,0.428353,0.814876,-1.949302,1
8.628000,0.076699,0.030680,0.428353,0.814876,-1.949311,1
8.629000,0.076699,0.030680,0.428353,0.814876,-1.949320,1
8.630000,0.079767,0.030680,0.428353,0.814876,-1.943193,1
8.631000,0.079767,0.030680,0.428353,0.814876,-1.943203,1
8.632000,0.079767,0.030680,0.428353,0.814876,-1.943212,1
8.633000,0.079767,0.027612,0.428353,0.814876,-1.881861,1
8.634000,0.076699,0.024544,0.737944,-0.781111,2.274920,1
8.635000,0.076699,0.024544,0.737944,-0.781111,2.274913,1
8.636000,0.076699,0.024544,0.737944,-0.781111,2.274906,1
8.637000,0.076699,0.024544,0.737944,-0.781111,2.274898,1
8.638000,0.076699,0.024544,0.737944,-0.781111,2.274891,1
8.639000,0.076699,0.024544,0.737944,-0.781111,2.274884,1
8.640000,0.076699,0.024544,0.737944,-0.781111,2.274876,1
8.641000,0.076699,0.024544,0.737944,-0.781111,2.274869,1
8.642000,0.076699,0.024544,0.737944,-0.734798,2.182235,1
8.643000,0.076699,0.024544,0.737944,-0.734798,2.182228,1
8.644000,0.076699,0.024544,0.737944,-0.734798,2.182221,1
8.645000,0.076699,0.018408,0.737944,-0.709544,2.254424,1
8.646000,0.076699,0.018408,0.737944,-0.709544,2.254419,1
8.647000,0.076699,0.018408,0.737944,-0.709544,2.254413,1
8.648000,0.076699,0.018408,0.737944,-1.505787,3.846893,1
8.649000,0.079767,0.018408,0.737944,-1.505787,3.853024,1
8.650000,0.079767,0.018408,0.737944,-1.505787,3.853018,1
8.651000,0.079767,0.018408,0.737944,-1.505787,3.853013,1
8.652000,0.079767,0.018408,0.737944,-1.505787,3.853007,1
8.653000,0.085903,0.021476,0.483003,1.324602,-2.711805,1
8.654000,0.085903,0.021476,0.483003,1.324602,-2.711811,1
8.655000,0.085903,0.021476,0.483003,1.324602,-2.711818,1
8.656000,0.085903,0.021476,0.483003,1.324602,-2.711824,1
8.657000,0.085903,0.021476,0.483003,1.324602,-2.711831,1
8.658000,0.085903,0.021476,0.483003,1.324602,-2.711837,1
8.659000,0.085903,0.021476,0.483003,1.324602,-2.711843,1
8.660000,0.085903,0.024544,0.483003,1.195345,-2.514697,1
8.661000,0.088971,0.030680,0.483003,1.074108,-2.388814,1
8.662000,0.098175,0.036816,1.113084,1.074108,-1.863054,1
8.663000,0.098175,0.036816,1.113084,1.074108,-1.863065,1
8.664000,0.098175,0.036816,1.113084,1.074108,-1.863076,1
8.665000,0.098175,0.036816,1.113084,1.074108,-1.863087,1
8.666000,0.098175,0.036816,1.113084,1.074108,-1.863098,1
8.667000,0.098175,0.036816,1.113084,1.074108,-1.863109,1
8.668000,0.098175,0.039884,1.113084,1.074108,-1.924480,1
8.669000,0.098175,0.039884,1.113084,0.651335,-1.078948,1
8.670000,0.098175,0.039884,1.113084,0.651335,-1.078959,1
8.671000,0.098175,0.039884,1.070524,0.618627,-1.056116,1
8.672000,0.098175,0.039884,1.070524,0.618627,-1.056127,1
8.673000,0.098175,0.039884,1.070524,0.618627,-1.056139,1
8.674000,0.098175,0.039884,1.070524,0.618627,-1.056151,1
8.675000,0.098175,0.039884,1.070524,0.618627,-1.056163,1
8.676000,0.098175,0.039884,1.070524,0.618627,-1.056175,1
8.677000,0.098175,0.039884,1.070524,0.618627,-1.056187,1
8.678000,0.098175,0.039884,1.070524,0.618627,-1.056199,1
8.679000,0.098175,0.039884,1.070524,0.618627,-1.056211,1
8.680000,0.098175,0.039884,1.070524,0.618627,-1.056223,1
8.681000,0.098175,0.039884,1.070524,0.618627,-1.056235,1
8.682000,0.098175,0.039884,1.070524,0.618627,-1.056247,1
8.683000,0.098175,0.039884,1.070524,0.618627,-1.056259,1
8.684000,0.098175,0.039884,0.984133,0.588761,-1.082929,1
8.685000,0.098175,0.039884,0.984133,0.588761,-1.082941,1
8.686000,0.098175,0.039884,0.984133,0.588761,-1.082953,1
8.687000,0.092039,0.033748,-0.599554,-0.466809,0.000000,1
8.688000,0.092039,0.033748,-0.571670,-0.466809,0.000000,1
8.689000,0.088971,0.027612,-0.583288,-0.466809,0.000000,1
8.690000,0.088971,0.027612,-0.583288,-0.466809,0.000000,1
8.691000,0.088971,0.027612,-0.583288,-0.466809,0.000000,1
8.692000,0.088971,0.027612,-0.583288,-0.466809,0.000000,1
8.693000,0.088971,0.027612,-0.583288,-0.466809,0.000000,1
8.694000,0.088971,0.027612,-0.583288,-0.466809,0.000000,1
8.695000,0.088971,0.027612,-0.583288,-0.466809,0.000000,1
8.696000,0.088971,0.027612,-0.583288,-0.466809,0.000000,1
8.697000,0.085903,0.027612,-0.583288,-0.466809,0.000000,1
8.698000,0.085903,0.024544,-0.583288,-0.466809,0.000000,1
8.699000,0.082835,0.024544,-0.583288,-0.466809,0.000000,1
8.700000,0.079767,0.024544,-0.583288,-0.466809,0.000000,1
8.701000,0.079767,0.024544,-0.583288,-0.466809,0.000000,1
8.702000,0.076699,0.021476,-0.583288,-0.697720,0.847661,1
8.703000,0.076699,0.021476,-0.583288,-0.697720,0.847655,1
8.704000,0.076699,0.021476,-0.583288,-0.697720,0.847648,1
8.705000,0.076699,0.021476,-0.583288,-0.697720,0.847642,1
8.706000,0.076699,0.021476,-0.583288,-0.697720,0.847636,1
8.707000,0.076699,0.018408,-0.583288,-0.697720,0.908989,1
8.708000,0.076699,0.018408,-0.583288,-0.697720,0.908984,1
8.709000,0.076699,0.018408,-0.583288,-0.697720,0.908978,1
8.710000,0.073631,0.015340,-0.681564,-0.697720,0.865921,1
8.711000,0.073631,0.015340,-0.681564,-0.697720,0.865917,1
8.712000,0.073631,0.015340,-0.681564,-0.697720,0.865912,1
8.713000,0.073631,0.015340,-0.681564,-0.697720,0.865907,1
8.714000,0.073631,0.015340,-0.681564,-0.697720,0.865903,1
8.715000,0.073631,0.015340,-0.681564,-0.697720,0.865898,1
8.716000,0.073631,0.015340,-0.681564,-0.697720,0.865894,1
8.717000,0.073631,0.015340,-0.681564,-0.697720,0.865889,1
8.718000,0.073631,0.015340,-0.681564,-0.697720,0.865884,1
8.719000,0.073631,0.015340,-0.681564,-0.697720,0.865880,1
8.720000,0.073631,0.015340,-0.681564,-0.683172,0.836778,1
8.721000,0.070563,0.012272,-0.681564,-0.512012,0.549677,1
8.722000,0.070563,0.012272,-0.681564,-0.512012,0.549674,1
8.723000,0.070563,0.012272,-0.681564,-0.512012,0.549670,1
8.724000,0.070563,0.012272,-0.681564,-0.512012,0.549666,1
8.725000,0.070563,0.012272,-0.681564,-0.512012,0.549663,1
8.726000,0.070563,0.012272,-0.681564,-0.512012,0.549659,1
8.727000,0.070563,0.012272,-0.681564,-0.491624,0.508880,1
8.728000,0.070563,0.015340,-0.681564,0.472561,-2.080855,1
8.729000,0.070563,0.015340,-0.647282,0.455084,-2.011623,1
8.730000,0.070563,0.015340,-0.647282,0.455084,-2.011628,1
8.731000,0.070563,0.015340,-0.558918,0.409560,-1.832220,1
8.732000,0.070563,0.015340,-0.558918,0.409560,-1.832225,1
8.733000,0.070563,0.015340,-0.512146,0.383871,-1.734078,1
8.734000,0.070563,0.015340,-0.512146,0.383871,-1.734082,1
8.735000,0.070563,0.015340,-0.512146,0.383871,-1.734087,1
8.736000,0.070563,0.015340,-0.512146,0.383871,-1.734091,1
8.737000,0.070563,0.015340,-0.512146,0.383871,-1.734096,1
8.738000,0.070563,0.015340,-0.512146,0.383871,-1.734101,1
8.739000,0.067495,0.012272,-0.423828,-0.332014,0.000000,1
8.740000,0.067495,0.012272,-0.409646,-0.323247,0.000000,1
8.741000,0.061359,0.006136,-0.323037,-0.319161,0.626732,1
8.742000,0.061359,0.006136,-0.323037,-0.319161,0.626730,1
8.743000,0.061359,0.006136,-0.323037,-0.319161,0.626728,1
8.744000,0.061359,0.006136,-0.323037,-0.319161,0.626727,1
8.745000,0.061359,0.006136,-0.323037,-0.319161,0.626725,1
8.746000,0.058291,0.006136,-0.323037,-0.319161,0.620587,1
8.747000,0.058291,0.006136,-0.323037,-0.319161,0.620585,1
8.748000,0.058291,0.006136,-0.323037,-0.319161,0.620583,1
8.749000,0.058291,0.006136,-0.323037,-0.319161,0.620581,1
8.750000,0.058291,0.003068,-0.323037,-0.319161,0.681940,1
8.751000,0.058291,0.003068,-0.323037,-0.319161,0.681939,1
8.752000,0.058291,0.003068,-0.323037,-0.319161,0.681938,1
8.753000,0.055223,0.003068,-0.323037,-0.319161,0.675801,1
8.754000,0.055223,0.000000,-0.323037,-0.319161,0.737160,1
8.755000,0.055223,0.000000,-0.323037,-0.319161,0.737160,1
8.756000,0.052155,0.000000,-0.323037,-0.319161,0.731024,1
8.757000,0.052155,0.000000,-0.323037,-0.319161,0.731024,1
8.758000,0.052155,0.000000,-0.323037,-0.319161,0.731024,1
8.759000,0.052155,0.000000,-0.323037,-0.319161,0.731024,1
8.760000,0.049087,-0.003068,-0.817068,-0.643705,0.941306,1
8.761000,0.049087,-0.003068,-0.817068,-0.643705,0.941307,1
8.762000,0.049087,-0.003068,-0.817068,-0.643705,0.941308,1
8.763000,0.049087,-0.003068,-0.817068,-0.643705,0.941309,1
8.764000,0.049087,-0.003068,-0.817068,-0.643705,0.941310,1
8.765000,0.049087,-0.003068,-0.817068,-0.643705,0.941311,1
8.766000,0.049087,-0.003068,-0.817068,-0.643705,0.941312,1
8.767000,0.049087,-0.003068,-0.817068,-0.643705,0.941313,1
8.768000,0.049087,-0.003068,-0.817068,-0.643705,0.941313,1
8.769000,0.046019,-0.003068,-0.817068,-0.643705,0.935178,1
8.770000,0.046019,-0.003068,-0.817068,-0.643705,0.935179,1
8.771000,0.046019,-0.003068,-0.817068,-0.643705,0.935180,1
8.772000,0.046019,-0.003068,-0.817068,-0.643705,0.935181,1
8.773000,0.046019,-0.006136,-0.817068,-0.643705,0.996542,1
8.774000,0.046019,-0.006136,-0.817068,-0.643705,0.996544,1
8.775000,0.046019,-0.006136,-0.817068,-0.643705,0.996546,1
8.776000,0.046019,-0.006136,-0.797278,-0.643705,1.016338,1
8.777000,0.046019,-0.006136,-0.748752,-0.643705,1.064865,1
8.778000,0.049087,-0.003068,0.601955,0.572135,-0.671330,1
8.779000,0.049087,-0.003068,0.601955,0.572135,-0.671329,1
8.780000,0.049087,-0.003068,0.601955,0.572135,-0.671328,1
8.781000,0.049087,-0.003068,0.601955,0.572135,-0.671327,1
8.782000,0.049087,-0.003068,0.573845,0.546682,-0.648531,1
8.783000,0.049087,-0.003068,0.448086,0.446819,-0.574563,1
8.784000,0.049087,-0.003068,0.448086,0.446819,-0.574562,1
8.785000,0.049087,-0.003068,0.448086,0.446819,-0.574561,1
8.786000,0.049087,-0.003068,0.448086,0.446819,-0.574560,1
8.787000,0.049087,-0.003068,0.448086,0.446819,-0.574559,1
8.788000,0.049087,-0.003068,0.448086,0.446819,-0.574558,1
8.789000,0.049087,0.000000,0.432253,0.446819,-0.651751,1
8.790000,0.049087,0.000000,0.390920,0.446819,-0.693084,1
8.791000,0.049087,0.000000,0.390920,0.446819,-0.693084,1
8.792000,0.049087,0.000000,0.390920,0.446819,-0.693084,1
8.793000,0.049087,0.000000,0.378914,0.446819,-0.705090,1
8.794000,0.049087,0.000000,0.367533,0.446819,-0.716471,1
8.795000,0.049087,0.000000,0.356851,0.446819,-0.727153,1
8.796000,0.049087,0.000000,0.346736,0.446819,-0.737268,1
8.797000,0.049087,0.000000,0.337213,0.446819,-0.746791,1
8.798000,0.049087,0.000000,0.328239,0.446819,-0.755765,1
8.799000,0.049087,0.000000,0.319693,0.446819,-0.764311,1
8.800000,0.049087,0.000000,0.311554,0.446819,-0.772450,1
8.801000,0.046019,0.000000,-0.303830,0.446819,-1.393970,1
8.802000,0.046019,0.000000,-0.296551,0.446819,-1.386691,1
8.803000,0.046019,0.000000,-0.289514,0.446819,-1.379654,1
8.804000,0.046019,0.000000,-0.282840,0.446819,-1.372980,1
8.805000,0.042951,-0.003068,-0.258947,0.673492,-1.747209,1
8.806000,0.042951,-0.003068,-0.258947,0.673492,-1.747208,1
8.807000,0.042951,-0.003068,-0.258947,0.673492,-1.747207,1
8.808000,0.042951,-0.003068,-0.258947,0.673492,-1.747206,1
8.809000,0.042951,-0.003068,-0.253622,0.673492,-1.741880,1
8.810000,0.042951,-0.003068,-0.253622,0.673492,-1.741880,1
8.811000,0.042951,-0.003068,-0.253622,0.673492,-1.741879,1
8.812000,0.039884,-0.003068,-0.243523,0.673492,-1.737915,1
8.813000,0.039884,-0.003068,-0.243523,0.673492,-1.737914,1
8.814000,0.039884,-0.006136,-0.238784,0.673492,-1.671814,1
8.815000,0.039884,-0.006136,-0.238784,0.673492,-1.671812,1
8.816000,0.039884,-0.006136,-0.234253,0.673492,-1.667279,1
8.817000,0.039884,-0.006136,-0.234253,0.673492,-1.667277,1
8.818000,0.039884,-0.006136,-0.234253,0.673492,-1.667276,1
8.819000,0.030680,-0.012272,-0.222510,0.673492,-1.551217,1
8.820000,0.030680,-0.015340,-0.222510,-0.853539,2.164209,1
8.821000,0.027612,-0.015340,-0.222510,-0.853539,2.158077,1
8.822000,0.027612,-0.018408,-0.222510,-0.853539,2.219442,1
8.823000,0.024544,-0.021476,-1.076216,-0.853539,1.420966,1
8.824000,0.018408,-0.027612,-1.076216,-1.474088,2.772520,1
8.825000,0.015340,-0.030680,-1.076216,-1.474088,2.827753,1
8.826000,0.015340,-0.030680,-1.076216,-1.474088,2.827762,1
8.827000,0.015340,-0.030680,-1.076216,-1.474088,2.827771,1
8.828000,0.015340,-0.030680,-1.076216,-1.474088,2.827780,1
8.829000,0.015340,-0.030680,-1.076216,-1.474088,2.827789,1
8.830000,0.015340,-0.030680,-1.076216,-1.474088,2.827799,1
8.831000,0.015340,-0.030680,-1.076216,-1.474088,2.827808,1
8.832000,0.015340,-0.030680,-1.076216,-1.474088,2.827817,1
8.833000,0.015340,-0.030680,-1.076216,-1.474088,2.827826,1
8.834000,0.015340,-0.030680,-1.076216,-1.474088,2.827835,1
8.835000,0.015340,-0.030680,-1.076216,-1.474088,2.827845,1
8.836000,0.015340,-0.030680,-1.076216,-1.474088,2.827854,1
8.837000,0.015340,-0.030680,-1.076216,-1.474088,2.827863,1
8.838000,0.015340,-0.030680,-1.076216,-1.474088,2.827872,1
8.839000,0.015340,-0.030680,-1.076216,-1.474088,2.827881,1
8.840000,0.015340,-0.030680,-1.076216,-1.474088,2.827891,1
8.841000,0.015340,-0.030680,-1.076216,-1.474088,2.827900,1
8.842000,0.015340,-0.030680,-1.076216,-1.474088,2.827909,1
8.843000,0.015340,-0.030680,-1.076216,-1.474088,2.827918,1
8.844000,0.015340,-0.033748,-1.274578,-1.017578,1.777904,1
8.845000,0.015340,-0.033748,-1.274578,-1.017578,1.777914,1
8.846000,0.015340,-0.033748,-1.274578,-1.017578,1.777925,1
8.847000,0.018408,-0.030680,-1.274578,-0.773170,1.233896,1
8.848000,0.018408,-0.030680,-1.274578,-0.773170,1.233905,1
8.849000,0.018408,-0.030680,-1.274578,-0.773170,1.233914,1
8.850000,0.018408,-0.030680,-1.274578,-0.773170,1.233923,1
8.851000,0.018408,-0.030680,-1.274578,-0.773170,1.233933,1
8.852000,0.018408,-0.030680,-1.274578,-0.773170,1.233942,1
8.853000,0.018408,-0.027612,1.206322,-0.773170,3.653490,1
8.854000,0.024544,-0.021476,1.047052,-0.773170,3.383781,1
8.855000,0.024544,-0.021476,1.047052,-0.773170,3.383787,1
8.856000,0.027612,-0.018408,1.047052,1.287322,-1.392416,1
8.857000,0.027612,-0.018408,1.047052,1.287322,-1.392410,1
8.858000,0.027612,-0.018408,1.047052,1.287322,-1.392405,1
8.859000,0.027612,-0.018408,1.047052,1.287322,-1.392399,1
8.860000,0.027612,-0.018408,1.047052,1.287322,-1.392394,1
8.861000,0.027612,-0.018408,1.047052,1.287322,-1.392388,1
8.862000,0.027612,-0.018408,1.047052,1.287322,-1.392383,1
8.863000,0.027612,-0.018408,1.047052,1.287322,-1.392377,1
8.864000,0.027612,-0.018408,1.047052,1.287322,-1.392372,1
8.865000,0.027612,-0.018408,1.047052,1.287322,-1.392366,1
8.866000,0.027612,-0.018408,1.047052,1.287322,-1.392361,1
8.867000,0.027612,-0.018408,1.047052,1.287322,-1.392355,1
8.868000,0.036816,-0.009204,0.844882,1.287322,-1.760193,1
8.869000,0.036816,-0.009204,0.844882,1.287322,-1.760190,1
8.870000,0.036816,-0.009204,0.844882,1.287322,-1.760188,1
8.871000,0.036816,-0.009204,0.844882,1.287322,-1.760185,1
8.872000,0.036816,-0.009204,0.844882,1.287322,-1.760182,1
8.873000,0.036816,-0.009204,0.844882,1.287322,-1.760179,1
8.874000,0.052155,0.006136,1.804904,2.444591,-3.390812,1
8.875000,0.052155,0.006136,1.804904,2.444591,-3.390814,1
8.876000,0.052155,0.006136,1.804904,2.444591,-3.390816,1
8.877000,0.052155,0.006136,1.804904,2.444591,-3.390818,1
8.878000,0.052155,0.006136,1.804904,2.444591,-3.390819,1
8.879000,0.052155,0.006136,1.804904,2.444591,-3.390821,1
8.880000,0.070563,0.027612,2.697315,3.352111,-4.706159,1
8.881000,0.070563,0.027612,2.697315,3.352111,-4.706167,1
8.882000,0.070563,0.027612,2.697315,3.352111,-4.706175,1
8.883000,0.088971,0.052155,2.585399,2.708452,-3.984847,1
8.884000,0.088971,0.052155,2.585399,2.708452,-3.984863,1
8.885000,0.088971,0.052155,2.585399,2.708452,-3.984879,1
8.886000,0.095107,0.061359,2.242571,2.531604,-4.145835,1
8.887000,0.095107,0.061359,2.242571,2.531604,-4.145853,1
8.888000,0.098175,0.064427,1.866232,1.413717,-2.341660,1
8.889000,0.098175,0.064427,1.866232,1.413717,-2.341680,1
8.890000,0.098175,0.064427,1.866232,1.413717,-2.341699,1
8.891000,0.098175,0.064427,1.866232,1.413717,-2.341718,1
8.892000,0.098175,0.067495,1.619876,1.391079,-2.604177,1
8.893000,0.098175,0.067495,1.430908,1.391079,-2.793166,1
8.894000,0.098175,0.067495,1.160039,1.391079,-3.064055,1
8.895000,0.098175,0.067495,0.903622,1.391079,-3.320493,1
8.896000,0.098175,0.067495,0.903622,1.391079,-3.320513,1
8.897000,0.098175,0.067495,0.903622,1.391079,-3.320533,1
8.898000,0.098175,0.067495,0.903622,1.391079,-3.320553,1
8.899000,0.098175,0.067495,0.903622,1.391079,-3.320574,1
8.900000,0.098175,0.067495,0.903622,1.391079,-3.320594,1
8.901000,0.098175,0.067495,0.842004,1.391079,-3.382232,1
8.902000,0.095107,0.064427,-0.698149,-1.129452,0.773881,1
8.903000,0.095107,0.064427,-0.660682,-1.034539,0.621503,1
8.904000,0.095107,0.061359,-0.626978,-0.954217,0.555904,1
8.905000,0.092039,0.061359,-0.596510,-0.885392,0.000000,1
8.906000,0.092039,0.058291,-0.568850,-0.858630,0.478045,1
8.907000,0.092039,0.058291,-0.543636,-0.858630,0.503241,1
8.908000,0.088971,0.055223,-0.461798,-0.858630,0.640285,1
8.909000,0.088971,0.055223,-0.461798,-0.858630,0.640269,1
8.910000,0.088971,0.055223,-0.461798,-0.858630,0.640252,1
8.911000,0.088971,0.055223,-0.461798,-0.858630,0.640236,1
8.912000,0.088971,0.055223,-0.461798,-0.858630,0.640219,1
8.913000,0.088971,0.055223,-0.461798,-0.858630,0.640202,1
8.914000,0.088971,0.055223,-0.461798,-0.858630,0.640186,1
8.915000,0.088971,0.055223,-0.461798,-0.858630,0.640169,1
8.916000,0.088971,0.055223,-0.461798,-0.858630,0.640153,1
8.917000,0.088971,0.055223,-0.461798,-0.858630,0.640136,1
8.918000,0.088971,0.055223,-0.445033,-0.858630,0.656884,1
8.919000,0.088971,0.055223,-0.445033,-0.858630,0.656868,1
8.920000,0.088971,0.055223,-0.445033,-0.858630,0.656851,1
8.921000,0.085903,0.055223,-0.517537,-0.858630,0.578195,1
8.922000,0.085903,0.055223,-0.517537,-0.858630,0.578179,1
8.923000,0.085903,0.055223,-0.517537,-0.858630,0.578162,1
8.924000,0.082835,0.052155,-0.517537,-0.842253,0.600616,1
8.925000,0.082835,0.052155,-0.517537,-0.842253,0.600601,1
8.926000,0.082835,0.052155,-0.517537,-0.842253,0.600585,1
8.927000,0.082835,0.052155,-0.517537,-0.698326,0.000000,1
8.928000,0.082835,0.052155,-0.517537,-0.698326,0.000000,1
8.929000,0.082835,0.052155,-0.517537,-0.698326,0.000000,1
8.930000,0.079767,0.052155,-0.517537,-0.499578,-0.690964,1
8.931000,0.079767,0.052155,-0.517537,-0.479976,-0.730183,1
8.932000,0.079767,0.055223,-0.517537,-0.471799,-0.807912,1
8.933000,0.076699,0.055223,-0.496027,-0.471799,-0.792555,1
8.934000,0.073631,0.055223,-0.613619,-0.471799,-0.916300,1
8.935000,0.073631,0.055223,-0.613619,-0.471799,-0.916316,1
8.936000,0.073631,0.055223,-0.613619,-0.471799,-0.916333,1
8.937000,0.073631,0.055223,-0.613619,-0.471799,-0.916349,1
8.938000,0.073631,0.055223,-0.613619,-0.471799,-0.916366,1
8.939000,0.073631,0.055223,-0.613619,-0.471799,-0.916382,1
8.940000,0.073631,0.055223,-0.613619,-0.471799,-0.916399,1
8.941000,0.073631,0.055223,-0.613619,-0.471799,-0.916416,1
8.942000,0.073631,0.055223,-0.613619,-0.471799,-0.916432,1
8.943000,0.073631,0.055223,-0.613619,-0.471799,-0.916449,1
8.944000,0.073631,0.055223,-0.613619,-0.471799,-0.916465,1
8.945000,0.073631,0.055223,-0.613619,-0.471799,-0.916482,1
8.946000,0.073631,0.055223,-0.613619,-0.471799,-0.916498,1
8.947000,0.073631,0.055223,-0.613619,-0.471799,-0.916515,1
8.948000,0.073631,0.055223,-0.613619,-0.471799,-0.916532,1
8.949000,0.073631,0.055223,-0.613619,-0.471799,-0.916548,1
8.950000,0.073631,0.055223,-0.613619,-0.471799,-0.916565,1
8.951000,0.073631,0.055223,-0.613619,-0.471799,-0.916581,1
8.952000,0.073631,0.055223,-0.613619,-0.471799,-0.916598,1
8.953000,0.073631,0.055223,-0.613619,-0.471799,-0.916614,1
8.954000,0.073631,0.055223,-0.613619,-0.471799,-0.916631,1
8.955000,0.073631,0.055223,-0.613619,-0.471799,-0.916648,1
8.956000,0.073631,0.055223,-0.613619,-0.471799,-0.916664,1
8.957000,0.073631,0.055223,-0.613619,-0.471799,-0.916681,1
8.958000,0.064427,0.055223,-0.613619,-0.471799,-0.935105,1
8.959000,0.064427,0.055223,-0.613619,-0.471799,-0.935122,1
8.960000,0.064427,0.055223,-0.613619,-0.471799,-0.935138,1
8.961000,0.064427,0.055223,-0.613619,-0.471799,-0.935155,1
8.962000,0.064427,0.055223,-0.613619,-0.471799,-0.935171,1
8.963000,0.064427,0.055223,-0.613619,-0.471799,-0.935188,1
8.964000,0.061359,0.055223,-0.512800,-0.471799,-0.840521,1
8.965000,0.061359,0.055223,-0.512800,-0.471799,-0.840538,1
8.966000,0.061359,0.055223,-0.512800,-0.471799,-0.840554,1
8.967000,0.055223,0.052155,-0.512800,-0.388929,-0.957222,1
8.968000,0.055223,0.052155,-0.512800,-0.388929,-0.957238,1
8.969000,0.055223,0.052155,-0.512800,-0.388929,-0.957254,1
8.970000,0.055223,0.052155,-0.512800,-0.388929,-0.957269,1
8.971000,0.055223,0.052155,-0.512800,-0.388929,-0.957285,1
8.972000,0.055223,0.052155,-0.512800,-0.388929,-0.957301,1
8.973000,0.049087,0.049087,-1.018183,-0.355116,-1.481238,1
8.974000,0.049087,0.049087,-1.018183,-0.355116,-1.481253,1
8.975000,0.049087,0.049087,-1.018183,-0.355116,-1.481267,1
8.976000,0.049087,0.049087,-1.018183,-0.355116,-1.481282,1
8.977000,0.049087,0.049087,-1.018183,-0.355116,-1.481297,1
8.978000,0.049087,0.049087,-1.018183,-0.355116,-1.481311,1
8.979000,0.042951,0.046019,-1.018183,-0.317429,-1.507611,1
8.980000,0.042951,0.046019,-1.018183,-0.317429,-1.507625,1
8.981000,0.033748,0.042951,-1.234034,-0.317429,-1.680537,1
8.982000,0.033748,0.042951,-1.234034,-0.317429,-1.680550,1
8.983000,0.033748,0.042951,-1.234034,-0.317429,-1.680563,1
8.984000,0.033748,0.042951,-1.234034,-0.317429,-1.680576,1
8.985000,0.030680,0.039884,-1.234034,-0.317429,-1.625365,1
8.986000,0.030680,0.039884,-1.234034,-0.317429,-1.625377,1
8.987000,0.030680,0.039884,-1.234034,-0.317429,-1.625389,1
8.988000,0.024544,0.036816,-1.379863,-0.317429,-1.722141,1
8.989000,0.015340,0.030680,-1.379863,-0.801721,-0.649256,1
8.990000,0.015340,0.030680,-1.379863,-0.801721,-0.649265,1
8.991000,0.009204,0.027612,-1.715119,-0.801721,-0.935442,1
8.992000,0.009204,0.027612,-1.715119,-0.801721,-0.935451,1
8.993000,0.009204,0.027612,-1.715119,-0.801721,-0.935459,1
8.994000,0.009204,0.027612,-1.715119,-0.801721,-0.935467,1
8.995000,0.003068,0.024544,-1.715119,-0.801721,-0.886387,1
8.996000,0.003068,0.024544,-1.715119,-0.801721,-0.886395,1
8.997000,0.003068,0.024544,-1.715119,-0.801721,-0.886402,1
8.998000,-0.003068,0.018408,-2.041027,-1.399513,0.693715,1
8.999000,-0.009204,0.015340,-2.041027,-1.399513,0.742798,1
9.000000,-0.009204,0.015340,-2.041027,-1.399513,0.742794,1
9.001000,-0.009204,0.015340,-2.041027,-1.399513,0.742789,1
9.002000,-0.009204,0.015340,-2.041027,-1.399513,0.742784,1
9.003000,-0.009204,0.015340,-2.041027,-1.399513,0.742780,1
9.004000,-0.009204,0.015340,-2.041027,-1.399513,0.742775,1
9.005000,-0.012272,0.012272,-2.196244,-1.399513,0.642779,1
9.006000,-0.012272,0.012272,-2.196244,-1.399513,0.642775,1
9.007000,-0.012272,0.012272,-2.196244,-1.399513,0.642771,1
9.008000,-0.012272,0.012272,-2.196244,-1.399513,0.642768,1
9.009000,-0.012272,0.012272,-2.196244,-1.399513,0.642764,1
9.010000,-0.018408,0.009204,-2.196244,-1.524161,0.941144,1
9.011000,-0.018408,0.009204,-2.196244,-1.524161,0.941141,1
9.012000,-0.018408,0.009204,-2.196244,-1.524161,0.941138,1
9.013000,-0.030680,0.000000,-2.317538,-1.524161,0.979378,1
9.014000,-0.030680,0.000000,-2.317538,-1.524161,0.979378,1
9.015000,-0.030680,0.000000,-2.317538,-1.524161,0.979378,1
9.016000,-0.036816,-0.006136,-2.288830,-1.762574,1.595360,1
9.017000,-0.036816,-0.006136,-2.288830,-1.762574,1.595362,1
9.018000,-0.036816,-0.006136,-2.288830,-1.762574,1.595364,1
9.019000,-0.042951,-0.009204,-2.288830,-1.762574,1.644454,1
9.020000,-0.042951,-0.009204,-2.288830,-1.762574,1.644457,1
9.021000,-0.042951,-0.009204,-2.288830,-1.762574,1.644460,1
9.022000,-0.049087,-0.012272,-2.129158,-1.393191,1.114457,1
9.023000,-0.049087,-0.012272,-2.129158,-1.393191,1.114460,1
9.024000,-0.049087,-0.012272,-2.129158,-1.393191,1.114464,1
9.025000,-0.061359,-0.018408,-1.866815,-1.176264,1.041133,1
9.026000,-0.061359,-0.018408,-1.866815,-1.176264,1.041138,1
9.027000,-0.061359,-0.018408,-1.866815,-1.176264,1.041144,1
9.028000,-0.061359,-0.018408,-1.866815,-1.176264,1.041150,1
9.029000,-0.061359,-0.018408,-1.866815,-1.176264,1.041155,1
9.030000,-0.067495,-0.018408,-1.866815,-1.176264,1.028889,1
9.031000,-0.067495,-0.018408,-1.866815,-1.079181,0.834728,1
9.032000,-0.067495,-0.018408,-1.730220,-0.991887,0.796742,1
9.033000,-0.070563,-0.018408,-1.515118,-0.917235,0.856410,1
9.034000,-0.070563,-0.021476,-1.348462,-0.853385,0.956731,1
9.035000,-0.070563,-0.021476,-1.348462,-0.853385,0.956738,1
9.036000,-0.070563,-0.021476,-1.348462,-0.853385,0.956744,1
9.037000,-0.070563,-0.021476,-1.348462,-0.853385,0.956750,1
9.038000,-0.070563,-0.021476,-1.348462,-0.853385,0.956757,1
9.039000,-0.073631,-0.021476,-1.441648,-0.798211,0.747092,1
9.040000,-0.073631,-0.021476,-1.441648,-0.798211,0.747099,1
9.041000,-0.073631,-0.021476,-1.441648,-0.798211,0.747105,1
9.042000,-0.073631,-0.021476,-1.441648,-0.798211,0.747112,1
9.043000,-0.073631,-0.021476,-1.441648,-0.798211,0.747118,1
9.044000,-0.076699,-0.021476,-1.441648,-0.667734,0.480036,1
9.045000,-0.079767,-0.018408,-1.193725,-0.505214,0.000000,1
9.046000,-0.079767,-0.018408,-1.193725,-0.505214,0.000000,1
9.047000,-0.079767,-0.018408,-1.193725,-0.505214,0.000000,1
9.048000,-0.079767,-0.018408,-1.193725,-0.505214,0.000000,1
9.049000,-0.082835,-0.018408,-1.088175,-0.505214,0.000000,1
9.050000,-0.082835,-0.018408,-1.088175,-0.505214,0.000000,1
9.051000,-0.085903,-0.018408,-1.020346,-0.505214,0.496569,1
9.052000,-0.085903,-0.015340,-1.020346,-0.505214,0.000000,1
9.053000,-0.085903,-0.015340,-1.020346,-0.505214,0.000000,1
9.054000,-0.085903,-0.015340,-1.020346,-0.505214,0.000000,1
9.055000,-0.085903,-0.015340,-1.020346,-0.505214,0.000000,1
9.056000,-0.085903,-0.015340,-1.020346,-0.505214,0.000000,1
9.057000,-0.088971,-0.015340,-1.020346,-0.505214,0.000000,1
9.058000,-0.088971,-0.015340,-1.020346,-0.505214,0.000000,1
9.059000,-0.088971,-0.015340,-1.020346,-0.505214,0.000000,1
9.060000,-0.088971,-0.015340,-1.020346,-0.505214,0.000000,1
9.061000,-0.088971,-0.015340,-1.020346,-0.505214,0.000000,1
9.062000,-0.092039,-0.015340,-1.020346,-0.505214,0.000000,1
9.063000,-0.092039,-0.015340,-0.952244,-0.505214,0.491095,1
9.064000,-0.092039,-0.015340,-0.952244,-0.505214,0.491100,1
9.065000,-0.092039,-0.015340,-0.952244,-0.505214,0.491104,1
9.066000,-0.092039,-0.015340,-0.952244,-0.505214,0.491109,1
9.067000,-0.092039,-0.015340,-0.952244,-0.505214,0.491113,1
9.068000,-0.092039,-0.015340,-0.952244,-0.505214,0.491118,1
9.069000,-0.092039,-0.015340,-0.883572,-0.505214,0.559795,1
9.070000,-0.092039,-0.015340,-0.883572,-0.505214,0.559799,1
9.071000,-0.095107,-0.012272,-0.587532,0.453051,-1.728183,1
9.072000,-0.098175,-0.012272,-0.631583,0.436962,-1.746187,1
9.073000,-0.098175,-0.012272,-0.631583,0.421895,-1.716051,1
9.074000,-0.098175,-0.012272,-0.631583,0.407938,-1.688132,1
9.075000,-0.098175,-0.012272,-0.631583,0.407938,-1.688128,1
9.076000,-0.098175,-0.009204,-0.631583,0.394772,-1.723154,1
9.077000,-0.101243,-0.012272,-0.631583,-0.349757,0.000000,1
9.078000,-0.101243,-0.012272,-0.631583,-0.349757,0.000000,1
9.079000,-0.101243,-0.012272,-0.631583,-0.349757,0.000000,1
9.080000,-0.101243,-0.012272,-0.631583,-0.349757,0.000000,1
9.081000,-0.101243,-0.012272,-0.631583,-0.349757,0.000000,1
9.082000,-0.101243,-0.012272,-0.631583,-0.349757,0.000000,1
9.083000,-0.101243,-0.012272,-0.631583,-0.349757,0.000000,1
9.084000,-0.107379,-0.012272,-0.631583,-0.306184,0.000000,1
9.085000,-0.107379,-0.012272,-0.631583,-0.298715,0.000000,1
9.086000,-0.110447,-0.012272,-0.642236,-0.291575,0.000000,1
9.087000,-0.110447,-0.015340,-0.642236,-0.288001,0.000000,1
9.088000,-0.113515,-0.015340,-0.642236,-0.288001,0.000000,1
9.089000,-0.113515,-0.015340,-0.642236,-0.288001,0.000000,1
9.090000,-0.113515,-0.015340,-0.642236,-0.288001,0.000000,1
9.091000,-0.116583,-0.015340,-0.642236,-0.288001,0.000000,1
9.092000,-0.116583,-0.015340,-0.642236,-0.288001,0.000000,1
9.093000,-0.116583,-0.015340,-0.642236,-0.288001,0.000000,1
9.094000,-0.119651,-0.015340,-0.642236,-0.288001,0.000000,1
9.095000,-0.119651,-0.018408,-0.642236,-0.288001,0.000000,1
9.096000,-0.122718,-0.018408,-1.185838,-0.288001,-0.776787,1
9.097000,-0.122718,-0.018408,-1.185838,-0.288001,-0.776781,1
9.098000,-0.125786,-0.018408,-1.185838,-0.288001,-0.782911,1
9.099000,-0.125786,-0.018408,-1.185838,-0.288001,-0.782906,1
9.100000,-0.125786,-0.018408,-1.185838,-0.288001,-0.782900,1
9.101000,-0.125786,-0.018408,-1.185838,-0.288001,-0.782895,1
9.102000,-0.125786,-0.018408,-1.185838,-0.288001,-0.782889,1
9.103000,-0.131922,-0.021476,-1.185838,-0.288001,-0.733796,1
9.104000,-0.131922,-0.021476,-1.185838,-0.288001,-0.733789,1
9.105000,-0.131922,-0.021476,-1.185838,-0.288001,-0.733783,1
9.106000,-0.131922,-0.021476,-1.185838,-0.288001,-0.733776,1
9.107000,-0.131922,-0.021476,-1.185838,-0.288001,-0.733770,1
9.108000,-0.138058,-0.024544,-1.294567,-0.288001,-0.793403,1
9.109000,-0.141126,-0.027612,-1.294567,-0.536719,0.000000,1
9.110000,-0.144194,-0.027612,-1.294567,-0.536719,0.000000,1
9.111000,-0.144194,-0.027612,-1.294567,-0.536719,0.000000,1
9.112000,-0.144194,-0.027612,-1.294567,-0.536719,0.000000,1
9.113000,-0.147262,-0.030680,-1.460217,-0.536719,0.000000,1
9.114000,-0.153398,-0.033748,-1.460217,-0.536719,0.000000,1
9.115000,-0.159534,-0.036816,-1.583243,-0.536719,0.000000,1
9.116000,-0.171806,-0.042951,-1.549269,-0.882592,1.041813,1
9.117000,-0.174874,-0.046019,-1.549269,-0.882592,1.097050,1
9.118000,-0.174874,-0.046019,-1.549269,-0.882592,1.097064,1
9.119000,-0.174874,-0.046019,-1.549269,-0.882592,1.097078,1
9.120000,-0.174874,-0.046019,-1.549269,-0.882592,1.097091,1
9.121000,-0.174874,-0.046019,-1.549269,-0.882592,1.097105,1
9.122000,-0.174874,-0.046019,-1.549269,-0.882592,1.097119,1
9.123000,-0.174874,-0.046019,-1.549269,-0.882592,1.097133,1
9.124000,-0.174874,-0.046019,-1.549269,-0.882592,1.097147,1
9.125000,-0.174874,-0.046019,-1.549269,-0.882592,1.097160,1
9.126000,-0.174874,-0.046019,-1.549269,-0.882592,1.097174,1
9.127000,-0.174874,-0.046019,-1.549269,-0.882592,1.097188,1
9.128000,-0.174874,-0.046019,-1.549269,-0.882592,1.097202,1
9.129000,-0.174874,-0.046019,-1.549269,-0.882592,1.097216,1
9.130000,-0.174874,-0.046019,-1.549269,-0.882592,1.097229,1
9.131000,-0.174874,-0.046019,-1.549269,-0.882592,1.097243,1
9.132000,-0.174874,-0.046019,-1.549269,-0.882592,1.097257,1
9.133000,-0.174874,-0.046019,-1.549269,-0.882592,1.097271,1
9.134000,-0.174874,-0.046019,-1.549269,-0.882592,1.097285,1
9.135000,-0.174874,-0.046019,-1.549269,-0.882592,1.097298,1
9.136000,-0.174874,-0.046019,-1.549269,-0.882592,1.097312,1
9.137000,-0.174874,-0.046019,-1.549269,-0.882592,1.097326,1
9.138000,-0.174874,-0.046019,-1.549269,-0.882592,1.097340,1
9.139000,-0.174874,-0.046019,-1.549269,-0.882592,1.097354,1
9.140000,-0.181010,-0.049087,-1.359412,-0.882592,1.336313,1
9.141000,-0.181010,-0.049087,-1.359412,-0.882592,1.336328,1
9.142000,-0.184078,-0.052155,-1.472852,-0.862375,1.237691,1
9.143000,-0.187146,-0.052155,-1.472852,-0.862375,1.231571,1
9.144000,-0.187146,-0.052155,-1.472852,-0.862375,1.231587,1
9.145000,-0.187146,-0.052155,-1.472852,-0.862375,1.231602,1
9.146000,-0.187146,-0.052155,-1.472852,-0.862375,1.231618,1
9.147000,-0.187146,-0.052155,-1.472852,-0.862375,1.231634,1
9.148000,-0.187146,-0.052155,-1.472852,-0.862375,1.231649,1
9.149000,-0.187146,-0.052155,-1.472852,-0.862375,1.231665,1
9.150000,-0.187146,-0.052155,-1.472852,-0.862375,1.231680,1
9.151000,-0.193282,-0.055223,-1.232751,-0.862375,1.520886,1
9.152000,-0.196350,-0.055223,-1.148652,-0.847895,1.569906,1
9.153000,-0.196350,-0.055223,-1.148652,-0.847895,1.569923,1
9.154000,-0.196350,-0.055223,-1.148652,-0.847895,1.569939,1
9.155000,-0.196350,-0.055223,-1.148652,-0.847895,1.569956,1
9.156000,-0.196350,-0.055223,-1.148652,-0.847895,1.569972,1
9.157000,-0.196350,-0.055223,-1.148652,-0.847895,1.569989,1
9.158000,-0.196350,-0.055223,-1.148652,-0.793064,1.460343,1
9.159000,-0.196350,-0.055223,-1.148652,-0.793064,1.460359,1
9.160000,-0.196350,-0.055223,-1.148652,-0.793064,1.460376,1
9.161000,-0.196350,-0.055223,-1.148652,-0.630392,1.135049,1
9.162000,-0.196350,-0.055223,-1.148652,-0.630392,1.135066,1
9.163000,-0.196350,-0.055223,-1.148652,-0.630392,1.135082,1
9.164000,-0.196350,-0.055223,-1.148652,-0.630392,1.135099,1
9.165000,-0.196350,-0.055223,-1.148652,-0.630392,1.135116,1
9.166000,-0.196350,-0.055223,-1.148652,-0.630392,1.135132,1
9.167000,-0.196350,-0.055223,-1.148652,-0.546155,0.966674,1
9.168000,-0.196350,-0.055223,-1.148652,-0.546155,0.966691,1
9.169000,-0.196350,-0.055223,-1.148652,-0.546155,0.966707,1
9.170000,-0.196350,-0.046019,-0.644338,0.377930,-1.161211,1
9.171000,-0.196350,-0.046019,-0.612367,0.366701,-1.106769,1
9.172000,-0.196350,-0.046019,-0.612367,0.366701,-1.106755,1
9.173000,-0.196350,-0.046019,-0.612367,0.366701,-1.106741,1
9.174000,-0.196350,-0.046019,-0.612367,0.366701,-1.106728,1
9.175000,-0.196350,-0.046019,-0.612367,0.366701,-1.106714,1
9.176000,-0.196350,-0.046019,-0.612367,0.366701,-1.106700,1
9.177000,-0.196350,-0.042951,-0.583063,0.357239,-1.119818,1
9.178000,-0.196350,-0.042951,-0.583063,0.357239,-1.119805,1
9.179000,-0.196350,-0.042951,-0.583063,0.357239,-1.119793,1
9.180000,-0.196350,-0.042951,-0.490065,0.357239,-1.026782,1
9.181000,-0.196350,-0.042951,-0.490065,0.357239,-1.026769,1
9.182000,-0.196350,-0.042951,-0.490065,0.357239,-1.026756,1
9.183000,-0.196350,-0.042951,-0.490065,0.357239,-1.026743,1
9.184000,-0.196350,-0.042951,-0.490065,0.357239,-1.026730,1
9.185000,-0.196350,-0.042951,-0.490065,0.357239,-1.026717,1
9.186000,-0.196350,-0.039884,-0.437544,0.357239,-1.035544,1
9.187000,-0.196350,-0.039884,-0.437544,0.357239,-1.035532,1
9.188000,-0.196350,-0.039884,-0.437544,0.357239,-1.035520,1
9.189000,-0.196350,-0.036816,-0.322567,0.357239,-0.981891,1
9.190000,-0.196350,-0.036816,-0.314304,0.357239,-0.973617,1
9.191000,-0.196350,-0.036816,-0.314304,0.357239,-0.973606,1
9.192000,-0.196350,-0.036816,-0.314304,0.357239,-0.973595,1
9.193000,-0.196350,-0.036816,-0.314304,0.357239,-0.973584,1
9.194000,-0.199418,-0.036816,-0.285097,0.357239,-0.950501,1
9.195000,-0.199418,-0.036816,-0.285097,0.357239,-0.950490,1
9.196000,-0.199418,-0.036816,-0.285097,0.357239,-0.950479,1
9.197000,-0.199418,-0.036816,-0.285097,0.357239,-0.950468,1
9.198000,-0.199418,-0.036816,-0.278678,0.357239,-0.944039,1
9.199000,-0.202485,-0.036816,-0.266513,0.357239,-0.937999,1
9.200000,-0.205553,-0.039884,-0.250203,0.451070,-1.054117,1
9.201000,-0.205553,-0.039884,-0.245235,0.451070,-1.049136,1
9.202000,-0.205553,-0.039884,-0.240416,0.451070,-1.044306,1
9.203000,-0.205553,-0.039884,-0.240416,0.451070,-1.044294,1
9.204000,-0.205553,-0.039884,-0.240416,0.451070,-1.044282,1
9.205000,-0.205553,-0.039884,-0.240416,0.451070,-1.044270,1
9.206000,-0.211689,-0.042951,-0.232630,0.451070,-0.987384,1
9.207000,-0.211689,-0.042951,-0.232630,0.451070,-0.987371,1
9.208000,-0.211689,-0.042951,-0.232630,0.451070,-0.987358,1
9.209000,-0.214757,-0.042951,-0.232630,0.451070,-0.993481,1
9.210000,-0.214757,-0.046019,-0.232630,0.451070,-0.932108,1
9.211000,-0.214757,-0.046019,-0.232630,0.451070,-0.932094,1
9.212000,-0.217825,-0.046019,-0.232630,0.451070,-0.938216,1
9.213000,-0.217825,-0.049087,-0.232630,0.451070,-0.876842,1
9.214000,-0.220893,-0.049087,-0.938827,0.451070,-1.589160,1
9.215000,-0.220893,-0.049087,-0.938827,0.451070,-1.589145,1
9.216000,-0.220893,-0.049087,-0.938827,0.451070,-1.589130,1
9.217000,-0.220893,-0.049087,-0.938827,0.451070,-1.589116,1
9.218000,-0.220893,-0.049087,-0.938827,0.451070,-1.589101,1
9.219000,-0.220893,-0.049087,-0.938827,0.451070,-1.589086,1
9.220000,-0.220893,-0.049087,-0.938827,0.451070,-1.589072,1
9.221000,-0.220893,-0.049087,-0.938827,0.451070,-1.589057,1
9.222000,-0.223961,-0.055223,-0.938827,-0.769413,1.568509,1
9.223000,-0.223961,-0.055223,-0.938827,-0.769413,1.568525,1
9.224000,-0.223961,-0.055223,-0.938827,-0.769413,1.568542,1
9.225000,-0.223961,-0.055223,-0.938827,-0.769413,1.568558,1
9.226000,-0.223961,-0.055223,-0.938827,-0.769413,1.568575,1
9.227000,-0.223961,-0.055223,-0.938827,-0.769413,1.568592,1
9.228000,-0.230097,-0.058291,-0.938827,-0.769413,1.617697,1
9.229000,-0.230097,-0.058291,-0.938827,-0.769413,1.617714,1
9.230000,-0.230097,-0.058291,-0.938827,-0.769413,1.617731,1
9.231000,-0.242369,-0.070563,-1.298051,-1.450499,2.841594,1
9.232000,-0.248505,-0.076699,-1.764281,-2.252840,4.090516,1
9.233000,-0.248505,-0.076699,-1.764281,-2.252840,4.090539,1
9.234000,-0.248505,-0.079767,-1.764281,-2.252840,4.151922,1
9.235000,-0.248505,-0.079767,-1.764281,-2.252840,4.151946,1
9.236000,-0.248505,-0.079767,-1.764281,-2.252840,4.151970,1
9.237000,-0.257709,-0.092039,-1.928655,-2.252071,4.213113,1
9.238000,-0.257709,-0.092039,-1.928655,-2.252071,4.213141,1
9.239000,-0.257709,-0.092039,-1.928655,-2.252071,4.213169,1
9.240000,-0.257709,-0.092039,-1.928655,-2.252071,4.213196,1
9.241000,-0.257709,-0.092039,-1.928655,-2.252071,4.213224,1
9.242000,-0.260777,-0.095107,-1.928655,-2.252071,4.268476,1
9.243000,-0.260777,-0.095107,-1.928655,-2.252071,4.268504,1
9.244000,-0.260777,-0.095107,-1.928655,-2.252071,4.268533,1
9.245000,-0.260777,-0.095107,-1.928655,-2.252071,4.268561,1
9.246000,-0.260777,-0.095107,-1.928655,-2.252071,4.268590,1
9.247000,-0.260777,-0.095107,-1.928655,-1.855295,3.475066,1
9.248000,-0.260777,-0.095107,-1.928655,-1.855295,3.475095,1
9.249000,-0.260777,-0.095107,-1.928655,-1.855295,3.475123,1
9.250000,-0.260777,-0.095107,-1.181958,-1.056764,2.624787,1
9.251000,-0.257709,-0.095107,0.916938,-0.839759,4.295839,1
9.252000,-0.257709,-0.095107,0.916938,-0.839759,4.295868,1
9.253000,-0.257709,-0.095107,0.853318,-0.786084,4.124926,1
9.254000,-0.257709,-0.095107,0.853318,-0.786084,4.124954,1
9.255000,-0.257709,-0.095107,0.853318,-0.786084,4.124983,1
9.256000,-0.248505,-0.085903,0.603272,-0.775932,3.688988,1
9.257000,-0.248505,-0.082835,0.603272,-0.775932,3.627653,1
9.258000,-0.245437,-0.082835,0.603272,-0.775932,3.633814,1
9.259000,-0.245437,-0.082835,0.603272,-0.775932,3.633839,1
9.260000,-0.245437,-0.082835,0.603272,-0.775932,3.633864,1
9.261000,-0.245437,-0.082835,0.603272,-0.775932,3.633889,1
9.262000,-0.245437,-0.082835,0.603272,-0.775932,3.633913,1
9.263000,-0.245437,-0.082835,0.603272,-0.775932,3.633938,1
9.264000,-0.245437,-0.079767,0.603272,1.529509,-1.638279,1
9.265000,-0.245437,-0.079767,0.603272,1.529509,-1.638255,1
9.266000,-0.245437,-0.079767,0.603272,1.529509,-1.638231,1
9.267000,-0.233165,-0.070563,1.761597,1.529509,-0.639419,1
9.268000,-0.233165,-0.070563,1.761597,1.529509,-0.639398,1
9.269000,-0.233165,-0.070563,1.761597,1.529509,-0.639376,1
9.270000,-0.223961,-0.061359,2.612398,2.516700,-1.928608,1
9.271000,-0.214757,-0.046019,2.612398,3.211299,-3.606182,1
9.272000,-0.214757,-0.046019,2.612398,3.211299,-3.606168,1
9.273000,-0.211689,-0.039884,3.043529,5.311913,-6.000000,1
9.274000,-0.211689,-0.039884,3.043529,5.311913,-6.000000,1
9.275000,-0.211689,-0.039884,3.043529,5.311913,-6.000000,1
9.276000,-0.196350,-0.024544,2.984661,2.960877,-3.125716,1
9.277000,-0.193282,-0.021476,2.984661,2.960877,-3.180933,1
9.278000,-0.193282,-0.021476,2.984661,2.960877,-3.180926,1
9.279000,-0.193282,-0.021476,2.984661,2.960877,-3.180920,1
9.280000,-0.193282,-0.021476,2.984661,2.960877,-3.180913,1
9.281000,-0.187146,-0.015340,2.520231,2.748283,-3.330597,1
9.282000,-0.187146,-0.015340,2.520231,2.748283,-3.330593,1
9.283000,-0.187146,-0.015340,2.520231,2.748283,-3.330588,1
9.284000,-0.187146,-0.015340,2.520231,2.748283,-3.330583,1
9.285000,-0.184078,-0.012272,2.520231,2.748283,-3.385803,1
9.286000,-0.181010,-0.006136,1.970910,1.512310,-1.579758,1
9.287000,-0.181010,-0.006136,1.970910,1.512310,-1.579756,1
9.288000,-0.181010,-0.006136,1.970910,1.512310,-1.579754,1
9.289000,-0.181010,-0.006136,1.970910,1.512310,-1.579753,1
9.290000,-0.181010,-0.006136,1.696865,1.512310,-1.853796,1
9.291000,-0.177942,-0.006136,1.199364,1.512310,-2.345159,1
9.292000,-0.177942,-0.006136,1.199364,1.512310,-2.345157,1
9.293000,-0.177942,-0.006136,1.199364,1.512310,-2.345155,1
9.294000,-0.177942,-0.006136,1.199364,1.512310,-2.345153,1
9.295000,-0.177942,-0.006136,1.199364,1.512310,-2.345152,1
9.296000,-0.174874,-0.003068,1.596104,1.222495,-1.424005,1
9.297000,-0.174874,-0.003068,1.596104,1.111450,-1.201915,1
9.298000,-0.174874,-0.003068,1.596104,1.019646,-1.018304,1
9.299000,-0.174874,-0.003068,1.596104,0.941185,-0.861382,1
9.300000,-0.174874,-0.006136,1.515960,-0.874012,3.350229,1
9.301000,-0.174874,-0.006136,1.350187,-0.816234,3.068900,1
9.302000,-0.174874,-0.006136,1.350187,-0.816234,3.068902,1
9.303000,-0.174874,-0.006136,1.350187,-0.816234,3.068904,1
9.304000,-0.174874,-0.006136,1.350187,-0.816234,3.068906,1
9.305000,-0.174874,-0.006136,1.350187,-0.816234,3.068908,1
9.306000,-0.174874,-0.009204,1.216572,-0.765414,2.895015,1
9.307000,-0.174874,-0.009204,1.216572,-0.765414,2.895018,1
9.308000,-0.174874,-0.009204,1.216572,-0.765414,2.895021,1
9.309000,-0.171806,-0.006136,0.937115,-0.663743,2.357000,1
9.310000,-0.171806,-0.006136,0.937115,-0.663743,2.357002,1
9.311000,-0.171806,-0.006136,0.937115,-0.663743,2.357004,1
9.312000,-0.171806,-0.006136,0.937115,-0.663743,2.357006,1
9.313000,-0.171806,-0.006136,0.937115,-0.663743,2.357008,1
9.314000,-0.171806,-0.006136,0.937115,-0.663743,2.357010,1
9.315000,-0.168738,-0.009204,0.762727,-0.663743,2.250120,1
9.316000,-0.168738,-0.009204,0.762727,-0.663743,2.250122,1
9.317000,-0.168738,-0.009204,0.762727,-0.663743,2.250125,1
9.318000,-0.162602,-0.003068,0.523275,2.360248,-4.747753,1
9.319000,-0.156466,0.000000,0.523275,1.496673,-3.069691,1
9.320000,-0.156466,0.000000,0.523275,1.496673,-3.069691,1
9.321000,-0.153398,0.003068,0.523275,1.334807,-2.801184,1
9.322000,-0.153398,0.003068,0.523275,1.334807,-2.801185,1
9.323000,-0.153398,0.003068,0.523275,1.334807,-2.801186,1
9.324000,-0.147262,0.015340,1.447536,1.228570,-1.897621,1
9.325000,-0.144194,0.018408,1.447536,2.182297,-3.860304,1
9.326000,-0.144194,0.018408,1.447536,2.182297,-3.860310,1
9.327000,-0.144194,0.018408,1.447536,2.182297,-3.860315,1
9.328000,-0.144194,0.018408,1.447536,2.182297,-3.860321,1
9.329000,-0.144194,0.018408,1.447536,2.182297,-3.860326,1
9.330000,-0.144194,0.018408,1.447536,2.182297,-3.860332,1
9.331000,-0.144194,0.018408,1.447536,2.182297,-3.860337,1
9.332000,-0.144194,0.018408,1.447536,2.182297,-3.860343,1
9.333000,-0.144194,0.018408,1.447536,2.182297,-3.860348,1
9.334000,-0.144194,0.018408,1.447536,2.182297,-3.860354,1
9.335000,-0.144194,0.018408,1.447536,2.182297,-3.860359,1
9.336000,-0.144194,0.018408,1.447536,2.182297,-3.860365,1
9.337000,-0.144194,0.018408,0.968559,1.430368,-2.835489,1
9.338000,-0.144194,0.018408,0.968559,1.430368,-2.835495,1
9.339000,-0.144194,0.018408,0.968559,1.430368,-2.835500,1
9.340000,-0.144194,0.018408,0.783318,1.060131,-2.280272,1
9.341000,-0.144194,0.018408,0.783318,1.060131,-2.280278,1
9.342000,-0.144194,0.018408,0.783318,1.060131,-2.280284,1
9.343000,-0.147262,0.012272,1.425511,-0.841963,2.882677,1
9.344000,-0.147262,0.012272,1.425511,-0.841963,2.882673,1
9.345000,-0.147262,0.012272,1.425511,-0.841963,2.882670,1
9.346000,-0.153398,0.009204,1.425511,-0.750104,2.748036,1
9.347000,-0.153398,0.009204,1.425511,-0.750104,2.748033,1
9.348000,-0.153398,0.009204,1.425511,-0.750104,2.748030,1
9.349000,-0.171806,-0.015340,-1.686472,-1.868900,2.327703,1
9.350000,-0.171806,-0.015340,-1.686472,-1.868900,2.327707,1
9.351000,-0.171806,-0.015340,-1.686472,-1.868900,2.327712,1
9.352000,-0.171806,-0.015340,-1.686472,-1.868900,2.327717,1
9.353000,-0.171806,-0.015340,-1.686472,-1.868900,2.327721,1
9.354000,-0.171806,-0.015340,-1.686472,-1.868900,2.327726,1
9.355000,-0.171806,-0.018408,-1.686472,-1.868900,2.389091,1
9.356000,-0.171806,-0.018408,-1.686472,-1.868900,2.389096,1
9.357000,-0.171806,-0.018408,-1.686472,-1.868900,2.389102,1
9.358000,-0.171806,-0.021476,-1.686472,-1.868900,2.450467,1
9.359000,-0.174874,-0.021476,-1.686472,-1.868900,2.444338,1
9.360000,-0.174874,-0.021476,-1.686472,-1.787336,2.281215,1
9.361000,-0.174874,-0.021476,-1.682999,-1.559463,1.828949,1
9.362000,-0.174874,-0.021476,-1.682999,-1.559463,1.828955,1
9.363000,-0.171806,-0.021476,-0.858774,-0.825410,1.191216,1
9.364000,-0.171806,-0.021476,-0.858774,-0.825410,1.191223,1
9.365000,-0.168738,-0.021476,0.709772,-0.686826,2.488744,1
9.366000,-0.168738,-0.021476,0.709772,-0.686826,2.488751,1
9.367000,-0.168738,-0.021476,0.709772,-0.686826,2.488757,1
9.368000,-0.168738,-0.021476,0.709772,-0.686826,2.488763,1
9.369000,-0.168738,-0.021476,0.709772,-0.686826,2.488770,1
9.370000,-0.168738,-0.021476,0.709772,-0.686826,2.488776,1
9.371000,-0.168738,-0.021476,0.670963,-0.650422,2.377165,1
9.372000,-0.168738,-0.021476,0.670963,-0.650422,2.377171,1
9.373000,-0.168738,-0.021476,0.670963,-0.650422,2.377178,1
9.374000,-0.168738,-0.021476,0.670963,-0.650422,2.377184,1
9.375000,-0.168738,-0.021476,0.636079,-0.617589,2.276641,1
9.376000,-0.168738,-0.021476,0.636079,-0.617589,2.276647,1
9.377000,-0.168738,-0.021476,0.636079,-0.617589,2.276654,1
9.378000,-0.162602,-0.018408,0.569090,-0.557742,2.040889,1
9.379000,-0.162602,-0.018408,0.569090,-0.557742,2.040895,1
9.380000,-0.162602,-0.018408,0.569090,-0.557742,2.040900,1
9.381000,-0.162602,-0.018408,0.569090,-0.557742,2.040906,1
9.382000,-0.162602,-0.018408,0.569090,-0.557742,2.040911,1
9.383000,-0.162602,-0.018408,0.569090,-0.557742,2.040917,1
9.384000,-0.162602,-0.018408,0.569090,-0.557742,2.040923,1
9.385000,-0.162602,-0.018408,0.569090,-0.557742,2.040928,1
9.386000,-0.162602,-0.018408,0.569090,-0.557742,2.040934,1
9.387000,-0.162602,-0.018408,0.569090,-0.557742,2.040939,1
9.388000,-0.159534,-0.015340,0.569090,-0.557742,1.985720,1
9.389000,-0.159534,-0.015340,0.569090,-0.557742,1.985725,1
9.390000,-0.159534,-0.015340,0.569090,-0.557742,1.985730,1
9.391000,-0.147262,-0.003068,1.174421,1.257290,-1.859896,1
9.392000,-0.147262,-0.003068,1.174421,1.257290,-1.859895,1
9.393000,-0.147262,-0.003068,1.174421,1.257290,-1.859894,1
9.394000,-0.131922,0.012272,1.779037,2.062442,-3.141702,1
9.395000,-0.128854,0.018408,1.779037,2.955677,-5.044759,1
9.396000,-0.128854,0.021476,1.779037,2.955677,-5.106125,1
9.397000,-0.125786,0.024544,2.197265,2.955677,-4.743128,1
9.398000,-0.125786,0.024544,2.197265,2.955677,-4.743135,1
9.399000,-0.122718,0.024544,2.197265,2.955677,-4.737007,1
9.400000,-0.122718,0.027612,2.197265,2.452373,-3.791767,1
9.401000,-0.119651,0.030680,2.197265,2.307835,-3.557923,1
9.402000,-0.119651,0.030680,2.197265,2.307835,-3.557932,1
9.403000,-0.119651,0.030680,2.197265,2.307835,-3.557941,1
9.404000,-0.116583,0.033748,1.060833,1.596796,-3.327530,1
9.405000,-0.116583,0.033748,1.060833,1.596796,-3.327540,1
9.406000,-0.116583,0.033748,1.060833,1.596796,-3.327550,1
9.407000,-0.116583,0.033748,1.060833,1.596796,-3.327561,1
9.408000,-0.116583,0.033748,1.060833,1.596796,-3.327571,1
9.409000,-0.116583,0.033748,0.976222,1.412519,-3.043636,1
9.410000,-0.116583,0.033748,0.903987,1.266129,-2.823101,1
9.411000,-0.116583,0.033748,0.841963,1.147712,-2.648302,1
9.412000,-0.116583,0.033748,0.788175,1.050032,-2.506741,1
9.413000,-0.116583,0.033748,0.740593,0.967245,-2.388759,1
9.414000,-0.116583,0.033748,0.698245,0.896249,-2.289125,1
9.415000,-0.116583,0.033748,0.660856,0.835571,-2.205167,1
9.416000,-0.116583,0.033748,0.627074,0.782286,-2.132389,1
9.417000,-0.119651,0.030680,-0.596672,-0.735531,0.000000,1
9.418000,-0.119651,0.030680,-0.596672,-0.735531,0.000000,1
9.419000,-0.119651,0.027612,-0.543793,-0.656801,0.000000,1
9.420000,-0.119651,0.027612,-0.543793,-0.656801,0.000000,1
9.421000,-0.119651,0.024544,-0.499466,-0.593213,0.000000,1
9.422000,-0.119651,0.024544,-0.499466,-0.593213,0.000000,1
9.423000,-0.122718,0.024544,-1.699064,-0.540993,-1.640221,1
9.424000,-0.122718,0.021476,-1.699064,-0.529979,-1.600896,1
9.425000,-0.122718,0.021476,-1.699064,-0.529979,-1.600902,1
9.426000,-0.122718,0.021476,-1.699064,-0.529979,-1.600909,1
9.427000,-0.125786,0.021476,-1.699064,-0.529979,-1.607051,1
9.428000,-0.125786,0.021476,-1.699064,-0.529979,-1.607058,1
9.429000,-0.125786,0.018408,-1.672505,-0.529979,-1.519145,1
9.430000,-0.125786,0.018408,-1.471815,-0.529979,-1.318460,1
9.431000,-0.128854,0.018408,-1.313814,-0.529979,-1.166601,1
9.432000,-0.128854,0.015340,-1.186770,-0.529979,-0.978202,1
9.433000,-0.128854,0.015340,-1.082689,-0.529979,-0.874126,1
9.434000,-0.131922,0.012272,-0.994901,-0.529979,-0.731118,1
9.435000,-0.131922,0.012272,-0.920094,-0.529979,-0.656315,1
9.436000,-0.134990,0.009204,-0.413318,-1.054461,1.554646,1
9.437000,-0.134990,0.009204,-0.413318,-1.054461,1.554643,1
9.438000,-0.134990,0.006136,-0.413318,-1.054461,1.616001,1
9.439000,-0.138058,0.003068,-0.413318,-1.054461,1.671223,1
9.440000,-0.138058,0.000000,-0.413318,-1.054461,1.732582,1
9.441000,-0.138058,0.000000,-0.413318,-1.054461,1.732582,1
9.442000,-0.138058,-0.003068,-0.413318,-1.950987,3.586995,1
9.443000,-0.141126,-0.003068,-0.413318,-1.950987,3.580860,1
9.444000,-0.141126,-0.003068,-0.413318,-1.950987,3.580861,1
9.445000,-0.141126,-0.006136,-0.413318,-1.950987,3.642222,1
9.446000,-0.141126,-0.006136,-0.413318,-1.950987,3.642224,1
9.447000,-0.141126,-0.006136,-0.413318,-1.950987,3.642226,1
9.448000,-0.141126,-0.006136,-0.413318,-1.859484,3.459221,1
9.449000,-0.141126,-0.006136,-0.413318,-1.616250,2.972754,1
9.450000,-0.141126,-0.006136,-0.413318,-1.427164,2.594585,1
9.451000,-0.141126,-0.006136,-0.413318,-1.279467,2.299192,1
9.452000,-0.141126,-0.006136,-0.413318,-1.157972,2.056204,1
9.453000,-0.141126,-0.006136,-0.413318,-1.058434,1.857129,1
9.454000,-0.141126,-0.006136,-0.413318,-0.974208,1.688681,1
9.455000,-0.141126,-0.006136,-0.413318,-0.974208,1.688683,1
9.456000,-0.141126,-0.003068,-0.413318,0.840517,-2.602127,1
9.457000,-0.141126,-0.003068,-0.413318,0.786856,-2.494805,1
9.458000,-0.141126,0.000000,-0.413318,0.739574,-2.461598,1
9.459000,-0.141126,0.000000,-0.413318,0.739574,-2.461598,1
9.460000,-0.141126,0.003068,-0.413318,0.697432,-2.438675,1
9.461000,-0.141126,0.003068,-0.413318,0.697432,-2.438676,1
9.462000,-0.138058,0.003068,-1.032673,0.595926,-2.848885,1
9.463000,-0.141126,0.003068,-1.032673,0.568155,-2.799479,1
9.464000,-0.141126,0.003068,-1.032673,0.543165,-2.749501,1
9.465000,-0.141126,0.003068,-1.032673,0.520013,-2.703198,1
9.466000,-0.141126,0.003068,-1.032673,0.520013,-2.703199,1
9.467000,-0.141126,0.003068,-1.032673,0.479372,-2.621918,1
9.468000,-0.141126,0.003068,-1.032673,0.461407,-2.585987,1
9.469000,-0.141126,0.003068,-1.032673,0.461407,-2.585988,1
9.470000,-0.141126,0.003068,-1.032673,0.461407,-2.585989,1
9.471000,-0.144194,0.003068,-1.032673,0.414686,-2.498686,1
9.472000,-0.144194,0.000000,-1.032673,-0.401081,-0.805792,1
9.473000,-0.147262,0.000000,-0.611462,-0.388378,0.000000,1
9.474000,-0.147262,-0.003068,-0.611462,-0.380868,0.000000,1
9.475000,-0.147262,-0.003068,-0.611462,-0.380868,0.000000,1
9.476000,-0.147262,-0.006136,-0.611462,-0.380868,0.000000,1
9.477000,-0.150330,-0.006136,-0.611462,-0.380868,0.000000,1
9.478000,-0.153398,-0.009204,-0.611462,-0.380868,0.000000,1
9.479000,-0.153398,-0.009204,-0.611462,-0.380868,0.000000,1
9.480000,-0.153398,-0.009204,-0.611462,-0.380868,0.000000,1
9.481000,-0.153398,-0.009204,-0.611462,-0.380868,0.000000,1
9.482000,-0.153398,-0.009204,-0.611462,-0.380868,0.000000,1
9.483000,-0.156466,-0.012272,-0.611462,-0.380868,0.000000,1
9.484000,-0.156466,-0.012272,-0.611462,-0.380868,0.000000,1
9.485000,-0.156466,-0.015340,-0.611462,-1.079693,1.854926,1
9.486000,-0.156466,-0.015340,-0.611462,-1.079693,1.854931,1
9.487000,-0.159534,-0.015340,-0.703512,-1.079693,1.756750,1
9.488000,-0.159534,-0.018408,-0.703512,-1.079693,1.818114,1
9.489000,-0.159534,-0.018408,-0.703512,-1.079693,1.818120,1
9.490000,-0.159534,-0.018408,-0.703512,-1.079693,1.818125,1
9.491000,-0.159534,-0.018408,-0.703512,-1.079693,1.818131,1
9.492000,-0.159534,-0.024544,-0.703512,-1.079693,1.940857,1
9.493000,-0.159534,-0.024544,-0.703512,-1.079693,1.940864,1
9.494000,-0.162602,-0.024544,-0.703512,-1.079693,1.934736,1
9.495000,-0.162602,-0.024544,-0.703512,-1.079693,1.934743,1
9.496000,-0.162602,-0.024544,-0.703512,-1.079693,1.934750,1
9.497000,-0.162602,-0.024544,-0.703512,-1.021148,1.817669,1
9.498000,-0.162602,-0.024544,-0.703512,-1.021148,1.817676,1
9.499000,-0.162602,-0.024544,-0.703512,-1.021148,1.817683,1
9.500000,-0.162602,-0.024544,-0.703512,-0.942711,1.660817,1
9.501000,-0.159534,-0.024544,0.661257,-0.613292,2.372892,1
9.502000,-0.156466,-0.024544,0.543875,-0.511005,2.057077,1
9.503000,-0.156466,-0.021476,0.520740,0.490529,-0.630478,1
9.504000,-0.153398,-0.018408,0.445351,0.445663,-0.671351,1
9.505000,-0.153398,-0.018408,0.445351,0.445663,-0.671346,1
9.506000,-0.153398,-0.018408,0.445351,0.445663,-0.671340,1
9.507000,-0.153398,-0.018408,0.445351,0.445663,-0.671335,1
9.508000,-0.153398,-0.018408,0.445351,0.445663,-0.671329,1
9.509000,-0.153398,-0.018408,0.445351,0.445663,-0.671324,1
9.510000,-0.153398,-0.018408,0.445351,0.445663,-0.671318,1
9.511000,-0.153398,-0.018408,0.445351,0.445663,-0.671313,1
9.512000,-0.153398,-0.018408,0.445351,0.445663,-0.671307,1
9.513000,-0.153398,-0.018408,0.445351,0.445663,-0.671302,1
9.514000,-0.153398,-0.018408,0.445351,0.445663,-0.671296,1
9.515000,-0.153398,-0.018408,0.445351,0.445663,-0.671291,1
9.516000,-0.150330,-0.015340,0.443802,0.445663,-0.728059,1
9.517000,-0.150330,-0.012272,0.443802,0.445663,-0.789415,1
9.518000,-0.150330,-0.012272,0.443802,0.445663,-0.789411,1
9.519000,-0.147262,-0.009204,0.443802,0.445663,-0.844632,1
9.520000,-0.147262,-0.009204,0.443802,0.445663,-0.844629,1
9.521000,-0.147262,-0.009204,0.443802,0.445663,-0.844626,1
9.522000,-0.147262,-0.009204,0.443802,0.445663,-0.844623,1
9.523000,-0.144194,-0.006136,0.443802,1.392772,-2.794062,1
9.524000,-0.144194,-0.006136,0.443802,1.392772,-2.794060,1
9.525000,-0.144194,-0.003068,0.443802,1.392772,-2.855419,1
9.526000,-0.144194,-0.003068,0.443802,1.392772,-2.855418,1
9.527000,-0.144194,-0.003068,0.443802,1.392772,-2.855417,1
9.528000,-0.144194,-0.003068,0.443802,1.392772,-2.855416,1
9.529000,-0.144194,-0.003068,0.443802,1.392772,-2.855415,1
9.530000,-0.144194,-0.003068,0.443802,1.392772,-2.855414,1
9.531000,-0.144194,-0.003068,0.443802,1.268758,-2.607385,1
9.532000,-0.144194,-0.003068,0.443802,1.150204,-2.370277,1
9.533000,-0.144194,-0.003068,0.443802,1.051402,-2.172672,1
9.534000,-0.144194,-0.003068,0.443802,0.968656,-2.007179,1
9.535000,-0.147262,-0.006136,0.786023,-0.897458,2.722497,1
9.536000,-0.147262,-0.006136,0.786023,-0.836276,2.600135,1
9.537000,-0.147262,-0.009204,0.786023,-0.783191,2.555326,1
9.538000,-0.147262,-0.009204,0.786023,-0.783191,2.555329,1
9.539000,-0.147262,-0.012272,0.786023,-0.694428,2.439166,1
9.540000,-0.147262,-0.009204,0.786023,0.657292,-0.925632,1
9.541000,-0.147262,-0.009204,0.786023,0.623816,-0.858677,1
9.542000,-0.147262,-0.009204,0.786023,0.593639,-0.798319,1
9.543000,-0.147262,-0.009204,0.786023,0.593639,-0.798316,1
9.544000,-0.147262,-0.009204,0.786023,0.566164,-0.743365,1
9.545000,-0.147262,-0.009204,0.786023,0.518440,-0.647913,1
9.546000,-0.147262,-0.009204,0.786023,0.518440,-0.647910,1
9.547000,-0.147262,-0.009204,0.786023,0.477996,-0.567020,1
9.548000,-0.147262,-0.009204,0.786023,0.477996,-0.567017,1
9.549000,-0.150330,-0.009204,0.786023,0.443409,-0.503976,1
9.550000,-0.150330,-0.012272,-0.768468,-0.428070,0.000000,1
9.551000,-0.150330,-0.012272,-0.768468,-0.428070,0.000000,1
9.552000,-0.150330,-0.012272,-0.768468,-0.428070,0.000000,1
9.553000,-0.150330,-0.012272,-0.768468,-0.428070,0.000000,1
9.554000,-0.150330,-0.012272,-0.722956,-0.413568,0.000000,1
9.555000,-0.150330,-0.012272,-0.614472,-0.375631,0.000000,1
9.556000,-0.150330,-0.015340,-0.558488,-0.366448,0.493971,1
9.557000,-0.150330,-0.015340,-0.534232,-0.366448,0.518232,1
9.558000,-0.150330,-0.015340,-0.534232,-0.366448,0.518237,1
9.559000,-0.150330,-0.015340,-0.491424,-0.366448,0.561049,1
9.560000,-0.150330,-0.015340,-0.472543,-0.366448,0.579935,1
9.561000,-0.150330,-0.015340,-0.472543,-0.366448,0.579939,1
9.562000,-0.150330,-0.018408,-0.438739,-0.366448,0.675108,1
9.563000,-0.150330,-0.018408,-0.438739,-0.366448,0.675113,1
9.564000,-0.150330,-0.018408,-0.423629,-0.366448,0.690229,1
9.565000,-0.150330,-0.018408,-0.409387,-0.366448,0.704476,1
9.566000,-0.150330,-0.018408,-0.383772,-0.366448,0.730097,1
9.567000,-0.150330,-0.018408,-0.372200,-0.366448,0.741674,1
9.568000,-0.150330,-0.018408,-0.361267,-0.366448,0.752614,1
9.569000,-0.150330,-0.018408,-0.350871,-0.366448,0.763015,1
9.570000,-0.150330,-0.018408,-0.350871,-0.366448,0.763020,1
9.571000,-0.150330,-0.018408,-0.341169,-0.366448,0.772728,1
9.572000,-0.150330,-0.021476,-0.323191,-0.366448,0.852072,1
9.573000,-0.150330,-0.021476,-0.314846,-0.366448,0.860423,1
9.574000,-0.150330,-0.021476,-0.314846,-0.366448,0.860429,1
9.575000,-0.150330,-0.021476,-0.314846,-0.366448,0.860436,1
9.576000,-0.150330,-0.021476,-0.314846,-0.366448,0.860442,1
9.577000,-0.150330,-0.021476,-0.314846,-0.366448,0.860449,1
9.578000,-0.150330,-0.021476,-0.314846,-0.366448,0.860455,1
9.579000,-0.150330,-0.021476,-0.314846,-0.366448,0.860462,1
9.580000,-0.150330,-0.021476,-0.306980,-0.366448,0.868334,1
9.581000,-0.150330,-0.021476,-0.306980,-0.366448,0.868341,1
9.582000,-0.150330,-0.018408,-0.255818,-0.453358,1.031969,1
9.583000,-0.150330,-0.018408,-0.250581,-0.453358,1.037212,1
9.584000,-0.150330,-0.018408,-0.245575,-0.453358,1.042223,1
9.585000,-0.150330,-0.018408,-0.240743,-0.453358,1.047060,1
9.586000,-0.150330,-0.018408,-0.236121,-0.453358,1.051688,1
9.587000,-0.147262,-0.015340,0.211670,-0.453358,1.444261,1
9.588000,-0.147262,-0.015340,0.211670,-0.453358,1.444265,1
9.589000,-0.147262,-0.015340,0.211670,-0.453358,1.444270,1
9.590000,-0.147262,-0.015340,0.211670,-0.453358,1.444275,1
9.591000,-0.147262,-0.015340,0.211670,-0.453358,1.444279,1
9.592000,-0.147262,-0.015340,0.211670,-0.453358,1.444284,1
9.593000,-0.147262,-0.015340,0.211670,-0.453358,1.444288,1
9.594000,-0.147262,-0.015340,0.211670,-0.453358,1.444293,1
9.595000,-0.147262,-0.015340,0.211670,-0.453358,1.444298,1
9.596000,-0.147262,-0.015340,0.211670,-0.453358,1.444302,1
9.597000,-0.147262,-0.015340,0.211670,-0.453358,1.444307,1
9.598000,-0.147262,-0.015340,0.211670,-0.453358,1.444311,1
9.599000,-0.147262,-0.015340,0.211670,-0.453358,1.444316,1
9.600000,-0.147262,-0.015340,0.211670,-0.453358,1.444321,1
9.601000,-0.147262,-0.015340,0.211670,-0.453358,1.444325,1
9.602000,-0.138058,-0.009204,0.174708,-0.453358,1.303054,1
9.603000,-0.138058,-0.006136,0.174708,0.607839,-1.480698,1
9.604000,-0.131922,0.000000,0.174708,0.607839,-1.591144,1
9.605000,-0.131922,0.000000,0.174708,0.607839,-1.591144,1
9.606000,-0.131922,0.000000,0.174708,0.607839,-1.591144,1
9.607000,-0.131922,0.000000,0.174708,0.607839,-1.591144,1
9.608000,-0.131922,0.000000,0.174708,0.607839,-1.591144,1
9.609000,-0.131922,0.000000,0.174708,0.607839,-1.591144,1
9.610000,-0.131922,0.000000,0.174708,0.607839,-1.591144,1
9.611000,-0.131922,0.000000,0.174708,0.607839,-1.591144,1
9.612000,-0.131922,0.000000,0.174708,0.607839,-1.591144,1
9.613000,-0.131922,0.000000,0.174708,0.607839,-1.591144,1
9.614000,-0.131922,0.000000,0.174708,0.607839,-1.591144,1
9.615000,-0.128854,0.003068,0.174708,0.607839,-1.646369,1
9.616000,-0.128854,0.003068,0.174708,0.607839,-1.646369,1
9.617000,-0.128854,0.003068,0.174708,0.607839,-1.646370,1
9.618000,-0.128854,0.003068,0.174708,0.607839,-1.646371,1
9.619000,-0.128854,0.003068,0.174708,0.607839,-1.646372,1
9.620000,-0.128854,0.003068,0.174708,0.607839,-1.646373,1
9.621000,-0.128854,0.003068,0.174708,0.607839,-1.646374,1
9.622000,-0.125786,0.003068,0.922146,0.607839,-0.892800,1
9.623000,-0.125786,0.003068,0.922146,0.607839,-0.892801,1
9.624000,-0.125786,0.003068,0.922146,0.607839,-0.892802,1
9.625000,-0.122718,0.006136,0.922146,0.920550,-1.573448,1
9.626000,-0.122718,0.006136,0.922146,0.920550,-1.573450,1
9.627000,-0.122718,0.006136,0.922146,0.920550,-1.573451,1
9.628000,-0.122718,0.006136,0.922146,0.920550,-1.573453,1
9.629000,-0.122718,0.006136,0.922146,0.920550,-1.573455,1
9.630000,-0.122718,0.006136,0.922146,0.920550,-1.573457,1
9.631000,-0.122718,0.006136,0.922146,0.920550,-1.573459,1
9.632000,-0.122718,0.006136,0.922146,0.920550,-1.573461,1
9.633000,-0.122718,0.006136,0.922146,0.920550,-1.573463,1
9.634000,-0.122718,0.003068,0.727665,-0.841495,2.417503,1
9.635000,-0.122718,0.003068,0.727665,-0.841495,2.417502,1
9.636000,-0.122718,0.003068,0.727665,-0.841495,2.417501,1
9.637000,-0.122718,0.003068,0.727665,-0.841495,2.417500,1
9.638000,-0.122718,0.003068,0.727665,-0.841495,2.417499,1
9.639000,-0.122718,0.003068,0.727665,-0.841495,2.417499,1
9.640000,-0.125786,0.000000,-0.617533,-0.697619,0.839771,1
9.641000,-0.125786,0.000000,-0.617533,-0.697619,0.839771,1
9.642000,-0.125786,0.000000,-0.617533,-0.697619,0.839771,1
9.643000,-0.125786,0.000000,-0.617533,-0.697619,0.839771,1
9.644000,-0.125786,0.000000,-0.617533,-0.697619,0.839771,1
9.645000,-0.128854,-0.003068,-0.474369,-0.577255,0.797433,1
9.646000,-0.128854,-0.003068,-0.474369,-0.577255,0.797434,1
9.647000,-0.128854,-0.003068,-0.474369,-0.577255,0.797434,1
9.648000,-0.131922,-0.012272,-0.351972,-0.577255,1.097777,1
9.649000,-0.131922,-0.012272,-0.342150,-0.577255,1.107603,1
9.650000,-0.134990,-0.015340,-0.395656,-0.978356,1.911526,1
9.651000,-0.134990,-0.015340,-0.395656,-0.978356,1.911531,1
9.652000,-0.134990,-0.015340,-0.395656,-0.978356,1.911536,1
9.653000,-0.134990,-0.015340,-0.395656,-0.978356,1.911540,1
9.654000,-0.134990,-0.015340,-0.395656,-0.978356,1.911545,1
9.655000,-0.134990,-0.015340,-0.395656,-0.978356,1.911549,1
9.656000,-0.134990,-0.015340,-0.395656,-0.978356,1.911554,1
9.657000,-0.134990,-0.015340,-0.395656,-0.978356,1.911559,1
9.658000,-0.131922,-0.015340,-0.395656,-0.978356,1.917699,1
9.659000,-0.131922,-0.015340,-0.395656,-0.978356,1.917704,1
9.660000,-0.131922,-0.015340,-0.395656,-0.978356,1.917708,1
9.661000,-0.131922,-0.015340,-0.395656,-0.978356,1.917713,1
9.662000,-0.131922,-0.015340,-0.395656,-0.978356,1.917718,1
9.663000,-0.131922,-0.015340,-0.395656,-0.978356,1.917722,1
9.664000,-0.131922,-0.015340,-0.395656,-0.978356,1.917727,1
9.665000,-0.131922,-0.015340,-0.395656,-0.959863,1.880745,1
9.666000,-0.131922,-0.015340,-0.395656,-0.959863,1.880750,1
9.667000,-0.131922,-0.015340,-0.395656,-0.959863,1.880754,1
9.668000,-0.131922,-0.015340,-0.395656,-0.829817,1.620668,1
9.669000,-0.131922,-0.015340,-0.395656,-0.829817,1.620672,1
9.670000,-0.131922,-0.015340,-0.395656,-0.829817,1.620677,1
9.671000,-0.125786,-0.009204,0.613915,0.590334,-0.920498,1
9.672000,-0.125786,-0.009204,0.613915,0.590334,-0.920495,1
9.673000,-0.125786,-0.009204,0.613915,0.590334,-0.920492,1
9.674000,-0.119651,-0.006136,0.613915,0.550672,-0.890254,1
9.675000,-0.119651,-0.003068,0.613915,0.550672,-0.951612,1
9.676000,-0.116583,0.000000,0.613915,0.550672,-1.006835,1
9.677000,-0.116583,0.003068,0.613915,0.550672,-1.068196,1
9.678000,-0.116583,0.003068,0.613915,0.550672,-1.068197,1
9.679000,-0.113515,0.003068,0.767846,0.550672,-0.908131,1
9.680000,-0.113515,0.003068,0.767846,0.550672,-0.908132,1
9.681000,-0.113515,0.003068,0.767846,0.550672,-0.908133,1
9.682000,-0.110447,0.006136,0.767846,1.180040,-2.222095,1
9.683000,-0.107379,0.012272,0.767846,1.180040,-2.338681,1
9.684000,-0.107379,0.012272,0.767846,1.105677,-2.189958,1
9.685000,-0.107379,0.012272,0.701284,0.870171,-1.785511,1
9.686000,-0.107379,0.012272,0.701284,0.870171,-1.785515,1
9.687000,-0.107379,0.012272,0.663246,0.812361,-1.707937,1
9.688000,-0.107379,0.012272,0.663246,0.812361,-1.707941,1
9.689000,-0.107379,0.012272,0.663246,0.812361,-1.707945,1
9.690000,-0.107379,0.012272,0.663246,0.812361,-1.707948,1
9.691000,-0.107379,0.012272,0.663246,0.812361,-1.707952,1
9.692000,-0.107379,0.012272,0.663246,0.812361,-1.707956,1
9.693000,-0.107379,0.012272,0.663246,0.812361,-1.707959,1
9.694000,-0.107379,0.012272,0.663246,0.812361,-1.707963,1
9.695000,-0.107379,0.012272,0.663246,0.812361,-1.707967,1
9.696000,-0.107379,0.012272,0.663246,0.812361,-1.707970,1
9.697000,-0.107379,0.012272,0.663246,0.812361,-1.707974,1
9.698000,-0.107379,0.012272,0.663246,0.812361,-1.707978,1
9.699000,-0.107379,0.012272,0.663246,0.812361,-1.707982,1
9.700000,-0.107379,0.012272,0.663246,0.812361,-1.707985,1
9.701000,-0.107379,0.012272,0.663246,0.812361,-1.707989,1
9.702000,-0.107379,0.012272,0.663246,0.812361,-1.707993,1
9.703000,-0.107379,0.012272,0.663246,0.812361,-1.707996,1
9.704000,-0.107379,0.012272,0.663246,0.812361,-1.708000,1
9.705000,-0.110447,0.009204,1.013209,0.779168,-1.236429,1
9.706000,-0.110447,0.009204,1.013209,0.779168,-1.236432,1
9.707000,-0.110447,0.009204,1.013209,0.779168,-1.236435,1
9.708000,-0.110447,0.006136,1.013209,0.779168,-1.175078,1
9.709000,-0.110447,0.006136,1.013209,0.779168,-1.175079,1
9.710000,-0.110447,0.006136,1.013209,0.779168,-1.175081,1
9.711000,-0.110447,0.006136,1.013209,0.779168,-1.175083,1
9.712000,-0.110447,0.006136,1.013209,0.779168,-1.175085,1
9.713000,-0.110447,0.006136,1.013209,0.779168,-1.175087,1
9.714000,-0.113515,0.003068,1.013209,0.779168,-1.119864,1
9.715000,-0.113515,0.003068,1.013209,0.779168,-1.119865,1
9.716000,-0.113515,0.003068,1.013209,0.779168,-1.119866,1
9.717000,-0.119651,-0.006136,-0.991189,-0.974618,1.155114,1
9.718000,-0.119651,-0.006136,-0.991189,-0.974618,1.155116,1
9.719000,-0.119651,-0.006136,-0.991189,-0.974618,1.155118,1
9.720000,-0.119651,-0.006136,-0.991189,-0.974618,1.155120,1
9.721000,-0.119651,-0.006136,-0.991189,-0.974618,1.155121,1
9.722000,-0.119651,-0.006136,-0.991189,-0.974618,1.155123,1
9.723000,-0.125786,-0.009204,-0.542006,-0.974618,1.653397,1
9.724000,-0.125786,-0.009204,-0.542006,-0.974618,1.653399,1
9.725000,-0.125786,-0.009204,-0.542006,-0.974618,1.653402,1
9.726000,-0.134990,-0.021476,-1.260179,-1.557596,2.328222,1
9.727000,-0.134990,-0.021476,-1.260179,-1.557596,2.328229,1
9.728000,-0.134990,-0.021476,-1.260179,-1.557596,2.328235,1
9.729000,-0.138058,-0.027612,-1.260179,-2.052434,3.434502,1
9.730000,-0.138058,-0.027612,-1.260179,-2.052434,3.434510,1
9.731000,-0.138058,-0.027612,-1.260179,-2.052434,3.434518,1
9.732000,-0.141126,-0.033748,-1.260179,-2.052434,3.551111,1
9.733000,-0.141126,-0.033748,-1.260179,-2.052434,3.551121,1
9.734000,-0.141126,-0.033748,-1.260179,-2.052434,3.551131,1
9.735000,-0.144194,-0.039884,-1.260179,-2.149358,3.861572,1
9.736000,-0.144194,-0.039884,-1.260179,-2.149358,3.861584,1
9.737000,-0.144194,-0.039884,-1.260179,-2.149358,3.861596,1
9.738000,-0.150330,-0.046019,-1.460929,-1.497594,2.467779,1
9.739000,-0.150330,-0.046019,-1.460929,-1.334180,2.140965,1
9.740000,-0.147262,-0.046019,0.957544,-0.864285,3.625797,1
9.741000,-0.147262,-0.046019,0.957544,-0.864285,3.625811,1
9.742000,-0.147262,-0.046019,0.957544,-0.864285,3.625825,1
9.743000,-0.147262,-0.046019,0.957544,-0.864285,3.625839,1
9.744000,-0.147262,-0.046019,0.957544,-0.864285,3.625853,1
9.745000,-0.144194,-0.046019,0.729904,-0.674431,3.024655,1
9.746000,-0.144194,-0.046019,0.729904,-0.674431,3.024669,1
9.747000,-0.144194,-0.046019,0.729904,-0.674431,3.024683,1
9.748000,-0.144194,-0.046019,0.729904,-0.674431,3.024697,1
9.749000,-0.141126,-0.042951,0.619482,-0.646055,2.802312,1
9.750000,-0.141126,-0.042951,0.619482,-0.646055,2.802325,1
9.751000,-0.141126,-0.042951,0.619482,-0.646055,2.802338,1
9.752000,-0.141126,-0.039884,0.589725,-0.646055,2.711234,1
9.753000,-0.138058,-0.039884,0.587742,-0.646055,2.715399,1
9.754000,-0.122718,-0.024544,1.382544,1.395991,-1.450001,1
9.755000,-0.122718,-0.024544,1.382544,1.395991,-1.449993,1
9.756000,-0.122718,-0.024544,1.382544,1.395991,-1.449986,1
9.757000,-0.122718,-0.024544,1.382544,1.395991,-1.449979,1
9.758000,-0.122718,-0.024544,1.382544,1.395991,-1.449971,1
9.759000,-0.122718,-0.024544,1.382544,1.395991,-1.449964,1
9.760000,-0.122718,-0.024544,1.382544,1.395991,-1.449957,1
9.761000,-0.122718,-0.024544,1.382544,1.395991,-1.449949,1
9.762000,-0.119651,-0.021476,1.382544,1.395991,-1.505166,1
9.763000,-0.119651,-0.018408,1.382544,2.416266,-3.607070,1
9.764000,-0.116583,-0.015340,1.382544,2.416266,-3.662289,1
9.765000,-0.113515,-0.012272,2.132164,2.416266,-2.967889,1
9.766000,-0.104311,-0.003068,1.991756,2.704945,-3.851323,1
9.767000,-0.104311,-0.003068,1.991756,2.704945,-3.851322,1
9.768000,-0.104311,-0.003068,1.991756,2.704945,-3.851321,1
9.769000,-0.104311,-0.003068,1.991756,2.704945,-3.851320,1
9.770000,-0.104311,-0.003068,1.991756,2.704945,-3.851319,1
9.771000,-0.104311,-0.003068,1.991756,2.704945,-3.851318,1
9.772000,-0.104311,0.000000,1.714154,2.562299,-3.904988,1
9.773000,-0.104311,0.000000,1.503383,2.118362,-3.227884,1
9.774000,-0.101243,0.003068,1.618627,0.889855,-0.710852,1
9.775000,-0.101243,0.003068,1.618627,0.889855,-0.710853,1
9.776000,-0.101243,0.003068,1.618627,0.889855,-0.710854,1
9.777000,-0.101243,0.003068,1.618627,0.889855,-0.710855,1
9.778000,-0.101243,0.003068,1.618627,0.889855,-0.710855,1
9.779000,-0.101243,0.003068,1.618627,0.889855,-0.710856,1
9.780000,-0.101243,0.003068,1.618627,0.889855,-0.710857,1
9.781000,-0.101243,0.003068,1.618627,0.889855,-0.710858,1
9.782000,-0.101243,0.003068,1.429864,0.829643,-0.779197,1
9.783000,-0.101243,0.000000,1.281176,-0.777300,2.947360,1
9.784000,-0.101243,0.000000,1.160120,-0.731021,2.733745,1
9.785000,-0.101243,0.000000,1.059260,-0.689643,2.550129,1
9.786000,-0.101243,-0.003068,0.975512,-0.675137,2.498729,1
9.787000,-0.098175,-0.003068,0.698027,-0.675137,2.227381,1
9.788000,-0.098175,-0.003068,0.698027,-0.675137,2.227382,1
9.789000,-0.098175,-0.003068,0.698027,-0.675137,2.227383,1
9.790000,-0.098175,-0.003068,0.698027,-0.675137,2.227384,1
9.791000,-0.098175,-0.003068,0.698027,-0.675137,2.227385,1
9.792000,-0.098175,-0.003068,0.698027,-0.675137,2.227386,1
9.793000,-0.098175,-0.003068,0.698027,-0.675137,2.227387,1
9.794000,-0.098175,-0.003068,0.698027,-0.675137,2.227388,1
9.795000,-0.095107,-0.003068,0.568526,-0.675137,2.104024,1
9.796000,-0.095107,0.000000,0.543495,-0.675137,2.017633,1
9.797000,-0.092039,0.000000,0.499307,-0.675137,1.979581,1
9.798000,-0.092039,0.000000,0.499307,-0.675137,1.979581,1
9.799000,-0.092039,0.000000,0.499307,-0.675137,1.979581,1
9.800000,-0.092039,0.000000,0.499307,-0.675137,1.979581,1
9.801000,-0.092039,0.000000,0.499307,-0.675137,1.979581,1
9.802000,-0.092039,0.000000,0.499307,-0.675137,1.979581,1
9.803000,-0.092039,0.000000,0.499307,-0.675137,1.979581,1
9.804000,-0.092039,0.000000,0.499307,-0.675137,1.979581,1
9.805000,-0.079767,0.009204,0.495525,0.744224,-1.622459,1
9.806000,-0.070563,0.021476,1.253837,1.946496,-3.495726,1
9.807000,-0.070563,0.021476,1.253837,1.946496,-3.495733,1
9.808000,-0.070563,0.021476,1.253837,1.946496,-3.495739,1
9.809000,-0.070563,0.021476,1.253837,1.946496,-3.495746,1
9.810000,-0.070563,0.021476,1.253837,1.946496,-3.495752,1
9.811000,-0.070563,0.021476,1.253837,1.946496,-3.495759,1
9.812000,-0.070563,0.021476,1.253837,1.946496,-3.495765,1
9.813000,-0.070563,0.024544,1.253837,1.946496,-3.557132,1
9.814000,-0.064427,0.027612,1.624675,1.038549,-1.419497,1
9.815000,-0.064427,0.027612,1.624675,1.038549,-1.419505,1
9.816000,-0.064427,0.027612,1.624675,1.038549,-1.419513,1
9.817000,-0.064427,0.024544,1.624675,-0.828100,2.975138,1
9.818000,-0.064427,0.024544,1.613240,-0.775814,2.859123,1
9.819000,-0.064427,0.024544,1.277000,-0.688617,2.348482,1
9.820000,-0.064427,0.024544,1.277000,-0.688617,2.348475,1
9.821000,-0.064427,0.024544,1.277000,-0.688617,2.348467,1
9.822000,-0.064427,0.024544,1.277000,-0.688617,2.348460,1
9.823000,-0.064427,0.024544,1.277000,-0.688617,2.348453,1
9.824000,-0.064427,0.024544,1.277000,-0.688617,2.348445,1
9.825000,-0.064427,0.018408,0.973603,-0.646110,2.082747,1
9.826000,-0.064427,0.018408,0.973603,-0.646110,2.082742,1
9.827000,-0.064427,0.018408,0.973603,-0.646110,2.082736,1
9.828000,-0.064427,0.018408,0.973603,-0.646110,2.082730,1
9.829000,-0.064427,0.018408,0.973603,-0.646110,2.082725,1
9.830000,-0.064427,0.018408,0.973603,-0.646110,2.082719,1
9.831000,-0.064427,0.018408,0.973603,-0.646110,2.082714,1
9.832000,-0.064427,0.018408,0.973603,-0.646110,2.082708,1
9.833000,-0.064427,0.018408,0.901652,-0.646110,2.010752,1
9.834000,-0.064427,0.018408,0.901652,-0.646110,2.010746,1
9.835000,-0.064427,0.018408,0.901652,-0.646110,2.010741,1
9.836000,-0.064427,0.018408,0.901652,-0.646110,2.010735,1
9.837000,-0.064427,0.018408,0.901652,-0.646110,2.010730,1
9.838000,-0.064427,0.018408,0.901652,-0.646110,2.010724,1
9.839000,-0.064427,0.021476,0.786049,-0.646110,1.833755,1
9.840000,-0.064427,0.021476,0.786049,-0.646110,1.833749,1
9.841000,-0.064427,0.021476,0.786049,-0.646110,1.833742,1
9.842000,-0.064427,0.021476,0.786049,-0.646110,1.833736,1
9.843000,-0.064427,0.021476,0.786049,-0.646110,1.833730,1
9.844000,-0.064427,0.021476,0.786049,-0.646110,1.833723,1
9.845000,-0.064427,0.021476,0.567940,-0.646110,1.615608,1
9.846000,-0.064427,0.021476,0.567940,-0.646110,1.615601,1
9.847000,-0.064427,0.021476,0.567940,-0.646110,1.615595,1
9.848000,-0.064427,0.021476,0.567940,-0.646110,1.615588,1
9.849000,-0.064427,0.021476,0.567940,-0.646110,1.615582,1
9.850000,-0.064427,0.021476,0.567940,-0.646110,1.615576,1
9.851000,-0.058291,0.027612,0.444526,-0.646110,1.381707,1
9.852000,-0.058291,0.027612,0.444526,-0.646110,1.381699,1
9.853000,-0.058291,0.027612,0.444526,-0.646110,1.381691,1
9.854000,-0.049087,0.036816,0.390104,0.658261,-2.047155,1
9.855000,-0.049087,0.036816,0.390104,0.658261,-2.047166,1
9.856000,-0.042951,0.039884,0.390104,0.658261,-2.096265,1
9.857000,-0.042951,0.039884,0.390104,0.658261,-2.096277,1
9.858000,-0.042951,0.039884,0.390104,0.658261,-2.096289,1
9.859000,-0.033748,0.055223,1.382815,2.675402,-5.426266,1
9.860000,-0.033748,0.055223,1.382815,2.675402,-5.426282,1
9.861000,-0.033748,0.055223,1.382815,2.675402,-5.426299,1
9.862000,-0.033748,0.055223,1.382815,2.675402,-5.426315,1
9.863000,-0.027612,0.061359,1.757106,2.493046,-4.797777,1
9.864000,-0.027612,0.061359,1.757106,2.493046,-4.797796,1
9.865000,-0.027612,0.061359,1.757106,2.493046,-4.797814,1
9.866000,-0.027612,0.061359,1.757106,2.493046,-4.797832,1
9.867000,-0.027612,0.061359,1.757106,2.072957,-3.957672,1
9.868000,-0.027612,0.061359,1.757106,2.072957,-3.957691,1
9.869000,-0.027612,0.061359,1.757106,2.072957,-3.957709,1
9.870000,-0.027612,0.061359,1.625186,1.028883,-2.001500,1
9.871000,-0.027612,0.061359,1.436519,0.949902,-2.032222,1
9.872000,-0.027612,0.058291,1.285689,0.939542,-2.100992,1
9.873000,-0.030680,0.058291,-1.062504,0.939542,-4.455338,1
9.874000,-0.030680,0.058291,-1.062504,0.939542,-4.455356,1
9.875000,-0.033748,0.055223,-0.977881,0.939542,-4.315526,1
9.876000,-0.033748,0.055223,-0.843805,0.939542,-4.181467,1
9.877000,-0.033748,0.055223,-0.843805,0.939542,-4.181484,1
9.878000,-0.036816,0.052155,-0.859944,0.939542,-4.142415,1
9.879000,-0.039884,0.052155,-0.859944,0.939542,-4.148567,1
9.880000,-0.039884,0.049087,-0.859944,0.939542,-4.087222,1
9.881000,-0.042951,0.046019,-0.859944,-1.290097,1.027265,1
9.882000,-0.046019,0.039884,-0.859944,-1.290097,1.143836,1
9.883000,-0.046019,0.039884,-0.859944,-1.290097,1.143824,1
9.884000,-0.049087,0.036816,-1.433799,-1.290097,0.625181,1
9.885000,-0.049087,0.033748,-1.433799,-3.102793,4.311923,1
9.886000,-0.052155,0.030680,-1.433799,-3.102793,4.367137,1
9.887000,-0.058291,0.024544,-1.433799,-1.922232,2.116454,1
9.888000,-0.058291,0.024544,-1.433799,-1.922232,2.116446,1
9.889000,-0.058291,0.024544,-1.433799,-1.922232,2.116439,1
9.890000,-0.058291,0.024544,-1.433799,-1.922232,2.116432,1
9.891000,-0.058291,0.024544,-1.433799,-1.922232,2.116424,1
9.892000,-0.058291,0.024544,-1.433799,-1.661526,1.595006,1
9.893000,-0.061359,0.021476,-1.807685,-1.473570,0.900424,1
9.894000,-0.064427,0.024544,-1.807685,-1.473570,0.832921,1
9.895000,-0.064427,0.024544,-1.807685,-1.473570,0.832914,1
9.896000,-0.064427,0.024544,-1.807685,-1.473570,0.832907,1
9.897000,-0.064427,0.024544,-1.807685,-1.473570,0.832899,1
9.898000,-0.064427,0.024544,-1.807685,-1.473570,0.832892,1
9.899000,-0.064427,0.024544,-1.807685,-1.473570,0.832885,1
9.900000,-0.064427,0.024544,-1.807685,-1.473570,0.832877,1
9.901000,-0.064427,0.024544,-1.807685,-1.473570,0.832870,1
9.902000,-0.064427,0.018408,-1.273397,2.343042,-6.000000,1
9.903000,-0.067495,0.018408,-1.153627,2.343042,-6.000000,1
9.904000,-0.070563,0.024544,-0.971163,1.798743,-5.487523,1
9.905000,-0.070563,0.024544,-0.971163,1.798743,-5.487530,1
9.906000,-0.070563,0.021476,-0.899922,1.784149,-5.325748,1
9.907000,-0.073631,0.021476,-0.812140,1.784149,-5.244109,1
9.908000,-0.073631,0.018408,-0.812140,1.784149,-5.182756,1
9.909000,-0.073631,0.018408,-0.812140,1.784149,-5.182761,1
9.910000,-0.073631,0.018408,-0.812140,1.784149,-5.182767,1
9.911000,-0.079767,0.015340,-0.812140,1.784149,-5.133684,1
9.912000,-0.088971,0.006136,-1.592127,-1.674778,1.769853,1
9.913000,-0.088971,0.006136,-1.592127,-1.674778,1.769851,1
9.914000,-0.088971,0.006136,-1.592127,-1.674778,1.769849,1
9.915000,-0.088971,0.003068,-1.592127,-1.674778,1.831207,1
9.916000,-0.092039,-0.003068,-1.592127,-3.598503,5.795241,1
9.917000,-0.098175,-0.012272,-2.491535,-3.598503,5.067642,1
9.918000,-0.098175,-0.012272,-2.491535,-3.598503,5.067646,1
9.919000,-0.110447,-0.024544,-2.339723,-2.008303,2.259957,1
9.920000,-0.110447,-0.024544,-2.339723,-2.008303,2.259964,1
9.921000,-0.110447,-0.024544,-2.339723,-2.008303,2.259972,1
9.922000,-0.110447,-0.024544,-2.339723,-2.008303,2.259979,1
9.923000,-0.110447,-0.024544,-2.339723,-2.008303,2.259986,1
9.924000,-0.110447,-0.024544,-2.339723,-2.008303,2.259994,1
9.925000,-0.110447,-0.024544,-2.339723,-2.008303,2.260001,1
9.926000,-0.110447,-0.024544,-2.339723,-1.727300,1.698004,1
9.927000,-0.113515,-0.024544,-2.339723,-1.512558,1.262390,1
9.928000,-0.116583,-0.027612,-1.041422,-0.997621,1.586048,1
9.929000,-0.116583,-0.027612,-1.041422,-0.997621,1.586056,1
9.930000,-0.116583,-0.027612,-1.041422,-0.997621,1.586065,1
9.931000,-0.119651,-0.027612,-0.959904,-0.997621,1.661456,1
9.932000,-0.119651,-0.027612,-0.959904,-0.997621,1.661464,1
9.933000,-0.119651,-0.027612,-0.959904,-0.997621,1.661473,1
9.934000,-0.119651,-0.027612,-0.959904,-0.997621,1.661481,1
9.935000,-0.119651,-0.027612,-0.959904,-0.997621,1.661489,1
9.936000,-0.119651,-0.027612,-0.959904,-0.997621,1.661497,1
9.937000,-0.119651,-0.027612,-0.959904,-0.997621,1.661506,1
9.938000,-0.119651,-0.027612,-0.890409,-0.997621,1.731009,1
9.939000,-0.119651,-0.027612,-0.830139,-0.997621,1.791286,1
9.940000,-0.119651,-0.027612,-0.690311,-0.997621,1.931123,1
9.941000,-0.119651,-0.027612,-0.690311,-0.997621,1.931131,1
9.942000,-0.119651,-0.027612,-0.690311,-0.997621,1.931139,1
9.943000,-0.119651,-0.027612,-0.653544,-0.997621,1.967915,1
9.944000,-0.119651,-0.027612,-0.620363,-0.958565,1.922993,1
9.945000,-0.119651,-0.027612,-0.590596,-0.889307,1.814252,1
9.946000,-0.119651,-0.027612,-0.563424,-0.829099,1.721015,1
9.947000,-0.116583,-0.027612,0.538797,-0.776848,2.724879,1
9.948000,-0.116583,-0.024544,0.458306,0.619880,-0.810420,1
9.949000,-0.116583,-0.024544,0.458306,0.619880,-0.810412,1
9.950000,-0.116583,-0.024544,0.458306,0.619880,-0.810405,1
9.951000,-0.116583,-0.024544,0.458306,0.619880,-0.810397,1
9.952000,-0.116583,-0.024544,0.458306,0.619880,-0.810390,1
9.953000,-0.116583,-0.024544,0.458306,0.619880,-0.810383,1
9.954000,-0.113515,-0.018408,1.164751,0.558094,0.503056,1
9.955000,-0.113515,-0.018408,1.164751,0.558094,0.503062,1
9.956000,-0.113515,-0.018408,1.164751,0.558094,0.503068,1
9.957000,-0.113515,-0.018408,1.164751,0.558094,0.503073,1
9.958000,-0.113515,-0.018408,1.164751,0.558094,0.503079,1
9.959000,-0.113515,-0.018408,1.164751,0.558094,0.503084,1
9.960000,-0.113515,-0.018408,1.164751,0.558094,0.503090,1
9.961000,-0.113515,-0.018408,1.164751,0.558094,0.503095,1
9.962000,-0.113515,-0.018408,1.164751,0.558094,0.503101,1
9.963000,-0.113515,-0.018408,1.164751,0.558094,0.503106,1
9.964000,-0.113515,-0.018408,1.164751,0.558094,0.503112,1
9.965000,-0.113515,-0.018408,1.164751,0.558094,0.503117,1
9.966000,-0.113515,-0.018408,1.164751,0.558094,0.503123,1
9.967000,-0.107379,-0.012272,1.039487,0.558094,0.000000,1
9.968000,-0.107379,-0.012272,1.039487,0.558094,0.000000,1
9.969000,-0.107379,-0.012272,1.039487,0.558094,0.000000,1
9.970000,-0.104311,-0.006136,0.828624,0.999195,-1.542222,1
9.971000,-0.104311,-0.006136,0.828624,0.999195,-1.542220,1
9.972000,-0.101243,-0.003068,0.420750,0.999195,-2.005316,1
9.973000,-0.101243,-0.003068,0.420750,0.999195,-2.005315,1
9.974000,-0.101243,-0.003068,0.420750,0.999195,-2.005314,1
9.975000,-0.101243,-0.003068,0.420750,0.999195,-2.005313,1
9.976000,-0.095107,0.003068,0.420750,0.999195,-2.115761,1
9.977000,-0.095107,0.006136,0.420750,1.118459,-2.415651,1
9.978000,-0.095107,0.006136,0.420750,1.118459,-2.415653,1
9.979000,-0.095107,0.006136,0.420750,1.118459,-2.415655,1
9.980000,-0.095107,0.006136,0.420750,1.118459,-2.415657,1
9.981000,-0.095107,0.009204,0.420750,1.118459,-2.477019,1
9.982000,-0.095107,0.009204,0.420750,1.118459,-2.477021,1
9.983000,-0.095107,0.009204,0.420750,1.118459,-2.477024,1
9.984000,-0.098175,0.006136,0.796760,-0.842638,2.476403,1
9.985000,-0.101243,0.003068,0.796760,-0.698636,2.243620,1
9.986000,-0.101243,0.003068,0.796760,-0.698636,2.243619,1
9.987000,-0.101243,0.003068,0.796760,-0.698636,2.243618,1
9.988000,-0.101243,0.003068,0.796760,-0.698636,2.243617,1
9.989000,-0.101243,0.003068,0.796760,-0.698636,2.243616,1
9.990000,-0.101243,0.003068,0.796760,-0.698636,2.243615,1
9.991000,-0.101243,0.003068,0.796760,-0.698636,2.243615,1
9.992000,-0.101243,0.003068,0.796760,-0.698636,2.243614,1
9.993000,-0.101243,0.003068,0.796760,-0.698636,2.243613,1
9.994000,-0.101243,0.003068,0.796760,-0.698636,2.243612,1
9.995000,-0.101243,0.003068,0.796760,-0.698636,2.243611,1
9.996000,-0.101243,0.003068,0.796760,-0.698636,2.243610,1
9.997000,-0.101243,0.003068,0.796760,-0.698636,2.243609,1
9.998000,-0.104311,-0.003068,0.796760,-0.607759,2.178439,1
9.999000,-0.104311,-0.003068,0.796760,-0.607759,2.178440,1
