t,theta,alpha,theta_dot,alpha_dot,voltage,mode
0.000000,-0.214757,0.309864,0.015214,0.040288,-6.000000,1
0.001000,-0.214757,0.309864,0.015195,0.040288,-6.000000,1
0.002000,-0.214757,0.312932,0.015176,0.040288,-6.000000,1
0.003000,-0.214757,0.312932,0.015157,0.040288,-6.000000,1
0.004000,-0.214757,0.312932,0.015139,0.040288,-6.000000,1
0.005000,-0.217825,0.312932,-0.015120,0.040288,-6.000000,1
0.006000,-0.217825,0.312932,-0.015120,0.040288,-6.000000,1
0.007000,-0.217825,0.312932,-0.015120,0.040288,-6.000000,1
0.008000,-0.217825,0.312932,-0.015120,0.040288,-6.000000,1
0.009000,-0.217825,0.309864,-0.015101,0.040288,-6.000000,1
0.010000,-0.217825,0.309864,-0.015101,0.040288,-6.000000,1
0.011000,-0.217825,0.309864,-0.015101,0.040288,-6.000000,1
0.012000,-0.220893,0.309864,-0.021429,-0.066143,-6.000000,1
0.013000,-0.220893,0.309864,-0.021429,-0.066143,-6.000000,1
0.014000,-0.220893,0.309864,-0.021429,-0.066143,-6.000000,1
0.015000,-0.227029,0.303728,-0.021429,-4.792208,3.408929,1
0.016000,-0.233165,0.300660,-0.043461,-2.206533,-2.396726,1
0.017000,-0.233165,0.300660,-0.043461,-2.206533,-2.396726,1
0.018000,-0.236233,0.297592,-0.043461,-1.872107,-3.025319,1
0.019000,-0.236233,0.297592,-0.043461,-1.872107,-3.025409,1
0.020000,-0.236233,0.297592,-0.043461,-1.872107,-3.025498,1
0.021000,-0.236233,0.291456,-0.043461,-1.718342,-3.210399,1
0.022000,-0.236233,0.291456,-0.043461,-1.718342,-3.210486,1
0.023000,-0.236233,0.291456,-0.043461,-1.718342,-3.210574,1
0.024000,-0.242369,0.291456,-0.043461,-1.718342,-3.222933,1
0.025000,-0.242369,0.291456,-0.043461,-1.718342,-3.223020,1
0.026000,-0.242369,0.291456,-0.043461,-1.718342,-3.223108,1
0.027000,-0.248505,0.288388,-1.734860,-1.654581,-4.993026,1
0.028000,-0.251573,0.285320,-1.734860,-1.074808,-6.000000,1
0.029000,-0.254641,0.282252,-1.690395,-1.027658,-6.000000,1
0.030000,-0.257709,0.282252,-1.601102,-1.027658,-6.000000,1
0.031000,-0.257709,0.282252,-1.601102,-1.027658,-6.000000,1
0.032000,-0.260777,0.279185,-1.601102,-1.027658,-5.954005,1
0.033000,-0.260777,0.279185,-1.601102,-1.027658,-5.954088,1
0.034000,-0.263845,0.276117,-1.601102,-1.027658,-5.898948,1
0.035000,-0.266913,0.276117,-1.601102,-1.027658,-5.905167,1
0.036000,-0.269981,0.273049,-1.778811,-1.027658,-6.000000,1
0.037000,-0.273049,0.269981,-1.778811,-1.470193,-5.087521,1
0.038000,-0.276117,0.269981,-1.778811,-1.470193,-5.093738,1
0.039000,-0.276117,0.266913,-1.778811,-1.470193,-5.032459,1
0.040000,-0.279185,0.263845,-1.778811,-1.470193,-4.977315,1
0.041000,-0.282252,0.263845,-2.514272,-1.470193,-5.718990,1
0.042000,-0.285320,0.260777,-2.514272,-1.470193,-5.663845,1
0.043000,-0.288388,0.260777,-2.514272,-1.470193,-5.670060,1
0.044000,-0.291456,0.257709,-2.514272,-1.935427,-4.684445,1
0.045000,-0.294524,0.257709,-2.667680,-1.935427,-4.844067,1
0.046000,-0.297592,0.254641,-2.667680,-1.935427,-4.788920,1
0.047000,-0.300660,0.251573,-2.667680,-1.935427,-4.733772,1
0.048000,-0.303728,0.248505,-2.667680,-1.935427,-4.678623,1
0.049000,-0.306796,0.245437,-3.072645,-2.359844,-4.179605,1
0.050000,-0.309864,0.242369,-3.072645,-2.359844,-4.124454,1
0.051000,-0.312932,0.242369,-3.072645,-2.359844,-4.130663,1
0.052000,-0.319068,0.239301,-3.295438,-2.359844,-4.304440,1
0.053000,-0.322136,0.236233,-3.295438,-2.359844,-4.249288,1
0.054000,-0.325204,0.233165,-3.295438,-2.530908,-3.852007,1
0.055000,-0.328272,0.230097,-3.295438,-2.530908,-3.796853,1
0.056000,-0.331340,0.227029,-3.531467,-2.530908,-3.977726,1
0.057000,-0.331340,0.227029,-3.531467,-2.530908,-3.977794,1
0.058000,-0.334408,0.223961,-3.531467,-2.530908,-3.922638,1
0.059000,-0.334408,0.223961,-3.531467,-2.530908,-3.922705,1
0.060000,-0.334408,0.223961,-3.531467,-2.530908,-3.922772,1
0.061000,-0.340544,0.220893,-3.531467,-2.890043,-3.155481,1
0.062000,-0.340544,0.220893,-3.531467,-2.890043,-3.155547,1
0.063000,-0.340544,0.220893,-3.531467,-2.890043,-3.155613,1
0.064000,-0.352816,0.211689,-3.693064,-2.890043,-3.157740,1
0.065000,-0.352816,0.211689,-3.693064,-2.890043,-3.157804,1
0.066000,-0.352816,0.211689,-3.693064,-2.890043,-3.157867,1
0.067000,-0.365087,0.202485,-3.916147,-2.876251,-3.249061,1
0.068000,-0.380427,0.190214,-4.322193,-3.134315,-2.924278,1
0.069000,-0.386563,0.187146,-4.322193,-3.134315,-2.875247,1
0.070000,-0.389631,0.184078,-4.322193,-3.295537,-2.497637,1
0.071000,-0.389631,0.184078,-4.322193,-3.295537,-2.497692,1
0.072000,-0.389631,0.184078,-4.322193,-3.295537,-2.497747,1
0.073000,-0.389631,0.184078,-4.322193,-3.295537,-2.497802,1
0.074000,-0.404971,0.171806,-4.633775,-3.493847,-2.198058,1
0.075000,-0.404971,0.171806,-4.633775,-3.493847,-2.198110,1
0.076000,-0.404971,0.171806,-4.633775,-3.493847,-2.198162,1
0.077000,-0.404971,0.171806,-4.633775,-3.493847,-2.198213,1
0.078000,-0.411107,0.168738,-4.633775,-3.493847,-2.149176,1
0.079000,-0.411107,0.168738,-4.633775,-3.493847,-2.149227,1
0.080000,-0.411107,0.168738,-4.633775,-3.493847,-2.149278,1
0.081000,-0.429515,0.153398,-4.989598,-3.673854,-1.875151,1
0.082000,-0.429515,0.153398,-4.989598,-3.673854,-1.875197,1
0.083000,-0.429515,0.153398,-4.989598,-3.673854,-1.875243,1
0.084000,-0.444854,0.144194,-5.197304,-3.802374,-1.672554,1
0.085000,-0.469398,0.125786,-5.426519,-3.934387,-1.318712,1
0.086000,-0.472466,0.122718,-5.426519,-4.065900,-1.000501,1
0.087000,-0.472466,0.122718,-5.426519,-4.065900,-1.000537,1
0.088000,-0.484738,0.113515,-5.499405,-4.065900,-0.913924,1
0.089000,-0.490874,0.110447,-5.604969,-4.108457,-0.885320,1
0.090000,-0.497010,0.107379,-5.604969,-4.108457,-0.836265,1
0.091000,-0.518486,0.088971,-5.649805,-4.111401,-0.550035,1
0.092000,-0.518486,0.088971,-5.649805,-4.111401,-0.550062,1
0.093000,-0.536893,0.076699,-5.651611,-4.089801,0.000000,1
0.094000,-0.552233,0.064427,-5.635894,-4.048500,0.000000,1
0.095000,-0.552233,0.064427,-5.635894,-4.048500,0.000000,1
0.096000,-0.558369,0.061359,-5.635894,-4.069514,0.452462,1
0.097000,-0.558369,0.061359,-5.635894,-4.069514,0.452443,1
0.098000,-0.558369,0.061359,-5.635894,-4.069514,0.452425,1
0.099000,-0.558369,0.061359,-5.635894,-4.069514,0.452406,1
0.100000,-0.558369,0.061359,-5.635894,-4.069514,0.452388,1
0.101000,-0.558369,0.061359,-5.635894,-4.069514,0.452370,1
0.102000,-0.558369,0.061359,-5.635894,-4.069514,0.452351,1
0.103000,-0.558369,0.061359,-5.635894,-4.069514,0.452333,1
0.104000,-0.564505,0.058291,-5.582517,-4.069514,0.554779,1
0.105000,-0.579845,0.046019,-5.521951,-3.818165,0.000000,1
0.106000,-0.585981,0.042951,-5.521951,-3.818165,0.000000,1
0.107000,-0.592117,0.039884,-5.410734,-3.818165,0.536757,1
0.108000,-0.595185,0.036816,-5.410734,-3.674007,0.000000,1
0.109000,-0.601320,0.030680,-5.424686,-3.674007,0.000000,1
0.110000,-0.607456,0.027612,-5.424686,-3.674007,0.000000,1
0.111000,-0.613592,0.024544,-5.324043,-3.510658,0.000000,1
0.112000,-0.616660,0.021476,-5.324043,-3.510658,0.000000,1
0.113000,-0.622796,0.018408,-5.324043,-3.510658,0.000000,1
0.114000,-0.628932,0.015340,-5.282568,-3.510658,0.467100,1
0.115000,-0.632000,0.012272,-5.282568,-3.373897,0.000000,1
0.116000,-0.638136,0.009204,-5.241952,-3.373897,0.000000,1
0.117000,-0.644272,0.006136,-5.241952,-3.373897,0.000000,1
0.118000,-0.647340,0.003068,-5.241952,-3.352455,0.000000,1
0.119000,-0.653476,0.000000,-5.209255,-3.262162,0.000000,1
0.120000,-0.659612,-0.003068,-5.209255,-3.262162,0.000000,1
0.121000,-0.662680,-0.006136,-5.159128,-3.262162,0.455561,1
0.122000,-0.668816,-0.009204,-5.159128,-3.146661,0.000000,1
0.123000,-0.674952,-0.012272,-5.118453,-3.125291,0.000000,1
0.124000,-0.678020,-0.015340,-5.118453,-3.125291,0.000000,1
0.125000,-0.684155,-0.018408,-5.118453,-3.125291,0.000000,1
0.126000,-0.690291,-0.021476,-5.084463,-3.091794,0.000000,1
0.127000,-0.708699,-0.033748,-5.024412,-3.026961,0.580103,1
0.128000,-0.708699,-0.033748,-5.024412,-3.026961,0.580113,1
0.129000,-0.708699,-0.033748,-5.024412,-3.026961,0.580123,1
0.130000,-0.708699,-0.033748,-5.024412,-3.026961,0.580133,1
0.131000,-0.714835,-0.036816,-4.973869,-2.945803,0.517458,1
0.132000,-0.717903,-0.039884,-4.973869,-2.945803,0.572694,1
0.133000,-0.724039,-0.042951,-4.902991,-2.945803,0.692671,1
0.134000,-0.727107,-0.046019,-4.902991,-2.945803,0.747908,1
0.135000,-0.742447,-0.055223,-4.841628,-2.894958,0.860996,1
0.136000,-0.742447,-0.055223,-4.841628,-2.894958,0.861012,1
0.137000,-0.742447,-0.055223,-4.841628,-2.894958,0.861029,1
0.138000,-0.748583,-0.058291,-4.713244,-2.894958,1.038518,1
0.139000,-0.760854,-0.064427,-4.566504,-2.716321,0.926178,1
0.140000,-0.760854,-0.064427,-4.566504,-2.716321,0.926197,1
0.141000,-0.760854,-0.064427,-4.566504,-2.716321,0.926216,1
0.142000,-0.779262,-0.073631,-4.432692,-2.511442,0.797555,1
0.143000,-0.785398,-0.079767,-4.277540,-2.511442,1.063178,1
0.144000,-0.797670,-0.085903,-4.120278,-2.275649,0.847054,1
0.145000,-0.797670,-0.085903,-4.120278,-2.275649,0.847080,1
0.146000,-0.797670,-0.085903,-4.120278,-2.275649,0.847106,1
0.147000,-0.797670,-0.085903,-4.120278,-2.275649,0.847132,1
0.148000,-0.797670,-0.085903,-4.120278,-2.275649,0.847157,1
0.149000,-0.797670,-0.085903,-4.120278,-2.275649,0.847183,1
0.150000,-0.797670,-0.085903,-4.120278,-2.275649,0.847209,1
0.151000,-0.806874,-0.088971,-4.120278,-2.275649,0.890187,1
0.152000,-0.806874,-0.088971,-4.120278,-2.275649,0.890214,1
0.153000,-0.806874,-0.088971,-4.120278,-2.275649,0.890240,1
0.154000,-0.806874,-0.088971,-4.120278,-2.275649,0.890267,1
0.155000,-0.806874,-0.088971,-4.120278,-2.275649,0.890294,1
0.156000,-0.806874,-0.088971,-4.120278,-2.275649,0.890321,1
0.157000,-0.806874,-0.088971,-4.120278,-2.275649,0.890347,1
0.158000,-0.809942,-0.092039,-3.935474,-2.275649,1.130402,1
0.159000,-0.831418,-0.104311,-3.792012,-2.067161,1.059406,1
0.160000,-0.834486,-0.104311,-3.632784,-2.067161,1.212529,1
0.161000,-0.837554,-0.107379,-3.632784,-2.067161,1.267785,1
0.162000,-0.840621,-0.110447,-3.632784,-1.873882,0.936483,1
0.163000,-0.846757,-0.110447,-3.472768,-1.873882,1.084260,1
0.164000,-0.849825,-0.113515,-3.472768,-1.873882,1.139517,1
0.165000,-0.852893,-0.113515,-3.472768,-1.873882,1.133416,1
0.166000,-0.855961,-0.116583,-3.472768,-1.873882,1.188674,1
0.167000,-0.859029,-0.116583,-3.315707,-1.873882,1.339634,1
0.168000,-0.862097,-0.119651,-3.315707,-1.873882,1.394893,1
0.169000,-0.865165,-0.119651,-3.315707,-1.697321,1.035672,1
0.170000,-0.868233,-0.122718,-3.315707,-1.563420,0.823128,1
0.171000,-0.871301,-0.122718,-3.137688,-1.563420,0.995048,1
0.172000,-0.874369,-0.122718,-3.137688,-1.563420,0.988949,1
0.173000,-0.877437,-0.125786,-3.137688,-1.563420,1.044210,1
0.174000,-0.880505,-0.125786,-3.137688,-1.563420,1.038112,1
0.175000,-0.880505,-0.128854,-2.898357,-1.563420,1.338841,1
0.176000,-0.883573,-0.128854,-2.963419,-1.563420,1.267682,1
0.177000,-0.886641,-0.128854,-2.963419,-1.563420,1.261585,1
0.178000,-0.889709,-0.131922,-2.963419,-1.463839,1.117685,1
0.179000,-0.892777,-0.131922,-2.963419,-1.308757,0.801425,1
0.180000,-0.895845,-0.131922,-2.771150,-1.182200,0.734484,1
0.181000,-0.898913,-0.134990,-2.771150,-1.173090,0.771529,1
0.182000,-0.898913,-0.134990,-2.771150,-1.173090,0.771569,1
0.183000,-0.901981,-0.134990,-2.771150,-1.173090,0.765474,1
0.184000,-0.905049,-0.138058,-2.771150,-1.173090,0.820739,1
0.185000,-0.908117,-0.138058,-2.565074,-1.173090,1.020721,1
0.186000,-0.911185,-0.138058,-2.565074,-1.173090,1.014626,1
0.187000,-0.911185,-0.141126,-2.565074,-1.173090,1.076028,1
0.188000,-0.914253,-0.144194,-2.565074,-1.173090,1.131294,1
0.189000,-0.917321,-0.144194,-2.565074,-1.173090,1.125202,1
0.190000,-0.920388,-0.144194,-2.260014,-1.173090,1.424168,1
0.191000,-0.920388,-0.147262,-2.367914,-1.124529,1.280549,1
0.192000,-0.923456,-0.147262,-2.367914,-1.029264,1.083928,1
0.193000,-0.923456,-0.147262,-2.367914,-0.950051,0.925545,1
0.194000,-0.926524,-0.147262,-2.367914,-0.881437,0.782226,1
0.195000,-0.929592,-0.150330,-2.367914,-0.828590,0.731800,1
0.196000,-0.929592,-0.150330,-2.051610,-0.828590,1.048150,1
0.197000,-0.932660,-0.150330,-2.105976,-0.828590,0.987692,1
0.198000,-0.935728,-0.150330,-2.105976,-0.828590,0.981601,1
0.199000,-0.935728,-0.150330,-2.105976,-0.828590,0.981647,1
0.200000,-0.938796,-0.150330,-2.105976,-0.828590,0.975556,1
0.201000,-0.938796,-0.153398,-2.105976,-0.828590,1.036961,1
0.202000,-0.941864,-0.153398,-2.105976,-0.828590,1.030871,1
0.203000,-0.941864,-0.153398,-1.819058,-0.828590,1.317835,1
0.204000,-0.944932,-0.153398,-1.809677,-0.828590,1.321127,1
0.205000,-0.944932,-0.153398,-1.809677,-0.828590,1.321173,1
0.206000,-0.948000,-0.153398,-1.809677,-0.828590,1.315083,1
0.207000,-0.948000,-0.156466,-1.809677,-0.828590,1.376489,1
0.208000,-0.948000,-0.156466,-1.809677,-0.828590,1.376536,1
0.209000,-0.951068,-0.156466,-1.809677,-0.828590,1.370447,1
0.210000,-0.951068,-0.156466,-1.809677,-0.812003,1.337320,1
0.211000,-0.954136,-0.156466,-1.663397,-0.761816,1.377138,1
0.212000,-0.954136,-0.156466,-1.465212,-0.717377,1.486490,1
0.213000,-0.954136,-0.156466,-1.308113,-0.677538,1.563958,1
0.214000,-0.957204,-0.156466,-1.471827,-0.642198,1.323476,1
0.215000,-0.957204,-0.156466,-1.471827,-0.610161,1.259449,1
0.216000,-0.957204,-0.156466,-1.471827,-0.581419,1.202011,1
0.217000,-0.960272,-0.156466,-1.471827,-0.555129,1.143343,1
0.218000,-0.960272,-0.156466,-1.471827,-0.530919,1.094969,1
0.219000,-0.960272,-0.156466,-1.471827,-0.509009,1.051197,1
0.220000,-0.960272,-0.156466,-1.471827,-0.488676,1.010578,1
0.221000,-0.960272,-0.156466,-1.471827,-0.470069,0.973409,1
0.222000,-0.963340,-0.156466,-1.444065,-0.452659,0.960263,1
0.223000,-0.963340,-0.156466,-1.293123,-0.436681,1.079296,1
0.224000,-0.963340,-0.156466,-1.169053,-0.421572,1.173195,1
0.225000,-0.963340,-0.156466,-1.067157,-0.407540,1.247073,1
0.226000,-0.963340,-0.156466,-0.981642,-0.394418,1.306392,1
0.227000,-0.966408,-0.156466,-0.909090,-0.382164,1.348346,1
0.228000,-0.966408,-0.156466,-0.846846,-0.370709,1.387728,1
0.229000,-0.966408,-0.153398,-0.791824,-0.359766,1.359550,1
0.230000,-0.966408,-0.153398,-0.743695,-0.359663,1.407519,1
0.231000,-0.966408,-0.153398,-0.701172,-0.359663,1.450088,1
0.232000,-0.966408,-0.153398,-0.663376,-0.359663,1.487930,1
0.233000,-0.966408,-0.153398,-0.629338,-0.359663,1.522014,1
0.234000,-0.966408,-0.153398,-0.598715,-0.359663,1.552683,1
0.235000,-0.966408,-0.153398,-0.570845,-0.359663,1.580599,1
0.236000,-0.966408,-0.150330,-0.545540,-0.359663,1.544590,1
0.237000,-0.966408,-0.150330,-0.522309,-0.359663,1.567866,1
0.238000,-0.966408,-0.150330,-0.500863,-0.359663,1.589357,1
0.239000,-0.966408,-0.150330,-0.481381,-0.359663,1.608884,1
0.240000,-0.966408,-0.147262,-0.446294,-0.359663,1.582656,1
0.241000,-0.966408,-0.147262,-0.446294,-0.359663,1.582701,1
0.242000,-0.966408,-0.147262,-0.446294,-0.359663,1.582745,1
0.243000,-0.966408,-0.147262,-0.446294,-0.359663,1.582789,1
0.244000,-0.966408,-0.147262,-0.446294,-0.359663,1.582833,1
0.245000,-0.966408,-0.147262,-0.446294,-0.359663,1.582877,1
0.246000,-0.966408,-0.147262,-0.430627,-0.359663,1.598588,1
0.247000,-0.966408,-0.147262,-0.430627,-0.359663,1.598632,1
0.248000,-0.966408,-0.147262,-0.430627,-0.359663,1.598676,1
0.249000,-0.966408,-0.147262,-0.430627,-0.359663,1.598720,1
0.250000,-0.963340,-0.144194,0.377612,-0.359663,2.351779,1
0.251000,-0.960272,-0.138058,0.940418,0.673182,0.732356,1
0.252000,-0.960272,-0.138058,0.940418,0.673182,0.732397,1
0.253000,-0.957204,-0.134990,0.940418,0.673182,0.677214,1
0.254000,-0.957204,-0.134990,0.940418,0.673182,0.677255,1
0.255000,-0.957204,-0.134990,0.940418,0.673182,0.677295,1
0.256000,-0.957204,-0.134990,0.940418,0.673182,0.677336,1
0.257000,-0.957204,-0.134990,0.940418,0.673182,0.677376,1
0.258000,-0.957204,-0.134990,0.940418,0.673182,0.677417,1
0.259000,-0.957204,-0.131922,0.940418,0.673182,0.616097,1
0.260000,-0.951068,-0.125786,0.940418,1.363088,-1.474125,1
0.261000,-0.938796,-0.113515,0.359066,1.422285,-2.394728,1
0.262000,-0.938796,-0.113515,0.359066,1.422285,-2.394694,1
0.263000,-0.938796,-0.113515,0.359066,1.422285,-2.394660,1
0.264000,-0.938796,-0.113515,0.359066,1.422285,-2.394626,1
0.265000,-0.938796,-0.113515,0.359066,1.422285,-2.394592,1
0.266000,-0.938796,-0.113515,0.359066,1.422285,-2.394558,1
0.267000,-0.938796,-0.113515,0.359066,1.422285,-2.394524,1
0.268000,-0.938796,-0.113515,0.359066,1.422285,-2.394490,1
0.269000,-0.938796,-0.113515,0.359066,1.422285,-2.394456,1
0.270000,-0.938796,-0.110447,0.359066,1.422285,-2.455782,1
0.271000,-0.935728,-0.107379,1.194978,1.422285,-1.675061,1
0.272000,-0.935728,-0.107379,1.194978,1.422285,-1.675029,1
0.273000,-0.935728,-0.107379,1.194978,1.422285,-1.674997,1
0.274000,-0.932660,-0.104311,1.194978,1.390225,-1.666070,1
0.275000,-0.932660,-0.104311,1.194978,1.390225,-1.666039,1
0.276000,-0.932660,-0.104311,1.194978,1.390225,-1.666007,1
0.277000,-0.932660,-0.104311,1.194978,1.390225,-1.665976,1
0.278000,-0.932660,-0.104311,1.194978,1.390225,-1.665945,1
0.279000,-0.932660,-0.104311,1.194978,1.390225,-1.665913,1
0.280000,-0.932660,-0.104311,1.194978,1.390225,-1.665882,1
0.281000,-0.932660,-0.101243,1.194978,1.390225,-1.727211,1
0.282000,-0.932660,-0.101243,1.194978,1.390225,-1.727181,1
0.283000,-0.932660,-0.101243,1.194978,1.390225,-1.727150,1
0.284000,-0.929592,-0.101243,1.186275,1.390225,-1.729688,1
0.285000,-0.929592,-0.101243,1.186275,1.390225,-1.729657,1
0.286000,-0.929592,-0.101243,1.186275,1.390225,-1.729627,1
0.287000,-0.929592,-0.101243,1.186275,1.390225,-1.729597,1
0.288000,-0.929592,-0.101243,1.186275,1.390225,-1.729566,1
0.289000,-0.926524,-0.098175,0.919693,1.190783,-1.652457,1
0.290000,-0.926524,-0.098175,0.919693,1.190783,-1.652428,1
0.291000,-0.926524,-0.098175,0.919693,1.190783,-1.652398,1
0.292000,-0.926524,-0.098175,0.919693,1.190783,-1.652369,1
0.293000,-0.926524,-0.098175,0.634415,0.752605,-1.061261,1
0.294000,-0.926524,-0.098175,0.634415,0.752605,-1.061231,1
0.295000,-0.926524,-0.101243,0.549207,0.730853,-1.041547,1
0.296000,-0.929592,-0.104311,-0.433003,0.730853,-1.968502,1
0.297000,-0.929592,-0.104311,-0.433003,0.730853,-1.968470,1
0.298000,-0.929592,-0.104311,-0.433003,0.730853,-1.968439,1
0.299000,-0.932660,-0.107379,-1.023967,0.730853,-2.504148,1
0.300000,-0.932660,-0.107379,-1.023967,0.730853,-2.504116,1
0.301000,-0.932660,-0.107379,-1.023967,0.730853,-2.504083,1
0.302000,-0.932660,-0.107379,-1.023967,0.730853,-2.504051,1
0.303000,-0.932660,-0.107379,-1.023967,0.730853,-2.504019,1
0.304000,-0.932660,-0.107379,-1.023967,0.730853,-2.503987,1
0.305000,-0.932660,-0.107379,-1.023967,0.730853,-2.503955,1
0.306000,-0.932660,-0.107379,-1.023967,0.730853,-2.503922,1
0.307000,-0.932660,-0.107379,-1.023967,0.730853,-2.503890,1
0.308000,-0.932660,-0.107379,-1.023967,0.730853,-2.503858,1
0.309000,-0.932660,-0.107379,-1.023967,0.730853,-2.503826,1
0.310000,-0.932660,-0.107379,-1.023967,0.730853,-2.503794,1
0.311000,-0.932660,-0.107379,-1.023967,0.730853,-2.503761,1
0.312000,-0.932660,-0.107379,-1.023967,0.730853,-2.503729,1
0.313000,-0.938796,-0.116583,-1.023967,-0.859557,1.448932,1
0.314000,-0.944932,-0.125786,-0.415911,-1.513620,3.536958,1
0.315000,-0.944932,-0.125786,-0.415911,-1.513620,3.536996,1
0.316000,-0.944932,-0.125786,-0.415911,-1.513620,3.537034,1
0.317000,-0.944932,-0.125786,-0.415911,-1.513620,3.537072,1
0.318000,-0.944932,-0.125786,-0.415911,-1.513620,3.537109,1
0.319000,-0.948000,-0.138058,-0.415911,-2.519498,5.788207,1
0.320000,-0.948000,-0.138058,-0.415911,-2.519498,5.788249,1
0.321000,-0.948000,-0.138058,-0.415911,-2.519498,5.788290,1
0.322000,-0.948000,-0.138058,-0.415911,-2.519498,5.788332,1
0.323000,-0.951068,-0.141126,-0.415911,-2.519498,5.843597,1
0.324000,-0.948000,-0.144194,-0.904299,-1.964447,4.312645,1
0.325000,-0.948000,-0.144194,-0.904299,-1.692328,3.768450,1
0.326000,-0.948000,-0.144194,-0.904299,-1.486420,3.356678,1
0.327000,-0.948000,-0.144194,-0.904299,-1.325850,3.035580,1
0.328000,-0.948000,-0.144194,-0.904299,-1.196200,2.776323,1
0.329000,-0.944932,-0.144194,-0.904299,-1.090013,2.570128,1
0.330000,-0.944932,-0.144194,-0.904299,-1.001173,2.392492,1
0.331000,-0.944932,-0.144194,-0.904299,-0.926026,2.242241,1
0.332000,-0.941864,-0.144194,-0.904299,-0.860721,2.117810,1
0.333000,-0.941864,-0.144194,-0.904299,-0.804494,2.005401,1
0.334000,-0.938796,-0.144194,-0.904299,-0.754879,1.912349,1
0.335000,-0.938796,-0.144194,-0.904299,-0.711071,1.824777,1
0.336000,-0.935728,-0.141126,1.193972,-0.696199,3.838123,1
0.337000,-0.935728,-0.141126,1.193972,-0.696199,3.838165,1
0.338000,-0.932660,-0.141126,1.193972,-0.696199,3.844343,1
0.339000,-0.932660,-0.138058,1.193972,-0.696199,3.783025,1
0.340000,-0.929592,-0.138058,1.193972,-0.696199,3.789203,1
0.341000,-0.926524,-0.138058,1.193972,-0.696199,3.795380,1
0.342000,-0.923456,-0.134990,1.555318,-0.696199,4.101543,1
0.343000,-0.914253,-0.128854,1.555318,1.235457,-0.466041,1
0.344000,-0.914253,-0.128854,1.555318,1.235457,-0.466002,1
0.345000,-0.914253,-0.128854,1.555318,1.235457,-0.465963,1
0.346000,-0.914253,-0.128854,1.555318,1.235457,-0.465925,1
0.347000,-0.914253,-0.128854,1.555318,1.235457,-0.465886,1
0.348000,-0.914253,-0.128854,1.555318,1.235457,-0.465848,1
0.349000,-0.914253,-0.128854,1.555318,1.235457,-0.465809,1
0.350000,-0.914253,-0.128854,1.555318,1.235457,-0.465770,1
0.351000,-0.911185,-0.128854,2.245574,1.235457,0.830661,1
0.352000,-0.901981,-0.113515,2.245574,2.795188,-3.177155,1
0.353000,-0.901981,-0.113515,2.245574,2.795188,-3.177121,1
0.354000,-0.901981,-0.113515,2.245574,2.795188,-3.177087,1
0.355000,-0.901981,-0.113515,2.245574,2.795188,-3.177053,1
0.356000,-0.898913,-0.113515,2.601207,2.795188,-2.815250,1
0.357000,-0.898913,-0.113515,2.601207,2.795188,-2.815216,1
0.358000,-0.898913,-0.113515,2.601207,2.795188,-2.815182,1
0.359000,-0.883573,-0.104311,2.857684,2.145094,-1.411885,1
0.360000,-0.883573,-0.104311,2.857684,2.145094,-1.411854,1
0.361000,-0.883573,-0.104311,2.857684,2.145094,-1.411823,1
0.362000,-0.883573,-0.104311,2.857684,2.145094,-1.411791,1
0.363000,-0.883573,-0.104311,2.857684,2.145094,-1.411760,1
0.364000,-0.883573,-0.104311,2.857684,2.145094,-1.411729,1
0.365000,-0.883573,-0.104311,2.857684,2.145094,-1.411697,1
0.366000,-0.868233,-0.092039,2.902327,1.821394,-0.934383,1
0.367000,-0.862097,-0.088971,2.474502,1.821394,-1.411269,1
0.368000,-0.859029,-0.088971,2.474502,1.821394,-1.405107,1
0.369000,-0.859029,-0.088971,2.474502,1.821394,-1.405080,1
0.370000,-0.859029,-0.088971,2.474502,1.821394,-1.405053,1
0.371000,-0.859029,-0.085903,2.474502,1.792328,-1.408254,1
0.372000,-0.852893,-0.085903,2.237477,1.388715,-0.825757,1
0.373000,-0.852893,-0.085903,2.237477,1.388715,-0.825731,1
0.374000,-0.852893,-0.085903,2.237477,1.388715,-0.825705,1
0.375000,-0.852893,-0.085903,2.237477,1.388715,-0.825679,1
0.376000,-0.852893,-0.085903,2.237477,1.388715,-0.825653,1
0.377000,-0.852893,-0.085903,2.237477,1.388715,-0.825628,1
0.378000,-0.852893,-0.085903,2.237477,1.388715,-0.825602,1
0.379000,-0.849825,-0.085903,1.931936,1.131788,-0.611125,1
0.380000,-0.849825,-0.085903,1.931936,1.131788,-0.611099,1
0.381000,-0.849825,-0.085903,1.931936,1.131788,-0.611074,1
0.382000,-0.843689,-0.085903,1.897729,0.728631,0.773329,1
0.383000,-0.837554,-0.085903,1.558129,0.618420,0.666449,1
0.384000,-0.837554,-0.085903,1.558129,0.561912,0.779490,1
0.385000,-0.837554,-0.085903,1.558129,0.561912,0.779516,1
0.386000,-0.837554,-0.085903,1.558129,0.561912,0.779542,1
0.387000,-0.837554,-0.085903,1.558129,0.561912,0.779568,1
0.388000,-0.834486,-0.088971,1.558129,0.556897,0.857120,1
0.389000,-0.834486,-0.088971,1.558129,0.556897,0.857147,1
0.390000,-0.834486,-0.088971,1.558129,0.556897,0.857174,1
0.391000,-0.831418,-0.088971,1.558129,0.556897,0.863336,1
0.392000,-0.831418,-0.088971,1.558129,0.556897,0.863363,1
0.393000,-0.831418,-0.088971,1.558129,0.556897,0.863390,1
0.394000,-0.831418,-0.088971,1.558129,0.556897,0.863416,1
0.395000,-0.831418,-0.088971,1.558129,0.556897,0.863443,1
0.396000,-0.831418,-0.088971,1.558129,0.556897,0.863470,1
0.397000,-0.825282,-0.088971,1.293008,0.556897,0.610647,1
0.398000,-0.825282,-0.088971,1.293008,0.556897,0.610674,1
0.399000,-0.825282,-0.088971,1.293008,0.556897,0.610700,1
0.400000,-0.825282,-0.088971,1.293008,0.556897,0.610727,1
0.401000,-0.825282,-0.088971,1.293008,0.556897,0.610754,1
0.402000,-0.825282,-0.088971,1.293008,0.556897,0.610780,1
0.403000,-0.816078,-0.092039,1.293008,0.556897,0.690575,1
0.404000,-0.816078,-0.092039,1.293008,0.556897,0.690603,1
0.405000,-0.816078,-0.092039,1.293008,0.556897,0.690630,1
0.406000,-0.816078,-0.092039,1.293008,0.556897,0.690658,1
0.407000,-0.816078,-0.092039,1.293008,0.556897,0.690685,1
0.408000,-0.816078,-0.092039,1.293008,0.556897,0.690713,1
0.409000,-0.806874,-0.092039,1.428227,0.556897,0.844368,1
0.410000,-0.806874,-0.092039,1.428227,0.556897,0.844396,1
0.411000,-0.806874,-0.092039,1.428227,0.556897,0.844423,1
0.412000,-0.806874,-0.092039,1.428227,0.556897,0.844451,1
0.413000,-0.806874,-0.092039,1.428227,0.556897,0.844479,1
0.414000,-0.806874,-0.092039,1.428227,0.556897,0.844506,1
0.415000,-0.806874,-0.092039,1.428227,0.556897,0.844534,1
0.416000,-0.806874,-0.092039,1.428227,0.556897,0.844561,1
0.417000,-0.797670,-0.092039,1.612086,-0.494775,3.150199,1
0.418000,-0.797670,-0.092039,1.612086,-0.494775,3.150227,1
0.419000,-0.797670,-0.092039,1.612086,-0.494775,3.150254,1
0.420000,-0.797670,-0.092039,1.612086,-0.494775,3.150282,1
0.421000,-0.797670,-0.092039,1.612086,-0.494775,3.150309,1
0.422000,-0.797670,-0.092039,1.612086,-0.494775,3.150337,1
0.423000,-0.785398,-0.092039,1.648500,-0.374029,2.969831,1
0.424000,-0.785398,-0.092039,1.648500,-0.374029,2.969858,1
0.425000,-0.785398,-0.092039,1.648500,-0.374029,2.969886,1
0.426000,-0.785398,-0.092039,1.648500,-0.374029,2.969913,1
0.427000,-0.785398,-0.092039,1.648500,-0.374029,2.969941,1
0.428000,-0.785398,-0.092039,1.648500,-0.374029,2.969969,1
0.429000,-0.773126,-0.092039,1.621047,-0.316159,2.851348,1
0.430000,-0.773126,-0.092039,1.621047,-0.316159,2.851375,1
0.431000,-0.773126,-0.092039,1.621047,-0.316159,2.851403,1
0.432000,-0.773126,-0.092039,1.621047,-0.316159,2.851431,1
0.433000,-0.773126,-0.092039,1.621047,-0.316159,2.851458,1
0.434000,-0.773126,-0.092039,1.621047,-0.316159,2.851486,1
0.435000,-0.760854,-0.092039,1.816321,-0.273880,2.986773,1
0.436000,-0.760854,-0.092039,1.816321,-0.273880,2.986800,1
0.437000,-0.760854,-0.092039,1.816321,-0.273880,2.986828,1
0.438000,-0.745515,-0.085903,2.254680,0.241529,2.302355,1
0.439000,-0.730175,-0.079767,2.867449,0.226158,2.853852,1
0.440000,-0.727107,-0.079767,3.337802,0.226158,3.330365,1
0.441000,-0.727107,-0.079767,3.337802,0.226158,3.330389,1
0.442000,-0.727107,-0.079767,3.337802,0.226158,3.330413,1
0.443000,-0.727107,-0.079767,3.337802,0.226158,3.330437,1
0.444000,-0.724039,-0.076699,3.337802,0.226158,3.275237,1
0.445000,-0.724039,-0.076699,3.337802,0.226158,3.275260,1
0.446000,-0.724039,-0.076699,3.337802,0.226158,3.275283,1
0.447000,-0.724039,-0.076699,3.337802,0.226158,3.275306,1
0.448000,-0.708699,-0.070563,3.751822,0.226158,3.597308,1
0.449000,-0.687223,-0.058291,4.521359,1.978727,0.659238,1
0.450000,-0.681087,-0.055223,4.521359,2.657067,-1.346512,1
0.451000,-0.678020,-0.052155,4.903535,2.657067,-1.019543,1
0.452000,-0.671884,-0.046019,4.903535,2.657067,-1.129976,1
0.453000,-0.665748,-0.042951,4.803071,3.907298,-3.779977,1
0.454000,-0.662680,-0.039884,4.803071,3.907298,-3.835189,1
0.455000,-0.656544,-0.036816,4.803071,3.907298,-3.884265,1
0.456000,-0.653476,-0.033748,4.732784,3.423109,-3.041387,1
0.457000,-0.635068,-0.024544,4.751158,3.090832,-2.505713,1
0.458000,-0.635068,-0.024544,4.751158,3.090832,-2.505705,1
0.459000,-0.635068,-0.024544,4.751158,3.090832,-2.505698,1
0.460000,-0.635068,-0.024544,4.751158,3.090832,-2.505691,1
0.461000,-0.635068,-0.024544,4.751158,3.090832,-2.505683,1
0.462000,-0.635068,-0.024544,4.751158,3.090832,-2.505676,1
0.463000,-0.635068,-0.024544,4.751158,3.090832,-2.505668,1
0.464000,-0.635068,-0.024544,4.751158,3.090832,-2.505661,1
0.465000,-0.632000,-0.021476,4.608255,2.654672,-1.831462,1
0.466000,-0.632000,-0.021476,4.608255,2.654672,-1.831455,1
0.467000,-0.632000,-0.021476,4.608255,2.654672,-1.831449,1
0.468000,-0.616660,-0.015340,3.820162,2.119190,-1.640612,1
0.469000,-0.616660,-0.015340,3.820162,2.119190,-1.640608,1
0.470000,-0.616660,-0.015340,3.820162,2.119190,-1.640603,1
0.471000,-0.616660,-0.015340,3.820162,2.119190,-1.640599,1
0.472000,-0.616660,-0.015340,3.820162,2.119190,-1.640594,1
0.473000,-0.616660,-0.015340,3.820162,2.119190,-1.640589,1
0.474000,-0.607456,-0.012272,3.799497,2.109053,-1.683929,1
0.475000,-0.607456,-0.012272,3.799497,2.109053,-1.683925,1
0.476000,-0.607456,-0.012272,3.799497,2.109053,-1.683921,1
0.477000,-0.592117,-0.009204,2.929123,1.038965,0.000000,1
0.478000,-0.582913,-0.006136,2.527983,0.980184,-0.771323,1
0.479000,-0.579845,-0.006136,2.521972,0.980184,-0.771196,1
0.480000,-0.576777,-0.006136,2.521972,0.980184,-0.765058,1
0.481000,-0.576777,-0.006136,2.521972,0.980184,-0.765057,1
0.482000,-0.573709,-0.006136,2.521972,0.980184,-0.758919,1
0.483000,-0.570641,-0.006136,2.521972,0.980184,-0.752781,1
0.484000,-0.570641,-0.006136,2.521972,0.980184,-0.752779,1
0.485000,-0.570641,-0.006136,2.521972,0.980184,-0.752777,1
0.486000,-0.570641,-0.006136,2.521972,0.980184,-0.752775,1
0.487000,-0.570641,-0.006136,2.521972,0.980184,-0.752774,1
0.488000,-0.570641,-0.006136,2.142878,0.980184,-1.131866,1
0.489000,-0.570641,-0.006136,2.142878,0.980184,-1.131864,1
0.490000,-0.570641,-0.006136,2.142878,0.980184,-1.131862,1
0.491000,-0.561437,-0.006136,2.233648,0.923149,-0.908614,1
0.492000,-0.555301,-0.006136,2.036995,0.709727,-0.666149,1
0.493000,-0.546097,-0.009204,2.036995,-0.576388,2.585850,1
0.494000,-0.546097,-0.009204,2.036995,-0.576388,2.585853,1
0.495000,-0.546097,-0.009204,2.036995,-0.576388,2.585856,1
0.496000,-0.546097,-0.009204,2.036995,-0.576388,2.585859,1
0.497000,-0.543029,-0.009204,1.884964,-0.550488,2.388166,1
0.498000,-0.543029,-0.009204,1.884964,-0.526781,2.340756,1
0.499000,-0.539961,-0.012272,1.884964,-0.505107,2.364906,1
0.500000,-0.539961,-0.012272,1.884964,-0.485074,2.324844,1
0.501000,-0.536893,-0.012272,1.884964,-0.466689,2.294213,1
0.502000,-0.533825,-0.012272,1.884964,-0.449629,2.266234,1
0.503000,-0.533825,-0.012272,1.884964,-0.449629,2.266238,1
0.504000,-0.533825,-0.012272,1.884964,-0.449629,2.266242,1
0.505000,-0.530757,-0.012272,1.974297,-0.433697,2.329850,1
0.506000,-0.530757,-0.012272,1.974297,-0.433697,2.329853,1
0.507000,-0.530757,-0.012272,1.974297,-0.433697,2.329857,1
0.508000,-0.527689,-0.012272,1.974297,-0.418982,2.306566,1
0.509000,-0.515418,-0.012272,2.419323,-0.357796,2.653767,1
0.510000,-0.512350,-0.009204,2.419323,0.347782,1.187391,1
0.511000,-0.509282,-0.009204,2.419323,0.338117,1.212860,1
0.512000,-0.506214,-0.009204,2.863119,0.329025,1.680980,1
0.513000,-0.503146,-0.006136,2.863119,0.322889,1.638030,1
0.514000,-0.500078,-0.006136,2.863119,0.322889,1.644168,1
0.515000,-0.493942,-0.006136,3.163130,0.322889,1.956453,1
0.516000,-0.490874,-0.003068,3.163130,0.322889,1.901230,1
0.517000,-0.487806,-0.003068,3.163130,0.322889,1.907367,1
0.518000,-0.484738,0.000000,3.163130,0.322889,1.852144,1
0.519000,-0.481670,0.000000,3.461612,0.322889,2.156761,1
0.520000,-0.478602,0.000000,3.461612,0.322889,2.162897,1
0.521000,-0.478602,0.000000,3.461612,0.322889,2.162897,1
0.522000,-0.478602,0.000000,3.461612,0.322889,2.162897,1
0.523000,-0.478602,0.000000,3.461612,0.322889,2.162897,1
0.524000,-0.472466,0.003068,3.461612,0.322889,2.113809,1
0.525000,-0.472466,0.003068,3.461612,0.322889,2.113808,1
0.526000,-0.472466,0.003068,3.461612,0.322889,2.113807,1
0.527000,-0.472466,0.003068,3.461612,0.322889,2.113806,1
0.528000,-0.463262,0.006136,3.649394,1.260249,0.000000,1
0.529000,-0.463262,0.006136,3.649394,1.260249,0.000000,1
0.530000,-0.463262,0.006136,3.649394,1.260249,0.000000,1
0.531000,-0.444854,0.015340,4.024033,1.260249,0.611283,1
0.532000,-0.429515,0.024544,4.187351,1.944466,-1.347237,1
0.533000,-0.423379,0.027612,4.187351,1.944466,-1.396333,1
0.534000,-0.423379,0.027612,4.187351,1.944466,-1.396341,1
0.535000,-0.423379,0.027612,4.187351,1.944466,-1.396350,1
0.536000,-0.423379,0.027612,4.187351,1.944466,-1.396358,1
0.537000,-0.420311,0.030680,4.263360,2.657970,-2.802589,1
0.538000,-0.420311,0.030680,4.263360,2.657970,-2.802599,1
0.539000,-0.420311,0.030680,4.263360,2.657970,-2.802608,1
0.540000,-0.420311,0.030680,4.263360,2.657970,-2.802617,1
0.541000,-0.408039,0.042951,4.181940,3.449853,-4.688710,1
0.542000,-0.408039,0.042951,4.181940,3.449853,-4.688723,1
0.543000,-0.408039,0.042951,4.181940,3.449853,-4.688736,1
0.544000,-0.392699,0.049087,4.160457,3.016060,-3.934687,1
0.545000,-0.392699,0.049087,4.160457,3.016060,-3.934701,1
0.546000,-0.392699,0.049087,4.160457,3.016060,-3.934716,1
0.547000,-0.392699,0.049087,4.160457,3.016060,-3.934731,1
0.548000,-0.392699,0.049087,4.160457,3.016060,-3.934746,1
0.549000,-0.392699,0.049087,4.160457,3.016060,-3.934760,1
0.550000,-0.380427,0.058291,3.947924,2.165758,-2.606241,1
0.551000,-0.380427,0.058291,3.947924,2.165758,-2.606258,1
0.552000,-0.380427,0.058291,3.947924,2.165758,-2.606276,1
0.553000,-0.380427,0.058291,3.947924,2.165758,-2.606293,1
0.554000,-0.380427,0.058291,3.947924,2.165758,-2.606311,1
0.555000,-0.362019,0.064427,3.460365,1.657738,-2.163753,1
0.556000,-0.362019,0.064427,3.460365,1.657738,-2.163772,1
0.557000,-0.362019,0.064427,3.460365,1.657738,-2.163792,1
0.558000,-0.362019,0.064427,3.460365,1.657738,-2.163811,1
0.559000,-0.352816,0.067495,3.034623,1.526816,-2.370679,1
0.560000,-0.352816,0.067495,3.034623,1.526816,-2.370700,1
0.561000,-0.352816,0.067495,3.034623,1.526816,-2.370720,1
0.562000,-0.346680,0.064427,2.271623,-1.466141,3.525807,1
0.563000,-0.340544,0.061359,2.174494,-0.992047,2.554102,1
0.564000,-0.337476,0.058291,1.848166,-0.919721,2.150598,1
0.565000,-0.337476,0.058291,1.605635,-0.919721,1.908050,1
0.566000,-0.334408,0.055223,1.529737,-0.919721,1.899630,1
0.567000,-0.322136,0.055223,1.692403,-0.919721,2.086823,1
0.568000,-0.322136,0.055223,1.692403,-0.919721,2.086807,1
0.569000,-0.322136,0.055223,1.692403,-0.919721,2.086790,1
0.570000,-0.322136,0.055223,1.692403,-0.919721,2.086774,1
0.571000,-0.322136,0.055223,1.692403,-0.919721,2.086757,1
0.572000,-0.322136,0.055223,1.692403,-0.919721,2.086741,1
0.573000,-0.319068,0.055223,1.692403,-0.919721,2.092860,1
0.574000,-0.319068,0.055223,1.692403,-0.919721,2.092843,1
0.575000,-0.303728,0.055223,2.120258,-0.765793,2.243507,1
0.576000,-0.303728,0.055223,2.120258,-0.765793,2.243490,1
0.577000,-0.297592,0.058291,2.549523,0.645001,-0.797937,1
0.578000,-0.297592,0.058291,2.549523,0.645001,-0.797955,1
0.579000,-0.297592,0.058291,2.549523,0.645001,-0.797972,1
0.580000,-0.297592,0.058291,2.549523,0.645001,-0.797990,1
0.581000,-0.297592,0.058291,2.549523,0.645001,-0.798007,1
0.582000,-0.297592,0.058291,2.549523,0.645001,-0.798025,1
0.583000,-0.297592,0.058291,2.549523,0.645001,-0.798042,1
0.584000,-0.297592,0.058291,2.549523,0.645001,-0.798060,1
0.585000,-0.297592,0.058291,2.549523,0.645001,-0.798077,1
0.586000,-0.294524,0.058291,2.549523,0.612744,-0.727446,1
0.587000,-0.285320,0.064427,2.857157,0.532958,0.000000,1
0.588000,-0.282252,0.067495,2.857157,0.512485,0.000000,1
0.589000,-0.279185,0.070563,2.857157,0.512485,0.000000,1
0.590000,-0.276117,0.070563,2.857157,0.512485,0.000000,1
0.591000,-0.273049,0.073631,2.891519,0.512485,0.000000,1
0.592000,-0.269981,0.073631,2.891519,0.512485,0.000000,1
0.593000,-0.266913,0.076699,2.891519,0.512485,-0.498014,1
0.594000,-0.266913,0.076699,2.891519,0.512485,-0.498037,1
0.595000,-0.266913,0.076699,2.891519,0.512485,-0.498060,1
0.596000,-0.266913,0.076699,2.891519,0.512485,-0.498083,1
0.597000,-0.266913,0.076699,2.891519,0.512485,-0.498106,1
0.598000,-0.263845,0.076699,2.891519,0.512485,-0.491993,1
0.599000,-0.236233,0.092039,2.727439,1.794910,-3.472521,1
0.600000,-0.236233,0.092039,2.727439,1.794910,-3.472549,1
0.601000,-0.236233,0.092039,2.727439,1.794910,-3.472577,1
0.602000,-0.236233,0.092039,2.727439,1.794910,-3.472604,1
0.603000,-0.230097,0.098175,2.727439,1.794910,-3.583080,1
0.604000,-0.227029,0.101243,2.727439,1.794910,-3.638334,1
0.605000,-0.227029,0.101243,2.727439,1.794910,-3.638364,1
0.606000,-0.227029,0.101243,2.727439,1.794910,-3.638395,1
0.607000,-0.227029,0.101243,2.727439,1.794910,-3.638425,1
0.608000,-0.227029,0.101243,2.727439,1.794910,-3.638456,1
0.609000,-0.227029,0.101243,2.727439,1.794910,-3.638486,1
0.610000,-0.223961,0.101243,2.506426,1.685912,-3.635398,1
0.611000,-0.220893,0.101243,2.506426,1.322108,-2.901685,1
0.612000,-0.220893,0.104311,2.506426,1.270966,-2.860791,1
0.613000,-0.217825,0.104311,2.506426,1.270966,-2.854686,1
0.614000,-0.214757,0.104311,2.398947,1.270966,-2.956061,1
0.615000,-0.214757,0.104311,2.398947,1.270966,-2.956092,1
0.616000,-0.214757,0.104311,2.398947,1.270966,-2.956123,1
0.617000,-0.214757,0.104311,2.398947,1.270966,-2.956155,1
0.618000,-0.214757,0.104311,2.398947,1.270966,-2.956186,1
0.619000,-0.214757,0.104311,2.398947,1.270966,-2.956217,1
0.620000,-0.214757,0.104311,2.398947,1.270966,-2.956249,1
0.621000,-0.214757,0.104311,2.008919,1.270966,-3.346307,1
0.622000,-0.214757,0.104311,2.008919,1.270966,-3.346339,1
0.623000,-0.214757,0.104311,2.008919,1.270966,-3.346370,1
0.624000,-0.214757,0.104311,2.008919,1.270966,-3.346401,1
0.625000,-0.205553,0.104311,2.033245,1.155580,-3.072928,1
0.626000,-0.205553,0.104311,2.033245,1.155580,-3.072960,1
0.627000,-0.205553,0.104311,2.033245,1.155580,-3.072991,1
0.628000,-0.202485,0.101243,1.358116,-0.901018,1.032543,1
0.629000,-0.202485,0.101243,1.358116,-0.901018,1.032513,1
0.630000,-0.202485,0.101243,1.358116,-0.901018,1.032482,1
0.631000,-0.202485,0.098175,1.019705,-0.738434,0.000000,1
0.632000,-0.202485,0.092039,0.765109,-0.708341,0.000000,1
0.633000,-0.202485,0.088971,0.720255,-0.708341,0.000000,1
0.634000,-0.202485,0.088971,0.680177,-0.708341,0.000000,1
0.635000,-0.202485,0.088971,0.680177,-0.708341,0.000000,1
0.636000,-0.202485,0.088971,0.680177,-0.708341,0.000000,1
0.637000,-0.202485,0.088971,0.680177,-0.708341,0.000000,1
0.638000,-0.202485,0.088971,0.680177,-0.708341,0.000000,1
0.639000,-0.202485,0.088971,0.680177,-0.708341,0.000000,1
0.640000,-0.202485,0.088971,0.680177,-0.708341,0.000000,1
0.641000,-0.202485,0.085903,0.644668,-0.708341,0.000000,1
0.642000,-0.202485,0.073631,0.471385,-1.787932,2.471494,1
0.643000,-0.202485,0.073631,0.453835,-1.649950,2.177957,1
0.644000,-0.202485,0.070563,0.437647,-1.582491,2.088190,1
0.645000,-0.202485,0.067495,0.422533,-1.582491,2.134414,1
0.646000,-0.202485,0.067495,0.408543,-1.582491,2.120404,1
0.647000,-0.202485,0.064427,0.395375,-1.582491,2.168576,1
0.648000,-0.202485,0.064427,0.383097,-1.582491,2.156279,1
0.649000,-0.202485,0.064427,0.371402,-1.582491,2.144564,1
0.650000,-0.202485,0.064427,0.371402,-1.582491,2.144544,1
0.651000,-0.202485,0.061359,0.350270,-1.582491,2.184753,1
0.652000,-0.202485,0.061359,0.340520,-1.413079,1.836161,1
0.653000,-0.202485,0.061359,0.331320,-1.267067,1.534919,1
0.654000,-0.202485,0.061359,0.331320,-1.267067,1.534900,1
0.655000,-0.202485,0.061359,0.331320,-1.267067,1.534882,1
0.656000,-0.199418,0.061359,1.395552,-1.148616,2.368329,1
0.657000,-0.199418,0.061359,1.395552,-1.148616,2.368311,1
0.658000,-0.199418,0.061359,1.395552,-1.148616,2.368293,1
0.659000,-0.199418,0.058291,1.395552,-1.075283,2.282968,1
0.660000,-0.196350,0.058291,1.395552,-1.075283,2.289087,1
0.661000,-0.196350,0.058291,1.395552,-1.075283,2.289069,1
0.662000,-0.193282,0.061359,1.395552,-1.075283,2.233827,1
0.663000,-0.193282,0.061359,1.346495,-1.075283,2.184752,1
0.664000,-0.193282,0.061359,1.213457,-1.075283,2.051696,1
0.665000,-0.190214,0.061359,1.104799,-1.075283,1.949155,1
0.666000,-0.190214,0.061359,1.013250,-1.075283,1.857587,1
0.667000,-0.190214,0.061359,1.013250,-1.075283,1.857569,1
0.668000,-0.190214,0.061359,1.013250,-1.075283,1.857550,1
0.669000,-0.190214,0.061359,1.013250,-1.075283,1.857532,1
0.670000,-0.187146,0.064427,0.300846,0.999999,-3.660678,1
0.671000,-0.187146,0.064427,0.300846,0.999999,-3.660697,1
0.672000,-0.187146,0.064427,0.300846,0.999999,-3.660717,1
0.673000,-0.184078,0.067495,0.300846,0.825451,-3.366865,1
0.674000,-0.174874,0.070563,1.461480,0.825451,-2.249204,1
0.675000,-0.174874,0.076699,1.461480,0.825451,-2.371945,1
0.676000,-0.174874,0.076699,1.461480,0.825451,-2.371968,1
0.677000,-0.171806,0.079767,1.461480,1.980528,-4.737369,1
0.678000,-0.165670,0.082835,1.461480,1.980528,-4.786481,1
0.679000,-0.165670,0.082835,1.461480,1.980528,-4.786506,1
0.680000,-0.162602,0.085903,1.746602,1.919229,-4.434036,1
0.681000,-0.162602,0.085903,1.746602,1.919229,-4.434061,1
0.682000,-0.162602,0.085903,1.746602,1.919229,-4.434087,1
0.683000,-0.162602,0.085903,1.746602,1.919229,-4.434113,1
0.684000,-0.162602,0.085903,1.746602,1.919229,-4.434139,1
0.685000,-0.162602,0.082835,1.746602,3.625569,-6.000000,1
0.686000,-0.162602,0.082835,1.746602,3.625569,-6.000000,1
0.687000,-0.162602,0.082835,1.746602,3.625569,-6.000000,1
0.688000,-0.162602,0.079767,1.614224,-2.767565,5.529693,1
0.689000,-0.162602,0.079767,1.614224,-2.767565,5.529669,1
0.690000,-0.162602,0.079767,1.614224,-2.767565,5.529645,1
0.691000,-0.162602,0.070563,-0.952562,-1.780661,1.173106,1
0.692000,-0.162602,0.070563,-0.952562,-1.780661,1.173085,1
0.693000,-0.162602,0.070563,-0.952562,-1.780661,1.173064,1
0.694000,-0.159534,0.067495,-0.952562,-1.164708,-0.591368,1
0.695000,-0.159534,0.070563,0.821966,0.906924,-3.021484,1
0.696000,-0.159534,0.070563,0.724847,0.790118,-2.885011,1
0.697000,-0.159534,0.070563,0.724847,0.790118,-2.885033,1
0.698000,-0.159534,0.070563,0.724847,0.790118,-2.885054,1
0.699000,-0.156466,0.070563,0.615839,0.662325,-2.732361,1
0.700000,-0.156466,0.070563,0.615839,0.662325,-2.732382,1
0.701000,-0.156466,0.070563,0.615839,0.662325,-2.732403,1
0.702000,-0.156466,0.070563,0.615839,0.662325,-2.732424,1
0.703000,-0.156466,0.070563,0.615839,0.662325,-2.732445,1
0.704000,-0.156466,0.070563,0.615839,0.662325,-2.732467,1
0.705000,-0.156466,0.070563,0.615839,0.662325,-2.732488,1
0.706000,-0.156466,0.070563,0.615839,0.662325,-2.732509,1
0.707000,-0.156466,0.070563,0.615839,0.662325,-2.732530,1
0.708000,-0.156466,0.070563,0.615839,0.662325,-2.732551,1
0.709000,-0.156466,0.070563,0.615839,0.662325,-2.732572,1
0.710000,-0.156466,0.070563,0.615839,0.662325,-2.732594,1
0.711000,-0.156466,0.070563,0.615839,0.662325,-2.732615,1
0.712000,-0.156466,0.070563,0.615839,0.662325,-2.732636,1
0.713000,-0.156466,0.070563,0.615839,0.662325,-2.732657,1
0.714000,-0.156466,0.070563,0.615839,0.662325,-2.732678,1
0.715000,-0.156466,0.070563,0.615839,0.662325,-2.732699,1
0.716000,-0.156466,0.070563,0.615839,0.662325,-2.732721,1
0.717000,-0.156466,0.070563,0.615839,0.662325,-2.732742,1
0.718000,-0.156466,0.070563,0.586303,0.628285,-2.694219,1
0.719000,-0.159534,0.061359,0.664394,-0.462463,0.000000,1
0.720000,-0.162602,0.061359,0.664394,-0.445733,0.000000,1
0.721000,-0.162602,0.058291,0.664394,-0.437497,0.000000,1
0.722000,-0.162602,0.058291,0.664394,-0.437497,0.000000,1
0.723000,-0.162602,0.058291,0.664394,-0.437497,0.000000,1
0.724000,-0.162602,0.058291,0.664394,-0.437497,0.000000,1
0.725000,-0.162602,0.058291,0.664394,-0.437497,0.000000,1
0.726000,-0.162602,0.058291,0.664394,-0.437497,0.000000,1
0.727000,-0.162602,0.058291,0.664394,-0.437497,0.000000,1
0.728000,-0.162602,0.058291,0.664394,-0.437497,0.000000,1
0.729000,-0.162602,0.055223,0.664394,-0.437497,0.000000,1
0.730000,-0.162602,0.055223,0.664394,-0.437497,0.000000,1
0.731000,-0.162602,0.055223,0.664394,-0.437497,0.000000,1
0.732000,-0.171806,0.046019,-0.854703,-1.531121,1.243540,1
0.733000,-0.171806,0.046019,-0.854703,-1.531121,1.243526,1
0.734000,-0.171806,0.046019,-0.854703,-1.531121,1.243512,1
0.735000,-0.171806,0.046019,-0.854703,-1.531121,1.243499,1
0.736000,-0.171806,0.046019,-0.854703,-1.531121,1.243485,1
0.737000,-0.171806,0.046019,-0.854703,-1.531121,1.243471,1
0.738000,-0.174874,0.042951,-0.854703,-1.531121,1.298681,1
0.739000,-0.174874,0.042951,-0.854703,-1.531121,1.298669,1
0.740000,-0.174874,0.042951,-0.854703,-1.531121,1.298656,1
0.741000,-0.181010,0.036816,-0.854703,-1.295256,0.937362,1
0.742000,-0.184078,0.030680,-1.023065,-1.141066,0.577193,1
0.743000,-0.184078,0.030680,-1.023065,-1.141066,0.577184,1
0.744000,-0.184078,0.027612,-1.023065,-1.141066,0.638535,1
0.745000,-0.187146,0.024544,-1.023065,-1.141066,0.693751,1
0.746000,-0.187146,0.024544,-1.023065,-1.141066,0.693743,1
0.747000,-0.187146,0.024544,-1.023065,-1.141066,0.693736,1
0.748000,-0.187146,0.024544,-1.023065,-1.141066,0.693729,1
0.749000,-0.187146,0.024544,-1.023065,-1.141066,0.693721,1
0.750000,-0.190214,0.021476,-1.023065,-0.916478,0.000000,1
0.751000,-0.190214,0.021476,-1.023065,-0.916478,0.000000,1
0.752000,-0.190214,0.021476,-1.023065,-0.916478,0.000000,1
0.753000,-0.190214,0.021476,-1.023065,-0.916478,0.000000,1
0.754000,-0.190214,0.021476,-0.957827,-0.916478,0.000000,1
0.755000,-0.190214,0.021476,-0.886355,-0.916478,0.000000,1
0.756000,-0.193282,0.018408,-0.561809,-0.916478,0.816204,1
0.757000,-0.193282,0.018408,-0.561809,-0.916478,0.816199,1
0.758000,-0.193282,0.018408,-0.561809,-0.916478,0.816193,1
0.759000,-0.193282,0.018408,-0.561809,-0.916478,0.816188,1
0.760000,-0.193282,0.018408,-0.561809,-0.916478,0.816182,1
0.761000,-0.193282,0.018408,-0.561809,-0.916478,0.816177,1
0.762000,-0.193282,0.018408,-0.537236,-0.916478,0.840744,1
0.763000,-0.193282,0.018408,-0.537236,-0.916478,0.840738,1
0.764000,-0.193282,0.018408,-0.537236,-0.916478,0.840733,1
0.765000,-0.196350,0.012272,-0.811247,-0.708586,0.000000,1
0.766000,-0.196350,0.012272,-0.811247,-0.708586,0.000000,1
0.767000,-0.196350,0.012272,-0.811247,-0.669936,0.000000,1
0.768000,-0.196350,0.012272,-0.811247,-0.526132,-0.697403,1
0.769000,-0.196350,0.012272,-0.811247,-0.466278,-0.817114,1
0.770000,-0.196350,0.012272,-0.811247,-0.466278,-0.817117,1
0.771000,-0.196350,0.012272,-0.811247,-0.466278,-0.817121,1
0.772000,-0.196350,0.012272,-0.811247,-0.466278,-0.817125,1
0.773000,-0.196350,0.012272,-0.811247,-0.466278,-0.817129,1
0.774000,-0.196350,0.012272,-0.811247,-0.466278,-0.817132,1
0.775000,-0.196350,0.012272,-0.811247,-0.466278,-0.817136,1
0.776000,-0.196350,0.012272,-0.811247,-0.466278,-0.817140,1
0.777000,-0.196350,0.012272,-0.811247,-0.466278,-0.817143,1
0.778000,-0.196350,0.012272,-0.811247,-0.466278,-0.817147,1
0.779000,-0.196350,0.012272,-0.811247,-0.466278,-0.817151,1
0.780000,-0.196350,0.012272,-0.811247,-0.449148,-0.851415,1
0.781000,-0.196350,0.012272,-0.811247,-0.433262,-0.883189,1
0.782000,-0.196350,0.012272,-0.779656,-0.418538,-0.881052,1
0.783000,-0.196350,0.009204,-0.733117,-0.414721,-0.780790,1
0.784000,-0.196350,0.009204,-0.691777,-0.414721,-0.739452,1
0.785000,-0.196350,0.009204,-0.654927,-0.414721,-0.702605,1
0.786000,-0.196350,0.009204,-0.621571,-0.414721,-0.669252,1
0.787000,-0.196350,0.009204,-0.591583,-0.414721,-0.639267,1
0.788000,-0.199418,0.009204,-0.564596,-0.414721,-0.618418,1
0.789000,-0.199418,0.006136,-0.539765,-0.414721,-0.532230,1
0.790000,-0.199418,0.006136,-0.476810,-0.414721,-0.469277,1
0.791000,-0.199418,0.003068,-0.442333,-0.414721,0.000000,1
0.792000,-0.199418,0.003068,-0.442333,-0.414721,0.000000,1
0.793000,-0.199418,0.003068,-0.442333,-0.414721,0.000000,1
0.794000,-0.199418,0.003068,-0.442333,-0.414721,0.000000,1
0.795000,-0.202485,0.003068,-0.427078,-0.414721,0.000000,1
0.796000,-0.202485,0.003068,-0.412692,-0.414721,0.000000,1
0.797000,-0.202485,0.003068,-0.399186,-0.414721,0.000000,1
0.798000,-0.202485,0.003068,-0.386600,-0.414721,0.000000,1
0.799000,-0.202485,0.000000,-0.374789,-0.414721,0.000000,1
0.800000,-0.202485,0.000000,-0.363675,-0.414721,0.000000,1
0.801000,-0.205553,0.000000,-0.353232,-0.414721,0.000000,1
0.802000,-0.205553,0.000000,-0.343428,-0.414721,0.000000,1
0.803000,-0.205553,-0.003068,-0.334006,-0.593639,0.803163,1
0.804000,-0.205553,-0.003068,-0.325152,-0.593639,0.812018,1
0.805000,-0.205553,-0.003068,-0.316755,-0.593639,0.820416,1
0.806000,-0.205553,-0.003068,-0.316755,-0.593639,0.820417,1
0.807000,-0.205553,-0.003068,-0.316755,-0.593639,0.820418,1
0.808000,-0.205553,-0.003068,-0.316755,-0.593639,0.820418,1
0.809000,-0.208621,-0.003068,-0.274027,-0.593639,0.857012,1
0.810000,-0.208621,-0.003068,-0.274027,-0.593639,0.857012,1
0.811000,-0.208621,-0.003068,-0.274027,-0.593639,0.857013,1
0.812000,-0.208621,-0.006136,-0.274027,-0.593639,0.918374,1
0.813000,-0.208621,-0.006136,-0.274027,-0.593639,0.918376,1
0.814000,-0.208621,-0.006136,-0.274027,-0.593639,0.918378,1
0.815000,-0.208621,-0.006136,-0.274027,-0.593639,0.918380,1
0.816000,-0.211689,-0.009204,-0.274027,-0.593639,0.973606,1
0.817000,-0.211689,-0.009204,-0.274027,-0.593639,0.973609,1
0.818000,-0.211689,-0.009204,-0.274027,-0.593639,0.973612,1
0.819000,-0.211689,-0.009204,-0.274027,-0.593639,0.973614,1
0.820000,-0.211689,-0.009204,-0.274027,-0.593639,0.973617,1
0.821000,-0.211689,-0.009204,-0.274027,-0.593639,0.973620,1
0.822000,-0.211689,-0.009204,-0.274027,-0.593639,0.973623,1
0.823000,-0.211689,-0.009204,-0.274027,-0.593639,0.973625,1
0.824000,-0.211689,-0.009204,-0.274027,-0.593639,0.973628,1
0.825000,-0.211689,-0.009204,-0.274027,-0.556238,0.898829,1
0.826000,-0.211689,-0.009204,-0.274027,-0.532119,0.850594,1
0.827000,-0.205553,-0.006136,-0.274027,-0.439471,0.616212,1
0.828000,-0.205553,-0.006136,-0.274027,-0.439471,0.616214,1
0.829000,-0.205553,-0.006136,-0.274027,-0.439471,0.616215,1
0.830000,-0.205553,-0.006136,-0.274027,-0.439471,0.616217,1
0.831000,-0.205553,-0.006136,-0.274027,-0.439471,0.616219,1
0.832000,-0.205553,-0.006136,-0.274027,-0.439471,0.616221,1
0.833000,-0.205553,-0.006136,-0.274027,-0.439471,0.616223,1
0.834000,-0.205553,-0.003068,-0.274027,-0.439471,0.554865,1
0.835000,-0.205553,-0.003068,-0.274027,-0.439471,0.554865,1
0.836000,-0.202485,0.000000,-0.274027,-0.439471,0.499642,1
0.837000,-0.199418,0.000000,0.298916,-0.439471,1.078721,1
0.838000,-0.196350,0.003068,0.298916,-0.439471,1.023497,1
0.839000,-0.196350,0.003068,0.298916,-0.439471,1.023496,1
0.840000,-0.193282,0.009204,0.298916,0.583012,-1.738056,1
0.841000,-0.193282,0.009204,0.298916,0.583012,-1.738059,1
0.842000,-0.190214,0.009204,0.298916,0.583012,-1.731926,1
0.843000,-0.190214,0.009204,0.298916,0.583012,-1.731929,1
0.844000,-0.190214,0.009204,0.298916,0.583012,-1.731931,1
0.845000,-0.190214,0.009204,0.298916,0.583012,-1.731934,1
0.846000,-0.190214,0.009204,0.298916,0.583012,-1.731937,1
0.847000,-0.190214,0.009204,0.298916,0.583012,-1.731940,1
0.848000,-0.190214,0.009204,0.298916,0.583012,-1.731942,1
0.849000,-0.190214,0.009204,0.298916,0.583012,-1.731945,1
0.850000,-0.190214,0.009204,0.298916,0.583012,-1.731948,1
0.851000,-0.190214,0.009204,0.298916,0.583012,-1.731951,1
0.852000,-0.190214,0.009204,0.298916,0.583012,-1.731953,1
0.853000,-0.190214,0.009204,0.298916,0.583012,-1.731956,1
0.854000,-0.190214,0.009204,0.298916,0.583012,-1.731959,1
0.855000,-0.190214,0.009204,0.298916,0.583012,-1.731962,1
0.856000,-0.190214,0.009204,0.298916,0.583012,-1.731964,1
0.857000,-0.190214,0.009204,0.298916,0.583012,-1.731967,1
0.858000,-0.190214,0.009204,0.298916,0.583012,-1.731970,1
0.859000,-0.190214,0.009204,0.298916,0.583012,-1.731973,1
0.860000,-0.190214,0.009204,0.298916,0.583012,-1.731975,1
0.861000,-0.190214,0.009204,0.298916,0.583012,-1.731978,1
0.862000,-0.190214,0.009204,0.298916,0.583012,-1.731981,1
0.863000,-0.190214,0.009204,0.298916,0.583012,-1.731984,1
0.864000,-0.190214,0.009204,0.298916,0.583012,-1.731986,1
0.865000,-0.190214,0.009204,0.298916,0.583012,-1.731989,1
0.866000,-0.190214,0.009204,0.298916,0.583012,-1.731992,1
0.867000,-0.190214,0.009204,0.298916,0.583012,-1.731995,1
0.868000,-0.187146,0.012272,0.708039,0.583012,-1.378099,1
0.869000,-0.187146,0.012272,0.708039,0.583012,-1.378102,1
0.870000,-0.181010,0.018408,0.708039,0.923369,-2.169268,1
0.871000,-0.181010,0.021476,0.708039,0.923369,-2.230634,1
0.872000,-0.181010,0.021476,0.708039,0.923369,-2.230640,1
0.873000,-0.181010,0.021476,0.708039,0.923369,-2.230646,1
0.874000,-0.181010,0.021476,0.708039,0.923369,-2.230653,1
0.875000,-0.181010,0.021476,0.708039,0.923369,-2.230659,1
0.876000,-0.181010,0.021476,0.708039,0.923369,-2.230666,1
0.877000,-0.181010,0.021476,0.690214,0.923369,-2.248498,1
0.878000,-0.181010,0.021476,0.653660,0.923369,-2.285058,1
0.879000,-0.181010,0.018408,0.620627,-0.889690,1.969382,1
0.880000,-0.181010,0.018408,0.590664,-0.829378,1.818789,1
0.881000,-0.181010,0.018408,0.563658,-0.777098,1.687217,1
0.882000,-0.181010,0.018408,0.563658,-0.777098,1.687211,1
0.883000,-0.181010,0.018408,0.563658,-0.777098,1.687206,1
0.884000,-0.181010,0.018408,0.563658,-0.777098,1.687200,1
0.885000,-0.181010,0.018408,0.563658,-0.777098,1.687195,1
0.886000,-0.184078,0.015340,0.855631,-0.730764,1.941719,1
0.887000,-0.184078,0.015340,0.855631,-0.730764,1.941714,1
0.888000,-0.184078,0.015340,0.855631,-0.590164,1.660510,1
0.889000,-0.184078,0.012272,0.855631,-0.515787,1.573111,1
0.890000,-0.181010,0.015340,0.855631,0.441500,-0.996691,1
0.891000,-0.181010,0.015340,0.855631,0.441500,-0.996696,1
0.892000,-0.181010,0.015340,0.855631,0.441500,-0.996700,1
0.893000,-0.181010,0.015340,0.855631,0.441500,-0.996705,1
0.894000,-0.181010,0.015340,0.855631,0.426093,-0.965896,1
0.895000,-0.181010,0.018408,0.855631,0.415083,-1.005240,1
0.896000,-0.181010,0.018408,0.855631,0.415083,-1.005246,1
0.897000,-0.181010,0.018408,0.815727,0.415083,-1.045155,1
0.898000,-0.181010,0.021476,0.764342,0.415083,-1.157905,1
0.899000,-0.181010,0.021476,0.719840,0.415083,-1.202414,1
0.900000,-0.181010,0.021476,0.679715,0.415083,-1.242546,1
0.901000,-0.181010,0.021476,0.644168,0.415083,-1.278099,1
0.902000,-0.181010,0.021476,0.612148,0.415083,-1.310125,1
0.903000,-0.181010,0.021476,0.612148,0.415083,-1.310132,1
0.904000,-0.181010,0.021476,0.556479,0.415083,-1.365808,1
0.905000,-0.181010,0.021476,0.532425,0.415083,-1.389868,1
0.906000,-0.181010,0.021476,0.532425,0.415083,-1.389875,1
0.907000,-0.181010,0.021476,0.532425,0.415083,-1.389881,1
0.908000,-0.181010,0.021476,0.532425,0.415083,-1.389887,1
0.909000,-0.181010,0.021476,0.510166,0.415083,-1.412153,1
0.910000,-0.181010,0.021476,0.510166,0.415083,-1.412159,1
0.911000,-0.184078,0.018408,0.492825,0.415083,-1.374282,1
0.912000,-0.184078,0.018408,0.492825,0.415083,-1.374287,1
0.913000,-0.184078,0.018408,0.492825,0.415083,-1.374293,1
0.914000,-0.184078,0.018408,0.492825,0.415083,-1.374298,1
0.915000,-0.184078,0.018408,0.492825,0.415083,-1.374304,1
0.916000,-0.184078,0.018408,0.492825,0.415083,-1.374309,1
0.917000,-0.184078,0.018408,0.492825,0.415083,-1.374315,1
0.918000,-0.184078,0.018408,0.492825,0.415083,-1.374320,1
0.919000,-0.184078,0.018408,0.492825,0.415083,-1.374326,1
0.920000,-0.190214,0.012272,0.492825,0.415083,-1.263883,1
0.921000,-0.190214,0.012272,0.492825,0.415083,-1.263887,1
0.922000,-0.190214,0.012272,0.492825,0.415083,-1.263890,1
0.923000,-0.190214,0.012272,0.492825,0.415083,-1.263894,1
0.924000,-0.190214,0.012272,0.492825,0.415083,-1.263898,1
0.925000,-0.190214,0.012272,0.492825,0.415083,-1.263901,1
0.926000,-0.190214,0.012272,0.492825,0.415083,-1.263905,1
0.927000,-0.190214,0.012272,0.492825,0.415083,-1.263909,1
0.928000,-0.190214,0.012272,0.492825,0.415083,-1.263912,1
0.929000,-0.196350,0.006136,-0.408435,-0.406680,0.000000,1
0.930000,-0.196350,0.006136,-0.408435,-0.406680,0.000000,1
0.931000,-0.199418,0.003068,-0.408435,-0.406680,0.000000,1
0.932000,-0.199418,0.003068,-0.408435,-0.406680,0.000000,1
0.933000,-0.199418,0.003068,-0.408435,-0.406680,0.000000,1
0.934000,-0.199418,0.003068,-0.408435,-0.406680,0.000000,1
0.935000,-0.199418,0.003068,-0.408435,-0.406680,0.000000,1
0.936000,-0.199418,0.003068,-0.408435,-0.406680,0.000000,1
0.937000,-0.199418,0.003068,-0.408435,-0.406680,0.000000,1
0.938000,-0.199418,0.000000,-0.408435,-0.406680,0.000000,1
0.939000,-0.208621,-0.006136,-1.169581,-1.196592,1.228362,1
0.940000,-0.208621,-0.006136,-1.169581,-1.196592,1.228364,1
0.941000,-0.211689,-0.009204,-1.169581,-1.196592,1.283590,1
0.942000,-0.211689,-0.009204,-1.169581,-1.196592,1.283593,1
0.943000,-0.211689,-0.012272,-1.169581,-1.196592,1.344956,1
0.944000,-0.214757,-0.012272,-1.169581,-1.196592,1.338823,1
0.945000,-0.214757,-0.015340,-1.169581,-1.252780,1.512563,1
0.946000,-0.214757,-0.015340,-1.169581,-1.252780,1.512567,1
0.947000,-0.214757,-0.015340,-1.169581,-1.252780,1.512572,1
0.948000,-0.214757,-0.015340,-1.169581,-1.252780,1.512577,1
0.949000,-0.214757,-0.015340,-1.169581,-1.252780,1.512581,1
0.950000,-0.214757,-0.015340,-1.169581,-1.252780,1.512586,1
0.951000,-0.214757,-0.015340,-1.169581,-1.252780,1.512591,1
0.952000,-0.217825,-0.018408,-1.004349,-1.252780,1.733052,1
0.953000,-0.220893,-0.018408,-1.170004,-1.252780,1.561266,1
0.954000,-0.220893,-0.021476,-1.170004,-1.252780,1.622632,1
0.955000,-0.220893,-0.021476,-1.170004,-1.226226,1.569531,1
0.956000,-0.220893,-0.021476,-1.170004,-1.114850,1.346785,1
0.957000,-0.220893,-0.021476,-1.170004,-1.022035,1.161162,1
0.958000,-0.220893,-0.021476,-1.170004,-0.766838,0.650774,1
0.959000,-0.220893,-0.021476,-1.170004,-0.766838,0.650781,1
0.960000,-0.220893,-0.021476,-1.170004,-0.766838,0.650787,1
0.961000,-0.220893,-0.021476,-1.170004,-0.766838,0.650794,1
0.962000,-0.220893,-0.021476,-1.095213,-0.721604,0.635123,1
0.963000,-0.220893,-0.021476,-1.005618,-0.681593,0.644703,1
0.964000,-0.220893,-0.021476,-0.929174,-0.645594,0.649154,1
0.965000,-0.220893,-0.021476,-0.863884,-0.613384,0.650031,1
0.966000,-0.220893,-0.021476,-0.807288,-0.584299,0.648464,1
0.967000,-0.220893,-0.021476,-0.757314,-0.557664,0.645175,1
0.968000,-0.220893,-0.021476,-0.713338,-0.533448,0.640724,1
0.969000,-0.220893,-0.021476,-0.674213,-0.511261,0.635482,1
0.970000,-0.220893,-0.021476,-0.638844,-0.490662,0.629659,1
0.971000,-0.220893,-0.021476,-0.607396,-0.471896,0.623582,1
0.972000,-0.220893,-0.021476,-0.578650,-0.454360,0.617262,1
0.973000,-0.220893,-0.021476,-0.552620,-0.438155,0.610888,1
0.974000,-0.220893,-0.021476,-0.528845,-0.423074,0.604509,1
0.975000,-0.220893,-0.021476,-0.507030,-0.408997,0.598175,1
0.976000,-0.220893,-0.018408,-0.486823,-0.404647,0.548329,1
0.977000,-0.220893,-0.018408,-0.468450,-0.404647,0.566707,1
0.978000,-0.220893,-0.018408,-0.451029,-0.404647,0.584134,1
0.979000,-0.220893,-0.018408,-0.435114,-0.404647,0.600054,1
0.980000,-0.220893,-0.018408,-0.420247,-0.404647,0.614927,1
0.981000,-0.217825,-0.018408,0.406314,-0.404647,1.447629,1
0.982000,-0.217825,-0.018408,0.393294,-0.404647,1.434615,1
0.983000,-0.217825,-0.018408,0.381095,-0.404647,1.422421,1
0.984000,-0.217825,-0.018408,0.369573,-0.404647,1.410904,1
0.985000,-0.217825,-0.015340,0.358772,-0.404647,1.338750,1
0.986000,-0.217825,-0.015340,0.348548,-0.404647,1.328530,1
0.987000,-0.217825,-0.015340,0.338926,-0.404647,1.318912,1
0.988000,-0.214757,-0.015340,0.329826,-0.404647,1.315953,1
0.989000,-0.214757,-0.015340,0.321229,-0.404647,1.307360,1
0.990000,-0.208621,-0.006136,0.336061,0.607031,-1.472967,1
0.991000,-0.208621,-0.006136,0.336061,0.607031,-1.472965,1
0.992000,-0.208621,-0.006136,0.336061,0.607031,-1.472963,1
0.993000,-0.208621,-0.006136,0.336061,0.607031,-1.472962,1
0.994000,-0.208621,-0.006136,0.336061,0.607031,-1.472960,1
0.995000,-0.208621,-0.006136,0.336061,0.607031,-1.472958,1
0.996000,-0.208621,-0.006136,0.336061,0.607031,-1.472956,1
0.997000,-0.208621,-0.006136,0.336061,0.607031,-1.472954,1
0.998000,-0.208621,-0.006136,0.336061,0.607031,-1.472952,1
0.999000,-0.208621,-0.006136,0.336061,0.607031,-1.472950,1
1.000000,-0.208621,-0.006136,0.336061,0.607031,-1.472949,1
1.001000,-0.208621,-0.006136,0.336061,0.607031,-1.472947,1
1.002000,-0.208621,-0.006136,0.336061,0.607031,-1.472945,1
1.003000,-0.208621,-0.006136,0.336061,0.607031,-1.472943,1
1.004000,-0.208621,-0.006136,0.336061,0.607031,-1.472941,1
1.005000,-0.205553,0.000000,0.336061,0.607031,-1.589524,1
1.006000,-0.202485,0.006136,0.336061,1.225993,-2.944032,1
1.007000,-0.202485,0.006136,0.336061,1.225993,-2.944034,1
1.008000,-0.202485,0.006136,0.336061,1.225993,-2.944035,1
1.009000,-0.202485,0.006136,0.336061,1.225993,-2.944037,1
1.010000,-0.199418,0.006136,0.653950,1.225993,-2.620014,1
1.011000,-0.199418,0.006136,0.653950,1.225993,-2.620016,1
1.012000,-0.199418,0.006136,0.653950,1.225993,-2.620018,1
1.013000,-0.199418,0.006136,0.653950,1.225993,-2.620019,1
1.014000,-0.199418,0.006136,0.653950,1.225993,-2.620021,1
1.015000,-0.199418,0.006136,0.653950,1.225993,-2.620023,1
1.016000,-0.199418,0.006136,0.653950,1.225993,-2.620025,1
1.017000,-0.199418,0.006136,0.653950,1.225993,-2.620027,1
1.018000,-0.199418,0.006136,0.653950,1.225993,-2.620029,1
1.019000,-0.202485,0.006136,0.653950,0.913035,-2.000251,1
1.020000,-0.205553,0.003068,0.653950,-0.849955,2.180952,1
1.021000,-0.205553,0.003068,0.653950,-0.849955,2.180951,1
1.022000,-0.205553,0.003068,0.653950,-0.849955,2.180950,1
1.023000,-0.205553,0.003068,0.653950,-0.849955,2.180950,1
1.024000,-0.205553,0.003068,0.653950,-0.849955,2.180949,1
1.025000,-0.205553,0.003068,0.653950,-0.794213,2.069462,1
1.026000,-0.208621,-0.003068,-0.789061,-0.707201,0.569012,1
1.027000,-0.208621,-0.003068,-0.789061,-0.707201,0.569013,1
1.028000,-0.208621,-0.003068,-0.789061,-0.707201,0.569013,1
1.029000,-0.208621,-0.003068,-0.789061,-0.707201,0.569014,1
1.030000,-0.208621,-0.003068,-0.789061,-0.707201,0.569015,1
1.031000,-0.208621,-0.003068,-0.789061,-0.707201,0.569016,1
1.032000,-0.211689,-0.003068,-0.789061,-0.707201,0.562881,1
1.033000,-0.211689,-0.003068,-0.789061,-0.707201,0.562882,1
1.034000,-0.211689,-0.003068,-0.789061,-0.707201,0.562883,1
1.035000,-0.211689,-0.006136,-0.789061,-0.707201,0.624244,1
1.036000,-0.211689,-0.006136,-0.612215,-0.610406,0.607502,1
1.037000,-0.211689,-0.006136,-0.612215,-0.610406,0.607504,1
1.038000,-0.211689,-0.006136,-0.612215,-0.610406,0.607506,1
1.039000,-0.211689,-0.006136,-0.612215,-0.610406,0.607507,1
1.040000,-0.211689,-0.006136,-0.612215,-0.610406,0.607509,1
1.041000,-0.211689,-0.006136,-0.612215,-0.610406,0.607511,1
1.042000,-0.211689,-0.006136,-0.612215,-0.610406,0.607513,1
1.043000,-0.211689,-0.006136,-0.612215,-0.610406,0.607515,1
1.044000,-0.211689,-0.006136,-0.583272,-0.581629,0.578906,1
1.045000,-0.211689,-0.006136,-0.471261,-0.470188,0.468037,1
1.046000,-0.211689,-0.006136,-0.471261,-0.470188,0.468038,1
1.047000,-0.211689,-0.006136,-0.471261,-0.470188,0.468040,1
1.048000,-0.211689,-0.006136,-0.471261,-0.470188,0.468042,1
1.049000,-0.211689,-0.006136,-0.471261,-0.470188,0.468044,1
1.050000,-0.211689,-0.006136,-0.453735,-0.452741,0.450676,1
1.051000,-0.211689,-0.006136,-0.437578,-0.436653,0.000000,1
1.052000,-0.208621,-0.003068,0.350225,0.349633,-1.005330,1
1.053000,-0.208621,-0.003068,0.350225,0.349633,-1.005329,1
1.054000,-0.208621,-0.003068,0.350225,0.349633,-1.005329,1
1.055000,-0.208621,-0.003068,0.350225,0.349633,-1.005328,1
1.056000,-0.208621,-0.003068,0.350225,0.349633,-1.005327,1
1.057000,-0.208621,-0.003068,0.350225,0.349633,-1.005326,1
1.058000,-0.208621,-0.003068,0.340475,0.339915,-0.995639,1
1.059000,-0.208621,-0.003068,0.340475,0.339915,-0.995638,1
1.060000,-0.208621,-0.003068,0.331327,0.330796,-0.986549,1
1.061000,-0.208621,-0.003068,0.322610,0.322107,-0.977886,1
1.062000,-0.208621,-0.003068,0.314293,0.313815,-0.969619,1
1.063000,-0.211689,-0.003068,-0.272449,0.272090,-1.479046,1
1.064000,-0.211689,-0.003068,-0.272449,0.272090,-1.479045,1
1.065000,-0.211689,-0.003068,-0.272449,0.272090,-1.479044,1
1.066000,-0.211689,-0.003068,-0.272449,0.272090,-1.479043,1
1.067000,-0.211689,-0.003068,-0.272449,0.272090,-1.479042,1
1.068000,-0.211689,-0.003068,-0.272449,0.272090,-1.479041,1
1.069000,-0.211689,-0.003068,-0.266537,0.266193,-1.461334,1
1.070000,-0.211689,-0.003068,-0.260877,0.260548,-1.444382,1
1.071000,-0.214757,-0.006136,-0.231379,-0.231120,0.000000,1
1.072000,-0.214757,-0.006136,-0.231379,-0.231120,0.000000,1
1.073000,-0.214757,-0.006136,-0.231379,-0.231120,0.000000,1
1.074000,-0.214757,-0.006136,-0.231379,-0.231120,0.000000,1
1.075000,-0.214757,-0.006136,-0.231379,-0.231120,0.000000,1
1.076000,-0.214757,-0.006136,-0.231379,-0.231120,0.000000,1
1.077000,-0.217825,-0.006136,-0.227062,-0.226812,0.000000,1
1.078000,-0.220893,-0.009204,-0.210228,-0.207639,0.000000,1
1.079000,-0.220893,-0.009204,-0.210228,-0.207639,0.000000,1
1.080000,-0.220893,-0.009204,-0.210228,-0.207639,0.000000,1
1.081000,-0.220893,-0.009204,-0.210228,-0.207639,0.000000,1
1.082000,-0.220893,-0.009204,-0.210228,-0.207639,0.000000,1
1.083000,-0.220893,-0.009204,-0.210228,-0.204281,0.000000,1
1.084000,-0.220893,-0.012272,-0.210228,-0.200850,0.000000,1
1.085000,-0.223961,-0.012272,-0.210228,-0.197603,0.000000,1
1.086000,-0.223961,-0.012272,-0.210228,-0.194489,0.000000,1
1.087000,-0.227029,-0.015340,-0.210228,-0.187629,0.000000,1
1.088000,-0.227029,-0.015340,-0.210228,-0.187629,0.000000,1
1.089000,-0.227029,-0.015340,-0.210228,-0.187629,0.000000,1
1.090000,-0.227029,-0.015340,-0.210228,-0.187629,0.000000,1
1.091000,-0.227029,-0.015340,-0.210228,-0.187629,0.000000,1
1.092000,-0.227029,-0.015340,-0.210228,-0.187629,0.000000,1
1.093000,-0.227029,-0.015340,-0.210228,-0.187629,0.000000,1
1.094000,-0.227029,-0.015340,-0.210228,-0.187629,0.000000,1
1.095000,-0.227029,-0.015340,-0.210228,-0.187629,0.000000,1
1.096000,-0.227029,-0.015340,-0.210228,-0.187629,0.000000,1
1.097000,-0.227029,-0.015340,-0.210228,-0.187629,0.000000,1
1.098000,-0.227029,-0.015340,-0.210228,-0.187629,0.000000,1
1.099000,-0.227029,-0.015340,-0.210228,-0.187629,0.000000,1
1.100000,-0.227029,-0.015340,-0.210228,-0.187629,0.000000,1
1.101000,-0.233165,-0.021476,-0.716449,-0.187629,-0.678285,1
1.102000,-0.233165,-0.021476,-0.716449,-0.187629,-0.678279,1
1.103000,-0.233165,-0.021476,-0.716449,-0.187629,-0.678272,1
1.104000,-0.233165,-0.021476,-0.716449,-0.187629,-0.678266,1
1.105000,-0.233165,-0.021476,-0.716449,-0.187629,-0.678259,1
1.106000,-0.233165,-0.024544,-0.716449,-0.187629,-0.616893,1
1.107000,-0.236233,-0.027612,-0.716449,-0.690374,1.043828,1
1.108000,-0.236233,-0.027612,-0.716449,-0.690374,1.043837,1
1.109000,-0.236233,-0.027612,-0.716449,-0.690374,1.043845,1
1.110000,-0.236233,-0.030680,-0.716449,-0.690374,1.105213,1
1.111000,-0.236233,-0.030680,-0.716449,-0.690374,1.105222,1
1.112000,-0.239301,-0.030680,-0.716449,-0.690374,1.099096,1
1.113000,-0.239301,-0.033748,-0.716449,-0.690374,1.160465,1
1.114000,-0.239301,-0.033748,-0.716449,-0.690374,1.160475,1
1.115000,-0.239301,-0.033748,-0.716449,-0.690374,1.160485,1
1.116000,-0.239301,-0.033748,-0.716449,-0.690374,1.160495,1
1.117000,-0.239301,-0.033748,-0.716449,-0.690374,1.160506,1
1.118000,-0.239301,-0.033748,-0.716449,-0.690374,1.160516,1
1.119000,-0.239301,-0.033748,-0.716449,-0.690374,1.160526,1
1.120000,-0.239301,-0.033748,-0.716449,-0.690374,1.160536,1
1.121000,-0.239301,-0.033748,-0.716449,-0.690374,1.160546,1
1.122000,-0.239301,-0.033748,-0.716449,-0.690374,1.160556,1
1.123000,-0.239301,-0.036816,-0.630312,-0.690374,1.308064,1
1.124000,-0.239301,-0.036816,-0.630312,-0.690374,1.308075,1
1.125000,-0.239301,-0.036816,-0.630312,-0.690374,1.308086,1
1.126000,-0.239301,-0.036816,-0.630312,-0.690374,1.308097,1
1.127000,-0.239301,-0.036816,-0.630312,-0.690374,1.308108,1
1.128000,-0.239301,-0.036816,-0.630312,-0.690374,1.308119,1
1.129000,-0.242369,-0.036816,-0.545866,-0.690374,1.386440,1
1.130000,-0.242369,-0.036816,-0.545866,-0.690374,1.386451,1
1.131000,-0.242369,-0.036816,-0.545866,-0.690374,1.386462,1
1.132000,-0.242369,-0.036816,-0.430924,-0.535409,1.191485,1
1.133000,-0.242369,-0.036816,-0.377862,-0.455869,1.085480,1
1.134000,-0.239301,-0.033748,0.336436,0.396909,-0.560992,1
1.135000,-0.239301,-0.033748,0.336436,0.396909,-0.560982,1
1.136000,-0.239301,-0.033748,0.336436,0.396909,-0.560972,1
1.137000,-0.239301,-0.033748,0.336436,0.396909,-0.560962,1
1.138000,-0.239301,-0.033748,0.327466,0.384483,-0.545071,1
1.139000,-0.239301,-0.033748,0.318923,0.372760,-0.530157,1
1.140000,-0.239301,-0.033748,0.310889,0.361831,-0.516323,1
1.141000,-0.239301,-0.030680,0.303206,0.357709,-0.577111,1
1.142000,-0.239301,-0.030680,0.295883,0.357709,-0.584425,1
1.143000,-0.239301,-0.030680,0.288874,0.357709,-0.591425,1
1.144000,-0.236233,-0.030680,0.561270,0.357709,0.000000,1
1.145000,-0.236233,-0.030680,0.561270,0.357709,0.000000,1
1.146000,-0.236233,-0.030680,0.561270,0.357709,0.000000,1
1.147000,-0.236233,-0.030680,0.561270,0.357709,0.000000,1
1.148000,-0.236233,-0.030680,0.561270,0.357709,0.000000,1
1.149000,-0.236233,-0.030680,0.561270,0.357709,0.000000,1
1.150000,-0.236233,-0.030680,0.561270,0.357709,0.000000,1
1.151000,-0.236233,-0.030680,0.561270,0.357709,0.000000,1
1.152000,-0.236233,-0.030680,0.561270,0.357709,0.000000,1
1.153000,-0.236233,-0.030680,0.561270,0.357709,0.000000,1
1.154000,-0.236233,-0.030680,0.561270,0.357709,0.000000,1
1.155000,-0.236233,-0.030680,0.561270,0.357709,0.000000,1
1.156000,-0.236233,-0.030680,0.561270,0.357709,0.000000,1
1.157000,-0.236233,-0.030680,0.561270,0.357709,0.000000,1
1.158000,-0.236233,-0.030680,0.561270,0.357709,0.000000,1
1.159000,-0.236233,-0.030680,0.561270,0.357709,0.000000,1
1.160000,-0.236233,-0.027612,0.561270,0.357709,0.000000,1
1.161000,-0.236233,-0.027612,0.561270,0.357709,0.000000,1
1.162000,-0.236233,-0.027612,0.561270,0.357709,0.000000,1
1.163000,-0.236233,-0.027612,0.561270,0.357709,0.000000,1
1.164000,-0.236233,-0.027612,0.561270,0.357709,0.000000,1
1.165000,-0.236233,-0.027612,0.561270,0.357709,0.000000,1
1.166000,-0.233165,-0.027612,0.561270,0.357709,0.000000,1
1.167000,-0.233165,-0.027612,0.561270,0.357709,0.000000,1
1.168000,-0.233165,-0.027612,0.561270,0.357709,0.000000,1
1.169000,-0.230097,-0.027612,0.489241,0.357709,0.000000,1
1.170000,-0.230097,-0.027612,0.470429,0.357709,-0.452583,1
1.171000,-0.230097,-0.027612,0.470429,0.357709,-0.452575,1
1.172000,-0.230097,-0.027612,0.470429,0.357709,-0.452567,1
1.173000,-0.230097,-0.027612,0.453150,0.357709,-0.469837,1
1.174000,-0.230097,-0.027612,0.453150,0.357709,-0.469829,1
1.175000,-0.230097,-0.027612,0.453150,0.357709,-0.469821,1
1.176000,-0.230097,-0.027612,0.422067,0.357709,-0.500896,1
1.177000,-0.230097,-0.027612,0.422067,0.357709,-0.500887,1
1.178000,-0.230097,-0.027612,0.422067,0.357709,-0.500879,1
1.179000,-0.230097,-0.027612,0.382519,0.344592,-0.514185,1
1.180000,-0.227029,-0.027612,0.340121,0.309803,-0.480860,1
1.181000,-0.227029,-0.027612,0.330947,0.302172,-0.474766,1
1.182000,-0.227029,-0.027612,0.330947,0.302172,-0.474758,1
1.183000,-0.227029,-0.027612,0.330947,0.302172,-0.474750,1
1.184000,-0.227029,-0.027612,0.322223,0.294883,-0.468886,1
1.185000,-0.227029,-0.027612,0.322223,0.294883,-0.468878,1
1.186000,-0.227029,-0.027612,0.306217,0.281421,-0.457952,1
1.187000,-0.227029,-0.027612,0.306217,0.281421,-0.457944,1
1.188000,-0.227029,-0.027612,0.306217,0.281421,-0.457935,1
1.189000,-0.227029,-0.027612,0.291614,0.269040,0.000000,1
1.190000,-0.227029,-0.030680,0.266284,-0.247333,1.221018,1
1.191000,-0.227029,-0.030680,0.260624,-0.242443,1.205585,1
1.192000,-0.227029,-0.030680,0.260624,-0.242443,1.205594,1
1.193000,-0.227029,-0.030680,0.260624,-0.242443,1.205604,1
1.194000,-0.227029,-0.030680,0.255228,-0.237767,1.190865,1
1.195000,-0.227029,-0.030680,0.255228,-0.237767,1.190874,1
1.196000,-0.227029,-0.030680,0.245065,-0.228923,1.163032,1
1.197000,-0.227029,-0.030680,0.245065,-0.228923,1.163041,1
1.198000,-0.227029,-0.030680,0.245065,-0.228923,1.163050,1
1.199000,-0.227029,-0.033748,0.235610,-0.220651,1.198422,1
1.200000,-0.227029,-0.033748,0.235610,-0.220651,1.198432,1
1.201000,-0.227029,-0.033748,0.235610,-0.220651,1.198442,1
1.202000,-0.227029,-0.033748,0.222802,-0.209379,1.163100,1
1.203000,-0.227029,-0.033748,0.211277,-0.199170,1.131167,1
1.204000,-0.227029,-0.033748,0.207701,-0.195988,1.121238,1
1.205000,-0.227029,-0.033748,0.207701,-0.195988,1.121248,1
1.206000,-0.223961,-0.033748,0.218298,-0.192916,1.131848,1
1.207000,-0.223961,-0.033748,0.218298,-0.192916,1.131858,1
1.208000,-0.223961,-0.033748,0.218298,-0.192916,1.131868,1
1.209000,-0.223961,-0.033748,0.218298,-0.187024,1.120094,1
1.210000,-0.223961,-0.033748,0.218298,-0.187024,1.120104,1
1.211000,-0.223961,-0.033748,0.218298,-0.187024,1.120115,1
1.212000,-0.223961,-0.033748,0.218298,-0.178854,1.103783,1
1.213000,-0.223961,-0.033748,0.218298,-0.178854,1.103793,1
1.214000,-0.223961,-0.033748,0.218298,-0.178854,1.103803,1
1.215000,-0.220893,-0.030680,0.218298,-0.176605,1.044092,1
1.216000,-0.217825,-0.030680,0.218298,-0.176605,1.050238,1
1.217000,-0.217825,-0.027612,0.218298,-0.176605,0.988887,1
1.218000,-0.214757,-0.027612,0.218298,-0.176605,0.995031,1
1.219000,-0.214757,-0.027612,0.218298,-0.176605,0.995039,1
1.220000,-0.214757,-0.027612,0.218298,-0.176605,0.995047,1
1.221000,-0.214757,-0.027612,0.218298,-0.176605,0.995056,1
1.222000,-0.205553,-0.018408,0.258467,0.643372,-1.370395,1
1.223000,-0.205553,-0.018408,0.258467,0.643372,-1.370389,1
1.224000,-0.205553,-0.018408,0.258467,0.643372,-1.370384,1
1.225000,-0.205553,-0.018408,0.258467,0.643372,-1.370378,1
1.226000,-0.205553,-0.018408,0.258467,0.643372,-1.370373,1
1.227000,-0.205553,-0.018408,0.258467,0.643372,-1.370367,1
1.228000,-0.205553,-0.018408,0.258467,0.643372,-1.370361,1
1.229000,-0.205553,-0.018408,0.258467,0.643372,-1.370356,1
1.230000,-0.205553,-0.018408,0.258467,0.643372,-1.370350,1
1.231000,-0.205553,-0.018408,0.258467,0.643372,-1.370345,1
1.232000,-0.199418,-0.012272,0.949462,0.643372,-0.789793,1
1.233000,-0.199418,-0.012272,0.949462,0.643372,-0.789789,1
1.234000,-0.199418,-0.012272,0.949462,0.643372,-0.789786,1
1.235000,-0.199418,-0.012272,0.949462,0.643372,-0.789782,1
1.236000,-0.199418,-0.012272,0.949462,0.643372,-0.789778,1
1.237000,-0.199418,-0.012272,0.949462,0.643372,-0.789775,1
1.238000,-0.199418,-0.012272,0.949462,0.643372,-0.789771,1
1.239000,-0.196350,-0.012272,0.949462,0.643372,-0.783631,1
1.240000,-0.196350,-0.012272,0.949462,0.643372,-0.783628,1
1.241000,-0.196350,-0.012272,0.949462,0.643372,-0.783624,1
1.242000,-0.196350,-0.012272,0.949462,0.643372,-0.783620,1
1.243000,-0.196350,-0.012272,0.949462,0.643372,-0.783617,1
1.244000,-0.196350,-0.012272,0.949462,0.643372,-0.783613,1
1.245000,-0.196350,-0.012272,0.949462,0.643372,-0.783609,1
1.246000,-0.196350,-0.009204,0.949462,0.643372,-0.844966,1
1.247000,-0.196350,-0.009204,0.949462,0.643372,-0.844963,1
1.248000,-0.196350,-0.009204,0.949462,0.643372,-0.844960,1
1.249000,-0.196350,-0.009204,0.949462,0.643372,-0.844957,1
1.250000,-0.193282,-0.009204,0.949462,0.643372,-0.838819,1
1.251000,-0.193282,-0.009204,0.770699,0.582814,-0.896464,1
1.252000,-0.190214,-0.009204,0.725417,0.556543,-0.883065,1
1.253000,-0.190214,-0.009204,0.513010,0.422374,-0.827131,1
1.254000,-0.190214,-0.012272,0.455872,-0.382865,1.387572,1
1.255000,-0.190214,-0.012272,0.424352,-0.360384,1.311094,1
1.256000,-0.190214,-0.015340,0.384395,-0.343795,1.299323,1
1.257000,-0.190214,-0.015340,0.384395,-0.343795,1.299328,1
1.258000,-0.190214,-0.015340,0.384395,-0.343795,1.299333,1
1.259000,-0.190214,-0.015340,0.384395,-0.343795,1.299337,1
1.260000,-0.190214,-0.015340,0.384395,-0.343795,1.299342,1
1.261000,-0.190214,-0.015340,0.384395,-0.343795,1.299346,1
1.262000,-0.190214,-0.015340,0.384395,-0.343795,1.299351,1
1.263000,-0.190214,-0.015340,0.384395,-0.343795,1.299356,1
1.264000,-0.190214,-0.015340,0.384395,-0.343795,1.299360,1
1.265000,-0.190214,-0.015340,0.384395,-0.343795,1.299365,1
1.266000,-0.190214,-0.015340,0.384395,-0.343795,1.299369,1
1.267000,-0.190214,-0.015340,0.384395,-0.343795,1.299374,1
1.268000,-0.190214,-0.015340,0.384395,-0.343795,1.299379,1
1.269000,-0.190214,-0.015340,0.384395,-0.343795,1.299383,1
1.270000,-0.190214,-0.015340,0.384395,-0.343795,1.299388,1
1.271000,-0.190214,-0.015340,0.372727,-0.343795,1.287724,1
1.272000,-0.187146,-0.015340,0.820786,-0.343795,1.741924,1
1.273000,-0.187146,-0.015340,0.820786,-0.343795,1.741929,1
1.274000,-0.187146,-0.015340,0.820786,-0.343795,1.741933,1
1.275000,-0.184078,-0.015340,0.820786,-0.343795,1.748074,1
1.276000,-0.184078,-0.015340,0.820786,-0.343795,1.748078,1
1.277000,-0.184078,-0.015340,0.820786,-0.343795,1.748083,1
1.278000,-0.184078,-0.015340,0.820786,-0.343795,1.748088,1
1.279000,-0.181010,-0.015340,0.820786,-0.343795,1.754228,1
1.280000,-0.181010,-0.015340,0.820786,-0.343795,1.754233,1
1.281000,-0.181010,-0.015340,0.820786,-0.343795,1.754237,1
1.282000,-0.177942,-0.012272,0.820786,-0.343795,1.699018,1
1.283000,-0.177942,-0.012272,0.819358,-0.343795,1.697594,1
1.284000,-0.177942,-0.012272,0.768081,-0.343795,1.646320,1
1.285000,-0.174874,-0.012272,0.346814,-0.343795,1.231193,1
1.286000,-0.174874,-0.009204,0.346814,-0.343795,1.169836,1
1.287000,-0.171806,-0.009204,0.346814,-0.343795,1.175975,1
1.288000,-0.171806,-0.009204,0.346814,-0.343795,1.175978,1
1.289000,-0.168738,-0.006136,0.346814,0.506783,-1.180400,1
1.290000,-0.168738,-0.006136,0.346814,0.506783,-1.180398,1
1.291000,-0.168738,-0.003068,0.346814,0.506783,-1.241756,1
1.292000,-0.165670,-0.003068,0.346814,0.506783,-1.235620,1
1.293000,-0.165670,0.000000,0.346814,0.506783,-1.296979,1
1.294000,-0.162602,0.000000,1.216048,0.506783,0.000000,1
1.295000,-0.162602,0.000000,1.216048,0.506783,0.000000,1
1.296000,-0.162602,0.000000,1.216048,0.506783,0.000000,1
1.297000,-0.159534,0.000000,1.216048,0.506783,0.000000,1
1.298000,-0.159534,0.003068,1.216048,0.506783,-0.476834,1
1.299000,-0.156466,0.003068,1.216048,0.506783,-0.470699,1
1.300000,-0.156466,0.003068,1.216048,0.506783,-0.470699,1
1.301000,-0.156466,0.006136,1.216048,1.043523,-1.605541,1
1.302000,-0.153398,0.006136,1.216048,1.043523,-1.599407,1
1.303000,-0.153398,0.006136,1.216048,1.043523,-1.599409,1
1.304000,-0.153398,0.006136,1.163181,1.043523,-1.652278,1
1.305000,-0.153398,0.009204,1.061957,1.043523,-1.814863,1
1.306000,-0.150330,0.009204,1.225773,1.043523,-1.644914,1
1.307000,-0.150330,0.009204,1.225773,1.043523,-1.644917,1
1.308000,-0.150330,0.009204,1.225773,1.043523,-1.644919,1
1.309000,-0.150330,0.009204,1.225773,1.043523,-1.644922,1
1.310000,-0.150330,0.009204,1.225773,1.043523,-1.644925,1
1.311000,-0.147262,0.009204,1.225773,1.043523,-1.638792,1
1.312000,-0.147262,0.009204,1.225773,1.043523,-1.638794,1
1.313000,-0.147262,0.009204,1.225773,0.991395,-1.534541,1
1.314000,-0.147262,0.009204,1.225773,0.917075,-1.385903,1
1.315000,-0.147262,0.009204,1.225773,0.917075,-1.385906,1
1.316000,-0.147262,0.009204,1.225773,0.917075,-1.385908,1
1.317000,-0.147262,0.009204,1.225773,0.853653,-1.259068,1
1.318000,-0.147262,0.009204,0.946440,0.706201,-1.243500,1
1.319000,-0.147262,0.009204,0.878606,0.667734,-1.234404,1
1.320000,-0.147262,0.009204,0.819839,0.633237,-1.224179,1
1.321000,-0.147262,0.009204,0.768447,0.602134,-1.213367,1
1.322000,-0.147262,0.009204,0.723265,0.574035,-1.202354,1
1.323000,-0.147262,0.009204,0.683120,0.548454,-1.191340,1
1.324000,-0.150330,0.006136,0.647013,-0.524935,1.574553,1
1.325000,-0.150330,0.006136,-0.614597,-0.503393,0.000000,1
1.326000,-0.150330,0.006136,-0.585324,-0.483585,0.000000,1
1.327000,-0.150330,0.006136,-0.558712,-0.465275,0.000000,1
1.328000,-0.150330,0.003068,-0.534262,-0.448194,0.000000,1
1.329000,-0.150330,0.003068,-0.512001,-0.432422,0.000000,1
1.330000,-0.150330,0.003068,-0.491523,-0.417724,0.000000,1
1.331000,-0.150330,0.003068,-0.472627,-0.403997,0.000000,1
1.332000,-0.150330,0.003068,-0.455032,-0.391070,0.000000,1
1.333000,-0.150330,0.003068,-0.438785,-0.379010,0.000000,1
1.334000,-0.150330,0.000000,-0.423582,-0.367613,0.000000,1
1.335000,-0.150330,0.000000,-0.409470,-0.356937,0.000000,1
1.336000,-0.150330,0.000000,-0.396266,-0.346862,0.000000,1
1.337000,-0.150330,0.000000,-0.383888,-0.337341,0.000000,1
1.338000,-0.150330,0.000000,-0.372184,-0.328270,0.000000,1
1.339000,-0.150330,-0.003068,-0.361242,-0.321405,0.000000,1
1.340000,-0.150330,-0.003068,-0.350933,-0.321405,0.000000,1
1.341000,-0.150330,-0.003068,-0.341199,-0.321405,0.000000,1
1.342000,-0.150330,-0.003068,-0.331989,-0.321405,0.000000,1
1.343000,-0.150330,-0.003068,-0.323217,-0.321405,0.000000,1
1.344000,-0.150330,-0.006136,-0.314903,-0.321405,0.451009,1
1.345000,-0.150330,-0.006136,-0.307038,-0.321405,0.458876,1
1.346000,-0.150330,-0.006136,-0.299560,-0.321405,0.466355,1
1.347000,-0.150330,-0.006136,-0.292431,-0.321405,0.473486,1
1.348000,-0.150330,-0.006136,-0.292431,-0.321405,0.473488,1
1.349000,-0.150330,-0.006136,-0.292431,-0.321405,0.473490,1
1.350000,-0.150330,-0.006136,-0.285603,-0.321405,0.480319,1
1.351000,-0.150330,-0.006136,-0.285603,-0.321405,0.480321,1
1.352000,-0.150330,-0.006136,-0.285603,-0.321405,0.480323,1
1.353000,-0.150330,-0.009204,-0.272873,-0.321405,0.554415,1
1.354000,-0.150330,-0.009204,-0.272873,-0.321405,0.554418,1
1.355000,-0.150330,-0.009204,-0.272873,-0.321405,0.554421,1
1.356000,-0.150330,-0.009204,-0.255840,-0.321405,0.571456,1
1.357000,-0.150330,-0.012272,-0.236137,-0.321405,0.652523,1
1.358000,-0.150330,-0.012272,-0.231688,-0.321405,0.656975,1
1.359000,-0.150330,-0.012272,-0.227383,-0.321405,0.661284,1
1.360000,-0.150330,-0.015340,-0.223263,-0.585561,1.255079,1
1.361000,-0.150330,-0.015340,-0.219246,-0.585561,1.259101,1
1.362000,-0.150330,-0.015340,-0.215406,-0.585561,1.262945,1
1.363000,-0.150330,-0.015340,-0.211700,-0.585561,1.266656,1
1.364000,-0.150330,-0.015340,-0.208117,-0.585561,1.270243,1
1.365000,-0.150330,-0.015340,-0.204636,-0.585561,1.273729,1
1.366000,-0.150330,-0.015340,-0.201269,-0.585561,1.277101,1
1.367000,-0.150330,-0.015340,-0.198029,-0.585561,1.280346,1
1.368000,-0.150330,-0.015340,-0.186018,-0.585561,1.292362,1
1.369000,-0.150330,-0.015340,-0.186018,-0.585561,1.292366,1
1.370000,-0.150330,-0.015340,-0.186018,-0.585561,1.292371,1
1.371000,-0.150330,-0.015340,-0.186018,-0.585561,1.292375,1
1.372000,-0.150330,-0.015340,-0.186018,-0.585561,1.292380,1
1.373000,-0.150330,-0.015340,-0.186018,-0.585561,1.292385,1
1.374000,-0.150330,-0.015340,-0.186018,-0.585561,1.292389,1
1.375000,-0.150330,-0.015340,-0.186018,-0.585561,1.292394,1
1.376000,-0.150330,-0.015340,-0.183246,-0.585561,1.295170,1
1.377000,-0.150330,-0.015340,-0.183246,-0.585561,1.295174,1
1.378000,-0.150330,-0.015340,-0.183246,-0.585561,1.295179,1
1.379000,-0.147262,-0.015340,0.172921,-0.585561,1.657487,1
1.380000,-0.147262,-0.015340,0.172921,-0.585561,1.657492,1
1.381000,-0.147262,-0.015340,0.172921,-0.585561,1.657496,1
1.382000,-0.144194,-0.012272,0.165906,-0.585561,1.595261,1
1.383000,-0.144194,-0.012272,0.165906,-0.585561,1.595265,1
1.384000,-0.144194,-0.012272,0.165906,-0.585561,1.595269,1
1.385000,-0.144194,-0.012272,0.165906,-0.585561,1.595272,1
1.386000,-0.144194,-0.012272,0.165906,-0.585561,1.595276,1
1.387000,-0.144194,-0.012272,0.165906,-0.585561,1.595280,1
1.388000,-0.144194,-0.012272,0.159446,0.551878,-1.286053,1
1.389000,-0.144194,-0.012272,0.159446,0.551878,-1.286050,1
1.390000,-0.144194,-0.012272,0.159446,0.551878,-1.286046,1
1.391000,-0.134990,-0.006136,0.154231,0.444211,-1.180236,1
1.392000,-0.134990,-0.006136,0.154231,0.444211,-1.180234,1
1.393000,-0.134990,-0.006136,0.154231,0.444211,-1.180232,1
1.394000,-0.131922,-0.003068,0.154231,0.444211,-1.235454,1
1.395000,-0.131922,-0.003068,0.154231,0.444211,-1.235453,1
1.396000,-0.131922,-0.003068,0.154231,0.444211,-1.235452,1
1.397000,-0.128854,0.000000,0.154231,0.444211,-1.290676,1
1.398000,-0.128854,0.000000,0.154231,0.444211,-1.290676,1
1.399000,-0.128854,0.000000,0.154231,0.444211,-1.290676,1
1.400000,-0.125786,0.003068,1.025393,0.444211,-0.474738,1
1.401000,-0.125786,0.003068,1.025393,0.444211,-0.474739,1
1.402000,-0.125786,0.003068,1.025393,0.444211,-0.474740,1
1.403000,-0.125786,0.003068,1.025393,0.444211,-0.474741,1
1.404000,-0.125786,0.003068,1.025393,0.444211,-0.474742,1
1.405000,-0.125786,0.003068,1.025393,0.444211,-0.474743,1
1.406000,-0.122718,0.006136,1.025393,1.247183,-2.135912,1
1.407000,-0.122718,0.006136,1.025393,1.247183,-2.135914,1
1.408000,-0.122718,0.006136,1.025393,1.247183,-2.135916,1
1.409000,-0.116583,0.012272,1.025393,1.247183,-2.246366,1
1.410000,-0.116583,0.012272,1.025393,1.247183,-2.246370,1
1.411000,-0.116583,0.012272,1.025393,1.247183,-2.246374,1
1.412000,-0.113515,0.012272,1.212450,1.042148,-1.643115,1
1.413000,-0.113515,0.012272,1.212450,1.042148,-1.643119,1
1.414000,-0.113515,0.012272,1.212450,1.042148,-1.643123,1
1.415000,-0.113515,0.012272,1.212450,0.830215,-1.219260,1
1.416000,-0.110447,0.012272,1.212450,0.653537,-0.859772,1
1.417000,-0.110447,0.012272,1.212450,0.620678,-0.794058,1
1.418000,-0.110447,0.012272,1.111408,0.590654,-0.835054,1
1.419000,-0.110447,0.012272,1.019385,0.563614,-0.873002,1
1.420000,-0.110447,0.012272,0.940993,0.538797,-0.901763,1
1.421000,-0.110447,0.012272,0.940993,0.538797,-0.901766,1
1.422000,-0.110447,0.012272,0.940993,0.538797,-0.901770,1
1.423000,-0.110447,0.012272,0.940993,0.538797,-0.901774,1
1.424000,-0.110447,0.012272,0.940993,0.538797,-0.901777,1
1.425000,-0.110447,0.012272,0.873921,0.516116,-0.923492,1
1.426000,-0.110447,0.012272,0.873921,0.516116,-0.923495,1
1.427000,-0.110447,0.012272,0.873921,0.516116,-0.923499,1
1.428000,-0.110447,0.009204,0.680133,0.482084,-0.987865,1
1.429000,-0.110447,0.009204,0.680133,0.482084,-0.987868,1
1.430000,-0.110447,0.009204,0.680133,0.482084,-0.987871,1
1.431000,-0.110447,0.009204,0.583114,0.482084,-1.084893,1
1.432000,-0.110447,0.009204,0.583114,0.482084,-1.084896,1
1.433000,-0.110447,0.009204,0.583114,0.482084,-1.084899,1
1.434000,-0.110447,0.006136,0.510491,0.482084,-1.096165,1
1.435000,-0.113515,0.003068,-0.437574,0.482084,-1.989007,1
1.436000,-0.113515,0.003068,-0.422502,0.482084,-1.973936,1
1.437000,-0.113515,0.000000,-0.408438,0.482084,-1.898512,1
1.438000,-0.113515,0.000000,-0.408438,0.482084,-1.898512,1
1.439000,-0.113515,0.000000,-0.408438,0.482084,-1.898512,1
1.440000,-0.113515,0.000000,-0.408438,0.482084,-1.898512,1
1.441000,-0.113515,0.000000,-0.408438,0.482084,-1.898512,1
1.442000,-0.116583,0.000000,-0.395305,0.482084,-1.891515,1
1.443000,-0.116583,0.000000,-0.395305,0.482084,-1.891515,1
1.444000,-0.116583,0.000000,-0.395305,0.482084,-1.891515,1
1.445000,-0.119651,-0.006136,-0.350163,-0.747496,1.329370,1
1.446000,-0.119651,-0.006136,-0.350163,-0.747496,1.329372,1
1.447000,-0.119651,-0.006136,-0.350163,-0.747496,1.329374,1
1.448000,-0.122718,-0.009204,-0.330004,-0.747496,1.404758,1
1.449000,-0.128854,-0.018408,-0.330004,-1.495981,3.073541,1
1.450000,-0.128854,-0.018408,-0.330004,-1.495981,3.073546,1
1.451000,-0.131922,-0.021476,-0.330004,-1.495981,3.128776,1
1.452000,-0.131922,-0.024544,-0.330004,-1.495981,3.190143,1
1.453000,-0.134990,-0.030680,-1.141030,-2.494116,4.491977,1
1.454000,-0.134990,-0.030680,-1.141030,-2.494116,4.491986,1
1.455000,-0.134990,-0.030680,-1.141030,-2.494116,4.491995,1
1.456000,-0.134990,-0.030680,-1.141030,-2.494116,4.492005,1
1.457000,-0.138058,-0.036816,-1.141030,-1.577077,2.774520,1
1.458000,-0.138058,-0.036816,-1.141030,-1.397634,2.415645,1
1.459000,-0.138058,-0.036816,-1.141030,-1.397634,2.415656,1
1.460000,-0.138058,-0.036816,-1.141030,-1.397634,2.415668,1
1.461000,-0.138058,-0.036816,-1.141030,-1.397634,2.415679,1
1.462000,-0.138058,-0.036816,-1.141030,-1.254234,2.128890,1
1.463000,-0.138058,-0.036816,-1.141030,-1.254234,2.128902,1
1.464000,-0.134990,-0.036816,-1.141030,-1.138557,1.903695,1
1.465000,-0.134990,-0.036816,-1.141030,-1.138557,1.903706,1
1.466000,-0.134990,-0.036816,-1.141030,-1.138557,1.903717,1
1.467000,-0.134990,-0.036816,-1.141030,-1.138557,1.903728,1
1.468000,-0.134990,-0.036816,-1.141030,-1.138557,1.903739,1
1.469000,-0.134990,-0.036816,-1.141030,-1.138557,1.903750,1
1.470000,-0.134990,-0.036816,-1.141030,-1.138557,1.903761,1
1.471000,-0.131922,-0.033748,0.702276,0.653367,-0.491995,1
1.472000,-0.128854,-0.027612,0.599376,0.625881,-0.656497,1
1.473000,-0.125786,-0.027612,0.622975,0.625881,-0.626753,1
1.474000,-0.125786,-0.027612,0.622975,0.625881,-0.626745,1
1.475000,-0.125786,-0.027612,0.622975,0.625881,-0.626737,1
1.476000,-0.125786,-0.027612,0.622975,0.625881,-0.626728,1
1.477000,-0.125786,-0.027612,0.622975,0.625881,-0.626720,1
1.478000,-0.125786,-0.027612,0.622975,0.625881,-0.626712,1
1.479000,-0.125786,-0.027612,0.622975,0.625881,-0.626704,1
1.480000,-0.125786,-0.027612,0.622975,0.625881,-0.626695,1
1.481000,-0.122718,-0.024544,0.622975,0.625881,-0.681911,1
1.482000,-0.119651,-0.024544,0.622975,0.625881,-0.675768,1
1.483000,-0.119651,-0.021476,0.622975,0.625881,-0.737121,1
1.484000,-0.119651,-0.021476,0.622975,0.625881,-0.737114,1
1.485000,-0.119651,-0.021476,0.622975,0.625881,-0.737108,1
1.486000,-0.119651,-0.021476,0.622975,0.625881,-0.737101,1
1.487000,-0.119651,-0.021476,0.622975,0.625881,-0.737095,1
1.488000,-0.119651,-0.021476,0.622975,0.625881,-0.737089,1
1.489000,-0.119651,-0.021476,0.622975,0.625881,-0.737082,1
1.490000,-0.116583,-0.021476,0.622975,0.625881,-0.730940,1
1.491000,-0.113515,-0.021476,0.919212,0.608504,0.000000,1
1.492000,-0.113515,-0.021476,0.919212,0.608504,0.000000,1
1.493000,-0.113515,-0.021476,0.919212,0.507787,0.000000,1
1.494000,-0.113515,-0.021476,0.919212,0.507787,0.000000,1
1.495000,-0.113515,-0.021476,0.919212,0.507787,0.000000,1
1.496000,-0.113515,-0.021476,0.919212,0.507787,0.000000,1
1.497000,-0.113515,-0.021476,0.919212,0.507787,0.000000,1
1.498000,-0.113515,-0.021476,0.919212,0.507787,0.000000,1
1.499000,-0.113515,-0.021476,0.919212,0.507787,0.000000,1
1.500000,-0.113515,-0.021476,0.919212,0.507787,0.000000,1
1.501000,-0.113515,-0.021476,0.919212,0.507787,0.000000,1
1.502000,-0.113515,-0.021476,0.919212,0.451702,0.519868,1
1.503000,-0.113515,-0.021476,0.919212,0.451702,0.519875,1
1.504000,-0.113515,-0.021476,0.919212,0.451702,0.519881,1
1.505000,-0.113515,-0.021476,0.919212,0.451702,0.519888,1
1.506000,-0.113515,-0.021476,0.919212,0.451702,0.519894,1
1.507000,-0.113515,-0.021476,0.919212,0.451702,0.519901,1
1.508000,-0.113515,-0.021476,0.919212,0.406728,0.609855,1
1.509000,-0.113515,-0.021476,0.919212,0.406728,0.609862,1
1.510000,-0.113515,-0.021476,0.919212,0.406728,0.609868,1
1.511000,-0.110447,-0.024544,0.696475,-0.339275,1.946640,1
1.512000,-0.110447,-0.024544,0.696475,-0.339275,1.946648,1
1.513000,-0.110447,-0.024544,0.696475,-0.339275,1.946655,1
1.514000,-0.110447,-0.024544,0.696475,-0.339275,1.946663,1
1.515000,-0.110447,-0.024544,0.696475,-0.339275,1.946670,1
1.516000,-0.110447,-0.024544,0.696475,-0.339275,1.946677,1
1.517000,-0.110447,-0.024544,0.696475,-0.339275,1.946685,1
1.518000,-0.110447,-0.024544,0.696475,-0.339275,1.946692,1
1.519000,-0.110447,-0.024544,0.696475,-0.339275,1.946699,1
1.520000,-0.110447,-0.024544,0.595227,-0.313314,1.793535,1
1.521000,-0.110447,-0.024544,0.595227,-0.313314,1.793542,1
1.522000,-0.110447,-0.024544,0.595227,-0.313314,1.793549,1
1.523000,-0.110447,-0.027612,0.414317,-0.255616,1.558612,1
1.524000,-0.110447,-0.027612,0.414317,-0.255616,1.558621,1
1.525000,-0.110447,-0.027612,0.414317,-0.255616,1.558629,1
1.526000,-0.110447,-0.027612,0.414317,-0.255616,1.558637,1
1.527000,-0.110447,-0.027612,0.414317,-0.255616,1.558645,1
1.528000,-0.110447,-0.027612,0.414317,-0.255616,1.558654,1
1.529000,-0.107379,-0.027612,0.376261,-0.255616,1.526742,1
1.530000,-0.107379,-0.027612,0.376261,-0.255616,1.526750,1
1.531000,-0.107379,-0.027612,0.376261,-0.255616,1.526758,1
1.532000,-0.104311,-0.027612,0.317781,-0.255616,1.474423,1
1.533000,-0.098175,-0.024544,0.314981,-0.255616,1.422543,1
1.534000,-0.095107,-0.021476,0.314981,-0.255616,1.367326,1
1.535000,-0.095107,-0.021476,0.314981,-0.255616,1.367332,1
1.536000,-0.095107,-0.021476,0.314981,-0.255616,1.367339,1
1.537000,-0.095107,-0.021476,0.314981,-0.255616,1.367345,1
1.538000,-0.095107,-0.021476,0.314981,-0.255616,1.367352,1
1.539000,-0.095107,-0.021476,0.314981,-0.255616,1.367358,1
1.540000,-0.092039,-0.021476,0.314981,-0.255616,1.373501,1
1.541000,-0.092039,-0.021476,0.314981,-0.255616,1.373507,1
1.542000,-0.092039,-0.021476,0.314981,-0.255616,1.373513,1
1.543000,-0.092039,-0.021476,0.314981,-0.255616,1.373520,1
1.544000,-0.092039,-0.021476,0.314981,-0.255616,1.373526,1
1.545000,-0.088971,-0.018408,0.824844,0.634621,-0.552303,1
1.546000,-0.082835,-0.015340,0.824844,0.634621,-0.601385,1
1.547000,-0.082835,-0.015340,0.824844,0.634621,-0.601381,1
1.548000,-0.082835,-0.015340,0.824844,0.634621,-0.601376,1
1.549000,-0.082835,-0.015340,0.824844,0.634621,-0.601372,1
1.550000,-0.082835,-0.015340,0.824844,0.634621,-0.601367,1
1.551000,-0.082835,-0.015340,0.824844,0.634621,-0.601362,1
1.552000,-0.082835,-0.015340,0.824844,0.634621,-0.601358,1
1.553000,-0.082835,-0.015340,0.824844,0.634621,-0.601353,1
1.554000,-0.076699,-0.009204,1.473088,0.634621,0.536447,1
1.555000,-0.076699,-0.009204,1.473088,0.634621,0.536450,1
1.556000,-0.076699,-0.009204,1.473088,0.634621,0.536453,1
1.557000,-0.064427,-0.003068,1.758708,1.168667,-0.944194,1
1.558000,-0.058291,0.003068,1.758708,1.168667,-1.054642,1
1.559000,-0.052155,0.006136,1.712978,1.342596,-1.497318,1
1.560000,-0.052155,0.006136,1.712978,1.342596,-1.497320,1
1.561000,-0.052155,0.006136,1.712978,1.342596,-1.497322,1
1.562000,-0.052155,0.006136,1.712978,1.342596,-1.497323,1
1.563000,-0.052155,0.006136,1.712978,1.342596,-1.497325,1
1.564000,-0.052155,0.006136,1.712978,1.342596,-1.497327,1
1.565000,-0.052155,0.006136,1.712978,1.342596,-1.497329,1
1.566000,-0.052155,0.009204,1.712978,1.342596,-1.558691,1
1.567000,-0.046019,0.012272,1.712978,1.342596,-1.607782,1
1.568000,-0.046019,0.012272,1.683824,1.204006,-1.359761,1
1.569000,-0.046019,0.012272,1.683824,1.204006,-1.359764,1
1.570000,-0.042951,0.012272,1.481724,1.097016,-1.341752,1
1.571000,-0.042951,0.012272,1.322892,1.007461,-1.321478,1
1.572000,-0.042951,0.015340,1.193040,0.930346,-1.358463,1
1.573000,-0.042951,0.015340,1.087303,0.864767,-1.333047,1
1.574000,-0.042951,0.015340,1.087303,0.864767,-1.333051,1
1.575000,-0.042951,0.015340,1.087303,0.864767,-1.333056,1
1.576000,-0.039884,0.015340,1.355581,0.714049,-0.757211,1
1.577000,-0.039884,0.015340,1.355581,0.674991,-0.679099,1
1.578000,-0.039884,0.015340,1.355581,0.639466,-0.608055,1
1.579000,-0.039884,0.015340,1.355581,0.607805,-0.544737,1
1.580000,-0.039884,0.015340,1.355581,0.579279,-0.487690,1
1.581000,-0.036816,0.015340,1.355581,0.553096,0.000000,1
1.582000,-0.036816,0.015340,1.355581,0.529387,0.000000,1
1.583000,-0.036816,0.015340,1.325206,0.507262,0.000000,1
1.584000,-0.036816,0.015340,1.196611,0.487220,-0.456423,1
1.585000,-0.036816,0.015340,0.755089,0.393529,-0.710568,1
1.586000,-0.036816,0.015340,0.755089,0.393529,-0.710573,1
1.587000,-0.036816,0.015340,0.755089,0.393529,-0.710577,1
1.588000,-0.036816,0.015340,0.755089,0.393529,-0.710582,1
1.589000,-0.036816,0.015340,0.755089,0.393529,-0.710586,1
1.590000,-0.036816,0.015340,0.755089,0.393529,-0.710591,1
1.591000,-0.036816,0.015340,0.755089,0.393529,-0.710596,1
1.592000,-0.036816,0.015340,0.755089,0.393529,-0.710600,1
1.593000,-0.036816,0.015340,0.755089,0.393529,-0.710605,1
1.594000,-0.036816,0.015340,0.755089,0.393529,-0.710609,1
1.595000,-0.036816,0.015340,0.711053,0.381224,-0.730040,1
1.596000,-0.033748,0.012272,0.551400,-0.329997,1.200240,1
1.597000,-0.033748,0.012272,0.527758,-0.321381,1.159362,1
1.598000,-0.033748,0.012272,0.506072,-0.313208,1.121326,1
1.599000,-0.033748,0.009204,0.419546,-0.295704,1.061149,1
1.600000,-0.033748,0.009204,0.419546,-0.295704,1.061146,1
1.601000,-0.033748,0.009204,0.419546,-0.295704,1.061143,1
1.602000,-0.033748,0.009204,0.419546,-0.295704,1.061140,1
1.603000,-0.033748,0.009204,0.419546,-0.295704,1.061138,1
1.604000,-0.033748,0.009204,0.419546,-0.295704,1.061135,1
1.605000,-0.030680,0.009204,0.405543,-0.295704,1.053264,1
1.606000,-0.030680,0.009204,0.380476,-0.295704,1.028194,1
1.607000,-0.030680,0.009204,0.368999,-0.295704,1.016715,1
1.608000,-0.030680,0.009204,0.358227,-0.295704,1.005941,1
1.609000,-0.030680,0.009204,0.348074,-0.295704,0.995784,1
1.610000,-0.027612,0.009204,0.493437,-0.295704,1.147281,1
1.611000,-0.027612,0.009204,0.493437,-0.295704,1.147278,1
1.612000,-0.027612,0.009204,0.493437,-0.295704,1.147275,1
1.613000,-0.027612,0.009204,0.493437,-0.295704,1.147273,1
1.614000,-0.027612,0.009204,0.493437,-0.295704,1.147270,1
1.615000,-0.027612,0.009204,0.493437,-0.295704,1.147267,1
1.616000,-0.021476,0.012272,0.493437,-0.295704,1.098176,1
1.617000,-0.012272,0.018408,0.484646,0.502789,-1.211917,1
1.618000,-0.009204,0.021476,0.484646,0.502789,-1.267147,1
1.619000,-0.009204,0.021476,0.484646,0.502789,-1.267154,1
1.620000,-0.009204,0.021476,0.484646,0.502789,-1.267160,1
1.621000,-0.009204,0.021476,0.484646,0.502789,-1.267166,1
1.622000,-0.009204,0.021476,0.484646,0.502789,-1.267173,1
1.623000,-0.009204,0.021476,0.484646,0.502789,-1.267179,1
1.624000,-0.009204,0.021476,0.484646,0.502789,-1.267186,1
1.625000,-0.009204,0.021476,0.484646,0.502789,-1.267192,1
1.626000,-0.009204,0.021476,0.484646,0.502789,-1.267199,1
1.627000,-0.009204,0.021476,0.484646,0.502789,-1.267205,1
1.628000,-0.009204,0.021476,0.484646,0.502789,-1.267211,1
1.629000,-0.009204,0.021476,0.484646,0.502789,-1.267218,1
1.630000,-0.009204,0.021476,0.484646,0.502789,-1.267224,1
1.631000,-0.009204,0.021476,0.484646,0.502789,-1.267231,1
1.632000,-0.009204,0.021476,0.484646,0.502789,-1.267237,1
1.633000,-0.009204,0.021476,0.484646,0.502789,-1.267244,1
1.634000,-0.009204,0.021476,0.484646,0.502789,-1.267250,1
1.635000,-0.009204,0.021476,0.484646,0.502789,-1.267257,1
1.636000,-0.009204,0.021476,0.484646,0.502789,-1.267263,1
1.637000,-0.003068,0.024544,1.100019,0.502789,-0.700984,1
1.638000,-0.003068,0.024544,1.100019,0.502789,-0.700992,1
1.639000,-0.003068,0.024544,1.100019,0.502789,-0.700999,1
1.640000,-0.003068,0.027612,1.100019,0.502789,-0.762367,1
1.641000,0.000000,0.027612,1.100019,0.502789,-0.756239,1
1.642000,0.000000,0.027612,1.100019,0.502789,-0.756247,1
1.643000,0.000000,0.027612,1.100019,0.502789,-0.756256,1
1.644000,0.000000,0.027612,1.100019,0.502789,-0.756264,1
1.645000,0.003068,0.027612,1.100019,0.502789,-0.750136,1
1.646000,0.003068,0.027612,0.987349,0.502789,-0.862815,1
1.647000,0.003068,0.027612,0.913664,0.502789,-0.936508,1
1.648000,0.003068,0.027612,0.850549,0.502789,-0.999632,1
1.649000,0.003068,0.027612,0.850549,0.502789,-0.999640,1
1.650000,0.003068,0.027612,0.795598,0.502789,-1.054599,1
1.651000,0.003068,0.027612,0.795598,0.502789,-1.054607,1
1.652000,0.003068,0.027612,0.795598,0.502789,-1.054615,1
1.653000,0.003068,0.027612,0.795598,0.502789,-1.054624,1
1.654000,0.003068,0.027612,0.746798,0.485425,-1.068704,1
1.655000,0.003068,0.027612,0.572820,0.405269,-1.082377,1
1.656000,0.003068,0.027612,0.547270,0.392426,-1.082250,1
1.657000,0.003068,0.027612,0.547270,0.392426,-1.082258,1
1.658000,0.003068,0.027612,0.547270,0.392426,-1.082267,1
1.659000,0.003068,0.027612,0.547270,0.392426,-1.082275,1
1.660000,0.003068,0.027612,0.523709,0.380162,-1.081316,1
1.661000,0.003068,0.027612,0.464426,0.347923,-1.076130,1
1.662000,0.003068,0.027612,0.447429,0.338296,-1.073881,1
1.663000,0.003068,0.024544,0.431716,-0.329236,0.906821,1
1.664000,0.003068,0.024544,0.431716,-0.329236,0.906814,1
1.665000,0.003068,0.024544,0.416977,-0.320594,0.874784,1
1.666000,0.003068,0.024544,0.416977,-0.320594,0.874777,1
1.667000,0.003068,0.024544,0.416977,-0.320594,0.874769,1
1.668000,0.003068,0.024544,0.416977,-0.320594,0.874762,1
1.669000,0.003068,0.024544,0.416977,-0.320594,0.874755,1
1.670000,0.003068,0.024544,0.416977,-0.320594,0.874747,1
1.671000,0.003068,0.024544,0.390458,-0.304684,0.816401,1
1.672000,0.003068,0.024544,0.390458,-0.304684,0.816394,1
1.673000,0.003068,0.024544,0.390458,-0.304684,0.816386,1
1.674000,0.000000,0.018408,0.811017,-0.294099,1.332353,1
1.675000,0.000000,0.018408,0.811017,-0.294099,1.332347,1
1.676000,0.000000,0.018408,0.811017,-0.294099,1.332342,1
1.677000,0.000000,0.018408,0.811017,-0.294099,1.332336,1
1.678000,0.000000,0.018408,0.811017,-0.294099,1.332330,1
1.679000,0.000000,0.018408,0.811017,-0.294099,1.332325,1
1.680000,0.000000,0.018408,0.811017,-0.294099,1.332319,1
1.681000,0.000000,0.018408,0.811017,-0.294099,1.332314,1
1.682000,0.000000,0.018408,0.811017,-0.294099,1.332308,1
1.683000,0.000000,0.015340,0.811017,-0.294099,1.393663,1
1.684000,0.000000,0.015340,-0.709510,-0.294099,-0.726868,1
1.685000,0.003068,0.015340,0.671046,-0.294099,1.259819,1
1.686000,0.003068,0.015340,0.671046,-0.294099,1.259815,1
1.687000,0.003068,0.015340,0.671046,-0.294099,1.259810,1
1.688000,0.003068,0.015340,0.636087,-0.294099,1.224846,1
1.689000,0.003068,0.015340,0.636087,-0.294099,1.224842,1
1.690000,0.003068,0.015340,0.576246,-0.294099,1.164996,1
1.691000,0.003068,0.015340,0.576246,-0.294099,1.164992,1
1.692000,0.003068,0.015340,0.576246,-0.294099,1.164987,1
1.693000,0.003068,0.015340,0.526798,-0.294099,1.115534,1
1.694000,0.003068,0.015340,0.526798,-0.294099,1.115530,1
1.695000,0.003068,0.015340,0.526798,-0.294099,1.115525,1
1.696000,0.003068,0.015340,0.526798,-0.294099,1.115520,1
1.697000,0.003068,0.015340,0.526798,-0.294099,1.115516,1
1.698000,0.003068,0.015340,0.526798,-0.294099,1.115511,1
1.699000,0.006136,0.015340,0.466892,-0.294099,1.061736,1
1.700000,0.006136,0.015340,0.466892,-0.294099,1.061732,1
1.701000,0.006136,0.015340,0.466892,-0.294099,1.061727,1
1.702000,0.009204,0.018408,0.297422,-0.432642,1.114115,1
1.703000,0.015340,0.021476,0.297422,-0.432642,1.065021,1
1.704000,0.015340,0.024544,0.297422,-0.432642,1.003655,1
1.705000,0.015340,0.024544,0.297422,-0.432642,1.003647,1
1.706000,0.015340,0.024544,0.297422,-0.432642,1.003640,1
1.707000,0.015340,0.024544,0.297422,-0.432642,1.003633,1
1.708000,0.015340,0.024544,0.297422,-0.432642,1.003625,1
1.709000,0.018408,0.024544,0.297422,-0.432642,1.009754,1
1.710000,0.018408,0.024544,0.297422,-0.432642,1.009746,1
1.711000,0.018408,0.024544,0.297422,-0.432642,1.009739,1
1.712000,0.021476,0.027612,0.686108,-0.432642,1.343193,1
1.713000,0.024544,0.033748,0.686108,0.844184,-1.927052,1
1.714000,0.027612,0.033748,0.686108,0.844184,-1.920927,1
1.715000,0.027612,0.036816,0.686108,0.844184,-1.982297,1
1.716000,0.027612,0.039884,0.686108,0.844184,-2.043668,1
1.717000,0.030680,0.039884,0.686108,0.844184,-2.037544,1
1.718000,0.030680,0.042951,0.686108,1.542316,-3.495181,1
1.719000,0.030680,0.042951,0.686108,1.542316,-3.495193,1
1.720000,0.033748,0.042951,1.132784,1.542316,-3.042394,1
1.721000,0.033748,0.042951,1.132784,1.542316,-3.042407,1
1.722000,0.033748,0.046019,1.132784,1.542316,-3.103780,1
1.723000,0.033748,0.046019,1.132784,1.542316,-3.103793,1
1.724000,0.033748,0.046019,1.132784,1.542316,-3.103807,1
1.725000,0.033748,0.046019,1.132784,1.542316,-3.103821,1
1.726000,0.033748,0.046019,1.132784,1.411328,-2.841858,1
1.727000,0.033748,0.046019,1.132784,1.265793,-2.550802,1
1.728000,0.033748,0.046019,1.132784,1.148080,-2.315391,1
1.729000,0.033748,0.046019,1.132784,1.049590,-2.118423,1
1.730000,0.033748,0.046019,1.132784,0.967327,-1.953912,1
1.731000,0.033748,0.046019,1.085837,0.896803,-1.859825,1
1.732000,0.030680,0.046019,-0.996645,0.835081,-3.825012,1
1.733000,0.030680,0.042951,-0.921918,-0.781972,-0.454833,1
1.734000,0.030680,0.042951,-0.921918,-0.781972,-0.454846,1
1.735000,0.030680,0.042951,-0.921918,-0.781972,-0.454859,1
1.736000,0.030680,0.042951,-0.921918,-0.781972,-0.454872,1
1.737000,0.027612,0.039884,-0.708874,-0.623127,-0.504308,1
1.738000,0.027612,0.039884,-0.670373,-0.593180,-0.525712,1
1.739000,0.024544,0.039884,-0.676942,-0.565716,-0.593357,1
1.740000,0.024544,0.039884,-0.676942,-0.540865,-0.643070,1
1.741000,0.024544,0.036816,-0.676942,-0.517960,-0.627532,1
1.742000,0.024544,0.036816,-0.676942,-0.496945,-0.669574,1
1.743000,0.021476,0.036816,-0.676942,-0.477648,-0.714315,1
1.744000,0.021476,0.033748,-0.676942,-0.468866,-0.670530,1
1.745000,0.021476,0.033748,-0.676942,-0.468866,-0.670540,1
1.746000,0.021476,0.033748,-0.676942,-0.468866,-0.670550,1
1.747000,0.018408,0.030680,-0.676942,-0.468866,-0.615336,1
1.748000,0.018408,0.030680,-0.676942,-0.468866,-0.615346,1
1.749000,0.018408,0.030680,-0.676942,-0.468866,-0.615355,1
1.750000,0.018408,0.030680,-0.676942,-0.468866,-0.615364,1
1.751000,0.015340,0.027612,-0.676942,-0.468866,-0.560149,1
1.752000,0.015340,0.027612,-0.676942,-0.468866,-0.560157,1
1.753000,0.015340,0.024544,-0.676942,-0.468866,-0.498805,1
1.754000,0.012272,0.024544,-0.791577,-0.468866,-0.619584,1
1.755000,0.012272,0.024544,-0.791577,-0.468866,-0.619591,1
1.756000,0.012272,0.024544,-0.791577,-0.468866,-0.619598,1
1.757000,0.012272,0.024544,-0.791577,-0.468866,-0.619606,1
1.758000,0.012272,0.024544,-0.791577,-0.468866,-0.619613,1
1.759000,0.012272,0.024544,-0.791577,-0.468866,-0.619621,1
1.760000,0.006136,0.015340,-0.791577,-1.002735,1.219920,1
1.761000,0.003068,0.012272,-0.791577,-1.002735,1.275139,1
1.762000,0.003068,0.012272,-0.791577,-1.002735,1.275135,1
1.763000,0.003068,0.012272,-0.791577,-1.002735,1.275132,1
1.764000,0.003068,0.012272,-0.791577,-1.002735,1.275128,1
1.765000,0.003068,0.012272,-0.791577,-1.002735,1.275124,1
1.766000,0.000000,0.012272,-0.939420,-1.002735,1.121143,1
1.767000,-0.003068,0.006136,-0.939420,-1.186321,1.604895,1
1.768000,-0.003068,0.006136,-0.939420,-1.186321,1.604893,1
1.769000,-0.003068,0.006136,-0.939420,-1.186321,1.604891,1
1.770000,-0.003068,0.003068,-0.939420,-1.186321,1.666250,1
1.771000,-0.003068,0.003068,-0.939420,-1.186321,1.666249,1
1.772000,-0.006136,0.000000,-0.939420,-1.186321,1.721472,1
1.773000,-0.006136,0.000000,-0.939420,-1.186321,1.721472,1
1.774000,-0.006136,0.000000,-0.939420,-1.186321,1.721472,1
1.775000,-0.012272,-0.003068,-1.107653,-1.253604,1.736894,1
1.776000,-0.012272,-0.003068,-1.107653,-1.253604,1.736894,1
1.777000,-0.012272,-0.003068,-1.107653,-1.253604,1.736895,1
1.778000,-0.012272,-0.003068,-1.107653,-1.253604,1.736896,1
1.779000,-0.012272,-0.003068,-1.107653,-1.253604,1.736897,1
1.780000,-0.012272,-0.003068,-1.107653,-1.253604,1.736898,1
1.781000,-0.012272,-0.003068,-1.107653,-1.253604,1.736899,1
1.782000,-0.012272,-0.003068,-1.107653,-1.253604,1.736900,1
1.783000,-0.012272,-0.003068,-1.107653,-1.253604,1.736901,1
1.784000,-0.012272,-0.003068,-1.107653,-1.253604,1.736902,1
1.785000,-0.012272,-0.003068,-1.107653,-1.253604,1.736903,1
1.786000,-0.012272,-0.003068,-1.107653,-1.209019,1.647733,1
1.787000,-0.012272,-0.003068,-1.107653,-1.101152,1.431999,1
1.788000,-0.012272,-0.003068,-0.887800,-0.760217,0.969985,1
1.789000,-0.012272,-0.003068,-0.887800,-0.760217,0.969986,1
1.790000,-0.012272,0.000000,-0.827766,0.715766,-2.583306,1
1.791000,-0.012272,0.000000,-0.827766,0.715766,-2.583306,1
1.792000,-0.012272,0.003068,-0.619030,0.554181,-2.112760,1
1.793000,-0.012272,0.003068,-0.619030,0.554181,-2.112761,1
1.794000,-0.012272,0.003068,-0.619030,0.554181,-2.112762,1
1.795000,-0.012272,0.003068,-0.619030,0.554181,-2.112763,1
1.796000,-0.009204,0.006136,0.537613,0.516177,-0.935336,1
1.797000,-0.009204,0.006136,0.537613,0.516177,-0.935338,1
1.798000,-0.009204,0.006136,0.537613,0.516177,-0.935340,1
1.799000,-0.009204,0.012272,0.475171,0.516177,-1.120504,1
1.800000,-0.009204,0.012272,0.475171,0.516177,-1.120507,1
1.801000,-0.009204,0.012272,0.475171,0.516177,-1.120511,1
1.802000,-0.009204,0.012272,0.475171,0.516177,-1.120515,1
1.803000,-0.006136,0.012272,0.457425,0.516177,-1.132129,1
1.804000,-0.006136,0.012272,0.457425,0.516177,-1.132132,1
1.805000,-0.006136,0.012272,0.440961,0.516177,-1.148600,1
1.806000,-0.006136,0.012272,0.440961,0.516177,-1.148604,1
1.807000,-0.006136,0.012272,0.440961,0.516177,-1.148608,1
1.808000,-0.006136,0.012272,0.440961,0.516177,-1.148611,1
1.809000,-0.006136,0.012272,0.440961,0.516177,-1.148615,1
1.810000,-0.006136,0.012272,0.411474,0.516177,-1.178106,1
1.811000,-0.006136,0.012272,0.411474,0.516177,-1.178109,1
1.812000,-0.006136,0.012272,0.411474,0.516177,-1.178113,1
1.813000,-0.006136,0.015340,0.352397,0.516177,-1.298554,1
1.814000,-0.006136,0.015340,0.342505,0.516177,-1.308451,1
1.815000,-0.006136,0.015340,0.333238,0.516177,-1.317722,1
1.816000,-0.006136,0.015340,0.324412,0.516177,-1.326553,1
1.817000,-0.006136,0.015340,0.316071,0.516177,-1.334899,1
1.818000,-0.006136,0.015340,0.308115,0.516177,-1.342859,1
1.819000,-0.006136,0.015340,0.300594,0.516177,-1.350384,1
1.820000,-0.006136,0.015340,0.300594,0.516177,-1.350389,1
1.821000,-0.006136,0.015340,0.300594,0.516177,-1.350393,1
1.822000,-0.006136,0.015340,0.293431,0.516177,-1.357561,1
1.823000,-0.006136,0.015340,0.293431,0.516177,-1.357566,1
1.824000,-0.006136,0.015340,0.293431,0.516177,-1.357570,1
1.825000,-0.006136,0.015340,0.293431,0.516177,-1.357575,1
1.826000,-0.006136,0.015340,0.293431,0.516177,-1.357580,1
1.827000,-0.006136,0.015340,0.273782,0.516177,-1.377233,1
1.828000,-0.009204,0.015340,-0.246293,0.432602,-1.736300,1
1.829000,-0.009204,0.015340,-0.236790,0.404116,-1.669829,1
1.830000,-0.012272,0.012272,-0.443633,-0.379141,0.000000,1
1.831000,-0.012272,0.012272,-0.443633,-0.379141,0.000000,1
1.832000,-0.012272,0.012272,-0.443633,-0.379141,0.000000,1
1.833000,-0.012272,0.009204,-0.443633,-0.361098,0.000000,1
1.834000,-0.012272,0.009204,-0.443633,-0.361098,0.000000,1
1.835000,-0.012272,0.009204,-0.443633,-0.361098,0.000000,1
1.836000,-0.012272,0.009204,-0.443633,-0.361098,0.000000,1
1.837000,-0.015340,0.009204,-0.443633,-0.361098,0.000000,1
1.838000,-0.018408,0.006136,-0.443633,-0.361098,0.000000,1
1.839000,-0.018408,0.006136,-0.443633,-0.361098,0.000000,1
1.840000,-0.018408,0.006136,-0.443633,-0.361098,0.000000,1
1.841000,-0.018408,0.006136,-0.443633,-0.361098,0.000000,1
1.842000,-0.021476,0.006136,-0.443633,-0.361098,0.000000,1
1.843000,-0.021476,0.003068,-0.443633,-0.361098,0.474613,1
1.844000,-0.021476,0.003068,-0.443633,-0.361098,0.474612,1
1.845000,-0.021476,0.003068,-0.443633,-0.361098,0.474611,1
1.846000,-0.024544,0.003068,-0.309744,-0.361098,0.602363,1
1.847000,-0.024544,0.003068,-0.309744,-0.361098,0.602362,1
1.848000,-0.024544,0.003068,-0.309744,-0.361098,0.602361,1
1.849000,-0.027612,0.000000,-0.309744,-0.361098,0.657585,1
1.850000,-0.027612,0.000000,-0.309744,-0.361098,0.657585,1
1.851000,-0.027612,0.000000,-0.309744,-0.361098,0.657585,1
1.852000,-0.027612,0.000000,-0.309744,-0.361098,0.657585,1
1.853000,-0.027612,0.000000,-0.309744,-0.361098,0.657585,1
1.854000,-0.027612,0.000000,-0.309744,-0.361098,0.657585,1
1.855000,-0.027612,0.000000,-0.309744,-0.361098,0.657585,1
1.856000,-0.027612,0.000000,-0.309744,-0.361098,0.657585,1
1.857000,-0.027612,0.000000,-0.309744,-0.361098,0.657585,1
1.858000,-0.027612,0.000000,-0.309744,-0.361098,0.657585,1
1.859000,-0.033748,-0.006136,-0.309744,-0.691162,1.428161,1
1.860000,-0.033748,-0.006136,-0.309744,-0.691162,1.428163,1
1.861000,-0.033748,-0.006136,-0.309744,-0.691162,1.428165,1
1.862000,-0.033748,-0.006136,-0.309744,-0.691162,1.428167,1
1.863000,-0.033748,-0.006136,-0.309744,-0.691162,1.428169,1
1.864000,-0.033748,-0.006136,-0.309744,-0.691162,1.428171,1
1.865000,-0.036816,-0.006136,-0.806683,-0.691162,0.925098,1
1.866000,-0.036816,-0.006136,-0.806683,-0.691162,0.925100,1
1.867000,-0.036816,-0.006136,-0.806683,-0.691162,0.925102,1
1.868000,-0.036816,-0.006136,-0.806683,-0.691162,0.925103,1
1.869000,-0.036816,-0.006136,-0.806683,-0.691162,0.925105,1
1.870000,-0.036816,-0.006136,-0.806683,-0.658592,0.859968,1
1.871000,-0.036816,-0.006136,-0.806683,-0.625060,0.792904,1
1.872000,-0.036816,-0.006136,-0.806683,-0.594673,0.732134,1
1.873000,-0.036816,-0.006136,-0.806683,-0.519335,0.581458,1
1.874000,-0.036816,-0.006136,-0.806683,-0.519335,0.581460,1
1.875000,-0.036816,-0.006136,-0.806683,-0.519335,0.581462,1
1.876000,-0.036816,-0.006136,-0.806683,-0.498160,0.539115,1
1.877000,-0.036816,-0.006136,-0.806683,-0.460702,0.464201,1
1.878000,-0.036816,-0.006136,-0.806683,-0.460702,0.464203,1
1.879000,-0.036816,-0.006136,-0.806683,-0.460702,0.464205,1
1.880000,-0.036816,-0.006136,-0.806683,-0.460702,0.464207,1
1.881000,-0.036816,-0.006136,-0.806683,-0.460702,0.464209,1
1.882000,-0.036816,-0.006136,-0.806683,-0.460702,0.464210,1
1.883000,-0.036816,-0.003068,-0.806683,0.444191,-2.006935,1
1.884000,-0.036816,-0.003068,-0.667016,0.387961,-1.754806,1
1.885000,-0.036816,0.000000,-0.547857,0.344393,-1.609870,1
1.886000,-0.036816,0.003068,-0.483303,0.317716,-1.553324,1
1.887000,-0.036816,0.003068,-0.447939,0.301973,-1.486475,1
1.888000,-0.036816,0.003068,-0.403635,0.281226,-1.400678,1
1.889000,-0.036816,0.003068,-0.403635,0.281226,-1.400678,1
1.890000,-0.036816,0.003068,-0.403635,0.281226,-1.400679,1
1.891000,-0.036816,0.003068,-0.403635,0.281226,-1.400680,1
1.892000,-0.036816,0.003068,-0.403635,0.281226,-1.400681,1
1.893000,-0.036816,0.003068,-0.403635,0.281226,-1.400682,1
1.894000,-0.036816,0.003068,-0.403635,0.281226,-1.400683,1
1.895000,-0.036816,0.003068,-0.403635,0.281226,-1.400684,1
1.896000,-0.036816,0.003068,-0.403635,0.281226,-1.400685,1
1.897000,-0.036816,0.003068,-0.403635,0.281226,-1.400686,1
1.898000,-0.036816,0.003068,-0.403635,0.281226,-1.400687,1
1.899000,-0.036816,0.003068,-0.403635,0.281226,-1.400688,1
1.900000,-0.036816,0.003068,-0.403635,0.281226,-1.400689,1
1.901000,-0.036816,0.003068,-0.403635,0.281226,-1.400689,1
1.902000,-0.039884,0.003068,-0.356763,0.257642,-1.312786,1
1.903000,-0.039884,0.000000,-0.319608,-0.237688,0.000000,1
1.904000,-0.042951,0.000000,-0.311478,-0.233162,0.000000,1
1.905000,-0.042951,0.000000,-0.311478,-0.233162,0.000000,1
1.906000,-0.042951,0.000000,-0.311478,-0.233162,0.000000,1
1.907000,-0.042951,0.000000,-0.311478,-0.233162,0.000000,1
1.908000,-0.042951,0.000000,-0.311478,-0.233162,0.000000,1
1.909000,-0.042951,0.000000,-0.303757,-0.228808,0.000000,1
1.910000,-0.042951,0.000000,-0.303757,-0.228808,0.000000,1
1.911000,-0.042951,0.000000,-0.303757,-0.228808,0.000000,1
1.912000,-0.046019,-0.003068,-0.276400,-0.223904,0.000000,1
1.913000,-0.046019,-0.003068,-0.276400,-0.223904,0.000000,1
1.914000,-0.046019,-0.003068,-0.276400,-0.223904,0.000000,1
1.915000,-0.046019,-0.003068,-0.276400,-0.223904,0.000000,1
1.916000,-0.046019,-0.003068,-0.276400,-0.223904,0.000000,1
1.917000,-0.046019,-0.003068,-0.276400,-0.223904,0.000000,1
1.918000,-0.049087,-0.003068,-0.246510,-0.223904,0.464876,1
1.919000,-0.049087,-0.003068,-0.246510,-0.223904,0.464877,1
1.920000,-0.049087,-0.003068,-0.246510,-0.223904,0.464878,1
1.921000,-0.049087,-0.003068,-0.246510,-0.223904,0.464879,1
1.922000,-0.049087,-0.003068,-0.246510,-0.223904,0.464880,1
1.923000,-0.049087,-0.003068,-0.246510,-0.223904,0.464881,1
1.924000,-0.049087,-0.003068,-0.246510,-0.223904,0.464882,1
1.925000,-0.052155,-0.006136,-0.246510,-0.223904,0.520107,1
1.926000,-0.052155,-0.006136,-0.246510,-0.223904,0.520109,1
1.927000,-0.058291,-0.012272,-0.246510,-0.223904,0.630559,1
1.928000,-0.061359,-0.012272,-0.796552,-0.223904,-0.525615,1
1.929000,-0.061359,-0.015340,-0.796552,-0.547449,0.782838,1
1.930000,-0.061359,-0.015340,-0.796552,-0.547449,0.782843,1
1.931000,-0.061359,-0.015340,-0.796552,-0.547449,0.782847,1
1.932000,-0.061359,-0.015340,-0.796552,-0.547449,0.782852,1
1.933000,-0.061359,-0.015340,-0.796552,-0.547449,0.782857,1
1.934000,-0.061359,-0.015340,-0.796552,-0.547449,0.782861,1
1.935000,-0.061359,-0.015340,-0.796552,-0.547449,0.782866,1
1.936000,-0.061359,-0.015340,-0.796552,-0.547449,0.782870,1
1.937000,-0.061359,-0.015340,-0.796552,-0.547449,0.782875,1
1.938000,-0.061359,-0.015340,-0.796552,-0.547449,0.782880,1
1.939000,-0.064427,-0.018408,-0.796552,-0.547449,0.838108,1
1.940000,-0.064427,-0.018408,-0.796552,-0.547449,0.838114,1
1.941000,-0.064427,-0.018408,-0.796552,-0.547449,0.838120,1
1.942000,-0.067495,-0.018408,-0.796552,-0.547449,0.831989,1
1.943000,-0.067495,-0.018408,-0.773783,-0.547449,0.854763,1
1.944000,-0.067495,-0.018408,-0.773783,-0.547449,0.854769,1
1.945000,-0.067495,-0.018408,-0.773783,-0.547449,0.854775,1
1.946000,-0.067495,-0.018408,-0.650708,-0.547449,0.977855,1
1.947000,-0.067495,-0.018408,-0.650708,-0.547449,0.977860,1
1.948000,-0.067495,-0.018408,-0.650708,-0.547449,0.977866,1
1.949000,-0.067495,-0.018408,-0.618085,-0.547449,1.010495,1
1.950000,-0.067495,-0.018408,-0.618085,-0.547449,1.010500,1
1.951000,-0.067495,-0.018408,-0.618085,-0.547449,1.010506,1
1.952000,-0.067495,-0.018408,-0.561343,-0.547449,1.067253,1
1.953000,-0.070563,-0.018408,-0.474692,-0.503130,1.059135,1
1.954000,-0.070563,-0.018408,-0.456894,-0.483179,1.037039,1
1.955000,-0.070563,-0.018408,-0.456894,-0.483179,1.037045,1
1.956000,-0.070563,-0.018408,-0.456894,-0.483179,1.037050,1
1.957000,-0.070563,-0.018408,-0.440515,-0.464899,1.016874,1
1.958000,-0.070563,-0.018408,-0.411069,-0.432224,0.980976,1
1.959000,-0.070563,-0.018408,-0.411069,-0.432224,0.980981,1
1.960000,-0.070563,-0.018408,-0.411069,-0.432224,0.980987,1
1.961000,-0.067495,-0.018408,0.385194,-0.403710,1.726362,1
1.962000,-0.067495,-0.015340,0.352098,0.367506,-0.510519,1
1.963000,-0.067495,-0.015340,0.342263,0.356804,-0.498946,1
1.964000,-0.067495,-0.015340,0.333026,0.346776,-0.488124,1
1.965000,-0.067495,-0.015340,0.324138,0.337150,-0.477755,1
1.966000,-0.067495,-0.012272,0.315796,0.328134,-0.529420,1
1.967000,-0.067495,-0.012272,0.307916,0.319635,-0.520297,1
1.968000,-0.067495,-0.012272,0.286332,0.296439,-0.495486,1
1.969000,-0.067495,-0.009204,0.273592,0.282805,-0.542314,1
1.970000,-0.067495,-0.009204,0.256418,0.264493,-0.522862,1
1.971000,-0.067495,-0.009204,0.251190,0.258934,-0.516970,1
1.972000,-0.067495,-0.009204,0.251190,0.258934,-0.516967,1
1.973000,-0.067495,-0.009204,0.251190,0.258934,-0.516964,1
1.974000,-0.067495,-0.009204,0.251190,0.258934,-0.516962,1
1.975000,-0.067495,-0.009204,0.251190,0.258934,-0.516959,1
1.976000,-0.067495,-0.009204,0.251190,0.258934,-0.516956,1
1.977000,-0.067495,-0.009204,0.251190,0.258934,-0.516953,1
1.978000,-0.067495,-0.009204,0.251190,0.258934,-0.516951,1
1.979000,-0.067495,-0.009204,0.251190,0.258934,-0.516948,1
1.980000,-0.067495,-0.009204,0.251190,0.258934,-0.516945,1
1.981000,-0.067495,-0.009204,0.251190,0.258934,-0.516942,1
1.982000,-0.067495,-0.009204,0.246149,0.253581,-0.511274,1
1.983000,-0.067495,-0.006136,0.219708,0.239589,-0.571089,1
1.984000,-0.067495,-0.006136,0.208505,0.239589,-0.582289,1
1.985000,-0.067495,-0.006136,0.208505,0.239589,-0.582287,1
1.986000,-0.067495,-0.006136,0.208505,0.239589,-0.582286,1
1.987000,-0.067495,-0.006136,0.208505,0.239589,-0.582284,1
1.988000,-0.067495,-0.006136,0.208505,0.239589,-0.582282,1
1.989000,-0.067495,-0.006136,0.201656,0.239589,-0.589129,1
1.990000,-0.067495,-0.006136,0.195243,0.239589,-0.595540,1
1.991000,-0.067495,-0.006136,0.195243,0.239589,-0.595538,1
1.992000,-0.067495,-0.006136,0.195243,0.239589,-0.595537,1
1.993000,-0.067495,-0.006136,0.195243,0.239589,-0.595535,1
1.994000,-0.067495,-0.006136,0.183554,0.239589,-0.607221,1
1.995000,-0.067495,-0.006136,0.183554,0.239589,-0.607220,1
1.996000,-0.067495,-0.006136,0.183554,0.239589,-0.607218,1
1.997000,-0.067495,-0.006136,0.183554,0.239589,-0.607216,1
1.998000,-0.070563,-0.006136,-0.180842,0.239589,-0.977746,1
1.999000,-0.070563,-0.006136,-0.180842,0.239589,-0.977744,1
2.000000,-0.070563,-0.006136,-0.173202,0.239589,-0.970102,1
2.001000,-0.070563,-0.006136,-0.170782,0.239589,-0.967681,1
2.002000,-0.070563,-0.006136,-0.163942,0.239589,-0.960839,1
2.003000,-0.070563,-0.006136,-0.161774,0.239589,-0.958669,1
2.004000,-0.070563,-0.006136,-0.161774,0.239589,-0.958667,1
2.005000,-0.070563,-0.006136,-0.161774,0.239589,-0.958665,1
2.006000,-0.070563,-0.006136,-0.161774,0.239589,-0.958663,1
2.007000,-0.070563,-0.006136,-0.161774,0.239589,-0.958661,1
2.008000,-0.073631,-0.009204,-0.612790,0.239589,-1.354451,1
2.009000,-0.073631,-0.009204,-0.612790,0.239589,-1.354449,1
2.010000,-0.073631,-0.009204,-0.612790,0.239589,-1.354446,1
2.011000,-0.073631,-0.009204,-0.612790,0.239589,-1.354443,1
2.012000,-0.073631,-0.009204,-0.612790,0.239589,-1.354440,1
2.013000,-0.076699,-0.012272,-0.612790,0.239589,-1.299213,1
2.014000,-0.076699,-0.012272,-0.612790,0.239589,-1.299210,1
2.015000,-0.076699,-0.012272,-0.612790,0.239589,-1.299206,1
2.016000,-0.076699,-0.012272,-0.612790,0.239589,-1.299202,1
2.017000,-0.079767,-0.015340,-0.612790,-0.356824,0.548851,1
2.018000,-0.082835,-0.018408,-0.612790,-0.356824,0.604080,1
2.019000,-0.082835,-0.018408,-0.612790,-0.356824,0.604085,1
2.020000,-0.085903,-0.018408,-0.164220,-0.356824,1.046524,1
2.021000,-0.085903,-0.018408,-0.164220,-0.356824,1.046530,1
2.022000,-0.085903,-0.018408,-0.164220,-0.356824,1.046535,1
2.023000,-0.085903,-0.018408,-0.164220,-0.356824,1.046541,1
2.024000,-0.085903,-0.018408,-0.164220,-0.356824,1.046546,1
2.025000,-0.085903,-0.018408,-0.164220,-0.356824,1.046552,1
2.026000,-0.085903,-0.018408,-0.164220,-0.356824,1.046557,1
2.027000,-0.085903,-0.021476,-0.164220,-0.356824,1.107923,1
2.028000,-0.085903,-0.021476,-0.164220,-0.356824,1.107930,1
2.029000,-0.085903,-0.021476,-0.164220,-0.356824,1.107936,1
2.030000,-0.088971,-0.027612,-0.164220,-1.026498,2.563876,1
2.031000,-0.088971,-0.027612,-0.164220,-1.026498,2.563884,1
2.032000,-0.088971,-0.027612,-0.164220,-1.026498,2.563893,1
2.033000,-0.092039,-0.027612,-0.164220,-1.026498,2.557765,1
2.034000,-0.092039,-0.027612,-0.164220,-1.026498,2.557773,1
2.035000,-0.092039,-0.027612,-0.164220,-1.026498,2.557782,1
2.036000,-0.092039,-0.027612,-0.164220,-1.026498,2.557790,1
2.037000,-0.095107,-0.030680,-0.164220,-1.026498,2.613022,1
2.038000,-0.095107,-0.030680,-0.164220,-1.026498,2.613032,1
2.039000,-0.095107,-0.033748,-0.164220,-1.026498,2.674401,1
2.040000,-0.095107,-0.033748,-0.164220,-1.026498,2.674411,1
2.041000,-0.095107,-0.033748,-0.164220,-1.026498,2.674421,1
2.042000,-0.095107,-0.033748,-0.164220,-1.026498,2.674431,1
2.043000,-0.095107,-0.033748,-0.164220,-0.886506,2.394457,1
2.044000,-0.095107,-0.033748,-0.164220,-0.886506,2.394467,1
2.045000,-0.095107,-0.033748,-0.164220,-0.886506,2.394478,1
2.046000,-0.092039,-0.030680,-0.164220,-0.742001,2.050252,1
2.047000,-0.092039,-0.030680,-0.164220,-0.742001,2.050261,1
2.048000,-0.092039,-0.027612,-0.164220,-0.742001,1.988910,1
2.049000,-0.092039,-0.027612,-0.164220,-0.742001,1.988919,1
2.050000,-0.092039,-0.027612,-0.164220,-0.742001,1.988927,1
2.051000,-0.092039,-0.027612,-0.164220,-0.742001,1.988935,1
2.052000,-0.092039,-0.027612,-0.164220,-0.742001,1.988943,1
2.053000,-0.092039,-0.027612,-0.164220,-0.742001,1.988952,1
2.054000,-0.088971,-0.027612,-0.164220,-0.742001,1.995096,1
2.055000,-0.088971,-0.027612,-0.164220,-0.742001,1.995104,1
2.056000,-0.088971,-0.027612,-0.164220,-0.742001,1.995112,1
2.057000,-0.085903,-0.018408,0.876957,-0.742001,2.858354,1
2.058000,-0.085903,-0.018408,0.876957,-0.742001,2.858359,1
2.059000,-0.085903,-0.018408,0.876957,-0.742001,2.858365,1
2.060000,-0.079767,-0.015340,0.876957,1.085420,-1.445559,1
2.061000,-0.079767,-0.015340,0.876957,1.085420,-1.445554,1
2.062000,-0.079767,-0.015340,0.876957,1.085420,-1.445550,1
2.063000,-0.076699,-0.009204,0.454141,1.085420,-1.984946,1
2.064000,-0.076699,-0.009204,0.454141,1.085420,-1.984943,1
2.065000,-0.076699,-0.009204,0.454141,1.085420,-1.984940,1
2.066000,-0.076699,-0.009204,0.454141,1.085420,-1.984938,1
2.067000,-0.070563,-0.003068,0.454141,1.808514,-3.541571,1
2.068000,-0.070563,-0.003068,0.454141,1.808514,-3.541570,1
2.069000,-0.070563,-0.003068,0.454141,1.808514,-3.541569,1
2.070000,-0.061359,0.009204,1.663021,2.731072,-4.404839,1
2.071000,-0.061359,0.009204,1.663021,2.731072,-4.404841,1
2.072000,-0.061359,0.009204,1.663021,2.731072,-4.404844,1
2.073000,-0.061359,0.009204,1.663021,2.731072,-4.404847,1
2.074000,-0.061359,0.009204,1.663021,2.731072,-4.404850,1
2.075000,-0.061359,0.009204,1.663021,2.731072,-4.404853,1
2.076000,-0.058291,0.015340,1.663021,2.608087,-4.275469,1
2.077000,-0.058291,0.015340,1.663021,2.608087,-4.275473,1
2.078000,-0.058291,0.015340,1.663021,2.608087,-4.275478,1
2.079000,-0.049087,0.024544,1.795840,2.058996,-3.210155,1
2.080000,-0.049087,0.024544,1.795840,2.058996,-3.210162,1
2.081000,-0.049087,0.024544,1.795840,2.058996,-3.210170,1
2.082000,-0.049087,0.027612,1.318166,1.140917,-1.913053,1
2.083000,-0.049087,0.027612,1.318166,1.140917,-1.913061,1
2.084000,-0.049087,0.027612,1.318166,1.140917,-1.913070,1
2.085000,-0.049087,0.027612,1.318166,1.140917,-1.913078,1
2.086000,-0.049087,0.027612,1.318166,1.140917,-1.913086,1
2.087000,-0.049087,0.027612,1.190210,1.043792,-1.846799,1
2.088000,-0.052155,0.027612,-0.801406,0.732244,-3.221463,1
2.089000,-0.052155,0.027612,-0.801406,0.732244,-3.221471,1
2.090000,-0.052155,0.027612,-0.801406,0.732244,-3.221480,1
2.091000,-0.058291,0.021476,-0.575739,-0.582140,0.000000,1
2.092000,-0.073631,0.006136,-1.421504,-1.621901,1.853267,1
2.093000,-0.073631,0.006136,-1.421504,-1.621901,1.853265,1
2.094000,-0.079767,-0.003068,-1.421504,-2.605342,3.991952,1
2.095000,-0.079767,-0.003068,-1.421504,-2.605342,3.991953,1
2.096000,-0.085903,-0.015340,-1.887710,-2.028418,2.605070,1
2.097000,-0.088971,-0.015340,-1.887710,-2.028418,2.598939,1
2.098000,-0.088971,-0.015340,-1.874944,-2.028418,2.611710,1
2.099000,-0.088971,-0.015340,-1.874944,-2.028418,2.611714,1
2.100000,-0.088971,-0.015340,-1.874944,-2.028418,2.611719,1
2.101000,-0.088971,-0.015340,-1.874944,-2.028418,2.611724,1
2.102000,-0.088971,-0.015340,-1.874944,-2.028418,2.611728,1
2.103000,-0.088971,-0.015340,-1.874944,-2.028418,2.611733,1
2.104000,-0.088971,-0.015340,-1.874944,-2.028418,2.611737,1
2.105000,-0.088971,-0.015340,-1.874944,-2.028418,2.611742,1
2.106000,-0.088971,-0.015340,-1.874944,-2.028418,2.611747,1
2.107000,-0.088971,-0.015340,-1.874944,-2.028418,2.611751,1
2.108000,-0.088971,-0.015340,-1.874944,-2.028418,2.611756,1
2.109000,-0.088971,-0.015340,-1.874944,-2.028418,2.611760,1
2.110000,-0.088971,-0.015340,-1.874944,-2.028418,2.611765,1
2.111000,-0.088971,-0.015340,-1.874944,-2.028418,2.611770,1
2.112000,-0.088971,-0.015340,-1.874944,-2.028418,2.611774,1
2.113000,-0.088971,-0.015340,-1.874944,-2.028418,2.611779,1
2.114000,-0.088971,-0.015340,-1.874944,-2.028418,2.611783,1
2.115000,-0.088971,-0.015340,-1.874944,-2.028418,2.611788,1
2.116000,-0.088971,-0.015340,-1.874944,-2.028418,2.611793,1
2.117000,-0.088971,-0.015340,-1.874944,-2.028418,2.611797,1
2.118000,-0.088971,-0.015340,-1.874944,-2.028418,2.611802,1
2.119000,-0.088971,-0.015340,-1.874944,-2.028418,2.611806,1
2.120000,-0.088971,-0.015340,-1.874944,-2.028418,2.611811,1
2.121000,-0.088971,-0.015340,-1.874944,-2.028418,2.611816,1
2.122000,-0.088971,-0.018408,-1.625832,-2.028418,2.922293,1
2.123000,-0.088971,-0.018408,-1.625832,-2.028418,2.922298,1
2.124000,-0.088971,-0.018408,-1.625832,-2.028418,2.922304,1
2.125000,-0.092039,-0.018408,-0.905739,-1.081606,1.742642,1
2.126000,-0.092039,-0.018408,-0.905739,-1.081606,1.742648,1
2.127000,-0.092039,-0.018408,-0.905739,-1.081606,1.742653,1
2.128000,-0.088971,-0.015340,-0.977589,0.855699,-2.859027,1
2.129000,-0.085903,-0.012272,-0.977589,0.668856,-2.540559,1
2.130000,-0.085903,-0.009204,-0.977589,0.634468,-2.533140,1
2.131000,-0.085903,-0.009204,-0.977589,0.634468,-2.533137,1
2.132000,-0.085903,-0.009204,-0.977589,0.634468,-2.533135,1
2.133000,-0.085903,-0.006136,-0.977589,0.623768,-2.573091,1
2.134000,-0.085903,-0.006136,-0.977589,0.623768,-2.573089,1
2.135000,-0.085903,-0.006136,-0.977589,0.623768,-2.573087,1
2.136000,-0.085903,-0.006136,-0.977589,0.623768,-2.573085,1
2.137000,-0.085903,-0.006136,-0.977589,0.623768,-2.573084,1
2.138000,-0.085903,-0.006136,-0.977589,0.623768,-2.573082,1
2.139000,-0.085903,-0.006136,-0.977589,0.623768,-2.573080,1
2.140000,-0.085903,-0.006136,-0.977589,0.623768,-2.573078,1
2.141000,-0.085903,-0.003068,0.785171,0.623768,-0.871676,1
2.142000,-0.085903,-0.003068,0.785171,0.623768,-0.871675,1
2.143000,-0.085903,-0.003068,0.785171,0.623768,-0.871675,1
2.144000,-0.085903,-0.003068,0.785171,0.623768,-0.871674,1
2.145000,-0.088971,-0.003068,-0.658935,0.623768,-2.321915,1
2.146000,-0.088971,-0.003068,-0.658935,0.623768,-2.321914,1
2.147000,-0.088971,-0.003068,-0.658935,0.623768,-2.321913,1
2.148000,-0.088971,-0.003068,-0.658935,0.623768,-2.321913,1
2.149000,-0.088971,-0.003068,-0.658935,0.623768,-2.321912,1
2.150000,-0.088971,-0.003068,-0.658935,0.623768,-2.321911,1
2.151000,-0.092039,-0.006136,-0.519513,0.623768,-2.127263,1
2.152000,-0.101243,-0.009204,-0.466620,-0.593682,1.003483,1
2.153000,-0.101243,-0.009204,-0.466620,-0.593682,1.003486,1
2.154000,-0.101243,-0.009204,-0.466620,-0.593682,1.003489,1
2.155000,-0.101243,-0.012272,-0.466620,-0.566137,1.009762,1
2.156000,-0.101243,-0.012272,-0.466620,-0.566137,1.009766,1
2.157000,-0.101243,-0.012272,-0.466620,-0.566137,1.009770,1
2.158000,-0.104311,-0.015340,-0.466620,-0.509935,0.952592,1
2.159000,-0.104311,-0.015340,-0.466620,-0.509935,0.952597,1
2.160000,-0.104311,-0.015340,-0.466620,-0.509935,0.952601,1
2.161000,-0.113515,-0.024544,-1.258970,-0.509935,0.000000,1
2.162000,-0.113515,-0.024544,-1.258970,-0.509935,0.000000,1
2.163000,-0.113515,-0.024544,-1.258970,-0.509935,0.000000,1
2.164000,-0.113515,-0.024544,-1.258970,-0.509935,0.000000,1
2.165000,-0.116583,-0.027612,-1.258970,-1.562416,2.486145,1
2.166000,-0.116583,-0.027612,-1.258970,-1.562416,2.486154,1
2.167000,-0.122718,-0.030680,-1.309901,-1.562416,2.484319,1
2.168000,-0.122718,-0.036816,-1.309901,-1.401774,2.285763,1
2.169000,-0.122718,-0.036816,-1.309901,-1.401774,2.285774,1
2.170000,-0.122718,-0.036816,-1.309901,-1.401774,2.285785,1
2.171000,-0.122718,-0.036816,-1.309901,-1.401774,2.285796,1
2.172000,-0.122718,-0.036816,-1.309901,-1.401774,2.285807,1
2.173000,-0.122718,-0.036816,-1.309901,-1.401774,2.285818,1
2.174000,-0.122718,-0.036816,-1.309901,-1.401774,2.285829,1
2.175000,-0.122718,-0.036816,-1.309901,-1.401774,2.285841,1
2.176000,-0.122718,-0.036816,-1.309901,-1.401774,2.285852,1
2.177000,-0.122718,-0.036816,-1.309901,-1.401774,2.285863,1
2.178000,-0.122718,-0.036816,-1.309901,-1.401774,2.285874,1
2.179000,-0.122718,-0.036816,-1.309901,-1.401774,2.285885,1
2.180000,-0.125786,-0.042951,-1.309901,-1.313578,2.226089,1
2.181000,-0.125786,-0.042951,-1.309901,-1.313578,2.226102,1
2.182000,-0.125786,-0.042951,-1.309901,-1.313578,2.226115,1
2.183000,-0.125786,-0.042951,-1.309901,-1.313578,2.226127,1
2.184000,-0.125786,-0.042951,-1.309901,-1.313578,2.226140,1
2.185000,-0.125786,-0.042951,-1.309901,-1.313578,2.226153,1
2.186000,-0.125786,-0.042951,-1.309901,-1.313578,2.226166,1
2.187000,-0.125786,-0.042951,-1.089061,-1.313578,2.447019,1
2.188000,-0.125786,-0.042951,-1.089061,-1.313578,2.447032,1
2.189000,-0.125786,-0.042951,-1.089061,-1.313578,2.447045,1
2.190000,-0.125786,-0.042951,-1.089061,-1.313578,2.447058,1
2.191000,-0.125786,-0.042951,-1.089061,-1.313578,2.447070,1
2.192000,-0.125786,-0.042951,-1.089061,-1.313578,2.447083,1
2.193000,-0.125786,-0.042951,-0.637013,-0.796286,1.864561,1
2.194000,-0.125786,-0.042951,-0.637013,-0.796286,1.864574,1
2.195000,-0.122718,-0.036816,0.485681,0.573076,-0.468028,1
2.196000,-0.119651,-0.033748,0.450031,0.524089,-0.460917,1
2.197000,-0.116583,-0.027612,0.405493,0.494105,-0.562061,1
2.198000,-0.116583,-0.027612,0.405493,0.494105,-0.562053,1
2.199000,-0.116583,-0.027612,0.405493,0.494105,-0.562044,1
2.200000,-0.116583,-0.024544,0.392498,0.494105,-0.636392,1
2.201000,-0.113515,-0.024544,0.389610,0.494105,-0.633136,1
2.202000,-0.113515,-0.021476,0.389610,0.494105,-0.694489,1
2.203000,-0.113515,-0.021476,0.389610,0.494105,-0.694482,1
2.204000,-0.113515,-0.018408,0.389610,1.710597,-3.188820,1
2.205000,-0.110447,-0.018408,0.389610,1.710597,-3.182678,1
2.206000,-0.110447,-0.015340,0.389610,1.710597,-3.244033,1
2.207000,-0.110447,-0.015340,0.389610,1.710597,-3.244028,1
2.208000,-0.110447,-0.012272,0.389610,1.710597,-3.305384,1
2.209000,-0.110447,-0.012272,0.389610,1.463514,-2.811214,1
2.210000,-0.110447,-0.012272,0.389610,1.463514,-2.811210,1
2.211000,-0.110447,-0.012272,0.389610,1.463514,-2.811206,1
2.212000,-0.110447,-0.012272,0.389610,1.463514,-2.811203,1
2.213000,-0.110447,-0.012272,0.389610,1.307150,-2.498471,1
2.214000,-0.110447,-0.012272,0.389610,1.307150,-2.498467,1
2.215000,-0.110447,-0.012272,0.389610,1.181329,-2.246823,1
2.216000,-0.110447,-0.012272,0.389610,1.181329,-2.246819,1
2.217000,-0.110447,-0.012272,0.389610,1.181329,-2.246816,1
2.218000,-0.110447,-0.012272,0.389610,1.181329,-2.246812,1
2.219000,-0.110447,-0.012272,0.389610,1.077720,-2.039589,1
2.220000,-0.110447,-0.015340,0.389610,0.807787,-1.438360,1
2.221000,-0.110447,-0.015340,0.389610,0.807787,-1.438355,1
2.222000,-0.113515,-0.015340,0.389610,0.807787,-1.444487,1
2.223000,-0.113515,-0.018408,0.389610,0.807787,-1.383122,1
2.224000,-0.116583,-0.018408,0.389610,0.807787,-1.389252,1
2.225000,-0.116583,-0.021476,0.389610,0.807787,-1.327887,1
2.226000,-0.116583,-0.021476,0.389610,0.807787,-1.327880,1
2.227000,-0.119651,-0.021476,0.389610,0.807787,-1.334010,1
2.228000,-0.119651,-0.024544,0.389610,0.807787,-1.272643,1
2.229000,-0.119651,-0.024544,0.389610,0.807787,-1.272636,1
2.230000,-0.119651,-0.024544,0.389610,0.807787,-1.272628,1
2.231000,-0.119651,-0.024544,0.389610,0.807787,-1.272621,1
2.232000,-0.122718,-0.027612,-0.414839,-1.179322,2.552379,1
2.233000,-0.122718,-0.027612,-0.414839,-1.179322,2.552388,1
2.234000,-0.122718,-0.027612,-0.414839,-1.179322,2.552396,1
2.235000,-0.122718,-0.027612,-0.414839,-1.179322,2.552404,1
2.236000,-0.125786,-0.030680,-0.414839,-1.179322,2.607637,1
2.237000,-0.131922,-0.039884,-0.414839,-1.707975,3.836760,1
2.238000,-0.131922,-0.042951,-0.414839,-1.707975,3.898132,1
2.239000,-0.131922,-0.042951,-0.414839,-1.707975,3.898145,1
2.240000,-0.134990,-0.046019,-1.191724,-1.707975,3.176497,1
2.241000,-0.134990,-0.046019,-1.191724,-1.707975,3.176511,1
2.242000,-0.134990,-0.046019,-1.191724,-1.707975,3.176525,1
2.243000,-0.134990,-0.049087,-1.191724,-1.707975,3.237899,1
2.244000,-0.134990,-0.049087,-1.191724,-1.707975,3.237913,1
2.245000,-0.134990,-0.049087,-1.191724,-1.707975,3.237928,1
2.246000,-0.138058,-0.055223,-1.176051,-1.905139,3.764529,1
2.247000,-0.138058,-0.055223,-1.176051,-1.905139,3.764545,1
2.248000,-0.138058,-0.055223,-1.176051,-1.905139,3.764562,1
2.249000,-0.138058,-0.055223,-1.176051,-1.905139,3.764578,1
2.250000,-0.138058,-0.055223,-1.176051,-1.905139,3.764595,1
2.251000,-0.138058,-0.055223,-1.176051,-1.905139,3.764611,1
2.252000,-0.138058,-0.055223,-1.073356,-1.649485,3.356015,1
2.253000,-0.138058,-0.055223,-1.073356,-1.649485,3.356031,1
2.254000,-0.138058,-0.055223,-0.913224,-1.299353,2.815916,1
2.255000,-0.138058,-0.055223,-0.913224,-1.299353,2.815932,1
2.256000,-0.138058,-0.055223,-0.913224,-1.299353,2.815949,1
2.257000,-0.138058,-0.055223,-0.795003,-1.072443,2.480368,1
2.258000,-0.134990,-0.052155,0.665728,0.849828,-0.558652,1
2.259000,-0.134990,-0.052155,0.665728,0.849828,-0.558636,1
2.260000,-0.134990,-0.052155,0.665728,0.849828,-0.558621,1
2.261000,-0.134990,-0.052155,0.665728,0.849828,-0.558605,1
2.262000,-0.134990,-0.052155,0.665728,0.849828,-0.558589,1
2.263000,-0.131922,-0.039884,0.523667,0.677468,-0.595220,1
2.264000,-0.131922,-0.039884,0.523667,0.677468,-0.595208,1
2.265000,-0.131922,-0.039884,0.523667,0.677468,-0.595196,1
2.266000,-0.131922,-0.039884,0.523667,0.677468,-0.595184,1
2.267000,-0.128854,-0.039884,0.502682,0.677468,-0.610021,1
2.268000,-0.128854,-0.039884,0.502682,0.677468,-0.610009,1
2.269000,-0.128854,-0.039884,0.502682,0.677468,-0.609997,1
2.270000,-0.125786,-0.036816,0.479142,0.677468,-0.688749,1
2.271000,-0.122718,-0.030680,0.479142,1.309307,-2.069000,1
2.272000,-0.122718,-0.030680,0.479142,1.309307,-2.068991,1
2.273000,-0.122718,-0.030680,0.479142,1.309307,-2.068982,1
2.274000,-0.122718,-0.030680,0.479142,1.309307,-2.068973,1
2.275000,-0.122718,-0.030680,0.479142,1.309307,-2.068963,1
2.276000,-0.122718,-0.030680,0.479142,1.309307,-2.068954,1
2.277000,-0.119651,-0.027612,0.479142,1.309307,-2.124169,1
2.278000,-0.119651,-0.027612,0.479142,1.309307,-2.124161,1
2.279000,-0.119651,-0.027612,0.479142,1.309307,-2.124153,1
2.280000,-0.119651,-0.027612,0.479142,1.231797,-1.969124,1
2.281000,-0.119651,-0.027612,0.479142,1.119643,-1.744807,1
2.282000,-0.119651,-0.027612,0.479142,1.026284,-1.558081,1
2.283000,-0.119651,-0.027612,0.479142,0.946902,-1.399308,1
2.284000,-0.119651,-0.027612,0.479142,0.879497,-1.264491,1
2.285000,-0.119651,-0.027612,0.479142,0.820329,-1.146146,1
2.286000,-0.119651,-0.027612,0.479142,0.769081,-1.043641,1
2.287000,-0.119651,-0.027612,0.479142,0.723853,-0.953178,1
2.288000,-0.119651,-0.027612,0.479142,0.683652,-0.872768,1
2.289000,-0.119651,-0.027612,0.479142,0.647179,-0.799814,1
2.290000,-0.119651,-0.030680,0.479142,-0.614925,2.385762,1
2.291000,-0.119651,-0.030680,0.479142,-0.585597,2.327116,1
2.292000,-0.119651,-0.030680,0.479142,-0.585597,2.327125,1
2.293000,-0.119651,-0.030680,0.479142,-0.585597,2.327134,1
2.294000,-0.119651,-0.030680,0.479142,-0.585597,2.327143,1
2.295000,-0.119651,-0.030680,0.479142,-0.585597,2.327153,1
2.296000,-0.119651,-0.030680,0.462925,-0.558863,2.257478,1
2.297000,-0.119651,-0.030680,0.462925,-0.558863,2.257487,1
2.298000,-0.119651,-0.030680,0.462925,-0.558863,2.257497,1
2.299000,-0.119651,-0.030680,0.462925,-0.558863,2.257506,1
2.300000,-0.119651,-0.036816,0.402264,-0.472791,2.147430,1
2.301000,-0.119651,-0.036816,0.402264,-0.472791,2.147441,1
2.302000,-0.119651,-0.036816,0.402264,-0.472791,2.147452,1
2.303000,-0.119651,-0.036816,0.402264,-0.472791,2.147463,1
2.304000,-0.119651,-0.036816,0.402264,-0.472791,2.147474,1
2.305000,-0.119651,-0.036816,0.402264,-0.472791,2.147485,1
2.306000,-0.119651,-0.036816,0.402264,-0.472791,2.147496,1
2.307000,-0.116583,-0.036816,0.355623,-0.409645,1.980709,1
2.308000,-0.116583,-0.036816,0.355623,-0.409645,1.980720,1
2.309000,-0.116583,-0.036816,0.355623,-0.409645,1.980731,1
2.310000,-0.110447,-0.033748,0.884865,0.332070,0.977467,1
2.311000,-0.104311,-0.030680,0.884865,0.324470,0.943588,1
2.312000,-0.104311,-0.027612,0.884865,0.324470,0.882237,1
2.313000,-0.101243,-0.027612,0.353470,0.324470,0.000000,1
2.314000,-0.101243,-0.027612,0.353470,0.324470,0.000000,1
2.315000,-0.101243,-0.027612,0.353470,0.324470,0.000000,1
2.316000,-0.101243,-0.027612,0.353470,0.324470,0.000000,1
2.317000,-0.101243,-0.027612,0.353470,0.324470,0.000000,1
2.318000,-0.101243,-0.027612,0.353470,0.324470,0.000000,1
2.319000,-0.098175,-0.024544,0.353470,0.324470,0.000000,1
2.320000,-0.092039,-0.018408,0.353470,1.191412,-2.142514,1
2.321000,-0.092039,-0.015340,0.353470,1.191412,-2.203869,1
2.322000,-0.088971,-0.012272,1.353946,1.191412,-1.258613,1
2.323000,-0.088971,-0.012272,1.353946,1.191412,-1.258609,1
2.324000,-0.088971,-0.012272,1.353946,1.191412,-1.258605,1
2.325000,-0.088971,-0.012272,1.353946,1.191412,-1.258602,1
2.326000,-0.088971,-0.012272,1.353946,1.191412,-1.258598,1
2.327000,-0.088971,-0.009204,1.353946,1.191412,-1.319954,1
2.328000,-0.085903,-0.009204,1.353946,1.191412,-1.313816,1
2.329000,-0.085903,-0.009204,1.353946,1.191412,-1.313813,1
2.330000,-0.082835,-0.006136,1.353946,1.237086,-1.460382,1
2.331000,-0.082835,-0.006136,1.353946,1.237086,-1.460380,1
2.332000,-0.079767,-0.003068,0.941294,1.237086,-1.928255,1
2.333000,-0.079767,-0.003068,0.941294,1.237086,-1.928254,1
2.334000,-0.079767,-0.003068,0.874438,1.237086,-1.995109,1
2.335000,-0.079767,-0.003068,0.874438,1.237086,-1.995108,1
2.336000,-0.079767,-0.003068,0.874438,1.237086,-1.995107,1
2.337000,-0.079767,-0.003068,0.816467,1.237086,-2.053078,1
2.338000,-0.079767,-0.003068,0.765230,1.237086,-2.104313,1
2.339000,-0.079767,-0.003068,0.720553,1.124644,-1.924104,1
2.340000,-0.079767,-0.003068,0.680406,1.029804,-1.774571,1
2.341000,-0.079767,-0.003068,0.644852,0.950488,-1.651492,1
2.342000,-0.079767,-0.003068,0.612645,0.882134,-1.546990,1
2.343000,-0.079767,-0.003068,0.583513,0.822975,-1.457802,1
2.344000,-0.079767,-0.003068,0.556929,0.771065,-1.380565,1
2.345000,-0.079767,-0.006136,0.532809,-0.725588,2.249982,1
2.346000,-0.079767,-0.006136,0.532809,-0.725588,2.249984,1
2.347000,-0.079767,-0.006136,0.532809,-0.725588,2.249986,1
2.348000,-0.079767,-0.006136,0.532809,-0.725588,2.249988,1
2.349000,-0.079767,-0.006136,0.510697,-0.685186,2.147073,1
2.350000,-0.079767,-0.012272,0.437745,-0.559979,1.946428,1
2.351000,-0.079767,-0.012272,0.422732,-0.535643,1.882747,1
2.352000,-0.079767,-0.009204,0.408549,0.513074,-0.890227,1
2.353000,-0.079767,-0.009204,0.395405,0.492514,-0.862247,1
2.354000,-0.079767,-0.009204,0.383126,0.473607,-0.836710,1
2.355000,-0.076699,-0.009204,1.039783,0.455947,0.461407,1
2.356000,-0.076699,-0.006136,1.039783,0.446407,0.000000,1
2.357000,-0.076699,-0.009204,1.039783,0.446407,0.480491,1
2.358000,-0.076699,-0.009204,1.039783,0.446407,0.480494,1
2.359000,-0.076699,-0.009204,1.039783,0.446407,0.480497,1
2.360000,-0.076699,-0.009204,1.039783,0.446407,0.480500,1
2.361000,-0.076699,-0.009204,1.039783,0.446407,0.480502,1
2.362000,-0.073631,-0.009204,1.039783,0.446407,0.486641,1
2.363000,-0.073631,-0.009204,1.039783,0.446407,0.486644,1
2.364000,-0.073631,-0.009204,1.039783,0.446407,0.486647,1
2.365000,-0.073631,-0.009204,1.039783,0.446407,0.486649,1
2.366000,-0.073631,-0.009204,1.039783,0.446407,0.486652,1
2.367000,-0.073631,-0.009204,0.990464,0.446407,0.000000,1
2.368000,-0.070563,-0.009204,0.916634,0.446407,0.000000,1
2.369000,-0.070563,-0.009204,0.852717,0.446407,0.000000,1
2.370000,-0.070563,-0.009204,0.797326,0.446407,0.000000,1
2.371000,-0.070563,-0.009204,0.748933,0.446407,0.000000,1
2.372000,-0.070563,-0.009204,0.705677,0.446407,0.000000,1
2.373000,-0.070563,-0.009204,0.667340,0.446407,-0.479635,1
2.374000,-0.070563,-0.009204,0.633054,0.446407,-0.513918,1
2.375000,-0.067495,-0.009204,0.601934,0.446407,-0.538900,1
2.376000,-0.067495,-0.009204,0.573634,0.446407,-0.567197,1
2.377000,-0.067495,-0.009204,0.573634,0.446407,-0.567194,1
2.378000,-0.067495,-0.009204,0.573634,0.446407,-0.567192,1
2.379000,-0.067495,-0.009204,0.548100,0.446407,-0.592723,1
2.380000,-0.067495,-0.009204,0.483398,0.446407,-0.657422,1
2.381000,-0.067495,-0.009204,0.465042,0.446407,-0.675775,1
2.382000,-0.067495,-0.009204,0.448100,0.446407,-0.692715,1
2.383000,-0.067495,-0.009204,0.432368,0.446407,-0.708444,1
2.384000,-0.067495,-0.009204,0.417623,-0.431837,1.633302,1
2.385000,-0.067495,-0.009204,0.403842,-0.417119,1.590087,1
2.386000,-0.067495,-0.009204,0.390913,-0.403340,1.549604,1
2.387000,-0.067495,-0.009204,0.378899,-0.390563,1.512037,1
2.388000,-0.067495,-0.012272,0.367599,-0.378567,1.538108,1
2.389000,-0.067495,-0.012272,0.356898,-0.367228,1.504733,1
2.390000,-0.067495,-0.012272,0.337219,-0.346427,1.443456,1
2.391000,-0.067495,-0.012272,0.337219,-0.346427,1.443460,1
2.392000,-0.064427,-0.012272,0.319575,-0.336963,1.413026,1
2.393000,-0.064427,-0.012272,0.319575,-0.327930,1.394964,1
2.394000,-0.064427,-0.012272,0.319575,-0.319398,1.377904,1
2.395000,-0.064427,-0.012272,0.319575,-0.311304,1.361719,1
2.396000,-0.064427,-0.009204,0.319575,0.303568,-0.529381,1
2.397000,-0.064427,-0.009204,0.319575,0.296253,-0.514748,1
2.398000,-0.064427,-0.009204,0.319575,0.289308,-0.500855,1
2.399000,-0.064427,-0.006136,0.319575,0.287812,-0.559219,1
2.400000,-0.061359,-0.006136,0.319575,0.287812,-0.553082,1
2.401000,-0.061359,-0.006136,0.319575,0.287812,-0.553080,1
2.402000,-0.061359,-0.006136,0.319575,0.287812,-0.553078,1
2.403000,-0.061359,-0.006136,0.319575,0.287812,-0.553076,1
2.404000,-0.061359,-0.006136,0.319575,0.287812,-0.553074,1
2.405000,-0.058291,-0.003068,0.319575,0.287812,-0.608297,1
2.406000,-0.058291,-0.003068,0.319575,0.287812,-0.608296,1
2.407000,-0.058291,-0.003068,0.319575,0.287812,-0.608295,1
2.408000,-0.058291,-0.003068,0.319575,0.287812,-0.608294,1
2.409000,-0.058291,-0.003068,0.319575,0.287812,-0.608293,1
2.410000,-0.058291,-0.003068,0.319575,0.287812,-0.608292,1
2.411000,-0.055223,-0.003068,0.319575,0.287812,-0.602155,1
2.412000,-0.055223,-0.003068,0.319575,0.287812,-0.602154,1
2.413000,-0.055223,-0.003068,0.319575,0.287812,-0.602153,1
2.414000,-0.055223,-0.003068,0.319575,0.287812,-0.602153,1
2.415000,-0.055223,-0.003068,0.319575,0.287812,-0.602152,1
2.416000,-0.055223,-0.003068,0.319575,0.287812,-0.602151,1
2.417000,-0.055223,-0.003068,0.319575,0.287812,-0.602150,1
2.418000,-0.052155,-0.003068,0.327741,0.287812,-0.587847,1
2.419000,-0.052155,-0.003068,0.327741,0.287812,-0.587846,1
2.420000,-0.052155,-0.003068,0.327741,0.287812,-0.587845,1
2.421000,-0.052155,-0.003068,0.327741,0.287812,-0.587844,1
2.422000,-0.052155,-0.003068,0.327741,0.287812,-0.587843,1
2.423000,-0.052155,-0.003068,0.327741,0.287812,-0.587843,1
2.424000,-0.052155,-0.006136,0.327741,0.287812,-0.526481,1
2.425000,-0.052155,-0.006136,0.327741,0.287812,-0.526480,1
2.426000,-0.052155,-0.006136,0.327741,0.287812,-0.526478,1
2.427000,-0.052155,-0.006136,0.327741,0.287812,-0.526476,1
2.428000,-0.052155,-0.006136,0.327741,0.287812,-0.526474,1
2.429000,-0.052155,-0.006136,0.327741,0.287812,-0.526472,1
2.430000,-0.052155,-0.006136,0.327741,0.287812,-0.526470,1
2.431000,-0.052155,-0.006136,0.327741,0.287812,-0.526469,1
2.432000,-0.052155,-0.009204,0.327741,0.287812,-0.465107,1
2.433000,-0.052155,-0.009204,0.327741,0.287812,-0.465104,1
2.434000,-0.052155,-0.009204,0.327741,0.287812,-0.465101,1
2.435000,-0.052155,-0.009204,0.327741,0.287812,-0.465098,1
2.436000,-0.052155,-0.009204,0.327741,0.287812,-0.465096,1
2.437000,-0.052155,-0.009204,0.327741,0.287812,-0.465093,1
2.438000,-0.052155,-0.012272,0.327741,0.287812,0.000000,1
2.439000,-0.052155,-0.012272,0.327741,0.287812,0.000000,1
2.440000,-0.052155,-0.012272,0.327741,0.287812,0.000000,1
2.441000,-0.052155,-0.012272,0.327741,-0.286785,1.345475,1
2.442000,-0.052155,-0.015340,0.327741,-0.281931,1.397131,1
2.443000,-0.052155,-0.015340,0.327741,-0.281931,1.397136,1
2.444000,-0.052155,-0.015340,0.327741,-0.281931,1.397140,1
2.445000,-0.052155,-0.015340,0.327741,-0.281931,1.397145,1
2.446000,-0.052155,-0.018408,0.327741,-0.281931,1.458510,1
2.447000,-0.052155,-0.018408,0.327741,-0.281931,1.458515,1
2.448000,-0.052155,-0.018408,0.327741,-0.281931,1.458521,1
2.449000,-0.052155,-0.018408,0.327741,-0.281931,1.458526,1
2.450000,-0.052155,-0.018408,0.327741,-0.281931,1.458532,1
2.451000,-0.052155,-0.018408,0.327741,-0.281931,1.458537,1
2.452000,-0.052155,-0.018408,0.327741,-0.281931,1.458543,1
2.453000,-0.052155,-0.018408,0.327741,-0.281931,1.458548,1
2.454000,-0.052155,-0.018408,0.327741,-0.281931,1.458554,1
2.455000,-0.052155,-0.018408,0.327741,-0.281931,1.458559,1
2.456000,-0.052155,-0.018408,0.321326,-0.281931,1.452150,1
2.457000,-0.052155,-0.018408,0.313153,-0.281931,1.443982,1
2.458000,-0.052155,-0.018408,0.305426,-0.281931,1.436261,1
2.459000,-0.049087,-0.018408,0.297968,-0.281931,1.434945,1
2.460000,-0.049087,-0.018408,0.290857,-0.281931,1.427838,1
2.461000,-0.049087,-0.018408,0.284121,-0.281931,1.421109,1
2.462000,-0.049087,-0.018408,0.277713,-0.281931,1.414706,1
2.463000,-0.049087,-0.018408,0.271567,-0.281931,1.408565,1
2.464000,-0.049087,-0.018408,0.271567,-0.281931,1.408571,1
2.465000,-0.049087,-0.018408,0.271567,-0.281931,1.408576,1
2.466000,-0.049087,-0.018408,0.271567,-0.281931,1.408582,1
2.467000,-0.046019,-0.015340,0.265694,-0.281931,1.347490,1
2.468000,-0.046019,-0.015340,0.265694,-0.281931,1.347495,1
2.469000,-0.046019,-0.015340,0.265694,-0.281931,1.347500,1
2.470000,-0.042951,-0.015340,0.249500,-0.281931,1.337446,1
2.471000,-0.042951,-0.015340,0.249500,-0.281931,1.337451,1
2.472000,-0.033748,-0.006136,0.210381,0.371945,-0.775088,1
2.473000,-0.033748,-0.006136,0.210381,0.371945,-0.775086,1
2.474000,-0.033748,-0.006136,0.210381,0.371945,-0.775084,1
2.475000,-0.033748,-0.006136,0.210381,0.371945,-0.775082,1
2.476000,-0.033748,-0.006136,0.210381,0.371945,-0.775081,1
2.477000,-0.033748,-0.003068,0.210381,0.371945,-0.836439,1
2.478000,-0.030680,0.000000,0.210381,0.371945,-0.891662,1
2.479000,-0.030680,0.000000,0.210381,0.371945,-0.891662,1
2.480000,-0.030680,0.000000,0.210381,0.371945,-0.891662,1
2.481000,-0.027612,0.000000,1.052954,0.371945,0.557047,1
2.482000,-0.027612,0.000000,1.052954,0.371945,0.557047,1
2.483000,-0.024544,0.000000,1.052954,0.371945,0.563183,1
2.484000,-0.018408,0.006136,1.052954,1.055751,-1.514879,1
2.485000,-0.018408,0.006136,1.052954,1.055751,-1.514881,1
2.486000,-0.018408,0.006136,1.052954,1.055751,-1.514883,1
2.487000,-0.018408,0.006136,1.052954,1.055751,-1.514885,1
2.488000,-0.018408,0.006136,1.052954,1.055751,-1.514886,1
2.489000,-0.018408,0.006136,1.052954,1.055751,-1.514888,1
2.490000,-0.018408,0.006136,1.052954,1.055751,-1.514890,1
2.491000,-0.009204,0.015340,1.235200,0.970479,-1.327776,1
2.492000,-0.009204,0.015340,1.235200,0.970479,-1.327780,1
2.493000,-0.009204,0.015340,1.235200,0.970479,-1.327785,1
2.494000,-0.006136,0.015340,1.178375,0.899401,-1.236320,1
2.495000,-0.006136,0.015340,1.178375,0.899401,-1.236325,1
2.496000,-0.006136,0.015340,1.178375,0.899401,-1.236330,1
2.497000,-0.006136,0.015340,1.178375,0.899401,-1.236334,1
2.498000,-0.006136,0.015340,1.178375,0.899401,-1.236339,1
2.499000,-0.006136,0.015340,1.178375,0.899401,-1.236343,1
2.500000,-0.006136,0.015340,1.178375,0.899401,-1.236348,1
2.501000,-0.006136,0.015340,1.178375,0.899401,-1.236353,1
2.502000,-0.006136,0.015340,1.178375,0.899401,-1.236357,1
2.503000,-0.006136,0.015340,1.178375,0.899401,-1.236362,1
2.504000,-0.006136,0.015340,1.178375,0.899401,-1.236366,1
2.505000,-0.006136,0.015340,1.178375,0.899401,-1.236371,1
2.506000,-0.006136,0.015340,1.178375,0.899401,-1.236376,1
2.507000,-0.003068,0.015340,1.125671,0.541968,-0.568082,1
2.508000,-0.003068,0.015340,1.125671,0.541968,-0.568087,1
2.509000,-0.003068,0.015340,1.125671,0.541968,-0.568092,1
2.510000,-0.003068,0.015340,1.125671,0.541968,-0.568096,1
2.511000,-0.003068,0.015340,1.125671,0.541968,-0.568101,1
2.512000,-0.003068,0.015340,1.125671,0.541968,-0.568106,1
2.513000,-0.003068,0.015340,1.125671,0.541968,-0.568110,1
2.514000,-0.003068,0.015340,1.125671,0.541968,-0.568115,1
2.515000,-0.003068,0.015340,1.125671,0.541968,-0.568119,1
2.516000,-0.003068,0.015340,1.125671,0.541968,-0.568124,1
2.517000,-0.003068,0.015340,1.125671,0.541968,-0.568129,1
2.518000,-0.003068,0.015340,1.125671,0.519050,-0.522297,1
2.519000,-0.003068,0.015340,1.125671,0.519050,-0.522302,1
2.520000,-0.003068,0.015340,1.125671,0.519050,-0.522306,1
2.521000,-0.003068,0.012272,0.957124,-0.387837,1.784276,1
2.522000,-0.003068,0.012272,0.957124,-0.387837,1.784272,1
2.523000,-0.003068,0.012272,0.957124,-0.387837,1.784269,1
2.524000,-0.003068,0.012272,0.775628,-0.354248,1.535590,1
2.525000,-0.003068,0.012272,0.775628,-0.354248,1.535586,1
2.526000,-0.003068,0.012272,0.775628,-0.354248,1.535583,1
2.527000,-0.003068,0.009204,0.651840,-0.351830,1.468315,1
2.528000,-0.003068,0.009204,0.651840,-0.351830,1.468312,1
2.529000,-0.003068,0.009204,0.651840,-0.351830,1.468309,1
2.530000,-0.006136,0.006136,-0.423620,-0.351830,0.000000,1
2.531000,-0.006136,0.003068,-0.423620,-0.351830,0.509429,1
2.532000,-0.006136,0.003068,-0.423620,-0.351830,0.509428,1
2.533000,-0.006136,0.003068,-0.423620,-0.351830,0.509427,1
2.534000,-0.006136,0.003068,-0.423620,-0.351830,0.509426,1
2.535000,-0.006136,0.003068,-0.423620,-0.351830,0.509425,1
2.536000,-0.006136,0.003068,-0.423620,-0.351830,0.509425,1
2.537000,-0.006136,0.003068,-0.423620,-0.351830,0.509424,1
2.538000,-0.006136,0.003068,-0.423620,-0.351830,0.509423,1
2.539000,-0.006136,0.003068,-0.423620,-0.351830,0.509422,1
2.540000,-0.003068,0.006136,3.315446,-0.971782,5.433166,1
2.541000,-0.003068,0.006136,3.315446,-0.971782,5.433164,1
2.542000,-0.003068,0.006136,3.315446,-0.971782,5.433162,1
2.543000,-0.003068,0.003068,1.830427,-0.971782,4.009502,1
2.544000,-0.003068,0.003068,1.146532,-0.971782,3.325606,1
2.545000,-0.003068,0.003068,1.048490,-0.971782,3.227563,1
2.546000,-0.003068,0.003068,1.048490,-0.971782,3.227562,1
2.547000,-0.003068,0.003068,1.048490,-0.971782,3.227561,1
2.548000,0.000000,0.000000,0.965523,-0.971782,3.212089,1
2.549000,0.000000,0.003068,0.834681,0.868240,-1.260156,1
2.550000,0.000000,0.003068,0.781151,0.810960,-1.199126,1
2.551000,0.000000,0.003068,0.781151,0.810960,-1.199127,1
2.552000,0.000000,0.003068,0.781151,0.810960,-1.199127,1
2.553000,0.003068,0.003068,0.734543,0.760840,-1.139362,1
2.554000,0.003068,0.003068,0.734543,0.760840,-1.139363,1
2.555000,0.003068,0.003068,0.734543,0.760840,-1.139364,1
2.556000,0.003068,0.003068,0.734543,0.760840,-1.139365,1
2.557000,0.003068,0.003068,0.734543,0.760840,-1.139366,1
2.558000,0.003068,0.003068,0.734543,0.760840,-1.139367,1
2.559000,0.006136,0.009204,0.622994,0.698793,-1.243407,1
2.560000,0.006136,0.009204,0.622994,0.698793,-1.243409,1
2.561000,0.006136,0.009204,0.622994,0.698793,-1.243412,1
2.562000,0.006136,0.009204,0.622994,0.698793,-1.243415,1
2.563000,0.009204,0.015340,0.517554,0.698793,-1.465442,1
2.564000,0.009204,0.015340,0.517554,0.698793,-1.465447,1
2.565000,0.009204,0.015340,0.517554,0.698793,-1.465451,1
2.566000,0.012272,0.015340,0.517554,0.698793,-1.459320,1
2.567000,0.012272,0.015340,0.517554,0.698793,-1.459325,1
2.568000,0.012272,0.015340,0.517554,0.698793,-1.459329,1
2.569000,0.012272,0.015340,0.517554,0.698793,-1.459334,1
2.570000,0.012272,0.015340,0.517554,0.698793,-1.459339,1
2.571000,0.012272,0.015340,0.517554,0.698793,-1.459343,1
2.572000,0.012272,0.015340,0.517554,0.698793,-1.459348,1
2.573000,0.012272,0.015340,0.517554,0.698793,-1.459352,1
2.574000,0.012272,0.015340,0.517554,0.698793,-1.459357,1
2.575000,0.015340,0.018408,0.517554,0.982971,-2.082941,1
2.576000,0.015340,0.018408,0.517554,0.982971,-2.082947,1
2.577000,0.015340,0.018408,0.517554,0.982971,-2.082952,1
2.578000,0.015340,0.018408,0.517554,0.982971,-2.082958,1
2.579000,0.015340,0.018408,0.517554,0.938029,-1.993080,1
2.580000,0.015340,0.015340,0.508990,-0.763590,2.062949,1
2.581000,0.015340,0.015340,0.508990,-0.763590,2.062944,1
2.582000,0.015340,0.015340,0.508990,-0.763590,2.062940,1
2.583000,0.015340,0.015340,0.508990,-0.763590,2.062935,1
2.584000,0.015340,0.015340,0.508990,-0.763590,2.062930,1
2.585000,0.015340,0.015340,0.508990,-0.763590,2.062926,1
2.586000,0.015340,0.015340,0.508990,-0.763590,2.062921,1
2.587000,0.015340,0.015340,0.508990,-0.763590,2.062916,1
2.588000,0.015340,0.015340,0.488481,-0.718344,1.951910,1
2.589000,0.015340,0.009204,0.382114,-0.646659,1.824889,1
2.590000,0.015340,0.009204,0.382114,-0.646659,1.824886,1
2.591000,0.015340,0.009204,0.382114,-0.646659,1.824883,1
2.592000,0.015340,0.009204,0.382114,-0.646659,1.824880,1
2.593000,0.015340,0.009204,0.382114,-0.646659,1.824878,1
2.594000,0.015340,0.009204,0.382114,-0.646659,1.824875,1
2.595000,0.015340,0.009204,0.382114,-0.646659,1.824872,1
2.596000,0.015340,0.009204,0.349443,-0.646659,1.792199,1
2.597000,0.015340,0.009204,0.349443,-0.646659,1.792196,1
2.598000,0.015340,0.009204,0.349443,-0.646659,1.792193,1
2.599000,0.018408,0.009204,0.313687,-0.646659,1.762570,1
2.600000,0.021476,0.012272,0.791914,-0.646659,2.185570,1
2.601000,0.021476,0.015340,0.791914,-0.646659,2.124206,1
2.602000,0.024544,0.015340,0.791914,0.642229,-1.047438,1
2.603000,0.024544,0.015340,0.791914,0.610235,-0.983454,1
2.604000,0.024544,0.018408,0.791914,0.594867,-1.014083,1
2.605000,0.024544,0.018408,0.791914,0.594867,-1.014088,1
2.606000,0.024544,0.018408,0.791914,0.594867,-1.014094,1
2.607000,0.024544,0.018408,0.791914,0.594867,-1.014099,1
2.608000,0.024544,0.018408,0.791914,0.594867,-1.014105,1
2.609000,0.024544,0.018408,0.791914,0.594867,-1.014110,1
2.610000,0.024544,0.018408,0.791914,0.594867,-1.014116,1
2.611000,0.024544,0.018408,0.791914,0.594867,-1.014121,1
2.612000,0.027612,0.024544,0.791914,0.594867,-1.130711,1
2.613000,0.027612,0.024544,0.791914,0.594867,-1.130719,1
2.614000,0.027612,0.024544,0.791914,0.594867,-1.130726,1
2.615000,0.027612,0.024544,0.791914,0.594867,-1.130733,1
2.616000,0.027612,0.024544,0.791914,0.594867,-1.130741,1
2.617000,0.036816,0.030680,0.308601,1.191596,-2.911830,1
2.618000,0.036816,0.030680,0.308601,1.191596,-2.911840,1
2.619000,0.039884,0.033748,0.308601,1.191596,-2.967073,1
2.620000,0.039884,0.033748,0.308601,1.191596,-2.967083,1
2.621000,0.039884,0.033748,0.308601,1.191596,-2.967093,1
2.622000,0.039884,0.033748,0.308601,1.191596,-2.967103,1
2.623000,0.039884,0.033748,0.308601,1.191596,-2.967114,1
2.624000,0.039884,0.033748,0.308601,1.191596,-2.967124,1
2.625000,0.039884,0.033748,0.308601,1.191596,-2.967134,1
2.626000,0.039884,0.033748,0.308601,1.191596,-2.967144,1
2.627000,0.039884,0.033748,0.308601,1.191596,-2.967154,1
2.628000,0.039884,0.033748,0.308601,1.191596,-2.967164,1
2.629000,0.039884,0.033748,0.308601,1.191596,-2.967174,1
2.630000,0.039884,0.033748,0.308601,0.930389,-2.444772,1
2.631000,0.039884,0.033748,0.308601,0.930389,-2.444782,1
2.632000,0.039884,0.033748,0.308601,0.930389,-2.444792,1
2.633000,0.036816,0.030680,0.875707,-0.758240,2.154786,1
2.634000,0.033748,0.027612,0.875707,-0.639596,1.972713,1
2.635000,0.033748,0.024544,0.875707,-0.608020,1.970913,1
2.636000,0.030680,0.021476,0.875707,-0.582653,1.975396,1
2.637000,0.030680,0.021476,0.875707,-0.582653,1.975390,1
2.638000,0.030680,0.021476,0.875707,-0.582653,1.975384,1
2.639000,0.030680,0.018408,0.875707,-0.582653,2.036737,1
2.640000,0.027612,0.015340,0.875707,-0.582653,2.091956,1
2.641000,0.024544,0.012272,-0.771490,-0.582653,0.499978,1
2.642000,0.024544,0.012272,-0.771490,-0.582653,0.499975,1
2.643000,0.024544,0.012272,-0.771490,-0.582653,0.499971,1
2.644000,0.024544,0.012272,-0.771490,-0.582653,0.499967,1
2.645000,0.024544,0.012272,-0.771490,-0.582653,0.499963,1
2.646000,0.024544,0.012272,-0.771490,-0.582653,0.499960,1
2.647000,0.024544,0.012272,-0.771490,-0.582653,0.499956,1
2.648000,0.024544,0.012272,-0.771490,-0.582653,0.499952,1
2.649000,0.024544,0.012272,-0.771490,-0.582653,0.499949,1
2.650000,0.024544,0.012272,-0.771490,-0.582653,0.499945,1
2.651000,0.024544,0.012272,-0.771490,-0.582653,0.499941,1
2.652000,0.024544,0.012272,-0.771490,-0.582653,0.499938,1
2.653000,0.024544,0.012272,-0.771490,-0.582653,0.499934,1
2.654000,0.024544,0.012272,-0.771490,-0.582653,0.499930,1
2.655000,0.021476,0.012272,-0.771490,-0.582653,0.493791,1
2.656000,0.021476,0.012272,-0.771490,-0.582653,0.493787,1
2.657000,0.021476,0.012272,-0.771490,-0.582653,0.493783,1
2.658000,0.021476,0.012272,-0.771490,-0.582653,0.493780,1
2.659000,0.021476,0.012272,-0.771490,-0.582653,0.493776,1
2.660000,0.021476,0.012272,-0.771490,-0.582653,0.493772,1
2.661000,0.021476,0.012272,-0.771490,-0.582653,0.493769,1
2.662000,0.021476,0.012272,-0.771490,-0.582653,0.493765,1
2.663000,0.021476,0.012272,-0.771490,-0.582653,0.493761,1
2.664000,0.021476,0.012272,-0.771490,-0.582653,0.493758,1
2.665000,0.021476,0.012272,-0.771490,-0.582653,0.493754,1
2.666000,0.021476,0.012272,-0.771490,-0.582653,0.493750,1
2.667000,0.018408,0.009204,-0.602081,-0.593373,0.739819,1
2.668000,0.018408,0.009204,-0.602081,-0.593373,0.739816,1
2.669000,0.018408,0.009204,-0.602081,-0.593373,0.739813,1
2.670000,0.018408,0.009204,-0.602081,-0.593373,0.739811,1
2.671000,0.018408,0.009204,-0.602081,-0.593373,0.739808,1
2.672000,0.018408,0.009204,-0.602081,-0.593373,0.739805,1
2.673000,0.018408,0.009204,-0.465060,-0.593373,0.876824,1
2.674000,0.018408,0.009204,-0.465060,-0.593373,0.876821,1
2.675000,0.018408,0.009204,-0.465060,-0.593373,0.876818,1
2.676000,0.018408,0.009204,-0.465060,-0.593373,0.876815,1
2.677000,0.018408,0.009204,-0.465060,-0.593373,0.876812,1
2.678000,0.018408,0.009204,-0.378985,-0.593373,0.962885,1
2.679000,0.018408,0.009204,-0.378985,-0.593373,0.962882,1
2.680000,0.018408,0.009204,-0.378985,-0.593373,0.962880,1
2.681000,0.018408,0.009204,-0.378985,-0.593373,0.962877,1
2.682000,0.021476,0.012272,-0.568778,0.523705,-2.116300,1
2.683000,0.021476,0.012272,-0.568778,0.464192,-1.997278,1
2.684000,0.021476,0.012272,-0.568778,0.447250,-1.963397,1
2.685000,0.021476,0.012272,-0.568778,0.447250,-1.963401,1
2.686000,0.021476,0.012272,-0.568778,0.447250,-1.963405,1
2.687000,0.021476,0.015340,-0.568778,0.431609,-1.993487,1
2.688000,0.021476,0.015340,-0.568778,0.431609,-1.993491,1
2.689000,0.021476,0.015340,-0.568778,0.431609,-1.993496,1
2.690000,0.021476,0.015340,-0.568778,0.431609,-1.993500,1
2.691000,0.021476,0.015340,-0.568778,0.390402,-1.911090,1
2.692000,0.021476,0.015340,-0.568778,0.390402,-1.911094,1
2.693000,0.021476,0.015340,-0.568778,0.390402,-1.911099,1
2.694000,0.021476,0.015340,-0.568778,0.390402,-1.911103,1
2.695000,0.021476,0.015340,-0.568778,0.390402,-1.911108,1
2.696000,0.021476,0.015340,-0.568778,0.390402,-1.911113,1
2.697000,0.021476,0.015340,-0.568778,0.390402,-1.911117,1
2.698000,0.021476,0.015340,-0.568778,0.336858,-1.804034,1
2.699000,0.021476,0.015340,-0.568778,0.336858,-1.804038,1
2.700000,0.021476,0.015340,-0.568778,0.336858,-1.804043,1
2.701000,0.021476,0.015340,-0.568778,0.336858,-1.804047,1
2.702000,0.021476,0.015340,-0.568778,0.336858,-1.804052,1
2.703000,0.021476,0.015340,-0.568778,0.336858,-1.804057,1
2.704000,0.018408,0.012272,-0.503787,-0.289220,0.000000,1
2.705000,0.018408,0.012272,-0.503787,-0.289220,0.000000,1
2.706000,0.018408,0.012272,-0.503787,-0.289220,0.000000,1
2.707000,0.018408,0.012272,-0.503787,-0.289220,0.000000,1
2.708000,0.018408,0.012272,-0.503787,-0.289220,0.000000,1
2.709000,0.018408,0.012272,-0.503787,-0.289220,0.000000,1
2.710000,0.012272,0.006136,-0.306530,-0.272627,0.000000,1
2.711000,0.012272,0.006136,-0.306530,-0.272627,0.000000,1
2.712000,0.012272,0.006136,-0.306530,-0.272627,0.000000,1
2.713000,0.012272,0.006136,-0.306530,-0.272627,0.000000,1
2.714000,0.012272,0.006136,-0.306530,-0.272627,0.000000,1
2.715000,0.012272,0.006136,-0.306530,-0.272627,0.000000,1
2.716000,0.003068,0.000000,-0.306530,-0.272627,0.547109,1
2.717000,0.003068,0.000000,-0.306530,-0.272627,0.547109,1
2.718000,-0.006136,-0.012272,-1.113034,-1.265222,1.952828,1
2.719000,-0.012272,-0.015340,-1.677551,-1.682560,2.272078,1
2.720000,-0.012272,-0.015340,-1.677551,-1.682560,2.272083,1
2.721000,-0.012272,-0.015340,-1.677551,-1.682560,2.272088,1
2.722000,-0.012272,-0.015340,-1.677551,-1.682560,2.272092,1
2.723000,-0.012272,-0.015340,-1.677551,-1.682560,2.272097,1
2.724000,-0.012272,-0.015340,-1.677551,-1.682560,2.272101,1
2.725000,-0.012272,-0.015340,-1.677551,-1.682560,2.272106,1
2.726000,-0.012272,-0.015340,-1.677551,-1.682560,2.272111,1
2.727000,-0.012272,-0.015340,-1.677551,-1.682560,2.272115,1
2.728000,-0.012272,-0.015340,-1.677551,-1.682560,2.272120,1
2.729000,-0.018408,-0.024544,-1.677551,-1.682560,2.443933,1
2.730000,-0.018408,-0.024544,-1.677551,-1.682560,2.443940,1
2.731000,-0.018408,-0.024544,-1.677551,-1.682560,2.443948,1
2.732000,-0.024544,-0.033748,-1.629183,-1.985642,3.270295,1
2.733000,-0.027612,-0.033748,-1.629183,-1.487644,2.268174,1
2.734000,-0.027612,-0.036816,-1.629183,-1.197464,1.749184,1
2.735000,-0.027612,-0.036816,-1.629183,-1.197464,1.749195,1
2.736000,-0.027612,-0.036816,-1.629183,-1.197464,1.749206,1
2.737000,-0.027612,-0.036816,-1.629183,-1.197464,1.749217,1
2.738000,-0.027612,-0.036816,-1.545354,-1.091009,1.620147,1
2.739000,-0.027612,-0.036816,-1.545354,-1.091009,1.620158,1
2.740000,-0.027612,-0.036816,-1.545354,-1.091009,1.620169,1
2.741000,-0.027612,-0.036816,-1.121677,-0.861323,1.584486,1
2.742000,-0.027612,-0.036816,-1.121677,-0.861323,1.584497,1
2.743000,-0.027612,-0.036816,-1.121677,-0.861323,1.584508,1
2.744000,-0.027612,-0.036816,-1.121677,-0.861323,1.584519,1
2.745000,-0.027612,-0.036816,-1.121677,-0.861323,1.584530,1
2.746000,-0.027612,-0.036816,-1.121677,-0.861323,1.584541,1
2.747000,-0.027612,-0.033748,-0.880178,0.711432,-1.980820,1
2.748000,-0.027612,-0.033748,-0.880178,0.711432,-1.980809,1
2.749000,-0.027612,-0.033748,-0.880178,0.711432,-1.980799,1
2.750000,-0.027612,-0.033748,-0.880178,0.711432,-1.980789,1
2.751000,-0.027612,-0.033748,-0.880178,0.711432,-1.980779,1
2.752000,-0.027612,-0.033748,-0.880178,0.711432,-1.980769,1
2.753000,-0.027612,-0.033748,-0.880178,0.711432,-1.980759,1
2.754000,-0.024544,-0.033748,0.648046,0.551699,0.473077,1
2.755000,-0.024544,-0.033748,0.648046,0.551699,0.473087,1
2.756000,-0.024544,-0.033748,0.648046,0.551699,0.473097,1
2.757000,-0.024544,-0.033748,0.648046,0.551699,0.473107,1
2.758000,-0.024544,-0.033748,0.648046,0.551699,0.473117,1
2.759000,-0.024544,-0.033748,0.648046,0.551699,0.473128,1
2.760000,-0.018408,-0.027612,0.455495,0.493134,0.000000,1
2.761000,-0.018408,-0.027612,0.455495,0.493134,0.000000,1
2.762000,-0.018408,-0.027612,0.455495,0.493134,0.000000,1
2.763000,-0.018408,-0.027612,0.455495,0.493134,0.000000,1
2.764000,-0.018408,-0.027612,0.455495,0.493134,0.000000,1
2.765000,-0.018408,-0.027612,0.455495,0.493134,0.000000,1
2.766000,-0.015340,-0.021476,0.438636,0.493134,0.000000,1
2.767000,-0.015340,-0.021476,0.438636,0.493134,0.000000,1
2.768000,-0.015340,-0.021476,0.438636,0.493134,0.000000,1
2.769000,-0.012272,-0.018408,0.438636,0.957592,-1.430245,1
2.770000,-0.012272,-0.015340,0.438636,0.957592,-1.491600,1
2.771000,-0.012272,-0.015340,0.438636,0.957592,-1.491595,1
2.772000,-0.012272,-0.015340,0.438636,0.957592,-1.491591,1
2.773000,-0.012272,-0.015340,0.438636,0.957592,-1.491586,1
2.774000,-0.012272,-0.015340,0.438636,0.957592,-1.491582,1
2.775000,-0.012272,-0.015340,0.438636,0.957592,-1.491577,1
2.776000,-0.012272,-0.015340,0.438636,0.957592,-1.491572,1
2.777000,-0.012272,-0.015340,0.438636,0.957592,-1.491568,1
2.778000,-0.012272,-0.012272,0.438636,0.905323,-1.448386,1
2.779000,-0.012272,-0.012272,0.438636,0.905323,-1.448383,1
2.780000,-0.012272,-0.012272,0.438636,0.905323,-1.448379,1
2.781000,-0.012272,-0.012272,0.438636,0.905323,-1.448375,1
2.782000,-0.012272,-0.012272,0.438636,0.905323,-1.448372,1
2.783000,-0.012272,-0.012272,0.438636,0.905323,-1.448368,1
2.784000,-0.012272,-0.012272,0.438636,0.741130,-1.119977,1
2.785000,-0.012272,-0.012272,0.438636,0.741130,-1.119974,1
2.786000,-0.012272,-0.012272,0.438636,0.741130,-1.119970,1
2.787000,-0.012272,-0.012272,0.438636,0.741130,-1.119966,1
2.788000,-0.012272,-0.012272,0.438636,0.741130,-1.119963,1
2.789000,-0.012272,-0.012272,0.438636,0.741130,-1.119959,1
2.790000,-0.012272,-0.015340,0.438636,0.552643,-0.681622,1
2.791000,-0.012272,-0.015340,0.438636,0.552643,-0.681617,1
2.792000,-0.012272,-0.015340,0.438636,0.552643,-0.681613,1
2.793000,-0.012272,-0.015340,0.438636,0.552643,-0.681608,1
2.794000,-0.012272,-0.015340,0.438636,0.552643,-0.681604,1
2.795000,-0.012272,-0.015340,0.438636,0.552643,-0.681599,1
2.796000,-0.015340,-0.018408,-0.381312,0.552643,-1.446319,1
2.797000,-0.015340,-0.018408,-0.381312,0.552643,-1.446313,1
2.798000,-0.015340,-0.018408,-0.381312,0.552643,-1.446308,1
2.799000,-0.015340,-0.018408,-0.381312,0.552643,-1.446302,1
2.800000,-0.015340,-0.018408,-0.381312,0.552643,-1.446296,1
2.801000,-0.015340,-0.018408,-0.381312,0.552643,-1.446291,1
2.802000,-0.021476,-0.024544,-0.321380,0.552643,-1.275905,1
2.803000,-0.021476,-0.024544,-0.321380,0.552643,-1.275898,1
2.804000,-0.021476,-0.024544,-0.321380,0.552643,-1.275890,1
2.805000,-0.021476,-0.024544,-0.321380,0.552643,-1.275883,1
2.806000,-0.021476,-0.024544,-0.321380,0.552643,-1.275876,1
2.807000,-0.021476,-0.024544,-0.321380,0.552643,-1.275868,1
2.808000,-0.027612,-0.030680,-0.301816,-0.844157,2.247752,1
2.809000,-0.027612,-0.030680,-0.301816,-0.844157,2.247761,1
2.810000,-0.027612,-0.030680,-0.301816,-0.844157,2.247771,1
2.811000,-0.027612,-0.030680,-0.301816,-0.844157,2.247780,1
2.812000,-0.027612,-0.030680,-0.301816,-0.844157,2.247789,1
2.813000,-0.027612,-0.030680,-0.301816,-0.844157,2.247798,1
2.814000,-0.033748,-0.039884,-0.301816,-1.377576,3.486454,1
2.815000,-0.033748,-0.039884,-0.301816,-1.377576,3.486466,1
2.816000,-0.033748,-0.039884,-0.301816,-1.377576,3.486478,1
2.817000,-0.033748,-0.039884,-0.301816,-1.377576,3.486490,1
2.818000,-0.033748,-0.039884,-0.301816,-1.377576,3.486502,1
2.819000,-0.052155,-0.064427,-1.388947,-2.783161,5.664619,1
2.820000,-0.052155,-0.064427,-1.388947,-2.783161,5.664638,1
2.821000,-0.052155,-0.064427,-1.388947,-2.783161,5.664658,1
2.822000,-0.052155,-0.064427,-1.388947,-2.783161,5.664677,1
2.823000,-0.052155,-0.064427,-1.388947,-2.783161,5.664696,1
2.824000,-0.052155,-0.064427,-1.388947,-2.783161,5.664716,1
2.825000,-0.052155,-0.064427,-1.388947,-2.783161,5.664735,1
2.826000,-0.052155,-0.067495,-1.388947,-2.783161,5.726115,1
2.827000,-0.052155,-0.067495,-1.388947,-2.783161,5.726135,1
2.828000,-0.052155,-0.070563,-1.224241,1.141958,-2.498018,1
2.829000,-0.052155,-0.070563,-1.224241,1.141958,-2.497996,1
2.830000,-0.052155,-0.070563,-1.224241,1.044742,-2.303544,1
2.831000,-0.052155,-0.070563,-1.224241,1.044742,-2.303522,1
2.832000,-0.052155,-0.067495,-1.224241,0.929844,-2.135065,1
2.833000,-0.049087,-0.064427,-1.224241,4.867902,-6.000000,1
2.834000,-0.049087,-0.064427,-1.224241,4.867902,-6.000000,1
2.835000,-0.049087,-0.064427,-1.224241,4.867902,-6.000000,1
2.836000,-0.049087,-0.064427,-1.224241,4.867902,-6.000000,1
2.837000,-0.049087,-0.064427,-1.224241,4.867902,-6.000000,1
2.838000,-0.049087,-0.064427,-1.224241,4.867902,-6.000000,1
2.839000,-0.049087,-0.064427,-1.224241,4.867902,-6.000000,1
2.840000,-0.049087,-0.064427,-1.224241,4.867902,-6.000000,1
2.841000,-0.049087,-0.061359,1.180141,3.047203,-4.081809,1
2.842000,-0.046019,-0.061359,0.852415,1.529165,-1.367306,1
2.843000,-0.046019,-0.061359,0.775405,1.359494,-1.104954,1
2.844000,-0.049087,-0.064427,3.015628,0.969998,2.569503,1
2.845000,-0.049087,-0.064427,3.015628,0.969998,2.569522,1
2.846000,-0.049087,-0.064427,3.015628,0.969998,2.569541,1
2.847000,-0.049087,-0.064427,3.015628,0.969998,2.569561,1
2.848000,-0.049087,-0.064427,3.015628,0.969998,2.569580,1
2.849000,-0.049087,-0.067495,-2.921897,0.969998,-3.906566,1
2.850000,-0.049087,-0.067495,-2.364764,0.969998,-3.349413,1
2.851000,-0.049087,-0.067495,-1.980781,0.969998,-2.965409,1
2.852000,-0.052155,-0.064427,-1.706289,0.969998,-2.758393,1
2.853000,-0.052155,-0.064427,-1.706289,0.969998,-2.758374,1
2.854000,-0.052155,-0.070563,-1.335281,0.969998,-2.264626,1
2.855000,-0.052155,-0.070563,-1.204173,0.969998,-2.133497,1
2.856000,-0.055223,-0.076699,-0.930205,-1.084185,2.965443,1
2.857000,-0.058291,-0.076699,-0.864501,-1.084185,3.025034,1
2.858000,-0.058291,-0.076699,-0.864501,-1.084185,3.025057,1
2.859000,-0.067495,-0.095107,-0.937110,-2.156797,5.447448,1
2.860000,-0.067495,-0.095107,-0.937110,-2.156797,5.447476,1
2.861000,-0.067495,-0.095107,-0.937110,-2.156797,5.447505,1
2.862000,-0.067495,-0.095107,-0.937110,-2.156797,5.447534,1
2.863000,-0.067495,-0.095107,-0.937110,-2.156797,5.447562,1
2.864000,-0.067495,-0.098175,-0.937110,-2.156797,5.508951,1
2.865000,-0.067495,-0.101243,-0.937110,-2.014544,5.285834,1
2.866000,-0.067495,-0.101243,-0.937110,-2.014544,5.285864,1
2.867000,-0.067495,-0.101243,-0.937110,-2.014544,5.285895,1
2.868000,-0.067495,-0.101243,-0.937110,-2.014544,5.285925,1
2.869000,-0.067495,-0.101243,-0.937110,-2.014544,5.285955,1
2.870000,-0.067495,-0.101243,-0.937110,-2.014544,5.285986,1
2.871000,-0.067495,-0.101243,-0.937110,-2.014544,5.286016,1
2.872000,-0.067495,-0.101243,-0.937110,-2.014544,5.286047,1
2.873000,-0.067495,-0.101243,-0.937110,-2.014544,5.286077,1
2.874000,-0.067495,-0.101243,-0.937110,-2.014544,5.286107,1
2.875000,-0.067495,-0.104311,-0.937110,-2.014544,5.347498,1
2.876000,-0.067495,-0.104311,-0.937110,-2.014544,5.347529,1
2.877000,-0.067495,-0.104311,-0.937110,-2.014544,5.347560,1
2.878000,-0.067495,-0.104311,-0.843185,-2.014544,5.441517,1
2.879000,-0.061359,-0.101243,-1.223999,1.323019,-2.263480,1
2.880000,-0.061359,-0.101243,-1.223999,1.194014,-2.005440,1
2.881000,-0.058291,-0.098175,-1.223999,1.088645,-1.849896,1
2.882000,-0.058291,-0.098175,-1.223999,1.088645,-1.849867,1
2.883000,-0.058291,-0.095107,-1.223999,0.999720,-1.733348,1
2.884000,-0.058291,-0.095107,-1.223999,0.999720,-1.733319,1
2.885000,-0.058291,-0.095107,-1.223999,0.999720,-1.733291,1
2.886000,-0.058291,-0.095107,-1.223999,0.999720,-1.733262,1
2.887000,-0.055223,-0.095107,-1.223999,0.924309,-1.576275,1
2.888000,-0.049087,-0.092039,0.819465,0.793244,1.280260,1
2.889000,-0.049087,-0.092039,0.819465,0.793244,1.280288,1
2.890000,-0.049087,-0.092039,0.819465,0.793244,1.280315,1
2.891000,-0.049087,-0.092039,0.819465,0.793244,1.280343,1
2.892000,-0.046019,-0.092039,0.819465,0.793244,1.286506,1
2.893000,-0.046019,-0.092039,0.819465,0.793244,1.286534,1
2.894000,-0.046019,-0.092039,0.819465,0.793244,1.286562,1
2.895000,-0.046019,-0.092039,0.819465,0.793244,1.286589,1
2.896000,-0.046019,-0.092039,0.819465,0.793244,1.286617,1
2.897000,-0.042951,-0.092039,0.819465,0.793244,1.292780,1
2.898000,-0.042951,-0.092039,0.819465,0.793244,1.292808,1
2.899000,-0.042951,-0.092039,0.819465,0.793244,1.292836,1
2.900000,-0.042951,-0.092039,0.819465,0.793244,1.292863,1
2.901000,-0.042951,-0.092039,0.819465,0.793244,1.292891,1
2.902000,-0.042951,-0.092039,0.819465,0.793244,1.292918,1
2.903000,-0.039884,-0.092039,1.245458,0.793244,1.725075,1
2.904000,-0.039884,-0.092039,1.245458,0.793244,1.725102,1
2.905000,-0.039884,-0.092039,1.245458,0.793244,1.725130,1
2.906000,-0.033748,-0.088971,1.245458,0.689437,1.883683,1
2.907000,-0.027612,-0.085903,1.038220,0.562722,1.880814,1
2.908000,-0.027612,-0.085903,1.038220,0.538087,1.930108,1
2.909000,-0.027612,-0.082835,1.038220,0.515661,1.913628,1
2.910000,-0.027612,-0.082835,1.038220,0.515661,1.913652,1
2.911000,-0.027612,-0.082835,1.038220,0.515661,1.913677,1
2.912000,-0.024544,-0.082835,1.038220,0.494762,1.961636,1
2.913000,-0.018408,-0.082835,1.038220,0.441398,2.080660,1
2.914000,-0.018408,-0.079767,1.038220,0.438656,2.024808,1
2.915000,-0.015340,-0.079767,1.384381,0.438656,2.377129,1
2.916000,-0.015340,-0.079767,1.384381,0.438656,2.377153,1
2.917000,-0.012272,-0.076699,1.384381,0.438656,2.321953,1
2.918000,-0.009204,-0.076699,1.384381,0.438656,2.328112,1
2.919000,-0.009204,-0.073631,1.384381,0.438656,2.266775,1
2.920000,-0.006136,-0.073631,1.384381,0.438656,2.272933,1
2.921000,-0.003068,-0.070563,1.840547,0.438656,2.673896,1
2.922000,0.000000,-0.070563,1.840547,0.438656,2.680054,1
2.923000,0.003068,-0.067495,1.840547,1.255912,0.990339,1
2.924000,0.003068,-0.067495,1.840547,1.255912,0.990359,1
2.925000,0.006136,-0.064427,1.840547,1.255912,0.935155,1
2.926000,0.009204,-0.064427,2.407693,1.255912,1.508457,1
2.927000,0.012272,-0.061359,2.407693,1.255912,1.453252,1
2.928000,0.012272,-0.061359,2.407693,1.255912,1.453270,1
2.929000,0.012272,-0.061359,2.407693,1.255912,1.453289,1
2.930000,0.012272,-0.061359,2.407693,1.255912,1.453307,1
2.931000,0.012272,-0.061359,2.407693,1.255912,1.453326,1
2.932000,0.012272,-0.061359,2.407693,1.255912,1.453344,1
2.933000,0.015340,-0.058291,2.407693,1.255912,1.398138,1
2.934000,0.015340,-0.058291,2.407693,1.255912,1.398156,1
2.935000,0.015340,-0.058291,2.407693,1.255912,1.398173,1
2.936000,0.030680,-0.052155,2.715678,1.967216,0.000000,1
2.937000,0.030680,-0.052155,2.715678,1.967216,0.000000,1
2.938000,0.030680,-0.052155,2.715678,1.967216,0.000000,1
2.939000,0.039884,-0.042951,2.991593,1.824139,0.587969,1
2.940000,0.052155,-0.036816,3.154074,1.824139,0.652287,1
2.941000,0.058291,-0.033748,3.303682,1.824139,0.752817,1
2.942000,0.061359,-0.030680,3.303682,2.184412,-0.622944,1
2.943000,0.064427,-0.027612,3.303682,2.184412,-0.678159,1
2.944000,0.067495,-0.024544,3.303682,2.184412,-0.733375,1
2.945000,0.070563,-0.024544,3.345296,2.184412,-0.685617,1
2.946000,0.073631,-0.021476,3.345296,2.184412,-0.740834,1
2.947000,0.076699,-0.018408,3.345296,2.348541,-1.124310,1
2.948000,0.079767,-0.018408,3.345296,2.348541,-1.118168,1
2.949000,0.079767,-0.018408,3.345296,2.348541,-1.118163,1
2.950000,0.079767,-0.018408,3.345296,2.348541,-1.118157,1
2.951000,0.079767,-0.018408,3.345296,2.348541,-1.118152,1
2.952000,0.082835,-0.015340,3.251454,2.348541,-1.267212,1
2.953000,0.082835,-0.015340,3.251454,2.348541,-1.267208,1
2.954000,0.082835,-0.015340,3.251454,2.348541,-1.267203,1
2.955000,0.092039,-0.009204,3.251454,2.337971,-1.350370,1
2.956000,0.104311,-0.003068,3.089308,2.025085,-0.984918,1
2.957000,0.104311,-0.003068,3.089308,2.025085,-0.984917,1
2.958000,0.104311,-0.003068,3.089308,2.025085,-0.984916,1
2.959000,0.104311,0.000000,2.804958,2.025085,-1.330626,1
2.960000,0.113515,0.003068,2.856815,1.708355,-0.688260,1
2.961000,0.113515,0.003068,2.856815,1.708355,-0.688261,1
2.962000,0.119651,0.006136,2.588239,1.536878,-0.662974,1
2.963000,0.119651,0.006136,2.588239,1.536878,-0.662976,1
2.964000,0.128854,0.012272,2.522815,1.536878,-0.832715,1
2.965000,0.128854,0.012272,2.522815,1.536878,-0.832718,1
2.966000,0.128854,0.012272,2.522815,1.536878,-0.832722,1
2.967000,0.128854,0.012272,2.522815,1.536878,-0.832726,1
2.968000,0.131922,0.012272,2.323083,1.536878,-1.026325,1
2.969000,0.131922,0.015340,2.323083,1.495538,-1.005009,1
2.970000,0.147262,0.021476,2.083550,1.156468,-0.658447,1
2.971000,0.147262,0.021476,2.083550,1.156468,-0.658454,1
2.972000,0.147262,0.021476,2.083550,1.156468,-0.658460,1
2.973000,0.147262,0.021476,2.083550,1.156468,-0.658466,1
2.974000,0.147262,0.021476,2.083550,1.156468,-0.658473,1
2.975000,0.147262,0.021476,2.083550,1.156468,-0.658479,1
2.976000,0.147262,0.021476,2.083550,1.156468,-0.658486,1
2.977000,0.150330,0.021476,2.083550,1.156468,-0.652356,1
2.978000,0.150330,0.021476,2.083550,1.156468,-0.652363,1
2.979000,0.150330,0.021476,2.083550,1.156468,-0.652369,1
2.980000,0.153398,0.024544,2.024644,1.156468,-0.766505,1
2.981000,0.153398,0.024544,1.738718,1.156468,-1.052439,1
2.982000,0.156466,0.024544,1.811365,1.156468,-0.973663,1
2.983000,0.156466,0.024544,1.811365,1.059613,-0.779960,1
2.984000,0.165670,0.027612,1.564765,0.697764,0.000000,1
2.985000,0.165670,0.027612,1.564765,0.697764,0.000000,1
2.986000,0.165670,0.027612,1.564765,0.697764,0.000000,1
2.987000,0.165670,0.027612,1.564765,0.697764,0.000000,1
2.988000,0.165670,0.027612,1.564765,0.697764,0.000000,1
2.989000,0.165670,0.027612,1.564765,0.697764,0.000000,1
2.990000,0.168738,0.027612,1.607806,0.660196,0.000000,1
2.991000,0.168738,0.027612,1.607806,0.626596,0.000000,1
2.992000,0.171806,0.027612,1.607806,0.596140,0.512672,1
2.993000,0.177942,0.027612,1.607806,0.499105,0.719007,1
2.994000,0.177942,0.027612,1.607806,0.499105,0.718999,1
2.995000,0.177942,0.027612,1.607806,0.499105,0.718990,1
2.996000,0.177942,0.027612,1.607806,0.499105,0.718982,1
2.997000,0.177942,0.027612,1.607806,0.499105,0.718974,1
2.998000,0.177942,0.027612,1.607806,0.499105,0.718965,1
2.999000,0.177942,0.030680,1.577899,0.491663,0.642573,1
3.000000,0.184078,0.030680,1.476468,0.491663,0.553404,1
3.001000,0.184078,0.030680,1.476468,0.491663,0.553395,1
3.002000,0.190214,0.033748,1.476468,0.491663,0.504298,1
3.003000,0.190214,0.033748,1.476468,0.491663,0.504287,1
3.004000,0.190214,0.033748,1.476468,0.491663,0.504277,1
3.005000,0.190214,0.033748,1.476468,0.491663,0.504267,1
3.006000,0.193282,0.033748,1.536614,0.491663,0.570539,1
3.007000,0.193282,0.033748,1.536614,0.491663,0.570529,1
3.008000,0.196350,0.033748,1.536614,0.491663,0.576655,1
3.009000,0.196350,0.033748,1.536614,0.491663,0.576645,1
3.010000,0.208621,0.042951,1.636949,0.491663,0.517433,1
3.011000,0.208621,0.042951,1.636949,0.491663,0.517420,1
3.012000,0.208621,0.042951,1.636949,0.491663,0.517408,1
3.013000,0.208621,0.042951,1.636949,0.491663,0.517395,1
3.014000,0.208621,0.042951,1.636949,0.491663,0.517382,1
3.015000,0.208621,0.042951,1.636949,0.491663,0.517369,1
3.016000,0.208621,0.042951,1.636949,0.491663,0.517356,1
3.017000,0.211689,0.042951,1.636949,0.491663,0.523479,1
3.018000,0.214757,0.042951,1.636949,0.491663,0.529602,1
3.019000,0.214757,0.042951,1.636949,0.491663,0.529589,1
3.020000,0.217825,0.046019,1.726153,0.540288,0.466306,1
3.021000,0.227029,0.049087,1.726153,0.540288,0.000000,1
3.022000,0.227029,0.049087,1.726153,0.540288,0.000000,1
3.023000,0.227029,0.049087,1.726153,0.540288,0.000000,1
3.024000,0.227029,0.049087,1.726153,0.540288,0.000000,1
3.025000,0.227029,0.049087,1.726153,0.540288,0.000000,1
3.026000,0.227029,0.049087,1.726153,0.540288,0.000000,1
3.027000,0.230097,0.052155,1.778840,0.540288,0.000000,1
3.028000,0.230097,0.052155,1.778840,0.540288,0.000000,1
3.029000,0.239301,0.055223,1.778840,0.540288,0.000000,1
3.030000,0.239301,0.055223,1.778840,0.540288,0.000000,1
3.031000,0.239301,0.055223,1.778840,0.540288,0.000000,1
3.032000,0.239301,0.055223,1.778840,0.540288,0.000000,1
3.033000,0.239301,0.058291,1.778840,0.920030,-1.043180,1
3.034000,0.242369,0.058291,1.769574,0.920030,-1.046328,1
3.035000,0.242369,0.058291,1.769574,0.920030,-1.046345,1
3.036000,0.245437,0.061359,1.769574,0.920030,-1.101587,1
3.037000,0.254641,0.064427,1.658523,0.920030,-1.255609,1
3.038000,0.254641,0.064427,1.658523,0.920030,-1.255628,1
3.039000,0.254641,0.064427,1.658523,0.920030,-1.255647,1
3.040000,0.254641,0.064427,1.658523,0.920030,-1.255667,1
3.041000,0.254641,0.064427,1.658523,0.920030,-1.255686,1
3.042000,0.254641,0.064427,1.658523,0.920030,-1.255705,1
3.043000,0.254641,0.064427,1.658523,0.920030,-1.255725,1
3.044000,0.257709,0.067495,1.658523,0.920030,-1.310968,1
3.045000,0.257709,0.067495,1.658523,0.920030,-1.310989,1
3.046000,0.257709,0.067495,1.658523,0.903734,-1.278417,1
3.047000,0.260777,0.067495,1.658523,0.841938,-1.148709,1
3.048000,0.266913,0.070563,1.359169,0.715192,-1.243679,1
3.049000,0.266913,0.070563,1.359169,0.715192,-1.243701,1
3.050000,0.266913,0.070563,1.359169,0.715192,-1.243722,1
3.051000,0.266913,0.070563,1.359169,0.715192,-1.243743,1
3.052000,0.266913,0.070563,1.359169,0.715192,-1.243764,1
3.053000,0.266913,0.070563,1.359169,0.715192,-1.243785,1
3.054000,0.266913,0.070563,1.359169,0.715192,-1.243806,1
3.055000,0.266913,0.070563,1.359169,0.715192,-1.243828,1
3.056000,0.266913,0.070563,1.359169,0.715192,-1.243849,1
3.057000,0.266913,0.070563,1.359169,0.715192,-1.243870,1
3.058000,0.266913,0.070563,1.359169,0.715192,-1.243891,1
3.059000,0.266913,0.070563,1.359169,0.715192,-1.243912,1
3.060000,0.266913,0.070563,1.359169,0.715192,-1.243933,1
3.061000,0.269981,0.070563,1.359169,0.715192,-1.237819,1
3.062000,0.273049,0.070563,1.222801,0.715192,-1.368072,1
3.063000,0.273049,0.070563,1.111836,0.715192,-1.479058,1
3.064000,0.273049,0.070563,1.019695,0.715192,-1.571221,1
3.065000,0.276117,0.070563,0.941302,0.715192,-1.643499,1
3.066000,0.276117,0.070563,0.874398,0.715192,-1.710424,1
3.067000,0.276117,0.070563,0.816182,0.704145,-1.746568,1
3.068000,0.276117,0.070563,0.765541,0.666130,-1.721198,1
3.069000,0.276117,0.070563,0.765541,0.666130,-1.721219,1
3.070000,0.276117,0.070563,0.765541,0.666130,-1.721240,1
3.071000,0.276117,0.070563,0.765541,0.666130,-1.721261,1
3.072000,0.276117,0.067495,0.720576,-0.631823,1.491018,1
3.073000,0.276117,0.067495,0.720576,-0.631823,1.490998,1
3.074000,0.276117,0.067495,0.720576,-0.631823,1.490978,1
3.075000,0.276117,0.067495,0.612575,-0.547227,1.213763,1
3.076000,0.276117,0.067495,0.612575,-0.547227,1.213743,1
3.077000,0.276117,0.067495,0.612575,-0.547227,1.213723,1
3.078000,0.276117,0.067495,0.612575,-0.547227,1.213703,1
3.079000,0.276117,0.064427,0.532827,-0.482690,1.066220,1
3.080000,0.276117,0.058291,0.422693,-0.457183,1.027773,1
3.081000,0.276117,0.058291,0.422693,-0.457183,1.027756,1
3.082000,0.276117,0.058291,0.422693,-0.457183,1.027738,1
3.083000,0.276117,0.055223,0.383137,-0.457183,1.049525,1
3.084000,0.276117,0.055223,0.383137,-0.457183,1.049508,1
3.085000,0.276117,0.055223,0.383137,-0.457183,1.049492,1
3.086000,0.276117,0.055223,0.383137,-0.457183,1.049475,1
3.087000,0.276117,0.055223,0.383137,-0.457183,1.049459,1
3.088000,0.276117,0.055223,0.383137,-0.457183,1.049442,1
3.089000,0.276117,0.055223,0.383137,-0.457183,1.049426,1
3.090000,0.276117,0.055223,0.383137,-0.457183,1.049409,1
3.091000,0.279185,0.055223,0.910923,-0.457183,1.583315,1
3.092000,0.279185,0.055223,0.910923,-0.457183,1.583298,1
3.093000,0.279185,0.055223,0.910923,-0.457183,1.583282,1
3.094000,0.279185,0.055223,0.910923,-0.457183,1.583265,1
3.095000,0.279185,0.055223,0.910923,-0.457183,1.583248,1
3.096000,0.279185,0.055223,0.910923,-0.457183,1.583232,1
3.097000,0.279185,0.055223,0.910923,-0.457183,1.583215,1
3.098000,0.279185,0.055223,0.910923,-0.457183,1.583199,1
3.099000,0.279185,0.055223,0.910923,-0.457183,1.583182,1
3.100000,0.279185,0.055223,0.910923,-0.457183,1.583166,1
3.101000,0.279185,0.055223,0.910923,-0.457183,1.583149,1
3.102000,0.279185,0.055223,0.910923,-0.457183,1.583132,1
3.103000,0.279185,0.055223,0.910923,-0.457183,1.583116,1
3.104000,0.285320,0.055223,0.910923,-0.457183,1.595371,1
3.105000,0.288388,0.058291,0.748648,0.464249,-1.065008,1
3.106000,0.291456,0.058291,0.309828,0.464249,-1.497709,1
3.107000,0.291456,0.058291,0.309828,0.464249,-1.497727,1
3.108000,0.291456,0.058291,0.309828,0.464249,-1.497744,1
3.109000,0.291456,0.061359,0.309828,0.464249,-1.559122,1
3.110000,0.291456,0.061359,0.309828,0.464249,-1.559140,1
3.111000,0.294524,0.064427,0.309828,0.464249,-1.614383,1
3.112000,0.294524,0.064427,0.309828,0.464249,-1.614402,1
3.113000,0.294524,0.064427,0.309828,0.464249,-1.614422,1
3.114000,0.294524,0.067495,0.309828,0.464249,-1.675801,1
3.115000,0.294524,0.067495,0.309828,0.464249,-1.675821,1
3.116000,0.294524,0.067495,0.309828,0.464249,-1.675842,1
3.117000,0.294524,0.067495,0.309828,0.464249,-1.675862,1
3.118000,0.294524,0.067495,0.309828,0.464249,-1.675882,1
3.119000,0.294524,0.067495,0.309828,0.464249,-1.675902,1
3.120000,0.297592,0.070563,0.309828,1.110531,-3.023711,1
3.121000,0.297592,0.070563,0.309828,1.110531,-3.023733,1
3.122000,0.297592,0.070563,0.309828,1.110531,-3.023754,1
3.123000,0.300660,0.070563,0.309828,1.110531,-3.017639,1
3.124000,0.303728,0.070563,1.002390,1.110531,-2.318962,1
3.125000,0.303728,0.070563,1.002390,1.105663,-2.309247,1
3.126000,0.303728,0.070563,1.002390,1.105663,-2.309268,1
3.127000,0.303728,0.070563,1.002390,1.105663,-2.309289,1
3.128000,0.303728,0.070563,1.002390,1.014764,-2.127512,1
3.129000,0.303728,0.070563,1.002390,1.014764,-2.127533,1
3.130000,0.300660,0.070563,1.002390,0.870352,-1.844867,1
3.131000,0.300660,0.070563,1.002390,0.870352,-1.844888,1
3.132000,0.300660,0.070563,1.002390,0.870352,-1.844910,1
3.133000,0.300660,0.070563,1.002390,0.762482,-1.629190,1
3.134000,0.297592,0.067495,1.002390,-0.610482,1.771941,1
3.135000,0.297592,0.067495,1.002390,-0.581596,1.714148,1
3.136000,0.297592,0.064427,-0.930082,-0.555264,-0.809647,1
3.137000,0.297592,0.064427,-0.930082,-0.555264,-0.809667,1
3.138000,0.297592,0.061359,-0.865055,-0.547956,-0.697915,1
3.139000,0.297592,0.061359,-0.865055,-0.547956,-0.697934,1
3.140000,0.294524,0.061359,-0.810890,-0.547956,-0.649924,1
3.141000,0.294524,0.058291,-0.810890,-0.547956,-0.588582,1
3.142000,0.294524,0.058291,-0.810890,-0.547956,-0.588599,1
3.143000,0.291456,0.058291,-0.810890,-0.547956,-0.594753,1
3.144000,0.291456,0.058291,-0.810890,-0.547956,-0.594770,1
3.145000,0.291456,0.058291,-0.810890,-0.547956,-0.594788,1
3.146000,0.291456,0.058291,-0.810890,-0.547956,-0.594805,1
3.147000,0.291456,0.058291,-0.810890,-0.547956,-0.594823,1
3.148000,0.291456,0.058291,-0.810890,-0.547956,-0.594840,1
3.149000,0.291456,0.058291,-0.810890,-0.547956,-0.594858,1
3.150000,0.291456,0.058291,-0.810890,-0.547956,-0.594875,1
3.151000,0.291456,0.058291,-0.810890,-0.547956,-0.594893,1
3.152000,0.291456,0.058291,-0.810890,-0.547956,-0.594910,1
3.153000,0.288388,0.052155,-0.810890,-0.547956,-0.478343,1
3.154000,0.282252,0.049087,-0.619109,-0.766847,0.800292,1
3.155000,0.282252,0.049087,-0.619109,-0.766847,0.800277,1
3.156000,0.282252,0.049087,-0.619109,-0.766847,0.800262,1
3.157000,0.282252,0.049087,-0.619109,-0.766847,0.800248,1
3.158000,0.282252,0.049087,-0.619109,-0.766847,0.800233,1
3.159000,0.282252,0.049087,-0.619109,-0.766847,0.800218,1
3.160000,0.282252,0.049087,-0.619109,-0.766847,0.800204,1
3.161000,0.282252,0.049087,-0.619109,-0.766847,0.800189,1
3.162000,0.282252,0.049087,-0.619109,-0.766847,0.800174,1
3.163000,0.282252,0.049087,-0.619109,-0.766847,0.800159,1
3.164000,0.276117,0.036816,-0.619109,-1.207783,1.915186,1
3.165000,0.276117,0.036816,-0.619109,-1.207783,1.915175,1
3.166000,0.276117,0.036816,-0.619109,-1.207783,1.915164,1
3.167000,0.276117,0.036816,-0.619109,-1.207783,1.915153,1
3.168000,0.273049,0.033748,-0.619109,-1.207783,1.970366,1
3.169000,0.273049,0.033748,-0.619109,-1.207783,1.970356,1
3.170000,0.273049,0.033748,-0.619109,-1.207783,1.970346,1
3.171000,0.273049,0.033748,-0.619109,-1.207783,1.970336,1
3.172000,0.273049,0.033748,-0.619109,-1.207783,1.970326,1
3.173000,0.273049,0.033748,-0.619109,-1.207783,1.970316,1
3.174000,0.273049,0.033748,-0.606580,-1.064482,1.696232,1
3.175000,0.273049,0.033748,-0.577827,-0.978993,1.553998,1
3.176000,0.273049,0.033748,-0.577827,-0.978993,1.553988,1
3.177000,0.273049,0.033748,-0.577827,-0.978993,1.553978,1
3.178000,0.273049,0.033748,-0.577827,-0.978993,1.553968,1
3.179000,0.273049,0.033748,-0.577827,-0.978993,1.553958,1
3.180000,0.273049,0.033748,-0.577827,-0.978993,1.553948,1
3.181000,0.273049,0.033748,-0.577827,-0.978993,1.553938,1
3.182000,0.273049,0.033748,-0.577827,-0.978993,1.553928,1
3.183000,0.273049,0.033748,-0.551912,-0.906848,1.435542,1
3.184000,0.273049,0.033748,-0.551912,-0.906848,1.435532,1
3.185000,0.273049,0.033748,-0.551912,-0.906848,1.435522,1
3.186000,0.276117,0.036816,0.419670,0.597492,-1.256812,1
3.187000,0.276117,0.036816,0.419670,0.597492,-1.256823,1
3.188000,0.276117,0.036816,0.419670,0.597492,-1.256834,1
3.189000,0.276117,0.036816,0.419670,0.597492,-1.256845,1
3.190000,0.276117,0.036816,0.419670,0.597492,-1.256856,1
3.191000,0.276117,0.036816,0.419670,0.597492,-1.256867,1
3.192000,0.279185,0.039884,0.799342,0.521325,-0.780095,1
3.193000,0.279185,0.039884,0.799342,0.521325,-0.780107,1
3.194000,0.279185,0.039884,0.799342,0.521325,-0.780119,1
3.195000,0.282252,0.049087,0.799342,0.462299,-0.840023,1
3.196000,0.288388,0.058291,0.799342,1.795803,-3.678856,1
3.197000,0.288388,0.058291,0.799342,1.795803,-3.678873,1
3.198000,0.288388,0.061359,0.799342,1.795803,-3.740251,1
3.199000,0.288388,0.061359,0.799342,1.795803,-3.740269,1
3.200000,0.288388,0.061359,0.799342,1.795803,-3.740287,1
3.201000,0.288388,0.061359,0.799342,1.795803,-3.740306,1
3.202000,0.288388,0.061359,0.799342,1.795803,-3.740324,1
3.203000,0.288388,0.061359,0.799342,1.795803,-3.740343,1
3.204000,0.288388,0.061359,0.799342,1.795803,-3.740361,1
3.205000,0.291456,0.064427,0.404780,1.795803,-4.190166,1
3.206000,0.288388,0.064427,0.404780,1.208862,-3.022439,1
3.207000,0.288388,0.064427,0.404780,1.100188,-2.805110,1
3.208000,0.288388,0.064427,0.404780,1.009455,-2.623663,1
3.209000,0.288388,0.064427,0.404780,0.932963,-2.470699,1
3.210000,0.285320,0.061359,0.404780,0.869490,-2.288547,1
3.211000,0.285320,0.061359,0.404780,0.869490,-2.288566,1
3.212000,0.279185,0.058291,-0.968205,0.869490,-3.612481,1
3.213000,0.276117,0.055223,-0.968205,0.869490,-3.557274,1
3.214000,0.276117,0.055223,-0.968205,0.869490,-3.557290,1
3.215000,0.276117,0.055223,-0.968205,0.869490,-3.557307,1
3.216000,0.276117,0.055223,-0.968205,0.869490,-3.557323,1
3.217000,0.276117,0.055223,-0.968205,0.869490,-3.557340,1
3.218000,0.276117,0.055223,-0.968205,0.869490,-3.557357,1
3.219000,0.276117,0.055223,-0.968205,0.869490,-3.557373,1
3.220000,0.276117,0.055223,-0.968205,0.869490,-3.557390,1
3.221000,0.276117,0.055223,-0.968205,0.869490,-3.557406,1
3.222000,0.276117,0.055223,-0.968205,0.869490,-3.557423,1
3.223000,0.276117,0.055223,-0.968205,0.869490,-3.557439,1
3.224000,0.269981,0.052155,-1.007159,0.869490,-3.547323,1
3.225000,0.269981,0.052155,-1.007159,0.869490,-3.547338,1
3.226000,0.269981,0.052155,-1.007159,0.869490,-3.547354,1
3.227000,0.263845,0.046019,-1.007159,-1.078993,1.060044,1
3.228000,0.257709,0.039884,-1.829461,-1.078993,0.000000,1
3.229000,0.257709,0.039884,-1.829461,-1.078993,0.000000,1
3.230000,0.257709,0.039884,-1.829461,-1.078993,0.000000,1
3.231000,0.257709,0.039884,-1.829461,-1.078993,0.000000,1
3.232000,0.257709,0.039884,-1.829461,-1.078993,0.000000,1
3.233000,0.248505,0.030680,-1.829461,-1.971192,2.298188,1
3.234000,0.248505,0.030680,-1.829461,-1.971192,2.298179,1
3.235000,0.248505,0.030680,-1.829461,-1.971192,2.298170,1
3.236000,0.242369,0.021476,-2.507522,-2.960519,3.770564,1
3.237000,0.230097,0.012272,-2.806232,-3.562421,4.835186,1
3.238000,0.227029,0.006136,-2.806232,-3.562421,4.951767,1
3.239000,0.211689,-0.009204,-1.504136,-1.367493,2.140128,1
3.240000,0.211689,-0.009204,-1.504136,-1.367493,2.140130,1
3.241000,0.208621,-0.009204,-2.136117,-1.024473,0.815975,1
3.242000,0.208621,-0.009204,-2.136117,-1.024473,0.815977,1
3.243000,0.208621,-0.009204,-2.136117,-0.945546,0.658126,1
3.244000,0.208621,-0.009204,-2.136117,-0.945546,0.658129,1
3.245000,0.208621,-0.009204,-2.136117,-0.819384,0.000000,1
3.246000,0.205553,-0.006136,-0.904750,0.533973,-1.737033,1
3.247000,0.205553,-0.003068,-0.788768,0.514016,-1.642495,1
3.248000,0.205553,-0.003068,-0.788768,0.514016,-1.642494,1
3.249000,0.205553,-0.003068,-0.788768,0.514016,-1.642493,1
3.250000,0.205553,-0.003068,-0.788768,0.514016,-1.642492,1
3.251000,0.205553,-0.003068,-0.788768,0.514016,-1.642491,1
3.252000,0.205553,-0.003068,-0.788768,0.514016,-1.642491,1
3.253000,0.205553,-0.003068,-0.788768,0.514016,-1.642490,1
3.254000,0.205553,-0.003068,-0.788768,0.514016,-1.642489,1
3.255000,0.205553,-0.003068,-0.788768,0.514016,-1.642488,1
3.256000,0.205553,-0.003068,-0.788768,0.514016,-1.642487,1
3.257000,0.205553,-0.003068,-0.788768,0.514016,-1.642486,1
3.258000,0.205553,-0.003068,-0.788768,0.514016,-1.642485,1
3.259000,0.205553,-0.003068,-0.788768,0.514016,-1.642484,1
3.260000,0.205553,-0.003068,-0.788768,0.514016,-1.642483,1
3.261000,0.205553,-0.003068,-0.788768,0.514016,-1.642482,1
3.262000,0.205553,-0.003068,-0.788768,0.514016,-1.642481,1
3.263000,0.205553,-0.003068,-0.788768,0.514016,-1.642480,1
3.264000,0.205553,-0.003068,-0.788768,0.514016,-1.642479,1
3.265000,0.205553,-0.003068,-0.788768,0.514016,-1.642479,1
3.266000,0.205553,-0.003068,-0.788768,0.514016,-1.642478,1
3.267000,0.205553,-0.003068,-0.788768,0.514016,-1.642477,1
3.268000,0.205553,-0.003068,-0.788768,0.514016,-1.642476,1
3.269000,0.205553,-0.003068,-0.740961,0.514016,-1.594667,1
3.270000,0.205553,-0.003068,-0.740961,0.514016,-1.594666,1
3.271000,0.205553,-0.003068,-0.740961,0.514016,-1.594665,1
3.272000,0.202485,0.000000,-0.627364,0.514016,-1.548564,1
3.273000,0.202485,0.000000,-0.627364,0.514016,-1.548564,1
3.274000,0.202485,0.000000,-0.627364,0.514016,-1.548564,1
3.275000,0.202485,0.000000,-0.520908,0.514016,-1.442108,1
3.276000,0.199418,0.000000,-0.445218,0.514016,-1.372554,1
3.277000,0.196350,0.000000,-0.508197,0.514016,-1.441668,1
3.278000,0.196350,0.000000,-0.508197,0.514016,-1.441668,1
3.279000,0.196350,0.000000,-0.508197,0.514016,-1.441668,1
3.280000,0.193282,0.000000,-0.508197,0.514016,-1.447804,1
3.281000,0.193282,0.000000,-0.508197,0.514016,-1.447804,1
3.282000,0.193282,-0.003068,-0.508197,0.514016,-1.386444,1
3.283000,0.190214,-0.003068,-0.508197,0.514016,-1.392579,1
3.284000,0.190214,-0.003068,-0.508197,0.514016,-1.392578,1
3.285000,0.190214,-0.003068,-0.508197,0.514016,-1.392577,1
3.286000,0.190214,-0.003068,-0.508197,0.514016,-1.392576,1
3.287000,0.190214,-0.003068,-0.508197,0.514016,-1.392575,1
3.288000,0.190214,-0.003068,-0.508197,0.514016,-1.392574,1
3.289000,0.187146,-0.003068,-0.508197,0.514016,-1.398709,1
3.290000,0.181010,-0.009204,-0.801347,-0.452838,0.952298,1
3.291000,0.181010,-0.009204,-0.801347,-0.436790,0.920204,1
3.292000,0.177942,-0.012272,-0.801347,-0.428437,0.958727,1
3.293000,0.177942,-0.012272,-0.801347,-0.428437,0.958730,1
3.294000,0.174874,-0.015340,-0.801347,-0.428437,1.013958,1
3.295000,0.174874,-0.015340,-0.801347,-0.428437,1.013963,1
3.296000,0.174874,-0.015340,-0.801347,-0.428437,1.013967,1
3.297000,0.174874,-0.018408,-0.801347,-0.428437,1.075332,1
3.298000,0.174874,-0.018408,-0.801347,-0.428437,1.075338,1
3.299000,0.174874,-0.018408,-0.801347,-0.428437,1.075343,1
3.300000,0.171806,-0.018408,-1.391039,-0.428437,0.479520,1
3.301000,0.165670,-0.021476,-1.391039,-0.428437,0.528614,1
3.302000,0.165670,-0.021476,-1.391039,-0.428437,0.528620,1
3.303000,0.165670,-0.021476,-1.391039,-0.428437,0.528627,1
3.304000,0.165670,-0.021476,-1.391039,-0.428437,0.528633,1
3.305000,0.165670,-0.021476,-1.391039,-0.428437,0.528640,1
3.306000,0.165670,-0.021476,-1.391039,-0.428437,0.528646,1
3.307000,0.162602,-0.024544,-1.304484,-1.052507,1.918571,1
3.308000,0.162602,-0.024544,-1.304484,-1.052507,1.918578,1
3.309000,0.162602,-0.024544,-1.304484,-1.052507,1.918585,1
3.310000,0.159534,-0.027612,-1.303278,-1.052507,1.975023,1
3.311000,0.159534,-0.027612,-1.303278,-1.052507,1.975032,1
3.312000,0.159534,-0.027612,-1.303278,-1.052507,1.975040,1
3.313000,0.159534,-0.027612,-1.303278,-1.052507,1.975048,1
3.314000,0.153398,-0.030680,-1.303278,-1.052507,2.024145,1
3.315000,0.153398,-0.033748,-1.303278,-1.039624,2.059748,1
3.316000,0.153398,-0.033748,-1.249539,-0.958176,1.950601,1
3.317000,0.153398,-0.033748,-1.134906,-0.889296,1.927485,1
3.318000,0.150330,-0.033748,-1.038277,-0.828851,1.897099,1
3.319000,0.150330,-0.033748,-0.957135,-0.776314,1.873175,1
3.320000,0.150330,-0.033748,-0.888041,-0.730231,1.850115,1
3.321000,0.150330,-0.033748,-0.828045,-0.689171,1.828001,1
3.322000,0.150330,-0.033748,-0.775819,-0.652607,1.807109,1
3.323000,0.150330,-0.033748,-0.730025,-0.619897,1.787493,1
3.324000,0.150330,-0.033748,-0.688799,-0.589916,1.768767,1
3.325000,0.150330,-0.033748,-0.688799,-0.589916,1.768777,1
3.326000,0.150330,-0.033748,-0.688799,-0.589916,1.768787,1
3.327000,0.150330,-0.033748,-0.688799,-0.589916,1.768797,1
3.328000,0.150330,-0.030680,-0.562569,0.494644,-0.935442,1
3.329000,0.150330,-0.030680,-0.562569,0.494644,-0.935433,1
3.330000,0.150330,-0.027612,-0.515190,0.460503,-0.881123,1
3.331000,0.150330,-0.027612,-0.494438,0.460503,-0.860363,1
3.332000,0.150330,-0.027612,-0.475232,0.460503,-0.841148,1
3.333000,0.150330,-0.024544,-0.457616,0.460503,-0.884884,1
3.334000,0.150330,-0.024544,-0.441177,0.460503,-0.868438,1
3.335000,0.150330,-0.024544,-0.425813,0.460503,-0.853067,1
3.336000,0.150330,-0.024544,-0.411537,0.460503,-0.838783,1
3.337000,0.150330,-0.024544,-0.411537,0.460503,-0.838776,1
3.338000,0.150330,-0.024544,-0.411537,0.460503,-0.838768,1
3.339000,0.150330,-0.024544,-0.411537,0.460503,-0.838761,1
3.340000,0.150330,-0.024544,-0.411537,0.460503,-0.838753,1
3.341000,0.150330,-0.024544,-0.398145,0.460503,-0.825355,1
3.342000,0.147262,-0.021476,-1.002058,0.460503,-1.496756,1
3.343000,0.144194,-0.021476,-1.002058,0.460503,-1.502886,1
3.344000,0.144194,-0.021476,-1.002058,0.460503,-1.502879,1
3.345000,0.144194,-0.021476,-1.002058,0.460503,-1.502873,1
3.346000,0.144194,-0.021476,-1.002058,0.460503,-1.502867,1
3.347000,0.144194,-0.021476,-1.002058,0.460503,-1.502860,1
3.348000,0.144194,-0.021476,-1.002058,0.460503,-1.502854,1
3.349000,0.144194,-0.021476,-1.002058,0.460503,-1.502847,1
3.350000,0.144194,-0.021476,-1.002058,0.460503,-1.502841,1
3.351000,0.144194,-0.021476,-1.002058,0.460503,-1.502834,1
3.352000,0.144194,-0.021476,-1.002058,0.460503,-1.502828,1
3.353000,0.144194,-0.021476,-1.002058,0.460503,-1.502822,1
3.354000,0.144194,-0.021476,-1.002058,0.460503,-1.502815,1
3.355000,0.141126,-0.021476,-0.947797,0.460503,-1.454683,1
3.356000,0.138058,-0.024544,-0.723938,0.533404,-1.321396,1
3.357000,0.138058,-0.024544,-0.683842,0.533404,-1.281293,1
3.358000,0.138058,-0.024544,-0.647748,0.533404,-1.245191,1
3.359000,0.134990,-0.027612,-0.316223,0.533404,-0.858434,1
3.360000,0.128854,-0.030680,-0.316223,0.533404,-0.809337,1
3.361000,0.128854,-0.030680,-0.316223,0.533404,-0.809328,1
3.362000,0.128854,-0.030680,-0.316223,0.533404,-0.809319,1
3.363000,0.128854,-0.030680,-0.316223,0.533404,-0.809310,1
3.364000,0.128854,-0.030680,-0.316223,0.533404,-0.809301,1
3.365000,0.128854,-0.030680,-0.316223,0.533404,-0.809291,1
3.366000,0.128854,-0.030680,-0.316223,0.533404,-0.809282,1
3.367000,0.128854,-0.030680,-0.316223,0.533404,-0.809273,1
3.368000,0.128854,-0.033748,-0.316223,0.533404,-0.747904,1
3.369000,0.122718,-0.036816,-1.031677,-0.877251,2.007051,1
3.370000,0.122718,-0.039884,-1.031677,-0.877251,2.068422,1
3.371000,0.122718,-0.039884,-1.031677,-0.877251,2.068434,1
3.372000,0.119651,-0.042951,-1.031677,-0.877251,2.123670,1
3.373000,0.119651,-0.046019,-1.031677,-0.877251,2.185043,1
3.374000,0.119651,-0.046019,-1.031677,-0.877251,2.185057,1
3.375000,0.119651,-0.046019,-1.031677,-0.877251,2.185071,1
3.376000,0.119651,-0.046019,-1.031677,-0.877251,2.185085,1
3.377000,0.119651,-0.046019,-1.031677,-0.877251,2.185098,1
3.378000,0.116583,-0.049087,-1.031677,-1.922784,4.331401,1
3.379000,0.113515,-0.052155,-1.031677,-1.922784,4.386640,1
3.380000,0.113515,-0.052155,-1.031677,-1.812971,4.167029,1
3.381000,0.113515,-0.052155,-1.031677,-1.812971,4.167045,1
3.382000,0.113515,-0.055223,-0.973110,-1.580185,3.821417,1
3.383000,0.113515,-0.055223,-0.973110,-1.580185,3.821433,1
3.384000,0.113515,-0.055223,-0.973110,-1.580185,3.821450,1
3.385000,0.113515,-0.055223,-0.901201,-1.398926,3.530858,1
3.386000,0.113515,-0.052155,-0.696594,-1.118795,3.113860,1
3.387000,0.113515,-0.052155,-0.659265,-1.118795,3.151204,1
3.388000,0.116583,-0.052155,0.625572,-1.118795,4.442192,1
3.389000,0.116583,-0.052155,0.595137,-1.118795,4.411773,1
3.390000,0.116583,-0.049087,0.567616,-1.118795,4.322908,1
3.391000,0.119651,-0.049087,1.213049,-1.118795,4.974492,1
3.392000,0.119651,-0.049087,1.213049,-1.118795,4.974506,1
3.393000,0.119651,-0.049087,1.213049,-1.118795,4.974521,1
3.394000,0.119651,-0.046019,1.213049,-1.118795,4.913176,1
3.395000,0.119651,-0.046019,1.213049,-1.118795,4.913190,1
3.396000,0.119651,-0.046019,1.213049,-1.118795,4.913203,1
3.397000,0.119651,-0.046019,1.213049,-1.118795,4.913217,1
3.398000,0.122718,-0.042951,1.213049,-1.118795,4.858007,1
3.399000,0.134990,-0.030680,0.584219,1.141918,-1.113134,1
3.400000,0.134990,-0.027612,0.584219,2.676050,-4.242749,1
3.401000,0.134990,-0.027612,0.584219,2.676050,-4.242741,1
3.402000,0.141126,-0.015340,0.584219,5.183036,-6.000000,1
3.403000,0.141126,-0.012272,0.584219,5.183036,-6.000000,1
3.404000,0.144194,-0.009204,2.226471,5.183036,-6.000000,1
3.405000,0.144194,-0.006136,2.226471,3.942252,-5.543985,1
3.406000,0.147262,-0.003068,2.226471,3.173457,-4.061618,1
3.407000,0.147262,-0.003068,2.226471,3.173457,-4.061617,1
3.408000,0.150330,-0.003068,2.226471,3.173457,-4.055481,1
3.409000,0.150330,0.000000,2.146157,3.173457,-4.197154,1
3.410000,0.150330,0.000000,1.826915,2.893034,-3.955549,1
3.411000,0.150330,0.000000,1.826915,2.893034,-3.955549,1
3.412000,0.153398,0.003068,1.406609,1.966695,-2.578401,1
3.413000,0.153398,0.003068,1.262673,1.696328,-2.181605,1
3.414000,0.153398,0.003068,1.144717,1.490055,-1.887016,1
3.415000,0.153398,0.003068,1.047046,1.328717,-1.662012,1
3.416000,0.153398,0.003068,1.047046,1.328717,-1.662013,1
3.417000,0.153398,0.003068,1.047046,1.328717,-1.662014,1
3.418000,0.153398,0.006136,0.964454,1.198475,-1.545482,1
3.419000,0.153398,0.006136,0.964454,1.198475,-1.545484,1
3.420000,0.153398,0.006136,0.964454,1.198475,-1.545486,1
3.421000,0.153398,0.006136,0.964454,1.198475,-1.545488,1
3.422000,0.153398,0.006136,0.964454,1.198475,-1.545490,1
3.423000,0.153398,0.006136,0.964454,1.198475,-1.545491,1
3.424000,0.153398,0.006136,0.833964,1.003381,-1.285796,1
3.425000,0.153398,0.006136,0.833964,1.003381,-1.285797,1
3.426000,0.153398,0.006136,0.833964,1.003381,-1.285799,1
3.427000,0.153398,0.006136,0.592215,0.672896,-0.866581,1
3.428000,0.153398,0.006136,0.592215,0.672896,-0.866582,1
3.429000,0.153398,0.006136,0.592215,0.672896,-0.866584,1
3.430000,0.153398,0.006136,0.592215,0.672896,-0.866586,1
3.431000,0.153398,0.006136,0.592215,0.672896,-0.866588,1
3.432000,0.153398,0.006136,0.592215,0.672896,-0.866590,1
3.433000,0.150330,0.003068,-0.517413,-0.577958,1.180712,1
3.434000,0.150330,0.003068,-0.517413,-0.577958,1.180711,1
3.435000,0.150330,0.003068,-0.517413,-0.577958,1.180710,1
3.436000,0.147262,0.000000,-1.765860,-0.498635,-0.771159,1
3.437000,0.144194,-0.003068,-1.765860,-0.498635,-0.715935,1
3.438000,0.144194,-0.006136,-1.570777,-0.498635,-0.459490,1
3.439000,0.144194,-0.006136,-1.570777,-0.498635,-0.459489,1
3.440000,0.144194,-0.006136,-1.570777,-0.498635,-0.459487,1
3.441000,0.141126,-0.006136,-1.392157,-0.498635,0.000000,1
3.442000,0.141126,-0.006136,-1.392157,-0.498635,0.000000,1
3.443000,0.141126,-0.009204,-1.134329,-0.498635,0.632191,1
3.444000,0.141126,-0.009204,-1.134329,-0.498635,0.632194,1
3.445000,0.141126,-0.009204,-1.134329,-0.498635,0.632197,1
3.446000,0.138058,-0.009204,-0.957465,-0.498635,0.802927,1
3.447000,0.138058,-0.009204,-0.957465,-0.498635,0.802930,1
3.448000,0.138058,-0.009204,-0.957465,-0.498635,0.802932,1
3.449000,0.134990,-0.015340,-0.397370,-0.966585,2.415515,1
3.450000,0.131922,-0.018408,-0.397370,-0.966585,2.470744,1
3.451000,0.131922,-0.021476,-0.397370,-0.966585,2.532110,1
3.452000,0.128854,-0.021476,-0.397370,-0.966585,2.525980,1
3.453000,0.128854,-0.024544,-0.397370,-1.341497,3.337170,1
3.454000,0.128854,-0.024544,-0.397370,-1.341497,3.337178,1
3.455000,0.128854,-0.027612,-0.397370,-1.341497,3.398545,1
3.456000,0.128854,-0.027612,-0.397370,-1.341497,3.398553,1
3.457000,0.128854,-0.027612,-0.397370,-1.341497,3.398562,1
3.458000,0.128854,-0.027612,-0.397370,-1.341497,3.398570,1
3.459000,0.128854,-0.027612,-0.397370,-1.341497,3.398578,1
3.460000,0.128854,-0.027612,-0.397370,-1.341497,3.398587,1
3.461000,0.128854,-0.027612,-0.397370,-1.341497,3.398595,1
3.462000,0.125786,-0.027612,-0.397370,-1.341497,3.392467,1
3.463000,0.125786,-0.027612,-0.397370,-1.341497,3.392476,1
3.464000,0.125786,-0.027612,-0.397370,-1.341497,3.392484,1
3.465000,0.128854,-0.027612,-0.397370,-1.253830,3.223295,1
3.466000,0.128854,-0.027612,-0.397370,-1.253830,3.223303,1
3.467000,0.128854,-0.027612,-0.397370,-1.253830,3.223311,1
3.468000,0.128854,-0.024544,-0.397370,0.959645,-1.864991,1
3.469000,0.134990,-0.009204,0.926619,0.691691,0.000000,1
3.470000,0.134990,-0.009204,0.926619,0.691691,0.000000,1
3.471000,0.134990,-0.009204,0.926619,0.691691,0.000000,1
3.472000,0.134990,-0.009204,0.926619,0.691691,0.000000,1
3.473000,0.134990,-0.009204,0.926619,0.691691,0.000000,1
3.474000,0.138058,-0.009204,0.926619,0.691691,0.000000,1
3.475000,0.138058,-0.009204,0.926619,0.691691,0.000000,1
3.476000,0.144194,0.000000,0.558502,1.648168,-2.746340,1
3.477000,0.144194,0.000000,0.558502,1.648168,-2.746340,1
3.478000,0.144194,0.000000,0.558502,1.648168,-2.746340,1
3.479000,0.144194,0.000000,0.558502,1.648168,-2.746340,1
3.480000,0.144194,0.000000,0.558502,1.648168,-2.746340,1
3.481000,0.144194,0.000000,0.558502,1.648168,-2.746340,1
3.482000,0.144194,0.000000,0.558502,1.648168,-2.746340,1
3.483000,0.144194,0.003068,0.558502,1.648168,-2.807700,1
3.484000,0.144194,0.003068,0.558502,1.648168,-2.807701,1
3.485000,0.147262,0.003068,0.558502,1.614534,-2.734298,1
3.486000,0.147262,0.006136,0.558502,1.427752,-2.422096,1
3.487000,0.147262,0.006136,0.558502,1.279758,-2.126109,1
3.488000,0.147262,0.006136,0.558502,1.157961,-1.882517,1
3.489000,0.147262,0.006136,0.558502,1.058623,-1.683842,1
3.490000,0.147262,0.006136,0.558502,0.739585,-1.045769,1
3.491000,0.147262,0.006136,0.558502,0.739585,-1.045771,1
3.492000,0.147262,0.006136,0.558502,0.739585,-1.045773,1
3.493000,0.147262,0.006136,0.558502,0.739585,-1.045775,1
3.494000,0.147262,0.006136,0.558502,0.739585,-1.045777,1
3.495000,0.147262,0.006136,0.558502,0.697524,-0.961656,1
3.496000,0.147262,0.006136,0.558502,0.697524,-0.961657,1
3.497000,0.147262,0.006136,0.558502,0.697524,-0.961659,1
3.498000,0.147262,0.006136,0.558502,0.697524,-0.961661,1
3.499000,0.147262,0.006136,0.558502,0.697524,-0.961663,1
3.500000,0.147262,0.006136,0.558502,0.596030,-0.758677,1
3.501000,0.147262,0.006136,0.558502,0.543168,-0.652954,1
3.502000,0.147262,0.006136,0.558502,0.543168,-0.652956,1
3.503000,0.147262,0.006136,0.558502,0.543168,-0.652958,1
3.504000,0.147262,0.006136,0.558502,0.543168,-0.652960,1
3.505000,0.147262,0.006136,0.558502,0.543168,-0.652962,1
3.506000,0.144194,0.003068,-0.531169,-0.479447,0.957818,1
3.507000,0.144194,0.003068,-0.452826,-0.414688,0.906643,1
3.508000,0.144194,0.000000,-0.436756,-0.410880,0.976457,1
3.509000,0.141126,0.000000,-0.421767,-0.410880,0.985309,1
3.510000,0.141126,-0.003068,-0.407661,-0.410880,1.060776,1
3.511000,0.141126,-0.006136,-0.359910,-0.410880,1.169888,1
3.512000,0.141126,-0.006136,-0.359910,-0.410880,1.169890,1
3.513000,0.141126,-0.006136,-0.359910,-0.410880,1.169892,1
3.514000,0.141126,-0.006136,-0.359910,-0.410880,1.169894,1
3.515000,0.141126,-0.006136,-0.349552,-0.410880,1.180253,1
3.516000,0.138058,-0.006136,-0.298583,-0.410880,1.225089,1
3.517000,0.138058,-0.006136,-0.298583,-0.410880,1.225091,1
3.518000,0.138058,-0.006136,-0.298583,-0.410880,1.225092,1
3.519000,0.138058,-0.006136,-0.298583,-0.410880,1.225094,1
3.520000,0.138058,-0.006136,-0.298583,-0.410880,1.225096,1
3.521000,0.138058,-0.006136,-0.298583,-0.410880,1.225098,1
3.522000,0.138058,-0.006136,-0.291477,-0.410880,1.232205,1
3.523000,0.138058,-0.006136,-0.266196,-0.410880,1.257488,1
3.524000,0.138058,-0.006136,-0.266196,-0.410880,1.257490,1
3.525000,0.138058,-0.006136,-0.266196,-0.410880,1.257492,1
3.526000,0.138058,-0.006136,-0.260507,-0.410880,1.263183,1
3.527000,0.138058,-0.006136,-0.260507,-0.410880,1.263185,1
3.528000,0.138058,-0.006136,-0.260507,-0.410880,1.263187,1
3.529000,0.138058,-0.006136,-0.260507,-0.410880,1.263189,1
3.530000,0.138058,-0.006136,-0.260507,-0.410880,1.263190,1
3.531000,0.141126,-0.006136,0.249932,-0.410880,1.779767,1
3.532000,0.141126,-0.006136,0.249932,-0.410880,1.779769,1
3.533000,0.141126,-0.006136,0.235527,-0.410880,1.765366,1
3.534000,0.141126,-0.006136,0.235527,-0.410880,1.765368,1
3.535000,0.141126,-0.006136,0.235527,-0.410880,1.765370,1
3.536000,0.141126,-0.006136,0.235527,-0.410880,1.765372,1
3.537000,0.144194,-0.003068,0.348008,-0.485662,1.972193,1
3.538000,0.144194,0.000000,0.348008,-0.485662,1.910834,1
3.539000,0.147262,0.003068,0.348008,-0.485662,1.855609,1
3.540000,0.147262,0.003068,0.348008,-0.485662,1.855608,1
3.541000,0.147262,0.003068,0.348008,-0.485662,1.855608,1
3.542000,0.147262,0.003068,0.348008,-0.485662,1.855607,1
3.543000,0.147262,0.003068,0.348008,-0.485662,1.855606,1
3.544000,0.150330,0.006136,0.348008,-0.485662,1.800381,1
3.545000,0.150330,0.006136,0.348008,-0.485662,1.800379,1
3.546000,0.150330,0.009204,0.348008,0.959389,-1.751084,1
3.547000,0.153398,0.009204,0.348008,0.959389,-1.744951,1
3.548000,0.153398,0.012272,0.348008,0.959389,-1.806314,1
3.549000,0.153398,0.015340,0.348008,0.959389,-1.867678,1
3.550000,0.156466,0.018408,0.349315,0.959389,-1.921600,1
3.551000,0.156466,0.018408,0.349315,0.959389,-1.921605,1
3.552000,0.156466,0.018408,0.349315,0.959389,-1.921611,1
3.553000,0.156466,0.018408,0.349315,0.959389,-1.921616,1
3.554000,0.156466,0.018408,0.349315,0.959389,-1.921622,1
3.555000,0.156466,0.018408,0.349315,0.959389,-1.921627,1
3.556000,0.156466,0.018408,0.349315,0.959389,-1.921633,1
3.557000,0.159534,0.024544,0.349315,1.810378,-3.740201,1
3.558000,0.159534,0.024544,0.349315,1.810378,-3.740208,1
3.559000,0.162602,0.027612,0.349315,1.554634,-3.283952,1
3.560000,0.162602,0.027612,0.349315,1.554634,-3.283960,1
3.561000,0.162602,0.027612,0.349315,1.380160,-2.935021,1
3.562000,0.162602,0.027612,0.349315,1.240357,-2.655422,1
3.563000,0.162602,0.030680,0.349315,1.126819,-2.489717,1
3.564000,0.162602,0.030680,0.349315,1.032192,-2.300471,1
3.565000,0.162602,0.030680,0.349315,0.951929,-2.139954,1
3.566000,0.162602,0.030680,0.349315,0.883585,-2.003276,1
3.567000,0.162602,0.030680,0.349315,0.824408,-1.884932,1
3.568000,0.159534,0.027612,0.834214,-0.772399,2.448797,1
3.569000,0.159534,0.027612,0.834214,-0.726431,2.356854,1
3.570000,0.159534,0.027612,0.834214,-0.685832,2.275648,1
3.571000,0.159534,0.024544,0.834214,-0.683657,2.332650,1
3.572000,0.159534,0.024544,0.834214,-0.683657,2.332642,1
3.573000,0.159534,0.024544,0.834214,-0.683657,2.332635,1
3.574000,0.159534,0.024544,0.834214,-0.683657,2.332627,1
3.575000,0.159534,0.024544,0.834214,-0.683657,2.332620,1
3.576000,0.159534,0.024544,0.834214,-0.683657,2.332613,1
3.577000,0.159534,0.024544,0.834214,-0.683657,2.332605,1
3.578000,0.162602,0.024544,0.834214,-0.683657,2.338734,1
3.579000,0.162602,0.024544,0.834214,-0.683657,2.338727,1
3.580000,0.162602,0.024544,0.834214,-0.683657,2.338719,1
3.581000,0.162602,0.024544,0.834214,-0.683657,2.338712,1
3.582000,0.162602,0.027612,0.834214,-0.683657,2.277344,1
3.583000,0.165670,0.027612,0.785322,-0.683657,2.234580,1
3.584000,0.165670,0.027612,0.785322,-0.683657,2.234572,1
3.585000,0.165670,0.030680,0.738313,-0.683657,2.126195,1
3.586000,0.165670,0.030680,0.738313,-0.683657,2.126185,1
3.587000,0.165670,0.030680,0.738313,-0.683657,2.126176,1
3.588000,0.171806,0.033748,0.658122,0.733581,-1.437590,1
3.589000,0.171806,0.036816,0.658122,0.733581,-1.498960,1
3.590000,0.174874,0.042951,0.658122,0.733581,-1.615556,1
3.591000,0.174874,0.042951,0.658122,0.733581,-1.615569,1
3.592000,0.177942,0.046019,0.658122,2.317185,-4.838014,1
3.593000,0.177942,0.046019,0.658122,2.317185,-4.838028,1
3.594000,0.177942,0.046019,0.658122,2.317185,-4.838042,1
3.595000,0.177942,0.046019,0.658122,2.317185,-4.838056,1
3.596000,0.177942,0.046019,0.658122,2.317185,-4.838069,1
3.597000,0.177942,0.046019,0.658122,2.317185,-4.838083,1
3.598000,0.177942,0.046019,0.658122,2.317185,-4.838097,1
3.599000,0.181010,0.055223,0.910212,1.776083,-3.681760,1
3.600000,0.181010,0.055223,0.910212,1.550762,-3.231134,1
3.601000,0.181010,0.055223,0.910212,1.376829,-2.883285,1
3.602000,0.184078,0.058291,0.910212,1.237009,-2.658885,1
3.603000,0.184078,0.058291,0.910212,1.237009,-2.658902,1
3.604000,0.184078,0.058291,0.910212,1.237009,-2.658920,1
3.605000,0.184078,0.058291,0.910212,1.237009,-2.658937,1
3.606000,0.184078,0.058291,0.910212,1.237009,-2.658955,1
3.607000,0.184078,0.058291,0.910212,1.237009,-2.658972,1
3.608000,0.181010,0.058291,0.910212,1.237009,-2.665126,1
3.609000,0.181010,0.058291,0.910212,1.237009,-2.665143,1
3.610000,0.181010,0.058291,0.910212,1.237009,-2.665161,1
3.611000,0.181010,0.058291,-0.868249,1.237009,-4.443640,1
3.612000,0.181010,0.058291,-0.868249,1.237009,-4.443657,1
3.613000,0.181010,0.058291,-0.868249,1.237009,-4.443675,1
3.614000,0.181010,0.058291,-0.868249,1.237009,-4.443692,1
3.615000,0.181010,0.058291,-0.868249,1.237009,-4.443710,1
3.616000,0.174874,0.055223,-0.609469,-0.876643,0.691445,1
3.617000,0.171806,0.055223,-0.592388,-0.818233,0.585553,1
3.618000,0.168738,0.049087,-0.592388,-0.744430,0.554515,1
3.619000,0.168738,0.049087,-0.592388,-0.744430,0.554500,1
3.620000,0.168738,0.049087,-0.592388,-0.744430,0.554486,1
3.621000,0.168738,0.049087,-0.592388,-0.744430,0.554471,1
3.622000,0.165670,0.046019,-0.592388,-0.744430,0.609681,1
3.623000,0.162602,0.046019,-0.592388,-0.744430,0.603531,1
3.624000,0.162602,0.046019,-0.592388,-0.744430,0.603517,1
3.625000,0.162602,0.046019,-0.592388,-0.744430,0.603503,1
3.626000,0.159534,0.046019,-1.265483,-0.744430,-0.675742,1
3.627000,0.159534,0.042951,-1.265483,-0.744430,-0.614396,1
3.628000,0.159534,0.042951,-1.265483,-0.744430,-0.614408,1
3.629000,0.156466,0.042951,-1.265483,-0.744430,-0.620557,1
3.630000,0.156466,0.042951,-1.265483,-0.744430,-0.620570,1
3.631000,0.156466,0.042951,-1.265483,-0.744430,-0.620583,1
3.632000,0.153398,0.042951,-1.265483,-0.744430,-0.626732,1
3.633000,0.153398,0.042951,-1.265483,-0.744430,-0.626745,1
3.634000,0.153398,0.039884,-1.265483,-0.744430,-0.565397,1
3.635000,0.153398,0.039884,-1.265483,-0.744430,-0.565409,1
3.636000,0.153398,0.039884,-1.265483,-0.744430,-0.565421,1
3.637000,0.150330,0.039884,-1.224528,-0.701185,-0.617105,1
3.638000,0.150330,0.039884,-1.224528,-0.701185,-0.617116,1
3.639000,0.150330,0.039884,-1.224528,-0.701185,-0.617128,1
3.640000,0.150330,0.039884,-1.224528,-0.701185,-0.617140,1
3.641000,0.138058,0.030680,-1.180127,-0.682137,-0.451310,1
3.642000,0.138058,0.030680,-1.180127,-0.682137,-0.451319,1
3.643000,0.138058,0.030680,-1.180127,-0.682137,-0.451329,1
3.644000,0.134990,0.030680,-1.127126,-0.682137,0.000000,1
3.645000,0.134990,0.030680,-1.127126,-0.682137,0.000000,1
3.646000,0.134990,0.030680,-1.127126,-0.682137,0.000000,1
3.647000,0.134990,0.030680,-1.127126,-0.682137,0.000000,1
3.648000,0.134990,0.030680,-1.127126,-0.682137,0.000000,1
3.649000,0.134990,0.027612,-1.127126,-0.682137,0.000000,1
3.650000,0.134990,0.027612,-1.127126,-0.682137,0.000000,1
3.651000,0.134990,0.027612,-1.127126,-0.682137,0.000000,1
3.652000,0.134990,0.027612,-1.127126,-0.682137,0.000000,1
3.653000,0.134990,0.027612,-1.127126,-0.682137,0.000000,1
3.654000,0.134990,0.027612,-1.127126,-0.682137,0.000000,1
3.655000,0.128854,0.024544,-1.127126,-0.895997,0.733600,1
3.656000,0.128854,0.024544,-1.127126,-0.895997,0.733593,1
3.657000,0.128854,0.024544,-1.127126,-0.895997,0.733585,1
3.658000,0.125786,0.021476,-1.127126,-0.895997,0.788802,1
3.659000,0.125786,0.021476,-1.127126,-0.895997,0.788796,1
3.660000,0.125786,0.021476,-1.127126,-0.895997,0.788789,1
3.661000,0.122718,0.018408,-1.306143,-0.895997,0.664990,1
3.662000,0.122718,0.018408,-1.306143,-0.895997,0.664984,1
3.663000,0.122718,0.018408,-1.306143,-0.895997,0.664979,1
3.664000,0.116583,0.015340,-1.306143,-0.895997,0.714061,1
3.665000,0.113515,0.012272,-1.306143,-0.981488,0.940264,1
3.666000,0.107379,0.009204,-1.362689,-0.981488,0.932802,1
3.667000,0.107379,0.009204,-1.362689,-0.981488,0.932800,1
3.668000,0.107379,0.009204,-1.362689,-0.981488,0.932797,1
3.669000,0.104311,0.009204,-1.362689,-0.981488,0.926658,1
3.670000,0.104311,0.009204,-1.362689,-0.981488,0.926655,1
3.671000,0.104311,0.009204,-1.362689,-0.981488,0.926653,1
3.672000,0.104311,0.009204,-1.362689,-0.981488,0.926650,1
3.673000,0.101243,0.009204,-1.258931,-0.981488,1.024269,1
3.674000,0.101243,0.009204,-1.258931,-0.981488,1.024267,1
3.675000,0.101243,0.009204,-1.258931,-0.981488,1.024264,1
3.676000,0.101243,0.006136,-1.141331,-0.921403,1.083050,1
3.677000,0.098175,0.006136,-1.244306,-0.857318,0.845769,1
3.678000,0.098175,0.006136,-1.244306,-0.801648,0.734426,1
3.679000,0.098175,0.006136,-1.244306,-0.752127,0.635383,1
3.680000,0.098175,0.006136,-1.244306,-0.708489,0.548104,1
3.681000,0.095107,0.006136,-1.244306,-0.635347,0.000000,1
3.682000,0.095107,0.006136,-1.244306,-0.635347,0.000000,1
3.683000,0.095107,0.006136,-1.244306,-0.604083,0.000000,1
3.684000,0.092039,0.009204,-1.244306,-0.535479,-0.471555,1
3.685000,0.092039,0.009204,-1.244306,-0.535479,-0.471558,1
3.686000,0.092039,0.009204,-1.244306,-0.535479,-0.471561,1
3.687000,0.092039,0.009204,-1.174180,-0.535479,0.000000,1
3.688000,0.092039,0.009204,-1.071421,-0.535479,0.000000,1
3.689000,0.088971,0.009204,-0.986029,-0.535479,0.000000,1
3.690000,0.085903,0.009204,-0.881677,-0.535479,0.478785,1
3.691000,0.085903,0.009204,-0.881677,-0.535479,0.478782,1
3.692000,0.085903,0.009204,-0.881677,-0.535479,0.478780,1
3.693000,0.085903,0.009204,-0.881677,-0.535479,0.478777,1
3.694000,0.085903,0.009204,-0.881677,-0.535479,0.478774,1
3.695000,0.085903,0.009204,-0.881677,-0.535479,0.478771,1
3.696000,0.085903,0.009204,-0.881677,-0.535479,0.478769,1
3.697000,0.085903,0.009204,-0.881677,-0.535479,0.478766,1
3.698000,0.085903,0.009204,-0.881677,-0.535479,0.478763,1
3.699000,0.085903,0.009204,-0.881677,-0.535479,0.478760,1
3.700000,0.085903,0.009204,-0.881677,-0.535479,0.478757,1
3.701000,0.085903,0.009204,-0.881677,-0.535479,0.478755,1
3.702000,0.085903,0.009204,-0.881677,-0.535479,0.478752,1
3.703000,0.085903,0.009204,-0.881677,-0.535479,0.478749,1
3.704000,0.085903,0.009204,-0.881677,-0.535479,0.478746,1
3.705000,0.082835,0.009204,-0.881677,-0.535479,0.472608,1
3.706000,0.082835,0.009204,-0.881677,-0.535479,0.472605,1
3.707000,0.082835,0.009204,-0.881677,-0.535479,0.472602,1
3.708000,0.082835,0.009204,-0.881677,-0.535479,0.472599,1
3.709000,0.079767,0.009204,-0.814531,-0.535479,0.533607,1
3.710000,0.079767,0.012272,-0.531979,0.403707,-1.723575,1
3.711000,0.079767,0.012272,-0.531979,0.403707,-1.723579,1
3.712000,0.079767,0.012272,-0.531979,0.403707,-1.723583,1
3.713000,0.079767,0.012272,-0.531979,0.403707,-1.723586,1
3.714000,0.079767,0.012272,-0.531979,0.403707,-1.723590,1
3.715000,0.079767,0.012272,-0.531979,0.403707,-1.723594,1
3.716000,0.079767,0.012272,-0.531979,0.403707,-1.723597,1
3.717000,0.076699,0.012272,-0.509891,0.390858,-1.681951,1
3.718000,0.076699,0.015340,-0.422208,0.337181,-1.548278,1
3.719000,0.076699,0.015340,-0.422208,0.337181,-1.548282,1
3.720000,0.076699,0.015340,-0.422208,0.337181,-1.548287,1
3.721000,0.076699,0.015340,-0.422208,0.337181,-1.548292,1
3.722000,0.076699,0.015340,-0.422208,0.337181,-1.548296,1
3.723000,0.073631,0.015340,-0.589409,0.319575,-1.686426,1
3.724000,0.073631,0.015340,-0.589409,0.303802,-1.654885,1
3.725000,0.073631,0.015340,-0.589409,0.303802,-1.654889,1
3.726000,0.073631,0.015340,-0.589409,0.303802,-1.654894,1
3.727000,0.070563,0.015340,-0.589409,0.289448,-1.632327,1
3.728000,0.070563,0.015340,-0.589409,0.289448,-1.632331,1
3.729000,0.070563,0.015340,-0.589409,0.282776,-1.618993,1
3.730000,0.061359,0.012272,-0.480522,0.268365,-1.438335,1
3.731000,0.061359,0.012272,-0.480522,0.268365,-1.438339,1
3.732000,0.061359,0.012272,-0.480522,0.268365,-1.438342,1
3.733000,0.061359,0.012272,-0.480522,0.268365,-1.438346,1
3.734000,0.061359,0.012272,-0.480522,0.268365,-1.438350,1
3.735000,0.061359,0.012272,-0.480522,0.268365,-1.438353,1
3.736000,0.061359,0.009204,-0.480522,0.268365,-1.376997,1
3.737000,0.058291,0.009204,-0.480522,0.268365,-1.383136,1
3.738000,0.055223,0.006136,-0.480522,0.268365,-1.327914,1
3.739000,0.055223,0.006136,-0.480522,0.268365,-1.327916,1
3.740000,0.055223,0.006136,-0.480522,0.268365,-1.327918,1
3.741000,0.055223,0.006136,-0.480522,0.268365,-1.327920,1
3.742000,0.052155,0.006136,-0.480522,0.268365,-1.334057,1
3.743000,0.049087,0.003068,-1.407627,0.268365,-2.205940,1
3.744000,0.049087,0.003068,-1.407627,0.268365,-2.205941,1
3.745000,0.046019,0.003068,-1.407627,0.268365,-2.212078,1
3.746000,0.046019,0.000000,-1.407627,-0.896045,0.778102,1
3.747000,0.042951,0.000000,-1.407627,-0.896045,0.771966,1
3.748000,0.042951,0.000000,-1.407627,-0.896045,0.771966,1
3.749000,0.042951,0.000000,-1.407627,-0.896045,0.771966,1
3.750000,0.042951,0.000000,-1.407627,-0.896045,0.771966,1
3.751000,0.039884,-0.003068,-1.407627,-0.896045,0.827190,1
3.752000,0.039884,-0.003068,-1.407627,-0.896045,0.827191,1
3.753000,0.036816,-0.009204,-1.896702,-0.896045,0.454701,1
3.754000,0.027612,-0.015340,-1.896702,-1.893337,2.553600,1
3.755000,0.024544,-0.015340,-1.987692,-1.893337,2.456478,1
3.756000,0.024544,-0.015340,-1.987692,-1.893337,2.456483,1
3.757000,0.021476,-0.018408,-1.987692,-1.637459,1.999956,1
3.758000,0.021476,-0.018408,-1.987692,-1.637459,1.999962,1
3.759000,0.021476,-0.018408,-1.987692,-1.637459,1.999967,1
3.760000,0.021476,-0.018408,-1.987692,-1.637459,1.999973,1
3.761000,0.021476,-0.018408,-1.987692,-1.637459,1.999978,1
3.762000,0.021476,-0.018408,-1.987692,-1.637459,1.999984,1
3.763000,0.021476,-0.018408,-1.987692,-1.637459,1.999990,1
3.764000,0.021476,-0.018408,-1.987692,-1.637459,1.999995,1
3.765000,0.015340,-0.021476,-1.884112,-1.168744,1.215240,1
3.766000,0.015340,-0.021476,-1.884112,-1.168744,1.215246,1
3.767000,0.015340,-0.021476,-1.884112,-1.168744,1.215253,1
3.768000,0.012272,-0.021476,-1.722301,-0.909280,0.852006,1
3.769000,0.012272,-0.021476,-1.722301,-0.909280,0.852012,1
3.770000,0.012272,-0.021476,-1.722301,-0.909280,0.852019,1
3.771000,0.012272,-0.021476,-1.722301,-0.743972,0.521410,1
3.772000,0.012272,-0.021476,-1.722301,-0.743972,0.521416,1
3.773000,0.012272,-0.021476,-1.722301,-0.743972,0.521423,1
3.774000,0.009204,-0.021476,-1.722301,-0.629397,0.000000,1
3.775000,0.009204,-0.021476,-1.722301,-0.629397,0.000000,1
3.776000,0.009204,-0.021476,-1.722301,-0.629397,0.000000,1
3.777000,0.009204,-0.018408,-1.261800,0.545587,-2.264666,1
3.778000,0.006136,-0.018408,-0.893803,0.463138,-1.737902,1
3.779000,0.003068,-0.015340,-0.591990,0.451882,-1.481068,1
3.780000,0.003068,-0.015340,-0.591990,0.451882,-1.481063,1
3.781000,0.003068,-0.015340,-0.591990,0.451882,-1.481059,1
3.782000,0.003068,-0.015340,-0.591990,0.451882,-1.481054,1
3.783000,0.003068,-0.015340,-0.591990,0.451882,-1.481050,1
3.784000,0.003068,-0.015340,-0.591990,0.451882,-1.481045,1
3.785000,0.003068,-0.015340,-0.591990,0.451882,-1.481040,1
3.786000,0.003068,-0.015340,-0.591990,0.451882,-1.481036,1
3.787000,0.003068,-0.015340,-0.591990,0.451882,-1.481031,1
3.788000,0.003068,-0.015340,-0.564842,0.451882,-1.453878,1
3.789000,0.003068,-0.015340,-0.564842,0.451882,-1.453873,1
3.790000,0.000000,-0.015340,-0.751263,0.451882,-1.646426,1
3.791000,0.000000,-0.015340,-0.751263,0.451882,-1.646421,1
3.792000,0.000000,-0.015340,-0.751263,0.451882,-1.646416,1
3.793000,-0.003068,-0.015340,-0.751263,0.451882,-1.652548,1
3.794000,-0.006136,-0.018408,-0.751263,0.451882,-1.597319,1
3.795000,-0.018408,-0.024544,-0.727734,-0.612847,1.253851,1
3.796000,-0.018408,-0.024544,-0.727734,-0.612847,1.253858,1
3.797000,-0.018408,-0.024544,-0.727734,-0.612847,1.253865,1
3.798000,-0.018408,-0.027612,-0.727734,-0.612847,1.315233,1
3.799000,-0.018408,-0.027612,-0.727734,-0.612847,1.315241,1
3.800000,-0.018408,-0.027612,-0.727734,-0.612847,1.315249,1
3.801000,-0.018408,-0.027612,-0.727734,-0.612847,1.315258,1
3.802000,-0.024544,-0.033748,-1.474319,-0.612847,0.679129,1
3.803000,-0.024544,-0.033748,-1.474319,-0.612847,0.679140,1
3.804000,-0.024544,-0.033748,-1.474319,-0.612847,0.679150,1
3.805000,-0.024544,-0.033748,-1.474319,-0.612847,0.679160,1
3.806000,-0.024544,-0.033748,-1.474319,-0.612847,0.679170,1
3.807000,-0.027612,-0.036816,-1.474319,-1.537461,2.583633,1
3.808000,-0.036816,-0.039884,-1.550770,-1.537461,2.550146,1
3.809000,-0.036816,-0.039884,-1.550770,-1.537461,2.550158,1
3.810000,-0.036816,-0.039884,-1.550770,-1.537461,2.550170,1
3.811000,-0.036816,-0.039884,-1.550770,-1.537461,2.550182,1
3.812000,-0.036816,-0.039884,-1.550770,-1.537461,2.550194,1
3.813000,-0.036816,-0.039884,-1.550770,-1.537461,2.550206,1
3.814000,-0.036816,-0.039884,-1.550770,-1.537461,2.550218,1
3.815000,-0.036816,-0.039884,-1.550770,-1.537461,2.550230,1
3.816000,-0.036816,-0.039884,-1.550770,-1.537461,2.550241,1
3.817000,-0.036816,-0.039884,-1.550770,-1.537461,2.550253,1
3.818000,-0.036816,-0.039884,-1.550770,-1.537461,2.550265,1
3.819000,-0.036816,-0.042951,-1.550770,-1.472266,2.481246,1
3.820000,-0.036816,-0.042951,-1.550770,-1.472266,2.481259,1
3.821000,-0.036816,-0.039884,-1.550770,-1.113523,1.702427,1
3.822000,-0.036816,-0.039884,-1.550770,-1.113523,1.702439,1
3.823000,-0.036816,-0.039884,-1.550770,-1.113523,1.702451,1
3.824000,-0.036816,-0.039884,-1.550770,-1.113523,1.702463,1
3.825000,-0.036816,-0.039884,-1.550770,-1.113523,1.702475,1
3.826000,-0.039884,-0.039884,-1.531593,-1.113523,1.715528,1
3.827000,-0.036816,-0.036816,0.876161,-1.113523,4.068070,1
3.828000,-0.036816,-0.036816,0.876161,-1.113523,4.068081,1
3.829000,-0.036816,-0.033748,0.721417,0.922065,-0.819190,1
3.830000,-0.036816,-0.033748,0.721417,0.922065,-0.819180,1
3.831000,-0.036816,-0.033748,0.721417,0.922065,-0.819170,1
3.832000,-0.036816,-0.033748,0.721417,0.922065,-0.819160,1
3.833000,-0.036816,-0.033748,0.721417,0.922065,-0.819149,1
3.834000,-0.033748,-0.030680,0.681696,0.858154,-0.786263,1
3.835000,-0.033748,-0.030680,0.681696,0.858154,-0.786254,1
3.836000,-0.033748,-0.030680,0.681696,0.858154,-0.786245,1
3.837000,-0.033748,-0.030680,0.681696,0.858154,-0.786235,1
3.838000,-0.033748,-0.030680,0.681696,0.858154,-0.786226,1
3.839000,-0.033748,-0.030680,0.681696,0.858154,-0.786217,1
3.840000,-0.030680,-0.027612,0.613442,0.759864,-0.713105,1
3.841000,-0.030680,-0.027612,0.613442,0.759864,-0.713097,1
3.842000,-0.024544,-0.009204,0.545624,2.464783,-4.546633,1
3.843000,-0.024544,-0.009204,0.545624,2.464783,-4.546631,1
3.844000,-0.024544,-0.009204,0.545624,2.464783,-4.546628,1
3.845000,-0.021476,-0.009204,0.545624,2.367457,-4.345838,1
3.846000,-0.021476,-0.009204,0.545624,2.367457,-4.345835,1
3.847000,-0.021476,-0.009204,0.545624,2.367457,-4.345832,1
3.848000,-0.021476,-0.009204,0.545624,1.983908,-3.578730,1
3.849000,-0.021476,-0.009204,0.545624,1.983908,-3.578727,1
3.850000,-0.021476,-0.009204,0.545624,1.983908,-3.578725,1
3.851000,-0.021476,-0.009204,0.545624,1.983908,-3.578722,1
3.852000,-0.021476,-0.003068,0.545624,1.462032,-2.657687,1
3.853000,-0.021476,-0.003068,0.545624,1.462032,-2.657686,1
3.854000,-0.021476,-0.003068,0.545624,1.462032,-2.657685,1
3.855000,-0.021476,-0.003068,0.545624,1.462032,-2.657685,1
3.856000,-0.021476,-0.003068,0.545624,1.462032,-2.657684,1
3.857000,-0.021476,-0.003068,0.545624,1.462032,-2.657683,1
3.858000,-0.021476,-0.003068,0.545624,1.462032,-2.657682,1
3.859000,-0.021476,-0.003068,0.545624,1.462032,-2.657681,1
3.860000,-0.021476,-0.003068,0.545624,1.462032,-2.657680,1
3.861000,-0.021476,-0.003068,0.545624,1.462032,-2.657679,1
3.862000,-0.021476,-0.003068,0.545624,1.462032,-2.657678,1
3.863000,-0.021476,-0.003068,0.545624,1.462032,-2.657677,1
3.864000,-0.024544,-0.003068,-1.007955,-1.137116,1.580904,1
3.865000,-0.024544,-0.003068,-1.007955,-1.137116,1.580905,1
3.866000,-0.024544,-0.003068,-1.007955,-1.137116,1.580906,1
3.867000,-0.036816,-0.009204,-0.713575,-0.730798,1.160826,1
3.868000,-0.042951,-0.015340,-0.713575,-0.724628,1.258939,1
3.869000,-0.046019,-0.021476,-0.713575,-0.724628,1.375528,1
3.870000,-0.046019,-0.021476,-0.713575,-0.724628,1.375534,1
3.871000,-0.046019,-0.021476,-0.713575,-0.724628,1.375540,1
3.872000,-0.046019,-0.021476,-0.713575,-0.724628,1.375547,1
3.873000,-0.049087,-0.024544,-2.012300,-2.153533,2.989862,1
3.874000,-0.049087,-0.024544,-2.012300,-2.153533,2.989869,1
3.875000,-0.049087,-0.024544,-2.012300,-2.153533,2.989876,1
3.876000,-0.055223,-0.030680,-2.012300,-2.153533,3.100332,1
3.877000,-0.061359,-0.036816,-2.157940,-2.010840,2.779764,1
3.878000,-0.064427,-0.039884,-2.157940,-2.010840,2.834999,1
3.879000,-0.064427,-0.039884,-2.157940,-2.010840,2.835011,1
3.880000,-0.064427,-0.039884,-2.157940,-2.010840,2.835023,1
3.881000,-0.064427,-0.039884,-2.157940,-2.010840,2.835035,1
3.882000,-0.067495,-0.042951,-2.157940,-2.010840,2.890271,1
3.883000,-0.067495,-0.042951,-2.157940,-2.010840,2.890284,1
3.884000,-0.067495,-0.042951,-2.157940,-2.010840,2.890297,1
3.885000,-0.067495,-0.042951,-2.157940,-2.010840,2.890310,1
3.886000,-0.070563,-0.042951,-1.875716,-2.010840,3.166411,1
3.887000,-0.070563,-0.042951,-1.875716,-2.010840,3.166424,1
3.888000,-0.070563,-0.042951,-1.875716,-2.010840,3.166437,1
3.889000,-0.073631,-0.046019,-1.792979,-1.220985,1.724701,1
3.890000,-0.073631,-0.046019,-1.792979,-0.873902,1.030550,1
3.891000,-0.073631,-0.046019,-1.792979,-0.815367,0.913494,1
3.892000,-0.076699,-0.046019,-1.635471,-0.764853,0.963850,1
3.893000,-0.076699,-0.046019,-1.635471,-0.764853,0.963864,1
3.894000,-0.076699,-0.046019,-1.635471,-0.764853,0.963878,1
3.895000,-0.076699,-0.046019,-1.443289,-0.720016,1.066400,1
3.896000,-0.076699,-0.046019,-1.443289,-0.720016,1.066414,1
3.897000,-0.076699,-0.046019,-1.443289,-0.720016,1.066427,1
3.898000,-0.076699,-0.046019,-1.443289,-0.720016,1.066441,1
3.899000,-0.076699,-0.046019,-1.443289,-0.720016,1.066455,1
3.900000,-0.076699,-0.046019,-1.443289,-0.720016,1.066469,1
3.901000,-0.076699,-0.046019,-1.443289,-0.720016,1.066483,1
3.902000,-0.076699,-0.042951,-1.167888,0.644229,-2.047952,1
3.903000,-0.076699,-0.042951,-1.167888,0.644229,-2.047939,1
3.904000,-0.076699,-0.042951,-1.167888,0.644229,-2.047926,1
3.905000,-0.076699,-0.042951,-1.167888,0.644229,-2.047913,1
3.906000,-0.076699,-0.042951,-1.167888,0.644229,-2.047901,1
3.907000,-0.076699,-0.042951,-1.167888,0.644229,-2.047888,1
3.908000,-0.073631,-0.042951,0.701355,0.471296,0.773370,1
3.909000,-0.073631,-0.042951,0.701355,0.471296,0.773383,1
3.910000,-0.073631,-0.042951,0.701355,0.471296,0.773396,1
3.911000,-0.073631,-0.042951,0.701355,0.471296,0.773409,1
3.912000,-0.073631,-0.042951,0.701355,0.471296,0.773422,1
3.913000,-0.073631,-0.042951,0.701355,0.471296,0.773435,1
3.914000,-0.073631,-0.039884,0.521979,0.410709,0.653886,1
3.915000,-0.073631,-0.039884,0.521979,0.410709,0.653898,1
3.916000,-0.073631,-0.039884,0.521979,0.410709,0.653910,1
3.917000,-0.073631,-0.039884,0.521979,0.410709,0.653922,1
3.918000,-0.073631,-0.039884,0.521979,0.410709,0.653933,1
3.919000,-0.073631,-0.039884,0.521979,0.410709,0.653945,1
3.920000,-0.073631,-0.033748,0.415886,0.410709,0.000000,1
3.921000,-0.073631,-0.033748,0.415886,0.410709,0.000000,1
3.922000,-0.073631,-0.033748,0.415886,0.410709,0.000000,1
3.923000,-0.073631,-0.033748,0.415886,0.410709,0.000000,1
3.924000,-0.073631,-0.033748,0.415886,0.410709,0.000000,1
3.925000,-0.073631,-0.033748,0.415886,0.410709,0.000000,1
3.926000,-0.073631,-0.033748,0.345628,0.410709,0.000000,1
3.927000,-0.073631,-0.033748,0.345628,0.410709,0.000000,1
3.928000,-0.073631,-0.033748,0.345628,0.410709,0.000000,1
3.929000,-0.073631,-0.030680,0.295646,0.410709,0.000000,1
3.930000,-0.073631,-0.027612,0.275757,0.540535,-0.697258,1
3.931000,-0.073631,-0.027612,0.275757,0.540535,-0.697250,1
3.932000,-0.073631,-0.027612,0.269689,0.540535,-0.703309,1
3.933000,-0.073631,-0.027612,0.269689,0.540535,-0.703301,1
3.934000,-0.073631,-0.027612,0.269689,0.540535,-0.703292,1
3.935000,-0.073631,-0.027612,0.258325,0.540535,-0.714648,1
3.936000,-0.073631,-0.027612,0.258325,0.540535,-0.714640,1
3.937000,-0.073631,-0.027612,0.258325,0.540535,-0.714631,1
3.938000,-0.073631,-0.027612,0.242977,0.540535,-0.729971,1
3.939000,-0.073631,-0.027612,0.242977,0.540535,-0.729963,1
3.940000,-0.073631,-0.027612,0.242977,0.540535,-0.729955,1
3.941000,-0.073631,-0.027612,0.242977,0.540535,-0.729946,1
3.942000,-0.073631,-0.027612,0.242977,0.540535,-0.729938,1
3.943000,-0.073631,-0.027612,0.242977,0.540535,-0.729930,1
3.944000,-0.073631,-0.024544,0.229369,0.540535,-0.804889,1
3.945000,-0.073631,-0.024544,0.229369,0.540535,-0.804882,1
3.946000,-0.073631,-0.024544,0.229369,0.540535,-0.804874,1
3.947000,-0.073631,-0.024544,0.229369,0.540535,-0.804867,1
3.948000,-0.073631,-0.024544,0.229369,0.540535,-0.804860,1
3.949000,-0.073631,-0.024544,0.229369,0.540535,-0.804852,1
3.950000,-0.073631,-0.024544,0.206244,0.540535,-0.827971,1
3.951000,-0.073631,-0.024544,0.206244,0.540535,-0.827963,1
3.952000,-0.073631,-0.024544,0.206244,0.540535,-0.827956,1
3.953000,-0.073631,-0.024544,0.187329,0.540535,-0.846863,1
3.954000,-0.073631,-0.024544,0.187329,0.540535,-0.846856,1
3.955000,-0.073631,-0.024544,0.187329,0.540535,-0.846849,1
3.956000,-0.076699,-0.027612,-0.179140,-0.501555,1.526095,1
3.957000,-0.076699,-0.027612,-0.179140,-0.501555,1.526103,1
3.958000,-0.076699,-0.027612,-0.179140,-0.501555,1.526112,1
3.959000,-0.076699,-0.027612,-0.171629,-0.446812,1.424143,1
3.960000,-0.076699,-0.027612,-0.171629,-0.446812,1.424152,1
3.961000,-0.076699,-0.027612,-0.171629,-0.446812,1.424160,1
3.962000,-0.076699,-0.027612,-0.164714,-0.402787,1.343035,1
3.963000,-0.076699,-0.027612,-0.164714,-0.402787,1.343043,1
3.964000,-0.076699,-0.027612,-0.164714,-0.402787,1.343051,1
3.965000,-0.076699,-0.027612,-0.164714,-0.402787,1.343060,1
3.966000,-0.076699,-0.027612,-0.164714,-0.402787,1.343068,1
3.967000,-0.076699,-0.027612,-0.164714,-0.402787,1.343076,1
3.968000,-0.079767,-0.033748,-0.158331,-0.366643,1.393764,1
3.969000,-0.079767,-0.033748,-0.158331,-0.366643,1.393774,1
3.970000,-0.079767,-0.033748,-0.158331,-0.366643,1.393784,1
3.971000,-0.079767,-0.033748,-0.158331,-0.366643,1.393795,1
3.972000,-0.079767,-0.033748,-0.158331,-0.366643,1.393805,1
3.973000,-0.079767,-0.033748,-0.158331,-0.366643,1.393815,1
3.974000,-0.079767,-0.033748,-0.146953,-0.344544,1.361005,1
3.975000,-0.079767,-0.033748,-0.146953,-0.344544,1.361015,1
3.976000,-0.079767,-0.033748,-0.146953,-0.344544,1.361025,1
3.977000,-0.079767,-0.033748,-0.137108,-0.344544,1.370880,1
3.978000,-0.079767,-0.033748,-0.128494,1.115715,-2.141015,1
3.979000,-0.079767,-0.033748,-0.128494,1.115715,-2.141005,1
3.980000,-0.079767,-0.033748,-0.128494,1.115715,-2.140995,1
3.981000,-0.079767,-0.033748,-0.127171,1.115715,-2.139662,1
3.982000,-0.079767,-0.030680,-0.125856,1.115715,-2.199697,1
3.983000,-0.076699,-0.030680,-0.150532,1.115715,-2.218228,1
3.984000,-0.076699,-0.027612,-0.548392,1.439712,-3.325432,1
3.985000,-0.076699,-0.027612,-0.548392,1.439712,-3.325424,1
3.986000,-0.079767,-0.027612,-0.548392,1.439712,-3.331552,1
3.987000,-0.079767,-0.027612,-0.548392,1.439712,-3.331543,1
3.988000,-0.079767,-0.027612,-0.548392,1.439712,-3.331535,1
3.989000,-0.079767,-0.027612,-0.548392,1.439712,-3.331527,1
3.990000,-0.079767,-0.027612,-0.548392,1.439712,-3.331518,1
3.991000,-0.079767,-0.030680,-0.548392,1.439712,-3.270150,1
3.992000,-0.082835,-0.030680,-0.548392,1.439712,-3.276277,1
3.993000,-0.082835,-0.030680,-0.548392,-1.314455,2.832067,1
3.994000,-0.085903,-0.033748,-6.431785,-1.187346,-3.850311,1
3.995000,-0.085903,-0.036816,1.363505,-1.108945,4.449547,1
3.996000,-0.085903,-0.036816,1.363505,-1.108945,4.449558,1
3.997000,-0.085903,-0.036816,1.363505,-1.108945,4.449569,1
3.998000,-0.085903,-0.036816,1.363505,-1.108945,4.449580,1
3.999000,-0.085903,-0.036816,1.363505,-1.108945,4.449591,1
4.000000,-0.085903,-0.036816,1.363505,-1.108945,4.449602,1
4.001000,-0.085903,-0.036816,1.363505,-1.108945,4.449613,1
4.002000,-0.085903,-0.036816,1.363505,-1.108945,4.449624,1
4.003000,-0.085903,-0.039884,1.363505,-1.108945,4.510996,1
4.004000,-0.085903,-0.039884,1.363505,-1.108945,4.511008,1
4.005000,-0.085903,-0.039884,1.363505,-1.108945,4.511020,1
4.006000,-0.088971,-0.042951,1.363505,-1.108945,4.566256,1
4.007000,-0.088971,-0.042951,1.363505,-1.108945,4.566269,1
4.008000,-0.088971,-0.042951,1.363505,-1.108945,4.566281,1
4.009000,-0.088971,-0.042951,1.363505,-1.108945,4.566294,1
4.010000,-0.088971,-0.042951,1.363505,-1.108945,4.566307,1
4.011000,-0.088971,-0.042951,1.363505,-1.108945,4.566320,1
4.012000,-0.088971,-0.042951,-1.076343,1.089728,-2.870860,1
4.013000,-0.088971,-0.042951,-1.076343,1.089728,-2.870847,1
4.014000,-0.088971,-0.042951,-1.076343,1.089728,-2.870834,1
4.015000,-0.079767,-0.036816,0.705160,0.885949,-0.786074,1
4.016000,-0.073631,-0.027612,0.779535,1.710508,-2.532613,1
4.017000,-0.070563,-0.024544,0.779535,1.710508,-2.587829,1
4.018000,-0.067495,-0.018408,0.779535,1.710508,-2.704406,1
4.019000,-0.064427,-0.018408,1.918679,1.710508,-1.559120,1
4.020000,-0.064427,-0.015340,1.918679,3.109224,-4.417907,1
4.021000,-0.061359,-0.012272,1.918679,3.109224,-4.473127,1
4.022000,-0.061359,-0.009204,1.918679,3.109224,-4.534483,1
4.023000,-0.058291,-0.009204,1.918679,3.109224,-4.528344,1
4.024000,-0.058291,-0.006136,1.918679,2.882952,-4.137159,1
4.025000,-0.055223,-0.006136,1.918679,2.329483,-3.024083,1
4.026000,-0.055223,-0.006136,1.724688,1.958916,-2.476939,1
4.027000,-0.052155,-0.006136,2.040513,1.689794,-1.616731,1
4.028000,-0.052155,-0.003068,2.040513,1.596251,-1.491004,1
4.029000,-0.052155,-0.003068,2.040513,1.596251,-1.491003,1
4.030000,-0.052155,-0.003068,2.040513,1.596251,-1.491002,1
4.031000,-0.052155,-0.003068,2.040513,1.596251,-1.491001,1
4.032000,-0.052155,-0.003068,2.040513,1.596251,-1.491000,1
4.033000,-0.052155,-0.003068,2.040513,1.596251,-1.490999,1
4.034000,-0.052155,-0.003068,2.040513,1.596251,-1.490998,1
4.035000,-0.049087,-0.003068,2.040513,1.596251,-1.484862,1
4.036000,-0.049087,-0.003068,2.040513,1.596251,-1.484861,1
4.037000,-0.049087,-0.003068,2.040513,1.596251,-1.484860,1
4.038000,-0.046019,0.000000,1.424040,1.596251,-2.156556,1
4.039000,-0.046019,0.000000,1.424040,1.596251,-2.156556,1
4.040000,-0.046019,0.000000,1.424040,1.596251,-2.156556,1
4.041000,-0.046019,0.000000,1.056404,1.157508,-1.646705,1
4.042000,-0.046019,0.000000,0.696518,0.739082,-1.169741,1
4.043000,-0.046019,0.000000,0.696518,0.739082,-1.169741,1
4.044000,-0.046019,0.000000,0.696518,0.739082,-1.169741,1
4.045000,-0.046019,0.000000,0.659317,0.697332,-1.123441,1
4.046000,-0.046019,0.000000,0.625394,0.659496,-1.081692,1
4.047000,-0.046019,0.000000,0.595062,0.625856,-1.044743,1
4.048000,-0.049087,-0.003068,0.970512,-0.595640,2.428922,1
4.049000,-0.049087,-0.003068,0.970512,-0.567942,2.373527,1
4.050000,-0.049087,-0.003068,0.970512,-0.542959,2.323562,1
4.051000,-0.049087,-0.003068,0.970512,-0.542959,2.323563,1
4.052000,-0.049087,-0.003068,0.970512,-0.542959,2.323564,1
4.053000,-0.049087,-0.003068,0.970512,-0.542959,2.323565,1
4.054000,-0.049087,-0.003068,0.970512,-0.542959,2.323565,1
4.055000,-0.049087,-0.003068,0.970512,-0.542959,2.323566,1
4.056000,-0.049087,-0.006136,0.970512,-0.519978,2.338966,1
4.057000,-0.049087,-0.006136,0.970512,-0.519978,2.338968,1
4.058000,-0.049087,-0.006136,0.970512,-0.519978,2.338970,1
4.059000,-0.049087,-0.006136,0.970512,-0.428971,2.156958,1
4.060000,-0.049087,-0.006136,0.970512,-0.428971,2.156960,1
4.061000,-0.049087,-0.006136,0.970512,-0.428971,2.156962,1
4.062000,-0.046019,-0.006136,0.970512,-0.388260,2.081678,1
4.063000,-0.042951,-0.003068,0.778714,-0.352258,1.762652,1
4.064000,-0.042951,-0.003068,0.732103,-0.352258,1.716042,1
4.065000,-0.042951,0.000000,0.690722,-0.352258,1.613301,1
4.066000,-0.039884,0.000000,0.527321,-0.352258,1.456037,1
4.067000,-0.039884,0.000000,0.527321,-0.352258,1.456037,1
4.068000,-0.039884,0.003068,0.527321,-0.352258,1.394677,1
4.069000,-0.036816,0.003068,0.527321,-0.352258,1.400812,1
4.070000,-0.036816,0.003068,0.527321,-0.352258,1.400811,1
4.071000,-0.036816,0.003068,0.527321,-0.352258,1.400810,1
4.072000,-0.036816,0.003068,0.527321,-0.352258,1.400809,1
4.073000,-0.033748,0.006136,0.527321,-0.352258,1.345584,1
4.074000,-0.033748,0.006136,0.527321,-0.352258,1.345582,1
4.075000,-0.033748,0.006136,0.527321,-0.352258,1.345580,1
4.076000,-0.030680,0.009204,0.527321,1.204630,-2.423421,1
4.077000,-0.024544,0.021476,0.964672,2.034373,-3.878728,1
4.078000,-0.021476,0.024544,0.964672,2.034373,-3.933959,1
4.079000,-0.018408,0.024544,0.964672,2.034373,-3.927831,1
4.080000,-0.018408,0.024544,0.964672,2.034373,-3.927838,1
4.081000,-0.018408,0.024544,0.964672,2.034373,-3.927845,1
4.082000,-0.018408,0.024544,0.964672,2.034373,-3.927853,1
4.083000,-0.018408,0.027612,0.964672,1.626176,-3.172826,1
4.084000,-0.018408,0.027612,0.964672,1.626176,-3.172834,1
4.085000,-0.018408,0.027612,0.964672,1.626176,-3.172843,1
4.086000,-0.018408,0.027612,0.964672,1.626176,-3.172851,1
4.087000,-0.015340,0.027612,1.436762,1.435556,-2.313392,1
4.088000,-0.015340,0.027612,1.436762,-0.978274,3.114258,1
4.089000,-0.015340,0.024544,1.436762,-0.851391,2.921845,1
4.090000,-0.015340,0.024544,1.436762,-0.851391,2.921838,1
4.091000,-0.015340,0.021476,1.424959,-0.851391,2.971387,1
4.092000,-0.015340,0.021476,1.424959,-0.851391,2.971381,1
4.093000,-0.015340,0.021476,1.424959,-0.851391,2.971374,1
4.094000,-0.015340,0.021476,1.424959,-0.851391,2.971368,1
4.095000,-0.015340,0.021476,1.424959,-0.851391,2.971361,1
4.096000,-0.015340,0.021476,1.424959,-0.851391,2.971355,1
4.097000,-0.015340,0.021476,1.424959,-0.851391,2.971348,1
4.098000,-0.015340,0.024544,1.157224,-0.851391,2.642247,1
4.099000,-0.015340,0.024544,1.157224,-0.851391,2.642239,1
4.100000,-0.015340,0.024544,1.056957,-0.851391,2.541965,1
4.101000,-0.015340,0.024544,1.056957,-0.851391,2.541958,1
4.102000,-0.015340,0.024544,1.056957,-0.851391,2.541951,1
4.103000,-0.015340,0.024544,0.973449,-0.851391,2.458434,1
4.104000,-0.015340,0.024544,0.973449,-0.851391,2.458427,1
4.105000,-0.015340,0.024544,0.973449,-0.851391,2.458420,1
4.106000,-0.015340,0.024544,0.973449,-0.851391,2.458412,1
4.107000,-0.009204,0.027612,0.738942,-0.851391,2.174810,1
4.108000,-0.009204,0.027612,0.738942,-0.851391,2.174802,1
4.109000,-0.009204,0.027612,0.738942,-0.851391,2.174794,1
4.110000,-0.009204,0.027612,0.738942,-0.851391,2.174785,1
4.111000,-0.006136,0.033748,0.595424,0.938475,-2.265057,1
4.112000,0.003068,0.042951,0.526979,0.938475,-2.499185,1
4.113000,0.006136,0.046019,0.526979,1.799952,-4.277376,1
4.114000,0.006136,0.046019,0.526979,1.799952,-4.277390,1
4.115000,0.009204,0.052155,1.527304,1.799952,-3.393663,1
4.116000,0.009204,0.055223,1.527304,1.799952,-3.455039,1
4.117000,0.009204,0.055223,1.527304,1.799952,-3.455055,1
4.118000,0.009204,0.055223,1.527304,1.799952,-3.455072,1
4.119000,0.009204,0.055223,1.527304,1.799952,-3.455089,1
4.120000,0.009204,0.055223,1.527304,1.799952,-3.455105,1
4.121000,0.009204,0.055223,1.527304,1.799952,-3.455122,1
4.122000,0.012272,0.055223,1.527304,1.799952,-3.449002,1
4.123000,0.012272,0.055223,1.527304,1.799952,-3.449019,1
4.124000,0.012272,0.055223,1.527304,1.799952,-3.449035,1
4.125000,0.015340,0.061359,1.527304,1.989357,-3.944447,1
4.126000,0.015340,0.061359,1.527304,1.989357,-3.944465,1
4.127000,0.015340,0.061359,1.527304,1.989357,-3.944484,1
4.128000,0.015340,0.061359,1.527304,1.989357,-3.944502,1
4.129000,0.015340,0.061359,1.527304,1.989357,-3.944521,1
4.130000,0.015340,0.061359,1.527304,1.989357,-3.944539,1
4.131000,0.018408,0.064427,1.189824,1.989357,-4.337262,1
4.132000,0.018408,0.064427,1.189824,1.989357,-4.337281,1
4.133000,0.018408,0.064427,1.189824,1.989357,-4.337300,1
4.134000,0.015340,0.061359,-0.752013,3.199647,-6.000000,1
4.135000,0.015340,0.061359,-0.752013,3.199647,-6.000000,1
4.136000,0.015340,0.061359,-0.752013,3.199647,-6.000000,1
4.137000,0.015340,0.061359,-0.752013,3.199647,-6.000000,1
4.138000,0.015340,0.061359,-0.752013,3.199647,-6.000000,1
4.139000,0.015340,0.061359,-0.752013,3.199647,-6.000000,1
4.140000,0.012272,0.061359,-1.413735,-2.742780,3.172374,1
4.141000,0.012272,0.061359,-1.413735,-2.742780,3.172355,1
4.142000,0.012272,0.061359,-1.413735,-2.742780,3.172337,1
4.143000,0.003068,0.052155,-1.413735,-1.171044,0.000000,1
4.144000,-0.006136,0.042951,-0.672984,-1.098624,0.956087,1
4.145000,-0.009204,0.036816,-0.672984,-2.950692,4.776794,1
4.146000,-0.009204,0.036816,-0.672984,-2.950692,4.776783,1
4.147000,-0.009204,0.036816,-0.672984,-2.950692,4.776772,1
4.148000,-0.012272,0.033748,-2.377222,-2.950692,3.127748,1
4.149000,-0.012272,0.033748,-2.377222,-2.950692,3.127737,1
4.150000,-0.021476,0.021476,-2.377222,-4.065676,5.584727,1
4.151000,-0.024544,0.021476,-2.364024,-3.917953,5.296338,1
4.152000,-0.024544,0.018408,-2.364024,-2.971182,3.464148,1
4.153000,-0.024544,0.018408,-2.364024,-2.392503,2.306786,1
4.154000,-0.024544,0.018408,-2.364024,-2.392503,2.306780,1
4.155000,-0.024544,0.018408,-2.364024,-2.392503,2.306775,1
4.156000,-0.027612,0.015340,-2.364024,-2.002218,1.581424,1
4.157000,-0.027612,0.015340,-2.364024,-2.002218,1.581419,1
4.158000,-0.027612,0.015340,-2.364024,-2.002218,1.581415,1
4.159000,-0.027612,0.015340,-2.364024,-2.002218,1.581410,1
4.160000,-0.027612,0.015340,-2.364024,-2.002218,1.581405,1
4.161000,-0.027612,0.015340,-2.364024,-2.002218,1.581401,1
4.162000,-0.030680,0.015340,-2.361573,-1.509550,0.592376,1
4.163000,-0.030680,0.015340,-2.361573,-1.509550,0.592371,1
4.164000,-0.030680,0.015340,-2.361573,-1.509550,0.592366,1
4.165000,-0.033748,0.012272,-1.095976,-1.378184,1.650449,1
4.166000,-0.033748,0.012272,-0.807480,1.330334,-4.078093,1
4.167000,-0.033748,0.012272,-0.758064,1.201316,-3.770646,1
4.168000,-0.036816,0.012272,-1.674375,1.093022,-4.476509,1
4.169000,-0.036816,0.012272,-1.674375,1.093022,-4.476512,1
4.170000,-0.036816,0.012272,-1.674375,1.093022,-4.476516,1
4.171000,-0.036816,0.012272,-1.674375,1.093022,-4.476520,1
4.172000,-0.036816,0.012272,-1.674375,1.093022,-4.476523,1
4.173000,-0.036816,0.012272,-1.674375,1.093022,-4.476527,1
4.174000,-0.036816,0.012272,-1.674375,1.093022,-4.476531,1
4.175000,-0.036816,0.012272,-1.674375,1.093022,-4.476534,1
4.176000,-0.036816,0.012272,-1.674375,1.093022,-4.476538,1
4.177000,-0.036816,0.012272,-1.674375,1.093022,-4.476542,1
4.178000,-0.036816,0.012272,-1.674375,1.093022,-4.476545,1
4.179000,-0.036816,0.012272,-1.674375,1.093022,-4.476549,1
4.180000,-0.036816,0.015340,-1.674375,1.003652,-4.359172,1
4.181000,-0.055223,0.000000,-0.653583,-1.283487,2.105878,1
4.182000,-0.055223,0.000000,-0.653583,-1.283487,2.105878,1
4.183000,-0.055223,0.000000,-0.653583,-1.283487,2.105878,1
4.184000,-0.055223,0.000000,-0.653583,-1.283487,2.105878,1
4.185000,-0.055223,0.000000,-0.653583,-1.283487,2.105878,1
4.186000,-0.055223,0.000000,-0.653583,-1.283487,2.105878,1
4.187000,-0.055223,0.000000,-0.653583,-1.283487,2.105878,1
4.188000,-0.055223,0.000000,-0.653583,-1.283487,2.105878,1
4.189000,-0.055223,0.000000,-0.653583,-1.283487,2.105878,1
4.190000,-0.058291,-0.003068,-0.653583,-1.283487,2.161103,1
4.191000,-0.058291,-0.003068,-0.653583,-1.283487,2.161104,1
4.192000,-0.058291,-0.003068,-0.653583,-1.283487,2.161105,1
4.193000,-0.076699,-0.024544,-2.377734,-2.289618,2.841923,1
4.194000,-0.076699,-0.024544,-2.377734,-2.289618,2.841931,1
4.195000,-0.076699,-0.024544,-2.377734,-2.289618,2.841938,1
4.196000,-0.082835,-0.030680,-2.349591,-2.289618,2.980537,1
4.197000,-0.088971,-0.036816,-2.352712,-1.905948,2.320533,1
4.198000,-0.092039,-0.036816,-2.352712,-1.905948,2.314408,1
4.199000,-0.092039,-0.039884,-2.283270,-1.905948,2.445222,1
4.200000,-0.092039,-0.039884,-2.283270,-1.905948,2.445234,1
4.201000,-0.092039,-0.039884,-2.283270,-1.905948,2.445246,1
4.202000,-0.092039,-0.039884,-2.283270,-1.905948,2.445258,1
4.203000,-0.092039,-0.039884,-2.283270,-1.905948,2.445270,1
4.204000,-0.092039,-0.039884,-2.283270,-1.905948,2.445281,1
4.205000,-0.095107,-0.039884,-1.924756,-1.905948,2.797671,1
4.206000,-0.101243,-0.046019,-1.801890,-1.164237,1.547574,1
4.207000,-0.101243,-0.046019,-1.801890,-1.063391,1.345898,1
4.208000,-0.101243,-0.046019,-1.801890,-0.979023,1.177174,1
4.209000,-0.101243,-0.046019,-1.801890,-0.979023,1.177188,1
4.210000,-0.101243,-0.046019,-1.801890,-0.979023,1.177202,1
4.211000,-0.101243,-0.046019,-1.801890,-0.979023,1.177216,1
4.212000,-0.101243,-0.046019,-1.801890,-0.979023,1.177229,1
4.213000,-0.101243,-0.046019,-1.801890,-0.979023,1.177243,1
4.214000,-0.101243,-0.046019,-1.801890,-0.979023,1.177257,1
4.215000,-0.101243,-0.046019,-1.746223,-0.906894,1.088680,1
4.216000,-0.101243,-0.046019,-1.746223,-0.906894,1.088694,1
4.217000,-0.101243,-0.046019,-1.746223,-0.906894,1.088708,1
4.218000,-0.104311,-0.042951,-0.941336,0.628014,-1.843704,1
4.219000,-0.104311,-0.042951,-0.941336,0.628014,-1.843692,1
4.220000,-0.104311,-0.042951,-0.941336,0.628014,-1.843679,1
4.221000,-0.104311,-0.042951,-0.941336,0.628014,-1.843666,1
4.222000,-0.104311,-0.042951,-0.941336,0.628014,-1.843653,1
4.223000,-0.104311,-0.042951,-0.941336,0.628014,-1.843640,1
4.224000,-0.104311,-0.042951,-0.765533,0.544579,-1.500954,1
4.225000,-0.104311,-0.042951,-0.765533,0.544579,-1.500941,1
4.226000,-0.104311,-0.042951,-0.765533,0.544579,-1.500928,1
4.227000,-0.104311,-0.042951,-0.765533,0.544579,-1.500915,1
4.228000,-0.104311,-0.042951,-0.765533,0.544579,-1.500902,1
4.229000,-0.104311,-0.042951,-0.765533,0.544579,-1.500890,1
4.230000,-0.101243,-0.039884,-0.769274,0.503947,-1.478577,1
4.231000,-0.101243,-0.039884,-0.769274,0.503947,-1.478565,1
4.232000,-0.101243,-0.039884,-0.769274,0.503947,-1.478553,1
4.233000,-0.101243,-0.036816,-0.769274,0.503947,-1.539901,1
4.234000,-0.101243,-0.036816,-0.769274,0.503947,-1.539890,1
4.235000,-0.104311,-0.036816,-0.769274,0.503947,-1.546015,1
4.236000,-0.104311,-0.036816,-0.769274,0.503947,-1.546004,1
4.237000,-0.104311,-0.036816,-0.769274,0.503947,-1.545993,1
4.238000,-0.104311,-0.036816,-0.769274,0.503947,-1.545982,1
4.239000,-0.104311,-0.036816,-0.769274,0.503947,-1.545971,1
4.240000,-0.104311,-0.036816,-0.731430,0.503947,-1.508116,1
4.241000,-0.104311,-0.036816,-0.731430,0.503947,-1.508105,1
4.242000,-0.104311,-0.036816,-0.731430,0.503947,-1.508094,1
4.243000,-0.107379,-0.039884,-0.653556,0.503947,-1.374985,1
4.244000,-0.107379,-0.039884,-0.653556,0.503947,-1.374973,1
4.245000,-0.107379,-0.039884,-0.653556,0.503947,-1.374961,1
4.246000,-0.107379,-0.039884,-0.653556,0.503947,-1.374949,1
4.247000,-0.107379,-0.039884,-0.653556,0.503947,-1.374937,1
4.248000,-0.107379,-0.039884,-0.653556,0.503947,-1.374925,1
4.249000,-0.110447,-0.039884,-0.614780,0.503947,-1.342273,1
4.250000,-0.110447,-0.039884,-0.614780,0.503947,-1.342261,1
4.251000,-0.110447,-0.039884,-0.614780,0.503947,-1.342249,1
4.252000,-0.110447,-0.039884,-0.614780,0.503947,-1.342237,1
4.253000,-0.110447,-0.039884,-0.614780,0.503947,-1.342225,1
4.254000,-0.110447,-0.039884,-0.614780,0.503947,-1.342213,1
4.255000,-0.116583,-0.049087,-0.614780,-0.420996,1.279494,1
4.256000,-0.116583,-0.049087,-0.614780,-0.420996,1.279509,1
4.257000,-0.116583,-0.049087,-0.614780,-0.420996,1.279523,1
4.258000,-0.116583,-0.049087,-0.614780,-0.420996,1.279538,1
4.259000,-0.116583,-0.049087,-0.614780,-0.420996,1.279553,1
4.260000,-0.122718,-0.055223,-0.799611,-0.420996,1.205186,1
4.261000,-0.122718,-0.055223,-0.799611,-0.420996,1.205202,1
4.262000,-0.134990,-0.067495,-1.479652,-1.514778,2.933637,1
4.263000,-0.134990,-0.067495,-1.479652,-1.514778,2.933657,1
4.264000,-0.134990,-0.067495,-1.479652,-1.514778,2.933678,1
4.265000,-0.134990,-0.067495,-1.479652,-1.514778,2.933698,1
4.266000,-0.134990,-0.067495,-1.479652,-1.514778,2.933718,1
4.267000,-0.134990,-0.067495,-1.479652,-1.514778,2.933738,1
4.268000,-0.134990,-0.067495,-1.479652,-1.514778,2.933759,1
4.269000,-0.134990,-0.067495,-1.479652,-1.514778,2.933779,1
4.270000,-0.134990,-0.067495,-1.479652,-1.514778,2.933799,1
4.271000,-0.134990,-0.067495,-1.479652,-1.514778,2.933819,1
4.272000,-0.150330,-0.088971,-1.779635,-2.172761,4.348665,1
4.273000,-0.153398,-0.092039,-1.779635,-2.172761,4.403916,1
4.274000,-0.153398,-0.092039,-1.779635,-2.172761,4.403944,1
4.275000,-0.153398,-0.092039,-1.779635,-2.172761,4.403971,1
4.276000,-0.153398,-0.092039,-1.779635,-2.172761,4.403999,1
4.277000,-0.153398,-0.092039,-1.779635,-2.172761,4.404026,1
4.278000,-0.153398,-0.092039,-1.779635,-2.172761,4.404054,1
4.279000,-0.153398,-0.092039,-1.779635,-2.172761,4.404082,1
4.280000,-0.153398,-0.095107,-1.779635,-2.172761,4.465469,1
4.281000,-0.159534,-0.101243,-1.625754,-1.988506,4.361318,1
4.282000,-0.159534,-0.101243,-1.625754,-1.988506,4.361348,1
4.283000,-0.159534,-0.101243,-1.625754,-1.988506,4.361379,1
4.284000,-0.159534,-0.101243,-1.625754,-1.988506,4.361409,1
4.285000,-0.159534,-0.101243,-1.625754,-1.974668,4.333762,1
4.286000,-0.159534,-0.101243,-1.625754,-1.974668,4.333792,1
4.287000,-0.159534,-0.101243,-1.625754,-1.974668,4.333823,1
4.288000,-0.159534,-0.101243,-1.625754,-1.974668,4.333853,1
4.289000,-0.144194,-0.092039,1.224226,0.673733,1.733661,1
4.290000,-0.144194,-0.092039,1.224226,0.673733,1.733688,1
4.291000,-0.141126,-0.092039,1.224226,0.638867,1.809585,1
4.292000,-0.141126,-0.092039,1.224226,0.638867,1.809613,1
4.293000,-0.138058,-0.085903,1.155996,0.620005,1.662550,1
4.294000,-0.138058,-0.085903,1.155996,0.620005,1.662576,1
4.295000,-0.128854,-0.079767,1.155996,0.620005,1.558289,1
4.296000,-0.128854,-0.079767,1.155996,0.620005,1.558313,1
4.297000,-0.128854,-0.079767,1.155996,0.620005,1.558337,1
4.298000,-0.128854,-0.079767,1.155996,0.620005,1.558361,1
4.299000,-0.128854,-0.079767,1.155996,0.620005,1.558385,1
4.300000,-0.128854,-0.079767,1.155996,0.620005,1.558409,1
4.301000,-0.128854,-0.079767,1.155996,0.620005,1.558433,1
4.302000,-0.128854,-0.079767,1.155996,0.620005,1.558457,1
4.303000,-0.128854,-0.079767,1.155996,0.620005,1.558481,1
4.304000,-0.128854,-0.079767,1.155996,0.620005,1.558504,1
4.305000,-0.122718,-0.070563,2.270281,2.761217,-2.381420,1
4.306000,-0.122718,-0.070563,2.270281,2.761217,-2.381399,1
4.307000,-0.122718,-0.070563,2.270281,2.761217,-2.381378,1
4.308000,-0.113515,-0.064427,2.660347,2.482330,-1.537829,1
4.309000,-0.113515,-0.064427,2.660347,2.482330,-1.537810,1
4.310000,-0.113515,-0.064427,2.660347,2.482330,-1.537791,1
4.311000,-0.104311,-0.058291,2.660347,2.482330,-1.642084,1
4.312000,-0.104311,-0.058291,2.660347,2.482330,-1.642066,1
4.313000,-0.104311,-0.058291,2.660347,2.482330,-1.642049,1
4.314000,-0.095107,-0.046019,2.834090,2.399735,-1.530132,1
4.315000,-0.095107,-0.046019,2.834090,2.399735,-1.530118,1
4.316000,-0.095107,-0.046019,2.834090,2.399735,-1.530104,1
4.317000,-0.088971,-0.036816,2.800442,4.287295,-5.510667,1
4.318000,-0.079767,-0.030680,2.800442,2.431674,-1.903725,1
4.319000,-0.079767,-0.030680,2.800442,2.431674,-1.903716,1
4.320000,-0.079767,-0.027612,2.427925,2.211038,-1.896313,1
4.321000,-0.073631,-0.024544,2.583305,2.211038,-1.790013,1
4.322000,-0.070563,-0.021476,2.583305,2.211038,-1.845230,1
4.323000,-0.058291,-0.012272,2.023902,1.637529,-1.417144,1
4.324000,-0.058291,-0.012272,2.023902,1.637529,-1.417141,1
4.325000,-0.058291,-0.012272,2.023902,1.637529,-1.417137,1
4.326000,-0.058291,-0.012272,2.023902,1.637529,-1.417133,1
4.327000,-0.058291,-0.012272,2.023902,1.637529,-1.417130,1
4.328000,-0.058291,-0.012272,2.023902,1.637529,-1.417126,1
4.329000,-0.058291,-0.012272,2.023902,1.637529,-1.417122,1
4.330000,-0.058291,-0.012272,2.023902,1.637529,-1.417119,1
4.331000,-0.058291,-0.012272,2.023902,1.637529,-1.417115,1
4.332000,-0.055223,-0.009204,1.738130,1.637529,-1.758108,1
4.333000,-0.055223,-0.009204,1.522218,1.531102,-1.761163,1
4.334000,-0.046019,-0.009204,1.389722,0.681029,0.000000,1
4.335000,-0.046019,-0.009204,1.389722,0.681029,0.000000,1
4.336000,-0.046019,-0.009204,1.037772,0.583975,0.000000,1
4.337000,-0.046019,-0.009204,1.037772,0.583975,0.000000,1
4.338000,-0.046019,-0.009204,1.037772,0.583975,0.000000,1
4.339000,-0.046019,-0.009204,1.037772,0.583975,0.000000,1
4.340000,-0.046019,-0.009204,1.037772,0.583975,0.000000,1
4.341000,-0.046019,-0.009204,1.037772,0.583975,0.000000,1
4.342000,-0.046019,-0.009204,1.037772,0.583975,0.000000,1
4.343000,-0.046019,-0.009204,1.037772,0.583975,0.000000,1
4.344000,-0.046019,-0.009204,1.037772,0.583975,0.000000,1
4.345000,-0.046019,-0.009204,1.037772,0.583975,0.000000,1
4.346000,-0.046019,-0.009204,1.037772,0.583975,0.000000,1
4.347000,-0.046019,-0.009204,1.037772,0.583975,0.000000,1
4.348000,-0.046019,-0.009204,1.037772,0.583975,0.000000,1
4.349000,-0.046019,-0.009204,0.957069,0.557521,0.000000,1
4.350000,-0.046019,-0.009204,0.957069,0.557521,0.000000,1
4.351000,-0.046019,-0.009204,0.957069,0.557521,0.000000,1
4.352000,-0.042951,-0.012272,0.827558,0.520058,0.000000,1
4.353000,-0.042951,-0.012272,0.827558,0.520058,0.000000,1
4.354000,-0.042951,-0.012272,0.827558,0.520058,0.000000,1
4.355000,-0.042951,-0.012272,0.827558,0.520058,0.000000,1
4.356000,-0.042951,-0.012272,0.827558,0.520058,0.000000,1
4.357000,-0.042951,-0.012272,0.688405,0.520058,-0.486913,1
4.358000,-0.042951,-0.012272,0.688405,0.520058,-0.486909,1
4.359000,-0.042951,-0.012272,0.688405,0.520058,-0.486906,1
4.360000,-0.039884,-0.015340,0.953672,0.520058,0.000000,1
4.361000,-0.039884,-0.015340,0.953672,0.520058,0.000000,1
4.362000,-0.039884,-0.015340,0.953672,0.520058,0.000000,1
4.363000,-0.039884,-0.015340,0.953672,0.520058,0.000000,1
4.364000,-0.039884,-0.015340,0.953672,0.520058,0.000000,1
4.365000,-0.039884,-0.015340,0.953672,0.520058,0.000000,1
4.366000,-0.039884,-0.015340,0.953672,0.520058,0.000000,1
4.367000,-0.039884,-0.015340,0.953672,0.520058,0.000000,1
4.368000,-0.039884,-0.015340,0.953672,0.520058,0.000000,1
4.369000,-0.039884,-0.018408,0.953672,0.520058,0.507262,1
4.370000,-0.039884,-0.018408,0.953672,0.520058,0.507268,1
4.371000,-0.039884,-0.018408,0.953672,0.520058,0.507274,1
4.372000,-0.039884,-0.018408,0.934693,0.520058,0.488301,1
4.373000,-0.039884,-0.018408,0.934693,0.520058,0.488306,1
4.374000,-0.039884,-0.018408,0.934693,0.520058,0.488312,1
4.375000,-0.039884,-0.021476,0.760941,0.520058,0.000000,1
4.376000,-0.039884,-0.021476,0.760941,0.520058,0.000000,1
4.377000,-0.039884,-0.021476,0.760941,0.520058,0.000000,1
4.378000,-0.036816,-0.021476,0.641725,-0.464530,2.232039,1
4.379000,-0.036816,-0.021476,0.641725,-0.464530,2.232046,1
4.380000,-0.036816,-0.021476,0.641725,-0.464530,2.232052,1
4.381000,-0.036816,-0.024544,0.554642,-0.456848,2.190972,1
4.382000,-0.036816,-0.024544,0.554642,-0.456848,2.190980,1
4.383000,-0.036816,-0.024544,0.554642,-0.456848,2.190987,1
4.384000,-0.036816,-0.024544,0.554642,-0.456848,2.190994,1
4.385000,-0.036816,-0.024544,0.554642,-0.456848,2.191002,1
4.386000,-0.036816,-0.024544,0.488346,-0.456848,2.124713,1
4.387000,-0.036816,-0.024544,0.488346,-0.456848,2.124720,1
4.388000,-0.036816,-0.024544,0.488346,-0.456848,2.124728,1
4.389000,-0.036816,-0.024544,0.488346,-0.456848,2.124735,1
4.390000,-0.036816,-0.024544,0.488346,-0.456848,2.124742,1
4.391000,-0.036816,-0.024544,0.488346,-0.456848,2.124750,1
4.392000,-0.036816,-0.030680,0.394204,-0.456848,2.153336,1
4.393000,-0.036816,-0.030680,0.394204,-0.456848,2.153345,1
4.394000,-0.036816,-0.030680,0.394204,-0.456848,2.153354,1
4.395000,-0.036816,-0.030680,0.394204,-0.456848,2.153363,1
4.396000,-0.036816,-0.030680,0.394204,-0.456848,2.153373,1
4.397000,-0.036816,-0.030680,0.394204,-0.456848,2.153382,1
4.398000,-0.036816,-0.030680,0.394204,-0.456848,2.153391,1
4.399000,-0.030680,-0.027612,0.330543,-0.907425,2.941804,1
4.400000,-0.030680,-0.027612,0.330543,-0.907425,2.941812,1
4.401000,-0.030680,-0.027612,0.330543,-0.907425,2.941820,1
4.402000,-0.030680,-0.027612,0.330543,-0.907425,2.941829,1
4.403000,-0.030680,-0.027612,0.330543,-0.907425,2.941837,1
4.404000,-0.030680,-0.027612,0.330543,-0.907425,2.941845,1
4.405000,-0.021476,-0.024544,0.269385,-0.907425,2.837743,1
4.406000,-0.021476,-0.024544,0.269385,-0.907425,2.837750,1
4.407000,-0.021476,-0.024544,0.269385,-0.907425,2.837758,1
4.408000,-0.012272,-0.018408,1.084817,0.765554,0.000000,1
4.409000,-0.012272,-0.018408,1.084817,0.765554,0.000000,1
4.410000,-0.012272,-0.018408,1.084817,0.765554,0.000000,1
4.411000,-0.003068,-0.015340,1.887525,0.739778,1.014251,1
4.412000,0.003068,-0.006136,1.887525,0.739778,0.842447,1
4.413000,0.003068,-0.006136,1.887525,0.739778,0.842448,1
4.414000,0.009204,0.000000,2.325639,2.005372,-1.961071,1
4.415000,0.009204,0.000000,2.325639,2.005372,-1.961071,1
4.416000,0.018408,0.006136,2.325639,2.005372,-2.065384,1
4.417000,0.018408,0.006136,2.325639,2.005372,-2.065386,1
4.418000,0.021476,0.006136,2.511363,1.940277,-1.743336,1
4.419000,0.021476,0.006136,2.511363,1.940277,-1.743338,1
4.420000,0.021476,0.006136,2.511363,1.940277,-1.743340,1
4.421000,0.027612,0.012272,2.511363,1.781986,-1.537209,1
4.422000,0.027612,0.012272,2.511363,1.781986,-1.537213,1
4.423000,0.027612,0.012272,2.511363,1.781986,-1.537217,1
4.424000,0.033748,0.015340,2.416187,1.781986,-1.681485,1
4.425000,0.033748,0.015340,2.416187,1.781986,-1.681490,1
4.426000,0.033748,0.015340,2.416187,1.781986,-1.681494,1
4.427000,0.033748,0.015340,2.416187,1.781986,-1.681499,1
4.428000,0.033748,0.015340,2.416187,1.781986,-1.681504,1
4.429000,0.033748,0.015340,2.416187,1.781986,-1.681508,1
4.430000,0.033748,0.015340,2.416187,1.781986,-1.681513,1
4.431000,0.046019,0.024544,2.099970,1.673272,-1.939842,1
4.432000,0.046019,0.024544,2.099970,1.673272,-1.939850,1
4.433000,0.046019,0.027612,2.099970,1.673272,-2.001217,1
4.434000,0.049087,0.027612,2.099970,1.514866,-1.678278,1
4.435000,0.052155,0.027612,2.099970,1.348118,-1.338655,1
4.436000,0.052155,0.030680,2.044754,1.214567,-1.188136,1
4.437000,0.052155,0.030680,1.754120,1.105743,-1.261133,1
4.438000,0.052155,0.030680,1.754120,1.105743,-1.261142,1
4.439000,0.055223,0.030680,1.363242,0.936480,-1.307367,1
4.440000,0.055223,0.030680,1.363242,0.936480,-1.307376,1
4.441000,0.055223,0.030680,1.363242,0.936480,-1.307385,1
4.442000,0.055223,0.030680,1.363242,0.936480,-1.307395,1
4.443000,0.058291,0.030680,1.531789,0.678045,-0.615850,1
4.444000,0.058291,0.030680,1.531789,0.678045,-0.615859,1
4.445000,0.058291,0.030680,1.531789,0.678045,-0.615868,1
4.446000,0.058291,0.030680,1.531789,0.678045,-0.615878,1
4.447000,0.058291,0.030680,1.531789,0.678045,-0.615887,1
4.448000,0.058291,0.030680,1.531789,0.678045,-0.615896,1
4.449000,0.061359,0.030680,1.531789,0.581445,0.000000,1
4.450000,0.061359,0.030680,1.256995,0.509069,-0.546620,1
4.451000,0.061359,0.030680,1.256995,0.509069,-0.546629,1
4.452000,0.061359,0.030680,1.256995,0.509069,-0.546638,1
4.453000,0.061359,0.030680,1.256995,0.509069,-0.546648,1
4.454000,0.061359,0.030680,1.256995,0.509069,-0.546657,1
4.455000,0.064427,0.030680,0.831588,0.421702,-0.791204,1
4.456000,0.064427,0.030680,0.778749,0.407675,-0.815998,1
4.457000,0.064427,0.030680,0.732118,0.394520,-0.836329,1
4.458000,0.064427,0.030680,0.691110,0.382297,-0.852898,1
4.459000,0.064427,0.027612,0.654395,-0.370789,1.277909,1
4.460000,0.064427,0.027612,0.621189,-0.359888,1.222892,1
4.461000,0.064427,0.027612,0.621189,-0.359888,1.222884,1
4.462000,0.064427,0.027612,0.591111,-0.349583,1.172187,1
4.463000,0.064427,0.027612,0.591111,-0.349583,1.172179,1
4.464000,0.064427,0.027612,0.591111,-0.349583,1.172170,1
4.465000,0.064427,0.027612,0.591111,-0.349583,1.172162,1
4.466000,0.064427,0.024544,0.563945,-0.341889,1.190961,1
4.467000,0.064427,0.024544,0.563945,-0.341889,1.190954,1
4.468000,0.067495,0.024544,0.495562,-0.341889,1.128700,1
4.469000,0.067495,0.024544,0.495562,-0.341889,1.128692,1
4.470000,0.070563,0.024544,0.715891,-0.341889,1.355149,1
4.471000,0.070563,0.024544,0.715891,-0.341889,1.355142,1
4.472000,0.070563,0.024544,0.715891,-0.341889,1.355134,1
4.473000,0.070563,0.024544,0.715891,-0.341889,1.355127,1
4.474000,0.073631,0.024544,0.715891,-0.341889,1.361256,1
4.475000,0.073631,0.024544,0.715891,-0.341889,1.361248,1
4.476000,0.079767,0.027612,0.715891,-0.341889,1.312153,1
4.477000,0.079767,0.027612,0.715891,-0.341889,1.312144,1
4.478000,0.079767,0.027612,0.715891,-0.341889,1.312136,1
4.479000,0.079767,0.027612,0.715891,-0.341889,1.312128,1
4.480000,0.082835,0.030680,0.495501,-0.341889,1.036505,1
4.481000,0.082835,0.030680,0.495501,-0.341889,1.036496,1
4.482000,0.082835,0.030680,0.495501,-0.341889,1.036487,1
4.483000,0.082835,0.030680,0.495501,-0.341889,1.036478,1
4.484000,0.088971,0.033748,0.495501,0.506777,-1.309952,1
4.485000,0.088971,0.033748,0.495501,0.506777,-1.309962,1
4.486000,0.088971,0.033748,0.495501,0.506777,-1.309972,1
4.487000,0.088971,0.033748,0.495501,0.506777,-1.309982,1
4.488000,0.088971,0.033748,0.495501,0.506777,-1.309992,1
4.489000,0.088971,0.033748,0.495501,0.506777,-1.310002,1
4.490000,0.092039,0.036816,0.495501,0.506777,-1.365237,1
4.491000,0.095107,0.039884,1.260150,0.506777,-0.655823,1
4.492000,0.095107,0.039884,1.260150,0.506777,-0.655835,1
4.493000,0.098175,0.039884,1.260150,0.506777,-0.649711,1
4.494000,0.098175,0.039884,1.260150,0.506777,-0.649723,1
4.495000,0.098175,0.042951,1.260150,0.506777,-0.711095,1
4.496000,0.101243,0.042951,1.260150,0.506777,-0.704972,1
4.497000,0.101243,0.042951,1.260150,0.506777,-0.704985,1
4.498000,0.101243,0.042951,1.260150,0.506777,-0.704998,1
4.499000,0.104311,0.046019,1.260150,1.070432,-1.887545,1
4.500000,0.104311,0.046019,1.260150,1.070432,-1.887559,1
4.501000,0.104311,0.046019,1.260150,1.070432,-1.887572,1
4.502000,0.104311,0.046019,1.260150,1.070432,-1.887586,1
4.503000,0.104311,0.046019,1.260150,1.070432,-1.887600,1
4.504000,0.107379,0.049087,1.377834,1.070432,-1.825154,1
4.505000,0.107379,0.049087,1.377834,1.070432,-1.825169,1
4.506000,0.107379,0.049087,1.377834,1.070432,-1.825184,1
4.507000,0.107379,0.049087,1.377834,1.070432,-1.825199,1
4.508000,0.107379,0.049087,1.377834,1.070432,-1.825213,1
4.509000,0.107379,0.049087,1.377834,1.070432,-1.825228,1
4.510000,0.107379,0.049087,1.377834,1.070432,-1.825243,1
4.511000,0.107379,0.049087,1.377834,1.070432,-1.825257,1
4.512000,0.110447,0.049087,1.377834,1.070432,-1.819136,1
4.513000,0.110447,0.049087,1.377834,1.070432,-1.819151,1
4.514000,0.110447,0.049087,1.377834,1.070432,-1.819166,1
4.515000,0.113515,0.049087,1.032960,0.845454,-1.707963,1
4.516000,0.113515,0.049087,1.032960,0.845454,-1.707978,1
4.517000,0.113515,0.049087,0.727012,0.628853,-1.580737,1
4.518000,0.113515,0.049087,0.727012,0.628853,-1.580752,1
4.519000,0.113515,0.049087,0.727012,0.628853,-1.580767,1
4.520000,0.113515,0.049087,0.686014,0.597943,-1.559960,1
4.521000,0.113515,0.049087,0.686014,0.597943,-1.559975,1
4.522000,0.110447,0.046019,0.896172,-0.500454,1.502187,1
4.523000,0.110447,0.046019,0.896172,-0.500454,1.502173,1
4.524000,0.110447,0.042951,0.896172,-0.445870,1.454351,1
4.525000,0.107379,0.039884,0.896172,-0.402034,1.421890,1
4.526000,0.107379,0.039884,0.896172,-0.402034,1.421878,1
4.527000,0.107379,0.039884,0.896172,-0.402034,1.421866,1
4.528000,0.107379,0.039884,0.896172,-0.402034,1.421854,1
4.529000,0.104311,0.033748,0.896172,-0.389152,1.512664,1
4.530000,0.104311,0.033748,0.896172,-0.389152,1.512654,1
4.531000,0.104311,0.033748,0.896172,-0.389152,1.512644,1
4.532000,0.104311,0.033748,0.896172,-0.389152,1.512633,1
4.533000,0.104311,0.030680,0.896172,-0.389152,1.573984,1
4.534000,0.101243,0.030680,-0.858551,-0.389152,-0.786885,1
4.535000,0.101243,0.030680,-0.802317,-0.389152,-0.730660,1
4.536000,0.101243,0.030680,-0.753088,-0.389152,-0.681441,1
4.537000,0.095107,0.024544,-0.593197,-0.951640,1.313865,1
4.538000,0.095107,0.024544,-0.593197,-0.951640,1.313858,1
4.539000,0.095107,0.024544,-0.593197,-0.951640,1.313851,1
4.540000,0.095107,0.024544,-0.593197,-0.951640,1.313843,1
4.541000,0.095107,0.024544,-0.593197,-0.951640,1.313836,1
4.542000,0.095107,0.024544,-0.593197,-0.951640,1.313828,1
4.543000,0.095107,0.024544,-0.593197,-0.951640,1.313821,1
4.544000,0.095107,0.024544,-0.593197,-0.951640,1.313814,1
4.545000,0.095107,0.024544,-0.593197,-0.951640,1.313806,1
4.546000,0.095107,0.021476,-0.593197,-0.951640,1.375159,1
4.547000,0.095107,0.021476,-0.593197,-0.951640,1.375153,1
4.548000,0.095107,0.018408,-0.593197,-0.951640,1.436506,1
4.549000,0.095107,0.018408,-0.593197,-0.951640,1.436501,1
4.550000,0.095107,0.015340,-0.593197,-0.951640,1.497856,1
4.551000,0.095107,0.015340,-0.593197,-0.951640,1.497851,1
4.552000,0.092039,0.012272,-0.593197,-1.036713,1.723217,1
4.553000,0.092039,0.012272,-0.593197,-1.036713,1.723213,1
4.554000,0.092039,0.012272,-0.593197,-1.036713,1.723210,1
4.555000,0.092039,0.012272,-0.593197,-1.036713,1.723206,1
4.556000,0.092039,0.012272,-0.571876,-1.036713,1.744523,1
4.557000,0.092039,0.012272,-0.571876,-1.036713,1.744520,1
4.558000,0.092039,0.012272,-0.571876,-1.036713,1.744516,1
4.559000,0.092039,0.012272,-0.571876,-1.036713,1.744512,1
4.560000,0.092039,0.012272,-0.571876,-1.036713,1.744509,1
4.561000,0.092039,0.012272,-0.571876,-1.036713,1.744505,1
4.562000,0.092039,0.012272,-0.571876,-1.036713,1.744501,1
4.563000,0.092039,0.012272,-0.571876,-1.036713,1.744497,1
4.564000,0.095107,0.012272,-0.532096,-1.036713,1.790410,1
4.565000,0.095107,0.012272,-0.532096,-1.036713,1.790406,1
4.566000,0.095107,0.012272,-0.532096,-1.036713,1.790403,1
4.567000,0.098175,0.015340,-0.532096,0.860411,-2.659073,1
4.568000,0.098175,0.015340,-0.532096,0.860411,-2.659077,1
4.569000,0.098175,0.015340,-0.532096,0.860411,-2.659082,1
4.570000,0.098175,0.015340,-0.532096,0.860411,-2.659087,1
4.571000,0.098175,0.015340,-0.532096,0.860411,-2.659091,1
4.572000,0.098175,0.015340,-0.532096,0.860411,-2.659096,1
4.573000,0.098175,0.015340,-0.532096,0.860411,-2.659100,1
4.574000,0.101243,0.015340,-0.532096,0.710712,-2.353572,1
4.575000,0.101243,0.015340,-0.532096,0.710712,-2.353576,1
4.576000,0.101243,0.015340,-0.532096,0.710712,-2.353581,1
4.577000,0.104311,0.018408,-0.532096,0.605675,-2.198735,1
4.578000,0.107379,0.024544,0.683029,0.565323,-1.019496,1
4.579000,0.110447,0.027612,0.683029,0.565323,-1.074728,1
4.580000,0.110447,0.027612,0.683029,0.565323,-1.074736,1
4.581000,0.110447,0.027612,0.683029,0.565323,-1.074744,1
4.582000,0.110447,0.027612,0.683029,0.565323,-1.074753,1
4.583000,0.110447,0.027612,0.683029,0.565323,-1.074761,1
4.584000,0.110447,0.027612,0.683029,0.565323,-1.074769,1
4.585000,0.110447,0.027612,0.683029,0.565323,-1.074777,1
4.586000,0.110447,0.030680,0.683029,0.565323,-1.136146,1
4.587000,0.110447,0.030680,0.683029,0.565323,-1.136155,1
4.588000,0.110447,0.030680,0.683029,0.565323,-1.136164,1
4.589000,0.110447,0.030680,0.683029,0.565323,-1.136174,1
4.590000,0.110447,0.030680,0.683029,0.565323,-1.136183,1
4.591000,0.113515,0.030680,0.683029,0.565323,-1.130056,1
4.592000,0.113515,0.030680,0.683029,0.565323,-1.130065,1
4.593000,0.113515,0.030680,0.683029,0.565323,-1.130074,1
4.594000,0.113515,0.030680,0.683029,0.565323,-1.130084,1
4.595000,0.113515,0.030680,0.675668,0.565323,-1.137454,1
4.596000,0.113515,0.030680,0.640522,0.565323,-1.172609,1
4.597000,0.113515,0.030680,0.608695,0.565323,-1.204445,1
4.598000,0.113515,0.030680,0.579883,0.544036,-1.190693,1
4.599000,0.110447,0.030680,0.621026,0.521005,-1.109633,1
4.600000,0.110447,0.030680,0.621026,0.499788,-1.067210,1
4.601000,0.110447,0.030680,0.621026,0.480156,-1.027954,1
4.602000,0.110447,0.030680,0.621026,0.462087,-0.991825,1
4.603000,0.110447,0.030680,0.621026,0.445405,-0.958470,1
4.604000,0.110447,0.030680,0.621026,0.429807,-0.927284,1
4.605000,0.110447,0.030680,0.621026,0.415220,-0.898119,1
4.606000,0.110447,0.030680,0.621026,0.401630,-0.870947,1
4.607000,0.110447,0.030680,0.621026,0.388974,-0.845645,1
4.608000,0.110447,0.027612,0.621026,-0.376998,1.347649,1
4.609000,0.107379,0.027612,0.621026,-0.365698,1.318906,1
4.610000,0.107379,0.027612,0.621026,-0.355116,1.297733,1
4.611000,0.107379,0.024544,0.621026,-0.350393,1.349638,1
4.612000,0.107379,0.024544,0.621026,-0.350393,1.349631,1
4.613000,0.107379,0.021476,0.621026,-0.350393,1.410983,1
4.614000,0.107379,0.021476,0.621026,-0.350393,1.410977,1
4.615000,0.107379,0.024544,0.621026,-0.350393,1.349610,1
4.616000,0.107379,0.024544,0.621026,-0.350393,1.349603,1
4.617000,0.107379,0.024544,0.621026,-0.350393,1.349596,1
4.618000,0.107379,0.024544,0.621026,-0.350393,1.349588,1
4.619000,0.107379,0.024544,-0.604797,-0.350393,-0.476242,1
4.620000,0.107379,0.024544,-0.576428,-0.350393,0.000000,1
4.621000,0.107379,0.024544,-0.550581,-0.350393,0.000000,1
4.622000,0.107379,0.024544,-0.527067,-0.350393,0.000000,1
4.623000,0.107379,0.024544,-0.505415,-0.350393,0.000000,1
4.624000,0.107379,0.024544,-0.485370,-0.350393,0.000000,1
4.625000,0.110447,0.024544,0.466829,-0.350393,1.201476,1
4.626000,0.110447,0.024544,0.449755,-0.350393,1.184395,1
4.627000,0.110447,0.024544,0.433848,-0.350393,1.168480,1
4.628000,0.110447,0.024544,0.419078,-0.350393,1.153703,1
4.629000,0.110447,0.024544,0.405170,-0.350393,1.139788,1
4.630000,0.110447,0.024544,0.392209,-0.350393,1.126819,1
4.631000,0.110447,0.024544,0.380057,-0.350393,1.114660,1
4.632000,0.110447,0.024544,0.368633,-0.350393,1.103228,1
4.633000,0.110447,0.024544,0.357914,-0.350393,1.092503,1
4.634000,0.113515,0.024544,0.347831,-0.350393,1.088548,1
4.635000,0.113515,0.024544,0.338165,-0.350393,1.078874,1
4.636000,0.113515,0.027612,0.320512,-0.350393,0.999854,1
4.637000,0.113515,0.027612,0.320512,-0.350393,0.999846,1
4.638000,0.113515,0.027612,0.312399,-0.350393,0.991724,1
4.639000,0.116583,0.030680,0.304583,-0.350393,0.928676,1
4.640000,0.116583,0.030680,0.297248,-0.350393,0.921332,1
4.641000,0.116583,0.030680,0.290194,-0.350393,0.914268,1
4.642000,0.116583,0.030680,0.283492,-0.350393,0.907557,1
4.643000,0.119651,0.030680,0.286779,-0.350393,0.916971,1
4.644000,0.119651,0.030680,0.286779,-0.350393,0.916962,1
4.645000,0.119651,0.033748,0.286779,0.363752,-1.172697,1
4.646000,0.119651,0.033748,0.286779,0.363752,-1.172707,1
4.647000,0.119651,0.036816,0.286779,0.363752,-1.234078,1
4.648000,0.122718,0.039884,0.286779,0.363752,-1.289313,1
4.649000,0.122718,0.039884,0.286779,0.363752,-1.289325,1
4.650000,0.122718,0.042951,0.286779,0.363752,-1.350697,1
4.651000,0.122718,0.042951,0.286779,0.363752,-1.350710,1
4.652000,0.125786,0.046019,0.286779,1.172689,-3.023820,1
4.653000,0.125786,0.046019,0.286779,1.172689,-3.023834,1
4.654000,0.122718,0.046019,0.579022,1.172689,-2.737740,1
4.655000,0.122718,0.046019,0.579022,1.172689,-2.737754,1
4.656000,0.119651,0.042951,0.579022,-0.920972,2.104777,1
4.657000,0.116583,0.036816,0.579022,-0.754000,1.887406,1
4.658000,0.116583,0.036816,0.579022,-0.754000,1.887395,1
4.659000,0.113515,0.036816,0.579022,-0.754000,1.881248,1
4.660000,0.113515,0.036816,0.579022,-0.754000,1.881237,1
4.661000,0.113515,0.033748,0.579022,-0.754000,1.942586,1
4.662000,0.113515,0.036816,-0.575917,-0.754000,0.726276,1
4.663000,0.113515,0.036816,-0.504881,-0.754000,0.797301,1
4.664000,0.116583,0.039884,0.433468,0.643968,-1.715522,1
4.665000,0.116583,0.039884,0.418684,0.611871,-1.666123,1
4.666000,0.116583,0.039884,0.418684,0.611871,-1.666135,1
4.667000,0.116583,0.039884,0.418684,0.611871,-1.666147,1
4.668000,0.116583,0.039884,0.418684,0.611871,-1.666159,1
4.669000,0.116583,0.039884,0.418684,0.611871,-1.666171,1
4.670000,0.116583,0.039884,0.418684,0.611871,-1.666183,1
4.671000,0.116583,0.039884,0.418684,0.611871,-1.666195,1
4.672000,0.116583,0.039884,0.418684,0.611871,-1.666207,1
4.673000,0.116583,0.039884,0.418684,0.611871,-1.666219,1
4.674000,0.116583,0.039884,0.418684,0.611871,-1.666231,1
4.675000,0.116583,0.039884,0.418684,0.611871,-1.666243,1
4.676000,0.116583,0.039884,0.418684,0.611871,-1.666255,1
4.677000,0.116583,0.039884,0.418684,0.611871,-1.666266,1
4.678000,0.116583,0.039884,0.418684,0.611871,-1.666278,1
4.679000,0.116583,0.039884,0.418684,0.611871,-1.666290,1
4.680000,0.116583,0.039884,0.418684,0.611871,-1.666302,1
4.681000,0.116583,0.039884,0.418684,0.611871,-1.666314,1
4.682000,0.116583,0.039884,0.418684,0.611871,-1.666326,1
4.683000,0.116583,0.039884,0.418684,0.611871,-1.666338,1
4.684000,0.116583,0.039884,0.418684,0.611871,-1.666350,1
4.685000,0.116583,0.039884,0.418684,0.611871,-1.666362,1
4.686000,0.116583,0.039884,0.418684,0.611871,-1.666374,1
4.687000,0.116583,0.039884,0.418684,0.611871,-1.666386,1
4.688000,0.116583,0.039884,0.418684,0.611871,-1.666398,1
4.689000,0.116583,0.039884,0.418684,0.611871,-1.666410,1
4.690000,0.116583,0.039884,0.418684,0.611871,-1.666422,1
4.691000,0.116583,0.039884,0.418684,0.611871,-1.666434,1
4.692000,0.116583,0.042951,0.404955,0.582987,-1.683768,1
4.693000,0.116583,0.042951,0.391908,0.556325,-1.643503,1
4.694000,0.116583,0.046019,0.379839,0.532315,-1.668925,1
4.695000,0.116583,0.049087,0.368454,0.532030,-1.741114,1
4.696000,0.116583,0.049087,0.357688,0.532030,-1.751895,1
4.697000,0.116583,0.049087,0.347593,0.532030,-1.762004,1
4.698000,0.116583,0.049087,0.338049,0.532030,-1.771562,1
4.699000,0.116583,0.049087,0.328888,0.532030,-1.780739,1
4.700000,0.116583,0.049087,0.320332,0.532030,-1.789309,1
4.701000,0.116583,0.049087,0.312212,0.532030,-1.797444,1
4.702000,0.116583,0.049087,0.304447,0.532030,-1.805223,1
4.703000,0.116583,0.049087,0.297065,0.532030,-1.812621,1
4.704000,0.116583,0.049087,0.290061,0.532030,-1.819640,1
4.705000,0.113515,0.049087,-0.283344,0.532030,-2.399195,1
4.706000,0.113515,0.049087,-0.276949,0.532030,-2.392815,1
4.707000,0.113515,0.049087,-0.270819,0.532030,-2.386700,1
4.708000,0.113515,0.049087,-0.264973,0.532030,-2.380868,1
4.709000,0.110447,0.049087,-0.756995,0.532030,-2.879041,1
4.710000,0.110447,0.049087,-0.756995,0.532030,-2.879055,1
4.711000,0.110447,0.046019,-0.756995,0.532030,-2.817710,1
4.712000,0.107379,0.046019,-0.756995,0.532030,-2.823860,1
4.713000,0.107379,0.046019,-0.756995,0.532030,-2.823874,1
4.714000,0.104311,0.042951,-0.756995,0.532030,-2.768663,1
4.715000,0.104311,0.042951,-0.756995,0.532030,-2.768676,1
4.716000,0.101243,0.042951,-0.756995,0.532030,-2.774825,1
4.717000,0.098175,0.039884,-0.286415,-0.550817,0.516659,1
4.718000,0.098175,0.039884,-0.286415,-0.550817,0.516647,1
4.719000,0.095107,0.036816,-0.286415,-0.550817,0.571859,1
4.720000,0.095107,0.033748,-0.286415,-0.550817,0.633208,1
4.721000,0.092039,0.033748,-0.286415,-0.550817,0.627062,1
4.722000,0.088971,0.030680,-0.286415,-0.550817,0.682277,1
4.723000,0.088971,0.027612,-0.286415,-1.922315,3.486624,1
4.724000,0.085903,0.027612,-1.777112,-1.922315,1.989783,1
4.725000,0.085903,0.024544,-1.777112,-1.922315,2.051135,1
4.726000,0.082835,0.024544,-1.777112,-1.922315,2.044992,1
4.727000,0.082835,0.024544,-1.777112,-1.922315,2.044985,1
4.728000,0.079767,0.024544,-1.777112,-1.922315,2.038841,1
4.729000,0.079767,0.024544,-1.777112,-1.922315,2.038834,1
4.730000,0.079767,0.024544,-1.777112,-1.922315,2.038826,1
4.731000,0.079767,0.024544,-1.777112,-1.922315,2.038819,1
4.732000,0.079767,0.024544,-1.777112,-1.922315,2.038812,1
4.733000,0.079767,0.021476,-1.777112,-1.922315,2.100165,1
4.734000,0.073631,0.021476,-1.750575,-1.189515,0.648823,1
4.735000,0.073631,0.021476,-1.750575,-1.189515,0.648817,1
4.736000,0.073631,0.021476,-1.750575,-1.189515,0.648810,1
4.737000,0.073631,0.018408,-1.750575,-1.084105,0.499344,1
4.738000,0.073631,0.018408,-1.750575,-1.084105,0.499339,1
4.739000,0.073631,0.018408,-1.750575,-1.084105,0.499333,1
4.740000,0.070563,0.018408,-1.750575,-0.856834,-0.561351,1
4.741000,0.067495,0.021476,-1.223038,0.635178,-3.085340,1
4.742000,0.067495,0.021476,-1.223038,0.635178,-3.085346,1
4.743000,0.067495,0.021476,-1.223038,0.635178,-3.085353,1
4.744000,0.067495,0.021476,-1.223038,0.635178,-3.085359,1
4.745000,0.067495,0.021476,-1.223038,0.635178,-3.085366,1
4.746000,0.067495,0.021476,-1.223038,0.635178,-3.085372,1
4.747000,0.067495,0.021476,-1.112038,0.603873,-2.911768,1
4.748000,0.064427,0.021476,-0.816126,0.504534,-2.423320,1
4.749000,0.064427,0.021476,-0.816126,0.504534,-2.423327,1
4.750000,0.064427,0.018408,-0.765194,-0.484594,0.000000,1
4.751000,0.064427,0.018408,-0.765194,-0.484594,0.000000,1
4.752000,0.064427,0.018408,-0.765194,-0.484594,0.000000,1
4.753000,0.061359,0.018408,-0.881043,-0.449202,-0.525571,1
4.754000,0.061359,0.018408,-0.881043,-0.449202,-0.525576,1
4.755000,0.061359,0.018408,-0.881043,-0.449202,-0.525582,1
4.756000,0.058291,0.015340,-0.881043,-0.426173,-0.516421,1
4.757000,0.058291,0.015340,-0.881043,-0.426173,-0.516425,1
4.758000,0.058291,0.015340,-0.881043,-0.426173,-0.516430,1
4.759000,0.052155,0.009204,-0.881043,-0.426173,0.000000,1
4.760000,0.052155,0.009204,-0.881043,-0.426173,0.000000,1
4.761000,0.052155,0.009204,-0.881043,-0.426173,0.000000,1
4.762000,0.049087,0.006136,-0.987758,-0.426173,-0.457484,1
4.763000,0.049087,0.006136,-0.987758,-0.426173,-0.457486,1
4.764000,0.049087,0.006136,-0.987758,-0.426173,-0.457488,1
4.765000,0.042951,0.003068,-0.987758,-1.296727,1.932706,1
4.766000,0.042951,0.003068,-0.987758,-1.296727,1.932705,1
4.767000,0.042951,0.003068,-0.987758,-1.296727,1.932704,1
4.768000,0.036816,0.000000,-1.622086,-1.296727,1.347463,1
4.769000,0.036816,0.000000,-1.622086,-1.296727,1.347463,1
4.770000,0.036816,0.000000,-1.622086,-1.296727,1.347463,1
4.771000,0.033748,-0.003068,-1.622086,-1.296727,1.402687,1
4.772000,0.033748,-0.003068,-1.622086,-1.296727,1.402688,1
4.773000,0.033748,-0.003068,-1.622086,-1.296727,1.402689,1
4.774000,0.027612,-0.009204,-1.622086,-1.389427,1.698539,1
4.775000,0.021476,-0.012272,-1.780385,-1.389427,1.589331,1
4.776000,0.018408,-0.015340,-1.780385,-1.389427,1.644559,1
4.777000,0.018408,-0.015340,-1.780385,-1.389427,1.644564,1
4.778000,0.018408,-0.018408,-1.780385,-1.389427,1.705928,1
4.779000,0.015340,-0.018408,-1.684527,-1.329083,1.674967,1
4.780000,0.015340,-0.018408,-1.480952,-1.199039,1.618460,1
4.781000,0.012272,-0.018408,-1.557983,-1.092878,1.322975,1
4.782000,0.012272,-0.018408,-1.557983,-1.003250,1.143725,1
4.783000,0.012272,-0.021476,-1.557983,-0.991614,1.181820,1
4.784000,0.009204,-0.021476,-1.557983,-0.991614,1.175690,1
4.785000,0.009204,-0.021476,-1.557983,-0.991614,1.175697,1
4.786000,0.009204,-0.021476,-1.557983,-0.991614,1.175703,1
4.787000,0.009204,-0.021476,-1.557983,-0.991614,1.175710,1
4.788000,0.006136,-0.021476,-1.557983,-0.991614,1.169580,1
4.789000,0.006136,-0.021476,-1.483194,-0.991614,1.244376,1
4.790000,0.006136,-0.021476,-1.323219,-0.991614,1.404357,1
4.791000,0.006136,-0.021476,-1.194368,-0.991614,1.533215,1
4.792000,0.006136,-0.021476,-1.088703,-0.991614,1.638886,1
4.793000,0.003068,-0.021476,-1.000661,-0.991614,1.720799,1
4.794000,0.003068,-0.021476,-1.000661,-0.991614,1.720805,1
4.795000,0.003068,-0.021476,-1.000661,-0.991614,1.720811,1
4.796000,0.003068,-0.021476,-1.000661,-0.991614,1.720818,1
4.797000,0.003068,-0.021476,-1.000661,-0.991614,1.720824,1
4.798000,0.003068,-0.021476,-0.924774,-0.991614,1.796718,1
4.799000,0.003068,-0.021476,-0.924774,-0.991614,1.796724,1
4.800000,0.003068,-0.021476,-0.754025,-0.826151,1.636553,1
4.801000,0.003068,-0.021476,-0.754025,-0.826151,1.636559,1
4.802000,0.003068,-0.021476,-0.754025,-0.826151,1.636566,1
4.803000,0.003068,-0.021476,-0.636749,-0.687430,1.476406,1
4.804000,0.003068,-0.021476,-0.636749,-0.687430,1.476413,1
4.805000,0.003068,-0.018408,-0.551081,0.588640,-1.651412,1
4.806000,0.003068,-0.018408,-0.551081,0.588640,-1.651406,1
4.807000,0.003068,-0.018408,-0.551081,0.588640,-1.651401,1
4.808000,0.003068,-0.018408,-0.505538,0.536968,-1.502510,1
4.809000,0.003068,-0.018408,-0.505538,0.536968,-1.502504,1
4.810000,0.003068,-0.018408,-0.505538,0.536968,-1.502499,1
4.811000,0.003068,-0.018408,-0.505538,0.536968,-1.502493,1
4.812000,0.003068,-0.018408,-0.505538,0.536968,-1.502488,1
4.813000,0.003068,-0.018408,-0.505538,0.536968,-1.502482,1
4.814000,0.003068,-0.015340,-0.450032,0.474771,-1.383936,1
4.815000,0.003068,-0.015340,-0.450032,0.474771,-1.383931,1
4.816000,0.006136,-0.006136,0.380212,0.467388,-0.716861,1
4.817000,0.006136,-0.003068,0.338308,0.467388,-0.820124,1
4.818000,0.006136,-0.003068,0.329211,0.467388,-0.829220,1
4.819000,0.006136,-0.003068,0.320639,0.467388,-0.837791,1
4.820000,0.006136,-0.003068,0.312454,0.467388,-0.845975,1
4.821000,0.006136,-0.003068,0.304751,0.467388,-0.853677,1
4.822000,0.006136,-0.003068,0.297322,0.467388,-0.861106,1
4.823000,0.006136,-0.003068,0.290305,0.467388,-0.868121,1
4.824000,0.006136,-0.003068,0.290305,0.467388,-0.868120,1
4.825000,0.006136,-0.003068,0.290305,0.467388,-0.868119,1
4.826000,0.006136,-0.003068,0.290305,0.467388,-0.868118,1
4.827000,0.006136,-0.003068,0.290305,0.467388,-0.868118,1
4.828000,0.006136,0.000000,0.283576,0.831891,-1.665211,1
4.829000,0.006136,0.000000,0.283576,0.831891,-1.665211,1
4.830000,0.006136,0.000000,0.283576,0.831891,-1.665211,1
4.831000,0.003068,0.000000,-0.259597,0.831891,-2.214520,1
4.832000,0.003068,0.000000,-0.259597,0.831891,-2.214520,1
4.833000,0.003068,0.000000,-0.259597,0.831891,-2.214520,1
4.834000,0.003068,0.000000,-0.244099,0.831891,-2.199022,1
4.835000,0.003068,0.000000,-0.230365,0.831891,-2.185289,1
4.836000,0.003068,0.000000,-0.230365,0.831891,-2.185289,1
4.837000,0.003068,0.000000,-0.230365,0.831891,-2.185289,1
4.838000,0.003068,0.000000,-0.230365,0.831891,-2.185289,1
4.839000,0.003068,0.000000,-0.230365,0.831891,-2.185289,1
4.840000,0.003068,0.000000,-0.230365,0.831891,-2.185289,1
4.841000,0.003068,0.000000,-0.230365,0.831891,-2.185289,1
4.842000,0.003068,0.000000,-0.230365,0.831891,-2.185289,1
4.843000,0.000000,0.000000,-1.051489,0.831891,-3.012549,1
4.844000,0.000000,0.000000,-1.051489,0.831891,-3.012549,1
4.845000,0.000000,0.000000,-1.051489,0.831891,-3.012549,1
4.846000,-0.006136,-0.006136,-1.051489,-0.618140,0.597960,1
4.847000,-0.006136,-0.006136,-1.051489,-0.618140,0.597962,1
4.848000,-0.006136,-0.006136,-1.051489,-0.618140,0.597964,1
4.849000,-0.006136,-0.006136,-1.051489,-0.618140,0.597966,1
4.850000,-0.006136,-0.006136,-1.051489,-0.618140,0.597968,1
4.851000,-0.006136,-0.006136,-1.051489,-0.618140,0.597970,1
4.852000,-0.012272,-0.009204,-0.228145,-0.546636,1.327397,1
4.853000,-0.012272,-0.009204,-0.228145,-0.546636,1.327400,1
4.854000,-0.012272,-0.009204,-0.228145,-0.546636,1.327403,1
4.855000,-0.021476,-0.018408,-0.228145,-0.546636,1.493078,1
4.856000,-0.021476,-0.018408,-0.228145,-0.546636,1.493084,1
4.857000,-0.021476,-0.018408,-0.228145,-0.546636,1.493089,1
4.858000,-0.021476,-0.018408,-0.228145,-0.546636,1.493095,1
4.859000,-0.021476,-0.018408,-0.228145,-0.546636,1.493100,1
4.860000,-0.021476,-0.018408,-0.228145,-0.546636,1.493106,1
4.861000,-0.027612,-0.024544,-1.556896,-1.628223,2.437982,1
4.862000,-0.027612,-0.024544,-1.556896,-1.628223,2.437989,1
4.863000,-0.027612,-0.024544,-1.556896,-1.628223,2.437997,1
4.864000,-0.042951,-0.039884,-2.148072,-2.683471,4.233445,1
4.865000,-0.042951,-0.039884,-2.148072,-2.683471,4.233457,1
4.866000,-0.042951,-0.039884,-2.148072,-2.683471,4.233469,1
4.867000,-0.042951,-0.039884,-2.148072,-2.683471,4.233481,1
4.868000,-0.042951,-0.039884,-2.148072,-2.683471,4.233493,1
4.869000,-0.049087,-0.042951,-2.143185,-1.952751,2.826041,1
4.870000,-0.049087,-0.042951,-2.143185,-1.952751,2.826054,1
4.871000,-0.049087,-0.042951,-2.143185,-1.952751,2.826067,1
4.872000,-0.049087,-0.042951,-2.143185,-1.952751,2.826080,1
4.873000,-0.055223,-0.049087,-2.143185,-1.681856,2.394751,1
4.874000,-0.055223,-0.049087,-2.143185,-1.681856,2.394765,1
4.875000,-0.055223,-0.049087,-2.143185,-1.681856,2.394780,1
4.876000,-0.055223,-0.049087,-2.143185,-1.681856,2.394795,1
4.877000,-0.055223,-0.049087,-2.143185,-1.681856,2.394810,1
4.878000,-0.055223,-0.049087,-2.143185,-1.681856,2.394824,1
4.879000,-0.061359,-0.055223,-1.783072,-1.539138,2.579965,1
4.880000,-0.061359,-0.055223,-1.783072,-1.539138,2.579981,1
4.881000,-0.061359,-0.055223,-1.783072,-1.539138,2.579998,1
4.882000,-0.061359,-0.055223,-1.783072,-0.878149,1.258037,1
4.883000,-0.061359,-0.055223,-1.209426,-0.683069,1.441540,1
4.884000,-0.061359,-0.052155,-1.100955,0.647063,-1.771599,1
4.885000,-0.061359,-0.052155,-1.009370,0.614304,-1.614478,1
4.886000,-0.061359,-0.049087,-0.932599,0.599867,-1.570179,1
4.887000,-0.061359,-0.049087,-0.932599,0.599867,-1.570164,1
4.888000,-0.061359,-0.049087,-0.932599,0.599867,-1.570149,1
4.889000,-0.061359,-0.046019,-0.866718,0.599867,-1.565614,1
4.890000,-0.061359,-0.046019,-0.866718,0.599867,-1.565600,1
4.891000,-0.061359,-0.046019,-0.866718,0.599867,-1.565586,1
4.892000,-0.061359,-0.046019,-0.759550,0.599867,-1.458404,1
4.893000,-0.061359,-0.046019,-0.759550,0.599867,-1.458391,1
4.894000,-0.061359,-0.046019,-0.759550,0.599867,-1.458377,1
4.895000,-0.061359,-0.046019,-0.759550,0.599867,-1.458363,1
4.896000,-0.061359,-0.046019,-0.759550,0.599867,-1.458349,1
4.897000,-0.061359,-0.046019,-0.759550,0.599867,-1.458335,1
4.898000,-0.061359,-0.046019,-0.640657,0.599867,-1.339429,1
4.899000,-0.061359,-0.046019,-0.640657,0.599867,-1.339415,1
4.900000,-0.061359,-0.046019,-0.640657,0.599867,-1.339401,1
4.901000,-0.061359,-0.046019,-0.487791,0.599867,-1.186521,1
4.902000,-0.061359,-0.046019,-0.487791,0.599867,-1.186507,1
4.903000,-0.061359,-0.046019,-0.487791,0.599867,-1.186493,1
4.904000,-0.061359,-0.046019,-0.487791,0.599867,-1.186480,1
4.905000,-0.061359,-0.046019,-0.487791,0.599867,-1.186466,1
4.906000,-0.061359,-0.046019,-0.487791,0.599867,-1.186452,1
4.907000,-0.064427,-0.046019,-0.435910,0.599867,-1.140694,1
4.908000,-0.064427,-0.046019,-0.435910,0.599867,-1.140680,1
4.909000,-0.064427,-0.046019,-0.435910,0.599867,-1.140666,1
4.910000,-0.067495,-0.049087,-0.359293,-0.569976,1.930875,1
4.911000,-0.067495,-0.049087,-0.359293,-0.569976,1.930890,1
4.912000,-0.067495,-0.049087,-0.359293,-0.569976,1.930905,1
4.913000,-0.073631,-0.052155,-0.330314,-0.500339,1.869715,1
4.914000,-0.073631,-0.052155,-0.330314,-0.500339,1.869730,1
4.915000,-0.073631,-0.052155,-0.330314,-0.500339,1.869746,1
4.916000,-0.076699,-0.058291,-0.328965,-0.459105,1.905226,1
4.917000,-0.076699,-0.058291,-0.328965,-0.459105,1.905243,1
4.918000,-0.082835,-0.061359,-0.328965,-0.459105,1.954349,1
4.919000,-0.082835,-0.061359,-0.328965,-0.459105,1.954367,1
4.920000,-0.082835,-0.061359,-0.328965,-0.459105,1.954386,1
4.921000,-0.082835,-0.061359,-0.328965,-0.459105,1.954404,1
4.922000,-0.082835,-0.061359,-0.328965,-0.459105,1.954423,1
4.923000,-0.082835,-0.061359,-0.328965,-0.459105,1.954441,1
4.924000,-0.082835,-0.061359,-0.328965,-0.459105,1.954459,1
4.925000,-0.082835,-0.061359,-0.328965,-0.459105,1.954478,1
4.926000,-0.082835,-0.061359,-0.328965,-0.459105,1.954496,1
4.927000,-0.082835,-0.061359,-0.328965,-0.459105,1.954515,1
4.928000,-0.082835,-0.064427,-0.328965,-0.459105,2.015893,1
4.929000,-0.082835,-0.064427,-0.328965,-0.459105,2.015912,1
4.930000,-0.082835,-0.064427,-0.328965,-0.459105,2.015932,1
4.931000,-0.082835,-0.064427,-0.328965,-0.459105,2.015951,1
4.932000,-0.082835,-0.064427,-0.328965,-0.459105,2.015970,1
4.933000,-0.082835,-0.064427,-0.328965,-0.459105,2.015990,1
4.934000,-0.082835,-0.064427,-0.328965,-0.459105,2.016009,1
4.935000,-0.082835,-0.064427,-0.328965,-0.459105,2.016028,1
4.936000,-0.082835,-0.064427,-0.328965,-0.459105,2.016048,1
4.937000,-0.082835,-0.061359,-0.328965,-0.564350,2.165197,1
4.938000,-0.082835,-0.061359,-0.328965,-0.564350,2.165216,1
4.939000,-0.082835,-0.061359,-0.328965,-0.564350,2.165234,1
4.940000,-0.079767,-0.061359,-0.924040,-0.564350,1.576313,1
4.941000,-0.079767,-0.061359,-0.924040,-0.564350,1.576332,1
4.942000,-0.079767,-0.061359,-0.924040,-0.564350,1.576350,1
4.943000,-0.076699,-0.058291,-0.924040,-0.564350,1.521144,1
4.944000,-0.076699,-0.058291,-0.924040,-0.564350,1.521162,1
4.945000,-0.076699,-0.058291,-0.924040,-0.564350,1.521179,1
4.946000,-0.073631,-0.055223,-0.924040,-0.564350,1.465972,1
4.947000,-0.073631,-0.055223,-0.924040,-0.564350,1.465989,1
4.948000,-0.073631,-0.055223,-0.924040,-0.564350,1.466005,1
4.949000,-0.070563,-0.052155,-0.924040,-0.564350,1.410798,1
4.950000,-0.070563,-0.052155,-0.924040,-0.564350,1.410813,1
4.951000,-0.070563,-0.052155,-0.924040,-0.564350,1.410829,1
4.952000,-0.064427,-0.049087,0.518014,0.914657,-0.754202,1
4.953000,-0.064427,-0.049087,0.518014,0.914657,-0.754187,1
4.954000,-0.064427,-0.049087,0.518014,0.914657,-0.754173,1
4.955000,-0.061359,-0.042951,0.518014,0.914657,-0.870742,1
4.956000,-0.061359,-0.042951,0.518014,0.914657,-0.870729,1
4.957000,-0.055223,-0.036816,1.407230,1.619250,-1.501136,1
4.958000,-0.055223,-0.036816,1.407230,1.619250,-1.501125,1
4.959000,-0.055223,-0.036816,1.407230,1.619250,-1.501114,1
4.960000,-0.055223,-0.036816,1.407230,1.619250,-1.501103,1
4.961000,-0.055223,-0.036816,1.407230,1.619250,-1.501092,1
4.962000,-0.055223,-0.036816,1.407230,1.619250,-1.501081,1
4.963000,-0.055223,-0.036816,1.407230,1.619250,-1.501070,1
4.964000,-0.052155,-0.033748,1.407230,1.619250,-1.556283,1
4.965000,-0.042951,-0.024544,1.572832,1.388851,-1.095545,1
4.966000,-0.039884,-0.024544,1.572832,1.388851,-1.089402,1
4.967000,-0.039884,-0.021476,1.572832,1.388851,-1.150755,1
4.968000,-0.039884,-0.021476,1.572832,1.388851,-1.150748,1
4.969000,-0.036816,-0.021476,1.572832,1.388851,-1.144606,1
4.970000,-0.036816,-0.021476,1.572832,1.388851,-1.144599,1
4.971000,-0.036816,-0.021476,1.572832,1.388851,-1.144593,1
4.972000,-0.036816,-0.021476,1.572832,1.388851,-1.144587,1
4.973000,-0.036816,-0.021476,1.572832,1.388851,-1.144580,1
4.974000,-0.036816,-0.021476,1.572832,1.388851,-1.144574,1
4.975000,-0.036816,-0.018408,1.467566,1.388851,-1.311193,1
4.976000,-0.036816,-0.018408,1.467566,1.388851,-1.311188,1
4.977000,-0.036816,-0.018408,1.467566,1.388851,-1.311182,1
4.978000,-0.033748,-0.018408,0.992909,1.093477,-1.188950,1
4.979000,-0.030680,-0.015340,1.247546,0.805791,0.000000,1
4.980000,-0.030680,-0.015340,1.247546,0.756445,0.000000,1
4.981000,-0.030680,-0.015340,1.247546,0.712482,0.000000,1
4.982000,-0.030680,-0.015340,1.247546,0.712482,0.000000,1
4.983000,-0.030680,-0.015340,1.247546,0.712482,0.000000,1
4.984000,-0.030680,-0.015340,1.247546,0.673317,0.450810,1
4.985000,-0.030680,-0.015340,1.247546,0.673317,0.450814,1
4.986000,-0.030680,-0.015340,1.247546,0.673317,0.450819,1
4.987000,-0.030680,-0.015340,1.247546,0.673317,0.450824,1
4.988000,-0.027612,-0.015340,1.247546,0.606970,0.589658,1
4.989000,-0.027612,-0.015340,1.247546,0.606970,0.589663,1
4.990000,-0.027612,-0.015340,1.247546,0.606970,0.589667,1
4.991000,-0.027612,-0.012272,0.995803,0.573211,0.000000,1
4.992000,-0.024544,-0.012272,0.751544,0.573211,-0.494032,1
4.993000,-0.024544,-0.012272,0.708149,0.573211,-0.537423,1
4.994000,-0.024544,-0.012272,0.669633,0.573211,-0.575936,1
4.995000,-0.024544,-0.012272,0.669633,0.573211,-0.575932,1
4.996000,-0.024544,-0.012272,0.669633,0.573211,-0.575928,1
4.997000,-0.024544,-0.012272,0.669633,0.573211,-0.575925,1
4.998000,-0.024544,-0.012272,0.669633,0.573211,-0.575921,1
4.999000,-0.024544,-0.012272,0.669633,0.573211,-0.575917,1
5.000000,-0.024544,-0.012272,0.669633,0.573211,-0.575914,1
5.001000,-0.024544,-0.012272,0.634907,0.573211,-0.610636,1
5.002000,-0.024544,-0.012272,0.634907,0.573211,-0.610632,1
5.003000,-0.024544,-0.012272,0.634907,0.573211,-0.610628,1
5.004000,-0.021476,-0.012272,0.484536,0.573211,-0.754860,1
5.005000,-0.021476,-0.012272,0.484536,0.573211,-0.754856,1
5.006000,-0.021476,-0.012272,0.484536,0.573211,-0.754852,1
5.007000,-0.021476,-0.012272,0.433281,0.573211,-0.806103,1
5.008000,-0.021476,-0.012272,0.379626,0.537716,-0.788766,1
5.009000,-0.021476,-0.012272,0.368236,0.515147,-0.755013,1
5.010000,-0.021476,-0.012272,0.368236,0.515147,-0.755010,1
5.011000,-0.021476,-0.012272,0.368236,0.515147,-0.755006,1
5.012000,-0.021476,-0.012272,0.357565,0.494502,-0.724383,1
5.013000,-0.021476,-0.012272,0.337826,0.457530,-0.670174,1
5.014000,-0.021476,-0.012272,0.337826,0.457530,-0.670170,1
5.015000,-0.021476,-0.012272,0.337826,0.457530,-0.670167,1
5.016000,-0.021476,-0.012272,0.337826,0.457530,-0.670163,1
5.017000,-0.021476,-0.015340,0.328740,-0.441022,1.779218,1
5.018000,-0.021476,-0.015340,0.328740,-0.441022,1.779222,1
5.019000,-0.021476,-0.015340,0.328740,-0.441022,1.779227,1
5.020000,-0.021476,-0.015340,0.328740,-0.441022,1.779231,1
5.021000,-0.021476,-0.015340,0.328740,-0.441022,1.779236,1
5.022000,-0.021476,-0.015340,0.328740,-0.441022,1.779241,1
5.023000,-0.021476,-0.015340,0.296935,-0.385611,1.636619,1
5.024000,-0.021476,-0.015340,0.296935,-0.385611,1.636623,1
5.025000,-0.021476,-0.015340,0.296935,-0.385611,1.636628,1
5.026000,-0.021476,-0.015340,0.296935,-0.385611,1.636633,1
5.027000,-0.021476,-0.015340,0.296935,-0.385611,1.636637,1
5.028000,-0.021476,-0.015340,0.296935,-0.385611,1.636642,1
5.029000,-0.021476,-0.021476,0.259294,-0.329551,1.609605,1
5.030000,-0.021476,-0.021476,0.259294,-0.329551,1.609612,1
5.031000,-0.021476,-0.021476,0.259294,-0.329551,1.609618,1
5.032000,-0.021476,-0.021476,0.259294,-0.329551,1.609625,1
5.033000,-0.021476,-0.021476,0.259294,-0.329551,1.609631,1
5.034000,-0.021476,-0.021476,0.259294,-0.329551,1.609638,1
5.035000,-0.021476,-0.027612,0.230131,-0.329551,1.703202,1
5.036000,-0.021476,-0.027612,0.230131,-0.329551,1.703210,1
5.037000,-0.021476,-0.027612,0.230131,-0.329551,1.703219,1
5.038000,-0.021476,-0.027612,0.230131,-0.329551,1.703227,1
5.039000,-0.021476,-0.027612,0.230131,-0.329551,1.703235,1
5.040000,-0.021476,-0.027612,0.230131,-0.329551,1.703243,1
5.041000,-0.021476,-0.027612,0.206840,-0.329551,1.679961,1
5.042000,-0.021476,-0.027612,0.206840,-0.329551,1.679969,1
5.043000,-0.021476,-0.027612,0.206840,-0.329551,1.679977,1
5.044000,-0.018408,-0.027612,0.534737,-0.329551,2.014019,1
5.045000,-0.015340,-0.027612,0.534737,-0.329551,2.020163,1
5.046000,-0.015340,-0.024544,0.534737,-0.526837,2.353383,1
5.047000,-0.015340,-0.024544,0.534737,-0.526837,2.353391,1
5.048000,-0.015340,-0.024544,0.534737,-0.526837,2.353398,1
5.049000,-0.015340,-0.024544,0.534737,-0.526837,2.353405,1
5.050000,-0.012272,-0.024544,0.534737,-0.526837,2.359549,1
5.051000,-0.012272,-0.024544,0.534737,-0.526837,2.359556,1
5.052000,-0.012272,-0.024544,0.534737,-0.526837,2.359563,1
5.053000,-0.009204,-0.024544,0.534737,-0.526837,2.365707,1
5.054000,-0.009204,-0.024544,0.534737,-0.526837,2.365714,1
5.055000,-0.009204,-0.024544,0.534737,-0.526837,2.365721,1
5.056000,-0.009204,-0.024544,0.534737,-0.526837,2.365729,1
5.057000,-0.009204,-0.024544,0.534737,-0.526837,2.365736,1
5.058000,-0.009204,-0.024544,0.534737,-0.526837,2.365743,1
5.059000,-0.006136,-0.021476,0.223506,-0.526837,1.999295,1
5.060000,-0.006136,-0.021476,0.223506,-0.526837,1.999301,1
5.061000,-0.006136,-0.021476,0.223506,-0.526837,1.999308,1
5.062000,-0.006136,-0.021476,0.223506,-0.526837,1.999314,1
5.063000,-0.006136,-0.021476,0.223506,-0.526837,1.999321,1
5.064000,-0.006136,-0.021476,0.223506,-0.526837,1.999327,1
5.065000,0.006136,-0.012272,1.371024,0.998071,-0.662500,1
5.066000,0.006136,-0.012272,1.371024,0.998071,-0.662496,1
5.067000,0.006136,-0.012272,1.371024,0.998071,-0.662493,1
5.068000,0.006136,-0.012272,1.371024,0.998071,-0.662489,1
5.069000,0.006136,-0.012272,1.371024,0.998071,-0.662485,1
5.070000,0.006136,-0.012272,1.371024,0.998071,-0.662481,1
5.071000,0.021476,0.000000,2.020080,1.959442,-2.150925,1
5.072000,0.021476,0.000000,2.020080,1.959442,-2.150925,1
5.073000,0.021476,0.000000,2.020080,1.959442,-2.150925,1
5.074000,0.021476,0.000000,2.020080,1.959442,-2.150925,1
5.075000,0.021476,0.000000,2.020080,1.959442,-2.150925,1
5.076000,0.021476,0.000000,2.020080,1.959442,-2.150925,1
5.077000,0.036816,0.015340,2.492645,2.473311,-2.982219,1
5.078000,0.036816,0.015340,2.492645,2.473311,-2.982224,1
5.079000,0.036816,0.015340,2.492645,2.473311,-2.982228,1
5.080000,0.036816,0.015340,2.492645,2.473311,-2.982233,1
5.081000,0.036816,0.015340,2.492645,2.473311,-2.982237,1
5.082000,0.036816,0.015340,2.492645,2.473311,-2.982242,1
5.083000,0.055223,0.036816,2.915495,3.250988,-4.507456,1
5.084000,0.055223,0.036816,2.915495,3.250988,-4.507467,1
5.085000,0.055223,0.036816,2.915495,3.250988,-4.507478,1
5.086000,0.055223,0.036816,2.915495,3.250988,-4.507489,1
5.087000,0.055223,0.036816,2.915495,3.250988,-4.507500,1
5.088000,0.055223,0.036816,2.915495,3.250988,-4.507511,1
5.089000,0.070563,0.052155,2.893109,2.832182,-3.968419,1
5.090000,0.070563,0.052155,2.893109,2.832182,-3.968435,1
5.091000,0.070563,0.052155,2.893109,2.832182,-3.968450,1
5.092000,0.070563,0.052155,2.893109,2.832182,-3.968466,1
5.093000,0.070563,0.052155,2.893109,2.832182,-3.968481,1
5.094000,0.070563,0.052155,2.893109,2.832182,-3.968497,1
5.095000,0.082835,0.061359,2.566295,2.081929,-2.954358,1
5.096000,0.082835,0.061359,2.566295,2.081929,-2.954376,1
5.097000,0.082835,0.061359,2.566295,2.081929,-2.954394,1
5.098000,0.082835,0.061359,2.566295,2.081929,-2.954413,1
5.099000,0.082835,0.061359,2.566295,2.081929,-2.954431,1
5.100000,0.082835,0.061359,2.566295,2.081929,-2.954450,1
5.101000,0.088971,0.067495,1.422339,1.564466,-3.173946,1
5.102000,0.088971,0.067495,1.422339,1.564466,-3.173966,1
5.103000,0.088971,0.067495,1.422339,1.564466,-3.173986,1
5.104000,0.088971,0.067495,1.422339,1.564466,-3.174006,1
5.105000,0.088971,0.067495,1.422339,1.564466,-3.174027,1
5.106000,0.088971,0.067495,1.422339,1.564466,-3.174047,1
5.107000,0.092039,0.067495,1.939033,-0.886450,2.850596,1
5.108000,0.092039,0.067495,1.939033,-0.886450,2.850575,1
5.109000,0.092039,0.067495,1.939033,-0.886450,2.850555,1
5.110000,0.092039,0.067495,1.939033,-0.886450,2.850535,1
5.111000,0.092039,0.067495,1.939033,-0.886450,2.850515,1
5.112000,0.092039,0.067495,1.939033,-0.886450,2.850494,1
5.113000,0.085903,0.061359,-1.142057,-0.728441,-1.036186,1
5.114000,0.085903,0.061359,-1.142057,-0.728441,-1.036205,1
5.115000,0.085903,0.061359,-1.142057,-0.728441,-1.036223,1
5.116000,0.079767,0.052155,-1.022689,-1.463632,1.325317,1
5.117000,0.073631,0.042951,-1.022689,-1.463632,1.497110,1
5.118000,0.073631,0.042951,-1.022689,-1.463632,1.497097,1
5.119000,0.073631,0.039884,-1.022689,-3.333068,5.297315,1
5.120000,0.073631,0.039884,-1.022689,-3.333068,5.297303,1
5.121000,0.073631,0.039884,-1.022689,-3.333068,5.297291,1
5.122000,0.070563,0.039884,-1.073785,-3.333068,5.240047,1
5.123000,0.070563,0.039884,-1.073785,-3.333068,5.240036,1
5.124000,0.070563,0.039884,-1.073785,-3.333068,5.240024,1
5.125000,0.067495,0.030680,-1.073785,-2.071717,2.895255,1
5.126000,0.064427,0.027612,-1.073785,-1.399172,1.605380,1
5.127000,0.064427,0.027612,-1.073785,-1.399172,1.605371,1
5.128000,0.064427,0.027612,-1.073785,-1.399172,1.605363,1
5.129000,0.064427,0.027612,-1.073785,-1.399172,1.605355,1
5.130000,0.064427,0.027612,-1.003916,-1.399172,1.675216,1
5.131000,0.064427,0.027612,-0.927981,-1.399172,1.751143,1
5.132000,0.064427,0.027612,-0.862707,-1.399172,1.816408,1
5.133000,0.064427,0.027612,-0.806201,-1.399172,1.872906,1
5.134000,0.064427,0.027612,-0.756313,1.339636,-4.154830,1
5.135000,0.064427,0.027612,-0.712423,1.207836,-3.847348,1
5.136000,0.064427,0.030680,-0.673271,1.099442,-3.652777,1
5.137000,0.064427,0.030680,-0.638205,1.008917,-3.436669,1
5.138000,0.064427,0.027612,-0.606685,0.971714,-3.269393,1
5.139000,0.064427,0.030680,-0.578123,0.971714,-3.302200,1
5.140000,0.064427,0.030680,-0.552241,0.971714,-3.276327,1
5.141000,0.061359,0.027612,-0.528415,3.703730,-6.000000,1
5.142000,0.061359,0.027612,-0.506531,3.703730,-6.000000,1
5.143000,0.058291,0.027612,-1.099683,3.703730,-6.000000,1
5.144000,0.058291,0.027612,-1.099683,3.703730,-6.000000,1
5.145000,0.055223,0.024544,-1.099683,-2.914236,4.652401,1
5.146000,0.055223,0.024544,-1.099683,-2.355039,3.534000,1
5.147000,0.055223,0.018408,-1.099683,-1.974915,2.896465,1
5.148000,0.052155,0.012272,-1.099683,-1.952220,2.967655,1
5.149000,0.052155,0.012272,-1.099683,-1.952220,2.967651,1
5.150000,0.049087,0.012272,-1.099683,-1.952220,2.961511,1
5.151000,0.049087,0.012272,-1.099683,-1.952220,2.961508,1
5.152000,0.049087,0.009204,-1.099683,-1.952220,3.022864,1
5.153000,0.046019,0.006136,-0.525276,-1.952220,3.652492,1
5.154000,0.046019,0.006136,-0.525276,-1.771792,3.291633,1
5.155000,0.046019,0.006136,-0.525276,-1.546517,2.841081,1
5.156000,0.046019,0.006136,-0.525276,-1.374289,2.496624,1
5.157000,0.046019,0.006136,-0.525276,-1.235495,2.219034,1
5.158000,0.042951,0.006136,-0.525276,-1.122946,1.987798,1
5.159000,0.042951,0.006136,-0.525276,-1.028826,1.799556,1
5.160000,0.042951,0.006136,-0.525276,-0.948645,1.639193,1
5.161000,0.042951,0.006136,-0.525276,-0.880910,1.503721,1
5.162000,0.042951,0.006136,-0.525276,-0.821735,1.385369,1
5.163000,0.042951,0.006136,-0.525276,-0.770183,1.282263,1
5.164000,0.042951,0.006136,-0.525276,-0.724946,1.191787,1
5.165000,0.042951,0.006136,-0.525276,-0.684527,1.110947,1
5.166000,0.042951,0.006136,-0.525276,-0.648059,1.038009,1
5.167000,0.042951,0.006136,-0.525276,-0.615730,0.973350,1
5.168000,0.042951,0.009204,-0.525276,0.586330,-2.092132,1
5.169000,0.046019,0.009204,-0.525276,0.559537,-2.032413,1
5.170000,0.046019,0.009204,-0.525276,0.535139,-1.983620,1
5.171000,0.046019,0.012272,-0.525276,0.526114,-2.026934,1
5.172000,0.046019,0.012272,-0.525276,0.526114,-2.026937,1
5.173000,0.046019,0.012272,-0.525276,0.526114,-2.026941,1
5.174000,0.046019,0.012272,-0.525276,0.526114,-2.026945,1
5.175000,0.046019,0.012272,-0.525276,0.526114,-2.026948,1
5.176000,0.046019,0.012272,-0.525276,0.526114,-2.026952,1
5.177000,0.046019,0.012272,0.505543,0.526114,-0.996136,1
5.178000,0.046019,0.012272,0.485487,0.526114,-1.016196,1
5.179000,0.046019,0.012272,0.466962,0.526114,-1.034725,1
5.180000,0.042951,0.012272,-0.449933,0.526114,-1.957759,1
5.181000,0.042951,0.012272,-0.433939,0.526114,-1.941769,1
5.182000,0.042951,0.012272,-0.419105,0.526114,-1.926939,1
5.183000,0.042951,0.009204,-0.368865,0.526114,-1.815343,1
5.184000,0.042951,0.009204,-0.368865,0.526114,-1.815345,1
5.185000,0.042951,0.009204,-0.368865,0.526114,-1.815348,1
5.186000,0.042951,0.009204,-0.368865,0.526114,-1.815351,1
5.187000,0.042951,0.009204,-0.368865,0.526114,-1.815354,1
5.188000,0.042951,0.009204,-0.368865,0.526114,-1.815356,1
5.189000,0.039884,0.006136,-0.358013,0.526114,-1.749283,1
5.190000,0.039884,0.006136,-0.358013,0.526114,-1.749285,1
5.191000,0.039884,0.006136,-0.358013,0.526114,-1.749287,1
5.192000,0.039884,0.006136,-0.338295,0.526114,-1.729570,1
5.193000,0.039884,0.006136,-0.338295,0.526114,-1.729572,1
5.194000,0.039884,0.006136,-0.338295,0.526114,-1.729573,1
5.195000,0.036816,0.003068,-0.312430,-0.641844,1.287430,1
5.196000,0.030680,-0.003068,-0.319890,-0.641844,1.390418,1
5.197000,0.030680,-0.006136,-0.319890,-0.641844,1.451779,1
5.198000,0.027612,-0.009204,-0.319890,-1.565728,3.354772,1
5.199000,0.027612,-0.009204,-0.319890,-1.565728,3.354775,1
5.200000,0.027612,-0.009204,-0.319890,-1.565728,3.354778,1
5.201000,0.027612,-0.009204,-0.319890,-1.565728,3.354780,1
5.202000,0.027612,-0.012272,-0.319890,-1.565728,3.416143,1
5.203000,0.027612,-0.012272,-0.319890,-1.565728,3.416147,1
5.204000,0.027612,-0.012272,-0.319890,-1.565728,3.416151,1
5.205000,0.027612,-0.012272,-0.319890,-1.565728,3.416154,1
5.206000,0.027612,-0.012272,-0.319890,-1.565728,3.416158,1
5.207000,0.027612,-0.012272,-0.319890,-1.565728,3.416162,1
5.208000,0.024544,-0.015340,-0.319890,-1.565728,3.471390,1
5.209000,0.024544,-0.015340,-0.319890,-1.565728,3.471394,1
5.210000,0.024544,-0.015340,-0.319890,-1.565728,3.471399,1
5.211000,0.021476,-0.018408,-1.082632,-1.152205,1.936840,1
5.212000,0.021476,-0.018408,-1.082632,-1.152205,1.936846,1
5.213000,0.021476,-0.018408,-1.082632,-1.152205,1.936851,1
5.214000,0.021476,-0.018408,-1.082632,-1.016800,1.666047,1
5.215000,0.024544,-0.018408,-1.082632,-1.016800,1.672189,1
5.216000,0.027612,-0.015340,1.009619,-1.016800,3.709221,1
5.217000,0.027612,-0.015340,1.009619,-1.016800,3.709226,1
5.218000,0.027612,-0.015340,1.009619,-1.016800,3.709230,1
5.219000,0.027612,-0.015340,0.933274,-1.016800,3.632891,1
5.220000,0.030680,-0.009204,0.851835,1.570975,-2.340679,1
5.221000,0.030680,-0.009204,0.851835,1.570975,-2.340676,1
5.222000,0.030680,-0.009204,0.851835,1.570975,-2.340673,1
5.223000,0.030680,-0.009204,0.851835,1.570975,-2.340671,1
5.224000,0.033748,-0.009204,0.851835,1.570975,-2.334532,1
5.225000,0.036816,0.000000,0.851835,2.065489,-3.501502,1
5.226000,0.039884,0.000000,0.851835,2.065489,-3.495366,1
5.227000,0.039884,0.003068,0.851835,2.065489,-3.556726,1
5.228000,0.039884,0.003068,0.851835,2.065489,-3.556727,1
5.229000,0.039884,0.006136,0.851835,2.065489,-3.618088,1
5.230000,0.042951,0.006136,1.077577,1.797963,-2.851160,1
5.231000,0.042951,0.006136,1.077577,1.569412,-2.394061,1
5.232000,0.042951,0.006136,1.077577,1.390963,-2.037164,1
5.233000,0.042951,0.006136,1.077577,1.250116,-1.755471,1
5.234000,0.042951,0.006136,1.077577,1.133591,-1.522424,1
5.235000,0.042951,0.006136,1.077577,1.037742,-1.330727,1
5.236000,0.042951,0.006136,1.077577,0.957172,-1.169589,1
5.237000,0.042951,0.006136,1.077577,0.887722,-1.030692,1
5.238000,0.042951,0.006136,1.077577,0.828150,-0.911549,1
5.239000,0.042951,0.006136,1.077577,0.775403,-0.806056,1
5.240000,0.042951,0.006136,1.077577,0.775403,-0.806058,1
5.241000,0.042951,0.006136,1.077577,0.775403,-0.806060,1
5.242000,0.042951,0.006136,1.077577,0.775403,-0.806062,1
5.243000,0.042951,0.006136,1.077577,0.775403,-0.806064,1
5.244000,0.042951,0.006136,1.077577,0.775403,-0.806066,1
5.245000,0.042951,0.006136,1.077577,0.775403,-0.806067,1
5.246000,0.039884,0.003068,-0.798813,0.615601,-2.307631,1
5.247000,0.039884,0.003068,-0.798813,0.615601,-2.307632,1
5.248000,0.039884,0.003068,-0.798813,0.615601,-2.307633,1
5.249000,0.039884,0.003068,-0.750237,0.615601,-2.259057,1
5.250000,0.039884,0.003068,-0.750237,0.615601,-2.259058,1
5.251000,0.039884,0.003068,-0.750237,0.615601,-2.259059,1
5.252000,0.036816,0.003068,-0.633890,0.615601,-2.148849,1
5.253000,0.036816,0.003068,-0.633890,0.615601,-2.148849,1
5.254000,0.036816,0.003068,-0.633890,0.615601,-2.148850,1
5.255000,0.033748,0.000000,-0.688713,0.615601,-2.148451,1
5.256000,0.033748,0.000000,-0.688713,0.615601,-2.148451,1
5.257000,0.033748,0.000000,-0.688713,0.615601,-2.148451,1
5.258000,0.030680,-0.003068,-0.688713,0.615601,-2.093227,1
5.259000,0.024544,-0.009204,-0.688713,-0.855260,1.558945,1
5.260000,0.024544,-0.012272,-0.688713,-0.855260,1.620308,1
5.261000,0.021476,-0.015340,-0.821519,-0.855260,1.542730,1
5.262000,0.021476,-0.018408,-0.821519,-0.855260,1.604095,1
5.263000,0.018408,-0.021476,-0.821519,-2.214435,4.377675,1
5.264000,0.018408,-0.021476,-0.821519,-2.214435,4.377681,1
5.265000,0.018408,-0.024544,-0.821519,-2.214435,4.439048,1
5.266000,0.015340,-0.024544,-0.821519,-2.214435,4.432919,1
5.267000,0.015340,-0.027612,-0.821519,-2.214435,4.494287,1
5.268000,0.015340,-0.027612,-0.821519,-2.214435,4.494295,1
5.269000,0.015340,-0.027612,-0.821519,-2.044087,4.153607,1
5.270000,0.015340,-0.030680,-0.821519,-1.753030,3.632862,1
5.271000,0.015340,-0.030680,-0.821519,-1.533496,3.193803,1
5.272000,0.015340,-0.030680,-0.821519,-1.362786,2.852391,1
5.273000,0.015340,-0.030680,-0.821519,-1.226997,2.580823,1
5.274000,0.015340,-0.030680,-0.821519,-1.115662,2.358162,1
5.275000,0.015340,-0.030680,-0.821519,-1.022216,2.171279,1
5.276000,0.015340,-0.030680,-0.789461,-0.944184,2.047282,1
5.277000,0.015340,-0.027612,-0.741781,0.876781,-2.208320,1
5.278000,0.018408,-0.027612,-1.266608,0.817952,-2.609343,1
5.279000,0.018408,-0.024544,-1.266608,0.769971,-2.574734,1
5.280000,0.018408,-0.024544,-1.266608,0.769971,-2.574727,1
5.281000,0.018408,-0.024544,-1.266608,0.769971,-2.574719,1
5.282000,0.018408,-0.024544,-1.266608,0.769971,-2.574712,1
5.283000,0.018408,-0.024544,-1.266608,0.769971,-2.574705,1
5.284000,0.018408,-0.021476,-1.266608,0.769971,-2.636057,1
5.285000,0.018408,-0.021476,-1.266608,0.769971,-2.636051,1
5.286000,0.018408,-0.024544,1.253411,0.769971,0.545334,1
5.287000,0.018408,-0.024544,1.253411,0.769971,0.545341,1
5.288000,0.018408,-0.024544,1.137047,0.769971,0.000000,1
5.289000,0.018408,-0.027612,1.040525,0.769971,0.000000,1
5.290000,0.018408,-0.027612,0.959168,0.769971,0.000000,1
5.291000,0.015340,-0.027612,-0.829902,0.769971,-2.082716,1
5.292000,0.015340,-0.027612,-0.829902,0.769971,-2.082708,1
5.293000,0.015340,-0.027612,-0.776973,0.769971,-2.029770,1
5.294000,0.015340,-0.027612,-0.730963,0.769971,-1.983752,1
5.295000,0.015340,-0.027612,-0.689618,-0.763982,1.725508,1
5.296000,0.015340,-0.027612,-0.653141,-0.719468,1.672965,1
5.297000,0.012272,-0.030680,-0.620213,-0.679369,1.680929,1
5.298000,0.012272,-0.033748,-0.590253,-0.660034,1.733587,1
5.299000,0.012272,-0.033748,-0.563140,-0.660034,1.760710,1
5.300000,0.012272,-0.033748,-0.538416,-0.660034,1.785445,1
5.301000,0.012272,-0.033748,-0.515775,-0.660034,1.808096,1
5.302000,0.012272,-0.033748,-0.495030,-0.660034,1.828851,1
5.303000,0.012272,-0.033748,-0.475972,-0.660034,1.847919,1
5.304000,0.009204,-0.033748,-0.498376,-0.660034,1.819389,1
5.305000,0.009204,-0.036816,-0.498376,-0.660034,1.880759,1
5.306000,0.009204,-0.036816,-0.498376,-0.660034,1.880771,1
5.307000,0.009204,-0.036816,-0.498376,-0.660034,1.880782,1
5.308000,0.009204,-0.036816,-0.498376,-0.660034,1.880793,1
5.309000,0.009204,-0.036816,-0.498376,-0.660034,1.880804,1
5.310000,0.009204,-0.036816,-0.498376,-0.660034,1.880815,1
5.311000,0.009204,-0.036816,-0.498376,-0.660034,1.880826,1
5.312000,0.009204,-0.036816,-0.498376,-0.660034,1.880837,1
5.313000,0.012272,-0.036816,-0.498376,-0.660034,1.886984,1
5.314000,0.012272,-0.036816,-0.498376,-0.660034,1.886995,1
5.315000,0.012272,-0.036816,-0.498376,-0.660034,1.887006,1
5.316000,0.012272,-0.036816,-0.498376,-0.660034,1.887017,1
5.317000,0.012272,-0.036816,-0.498376,-0.660034,1.887028,1
5.318000,0.012272,-0.036816,-0.498376,-0.660034,1.887039,1
5.319000,0.012272,-0.036816,-0.498376,-0.660034,1.887050,1
5.320000,0.012272,-0.033748,-0.498376,0.630333,-1.355034,1
5.321000,0.018408,-0.030680,0.587386,0.522753,0.496810,1
5.322000,0.018408,-0.030680,0.587386,0.501414,0.539497,1
5.323000,0.018408,-0.027612,0.587386,0.481891,0.517193,1
5.324000,0.018408,-0.027612,0.587386,0.463557,0.553869,1
5.325000,0.021476,-0.024544,0.587386,0.449717,0.526334,1
5.326000,0.021476,-0.024544,0.587386,0.449717,0.526341,1
5.327000,0.021476,-0.024544,0.587386,0.449717,0.526349,1
5.328000,0.024544,-0.024544,0.587386,0.449717,0.532492,1
5.329000,0.030680,-0.018408,0.775902,0.449717,0.610568,1
5.330000,0.030680,-0.018408,0.775902,0.449717,0.610573,1
5.331000,0.030680,-0.018408,0.775902,0.449717,0.610579,1
5.332000,0.030680,-0.018408,0.775902,0.449717,0.610584,1
5.333000,0.030680,-0.018408,0.775902,0.449717,0.610590,1
5.334000,0.030680,-0.018408,0.775902,0.449717,0.610595,1
5.335000,0.030680,-0.018408,0.775902,0.449717,0.610601,1
5.336000,0.033748,-0.015340,0.775902,0.449717,0.555382,1
5.337000,0.033748,-0.015340,0.775902,0.449717,0.555387,1
5.338000,0.036816,-0.015340,0.775902,0.449717,0.561527,1
5.339000,0.036816,-0.015340,0.775902,0.449717,0.561532,1
5.340000,0.039884,-0.012272,0.775902,0.860365,-0.914986,1
5.341000,0.039884,-0.012272,0.775902,0.860365,-0.914982,1
5.342000,0.039884,-0.009204,0.775902,0.860365,-0.976338,1
5.343000,0.042951,-0.009204,1.183894,0.860365,-0.562209,1
5.344000,0.042951,-0.009204,1.183894,0.860365,-0.562206,1
5.345000,0.042951,-0.009204,1.183894,0.860365,-0.562203,1
5.346000,0.046019,-0.009204,1.183894,0.860365,-0.556064,1
5.347000,0.046019,-0.006136,1.183894,0.860365,-0.617422,1
5.348000,0.046019,-0.006136,1.183894,0.860365,-0.617420,1
5.349000,0.049087,-0.006136,1.183894,0.860365,-0.611282,1
5.350000,0.049087,-0.006136,1.183894,0.860365,-0.611280,1
5.351000,0.049087,-0.003068,1.183894,0.860365,-0.672639,1
5.352000,0.052155,-0.003068,1.183894,0.860365,-0.666502,1
5.353000,0.052155,-0.003068,1.160817,0.860365,-0.689578,1
5.354000,0.052155,-0.003068,1.059840,0.822545,-0.714913,1
5.355000,0.055223,-0.003068,1.141346,0.770986,-0.524152,1
5.356000,0.055223,-0.003068,1.141346,0.725434,0.000000,1
5.357000,0.055223,0.000000,1.141346,0.711458,-0.466454,1
5.358000,0.055223,0.000000,1.141346,0.711458,-0.466454,1
5.359000,0.058291,0.000000,1.141346,0.711458,-0.460318,1
5.360000,0.058291,0.000000,1.141346,0.711458,-0.460318,1
5.361000,0.058291,0.000000,1.141346,0.711458,-0.460318,1
5.362000,0.058291,0.000000,1.141346,0.711458,-0.460318,1
5.363000,0.058291,0.000000,1.141346,0.711458,-0.460318,1
5.364000,0.058291,0.000000,1.141346,0.711458,-0.460318,1
5.365000,0.058291,0.000000,1.141346,0.711458,-0.460318,1
5.366000,0.058291,0.000000,1.141346,0.711458,-0.460318,1
5.367000,0.058291,0.000000,1.141346,0.711458,-0.460318,1
5.368000,0.058291,0.000000,1.141346,0.711458,-0.460318,1
5.369000,0.058291,0.000000,1.141346,0.711458,-0.460318,1
5.370000,0.058291,0.000000,1.141346,0.711458,-0.460318,1
5.371000,0.061359,0.000000,1.141346,0.711458,-0.454182,1
5.372000,0.064427,0.003068,0.744746,0.711458,-0.906006,1
5.373000,0.064427,0.003068,0.744746,0.711458,-0.906007,1
5.374000,0.064427,0.003068,0.744746,0.711458,-0.906008,1
5.375000,0.064427,0.003068,0.744746,0.711458,-0.906009,1
5.376000,0.064427,0.003068,0.744746,0.711458,-0.906010,1
5.377000,0.064427,0.003068,0.629775,0.694465,-0.986996,1
5.378000,0.064427,0.003068,0.629775,0.694465,-0.986997,1
5.379000,0.064427,0.003068,0.629775,0.694465,-0.986997,1
5.380000,0.064427,0.003068,0.545992,0.593959,-0.869770,1
5.381000,0.064427,0.003068,0.463354,0.497447,-0.759384,1
5.382000,0.064427,0.003068,0.446491,0.478062,-0.737480,1
5.383000,0.064427,0.003068,0.430821,0.460143,-0.717311,1
5.384000,0.064427,0.000000,0.377798,-0.400159,1.611629,1
5.385000,0.064427,0.000000,0.377798,-0.400159,1.611629,1
5.386000,0.064427,0.000000,0.377798,-0.400159,1.611629,1
5.387000,0.064427,0.000000,0.377798,-0.400159,1.611629,1
5.388000,0.064427,0.000000,0.366501,-0.387508,1.575028,1
5.389000,0.067495,0.000000,0.794724,-0.375656,1.985684,1
5.390000,0.067495,-0.003068,0.794724,-0.334651,1.965034,1
5.391000,0.067495,-0.003068,0.794724,-0.334651,1.965035,1
5.392000,0.067495,-0.003068,0.794724,-0.334651,1.965036,1
5.393000,0.067495,-0.003068,0.794724,-0.334651,1.965037,1
5.394000,0.067495,-0.003068,0.794724,-0.325813,1.947364,1
5.395000,0.067495,-0.003068,0.794724,-0.317391,1.930519,1
5.396000,0.067495,-0.003068,0.794724,-0.309363,1.914464,1
5.397000,0.067495,-0.003068,0.794724,-0.301732,1.899204,1
5.398000,0.067495,0.000000,0.794724,-0.295152,1.824684,1
5.399000,0.070563,0.000000,0.794724,-0.295152,1.830820,1
5.400000,0.070563,0.000000,0.794724,-0.295152,1.830820,1
5.401000,0.070563,0.000000,0.794724,-0.295152,1.830820,1
5.402000,0.070563,0.000000,0.794724,-0.295152,1.830820,1
5.403000,0.073631,0.000000,0.794724,-0.295152,1.836956,1
5.404000,0.073631,0.000000,0.772625,-0.295152,1.814857,1
5.405000,0.076699,0.000000,0.727108,-0.295152,1.775476,1
5.406000,0.076699,0.003068,0.686302,-0.295152,1.673310,1
5.407000,0.076699,0.003068,0.650156,-0.295152,1.637163,1
5.408000,0.082835,0.009204,0.318105,-0.295152,1.194662,1
5.409000,0.082835,0.009204,0.318105,-0.295152,1.194660,1
5.410000,0.082835,0.009204,0.318105,-0.295152,1.194657,1
5.411000,0.082835,0.009204,0.318105,-0.295152,1.194654,1
5.412000,0.085903,0.009204,0.318105,-0.295152,1.200787,1
5.413000,0.085903,0.012272,0.318105,0.817946,-1.686772,1
5.414000,0.088971,0.012272,0.318105,0.817946,-1.680639,1
5.415000,0.088971,0.015340,0.318105,0.817946,-1.742003,1
5.416000,0.092039,0.018408,1.317434,0.817946,-0.797903,1
5.417000,0.092039,0.018408,1.317434,0.817946,-0.797908,1
5.418000,0.095107,0.018408,1.317434,0.817946,-0.791778,1
5.419000,0.095107,0.018408,1.317434,0.817946,-0.791783,1
5.420000,0.101243,0.024544,1.317434,1.310951,-1.888247,1
5.421000,0.101243,0.024544,1.317434,1.310951,-1.888254,1
5.422000,0.101243,0.024544,1.317434,1.310951,-1.888262,1
5.423000,0.101243,0.024544,1.317434,1.310951,-1.888269,1
5.424000,0.101243,0.024544,1.317434,1.310951,-1.888277,1
5.425000,0.104311,0.027612,1.464615,1.310951,-1.796328,1
5.426000,0.104311,0.027612,1.464615,1.310951,-1.796336,1
5.427000,0.104311,0.027612,1.464615,1.310951,-1.796344,1
5.428000,0.107379,0.027612,1.464615,1.310951,-1.790216,1
5.429000,0.107379,0.030680,1.464615,1.310951,-1.851585,1
5.430000,0.107379,0.030680,1.464615,1.310951,-1.851594,1
5.431000,0.110447,0.030680,1.464615,1.262283,-1.748132,1
5.432000,0.110447,0.030680,1.464615,1.262283,-1.748141,1
5.433000,0.110447,0.030680,1.464615,1.262283,-1.748151,1
5.434000,0.110447,0.030680,1.464615,1.262283,-1.748160,1
5.435000,0.110447,0.030680,1.464615,1.262283,-1.748169,1
5.436000,0.110447,0.030680,1.464615,1.262283,-1.748178,1
5.437000,0.110447,0.030680,1.464615,1.262283,-1.748187,1
5.438000,0.110447,0.030680,1.457240,1.143837,-1.518679,1
5.439000,0.110447,0.030680,1.457240,1.143837,-1.518688,1
5.440000,0.110447,0.030680,1.457240,1.143837,-1.518697,1
5.441000,0.110447,0.030680,0.914766,0.780519,-1.334546,1
5.442000,0.110447,0.030680,0.914766,0.780519,-1.334555,1
5.443000,0.110447,0.030680,0.914766,0.780519,-1.334565,1
5.444000,0.110447,0.030680,0.747398,0.655309,-1.251521,1
5.445000,0.110447,0.030680,0.747398,0.655309,-1.251530,1
5.446000,0.110447,0.030680,0.747398,0.655309,-1.251539,1
5.447000,0.110447,0.030680,0.631954,0.564839,-1.186052,1
5.448000,0.110447,0.030680,0.631954,0.564839,-1.186061,1
5.449000,0.110447,0.030680,0.631954,0.564839,-1.186071,1
5.450000,0.110447,0.030680,0.631954,0.564839,-1.186080,1
5.451000,0.110447,0.030680,0.631954,0.564839,-1.186089,1
5.452000,0.110447,0.030680,0.631954,0.564839,-1.186098,1
5.453000,0.110447,0.027612,0.547544,0.511221,-1.101921,1
5.454000,0.110447,0.027612,0.547544,0.511221,-1.101929,1
5.455000,0.110447,0.027612,0.547544,0.511221,-1.101937,1
5.456000,0.107379,0.024544,1.056785,0.511221,-0.537481,1
5.457000,0.107379,0.024544,1.056785,0.511221,-0.537488,1
5.458000,0.107379,0.024544,1.056785,0.511221,-0.537495,1
5.459000,0.104311,0.021476,1.056785,0.511221,-0.482278,1
5.460000,0.104311,0.021476,1.056785,0.511221,-0.482285,1
5.461000,0.104311,0.021476,1.056785,0.511221,-0.482291,1
5.462000,0.104311,0.021476,1.056785,0.511221,-0.482298,1
5.463000,0.104311,0.021476,1.056785,0.511221,-0.482304,1
5.464000,0.104311,0.021476,1.056785,0.511221,-0.482311,1
5.465000,0.101243,0.018408,1.056785,0.511221,0.000000,1
5.466000,0.101243,0.018408,1.056785,0.511221,0.000000,1
5.467000,0.101243,0.018408,1.056785,0.511221,0.000000,1
5.468000,0.095107,0.012272,-0.455252,-0.890752,1.575248,1
5.469000,0.092039,0.006136,-0.455252,-0.890752,1.691829,1
5.470000,0.092039,0.003068,-0.455252,-1.297184,2.566050,1
5.471000,0.092039,0.000000,-0.455252,-1.297184,2.627410,1
5.472000,0.088971,0.000000,-0.455252,-1.297184,2.621274,1
5.473000,0.088971,0.000000,-0.455252,-1.297184,2.621274,1
5.474000,0.088971,0.000000,-0.455252,-1.297184,2.621274,1
5.475000,0.088971,0.000000,-0.455252,-1.297184,2.621274,1
5.476000,0.088971,0.000000,-0.455252,-1.297184,2.621274,1
5.477000,0.088971,0.000000,-0.455252,-1.297184,2.621274,1
5.478000,0.088971,-0.003068,-0.455252,-1.297184,2.682634,1
5.479000,0.088971,-0.003068,-0.455252,-1.297184,2.682635,1
5.480000,0.088971,-0.003068,-0.455252,-1.297184,2.682636,1
5.481000,0.088971,-0.006136,-0.455252,-1.297184,2.743997,1
5.482000,0.088971,-0.006136,-0.455252,-1.297184,2.743999,1
5.483000,0.088971,-0.006136,-0.455252,-1.297184,2.744001,1
5.484000,0.088971,-0.009204,-0.455252,-1.163205,2.537405,1
5.485000,0.088971,-0.009204,-0.455252,-1.163205,2.537408,1
5.486000,0.088971,-0.009204,-0.455252,-1.163205,2.537410,1
5.487000,0.088971,-0.009204,-0.455252,-1.163205,2.537413,1
5.488000,0.088971,-0.009204,-0.455252,-1.163205,2.537416,1
5.489000,0.088971,-0.009204,-0.455252,-1.163205,2.537419,1
5.490000,0.088971,-0.006136,-0.455252,-1.163205,2.476061,1
5.491000,0.088971,-0.006136,-0.455252,-1.163205,2.476063,1
5.492000,0.088971,-0.006136,-0.455252,-1.163205,2.476065,1
5.493000,0.088971,-0.006136,-0.455252,-1.163205,2.476067,1
5.494000,0.088971,-0.006136,-0.455252,-1.163205,2.476069,1
5.495000,0.088971,-0.006136,-0.455252,-1.163205,2.476071,1
5.496000,0.095107,-0.006136,-0.940232,-1.163205,2.003364,1
5.497000,0.095107,-0.006136,-0.940232,-1.163205,2.003366,1
5.498000,0.095107,-0.006136,-0.940232,-1.163205,2.003368,1
5.499000,0.104311,0.003068,0.596255,0.966025,-1.484276,1
5.500000,0.104311,0.003068,0.596255,0.966025,-1.484277,1
5.501000,0.104311,0.003068,0.596255,0.966025,-1.484278,1
5.502000,0.104311,0.003068,0.596255,0.966025,-1.484279,1
5.503000,0.104311,0.003068,0.596255,0.966025,-1.484280,1
5.504000,0.104311,0.003068,0.596255,0.966025,-1.484281,1
5.505000,0.107379,0.006136,0.596255,0.966025,-1.539506,1
5.506000,0.107379,0.006136,0.596255,0.966025,-1.539508,1
5.507000,0.107379,0.006136,0.596255,0.966025,-1.539510,1
5.508000,0.107379,0.006136,0.596255,0.966025,-1.539512,1
5.509000,0.107379,0.006136,0.596255,0.966025,-1.539513,1
5.510000,0.107379,0.006136,0.596255,0.966025,-1.539515,1
5.511000,0.122718,0.021476,1.730101,1.541730,-1.833201,1
5.512000,0.122718,0.021476,1.730101,1.541730,-1.833208,1
5.513000,0.122718,0.021476,1.730101,1.541730,-1.833214,1
5.514000,0.122718,0.021476,1.730101,1.541730,-1.833221,1
5.515000,0.122718,0.021476,1.730101,1.541730,-1.833227,1
5.516000,0.122718,0.021476,1.730101,1.541730,-1.833233,1
5.517000,0.134990,0.036816,2.215912,3.485014,-5.516254,1
5.518000,0.134990,0.036816,2.215912,3.485014,-5.516265,1
5.519000,0.134990,0.036816,2.215912,3.485014,-5.516276,1
5.520000,0.144194,0.049087,2.131999,2.134874,-3.126953,1
5.521000,0.144194,0.049087,2.131999,2.134874,-3.126967,1
5.522000,0.144194,0.049087,2.131999,2.134874,-3.126982,1
5.523000,0.144194,0.049087,2.131999,2.134874,-3.126997,1
5.524000,0.144194,0.049087,2.131999,2.134874,-3.127012,1
5.525000,0.144194,0.049087,2.131999,2.134874,-3.127026,1
5.526000,0.150330,0.055223,1.907286,2.134874,-3.462203,1
5.527000,0.150330,0.055223,1.907286,2.134874,-3.462220,1
5.528000,0.150330,0.055223,1.907286,2.134874,-3.462236,1
5.529000,0.150330,0.055223,1.907286,2.134874,-3.462253,1
5.530000,0.150330,0.055223,1.907286,2.134874,-3.462269,1
5.531000,0.150330,0.055223,1.907286,2.134874,-3.462286,1
5.532000,0.153398,0.061359,1.846644,1.581067,-2.531915,1
5.533000,0.153398,0.061359,1.846644,1.581067,-2.531934,1
5.534000,0.153398,0.061359,1.846644,1.581067,-2.531952,1
5.535000,0.153398,0.061359,1.846644,1.581067,-2.531970,1
5.536000,0.153398,0.061359,1.846644,1.581067,-2.531989,1
5.537000,0.153398,0.061359,1.846644,1.581067,-2.532007,1
5.538000,0.153398,0.061359,1.183351,1.400698,-2.834580,1
5.539000,0.153398,0.061359,1.183351,1.400698,-2.834599,1
5.540000,0.153398,0.061359,1.183351,1.400698,-2.834617,1
5.541000,0.147262,0.055223,-0.749444,-0.831120,0.000000,1
5.542000,0.144194,0.049087,-0.730340,-0.812718,0.505521,1
5.543000,0.144194,0.049087,-0.730340,-0.812718,0.505506,1
5.544000,0.138058,0.042951,-0.730340,-0.812718,0.615940,1
5.545000,0.138058,0.042951,-0.730340,-0.812718,0.615927,1
5.546000,0.134990,0.033748,-0.730340,-2.074344,3.317111,1
5.547000,0.134990,0.033748,-0.730340,-2.074344,3.317101,1
5.548000,0.134990,0.033748,-0.730340,-2.074344,3.317091,1
5.549000,0.128854,0.030680,-1.298755,-2.074344,2.797753,1
5.550000,0.128854,0.030680,-1.298755,-2.074344,2.797744,1
5.551000,0.128854,0.030680,-1.298755,-2.074344,2.797735,1
5.552000,0.128854,0.030680,-1.298755,-2.074344,2.797726,1
5.553000,0.128854,0.030680,-1.298755,-2.074344,2.797717,1
5.554000,0.119651,0.018408,-1.517715,-1.814303,2.285699,1
5.555000,0.119651,0.018408,-1.517715,-1.814303,2.285693,1
5.556000,0.119651,0.018408,-1.517715,-1.814303,2.285688,1
5.557000,0.119651,0.018408,-1.517715,-1.814303,2.285682,1
5.558000,0.119651,0.018408,-1.517715,-1.580654,1.818378,1
5.559000,0.119651,0.015340,-1.517715,-1.541509,1.801443,1
5.560000,0.116583,0.015340,-1.517715,-1.541509,1.795302,1
5.561000,0.116583,0.015340,-1.517715,-1.541509,1.795298,1
5.562000,0.116583,0.015340,-1.517715,-1.541509,1.795293,1
5.563000,0.116583,0.015340,-1.517715,-1.541509,1.795289,1
5.564000,0.113515,0.012272,-1.166019,-1.393382,1.905951,1
5.565000,0.113515,0.012272,-0.906929,-1.038766,1.455804,1
5.566000,0.113515,0.012272,-0.906929,-1.038766,1.455800,1
5.567000,0.113515,0.012272,-0.906929,-1.038766,1.455797,1
5.568000,0.113515,0.012272,-0.906929,-1.038766,1.455793,1
5.569000,0.113515,0.012272,-0.906929,-1.038766,1.455789,1
5.570000,0.113515,0.012272,-0.906929,-1.038766,1.455786,1
5.571000,0.113515,0.012272,-0.700320,-0.776410,1.137681,1
5.572000,0.113515,0.012272,-0.700320,-0.776410,1.137677,1
5.573000,0.113515,0.012272,-0.700320,-0.776410,1.137674,1
5.574000,0.113515,0.012272,-0.700320,-0.776410,1.137670,1
5.575000,0.113515,0.012272,-0.662460,-0.730149,1.083003,1
5.576000,0.113515,0.012272,-0.628306,-0.688876,1.034608,1
5.577000,0.113515,0.012272,-0.597932,-0.652533,0.992291,1
5.578000,0.113515,0.015340,-0.570185,0.619626,-2.185644,1
5.579000,0.113515,0.015340,-0.544736,0.589689,-2.100325,1
5.580000,0.113515,0.015340,-0.521632,0.562709,-2.023266,1
5.581000,0.113515,0.018408,-0.500298,0.537962,-2.013802,1
5.582000,0.113515,0.018408,-0.480673,0.515338,-1.948934,1
5.583000,0.113515,0.018408,-0.462687,0.494719,-1.889716,1
5.584000,0.113515,0.018408,-0.445756,0.475412,-1.834177,1
5.585000,0.113515,0.018408,-0.430171,0.457725,-1.783223,1
5.586000,0.113515,0.018408,-0.415570,0.441230,-1.735639,1
5.587000,0.110447,0.018408,-0.401939,0.425894,-1.697477,1
5.588000,0.110447,0.018408,-0.389285,0.411713,-1.656466,1
5.589000,0.107379,0.018408,-0.868320,0.352568,-2.023352,1
5.590000,0.107379,0.018408,-0.868320,0.352568,-2.023357,1
5.591000,0.107379,0.018408,-0.868320,0.352568,-2.023363,1
5.592000,0.107379,0.018408,-0.868320,0.352568,-2.023368,1
5.593000,0.107379,0.018408,-0.868320,0.352568,-2.023374,1
5.594000,0.107379,0.015340,-0.868320,0.350965,-1.958814,1
5.595000,0.101243,0.012272,-0.868320,0.350965,-1.909730,1
5.596000,0.101243,0.012272,-0.868320,0.350965,-1.909734,1
5.597000,0.101243,0.012272,-0.868320,0.350965,-1.909738,1
5.598000,0.101243,0.012272,-0.868320,0.350965,-1.909741,1
5.599000,0.101243,0.012272,-0.868320,0.350965,-1.909745,1
5.600000,0.101243,0.012272,-0.868320,0.350965,-1.909749,1
5.601000,0.098175,0.009204,-0.868320,0.350965,-1.854528,1
5.602000,0.092039,0.003068,-0.377738,-1.017477,2.083384,1
5.603000,0.092039,0.003068,-0.377738,-1.017477,2.083383,1
5.604000,0.092039,0.003068,-0.377738,-1.017477,2.083382,1
5.605000,0.092039,0.003068,-0.377738,-1.017477,2.083381,1
5.606000,0.092039,0.003068,-0.377738,-1.017477,2.083380,1
5.607000,0.092039,0.003068,-0.377738,-1.017477,2.083379,1
5.608000,0.085903,-0.009204,-0.377738,-2.419555,5.120702,1
5.609000,0.085903,-0.009204,-0.377738,-2.419555,5.120705,1
5.610000,0.085903,-0.009204,-0.377738,-2.419555,5.120708,1
5.611000,0.085903,-0.009204,-0.377738,-2.419555,5.120711,1
5.612000,0.085903,-0.009204,-0.377738,-2.419555,5.120714,1
5.613000,0.082835,-0.009204,-1.324546,-2.419555,4.167772,1
5.614000,0.082835,-0.012272,-1.324546,-2.419555,4.229135,1
5.615000,0.082835,-0.012272,-1.324546,-2.419555,4.229139,1
5.616000,0.082835,-0.012272,-1.324546,-2.149112,3.688257,1
5.617000,0.082835,-0.012272,-1.324546,-1.284485,1.959007,1
5.618000,0.082835,-0.012272,-1.324546,-1.284485,1.959011,1
5.619000,0.082835,-0.012272,-1.324546,-1.284485,1.959015,1
5.620000,0.082835,-0.012272,-1.324546,-1.284485,1.959018,1
5.621000,0.082835,-0.012272,-1.324546,-1.284485,1.959022,1
5.622000,0.082835,-0.012272,-1.181407,-1.284485,2.102165,1
5.623000,0.082835,-0.012272,-1.181407,-1.284485,2.102169,1
5.624000,0.082835,-0.012272,-1.181407,-1.284485,2.102172,1
5.625000,0.082835,-0.012272,-1.181407,-1.284485,2.102176,1
5.626000,0.082835,-0.012272,-1.077889,-1.284485,2.205697,1
5.627000,0.082835,-0.012272,-1.077889,-1.284485,2.205701,1
5.628000,0.085903,-0.009204,0.917033,-1.284485,4.145402,1
5.629000,0.085903,-0.009204,0.917033,-1.284485,4.145405,1
5.630000,0.085903,-0.009204,0.917033,-1.284485,4.145408,1
5.631000,0.085903,-0.009204,0.797891,-1.284485,4.026269,1
5.632000,0.092039,-0.003068,0.711186,1.009193,-1.358239,1
5.633000,0.095107,0.006136,0.711186,0.899089,-1.315973,1
5.634000,0.095107,0.006136,0.711186,0.899089,-1.315975,1
5.635000,0.095107,0.006136,0.711186,0.899089,-1.315977,1
5.636000,0.095107,0.006136,0.711186,0.899089,-1.315978,1
5.637000,0.095107,0.006136,0.711186,0.899089,-1.315980,1
5.638000,0.095107,0.006136,0.711186,0.899089,-1.315982,1
5.639000,0.095107,0.006136,0.711186,0.899089,-1.315984,1
5.640000,0.098175,0.009204,0.711186,0.899089,-1.371210,1
5.641000,0.101243,0.015340,0.711186,1.801765,-3.293150,1
5.642000,0.101243,0.015340,0.711186,1.801765,-3.293155,1
5.643000,0.101243,0.015340,0.711186,1.801765,-3.293159,1
5.644000,0.101243,0.015340,0.711186,1.801765,-3.293164,1
5.645000,0.101243,0.015340,0.711186,1.801765,-3.293168,1
5.646000,0.101243,0.018408,0.711186,1.801765,-3.354533,1
5.647000,0.101243,0.021476,0.628476,1.146796,-2.188670,1
5.648000,0.101243,0.021476,0.628476,1.146796,-2.188677,1
5.649000,0.101243,0.021476,0.628476,1.146796,-2.188683,1
5.650000,0.101243,0.021476,0.628476,1.146796,-2.188689,1
5.651000,0.101243,0.021476,0.628476,1.146796,-2.188696,1
5.652000,0.098175,0.018408,-0.544844,-0.895871,1.378534,1
5.653000,0.098175,0.018408,-0.544844,-0.895871,1.378529,1
5.654000,0.098175,0.018408,-0.544844,-0.895871,1.378523,1
5.655000,0.098175,0.018408,-0.521713,-0.834997,1.279902,1
5.656000,0.098175,0.018408,-0.500407,-0.781729,1.194665,1
5.657000,0.098175,0.015340,-0.480706,-0.759456,1.231177,1
5.658000,0.098175,0.015340,-0.377283,-0.759456,1.334595,1
5.659000,0.098175,0.015340,-0.377283,-0.759456,1.334590,1
5.660000,0.098175,0.015340,-0.377283,-0.759456,1.334586,1
5.661000,0.098175,0.015340,-0.377283,-0.759456,1.334581,1
5.662000,0.098175,0.015340,-0.377283,-0.759456,1.334577,1
5.663000,0.098175,0.015340,-0.377283,-0.759456,1.334572,1
5.664000,0.098175,0.015340,-0.377283,-0.759456,1.334567,1
5.665000,0.098175,0.015340,-0.366048,-0.759456,1.345798,1
5.666000,0.098175,0.015340,-0.355442,-0.759456,1.356400,1
5.667000,0.098175,0.015340,-0.318548,-0.759456,1.393289,1
5.668000,0.098175,0.015340,-0.318548,-0.759456,1.393284,1
5.669000,0.098175,0.015340,-0.318548,-0.759456,1.393280,1
5.670000,0.098175,0.015340,-0.318548,-0.759456,1.393275,1
5.671000,0.098175,0.015340,-0.310446,-0.759456,1.401372,1
5.672000,0.101243,0.021476,0.269588,0.597619,-1.449334,1
5.673000,0.101243,0.021476,0.269588,0.597619,-1.449341,1
5.674000,0.101243,0.021476,0.269588,0.597619,-1.449347,1
5.675000,0.101243,0.021476,0.269588,0.597619,-1.449354,1
5.676000,0.101243,0.021476,0.269588,0.597619,-1.449360,1
5.677000,0.101243,0.021476,0.269588,0.597619,-1.449366,1
5.678000,0.104311,0.024544,0.881707,0.541795,-0.780829,1
5.679000,0.104311,0.024544,0.881707,0.541795,-0.780836,1
5.680000,0.104311,0.024544,0.881707,0.541795,-0.780843,1
5.681000,0.104311,0.024544,0.881707,0.541795,-0.780851,1
5.682000,0.104311,0.027612,0.881707,0.541795,-0.842218,1
5.683000,0.104311,0.027612,0.881707,0.541795,-0.842227,1
5.684000,0.104311,0.027612,0.881707,0.541795,-0.842235,1
5.685000,0.104311,0.027612,0.881707,0.541795,-0.842243,1
5.686000,0.107379,0.027612,0.881707,0.541795,-0.836115,1
5.687000,0.107379,0.027612,0.881707,0.541795,-0.836124,1
5.688000,0.107379,0.027612,0.881707,0.541795,-0.836132,1
5.689000,0.107379,0.027612,0.881707,0.541795,-0.836140,1
5.690000,0.107379,0.030680,0.881707,0.541795,-0.897509,1
5.691000,0.107379,0.030680,0.881707,0.541795,-0.897518,1
5.692000,0.107379,0.030680,0.881707,0.541795,-0.897527,1
5.693000,0.107379,0.030680,0.881707,0.541795,-0.897536,1
5.694000,0.107379,0.030680,0.881707,0.541795,-0.897546,1
5.695000,0.104311,0.033748,-0.599341,0.541795,-2.446099,1
5.696000,0.104311,0.033748,-0.599341,0.541795,-2.446109,1
5.697000,0.104311,0.033748,-0.599341,0.541795,-2.446119,1
5.698000,0.104311,0.033748,-0.599341,0.541795,-2.446129,1
5.699000,0.104311,0.033748,-0.599341,0.541795,-2.446139,1
5.700000,0.104311,0.033748,-0.571612,0.541795,-2.418421,1
5.701000,0.104311,0.033748,-0.546002,0.541795,-2.392821,1
5.702000,0.104311,0.033748,-0.522851,0.536294,-2.358678,1
5.703000,0.101243,0.033748,-0.463501,0.474035,-2.180957,1
5.704000,0.101243,0.033748,-0.463501,0.474035,-2.180967,1
5.705000,0.101243,0.033748,-0.463501,0.474035,-2.180977,1
5.706000,0.101243,0.033748,-0.446756,0.456534,-2.129241,1
5.707000,0.101243,0.030680,-0.431068,-0.440164,0.000000,1
5.708000,0.098175,0.030680,-0.416316,-0.424795,0.000000,1
5.709000,0.098175,0.030680,-0.402761,-0.410691,0.000000,1
5.710000,0.095107,0.027612,-0.187712,-0.391310,0.535902,1
5.711000,0.095107,0.027612,-0.187712,-0.391310,0.535894,1
5.712000,0.095107,0.027612,-0.187712,-0.391310,0.535886,1
5.713000,0.092039,0.027612,-0.187712,-0.391310,0.529741,1
5.714000,0.088971,0.024544,-0.187712,-0.391310,0.584957,1
5.715000,0.088971,0.024544,-0.187712,-0.391310,0.584950,1
5.716000,0.088971,0.024544,-0.187712,-0.391310,0.584943,1
5.717000,0.088971,0.024544,-0.187712,-0.391310,0.584935,1
5.718000,0.088971,0.024544,-0.187712,-0.391310,0.584928,1
5.719000,0.085903,0.024544,-0.187712,-0.391310,0.578785,1
5.720000,0.085903,0.024544,-0.187712,-0.391310,0.578777,1
5.721000,0.085903,0.024544,-0.187712,-0.391310,0.578770,1
5.722000,0.082835,0.021476,-0.984371,-0.391310,-0.762672,1
5.723000,0.082835,0.021476,-0.984371,-0.391310,-0.762678,1
5.724000,0.082835,0.021476,-0.984371,-0.391310,-0.762685,1
5.725000,0.082835,0.021476,-0.984371,-0.391310,-0.762691,1
5.726000,0.082835,0.021476,-0.984371,-0.391310,-0.762698,1
5.727000,0.082835,0.021476,-0.984371,-0.391310,-0.762704,1
5.728000,0.082835,0.021476,-0.984371,-0.391310,-0.762710,1
5.729000,0.082835,0.021476,-0.984371,-0.391310,-0.762717,1
5.730000,0.082835,0.021476,-0.984371,-0.391310,-0.762723,1
5.731000,0.082835,0.021476,-0.984371,-0.391310,-0.762730,1
5.732000,0.082835,0.021476,-0.984371,-0.391310,-0.762736,1
5.733000,0.082835,0.021476,-0.984371,-0.391310,-0.762743,1
5.734000,0.079767,0.018408,-0.984371,-0.391310,-0.707525,1
5.735000,0.079767,0.018408,-0.984371,-0.391310,-0.707530,1
5.736000,0.079767,0.018408,-0.984371,-0.391310,-0.707536,1
5.737000,0.079767,0.018408,-0.984371,-0.391310,-0.707541,1
5.738000,0.079767,0.018408,-0.984371,-0.391310,-0.707547,1
5.739000,0.079767,0.018408,-0.984371,-0.391310,-0.707552,1
5.740000,0.076699,0.015340,-0.984371,-0.473775,-0.487404,1
5.741000,0.073631,0.015340,-0.758389,-0.473775,0.000000,1
5.742000,0.073631,0.012272,-0.714158,-0.473775,0.000000,1
5.743000,0.070563,0.012272,-0.658371,-0.473775,0.487671,1
5.744000,0.070563,0.012272,-0.658371,-0.473775,0.487667,1
5.745000,0.070563,0.012272,-0.658371,-0.473775,0.487663,1
5.746000,0.067495,0.009204,-0.658371,-0.473775,0.542884,1
5.747000,0.067495,0.009204,-0.658371,-0.473775,0.542881,1
5.748000,0.067495,0.009204,-0.658371,-0.473775,0.542878,1
5.749000,0.067495,0.009204,-0.658371,-0.473775,0.542876,1
5.750000,0.067495,0.009204,-0.658371,-0.473775,0.542873,1
5.751000,0.064427,0.006136,-0.658371,-0.473775,0.598094,1
5.752000,0.064427,0.006136,-0.658371,-0.473775,0.598092,1
5.753000,0.064427,0.006136,-0.658371,-0.473775,0.598091,1
5.754000,0.064427,0.006136,-0.658371,-0.473775,0.598089,1
5.755000,0.064427,0.006136,-0.658371,-0.473775,0.598087,1
5.756000,0.064427,0.006136,-0.658371,-0.473775,0.598085,1
5.757000,0.064427,0.006136,-0.658371,-0.473775,0.598083,1
5.758000,0.064427,0.006136,-0.658371,-0.473775,0.598081,1
5.759000,0.064427,0.006136,-0.658371,-0.473775,0.598080,1
5.760000,0.064427,0.006136,-0.658371,-0.473775,0.598078,1
5.761000,0.064427,0.006136,-0.658371,-0.473775,0.598076,1
5.762000,0.058291,0.006136,-0.867122,-0.473775,0.000000,1
5.763000,0.058291,0.006136,-0.867122,-0.473775,0.000000,1
5.764000,0.058291,0.006136,-0.867122,-0.473775,0.000000,1
5.765000,0.055223,0.003068,-0.867122,-0.614237,0.713196,1
5.766000,0.052155,0.003068,-0.867122,-0.614237,0.707059,1
5.767000,0.052155,0.003068,-0.867122,-0.614237,0.707058,1
5.768000,0.052155,0.003068,-0.867122,-0.614237,0.707057,1
5.769000,0.052155,0.003068,-0.867122,-0.614237,0.707056,1
5.770000,0.049087,0.003068,-0.865241,-0.614237,0.702800,1
5.771000,0.049087,0.003068,-0.865241,-0.614237,0.702799,1
5.772000,0.049087,0.003068,-0.865241,-0.614237,0.702798,1
5.773000,0.049087,0.003068,-0.865241,-0.614237,0.702797,1
5.774000,0.049087,0.003068,-0.865241,-0.614237,0.702796,1
5.775000,0.049087,0.003068,-0.758565,-0.614237,0.809471,1
5.776000,0.046019,0.003068,-0.827675,-0.614237,0.734225,1
5.777000,0.046019,0.003068,-0.827675,-0.594389,0.694528,1
5.778000,0.046019,0.003068,-0.827675,-0.567083,0.639914,1
5.779000,0.046019,0.003068,-0.827675,-0.541956,0.589658,1
5.780000,0.046019,0.003068,-0.827675,-0.541956,0.589658,1
5.781000,0.046019,0.003068,-0.827675,-0.541956,0.589657,1
5.782000,0.046019,0.003068,-0.827675,-0.519038,0.543821,1
5.783000,0.046019,0.003068,-0.827675,-0.519038,0.543820,1
5.784000,0.046019,0.003068,-0.827675,-0.519038,0.543819,1
5.785000,0.046019,0.003068,-0.827675,-0.519038,0.543818,1
5.786000,0.046019,0.003068,-0.827675,-0.519038,0.543817,1
5.787000,0.046019,0.006136,-0.827675,0.460622,-2.076865,1
5.788000,0.046019,0.006136,-0.827675,0.460622,-2.076867,1
5.789000,0.046019,0.006136,-0.827675,0.460622,-2.076868,1
5.790000,0.046019,0.006136,-0.827675,0.400516,-1.956658,1
5.791000,0.046019,0.009204,-0.761377,0.354220,-1.859129,1
5.792000,0.046019,0.009204,-0.761377,0.354220,-1.859132,1
5.793000,0.046019,0.009204,-0.761377,0.354220,-1.859135,1
5.794000,0.046019,0.009204,-0.716948,0.344294,-1.794858,1
5.795000,0.046019,0.009204,-0.716948,0.344294,-1.794860,1
5.796000,0.046019,0.012272,-0.642076,0.337523,-1.767809,1
5.797000,0.046019,0.012272,-0.642076,0.337523,-1.767813,1
5.798000,0.046019,0.012272,-0.642076,0.337523,-1.767816,1
5.799000,0.046019,0.012272,-0.581216,0.337523,-1.706959,1
5.800000,0.046019,0.012272,-0.581216,0.337523,-1.706963,1
5.801000,0.046019,0.012272,-0.581216,0.337523,-1.706967,1
5.802000,0.042951,0.012272,-0.508861,0.337523,-1.640751,1
5.803000,0.042951,0.012272,-0.508861,0.337523,-1.640755,1
5.804000,0.042951,0.012272,-0.508861,0.337523,-1.640759,1
5.805000,0.042951,0.012272,-0.508861,0.337523,-1.640762,1
5.806000,0.042951,0.012272,-0.508861,0.337523,-1.640766,1
5.807000,0.042951,0.012272,-0.508861,0.337523,-1.640770,1
5.808000,0.042951,0.012272,-0.452520,0.337523,-1.584432,1
5.809000,0.042951,0.012272,-0.452520,0.337523,-1.584436,1
5.810000,0.042951,0.012272,-0.452520,0.337523,-1.584440,1
5.811000,0.036816,0.009204,-0.370576,0.337523,-1.453411,1
5.812000,0.033748,0.003068,-0.306248,-0.639332,1.281208,1
5.813000,0.030680,0.003068,-0.306248,-0.639332,1.275071,1
5.814000,0.030680,0.003068,-0.306248,-0.639332,1.275070,1
5.815000,0.030680,0.003068,-0.306248,-0.639332,1.275069,1
5.816000,0.030680,0.003068,-0.306248,-0.639332,1.275068,1
5.817000,0.030680,0.003068,-0.306248,-0.639332,1.275067,1
5.818000,0.030680,0.000000,-0.306248,-0.639332,1.336426,1
5.819000,0.030680,0.000000,-0.306248,-0.639332,1.336426,1
5.820000,0.030680,0.000000,-0.306248,-0.639332,1.336426,1
5.821000,0.030680,0.000000,-0.306248,-0.639332,1.336426,1
5.822000,0.030680,0.000000,-0.306248,-0.639332,1.336426,1
5.823000,0.030680,0.000000,-0.306248,-0.639332,1.336426,1
5.824000,0.024544,-0.003068,-0.306248,-0.639332,1.385515,1
5.825000,0.024544,-0.003068,-0.306248,-0.639332,1.385515,1
5.826000,0.024544,-0.003068,-0.306248,-0.639332,1.385516,1
5.827000,0.021476,-0.006136,-1.079362,-0.639332,0.667628,1
5.828000,0.018408,-0.009204,-1.079362,-0.841060,1.126310,1
5.829000,0.018408,-0.009204,-1.079362,-0.841060,1.126313,1
5.830000,0.015340,-0.009204,-1.079362,-0.841060,1.120180,1
5.831000,0.015340,-0.009204,-1.079362,-0.841060,1.120183,1
5.832000,0.015340,-0.009204,-1.079362,-0.841060,1.120186,1
5.833000,0.015340,-0.009204,-1.079362,-0.841060,1.120188,1
5.834000,0.015340,-0.009204,-1.079362,-0.841060,1.120191,1
5.835000,0.015340,-0.009204,-1.079362,-0.841060,1.120194,1
5.836000,0.015340,-0.009204,-1.079362,-0.841060,1.120197,1
5.837000,0.015340,-0.009204,-1.079362,-0.841060,1.120199,1
5.838000,0.015340,-0.009204,-1.079362,-0.841060,1.120202,1
5.839000,0.015340,-0.009204,-1.079362,-0.841060,1.120205,1
5.840000,0.015340,-0.009204,-1.079362,-0.841060,1.120208,1
5.841000,0.012272,-0.009204,-0.715021,-0.841060,1.478415,1
5.842000,0.012272,-0.009204,-0.715021,-0.841060,1.478418,1
5.843000,0.012272,-0.009204,-0.715021,-0.841060,1.478421,1
5.844000,0.012272,-0.006136,-0.608816,-0.841060,1.523268,1
5.845000,0.012272,-0.006136,-0.608816,-0.841060,1.523270,1
5.846000,0.012272,-0.006136,-0.608816,-0.841060,1.523272,1
5.847000,0.012272,-0.006136,-0.608816,-0.841060,1.523274,1
5.848000,0.012272,-0.006136,-0.608816,-0.841060,1.523275,1
5.849000,0.012272,-0.006136,-0.608816,-0.841060,1.523277,1
5.850000,0.012272,-0.006136,-0.608816,-0.841060,1.523279,1
5.851000,0.012272,-0.006136,-0.608816,-0.841060,1.523281,1
5.852000,0.012272,-0.006136,-0.608816,-0.841060,1.523283,1
5.853000,0.012272,-0.006136,-0.530091,0.701537,-2.083185,1
5.854000,0.012272,-0.006136,-0.530091,0.701537,-2.083183,1
5.855000,0.012272,-0.006136,-0.530091,0.701537,-2.083181,1
5.856000,0.015340,0.000000,0.381612,0.496176,-0.877337,1
5.857000,0.015340,0.000000,0.381612,0.496176,-0.877337,1
5.858000,0.015340,0.000000,0.381612,0.496176,-0.877337,1
5.859000,0.015340,0.000000,0.381612,0.496176,-0.877337,1
5.860000,0.015340,0.000000,0.381612,0.496176,-0.877337,1
5.861000,0.015340,0.000000,0.381612,0.496176,-0.877337,1
5.862000,0.015340,0.000000,0.381612,0.496176,-0.877337,1
5.863000,0.015340,0.000000,0.381612,0.496176,-0.877337,1
5.864000,0.015340,0.000000,0.381612,0.496176,-0.877337,1
5.865000,0.015340,0.003068,0.349011,0.496176,-0.971299,1
5.866000,0.015340,0.003068,0.349011,0.496176,-0.971300,1
5.867000,0.015340,0.003068,0.349011,0.496176,-0.971301,1
5.868000,0.018408,0.015340,0.905596,1.305195,-2.272060,1
5.869000,0.018408,0.015340,0.905596,1.305195,-2.272065,1
5.870000,0.018408,0.015340,0.905596,1.305195,-2.272069,1
5.871000,0.018408,0.015340,0.905596,1.305195,-2.272074,1
5.872000,0.018408,0.015340,0.905596,1.305195,-2.272079,1
5.873000,0.018408,0.015340,0.905596,1.305195,-2.272083,1
5.874000,0.018408,0.015340,0.905596,1.305195,-2.272088,1
5.875000,0.018408,0.015340,0.905596,1.305195,-2.272092,1
5.876000,0.018408,0.015340,0.905596,1.305195,-2.272097,1
5.877000,0.018408,0.015340,0.705610,0.918286,-1.698269,1
5.878000,0.015340,0.018408,-0.573628,0.706682,-2.621799,1
5.879000,0.015340,0.018408,-0.548057,0.668270,-2.519409,1
5.880000,0.015340,0.018408,-0.524591,0.633705,-2.426820,1
5.881000,0.012272,0.015340,-0.503030,0.631388,-2.345406,1
5.882000,0.012272,0.015340,-0.483235,0.631388,-2.325615,1
5.883000,0.012272,0.015340,-0.464865,0.631388,-2.307250,1
5.884000,0.012272,0.015340,-0.464865,0.631388,-2.307255,1
5.885000,0.012272,0.015340,-0.464865,0.631388,-2.307259,1
5.886000,0.012272,0.015340,-0.464865,0.631388,-2.307264,1
5.887000,0.012272,0.015340,-0.464865,0.631388,-2.307269,1
5.888000,0.012272,0.015340,-0.464865,0.631388,-2.307273,1
5.889000,0.009204,0.015340,-0.260824,0.631388,-2.109372,1
5.890000,0.000000,0.009204,-0.260824,0.631388,-2.005064,1
5.891000,0.000000,0.009204,-0.260824,0.631388,-2.005067,1
5.892000,0.000000,0.009204,-0.260824,0.631388,-2.005070,1
5.893000,0.000000,0.009204,-0.260824,0.631388,-2.005072,1
5.894000,0.000000,0.009204,-0.260824,0.631388,-2.005075,1
5.895000,0.000000,0.009204,-0.260824,0.631388,-2.005078,1
5.896000,-0.003068,0.006136,-1.026231,0.631388,-2.715264,1
5.897000,-0.003068,0.006136,-1.026231,0.631388,-2.715266,1
5.898000,-0.003068,0.006136,-1.026231,0.631388,-2.715268,1
5.899000,-0.009204,0.000000,-1.026231,-0.945366,1.148686,1
5.900000,-0.018408,-0.009204,-1.782576,-1.795687,2.258656,1
5.901000,-0.021476,-0.012272,-1.782576,-1.795687,2.313883,1
5.902000,-0.021476,-0.015340,-1.782576,-1.795687,2.375247,1
5.903000,-0.024544,-0.018408,-1.782576,-1.795687,2.430475,1
5.904000,-0.027612,-0.018408,-2.142925,-1.795687,2.063996,1
5.905000,-0.027612,-0.018408,-2.142925,-1.795687,2.064001,1
5.906000,-0.027612,-0.018408,-2.142925,-1.795687,2.064007,1
5.907000,-0.027612,-0.018408,-2.142925,-1.795687,2.064013,1
5.908000,-0.027612,-0.018408,-2.142925,-1.795687,2.064018,1
5.909000,-0.027612,-0.018408,-2.142925,-1.795687,2.064024,1
5.910000,-0.027612,-0.021476,-2.142925,-2.709183,3.952382,1
5.911000,-0.039884,-0.027612,-1.924069,-1.864522,2.580100,1
5.912000,-0.039884,-0.030680,-1.924069,-1.618710,2.149844,1
5.913000,-0.039884,-0.030680,-1.924069,-1.618710,2.149853,1
5.914000,-0.039884,-0.030680,-1.924069,-1.618710,2.149862,1
5.915000,-0.039884,-0.030680,-1.924069,-1.428731,1.769913,1
5.916000,-0.039884,-0.030680,-1.924069,-1.428731,1.769922,1
5.917000,-0.039884,-0.030680,-1.924069,-1.428731,1.769931,1
5.918000,-0.039884,-0.030680,-1.924069,-1.428731,1.769941,1
5.919000,-0.042951,-0.033748,-1.924069,-1.395466,1.758645,1
5.920000,-0.046019,-0.033748,-1.351843,-1.395466,2.324745,1
5.921000,-0.046019,-0.033748,-1.217667,-1.395466,2.458932,1
5.922000,-0.046019,-0.033748,-1.107681,-1.395466,2.568927,1
5.923000,-0.046019,-0.036816,-1.015912,-1.253325,2.437785,1
5.924000,-0.049087,-0.036816,-0.938385,-1.137397,2.277329,1
5.925000,-0.049087,-0.036816,-0.871909,-1.040316,2.149656,1
5.926000,-0.049087,-0.036816,-0.871909,-1.040316,2.149667,1
5.927000,-0.049087,-0.036816,-0.871909,-1.040316,2.149678,1
5.928000,-0.049087,-0.033748,-0.718645,0.829843,-2.098726,1
5.929000,-0.049087,-0.033748,-0.718645,0.829843,-2.098716,1
5.930000,-0.049087,-0.033748,-0.718645,0.829843,-2.098706,1
5.931000,-0.049087,-0.033748,-0.718645,0.829843,-2.098696,1
5.932000,-0.049087,-0.027612,-0.582095,0.652966,-1.731101,1
5.933000,-0.049087,-0.027612,-0.582095,0.652966,-1.731092,1
5.934000,-0.049087,-0.027612,-0.582095,0.652966,-1.731084,1
5.935000,-0.049087,-0.027612,-0.555778,0.620032,-1.638891,1
5.936000,-0.049087,-0.030680,-0.489324,-0.538452,1.405899,1
5.937000,-0.049087,-0.030680,-0.489324,-0.538452,1.405908,1
5.938000,-0.049087,-0.030680,-0.489324,-0.538452,1.405917,1
5.939000,-0.049087,-0.030680,-0.489324,-0.538452,1.405927,1
5.940000,-0.052155,-0.030680,-1.208313,-0.458049,0.520004,1
5.941000,-0.052155,-0.030680,-1.208313,-0.441576,0.487069,1
5.942000,-0.052155,-0.030680,-1.208313,-0.411866,0.000000,1
5.943000,-0.052155,-0.030680,-1.208313,-0.398566,0.000000,1
5.944000,-0.052155,-0.027612,-1.206307,0.342905,-1.741221,1
5.945000,-0.052155,-0.027612,-1.206307,0.342905,-1.741212,1
5.946000,-0.052155,-0.027612,-1.206307,0.342905,-1.741204,1
5.947000,-0.052155,-0.027612,-1.206307,0.342905,-1.741196,1
5.948000,-0.052155,-0.027612,-1.206307,0.342905,-1.741188,1
5.949000,-0.052155,-0.027612,-1.206307,0.342905,-1.741179,1
5.950000,-0.052155,-0.027612,-1.206307,0.342905,-1.741171,1
5.951000,-0.052155,-0.027612,-1.206307,0.342905,-1.741163,1
5.952000,-0.052155,-0.024544,-1.098276,0.341717,-1.692107,1
5.953000,-0.052155,-0.024544,-1.098276,0.341717,-1.692100,1
5.954000,-0.052155,-0.024544,-1.098276,0.341717,-1.692093,1
5.955000,-0.052155,-0.024544,-0.931270,0.341717,-1.525079,1
5.956000,-0.052155,-0.024544,-0.931270,0.341717,-1.525072,1
5.957000,-0.052155,-0.024544,-0.931270,0.341717,-1.525064,1
5.958000,-0.055223,-0.024544,-0.758733,0.341717,-1.358656,1
5.959000,-0.055223,-0.024544,-0.758733,0.341717,-1.358649,1
5.960000,-0.055223,-0.024544,-0.758733,0.341717,-1.358642,1
5.961000,-0.055223,-0.024544,-0.639930,0.341717,-1.239831,1
5.962000,-0.055223,-0.024544,-0.639930,0.341717,-1.239824,1
5.963000,-0.055223,-0.024544,-0.639930,0.341717,-1.239817,1
5.964000,-0.058291,-0.024544,-0.553265,0.341717,-1.159279,1
5.965000,-0.058291,-0.024544,-0.553265,0.341717,-1.159272,1
5.966000,-0.058291,-0.024544,-0.553265,0.341717,-1.159265,1
5.967000,-0.058291,-0.024544,-0.487407,0.341717,-1.093400,1
5.968000,-0.058291,-0.024544,-0.487407,0.341717,-1.093392,1
5.969000,-0.058291,-0.024544,-0.487407,0.341717,-1.093385,1
5.970000,-0.061359,-0.027612,-0.435491,0.341717,-0.986238,1
5.971000,-0.064427,-0.030680,-0.282782,0.341717,-0.778296,1
5.972000,-0.064427,-0.030680,-0.282782,0.341717,-0.778287,1
5.973000,-0.064427,-0.030680,-0.282782,0.341717,-0.778278,1
5.974000,-0.064427,-0.030680,-0.282782,0.341717,-0.778268,1
5.975000,-0.064427,-0.030680,-0.282782,0.341717,-0.778259,1
5.976000,-0.067495,-0.033748,-0.282782,-0.521244,1.602897,1
5.977000,-0.067495,-0.033748,-0.282782,-0.521244,1.602907,1
5.978000,-0.067495,-0.033748,-0.282782,-0.521244,1.602917,1
5.979000,-0.070563,-0.036816,-0.282782,-0.521244,1.658151,1
5.980000,-0.070563,-0.036816,-0.282782,-0.521244,1.658162,1
5.981000,-0.073631,-0.039884,-0.282782,-0.521244,1.713398,1
5.982000,-0.073631,-0.039884,-0.282782,-0.521244,1.713409,1
5.983000,-0.079767,-0.046019,-0.883842,-1.369341,2.919004,1
5.984000,-0.079767,-0.049087,-0.883842,-1.369341,2.980378,1
5.985000,-0.079767,-0.049087,-0.883842,-1.369341,2.980393,1
5.986000,-0.079767,-0.049087,-0.883842,-1.369341,2.980408,1
5.987000,-0.079767,-0.049087,-0.883842,-1.369341,2.980422,1
5.988000,-0.079767,-0.049087,-0.883842,-1.369341,2.980437,1
5.989000,-0.082835,-0.052155,-0.883842,-1.369341,3.035676,1
5.990000,-0.082835,-0.052155,-0.883842,-1.369341,3.035692,1
5.991000,-0.082835,-0.052155,-0.883842,-1.369341,3.035707,1
5.992000,-0.082835,-0.052155,-0.883842,-1.369341,3.035723,1
5.993000,-0.082835,-0.055223,-0.883842,-1.079836,2.518089,1
5.994000,-0.082835,-0.055223,-0.843358,-0.992369,2.383655,1
5.995000,-0.082835,-0.052155,-0.699152,0.798558,-1.715337,1
5.996000,-0.082835,-0.052155,-0.699152,0.798558,-1.715321,1
5.997000,-0.082835,-0.052155,-0.699152,0.798558,-1.715305,1
5.998000,-0.082835,-0.052155,-0.699152,0.798558,-1.715290,1
5.999000,-0.082835,-0.052155,-0.661284,0.749533,-1.579357,1
6.000000,-0.082835,-0.046019,-0.569244,0.717992,-1.546938,1
6.001000,-0.082835,-0.046019,-0.480149,0.717992,-1.457830,1
6.002000,-0.082835,-0.046019,-0.429751,0.717992,-1.407419,1
6.003000,-0.082835,-0.046019,-0.401648,0.717992,-1.379301,1
6.004000,-0.085903,-0.049087,-0.365717,0.717992,-1.288132,1
6.005000,-0.085903,-0.049087,-0.365717,0.717992,-1.288117,1
6.006000,-0.085903,-0.049087,-0.365717,0.717992,-1.288103,1
6.007000,-0.085903,-0.049087,-0.365717,0.717992,-1.288088,1
6.008000,-0.085903,-0.049087,-0.365717,0.717992,-1.288073,1
6.009000,-0.085903,-0.049087,-0.365717,0.717992,-1.288058,1
6.010000,-0.085903,-0.049087,-0.365717,0.717992,-1.288044,1
6.011000,-0.085903,-0.049087,-0.365717,0.717992,-1.288029,1
6.012000,-0.085903,-0.049087,-0.365717,0.717992,-1.288014,1
6.013000,-0.085903,-0.049087,-0.365717,0.717992,-1.288000,1
6.014000,-0.085903,-0.049087,-0.365717,0.717992,-1.287985,1
6.015000,-0.085903,-0.049087,-0.365717,0.717992,-1.287970,1
6.016000,-0.085903,-0.049087,-0.365717,0.717992,-1.287955,1
6.017000,-0.085903,-0.049087,-0.365717,0.717992,-1.287941,1
6.018000,-0.085903,-0.049087,-0.365717,0.717992,-1.287926,1
6.019000,-0.085903,-0.049087,-0.365717,0.717992,-1.287911,1
6.020000,-0.085903,-0.049087,-0.365717,0.717992,-1.287896,1
6.021000,-0.092039,-0.052155,-1.031741,-0.576554,1.284273,1
6.022000,-0.092039,-0.055223,-1.031741,-0.550752,1.294045,1
6.023000,-0.092039,-0.055223,-1.031741,-0.550752,1.294062,1
6.024000,-0.095107,-0.055223,-1.031741,-0.527044,1.240527,1
6.025000,-0.095107,-0.058291,-1.031741,-0.515668,1.279152,1
6.026000,-0.095107,-0.058291,-1.031741,-0.515668,1.279169,1
6.027000,-0.095107,-0.058291,-1.031741,-0.515668,1.279187,1
6.028000,-0.095107,-0.058291,-1.031741,-0.515668,1.279204,1
6.029000,-0.095107,-0.058291,-1.031741,-0.515668,1.279222,1
6.030000,-0.095107,-0.058291,-1.031741,-0.515668,1.279239,1
6.031000,-0.098175,-0.061359,-1.031741,-0.515668,1.334481,1
6.032000,-0.098175,-0.061359,-1.031741,-0.515668,1.334499,1
6.033000,-0.098175,-0.061359,-1.031741,-0.515668,1.334518,1
6.034000,-0.101243,-0.064427,-0.347500,-0.515668,2.074002,1
6.035000,-0.104311,-0.067495,-0.347500,-0.515668,2.129245,1
6.036000,-0.104311,-0.070563,-0.347500,-0.971749,3.102788,1
6.037000,-0.104311,-0.070563,-0.347500,-0.971749,3.102809,1
6.038000,-0.104311,-0.070563,-0.347500,-0.971749,3.102830,1
6.039000,-0.104311,-0.070563,-0.347500,-0.971749,3.102851,1
6.040000,-0.104311,-0.070563,-0.347500,-0.971749,3.102873,1
6.041000,-0.104311,-0.070563,-0.347500,-0.971749,3.102894,1
6.042000,-0.104311,-0.070563,-0.347500,-0.971749,3.102915,1
6.043000,-0.104311,-0.073631,-0.347500,-0.971749,3.164296,1
6.044000,-0.104311,-0.073631,-0.347500,-0.971749,3.164318,1
6.045000,-0.101243,-0.073631,-0.347500,-0.971749,3.170476,1
6.046000,-0.101243,-0.073631,-0.347500,-0.971749,3.170498,1
6.047000,-0.101243,-0.073631,-0.347500,-0.971749,3.170520,1
6.048000,-0.098175,-0.073631,-0.347500,-0.954294,3.141767,1
6.049000,-0.098175,-0.070563,-0.347500,0.885718,-1.199595,1
6.050000,-0.098175,-0.070563,-0.347500,0.825869,-1.079876,1
6.051000,-0.098175,-0.070563,-0.347500,0.825869,-1.079855,1
6.052000,-0.098175,-0.070563,-0.347500,0.825869,-1.079834,1
6.053000,-0.098175,-0.070563,-0.347500,0.825869,-1.079813,1
6.054000,-0.098175,-0.070563,-0.347500,0.825869,-1.079792,1
6.055000,-0.098175,-0.070563,-0.347500,0.825869,-1.079770,1
6.056000,-0.098175,-0.070563,-0.347500,0.825869,-1.079749,1
6.057000,-0.095107,-0.067495,-0.347500,0.773675,-1.030564,1
6.058000,-0.095107,-0.067495,-0.347500,0.773675,-1.030544,1
6.059000,-0.095107,-0.067495,-0.347500,0.773675,-1.030524,1
6.060000,-0.088971,-0.061359,0.471768,0.600937,0.623793,1
6.061000,-0.088971,-0.061359,0.471768,0.600937,0.623812,1
6.062000,-0.088971,-0.061359,0.471768,0.600937,0.623830,1
6.063000,-0.088971,-0.061359,0.471768,0.600937,0.623849,1
6.064000,-0.088971,-0.061359,0.471768,0.600937,0.623867,1
6.065000,-0.088971,-0.061359,0.471768,0.600937,0.623885,1
6.066000,-0.088971,-0.061359,0.471768,0.600937,0.623904,1
6.067000,-0.088971,-0.061359,0.471768,0.600937,0.623922,1
6.068000,-0.088971,-0.061359,0.471768,0.600937,0.623941,1
6.069000,-0.088971,-0.061359,0.471768,0.600937,0.623959,1
6.070000,-0.085903,-0.061359,0.471768,0.600937,0.630113,1
6.071000,-0.082835,-0.058291,0.471768,0.600937,0.574908,1
6.072000,-0.082835,-0.058291,0.471768,0.600937,0.574925,1
6.073000,-0.082835,-0.058291,0.471768,0.600937,0.574943,1
6.074000,-0.082835,-0.058291,0.471768,0.600937,0.574960,1
6.075000,-0.082835,-0.058291,0.471768,0.600937,0.574978,1
6.076000,-0.082835,-0.058291,0.471768,0.600937,0.574995,1
6.077000,-0.079767,-0.058291,1.026484,0.572765,1.192208,1
6.078000,-0.079767,-0.061359,1.026484,-0.547012,3.493140,1
6.079000,-0.079767,-0.061359,1.026484,-0.547012,3.493158,1
6.080000,-0.079767,-0.061359,1.026484,-0.547012,3.493176,1
6.081000,-0.079767,-0.061359,1.026484,-0.547012,3.493195,1
6.082000,-0.079767,-0.061359,1.026484,-0.547012,3.493213,1
6.083000,-0.079767,-0.061359,1.026484,-0.547012,3.493232,1
6.084000,-0.079767,-0.061359,1.026484,-0.547012,3.493250,1
6.085000,-0.079767,-0.061359,1.026484,-0.547012,3.493269,1
6.086000,-0.079767,-0.061359,1.026484,-0.523673,3.446608,1
6.087000,-0.073631,-0.061359,1.026484,-0.403283,3.218119,1
6.088000,-0.070563,-0.058291,1.026484,0.378434,1.599480,1
6.089000,-0.070563,-0.058291,0.949957,0.367048,1.545741,1
6.090000,-0.067495,-0.055223,0.470069,0.356450,1.031843,1
6.091000,-0.067495,-0.055223,0.470069,0.346383,1.051993,1
6.092000,-0.067495,-0.055223,0.470069,0.346383,1.052010,1
6.093000,-0.067495,-0.055223,0.470069,0.346383,1.052026,1
6.094000,-0.067495,-0.055223,0.470069,0.346383,1.052043,1
6.095000,-0.067495,-0.055223,0.470069,0.346383,1.052059,1
6.096000,-0.067495,-0.055223,0.470069,0.346383,1.052076,1
6.097000,-0.064427,-0.052155,0.470069,0.336891,1.015853,1
6.098000,-0.064427,-0.052155,0.470069,0.336891,1.015868,1
6.099000,-0.064427,-0.052155,0.470069,0.336891,1.015884,1
6.100000,-0.055223,-0.042951,1.589266,0.328905,1.985395,1
6.101000,-0.055223,-0.042951,1.589266,0.328905,1.985408,1
6.102000,-0.055223,-0.042951,1.589266,0.328905,1.985421,1
6.103000,-0.055223,-0.042951,1.589266,0.328905,1.985434,1
6.104000,-0.055223,-0.042951,1.589266,0.328905,1.985447,1
6.105000,-0.055223,-0.042951,1.589266,0.328905,1.985460,1
6.106000,-0.049087,-0.039884,1.589266,0.328905,1.936384,1
6.107000,-0.049087,-0.039884,1.589266,0.328905,1.936396,1
6.108000,-0.049087,-0.039884,1.589266,0.328905,1.936408,1
6.109000,-0.036816,-0.030680,2.035967,1.527595,-0.773794,1
6.110000,-0.027612,-0.024544,2.239189,1.561000,-0.741686,1
6.111000,-0.024544,-0.021476,2.239189,1.561000,-0.796903,1
6.112000,-0.021476,-0.018408,2.239189,1.561000,-0.852121,1
6.113000,-0.018408,-0.018408,2.391273,1.561000,-0.693896,1
6.114000,-0.015340,-0.015340,2.391273,1.561000,-0.749114,1
6.115000,-0.015340,-0.012272,2.391273,2.190483,-2.069436,1
6.116000,-0.012272,-0.012272,2.391273,2.190483,-2.063296,1
6.117000,-0.009204,-0.009204,2.391273,2.190483,-2.118517,1
6.118000,-0.006136,-0.009204,2.398940,2.190483,-2.104710,1
6.119000,-0.006136,-0.006136,2.398940,2.190483,-2.166068,1
6.120000,-0.003068,-0.006136,2.398940,2.182276,-2.143516,1
6.121000,-0.003068,-0.003068,2.398940,1.852983,-1.546289,1
6.122000,0.000000,-0.003068,2.398940,1.610637,-1.055459,1
6.123000,0.003068,-0.003068,2.398940,1.422850,-0.673749,1
6.124000,0.003068,0.000000,2.031347,1.355069,-0.967140,1
6.125000,0.006136,0.000000,2.036938,1.355069,-0.955413,1
6.126000,0.006136,0.000000,2.036938,1.355069,-0.955413,1
6.127000,0.009204,0.003068,2.036938,1.355069,-1.010637,1
6.128000,0.009204,0.003068,2.036938,1.355069,-1.010638,1
6.129000,0.009204,0.003068,2.036938,1.355069,-1.010639,1
6.130000,0.012272,0.003068,2.036938,1.355069,-1.004504,1
6.131000,0.015340,0.006136,1.480999,1.281633,-1.468795,1
6.132000,0.015340,0.006136,1.480999,1.281633,-1.468797,1
6.133000,0.015340,0.006136,1.480999,1.281633,-1.468798,1
6.134000,0.015340,0.006136,1.480999,1.281633,-1.468800,1
6.135000,0.021476,0.009204,1.583124,0.842317,-0.537135,1
6.136000,0.021476,0.009204,1.583124,0.740522,0.000000,1
6.137000,0.024544,0.009204,1.315581,0.627046,0.000000,1
6.138000,0.027612,0.009204,0.995681,0.543775,-0.515230,1
6.139000,0.027612,0.009204,0.995681,0.543775,-0.515233,1
6.140000,0.027612,0.009204,0.995681,0.543775,-0.515236,1
6.141000,0.027612,0.009204,0.995681,0.543775,-0.515238,1
6.142000,0.027612,0.009204,0.995681,0.543775,-0.515241,1
6.143000,0.027612,0.009204,0.995681,0.543775,-0.515244,1
6.144000,0.027612,0.009204,0.995681,0.543775,-0.515247,1
6.145000,0.027612,0.009204,0.995681,0.543775,-0.515249,1
6.146000,0.027612,0.009204,0.995681,0.543775,-0.515252,1
6.147000,0.030680,0.009204,1.094814,0.461850,0.000000,1
6.148000,0.033748,0.009204,1.094814,0.414935,0.453828,1
6.149000,0.033748,0.009204,1.094814,0.414935,0.453826,1
6.150000,0.033748,0.009204,1.094814,0.414935,0.453823,1
6.151000,0.033748,0.009204,1.094814,0.414935,0.453820,1
6.152000,0.033748,0.009204,1.094814,0.414935,0.453817,1
6.153000,0.033748,0.009204,1.094814,0.414935,0.453815,1
6.154000,0.033748,0.009204,1.094814,0.414935,0.453812,1
6.155000,0.033748,0.009204,1.094814,0.414935,0.453809,1
6.156000,0.033748,0.009204,1.094814,0.414935,0.453806,1
6.157000,0.033748,0.012272,1.094814,0.402228,0.000000,1
6.158000,0.033748,0.012272,1.094814,0.402228,0.000000,1
6.159000,0.033748,0.012272,1.094814,0.402228,0.000000,1
6.160000,0.033748,0.012272,1.094814,0.402228,0.000000,1
6.161000,0.039884,0.012272,0.934319,0.402228,0.000000,1
6.162000,0.039884,0.012272,0.868579,0.402228,0.000000,1
6.163000,0.039884,0.012272,0.810700,0.402228,-0.454008,1
6.164000,0.039884,0.012272,0.760840,0.402228,-0.503872,1
6.165000,0.042951,0.012272,0.728932,0.402228,-0.529648,1
6.166000,0.042951,0.012272,0.728932,0.402228,-0.529651,1
6.167000,0.042951,0.012272,0.728932,0.402228,-0.529655,1
6.168000,0.042951,0.012272,0.728932,0.402228,-0.529659,1
6.169000,0.046019,0.012272,0.728932,0.402228,-0.523527,1
6.170000,0.046019,0.012272,0.728932,0.402228,-0.523530,1
6.171000,0.046019,0.012272,0.728932,0.402228,-0.523534,1
6.172000,0.046019,0.012272,0.728932,0.402228,-0.523538,1
6.173000,0.046019,0.012272,0.728932,0.402228,-0.523541,1
6.174000,0.049087,0.012272,0.728932,0.402228,-0.517409,1
6.175000,0.049087,0.012272,0.728932,0.402228,-0.517413,1
6.176000,0.049087,0.012272,0.728932,0.402228,-0.517416,1
6.177000,0.049087,0.012272,0.728932,0.402228,-0.517420,1
6.178000,0.049087,0.012272,0.728932,0.402228,-0.517424,1
6.179000,0.052155,0.012272,0.704014,0.402228,-0.536210,1
6.180000,0.052155,0.012272,0.704014,0.402228,-0.536213,1
6.181000,0.052155,0.012272,0.704014,0.402228,-0.536217,1
6.182000,0.052155,0.012272,0.704014,0.402228,-0.536221,1
6.183000,0.052155,0.012272,0.665943,0.402228,-0.574294,1
6.184000,0.052155,0.009204,0.631554,0.402228,-0.547327,1
6.185000,0.052155,0.009204,0.631554,0.402228,-0.547330,1
6.186000,0.052155,0.009204,0.631554,0.402228,-0.547333,1
6.187000,0.055223,0.009204,0.754995,-0.395124,1.776946,1
6.188000,0.055223,0.009204,0.754995,-0.360321,1.707336,1
6.189000,0.055223,0.009204,0.754995,-0.360321,1.707334,1
6.190000,0.055223,0.009204,0.754995,-0.350047,1.686783,1
6.191000,0.055223,0.009204,0.754995,-0.350047,1.686780,1
6.192000,0.055223,0.009204,0.754995,-0.350047,1.686778,1
6.193000,0.055223,0.009204,0.754995,-0.350047,1.686775,1
6.194000,0.055223,0.003068,0.754995,-0.322446,1.754291,1
6.195000,0.055223,0.003068,0.754995,-0.322446,1.754291,1
6.196000,0.055223,0.003068,0.754995,-0.322446,1.754290,1
6.197000,0.055223,0.003068,0.754995,-0.322446,1.754289,1
6.198000,0.058291,0.003068,0.754995,-0.322446,1.760424,1
6.199000,0.058291,0.003068,0.754995,-0.322446,1.760423,1
6.200000,0.058291,0.003068,0.754995,-0.322446,1.760422,1
6.201000,0.061359,0.006136,0.754995,-0.322446,1.705197,1
6.202000,0.061359,0.006136,0.754995,-0.322446,1.705195,1
6.203000,0.061359,0.006136,0.754995,-0.322446,1.705193,1
6.204000,0.064427,0.006136,0.754995,-0.322446,1.711327,1
6.205000,0.070563,0.009204,0.536859,-0.322446,1.444101,1
6.206000,0.070563,0.009204,0.536859,-0.322446,1.444099,1
6.207000,0.073631,0.009204,0.536859,-0.322446,1.450232,1
6.208000,0.076699,0.012272,0.536859,0.808118,-1.466124,1
6.209000,0.088971,0.024544,1.178116,1.129341,-1.688215,1
6.210000,0.092039,0.024544,1.389834,1.129341,-1.470368,1
6.211000,0.092039,0.024544,1.389834,1.129341,-1.470376,1
6.212000,0.092039,0.024544,1.389834,1.129341,-1.470383,1
6.213000,0.095107,0.024544,1.389834,1.129341,-1.464255,1
6.214000,0.095107,0.024544,1.389834,1.129341,-1.464262,1
6.215000,0.095107,0.024544,1.389834,1.129341,-1.464269,1
6.216000,0.095107,0.024544,1.389834,1.120758,-1.447110,1
6.217000,0.095107,0.024544,1.389834,1.120758,-1.447117,1
6.218000,0.095107,0.024544,1.389834,1.120758,-1.447124,1
6.219000,0.095107,0.024544,1.389834,1.120758,-1.447132,1
6.220000,0.095107,0.024544,1.389834,1.120758,-1.447139,1
6.221000,0.095107,0.024544,1.389834,1.120758,-1.447146,1
6.222000,0.095107,0.024544,1.389834,1.120758,-1.447154,1
6.223000,0.095107,0.024544,1.389834,1.120758,-1.447161,1
6.224000,0.095107,0.024544,1.389834,1.120758,-1.447169,1
6.225000,0.095107,0.024544,1.389834,1.120758,-1.447176,1
6.226000,0.095107,0.024544,1.389834,1.120758,-1.447183,1
6.227000,0.095107,0.024544,1.389834,1.120758,-1.447191,1
6.228000,0.095107,0.024544,1.389834,1.120758,-1.447198,1
6.229000,0.095107,0.024544,1.389834,1.120758,-1.447205,1
6.230000,0.095107,0.024544,1.389834,1.120758,-1.447213,1
6.231000,0.095107,0.024544,1.389834,1.120758,-1.447220,1
6.232000,0.095107,0.024544,1.389834,1.120758,-1.447227,1
6.233000,0.095107,0.024544,1.389834,1.120758,-1.447235,1
6.234000,0.095107,0.024544,1.389834,1.120758,-1.447242,1
6.235000,0.095107,0.024544,1.389834,1.120758,-1.447249,1
6.236000,0.095107,0.024544,1.389834,1.120758,-1.447257,1
6.237000,0.095107,0.024544,1.389834,1.120758,-1.447264,1
6.238000,0.095107,0.024544,1.389834,1.120758,-1.447272,1
6.239000,0.095107,0.024544,1.389834,1.120758,-1.447279,1
6.240000,0.095107,0.024544,1.389834,1.120758,-1.447286,1
6.241000,0.095107,0.024544,1.389834,1.120758,-1.447294,1
6.242000,0.095107,0.021476,0.832258,-0.683672,2.265343,1
6.243000,0.095107,0.021476,0.832258,-0.683672,2.265337,1
6.244000,0.095107,0.021476,0.832258,-0.683672,2.265330,1
6.245000,0.095107,0.021476,0.832258,-0.683672,2.265324,1
6.246000,0.095107,0.021476,0.832258,-0.683672,2.265318,1
6.247000,0.095107,0.021476,0.832258,-0.683672,2.265311,1
6.248000,0.095107,0.018408,0.591833,-0.512609,1.744113,1
6.249000,0.095107,0.018408,0.591833,-0.512609,1.744107,1
6.250000,0.095107,0.018408,0.591833,-0.512609,1.744102,1
6.251000,0.095107,0.018408,0.591833,-0.512609,1.744096,1
6.252000,0.095107,0.018408,0.591833,-0.512609,1.744091,1
6.253000,0.092039,0.012272,-0.458923,-0.485467,0.755629,1
6.254000,0.088971,0.000000,-0.374758,-1.572980,3.254122,1
6.255000,0.088971,0.000000,-0.363684,-1.572980,3.265196,1
6.256000,0.088971,0.000000,-0.353211,-1.572980,3.275669,1
6.257000,0.088971,0.000000,-0.343326,-1.572980,3.285554,1
6.258000,0.088971,0.000000,-0.334058,-1.572980,3.294823,1
6.259000,0.088971,-0.003068,-0.325140,-1.559680,3.338501,1
6.260000,0.092039,-0.003068,-0.316766,-1.384153,3.001958,1
6.261000,0.092039,-0.003068,-0.348567,-1.243273,2.688397,1
6.262000,0.092039,-0.003068,-0.348567,-1.129486,2.460823,1
6.263000,0.092039,-0.003068,-0.348567,-1.034712,2.271277,1
6.264000,0.092039,-0.003068,-0.348567,-0.953615,2.109084,1
6.265000,0.095107,-0.003068,-0.348567,-0.884894,1.977779,1
6.266000,0.095107,-0.003068,-0.348567,-0.825191,1.858374,1
6.267000,0.095107,0.000000,-0.348567,-0.791909,1.730450,1
6.268000,0.098175,0.000000,-0.348567,-0.791909,1.736585,1
6.269000,0.098175,0.000000,-0.348567,-0.791909,1.736585,1
6.270000,0.098175,0.000000,-0.348567,-0.791909,1.736585,1
6.271000,0.098175,0.000000,-0.348567,-0.791909,1.736585,1
6.272000,0.098175,0.000000,-0.348567,-0.791909,1.736585,1
6.273000,0.098175,0.000000,-0.348567,-0.791909,1.736585,1
6.274000,0.104311,0.003068,0.750287,-0.791909,2.786352,1
6.275000,0.107379,0.006136,0.750287,-0.791909,2.731127,1
6.276000,0.110447,0.006136,0.750287,-0.791909,2.737261,1
6.277000,0.113515,0.009204,0.750287,-0.791909,2.682035,1
6.278000,0.113515,0.009204,0.750287,-0.791909,2.682032,1
6.279000,0.116583,0.009204,1.488933,-0.791909,3.426810,1
6.280000,0.119651,0.012272,1.488933,0.988318,-0.788870,1
6.281000,0.119651,0.012272,1.488933,0.988318,-0.788873,1
6.282000,0.119651,0.012272,1.488933,0.988318,-0.788877,1
6.283000,0.119651,0.012272,1.488933,0.988318,-0.788881,1
6.284000,0.119651,0.012272,1.488933,0.988318,-0.788884,1
6.285000,0.119651,0.015340,1.488933,0.988318,-0.850248,1
6.286000,0.119651,0.015340,1.488933,0.988318,-0.850253,1
6.287000,0.119651,0.015340,1.488933,0.988318,-0.850257,1
6.288000,0.128854,0.024544,1.950953,2.666496,-3.910272,1
6.289000,0.128854,0.024544,1.950953,2.666496,-3.910279,1
6.290000,0.128854,0.024544,1.950953,2.666496,-3.910286,1
6.291000,0.128854,0.024544,1.950953,2.666496,-3.910294,1
6.292000,0.128854,0.024544,1.950953,2.666496,-3.910301,1
6.293000,0.128854,0.024544,1.950953,2.666496,-3.910309,1
6.294000,0.134990,0.027612,1.950953,2.666496,-3.959404,1
6.295000,0.134990,0.027612,1.950953,2.666496,-3.959413,1
6.296000,0.134990,0.027612,1.950953,2.666496,-3.959421,1
6.297000,0.134990,0.027612,1.950953,2.666496,-3.959429,1
6.298000,0.134990,0.027612,1.950953,2.666496,-3.959437,1
6.299000,0.134990,0.027612,1.950953,2.666496,-3.959446,1
6.300000,0.144194,0.039884,2.012039,1.769499,-2.331406,1
6.301000,0.144194,0.039884,2.012039,1.769499,-2.331418,1
6.302000,0.144194,0.039884,2.012039,1.769499,-2.331430,1
6.303000,0.153398,0.046019,1.800781,1.303176,-1.714367,1
6.304000,0.153398,0.049087,1.800781,1.215236,-1.599861,1
6.305000,0.153398,0.049087,1.800781,1.215236,-1.599876,1
6.306000,0.153398,0.046019,1.800781,1.215236,-1.538531,1
6.307000,0.153398,0.046019,1.615062,1.215236,-1.724263,1
6.308000,0.153398,0.046019,1.427104,1.215236,-1.912235,1
6.309000,0.153398,0.046019,1.279293,1.215236,-2.060060,1
6.310000,0.153398,0.046019,1.158184,1.215236,-2.181183,1
6.311000,0.153398,0.046019,1.058574,-1.190060,3.129786,1
6.312000,0.153398,0.046019,0.974522,-1.084868,2.835337,1
6.313000,0.153398,0.042951,0.902650,-0.996536,2.648148,1
6.314000,0.153398,0.039884,-0.840767,-0.987196,0.947397,1
6.315000,0.153398,0.039884,-0.787099,-0.987196,1.001053,1
6.316000,0.153398,0.039884,-0.739757,-0.987196,1.048383,1
6.317000,0.153398,0.039884,-0.697567,-0.987196,1.090561,1
6.318000,0.156466,0.039884,0.659875,-0.987196,2.454127,1
6.319000,0.156466,0.036816,0.626189,-0.987196,2.481789,1
6.320000,0.156466,0.036816,0.626189,-0.987196,2.481778,1
6.321000,0.156466,0.036816,0.568275,-0.987196,2.423853,1
6.322000,0.156466,0.039884,0.543197,-0.987196,2.337404,1
6.323000,0.159534,0.039884,0.520028,-0.987196,2.320359,1
6.324000,0.159534,0.039884,0.520028,-0.987196,2.320347,1
6.325000,0.159534,0.039884,0.520028,-0.987196,2.320335,1
6.326000,0.159534,0.039884,0.520028,-0.987196,2.320323,1
6.327000,0.159534,0.039884,0.520028,-0.987196,2.320311,1
6.328000,0.159534,0.039884,0.520028,-0.987196,2.320299,1
6.329000,0.159534,0.039884,0.520028,-0.987196,2.320287,1
6.330000,0.159534,0.039884,0.499009,-0.987196,2.299256,1
6.331000,0.159534,0.039884,0.499009,-0.987196,2.299244,1
6.332000,0.159534,0.039884,0.499009,-0.987196,2.299232,1
6.333000,0.165670,0.042951,0.434757,0.726541,-1.841594,1
6.334000,0.165670,0.042951,0.434757,0.726541,-1.841607,1
6.335000,0.165670,0.042951,0.434757,0.726541,-1.841620,1
6.336000,0.171806,0.046019,0.434757,0.617118,-1.671875,1
6.337000,0.171806,0.046019,0.434757,0.617118,-1.671888,1
6.338000,0.171806,0.046019,0.434757,0.617118,-1.671902,1
6.339000,0.171806,0.046019,0.434757,0.617118,-1.671916,1
6.340000,0.171806,0.046019,0.434757,0.617118,-1.671930,1
6.341000,0.171806,0.046019,0.434757,0.617118,-1.671944,1
6.342000,0.177942,0.049087,1.244597,0.575756,-0.828481,1
6.343000,0.177942,0.049087,1.244597,0.575756,-0.828496,1
6.344000,0.177942,0.049087,1.244597,0.575756,-0.828511,1
6.345000,0.177942,0.049087,1.244597,0.575756,-0.828525,1
6.346000,0.177942,0.049087,1.244597,0.575756,-0.828540,1
6.347000,0.177942,0.049087,1.244597,0.575756,-0.828555,1
6.348000,0.187146,0.064427,1.244597,-7.322529,6.000000,1
6.349000,0.187146,0.064427,1.244597,-7.322529,6.000000,1
6.350000,0.187146,0.064427,1.244597,-7.322529,6.000000,1
6.351000,0.193282,0.070563,1.705140,1.626083,-2.867581,1
6.352000,0.196350,0.073631,1.464486,1.497015,-2.905345,1
6.353000,0.199418,0.076699,1.307558,1.497015,-3.117520,1
6.354000,0.199418,0.076699,1.183071,1.497015,-3.242029,1
6.355000,0.199418,0.076699,1.077971,1.497015,-3.347152,1
6.356000,0.199418,0.076699,0.991367,1.497015,-3.433779,1
6.357000,0.199418,0.079767,0.917347,1.471802,-3.518756,1
6.358000,0.199418,0.079767,0.853327,1.313676,-3.266547,1
6.359000,0.199418,0.079767,0.797844,1.186638,-3.067978,1
6.360000,0.199418,0.079767,0.749152,1.082038,-2.907495,1
6.361000,0.199418,0.076699,0.705997,1.059333,-2.843904,1
6.362000,0.199418,0.076699,0.667714,1.059333,-2.882210,1
6.363000,0.199418,0.076699,0.633020,6.921949,-6.000000,1
6.364000,0.199418,0.076699,0.601994,-6.194166,6.000000,1
6.365000,0.196350,0.076699,-0.574035,-4.126223,6.000000,1
6.366000,0.199418,0.073631,0.548260,-3.084046,5.946362,1
6.367000,0.199418,0.070563,0.524905,-2.466675,4.749604,1
6.368000,0.199418,0.070563,0.503255,-2.051872,3.898327,1
6.369000,0.199418,0.073631,0.448234,-1.924627,3.527434,1
6.370000,0.199418,0.073631,0.448234,-1.924627,3.527412,1
6.371000,0.199418,0.073631,0.448234,-1.924627,3.527389,1
6.372000,0.199418,0.073631,0.448234,-1.924627,3.527367,1
6.373000,0.199418,0.073631,0.448234,-1.924627,3.527345,1
6.374000,0.202485,0.073631,1.301997,-1.924627,4.387222,1
6.375000,0.202485,0.076699,1.301997,1.854605,-3.832624,1
6.376000,0.205553,0.076699,1.301997,1.611662,-3.340625,1
6.377000,0.205553,0.079767,1.301997,1.423972,-3.026627,1
6.378000,0.205553,0.085903,1.301997,1.302398,-2.906224,1
6.379000,0.205553,0.085903,1.301997,1.302398,-2.906250,1
6.380000,0.208621,0.082835,1.301997,1.302398,-2.838779,1
6.381000,0.208621,0.082835,1.301997,1.302398,-2.838804,1
6.382000,0.208621,0.082835,1.301997,1.302398,-2.838829,1
6.383000,0.208621,0.082835,1.301997,1.302398,-2.838854,1
6.384000,0.211689,0.088971,0.815488,1.779044,-4.395264,1
6.385000,0.211689,0.088971,0.815488,1.779044,-4.395291,1
6.386000,0.211689,0.088971,0.815488,1.779044,-4.395318,1
6.387000,0.211689,0.088971,0.815488,1.779044,-4.395344,1
6.388000,0.211689,0.088971,0.815488,1.779044,-4.395371,1
6.389000,0.211689,0.088971,0.815488,1.779044,-4.395398,1
6.390000,0.211689,0.088971,0.815488,1.779044,-4.395424,1
6.391000,0.211689,0.092039,0.764646,1.553677,-4.056919,1
6.392000,0.211689,0.092039,0.764646,1.553677,-4.056946,1
6.393000,0.211689,0.088971,0.644005,1.327932,-3.664765,1
6.394000,0.211689,0.088971,0.644005,1.327932,-3.664792,1
6.395000,0.211689,0.088971,0.644005,1.327932,-3.664818,1
6.396000,0.211689,0.088971,0.644005,1.327932,-3.664845,1
6.397000,0.211689,0.088971,0.644005,1.327932,-3.664872,1
6.398000,0.211689,0.088971,0.644005,1.327932,-3.664899,1
6.399000,0.211689,0.088971,0.644005,1.327932,-3.664925,1
6.400000,0.211689,0.088971,0.611993,1.327932,-3.696965,1
6.401000,0.196350,0.076699,-0.409447,-1.055481,0.863157,1
6.402000,0.196350,0.076699,-0.409447,-1.055481,0.863134,1
6.403000,0.193282,0.073631,-0.605539,-1.055481,0.722243,1
6.404000,0.190214,0.067495,-0.605539,-1.055481,0.838805,1
6.405000,0.190214,0.064427,-0.605539,-3.068207,4.925596,1
6.406000,0.187146,0.064427,-0.605539,-3.068207,4.919440,1
6.407000,0.187146,0.061359,-0.605539,-3.068207,4.980781,1
6.408000,0.187146,0.061359,-0.605539,-3.068207,4.980763,1
6.409000,0.187146,0.061359,-0.605539,-3.068207,4.980744,1
6.410000,0.187146,0.061359,-0.605539,-3.068207,4.980726,1
6.411000,0.184078,0.061359,-0.605539,-3.068207,4.974572,1
6.412000,0.177942,0.055223,-2.066190,-1.747279,0.982497,1
6.413000,0.177942,0.055223,-2.066190,-1.527127,0.542176,1
6.414000,0.177942,0.055223,-2.066190,-1.358116,0.000000,1
6.415000,0.174874,0.055223,-2.008828,-1.222866,-0.615155,1
6.416000,0.174874,0.055223,-2.008828,-1.222866,-0.615171,1
6.417000,0.174874,0.055223,-2.008828,-1.222866,-0.615188,1
6.418000,0.174874,0.055223,-2.008828,-1.222866,-0.615204,1
6.419000,0.174874,0.055223,-2.008828,-1.222866,-0.615221,1
6.420000,0.174874,0.055223,-2.008828,-1.222866,-0.615237,1
6.421000,0.174874,0.055223,-2.008828,-1.222866,-0.615254,1
6.422000,0.174874,0.055223,-2.008828,-1.222866,-0.615271,1
6.423000,0.168738,0.058291,-1.365370,0.680493,-3.852177,1
6.424000,0.168738,0.055223,-1.365370,-0.644744,-1.140362,1
6.425000,0.168738,0.058291,-1.365370,0.612495,-3.716217,1
6.426000,0.165670,0.055223,-1.365370,-0.583596,-1.268827,1
6.427000,0.165670,0.055223,-1.365370,-0.583596,-1.268844,1
6.428000,0.165670,0.055223,-1.365370,-0.583596,-1.268860,1
6.429000,0.165670,0.055223,-1.365370,-0.556962,-1.322145,1
6.430000,0.147262,0.046019,-0.887568,-0.548366,-0.714287,1
6.431000,0.144194,0.042951,-1.407559,-0.548366,-1.179068,1
6.432000,0.144194,0.042951,-1.407559,-0.548366,-1.179081,1
6.433000,0.138058,0.036816,-1.407559,-0.806194,-0.552988,1
6.434000,0.138058,0.036816,-1.407559,-0.806194,-0.553000,1
6.435000,0.138058,0.036816,-1.407559,-0.806194,-0.553011,1
6.436000,0.138058,0.036816,-1.407559,-0.806194,-0.553022,1
6.437000,0.138058,0.036816,-1.407559,-0.806194,-0.553033,1
6.438000,0.138058,0.036816,-1.407559,-0.806194,-0.553044,1
6.439000,0.138058,0.036816,-1.407559,-0.806194,-0.553055,1
6.440000,0.138058,0.036816,-1.407559,-0.806194,-0.553066,1
6.441000,0.138058,0.036816,-1.407559,-0.806194,-0.553077,1
6.442000,0.138058,0.036816,-1.407559,-0.806194,-0.553088,1
6.443000,0.138058,0.036816,-1.407559,-0.806194,-0.553099,1
6.444000,0.138058,0.036816,-1.407559,-0.806194,-0.553110,1
6.445000,0.138058,0.036816,-1.407559,-0.806194,-0.553121,1
6.446000,0.138058,0.036816,-1.407559,-0.806194,-0.553132,1
6.447000,0.134990,0.036816,-1.407559,-0.806194,-0.559279,1
6.448000,0.134990,0.036816,-1.407559,-0.806194,-0.559290,1
6.449000,0.134990,0.036816,-1.407559,-0.806194,-0.559301,1
6.450000,0.134990,0.036816,-1.407559,-0.806194,-0.559312,1
6.451000,0.131922,0.033748,-1.629286,-0.806194,-0.725825,1
6.452000,0.131922,0.033748,-1.629286,-0.806194,-0.725835,1
6.453000,0.131922,0.033748,-1.629286,-0.806194,-0.725845,1
6.454000,0.128854,0.030680,-1.629286,-0.806194,-0.670631,1
6.455000,0.128854,0.030680,-1.629286,-0.806194,-0.670640,1
6.456000,0.128854,0.030680,-1.629286,-0.806194,-0.670650,1
6.457000,0.122718,0.027612,-1.629286,-1.309672,0.985385,1
6.458000,0.113515,0.021476,-1.800462,-1.309672,0.918513,1
6.459000,0.113515,0.018408,-1.800462,-1.309672,0.979867,1
6.460000,0.113515,0.018408,-1.800462,-1.309672,0.979861,1
6.461000,0.113515,0.018408,-1.800462,-1.309672,0.979856,1
6.462000,0.110447,0.015340,-1.800462,-1.576466,1.568662,1
6.463000,0.110447,0.015340,-1.800462,-1.576466,1.568658,1
6.464000,0.107379,0.012272,-1.905957,-1.576466,1.518382,1
6.465000,0.107379,0.012272,-1.905957,-1.576466,1.518379,1
6.466000,0.107379,0.012272,-1.905957,-1.576466,1.518375,1
6.467000,0.104311,0.009204,-1.905957,-1.576466,1.573595,1
6.468000,0.104311,0.009204,-1.905957,-1.576466,1.573593,1
6.469000,0.104311,0.009204,-1.905957,-1.576466,1.573590,1
6.470000,0.104311,0.009204,-1.905957,-1.576466,1.573587,1
6.471000,0.104311,0.009204,-1.905957,-1.576466,1.573584,1
6.472000,0.104311,0.009204,-1.905957,-1.576466,1.573582,1
6.473000,0.098175,0.006136,-1.905957,-1.576466,1.622667,1
6.474000,0.098175,0.006136,-1.905957,-1.576466,1.622665,1
6.475000,0.098175,0.006136,-1.905957,-1.576466,1.622663,1
6.476000,0.088971,0.000000,-1.643065,-1.439907,1.716748,1
6.477000,0.085903,-0.003068,-1.449576,-1.289112,1.663872,1
6.478000,0.085903,-0.003068,-1.296198,-1.166374,1.571775,1
6.479000,0.085903,-0.003068,-1.172235,-1.065028,1.493047,1
6.480000,0.082835,-0.003068,-1.389910,-0.979729,1.098639,1
6.481000,0.082835,-0.003068,-1.389910,-0.979729,1.098639,1
6.482000,0.082835,-0.003068,-1.389910,-0.979729,1.098640,1
6.483000,0.082835,-0.003068,-1.389910,-0.979729,1.098641,1
6.484000,0.082835,-0.003068,-1.389910,-0.979729,1.098642,1
6.485000,0.082835,-0.003068,-1.389910,-0.979729,1.098643,1
6.486000,0.082835,-0.003068,-1.389910,-0.979729,1.098644,1
6.487000,0.082835,-0.003068,-1.389910,-0.907355,0.953895,1
6.488000,0.082835,-0.003068,-1.389910,-0.907355,0.953896,1
6.489000,0.082835,-0.003068,-1.389910,-0.907355,0.953897,1
6.490000,0.076699,0.000000,-1.164123,-0.579422,0.450188,1
6.491000,0.076699,0.000000,-0.906670,-0.579422,0.707641,1
6.492000,0.076699,0.000000,-0.906670,-0.579422,0.707641,1
6.493000,0.076699,0.000000,-0.906670,-0.579422,0.707641,1
6.494000,0.076699,0.000000,-0.844244,-0.579422,0.770067,1
6.495000,0.076699,0.000000,-0.789579,-0.579422,0.824732,1
6.496000,0.076699,0.000000,-0.742182,-0.579422,0.872129,1
6.497000,0.076699,0.003068,-0.699639,-0.579422,0.853313,1
6.498000,0.076699,0.003068,-0.661870,-0.579422,0.891081,1
6.499000,0.076699,0.003068,-0.628088,-0.579422,0.924862,1
6.500000,0.076699,0.003068,-0.628088,-0.579422,0.924861,1
6.501000,0.076699,0.003068,-0.628088,-0.579422,0.924860,1
6.502000,0.073631,0.003068,-0.597487,-0.579422,0.949324,1
6.503000,0.073631,0.003068,-0.597487,-0.579422,0.949323,1
6.504000,0.073631,0.003068,-0.597487,-0.579422,0.949322,1
6.505000,0.073631,0.006136,-0.480524,-0.579422,1.004924,1
6.506000,0.073631,0.006136,-0.462378,-0.579422,1.023068,1
6.507000,0.073631,0.009204,-0.445727,-0.579422,0.978357,1
6.508000,0.073631,0.009204,-0.430015,-0.579422,0.994066,1
6.509000,0.073631,0.009204,-0.430015,-0.579422,0.994063,1
6.510000,0.073631,0.009204,-0.430015,-0.579422,0.994061,1
6.511000,0.073631,0.009204,-0.415508,-0.579422,1.008565,1
6.512000,0.073631,0.009204,-0.415508,-0.579422,1.008562,1
6.513000,0.073631,0.009204,-0.415508,-0.579422,1.008559,1
6.514000,0.073631,0.009204,-0.415508,-0.579422,1.008557,1
6.515000,0.073631,0.009204,-0.415508,-0.579422,1.008554,1
6.516000,0.073631,0.012272,-0.401859,0.586063,-1.970130,1
6.517000,0.073631,0.012272,-0.401859,0.586063,-1.970134,1
6.518000,0.073631,0.012272,-0.401859,0.586063,-1.970137,1
6.519000,0.076699,0.018408,0.335898,0.586063,-1.348968,1
6.520000,0.076699,0.018408,0.335898,0.586063,-1.348974,1
6.521000,0.076699,0.018408,0.335898,0.586063,-1.348979,1
6.522000,0.076699,0.021476,0.310394,0.586063,-1.435849,1
6.523000,0.076699,0.021476,0.310394,0.586063,-1.435856,1
6.524000,0.076699,0.021476,0.310394,0.586063,-1.435862,1
6.525000,0.079767,0.027612,0.746040,1.171074,-2.286829,1
6.526000,0.079767,0.030680,0.746040,1.171074,-2.348198,1
6.527000,0.079767,0.030680,0.746040,1.171074,-2.348207,1
6.528000,0.079767,0.030680,0.746040,1.171074,-2.348216,1
6.529000,0.079767,0.033748,0.746040,1.171074,-2.409585,1
6.530000,0.079767,0.033748,0.746040,1.171074,-2.409596,1
6.531000,0.079767,0.033748,0.746040,1.171074,-2.409606,1
6.532000,0.079767,0.036816,0.746040,1.163291,-2.455410,1
6.533000,0.079767,0.036816,0.746040,1.163291,-2.455421,1
6.534000,0.079767,0.036816,0.746040,1.163291,-2.455432,1
6.535000,0.079767,0.036816,0.746040,1.163291,-2.455443,1
6.536000,0.076699,0.036816,-0.731085,1.163291,-3.938715,1
6.537000,0.076699,0.036816,-0.689953,1.163291,-3.897594,1
6.538000,0.076699,0.036816,-0.653423,1.163291,-3.861075,1
6.539000,0.073631,0.036816,-0.620295,1.163291,-3.834094,1
6.540000,0.073631,0.036816,-0.590471,1.163291,-3.804281,1
6.541000,0.070563,0.036816,-0.269596,1.163291,-3.489553,1
6.542000,0.070563,0.033748,-0.269596,-1.080568,1.659514,1
6.543000,0.070563,0.033748,-0.269596,-0.992737,1.483842,1
6.544000,0.067495,0.030680,-0.269596,-0.918827,1.391236,1
6.545000,0.067495,0.027612,-0.269596,-0.879305,1.373542,1
6.546000,0.064427,0.027612,-0.269596,-0.879305,1.367398,1
6.547000,0.064427,0.027612,-0.269596,-0.879305,1.367390,1
6.548000,0.058291,0.027612,-1.209762,-0.879305,0.000000,1
6.549000,0.058291,0.027612,-1.209762,-0.879305,0.000000,1
6.550000,0.058291,0.027612,-1.209762,-0.879305,0.000000,1
6.551000,0.058291,0.024544,-1.209762,-0.879305,0.476279,1
6.552000,0.058291,0.024544,-1.209762,-0.879305,0.476271,1
6.553000,0.055223,0.021476,-1.209762,-0.879305,0.531488,1
6.554000,0.055223,0.021476,-1.209762,-0.879305,0.531482,1
6.555000,0.055223,0.021476,-1.209762,-0.879305,0.531475,1
6.556000,0.052155,0.021476,-1.209762,-0.879305,0.525333,1
6.557000,0.052155,0.021476,-1.209762,-0.879305,0.525327,1
6.558000,0.049087,0.021476,-1.209762,-0.879305,0.519184,1
6.559000,0.049087,0.021476,-1.209762,-0.851234,0.463036,1
6.560000,0.049087,0.021476,-1.204129,-0.796147,0.000000,1
6.561000,0.042951,0.021476,-1.290119,-0.632018,-0.668037,1
6.562000,0.042951,0.021476,-1.290119,-0.632018,-0.668043,1
6.563000,0.042951,0.021476,-1.290119,-0.632018,-0.668050,1
6.564000,0.042951,0.021476,-1.290119,-0.632018,-0.668056,1
6.565000,0.042951,0.021476,-1.290119,-0.632018,-0.668062,1
6.566000,0.042951,0.021476,-1.290119,-0.632018,-0.668069,1
6.567000,0.042951,0.021476,-1.290119,-0.632018,-0.668075,1
6.568000,0.042951,0.021476,-1.290119,-0.632018,-0.668082,1
6.569000,0.039884,0.021476,-1.290119,-0.601046,-0.736169,1
6.570000,0.036816,0.021476,-1.290119,-0.570739,-0.802924,1
6.571000,0.036816,0.021476,-1.290119,-0.570739,-0.802931,1
6.572000,0.036816,0.021476,-1.290119,-0.570739,-0.802937,1
6.573000,0.036816,0.021476,-1.290119,-0.570739,-0.802944,1
6.574000,0.036816,0.021476,-1.290119,-0.570739,-0.802950,1
6.575000,0.036816,0.021476,-1.290119,-0.570739,-0.802957,1
6.576000,0.030680,0.021476,-1.017201,-0.570739,-0.542316,1
6.577000,0.027612,0.021476,-1.017201,-0.570739,-0.548459,1
6.578000,0.027612,0.021476,-1.017201,-0.570739,-0.548465,1
6.579000,0.024544,0.021476,-1.017201,-0.570739,-0.554608,1
6.580000,0.024544,0.018408,-1.017201,-0.570739,-0.493254,1
6.581000,0.021476,0.018408,-1.017201,-0.570739,-0.499395,1
6.582000,0.021476,0.018408,-1.017201,-0.570739,-0.499401,1
6.583000,0.021476,0.018408,-1.017201,-0.570739,-0.499406,1
6.584000,0.021476,0.018408,-1.017201,-0.570739,-0.499412,1
6.585000,0.021476,0.018408,-1.017201,-0.570739,-0.499417,1
6.586000,0.018408,0.018408,-1.105375,-0.570739,-0.593734,1
6.587000,0.015340,0.015340,-1.105375,-0.626132,0.000000,1
6.588000,0.012272,0.015340,-1.105375,-0.626132,0.000000,1
6.589000,0.012272,0.015340,-1.105375,-0.626132,0.000000,1
6.590000,0.012272,0.015340,-1.105375,-0.626132,0.000000,1
6.591000,0.009204,0.015340,-1.105375,-0.626132,0.000000,1
6.592000,0.009204,0.015340,-1.105375,-0.626132,0.000000,1
6.593000,0.006136,0.012272,-1.278247,-0.626132,-0.557677,1
6.594000,0.006136,0.012272,-1.278247,-0.626132,-0.557680,1
6.595000,0.006136,0.012272,-1.278247,-0.626132,-0.557684,1
6.596000,0.006136,0.012272,-1.278247,-0.626132,-0.557688,1
6.597000,0.003068,0.012272,-1.278247,-0.626132,-0.563827,1
6.598000,0.000000,0.012272,-1.278247,-0.626132,-0.569967,1
6.599000,-0.003068,0.012272,-1.278247,-0.626132,-0.576106,1
6.600000,-0.003068,0.009204,-1.278247,-0.626132,-0.514750,1
6.601000,-0.003068,0.009204,-1.278247,-0.626132,-0.514753,1
6.602000,-0.003068,0.009204,-1.278247,-0.626132,-0.514756,1
6.603000,-0.003068,0.009204,-1.278247,-0.626132,-0.514758,1
6.604000,-0.003068,0.009204,-1.278247,-0.626132,-0.514761,1
6.605000,-0.003068,0.009204,-1.278247,-0.626132,-0.514764,1
6.606000,-0.009204,0.006136,-1.366248,-0.626132,-0.553679,1
6.607000,-0.009204,0.006136,-1.366248,-0.626132,-0.553681,1
6.608000,-0.009204,0.006136,-1.366248,-0.626132,-0.553683,1
6.609000,-0.012272,0.006136,-1.366248,-0.604000,-0.604085,1
6.610000,-0.012272,0.006136,-1.366248,-0.604000,-0.604087,1
6.611000,-0.012272,0.006136,-1.366248,-0.604000,-0.604089,1
6.612000,-0.015340,0.006136,-1.366248,-0.526200,-0.765826,1
6.613000,-0.015340,0.006136,-1.366248,-0.526200,-0.765828,1
6.614000,-0.015340,0.006136,-1.366248,-0.526200,-0.765829,1
6.615000,-0.018408,0.003068,-1.448934,-0.513936,-0.817821,1
6.616000,-0.018408,0.003068,-1.448934,-0.513936,-0.817822,1
6.617000,-0.018408,0.003068,-1.448934,-0.513936,-0.817823,1
6.618000,-0.018408,0.003068,-1.448934,-0.513936,-0.817824,1
6.619000,-0.018408,0.003068,-1.448934,-0.513936,-0.817824,1
6.620000,-0.024544,0.000000,-1.448934,-0.513936,-0.768737,1
6.621000,-0.024544,0.000000,-1.448934,-0.513936,-0.768737,1
6.622000,-0.024544,0.000000,-1.448934,-0.513936,-0.768737,1
6.623000,-0.033748,-0.003068,-1.540799,-0.513936,-0.817650,1
6.624000,-0.033748,-0.003068,-1.540799,-0.513936,-0.817649,1
6.625000,-0.042951,-0.009204,-1.642598,-0.802956,0.000000,1
6.626000,-0.046019,-0.009204,-1.642598,-0.802956,0.000000,1
6.627000,-0.046019,-0.009204,-1.642598,-0.802956,0.000000,1
6.628000,-0.046019,-0.009204,-1.642598,-0.802956,0.000000,1
6.629000,-0.046019,-0.009204,-1.642598,-0.802956,0.000000,1
6.630000,-0.049087,-0.012272,-1.642598,-0.802956,0.000000,1
6.631000,-0.049087,-0.012272,-1.642598,-0.802956,0.000000,1
6.632000,-0.049087,-0.012272,-1.642598,-0.802956,0.000000,1
6.633000,-0.049087,-0.012272,-1.642598,-0.802956,0.000000,1
6.634000,-0.052155,-0.012272,-1.642598,-0.802956,0.000000,1
6.635000,-0.052155,-0.012272,-1.642598,-0.802956,0.000000,1
6.636000,-0.052155,-0.012272,-1.642598,-0.802956,0.000000,1
6.637000,-0.052155,-0.012272,-1.642598,-0.802956,0.000000,1
6.638000,-0.052155,-0.012272,-1.642598,-0.802956,0.000000,1
6.639000,-0.052155,-0.012272,-1.642598,-0.802956,0.000000,1
6.640000,-0.052155,-0.012272,-1.642598,-0.802956,0.000000,1
6.641000,-0.058291,-0.018408,-1.777258,-0.802956,0.000000,1
6.642000,-0.058291,-0.018408,-1.777258,-0.802956,0.000000,1
6.643000,-0.058291,-0.018408,-1.777258,-0.802956,0.000000,1
6.644000,-0.070563,-0.024544,-1.801534,-1.046860,0.943426,1
6.645000,-0.070563,-0.024544,-1.801534,-1.046860,0.943434,1
6.646000,-0.070563,-0.024544,-1.801534,-1.046860,0.943441,1
6.647000,-0.076699,-0.027612,-1.801534,-1.046860,0.992537,1
6.648000,-0.076699,-0.027612,-1.801534,-1.046860,0.992545,1
6.649000,-0.076699,-0.027612,-1.801534,-1.046860,0.992553,1
6.650000,-0.076699,-0.027612,-1.801534,-1.046860,0.992561,1
6.651000,-0.076699,-0.027612,-1.801534,-1.046860,0.992570,1
6.652000,-0.076699,-0.027612,-1.801534,-1.046860,0.992578,1
6.653000,-0.082835,-0.030680,-1.789120,-1.046860,1.054088,1
6.654000,-0.082835,-0.030680,-1.789120,-1.046860,1.054097,1
6.655000,-0.082835,-0.030680,-1.789120,-1.046860,1.054107,1
6.656000,-0.092039,-0.036816,-1.750658,-1.021919,1.147009,1
6.657000,-0.092039,-0.036816,-1.750658,-1.021919,1.147020,1
6.658000,-0.092039,-0.036816,-1.750658,-1.021919,1.147031,1
6.659000,-0.092039,-0.036816,-1.750658,-1.021919,1.147042,1
6.660000,-0.092039,-0.036816,-1.750658,-1.021919,1.147053,1
6.661000,-0.092039,-0.036816,-1.750658,-1.021919,1.147064,1
6.662000,-0.095107,-0.039884,-1.750658,-1.021919,1.202299,1
6.663000,-0.095107,-0.039884,-1.750658,-1.021919,1.202311,1
6.664000,-0.095107,-0.039884,-1.750658,-1.021919,1.202323,1
6.665000,-0.104311,-0.042951,-1.593005,-0.914289,1.187681,1
6.666000,-0.104311,-0.042951,-1.593005,-0.914289,1.187694,1
6.667000,-0.104311,-0.042951,-1.593005,-0.914289,1.187707,1
6.668000,-0.104311,-0.042951,-1.593005,-0.914289,1.187719,1
6.669000,-0.104311,-0.042951,-1.593005,-0.914289,1.187732,1
6.670000,-0.104311,-0.042951,-1.593005,-0.914289,1.187745,1
6.671000,-0.104311,-0.042951,-1.593005,-0.914289,1.187758,1
6.672000,-0.107379,-0.046019,-1.593005,-0.815797,1.046011,1
6.673000,-0.107379,-0.046019,-1.593005,-0.815797,1.046025,1
6.674000,-0.116583,-0.046019,-1.273332,-0.815797,1.347303,1
6.675000,-0.116583,-0.046019,-1.273332,-0.815797,1.347317,1
6.676000,-0.116583,-0.046019,-1.273332,-0.815797,1.347331,1
6.677000,-0.119651,-0.046019,-1.273332,-0.815797,1.341209,1
6.678000,-0.119651,-0.046019,-1.273332,-0.797811,1.305250,1
6.679000,-0.119651,-0.046019,-1.273332,-0.797811,1.305263,1
6.680000,-0.119651,-0.046019,-1.273332,-0.797811,1.305277,1
6.681000,-0.119651,-0.046019,-1.273332,-0.797811,1.305291,1
6.682000,-0.119651,-0.046019,-1.273332,-0.797811,1.305305,1
6.683000,-0.119651,-0.046019,-1.110072,-0.633043,1.139043,1
6.684000,-0.122718,-0.046019,-1.017871,-0.601948,1.162933,1
6.685000,-0.122718,-0.046019,-0.940105,-0.573875,1.184566,1
6.686000,-0.122718,-0.046019,-0.940105,-0.573875,1.184580,1
6.687000,-0.122718,-0.046019,-0.940105,-0.573875,1.184594,1
6.688000,-0.122718,-0.046019,-0.940105,-0.573875,1.184607,1
6.689000,-0.122718,-0.046019,-0.940105,-0.573875,1.184621,1
6.690000,-0.122718,-0.046019,-0.873098,-0.548193,1.200278,1
6.691000,-0.122718,-0.042951,-0.644213,0.448207,-1.224984,1
6.692000,-0.122718,-0.039884,-0.611913,0.432330,-1.222276,1
6.693000,-0.122718,-0.039884,-0.582811,0.417597,-1.163697,1
6.694000,-0.122718,-0.039884,-0.556451,0.403888,-1.109907,1
6.695000,-0.122718,-0.036816,-0.532370,0.402812,-1.145021,1
6.696000,-0.122718,-0.036816,-0.510236,0.402812,-1.122876,1
6.697000,-0.122718,-0.036816,-0.489808,0.402812,-1.102437,1
6.698000,-0.122718,-0.036816,-0.471116,0.402812,-1.083734,1
6.699000,-0.122718,-0.036816,-0.453703,0.402812,-1.066310,1
6.700000,-0.125786,-0.036816,-0.437534,0.402812,-1.056266,1
6.701000,-0.125786,-0.036816,-0.422418,0.402812,-1.041139,1
6.702000,-0.125786,-0.036816,-0.408319,0.402812,-1.027029,1
6.703000,-0.125786,-0.033748,-0.395171,0.402812,-1.075230,1
6.704000,-0.125786,-0.033748,-0.382848,0.402812,-1.062897,1
6.705000,-0.125786,-0.033748,-0.371325,0.402812,-1.051363,1
6.706000,-0.125786,-0.033748,-0.360409,0.402812,-1.040438,1
6.707000,-0.128854,-0.033748,-0.698174,0.402812,-1.384329,1
6.708000,-0.128854,-0.033748,-0.698174,0.402812,-1.384318,1
6.709000,-0.128854,-0.033748,-0.698174,0.402812,-1.384308,1
6.710000,-0.128854,-0.033748,-0.698174,0.402812,-1.384298,1
6.711000,-0.131922,-0.033748,-0.698174,0.402812,-1.390424,1
6.712000,-0.131922,-0.033748,-0.698174,0.402812,-1.390414,1
6.713000,-0.131922,-0.033748,-0.698174,0.402812,-1.390404,1
6.714000,-0.131922,-0.036816,-0.698174,0.402812,-1.329033,1
6.715000,-0.134990,-0.036816,-0.698174,0.402812,-1.335158,1
6.716000,-0.134990,-0.036816,-0.698174,0.402812,-1.335147,1
6.717000,-0.138058,-0.036816,-0.698174,0.402812,-1.341272,1
6.718000,-0.138058,-0.036816,-0.698174,0.402812,-1.341261,1
6.719000,-0.138058,-0.036816,-0.698174,0.402812,-1.341250,1
6.720000,-0.141126,-0.039884,-0.398434,0.402812,-0.986275,1
6.721000,-0.141126,-0.039884,-0.398434,0.402812,-0.986263,1
6.722000,-0.144194,-0.039884,-0.398434,0.402812,-0.992387,1
6.723000,-0.144194,-0.042951,-0.398434,0.402812,-0.931015,1
6.724000,-0.144194,-0.042951,-0.398434,0.402812,-0.931002,1
6.725000,-0.147262,-0.042951,-0.398434,-0.397085,1.262668,1
6.726000,-0.147262,-0.046019,-0.398434,-0.387584,1.305040,1
6.727000,-0.150330,-0.046019,-0.398434,-0.387584,1.298918,1
6.728000,-0.150330,-0.049087,-0.398434,-0.387584,1.360292,1
6.729000,-0.153398,-0.049087,-1.228331,-0.387584,0.524274,1
6.730000,-0.153398,-0.052155,-1.228331,-0.387584,0.585649,1
6.731000,-0.153398,-0.052155,-1.228331,-0.387584,0.585664,1
6.732000,-0.156466,-0.052155,-1.228331,-0.387584,0.579544,1
6.733000,-0.156466,-0.052155,-1.228331,-0.387584,0.579560,1
6.734000,-0.159534,-0.052155,-1.228331,-0.387584,0.573439,1
6.735000,-0.159534,-0.055223,-1.228331,-0.387584,0.634815,1
6.736000,-0.159534,-0.055223,-1.228331,-0.387584,0.634832,1
6.737000,-0.162602,-0.055223,-1.228331,-0.387584,0.628713,1
6.738000,-0.162602,-0.055223,-1.228331,-0.387584,0.628729,1
6.739000,-0.162602,-0.058291,-1.181370,-0.984212,1.930321,1
6.740000,-0.165670,-0.058291,-1.247614,-0.984212,1.857959,1
6.741000,-0.165670,-0.058291,-1.247614,-0.984212,1.857976,1
6.742000,-0.165670,-0.061359,-1.247614,-0.984212,1.919354,1
6.743000,-0.165670,-0.061359,-1.247614,-0.984212,1.919372,1
6.744000,-0.168738,-0.061359,-1.247614,-0.984212,1.913255,1
6.745000,-0.168738,-0.061359,-1.247614,-0.984212,1.913273,1
6.746000,-0.168738,-0.061359,-1.247614,-0.984212,1.913292,1
6.747000,-0.168738,-0.061359,-1.247614,-0.984212,1.913310,1
6.748000,-0.168738,-0.064427,-1.247614,-0.984212,1.974689,1
6.749000,-0.168738,-0.064427,-1.247614,-0.984212,1.974708,1
6.750000,-0.168738,-0.064427,-1.178005,-0.984212,2.044337,1
6.751000,-0.168738,-0.064427,-1.074450,-0.959790,2.099067,1
6.752000,-0.168738,-0.064427,-0.988788,-0.890848,2.046866,1
6.753000,-0.168738,-0.064427,-0.914781,-0.830327,1.999851,1
6.754000,-0.168738,-0.064427,-0.851086,-0.777511,1.957932,1
6.755000,-0.168738,-0.064427,-0.795962,-0.731247,1.920547,1
6.756000,-0.168738,-0.061359,-0.747331,-0.723436,1.892216,1
6.757000,-0.168738,-0.061359,-0.704626,-0.723436,1.934939,1
6.758000,-0.168738,-0.061359,-0.666272,-0.723436,1.973311,1
6.759000,-0.168738,-0.061359,-0.632020,-0.723436,2.007582,1
6.760000,-0.168738,-0.061359,-0.601122,-0.723436,2.038498,1
6.761000,-0.168738,-0.061359,-0.572964,-0.723436,2.066674,1
6.762000,-0.168738,-0.058291,-0.547458,-0.723436,2.030838,1
6.763000,-0.165670,-0.058291,0.524029,-0.723436,3.108479,1
6.764000,-0.165670,-0.058291,0.502643,-0.723436,3.087111,1
6.765000,-0.165670,-0.058291,0.482849,-0.723436,3.067334,1
6.766000,-0.162602,-0.055223,0.464561,-0.723436,2.993840,1
6.767000,-0.162602,-0.055223,0.447566,-0.723436,2.976861,1
6.768000,-0.162602,-0.055223,0.431814,-0.723436,2.961125,1
6.769000,-0.159534,-0.052155,0.417087,-0.723436,2.891191,1
6.770000,-0.159534,-0.052155,0.403455,-0.723436,2.877574,1
6.771000,-0.156466,-0.049087,0.382928,0.826827,-0.898687,1
6.772000,-0.156466,-0.046019,0.382928,0.826827,-0.960032,1
6.773000,-0.156466,-0.042951,0.382928,0.826827,-1.021379,1
6.774000,-0.153398,-0.039884,0.382928,0.826827,-1.076590,1
6.775000,-0.153398,-0.036816,0.382928,2.752907,-4.990098,1
6.776000,-0.150330,-0.036816,0.382928,2.752907,-4.983951,1
6.777000,-0.150330,-0.033748,0.382928,2.752907,-5.045300,1
6.778000,-0.150330,-0.030680,0.382928,2.752907,-5.106650,1
6.779000,-0.147262,-0.030680,0.382928,2.713576,-5.021844,1
6.780000,-0.147262,-0.030680,0.382928,2.225243,-4.045169,1
6.781000,-0.147262,-0.027612,0.382928,1.881768,-3.419569,1
6.782000,-0.147262,-0.027612,0.382928,1.632196,-2.920417,1
6.783000,-0.147262,-0.027612,0.382928,1.441138,-2.538292,1
6.784000,-0.147262,-0.027612,0.382928,1.289424,-2.234857,1
6.785000,-0.147262,-0.027612,0.382928,1.167108,-1.990216,1
6.786000,-0.147262,-0.027612,0.382928,1.065203,-1.786397,1
6.787000,-0.147262,-0.027612,0.382928,0.980393,-1.616769,1
6.788000,-0.147262,-0.027612,0.382928,0.908076,-1.472128,1
6.789000,-0.150330,-0.027612,0.382928,0.845359,-1.352821,1
6.790000,-0.150330,-0.027612,0.382928,0.790683,-1.243461,1
6.791000,-0.150330,-0.027612,0.382928,0.742970,-1.148026,1
6.792000,-0.150330,-0.030680,0.382928,-0.700609,2.400500,1
6.793000,-0.150330,-0.030680,0.382928,-0.662828,2.324946,1
6.794000,-0.153398,-0.033748,-1.289253,-0.629220,0.640784,1
6.795000,-0.153398,-0.033748,0.657010,-0.629220,2.587057,1
6.796000,-0.153398,-0.033748,0.657010,-0.629220,2.587067,1
6.797000,-0.153398,-0.033748,0.657010,-0.629220,2.587077,1
6.798000,-0.153398,-0.033748,0.657010,-0.629220,2.587087,1
6.799000,-0.153398,-0.033748,0.657010,-0.629220,2.587097,1
6.800000,-0.153398,-0.033748,0.657010,-0.629220,2.587107,1
6.801000,-0.153398,-0.033748,0.657010,-0.629220,2.587118,1
6.802000,-0.153398,-0.036816,0.657010,-0.629220,2.648488,1
6.803000,-0.153398,-0.036816,0.657010,-0.629220,2.648499,1
6.804000,-0.153398,-0.036816,0.657010,-0.629220,2.648510,1
6.805000,-0.150330,-0.033748,0.657010,-0.629220,2.593297,1
6.806000,-0.150330,-0.033748,0.657010,-0.629220,2.593307,1
6.807000,-0.150330,-0.033748,0.657010,-0.629220,2.593317,1
6.808000,-0.147262,-0.033748,0.657010,-0.629220,2.599463,1
6.809000,-0.144194,-0.027612,1.213629,-0.629220,3.039508,1
6.810000,-0.141126,-0.027612,1.213629,-0.629220,3.045652,1
6.811000,-0.125786,-0.015340,1.170123,0.605334,0.000000,1
6.812000,-0.125786,-0.015340,1.170123,0.605334,0.000000,1
6.813000,-0.119651,-0.006136,2.025456,1.733118,-1.853748,1
6.814000,-0.107379,0.012272,2.186861,2.555422,-3.680567,1
6.815000,-0.104311,0.018408,2.186861,2.555422,-3.797155,1
6.816000,-0.098175,0.021476,1.837389,2.033423,-3.151722,1
6.817000,-0.095107,0.024544,1.846787,1.818740,-2.768190,1
6.818000,-0.095107,0.027612,1.846787,1.818740,-2.829558,1
6.819000,-0.095107,0.027612,1.846787,1.480170,-2.152427,1
6.820000,-0.095107,0.027612,1.718311,1.321238,-1.963047,1
6.821000,-0.095107,0.027612,1.508731,1.193740,-1.917639,1
6.822000,-0.095107,0.027612,1.342498,1.087217,-1.870835,1
6.823000,-0.098175,0.027612,-0.934391,0.803139,-3.585710,1
6.824000,-0.101243,0.024544,-0.760105,-0.670913,0.000000,1
6.825000,-0.101243,0.024544,-0.760105,-0.670913,0.000000,1
6.826000,-0.101243,0.021476,-0.641133,-0.576489,0.000000,1
6.827000,-0.104311,0.018408,-0.739034,-0.505208,-0.601880,1
6.828000,-0.107379,0.012272,-0.739034,-0.476758,-0.542201,1
6.829000,-0.110447,0.009204,-0.739034,-0.476758,-0.486980,1
6.830000,-0.116583,0.006136,-0.819625,-0.476758,-0.518486,1
6.831000,-0.119651,0.000000,-0.819625,-1.604582,2.453745,1
6.832000,-0.128854,-0.012272,-1.223453,-1.556721,2.181226,1
6.833000,-0.131922,-0.018408,-1.223453,-1.556721,2.297814,1
6.834000,-0.134990,-0.021476,-1.223453,-1.753086,2.745775,1
6.835000,-0.138058,-0.024544,-1.110085,-1.753086,2.914374,1
6.836000,-0.141126,-0.027612,-1.244574,-1.531487,2.391917,1
6.837000,-0.141126,-0.027612,-1.244574,-1.114494,1.557940,1
6.838000,-0.141126,-0.027612,-1.244574,-1.114494,1.557948,1
6.839000,-0.141126,-0.027612,-1.244574,-1.114494,1.557956,1
6.840000,-0.141126,-0.027612,-1.244574,-1.114494,1.557964,1
6.841000,-0.141126,-0.027612,-1.244574,-1.114494,1.557973,1
6.842000,-0.141126,-0.027612,-1.244574,-1.114494,1.557981,1
6.843000,-0.141126,-0.027612,-1.244574,-1.114494,1.557989,1
6.844000,-0.141126,-0.027612,-1.244574,-1.114494,1.557997,1
6.845000,-0.141126,-0.027612,-1.244574,-1.114494,1.558006,1
6.846000,-0.141126,-0.027612,-1.244574,-1.114494,1.558014,1
6.847000,-0.141126,-0.024544,-1.244574,-1.021794,1.311263,1
6.848000,-0.141126,-0.024544,-1.244574,-1.021794,1.311270,1
6.849000,-0.141126,-0.024544,-1.244574,-1.021794,1.311277,1
6.850000,-0.141126,-0.024544,-1.244574,-1.021794,1.311285,1
6.851000,-0.141126,-0.024544,-1.244574,-1.021794,1.311292,1
6.852000,-0.141126,-0.024544,-1.244574,-1.021794,1.311300,1
6.853000,-0.141126,-0.024544,-1.244574,-1.021794,1.311307,1
6.854000,-0.141126,-0.024544,-1.244574,-1.021794,1.311314,1
6.855000,-0.141126,-0.024544,-1.244574,-1.021794,1.311322,1
6.856000,-0.141126,-0.024544,-1.244574,-1.021794,1.311329,1
6.857000,-0.141126,-0.024544,-1.244574,-1.021794,1.311336,1
6.858000,-0.141126,-0.024544,-1.244574,-1.021794,1.311344,1
6.859000,-0.141126,-0.024544,-1.244574,-1.021794,1.311351,1
6.860000,-0.141126,-0.024544,-1.244574,-1.021794,1.311358,1
6.861000,-0.141126,-0.024544,-1.244574,-1.021794,1.311366,1
6.862000,-0.141126,-0.024544,-1.244574,-1.021794,1.311373,1
6.863000,-0.141126,-0.024544,-1.244574,-1.021794,1.311381,1
6.864000,-0.141126,-0.024544,-1.244574,-1.021794,1.311388,1
6.865000,-0.141126,-0.024544,-1.244574,-1.021794,1.311395,1
6.866000,-0.141126,-0.024544,-1.244574,-1.021794,1.311403,1
6.867000,-0.141126,-0.024544,-1.244574,-1.021794,1.311410,1
6.868000,-0.141126,-0.024544,-1.244574,-1.021794,1.311417,1
6.869000,-0.141126,-0.024544,-1.244574,-1.021794,1.311425,1
6.870000,-0.141126,-0.024544,-1.244574,-1.021794,1.311432,1
6.871000,-0.141126,-0.024544,-1.244574,-1.021794,1.311439,1
6.872000,-0.141126,-0.024544,-1.244574,-1.021794,1.311447,1
6.873000,-0.141126,-0.024544,-1.244574,-1.021794,1.311454,1
6.874000,-0.141126,-0.024544,-1.244574,-1.021794,1.311462,1
6.875000,-0.141126,-0.024544,-1.244574,-1.021794,1.311469,1
6.876000,-0.141126,-0.024544,-1.244574,-1.021794,1.311476,1
6.877000,-0.141126,-0.024544,-1.244574,-1.021794,1.311484,1
6.878000,-0.141126,-0.024544,-1.244574,-1.021794,1.311491,1
6.879000,-0.141126,-0.024544,-1.244574,-1.021794,1.311498,1
6.880000,-0.141126,-0.024544,-1.244574,-1.021794,1.311506,1
6.881000,-0.141126,-0.024544,-1.244574,-1.021794,1.311513,1
6.882000,-0.141126,-0.024544,-1.244574,-1.021794,1.311520,1
6.883000,-0.141126,-0.024544,-1.244574,-1.021794,1.311528,1
6.884000,-0.141126,-0.024544,-1.244574,-1.021794,1.311535,1
6.885000,-0.141126,-0.024544,-1.244574,-1.021794,1.311543,1
6.886000,-0.141126,-0.024544,-1.244574,-1.021794,1.311550,1
6.887000,-0.141126,-0.024544,-1.244574,-1.021794,1.311557,1
6.888000,-0.141126,-0.024544,-1.244574,-1.021794,1.311565,1
6.889000,-0.141126,-0.024544,-1.244574,-1.021794,1.311572,1
6.890000,-0.141126,-0.024544,-1.244574,-1.021794,1.311579,1
6.891000,-0.141126,-0.024544,-1.244574,-1.021794,1.311587,1
6.892000,-0.141126,-0.024544,-1.244574,-1.021794,1.311594,1
6.893000,-0.141126,-0.024544,-1.244574,-1.021794,1.311601,1
6.894000,-0.141126,-0.024544,-1.244574,-1.021794,1.311609,1
6.895000,-0.141126,-0.024544,-1.244574,-1.021794,1.311616,1
6.896000,-0.141126,-0.024544,-1.244574,-1.021794,1.311624,1
6.897000,-0.141126,-0.024544,-1.244574,-1.021794,1.311631,1
6.898000,-0.141126,-0.024544,-1.244574,-1.021794,1.311638,1
6.899000,-0.141126,-0.024544,-1.244574,-1.021794,1.311646,1
6.900000,-0.141126,-0.024544,-1.244574,-1.021794,1.311653,1
6.901000,-0.141126,-0.024544,-1.244574,-1.021794,1.311660,1
6.902000,-0.141126,-0.021476,-1.243329,-1.021794,1.251553,1
6.903000,-0.138058,-0.021476,1.129304,-1.021794,3.630328,1
6.904000,-0.138058,-0.021476,1.033867,-1.021794,3.534898,1
6.905000,-0.138058,-0.021476,0.953561,-1.021794,3.454598,1
6.906000,-0.138058,-0.021476,0.884853,-1.021794,3.385897,1
6.907000,-0.138058,-0.021476,0.825084,-1.021794,3.326133,1
6.908000,-0.134990,-0.018408,0.773122,-1.021794,3.218954,1
6.909000,-0.134990,-0.018408,0.727558,-1.021794,3.173395,1
6.910000,-0.131922,-0.015340,0.671435,0.943468,-1.468471,1
6.911000,-0.131922,-0.015340,0.671435,0.876581,-1.334693,1
6.912000,-0.131922,-0.012272,0.671435,0.854446,-1.351777,1
6.913000,-0.128854,-0.009204,0.671435,0.854446,-1.406998,1
6.914000,-0.128854,-0.006136,0.671435,0.854446,-1.468355,1
6.915000,-0.128854,-0.003068,0.671435,0.854446,-1.529714,1
6.916000,-0.128854,-0.003068,0.671435,0.854446,-1.529713,1
6.917000,-0.125786,-0.003068,0.671435,0.854446,-1.523576,1
6.918000,-0.125786,0.000000,0.671435,1.873247,-3.622537,1
6.919000,-0.122718,0.000000,0.671435,1.873247,-3.616401,1
6.920000,-0.122718,0.003068,0.671435,1.873247,-3.677761,1
6.921000,-0.122718,0.003068,0.671435,1.873247,-3.677762,1
6.922000,-0.122718,0.003068,0.671435,1.873247,-3.677763,1
6.923000,-0.119651,0.003068,0.967971,1.873247,-3.375091,1
6.924000,-0.119651,0.003068,0.967971,1.873247,-3.375092,1
6.925000,-0.119651,0.003068,0.967971,1.730365,-3.089330,1
6.926000,-0.119651,0.003068,0.967971,1.515921,-2.660443,1
6.927000,-0.119651,0.003068,0.967971,1.350125,-2.328851,1
6.928000,-0.119651,0.003068,0.967971,1.215101,-2.058805,1
6.929000,-0.119651,0.003068,0.967971,1.105660,-1.839924,1
6.930000,-0.119651,0.003068,0.967971,1.014768,-1.658141,1
6.931000,-0.119651,0.003068,0.967971,0.937052,-1.502710,1
6.932000,-0.122718,0.000000,0.967971,-0.812916,2.652450,1
6.933000,-0.122718,0.000000,0.967971,-0.812916,2.652450,1
6.934000,-0.122718,0.000000,0.967971,-0.812916,2.652450,1
6.935000,-0.122718,0.000000,0.967971,-0.812916,2.652450,1
6.936000,-0.122718,0.000000,0.967971,-0.762412,2.551442,1
6.937000,-0.122718,0.000000,0.967971,-0.762412,2.551442,1
6.938000,-0.122718,0.000000,0.967971,-0.762412,2.551442,1
6.939000,-0.122718,0.000000,0.967971,-0.762412,2.551442,1
6.940000,-0.122718,0.000000,-0.897263,-0.678026,0.517436,1
6.941000,-0.125786,-0.006136,-0.657063,-0.593148,0.704464,1
6.942000,-0.125786,-0.006136,-0.623676,-0.593148,0.737853,1
6.943000,-0.125786,-0.006136,-0.593612,-0.593148,0.767919,1
6.944000,-0.125786,-0.006136,-0.566186,-0.593148,0.795347,1
6.945000,-0.125786,-0.009204,-0.477962,1.438901,-3.719165,1
6.946000,-0.125786,-0.009204,-0.477962,1.438901,-3.719162,1
6.947000,-0.125786,-0.009204,-0.477962,1.438901,-3.719160,1
6.948000,-0.125786,-0.009204,-0.477962,1.438901,-3.719157,1
6.949000,-0.125786,-0.009204,-0.477962,1.438901,-3.719154,1
6.950000,-0.125786,-0.009204,-0.477962,1.438901,-3.719151,1
6.951000,-0.125786,-0.009204,-0.477962,1.438901,-3.719149,1
6.952000,-0.125786,-0.009204,-0.477962,1.438901,-3.719146,1
6.953000,-0.128854,-0.009204,-0.765302,1.786039,-4.706894,1
6.954000,-0.128854,-0.009204,-0.765302,1.786039,-4.706891,1
6.955000,-0.128854,-0.009204,-0.765302,1.786039,-4.706888,1
6.956000,-0.128854,-0.009204,-0.765302,1.786039,-4.706886,1
6.957000,-0.131922,-0.009204,-0.765302,1.786039,-4.713019,1
6.958000,-0.131922,-0.012272,-0.765302,1.786039,-4.651656,1
6.959000,-0.134990,-0.015340,-0.765302,1.786039,-4.596428,1
6.960000,-0.134990,-0.015340,-0.765302,1.786039,-4.596423,1
6.961000,-0.138058,-0.018408,-0.765302,-1.751231,3.133344,1
6.962000,-0.141126,-0.021476,-0.452289,-1.534026,3.067178,1
6.963000,-0.141126,-0.024544,3.453210,-1.534026,6.000000,1
6.964000,-0.141126,-0.030680,3.453210,-1.534026,6.000000,1
6.965000,-0.144194,-0.033748,3.453210,-4.434984,6.000000,1
6.966000,-0.144194,-0.033748,-3.434085,-4.434984,6.000000,1
6.967000,-0.144194,-0.033748,-2.682640,-4.434984,6.000000,1
6.968000,-0.144194,-0.033748,-2.682640,-4.434984,6.000000,1
6.969000,-0.144194,-0.033748,-2.682640,-4.434984,6.000000,1
6.970000,-0.147262,-0.036816,-2.201672,-3.789264,6.000000,1
6.971000,-0.147262,-0.036816,-2.201672,-3.789264,6.000000,1
6.972000,-0.147262,-0.036816,-2.201672,-3.789264,6.000000,1
6.973000,-0.147262,-0.036816,-2.201672,-3.789264,6.000000,1
6.974000,-0.147262,-0.036816,-1.620863,-2.343794,3.812786,1
6.975000,-0.147262,-0.036816,-1.620863,-2.343794,3.812797,1
6.976000,-0.147262,-0.036816,-1.620863,-2.343794,3.812808,1
6.977000,-0.147262,-0.036816,-1.060252,-1.489252,2.664345,1
6.978000,-0.141126,-0.033748,-2.422958,-1.489252,1.252561,1
6.979000,-0.141126,-0.030680,-2.422958,-1.489252,1.191211,1
6.980000,-0.138058,-0.027612,2.295358,-1.489252,5.854313,1
6.981000,-0.138058,-0.027612,1.935194,-1.489252,5.494157,1
6.982000,-0.125786,-0.018408,0.993825,1.372400,-1.930043,1
6.983000,-0.125786,-0.018408,0.993825,1.372400,-1.930038,1
6.984000,-0.125786,-0.018408,0.993825,1.372400,-1.930032,1
6.985000,-0.125786,-0.018408,0.993825,1.372400,-1.930027,1
6.986000,-0.125786,-0.015340,0.993825,1.372400,-1.991381,1
6.987000,-0.122718,-0.009204,0.993825,2.720226,-4.803614,1
6.988000,-0.119651,-0.006136,2.311820,2.720226,-3.540840,1
6.989000,-0.119651,-0.003068,2.311820,2.720226,-3.602198,1
6.990000,-0.116583,0.000000,2.311820,4.763607,-6.000000,1
6.991000,-0.113515,0.003068,2.311820,4.763607,-6.000000,1
6.992000,-0.113515,0.006136,2.311820,4.137062,-6.000000,1
6.993000,-0.110447,0.006136,2.280912,3.096041,-4.550410,1
6.994000,-0.110447,0.009204,1.924463,2.474038,-3.724215,1
6.995000,-0.107379,0.009204,2.205206,2.057989,-2.605242,1
6.996000,-0.107379,0.009204,2.205206,1.763872,-2.017011,1
6.997000,-0.104311,0.012272,2.205206,1.562181,-1.668857,1
6.998000,-0.104311,0.012272,2.205206,1.562181,-1.668860,1
6.999000,-0.104311,0.012272,2.205206,1.562181,-1.668864,1
7.000000,-0.104311,0.012272,2.205206,1.562181,-1.668868,1
7.001000,-0.104311,0.012272,1.961007,1.562181,-1.913070,1
7.002000,-0.104311,0.015340,1.688796,1.562181,-2.246645,1
7.003000,-0.101243,0.015340,1.485478,1.562181,-2.443831,1
7.004000,-0.101243,0.015340,1.324719,1.562181,-2.604595,1
7.005000,-0.101243,0.015340,1.195564,1.514108,-2.637608,1
7.006000,-0.101243,0.015340,1.089280,1.347588,-2.410856,1
7.007000,-0.101243,0.015340,1.000500,1.214286,-2.233037,1
7.008000,-0.101243,0.015340,0.925406,1.105417,-2.090397,1
7.009000,-0.101243,0.015340,0.860504,1.014056,-1.972582,1
7.010000,-0.101243,0.015340,0.803918,0.936384,-1.873829,1
7.011000,-0.104311,0.015340,1.007711,0.869881,-1.543171,1
7.012000,-0.104311,0.015340,1.007711,0.812339,-1.428091,1
7.013000,-0.104311,0.015340,1.007711,0.761738,-1.326893,1
7.014000,-0.104311,0.012272,1.007711,-0.717265,2.292468,1
7.015000,-0.104311,0.012272,1.007711,-0.677819,2.213572,1
7.016000,-0.104311,0.009204,1.007711,-0.642321,2.203932,1
7.017000,-0.104311,0.009204,1.007711,-0.610284,2.139855,1
7.018000,-0.104311,0.006136,1.007711,-0.581390,2.143425,1
7.019000,-0.104311,0.006136,1.007711,-0.555227,2.091098,1
7.020000,-0.104311,0.006136,1.007711,-0.531198,2.043037,1
7.021000,-0.104311,0.009204,1.007711,0.509120,-0.698961,1
7.022000,-0.104311,0.009204,1.007711,0.488876,-0.658475,1
7.023000,-0.104311,0.009204,1.007711,0.488876,-0.658478,1
7.024000,-0.104311,0.009204,-0.994552,0.470124,-2.623240,1
7.025000,-0.104311,0.009204,-0.855410,0.436557,-2.416967,1
7.026000,-0.104311,0.009204,-0.799897,0.421624,-2.331590,1
7.027000,-0.104311,0.009204,-0.750965,0.407624,-2.254662,1
7.028000,-0.104311,0.009204,-0.707489,0.394467,-2.184873,1
7.029000,-0.104311,0.009204,-0.669117,0.382245,-2.122060,1
7.030000,-0.104311,0.009204,-0.634539,0.370704,-2.064403,1
7.031000,-0.104311,0.009204,-0.603376,0.359847,-2.011529,1
7.032000,-0.107379,0.006136,-0.575055,-0.349579,-0.509135,1
7.033000,-0.107379,0.006136,-0.549510,-0.339971,-0.502806,1
7.034000,-0.107379,0.006136,-0.525805,-0.330746,-0.497554,1
7.035000,-0.107379,0.003068,-0.504138,-0.323594,0.000000,1
7.036000,-0.107379,0.003068,-0.484252,-0.323594,0.000000,1
7.037000,-0.107379,0.003068,-0.465912,-0.323594,0.000000,1
7.038000,-0.107379,0.003068,-0.448760,-0.323594,0.000000,1
7.039000,-0.110447,0.000000,-0.432983,-0.323594,0.000000,1
7.040000,-0.110447,0.000000,-0.418210,-0.323594,0.000000,1
7.041000,-0.110447,0.000000,-0.418210,-0.323594,0.000000,1
7.042000,-0.110447,0.000000,-0.418210,-0.323594,0.000000,1
7.043000,-0.110447,0.000000,-0.404470,-0.323594,0.000000,1
7.044000,-0.110447,0.000000,-0.404470,-0.323594,0.000000,1
7.045000,-0.110447,0.000000,-0.404470,-0.323594,0.000000,1
7.046000,-0.110447,0.000000,-0.404470,-0.323594,0.000000,1
7.047000,-0.110447,-0.003068,-0.391560,-0.323594,0.000000,1
7.048000,-0.110447,-0.003068,-0.391560,-0.323594,0.000000,1
7.049000,-0.110447,-0.003068,-0.391560,-0.323594,0.000000,1
7.050000,-0.113515,-0.006136,-0.337674,-0.323594,0.509439,1
7.051000,-0.116583,-0.009204,-0.347520,-0.873583,1.654797,1
7.052000,-0.116583,-0.009204,-0.347520,-0.873583,1.654800,1
7.053000,-0.119651,-0.012272,-0.347520,-0.873583,1.710027,1
7.054000,-0.119651,-0.012272,-0.347520,-0.873583,1.710030,1
7.055000,-0.119651,-0.015340,-0.347520,-0.873583,1.771394,1
7.056000,-0.119651,-0.015340,-0.347520,-0.873583,1.771399,1
7.057000,-0.119651,-0.015340,-0.347520,-0.873583,1.771403,1
7.058000,-0.119651,-0.018408,-0.347520,-0.873583,1.832768,1
7.059000,-0.119651,-0.018408,-0.347520,-0.873583,1.832774,1
7.060000,-0.119651,-0.018408,-0.347520,-0.873583,1.832779,1
7.061000,-0.119651,-0.018408,-0.347520,-0.873583,1.832785,1
7.062000,-0.119651,-0.018408,-0.347520,-0.873583,1.832790,1
7.063000,-0.119651,-0.018408,-0.347520,-0.873583,1.832796,1
7.064000,-0.119651,-0.018408,-0.347520,-0.867917,1.821469,1
7.065000,-0.119651,-0.018408,-0.347520,-0.867917,1.821475,1
7.066000,-0.119651,-0.018408,-0.347520,-0.810417,1.706480,1
7.067000,-0.119651,-0.018408,-0.347520,-0.810417,1.706486,1
7.068000,-0.119651,-0.018408,-0.347520,-0.810417,1.706491,1
7.069000,-0.119651,-0.018408,-0.347520,-0.715709,1.517080,1
7.070000,-0.119651,-0.015340,-0.347520,0.609113,-1.793918,1
7.071000,-0.119651,-0.015340,-0.347520,0.580525,-1.736736,1
7.072000,-0.119651,-0.015340,-0.347520,0.580525,-1.736731,1
7.073000,-0.119651,-0.015340,-0.347520,0.554141,-1.683960,1
7.074000,-0.119651,-0.015340,-0.347520,0.554141,-1.683955,1
7.075000,-0.116583,-0.009204,-0.347520,0.532559,-1.757370,1
7.076000,-0.116583,-0.012272,-0.347520,0.532559,-1.696007,1
7.077000,-0.116583,-0.012272,-0.347520,0.532559,-1.696003,1
7.078000,-0.116583,-0.012272,-0.347520,0.532559,-1.696000,1
7.079000,-0.116583,-0.012272,-0.347520,0.532559,-1.695996,1
7.080000,-0.116583,-0.012272,-0.347520,0.532559,-1.695992,1
7.081000,-0.116583,-0.012272,-0.347520,0.532559,-1.695989,1
7.082000,-0.116583,-0.012272,-0.347520,0.532559,-1.695985,1
7.083000,-0.116583,-0.009204,-0.347520,0.532559,-1.757341,1
7.084000,-0.116583,-0.009204,-0.347520,0.532559,-1.757339,1
7.085000,-0.116583,-0.009204,-0.347520,0.532559,-1.757336,1
7.086000,-0.116583,-0.009204,0.347504,0.532559,-1.062310,1
7.087000,-0.116583,-0.009204,0.347504,0.532559,-1.062307,1
7.088000,-0.116583,-0.009204,0.347504,0.532559,-1.062304,1
7.089000,-0.119651,-0.012272,-0.320338,0.532559,-1.674919,1
7.090000,-0.119651,-0.012272,-0.320338,0.532559,-1.674915,1
7.091000,-0.119651,-0.012272,-0.320338,0.532559,-1.674912,1
7.092000,-0.119651,-0.012272,-0.296994,0.532559,-1.651564,1
7.093000,-0.122718,-0.015340,-0.270783,0.532559,-1.570125,1
7.094000,-0.122718,-0.018408,-0.264970,0.532559,-1.502947,1
7.095000,-0.125786,-0.018408,-0.259346,-0.531373,1.224410,1
7.096000,-0.125786,-0.018408,-0.254010,-0.509447,1.185898,1
7.097000,-0.125786,-0.021476,-0.248811,-0.508070,1.249710,1
7.098000,-0.125786,-0.024544,-0.243882,-0.508070,1.316006,1
7.099000,-0.128854,-0.024544,-0.229562,-0.508070,1.324198,1
7.100000,-0.128854,-0.027612,-0.229562,-0.508070,1.385565,1
7.101000,-0.128854,-0.027612,-0.229562,-0.508070,1.385574,1
7.102000,-0.128854,-0.030680,-0.229562,-0.508070,1.446942,1
7.103000,-0.128854,-0.030680,-0.229562,-0.508070,1.446951,1
7.104000,-0.128854,-0.030680,-0.229562,-0.508070,1.446961,1
7.105000,-0.131922,-0.033748,-0.229562,-1.422589,3.331231,1
7.106000,-0.131922,-0.033748,-0.229562,-1.422589,3.331242,1
7.107000,-0.131922,-0.033748,-0.229562,-1.422589,3.331252,1
7.108000,-0.131922,-0.033748,-0.229562,-1.422589,3.331262,1
7.109000,-0.131922,-0.036816,-0.229562,-1.422589,3.392632,1
7.110000,-0.131922,-0.036816,-0.229562,-1.422589,3.392643,1
7.111000,-0.128854,-0.036816,-0.229562,-1.422589,3.398790,1
7.112000,-0.128854,-0.036816,-0.229562,-1.422589,3.398801,1
7.113000,-0.128854,-0.036816,-0.229562,-1.422589,3.398812,1
7.114000,-0.128854,-0.036816,-0.229562,-1.422589,3.398823,1
7.115000,-0.128854,-0.036816,-0.229562,-1.422589,3.398834,1
7.116000,-0.128854,-0.036816,-0.229562,-1.422589,3.398845,1
7.117000,-0.128854,-0.036816,-0.229562,-1.422589,3.398856,1
7.118000,-0.128854,-0.036816,-0.229562,-1.191082,2.935852,1
7.119000,-0.128854,-0.036816,-0.229562,-1.191082,2.935864,1
7.120000,-0.122718,-0.033748,-0.229562,0.922079,-1.939535,1
7.121000,-0.122718,-0.033748,-0.229562,0.922079,-1.939525,1
7.122000,-0.122718,-0.033748,-0.229562,0.922079,-1.939515,1
7.123000,-0.122718,-0.033748,-0.229562,0.922079,-1.939505,1
7.124000,-0.119651,-0.030680,0.516905,0.752450,-0.908994,1
7.125000,-0.119651,-0.030680,0.516905,0.752450,-0.908984,1
7.126000,-0.119651,-0.030680,0.516905,0.752450,-0.908975,1
7.127000,-0.119651,-0.030680,0.516905,0.752450,-0.908966,1
7.128000,-0.119651,-0.030680,0.516905,0.752450,-0.908957,1
7.129000,-0.119651,-0.030680,0.516905,0.752450,-0.908948,1
7.130000,-0.113515,-0.024544,0.516905,0.663532,-0.841551,1
7.131000,-0.113515,-0.024544,0.516905,0.663532,-0.841544,1
7.132000,-0.113515,-0.024544,0.516905,0.663532,-0.841537,1
7.133000,-0.104311,-0.012272,1.523210,2.992870,-4.720932,1
7.134000,-0.104311,-0.012272,1.523210,2.992870,-4.720929,1
7.135000,-0.104311,-0.012272,1.523210,2.992870,-4.720925,1
7.136000,-0.098175,-0.006136,1.523210,2.145626,-3.136882,1
7.137000,-0.098175,-0.006136,1.523210,2.145626,-3.136880,1
7.138000,-0.095107,-0.003068,1.716452,1.407645,-1.522898,1
7.139000,-0.095107,-0.003068,1.716452,1.407645,-1.522897,1
7.140000,-0.095107,-0.003068,1.716452,1.407645,-1.522896,1
7.141000,-0.095107,-0.003068,1.716452,1.407645,-1.522895,1
7.142000,-0.092039,0.003068,1.716452,1.295277,-1.414743,1
7.143000,-0.092039,0.003068,1.716452,1.295277,-1.414744,1
7.144000,-0.092039,0.003068,1.716452,1.295277,-1.414745,1
7.145000,-0.092039,0.003068,1.716452,1.295277,-1.414745,1
7.146000,-0.092039,0.003068,1.716452,1.295277,-1.414746,1
7.147000,-0.092039,0.003068,1.716452,1.295277,-1.414747,1
7.148000,-0.088971,0.003068,1.610834,1.295277,-1.514231,1
7.149000,-0.088971,0.003068,1.610834,1.295277,-1.514232,1
7.150000,-0.088971,0.003068,1.610834,1.295277,-1.514233,1
7.151000,-0.088971,0.003068,0.900810,1.090471,-1.814647,1
7.152000,-0.088971,0.003068,0.900810,1.090471,-1.814648,1
7.153000,-0.088971,0.003068,0.900810,1.090471,-1.814649,1
7.154000,-0.088971,0.003068,0.900810,1.090471,-1.814650,1
7.155000,-0.088971,0.003068,0.900810,1.090471,-1.814650,1
7.156000,-0.088971,0.003068,0.738302,0.928200,-1.652616,1
7.157000,-0.088971,0.003068,0.738302,0.928200,-1.652617,1
7.158000,-0.088971,0.003068,0.738302,0.928200,-1.652618,1
7.159000,-0.088971,0.003068,0.738302,0.928200,-1.652619,1
7.160000,-0.088971,0.003068,0.542459,0.928200,-1.848463,1
7.161000,-0.088971,0.003068,0.542459,0.928200,-1.848464,1
7.162000,-0.088971,0.003068,0.542459,0.928200,-1.848465,1
7.163000,-0.088971,0.000000,0.479072,0.928200,-1.850493,1
7.164000,-0.088971,0.000000,0.479072,0.928200,-1.850493,1
7.165000,-0.088971,0.000000,0.479072,0.928200,-1.850493,1
7.166000,-0.092039,-0.003068,1.128189,0.928200,-1.146151,1
7.167000,-0.098175,-0.012272,1.128189,-0.711630,2.905318,1
7.168000,-0.098175,-0.012272,1.128189,-0.711630,2.905322,1
7.169000,-0.098175,-0.012272,1.128189,-0.711630,2.905326,1
7.170000,-0.098175,-0.012272,1.128189,-0.711630,2.905330,1
7.171000,-0.098175,-0.012272,1.128189,-0.711630,2.905333,1
7.172000,-0.098175,-0.012272,1.128189,-0.711630,2.905337,1
7.173000,-0.098175,-0.021476,-0.956485,-2.140039,3.861565,1
7.174000,-0.098175,-0.021476,-0.886930,-2.140039,3.931126,1
7.175000,-0.098175,-0.021476,-0.886930,-2.140039,3.931133,1
7.176000,-0.098175,-0.021476,-0.886930,-2.140039,3.931139,1
7.177000,-0.098175,-0.021476,-0.886930,-2.140039,3.931145,1
7.178000,-0.098175,-0.021476,-0.886930,-2.140039,3.931152,1
7.179000,-0.098175,-0.021476,-0.886930,-2.140039,3.931158,1
7.180000,-0.098175,-0.021476,-0.827126,-2.140039,3.990969,1
7.181000,-0.098175,-0.021476,-0.827126,-2.140039,3.990975,1
7.182000,-0.098175,-0.021476,-0.827126,-2.140039,3.990982,1
7.183000,-0.098175,-0.024544,-0.618765,-1.741820,3.464270,1
7.184000,-0.098175,-0.024544,-0.618765,-1.741820,3.464277,1
7.185000,-0.098175,-0.024544,-0.618765,-1.741820,3.464285,1
7.186000,-0.095107,-0.024544,-0.427698,-1.221775,2.621405,1
7.187000,-0.095107,-0.024544,-0.427698,-1.221775,2.621413,1
7.188000,-0.095107,-0.024544,-0.427698,-1.221775,2.621420,1
7.189000,-0.092039,-0.024544,-0.427698,-0.941008,2.066030,1
7.190000,-0.085903,-0.018408,-0.427698,0.719874,-1.966175,1
7.191000,-0.085903,-0.015340,-0.427698,0.680172,-1.948125,1
7.192000,-0.085903,-0.015340,-0.427698,0.644363,-1.876504,1
7.193000,-0.082835,-0.009204,0.674085,0.643722,-0.890017,1
7.194000,-0.082835,-0.009204,0.674085,0.643722,-0.890015,1
7.195000,-0.079767,-0.006136,0.674085,0.643722,-0.945236,1
7.196000,-0.079767,-0.006136,0.674085,0.643722,-0.945234,1
7.197000,-0.076699,-0.003068,0.674085,0.643722,-1.000457,1
7.198000,-0.076699,-0.003068,0.674085,0.643722,-1.000456,1
7.199000,-0.076699,-0.003068,0.674085,0.643722,-1.000455,1
7.200000,-0.073631,0.000000,0.674085,1.583722,-2.935679,1
7.201000,-0.073631,0.000000,0.674085,1.583722,-2.935679,1
7.202000,-0.070563,0.000000,1.429769,1.583722,-2.173859,1
7.203000,-0.070563,0.003068,1.429769,1.583722,-2.235220,1
7.204000,-0.070563,0.003068,1.429769,1.583722,-2.235220,1
7.205000,-0.070563,0.003068,1.429769,1.583722,-2.235221,1
7.206000,-0.070563,0.003068,1.429769,1.583722,-2.235222,1
7.207000,-0.067495,0.006136,1.429769,1.583722,-2.290447,1
7.208000,-0.067495,0.006136,1.429769,1.489696,-2.102397,1
7.209000,-0.067495,0.006136,1.429769,1.328533,-1.780073,1
7.210000,-0.067495,0.006136,1.429769,1.198325,-1.519658,1
7.211000,-0.067495,0.006136,1.349294,1.092290,-1.388065,1
7.212000,-0.067495,0.006136,1.215504,1.002925,-1.343127,1
7.213000,-0.067495,0.006136,1.105861,0.927083,-1.301087,1
7.214000,-0.067495,0.006136,1.014679,0.862133,-1.262373,1
7.215000,-0.067495,0.006136,0.937087,0.805467,-1.226633,1
7.216000,-0.067495,0.006136,0.870741,0.755957,-1.193961,1
7.217000,-0.067495,0.006136,0.812984,0.712040,-1.163886,1
7.218000,-0.067495,0.006136,0.762365,0.672908,-1.136243,1
7.219000,-0.067495,0.006136,0.717732,0.637894,-1.110851,1
7.220000,-0.067495,0.003068,0.678005,0.634500,-1.082431,1
7.221000,-0.067495,0.003068,0.642680,0.634500,-1.117757,1
7.222000,-0.067495,0.003068,0.610705,0.634500,-1.149734,1
7.223000,-0.067495,0.003068,0.581677,0.634500,-1.178762,1
7.224000,-0.067495,0.003068,0.555274,0.634500,-1.205167,1
7.225000,-0.067495,0.000000,0.531250,0.634500,-1.167831,1
7.226000,-0.067495,0.000000,0.531250,0.634500,-1.167831,1
7.227000,-0.067495,0.000000,0.531250,0.634500,-1.167831,1
7.228000,-0.067495,0.000000,0.509337,0.634500,-1.189744,1
7.229000,-0.067495,-0.003068,0.452827,0.634500,-1.184894,1
7.230000,-0.067495,-0.003068,0.436726,0.634500,-1.200994,1
7.231000,-0.067495,-0.003068,0.421785,0.634500,-1.215934,1
7.232000,-0.070563,-0.006136,-0.407746,0.634500,-1.990240,1
7.233000,-0.070563,-0.006136,-0.394633,0.634500,-1.977125,1
7.234000,-0.070563,-0.006136,-0.382372,0.634500,-1.964863,1
7.235000,-0.070563,-0.009204,-0.370750,-0.816052,1.609227,1
7.236000,-0.070563,-0.009204,-0.359960,-0.816052,1.620019,1
7.237000,-0.070563,-0.012272,-0.349671,-0.816052,1.691671,1
7.238000,-0.073631,-0.015340,-0.340002,-0.816052,1.756569,1
7.239000,-0.073631,-0.018408,-0.330833,-0.816052,1.827102,1
7.240000,-0.073631,-0.018408,-0.322102,-0.816052,1.835838,1
7.241000,-0.073631,-0.018408,-0.313858,-0.816052,1.844088,1
7.242000,-0.073631,-0.021476,-0.306039,-1.773160,3.827490,1
7.243000,-0.073631,-0.021476,-0.298588,-1.773160,3.834947,1
7.244000,-0.073631,-0.021476,-0.291491,-1.773160,3.842051,1
7.245000,-0.073631,-0.024544,-0.284726,-1.773160,3.910182,1
7.246000,-0.073631,-0.024544,-0.284726,-1.773160,3.910189,1
7.247000,-0.073631,-0.024544,-0.278292,-1.773160,3.916631,1
7.248000,-0.073631,-0.024544,-0.266226,-1.769935,3.922254,1
7.249000,-0.073631,-0.024544,-0.260567,-1.546595,3.481241,1
7.250000,-0.070563,-0.024544,-0.298363,-1.373168,3.102732,1
7.251000,-0.070563,-0.024544,-0.298363,-1.235062,2.826527,1
7.252000,-0.070563,-0.024544,-0.298363,-1.122565,2.601541,1
7.253000,-0.070563,-0.024544,-0.298363,-1.028506,2.413431,1
7.254000,-0.067495,-0.021476,-0.298363,0.949011,-2.196820,1
7.255000,-0.067495,-0.021476,-0.298363,0.880819,-2.060431,1
7.256000,-0.067495,-0.018408,-0.298363,0.822144,-2.004433,1
7.257000,-0.067495,-0.018408,-0.298363,0.822144,-2.004428,1
7.258000,-0.064427,-0.015340,-0.298363,0.724620,-1.864599,1
7.259000,-0.064427,-0.015340,-0.298363,0.684347,-1.784048,1
7.260000,-0.064427,-0.015340,-0.298363,0.647995,-1.711340,1
7.261000,-0.064427,-0.015340,-0.298363,0.647995,-1.711336,1
7.262000,-0.064427,-0.015340,-0.298363,0.615872,-1.647084,1
7.263000,-0.061359,-0.012272,-0.298363,0.614319,-1.699197,1
7.264000,-0.061359,-0.012272,-0.298363,0.614319,-1.699194,1
7.265000,-0.061359,-0.012272,-0.298363,0.614319,-1.699190,1
7.266000,-0.061359,-0.012272,-0.298363,0.614319,-1.699186,1
7.267000,-0.061359,-0.012272,-0.298363,0.614319,-1.699183,1
7.268000,-0.061359,-0.012272,-0.298363,0.614319,-1.699179,1
7.269000,-0.061359,-0.012272,-0.298363,0.614319,-1.699175,1
7.270000,-0.061359,-0.012272,-0.298363,0.614319,-1.699172,1
7.271000,-0.061359,-0.012272,-0.298363,0.614319,-1.699168,1
7.272000,-0.061359,-0.012272,-0.298363,0.614319,-1.699164,1
7.273000,-0.061359,-0.012272,-0.298363,0.614319,-1.699161,1
7.274000,-0.061359,-0.012272,-0.298363,0.614319,-1.699157,1
7.275000,-0.061359,-0.012272,-0.298363,0.614319,-1.699153,1
7.276000,-0.061359,-0.015340,-0.298363,0.614319,-1.637789,1
7.277000,-0.061359,-0.015340,-0.298363,0.614319,-1.637785,1
7.278000,-0.061359,-0.015340,-0.298363,0.614319,-1.637780,1
7.279000,-0.061359,-0.015340,-0.298363,0.614319,-1.637776,1
7.280000,-0.064427,-0.015340,-0.298363,0.614319,-1.643907,1
7.281000,-0.064427,-0.015340,-0.298363,0.614319,-1.643902,1
7.282000,-0.064427,-0.015340,-0.298363,0.614319,-1.643898,1
7.283000,-0.064427,-0.015340,-0.298363,0.614319,-1.643893,1
7.284000,-0.070563,-0.027612,-0.614972,-0.610656,1.322621,1
7.285000,-0.070563,-0.027612,-0.614972,-0.610656,1.322630,1
7.286000,-0.070563,-0.027612,-0.614972,-0.610656,1.322638,1
7.287000,-0.070563,-0.027612,-0.614972,-0.610656,1.322646,1
7.288000,-0.070563,-0.027612,-0.614972,-0.610656,1.322654,1
7.289000,-0.070563,-0.027612,-0.614972,-0.610656,1.322663,1
7.290000,-0.070563,-0.030680,-0.614972,-0.610656,1.384031,1
7.291000,-0.070563,-0.030680,-0.614972,-0.610656,1.384040,1
7.292000,-0.070563,-0.030680,-0.614972,-0.610656,1.384050,1
7.293000,-0.070563,-0.030680,-0.614972,-0.610656,1.384059,1
7.294000,-0.070563,-0.030680,-0.614972,-0.610656,1.384068,1
7.295000,-0.070563,-0.030680,-0.614972,-0.610656,1.384077,1
7.296000,-0.073631,-0.042951,-0.614972,-1.652329,3.706737,1
7.297000,-0.076699,-0.042951,-0.614972,-1.650489,3.696934,1
7.298000,-0.076699,-0.046019,-0.614972,-1.569956,3.597241,1
7.299000,-0.076699,-0.049087,-0.614972,-1.569956,3.658615,1
7.300000,-0.076699,-0.049087,-0.614972,-1.569956,3.658630,1
7.301000,-0.076699,-0.049087,-0.614972,-1.569956,3.658645,1
7.302000,-0.076699,-0.049087,-0.614972,-1.569956,3.658659,1
7.303000,-0.076699,-0.049087,-0.614972,-1.569956,3.658674,1
7.304000,-0.076699,-0.049087,-0.614972,-1.569956,3.658689,1
7.305000,-0.076699,-0.049087,-0.614972,-1.569956,3.658704,1
7.306000,-0.076699,-0.049087,-0.614972,-1.569956,3.658718,1
7.307000,-0.070563,-0.052155,0.383277,-1.155919,3.902540,1
7.308000,-0.070563,-0.052155,0.383277,-1.155919,3.902555,1
7.309000,-0.070563,-0.052155,0.383277,-1.155919,3.902571,1
7.310000,-0.067495,-0.049087,0.383277,-1.030041,3.595605,1
7.311000,-0.067495,-0.049087,0.383277,-1.030041,3.595620,1
7.312000,-0.064427,-0.049087,0.383277,-1.030041,3.601771,1
7.313000,-0.064427,-0.049087,0.383277,-1.030041,3.601786,1
7.314000,-0.064427,-0.049087,0.383277,-1.030041,3.601800,1
7.315000,-0.058291,-0.042951,0.578372,-1.030041,3.686462,1
7.316000,-0.058291,-0.042951,0.578372,-1.030041,3.686475,1
7.317000,-0.055223,-0.039884,0.578372,-1.030041,3.631264,1
7.318000,-0.052155,-0.036816,0.578372,1.272152,-1.628333,1
7.319000,-0.036816,-0.018408,1.926595,2.705972,-3.485222,1
7.320000,-0.036816,-0.018408,1.926595,2.705972,-3.485216,1
7.321000,-0.036816,-0.018408,1.926595,2.705972,-3.485211,1
7.322000,-0.036816,-0.018408,1.926595,2.705972,-3.485205,1
7.323000,-0.036816,-0.018408,1.926595,2.705972,-3.485200,1
7.324000,-0.036816,-0.018408,1.926595,2.705972,-3.485194,1
7.325000,-0.036816,-0.018408,1.926595,2.705972,-3.485189,1
7.326000,-0.033748,-0.015340,2.074641,2.214052,-2.408522,1
7.327000,-0.033748,-0.015340,2.074641,2.214052,-2.408517,1
7.328000,-0.024544,-0.009204,1.835824,1.491086,-1.305710,1
7.329000,-0.024544,-0.009204,1.835824,1.491086,-1.305707,1
7.330000,-0.021476,-0.006136,1.771987,1.491086,-1.424765,1
7.331000,-0.021476,-0.006136,1.771987,1.491086,-1.424764,1
7.332000,-0.018408,-0.006136,1.771987,1.318669,-1.073792,1
7.333000,-0.018408,-0.006136,1.771987,1.191372,-0.819196,1
7.334000,-0.018408,-0.006136,1.771987,1.191372,-0.819194,1
7.335000,-0.018408,-0.006136,1.771987,1.191372,-0.819193,1
7.336000,-0.018408,-0.006136,1.771987,1.191372,-0.819191,1
7.337000,-0.018408,-0.006136,1.771987,1.191372,-0.819189,1
7.338000,-0.018408,-0.006136,1.771987,1.191372,-0.819187,1
7.339000,-0.018408,-0.006136,1.771987,1.191372,-0.819185,1
7.340000,-0.018408,-0.006136,1.771987,1.191372,-0.819183,1
7.341000,-0.018408,-0.006136,1.771987,1.191372,-0.819181,1
7.342000,-0.018408,-0.006136,1.771987,1.191372,-0.819180,1
7.343000,-0.015340,-0.003068,1.510198,0.922432,-0.598311,1
7.344000,-0.015340,-0.003068,1.344228,0.857745,-0.634907,1
7.345000,-0.015340,-0.003068,1.212225,0.802018,-0.655453,1
7.346000,-0.015340,-0.003068,1.212225,0.802018,-0.655452,1
7.347000,-0.015340,-0.003068,1.212225,0.802018,-0.655451,1
7.348000,-0.015340,-0.003068,1.212225,0.802018,-0.655451,1
7.349000,-0.015340,-0.003068,1.212225,0.802018,-0.655450,1
7.350000,-0.015340,-0.003068,1.212225,0.802018,-0.655449,1
7.351000,-0.015340,-0.003068,1.212225,0.802018,-0.655448,1
7.352000,-0.015340,-0.003068,1.212225,0.802018,-0.655447,1
7.353000,-0.012272,-0.003068,1.103758,0.753057,-0.659855,1
7.354000,-0.009204,-0.006136,1.066505,-0.526681,2.529865,1
7.355000,-0.006136,-0.006136,1.066505,-0.466514,2.415669,1
7.356000,-0.006136,-0.006136,1.066505,-0.418724,2.320090,1
7.357000,-0.006136,-0.006136,1.066505,-0.418724,2.320092,1
7.358000,-0.006136,-0.006136,1.066505,-0.418724,2.320094,1
7.359000,-0.003068,-0.012272,0.974270,-0.413260,2.345789,1
7.360000,-0.003068,-0.012272,0.974270,-0.413260,2.345793,1
7.361000,-0.003068,-0.012272,0.974270,-0.413260,2.345796,1
7.362000,-0.003068,-0.012272,0.974270,-0.413260,2.345800,1
7.363000,-0.003068,-0.012272,0.974270,-0.413260,2.345804,1
7.364000,-0.003068,-0.012272,0.974270,-0.413260,2.345807,1
7.365000,-0.003068,-0.012272,0.974270,-0.413260,2.345811,1
7.366000,-0.003068,-0.012272,0.974270,-0.413260,2.345815,1
7.367000,-0.003068,-0.012272,0.974270,-0.413260,2.345819,1
7.368000,0.000000,-0.012272,0.786704,-0.413260,2.164393,1
7.369000,0.003068,-0.012272,0.678547,-0.413260,2.062375,1
7.370000,0.006136,-0.012272,0.678547,-0.413260,2.068514,1
7.371000,0.012272,-0.009204,0.678547,-0.413260,2.019430,1
7.372000,0.012272,-0.009204,0.678547,-0.413260,2.019433,1
7.373000,0.012272,-0.009204,0.678547,-0.413260,2.019435,1
7.374000,0.012272,-0.009204,0.678547,-0.413260,2.019438,1
7.375000,0.012272,-0.009204,0.678547,-0.413260,2.019441,1
7.376000,0.012272,-0.009204,0.678547,-0.413260,2.019444,1
7.377000,0.012272,-0.009204,0.678547,-0.413260,2.019446,1
7.378000,0.012272,-0.009204,0.678547,-0.413260,2.019449,1
7.379000,0.012272,-0.009204,0.678547,-0.413260,2.019452,1
7.380000,0.027612,0.000000,1.586019,0.572768,0.801470,1
7.381000,0.033748,0.006136,1.586019,0.572768,0.691021,1
7.382000,0.039884,0.015340,1.950036,1.836000,-2.243235,1
7.383000,0.039884,0.015340,1.950036,1.836000,-2.243240,1
7.384000,0.042951,0.015340,1.950036,1.836000,-2.237109,1
7.385000,0.042951,0.015340,1.950036,1.836000,-2.237113,1
7.386000,0.042951,0.015340,1.950036,1.836000,-2.237118,1
7.387000,0.042951,0.015340,1.950036,1.836000,-2.237122,1
7.388000,0.042951,0.015340,1.950036,1.836000,-2.237127,1
7.389000,0.042951,0.015340,1.950036,1.836000,-2.237132,1
7.390000,0.042951,0.015340,1.950036,1.836000,-2.237136,1
7.391000,0.042951,0.015340,1.950036,1.836000,-2.237141,1
7.392000,0.042951,0.015340,1.950036,1.836000,-2.237145,1
7.393000,0.042951,0.015340,1.950036,1.836000,-2.237150,1
7.394000,0.042951,0.015340,1.950036,1.836000,-2.237155,1
7.395000,0.042951,0.015340,1.950036,1.836000,-2.237159,1
7.396000,0.042951,0.015340,1.950036,1.836000,-2.237164,1
7.397000,0.042951,0.015340,1.950036,1.836000,-2.237168,1
7.398000,0.046019,0.021476,1.950036,1.836000,-2.353757,1
7.399000,0.046019,0.021476,1.950036,1.836000,-2.353764,1
7.400000,0.046019,0.021476,1.950036,1.836000,-2.353770,1
7.401000,0.055223,0.027612,2.028898,2.119429,-2.946086,1
7.402000,0.061359,0.033748,1.700549,1.407082,-1.960198,1
7.403000,0.061359,0.033748,1.494620,1.263086,-1.878145,1
7.404000,0.061359,0.033748,1.494620,1.263086,-1.878155,1
7.405000,0.061359,0.033748,1.494620,1.263086,-1.878166,1
7.406000,0.061359,0.033748,1.331805,1.144812,-1.804442,1
7.407000,0.061359,0.033748,1.331805,1.144812,-1.804453,1
7.408000,0.064427,0.033748,1.599879,0.964889,-1.170407,1
7.409000,0.064427,0.033748,1.599879,0.964889,-1.170417,1
7.410000,0.064427,0.033748,1.599879,0.833826,-0.908301,1
7.411000,0.067495,0.033748,1.599879,0.692727,-0.619978,1
7.412000,0.067495,0.033748,1.599879,0.655580,-0.545694,1
7.413000,0.067495,0.033748,1.523147,0.622336,-0.555947,1
7.414000,0.067495,0.033748,1.354785,0.592263,-0.664174,1
7.415000,0.067495,0.033748,1.219968,0.564969,-0.744413,1
7.416000,0.067495,0.030680,1.110140,-0.540219,2.017486,1
7.417000,0.070563,0.030680,1.018243,-0.517492,1.886260,1
7.418000,0.070563,0.030680,0.940136,-0.496527,1.766215,1
7.419000,0.070563,0.027612,0.872985,-0.490152,1.747665,1
7.420000,0.070563,0.027612,0.815018,-0.490152,1.689690,1
7.421000,0.073631,0.027612,0.644025,-0.490152,1.524824,1
7.422000,0.073631,0.027612,0.644025,-0.490152,1.524816,1
7.423000,0.073631,0.027612,0.644025,-0.490152,1.524808,1
7.424000,0.073631,0.027612,0.644025,-0.490152,1.524800,1
7.425000,0.076699,0.027612,0.723339,-0.490152,1.610242,1
7.426000,0.076699,0.027612,0.723339,-0.490152,1.610234,1
7.427000,0.076699,0.027612,0.723339,-0.490152,1.610225,1
7.428000,0.079767,0.027612,0.723339,-0.490152,1.616353,1
7.429000,0.079767,0.027612,0.723339,-0.490152,1.616345,1
7.430000,0.079767,0.027612,0.723339,-0.490152,1.616337,1
7.431000,0.079767,0.027612,0.723339,-0.490152,1.616328,1
7.432000,0.082835,0.030680,0.723339,-0.490152,1.561096,1
7.433000,0.085903,0.030680,0.723339,-0.490152,1.567222,1
7.434000,0.085903,0.030680,0.723339,-0.490152,1.567213,1
7.435000,0.085903,0.030680,0.723339,-0.490152,1.567204,1
7.436000,0.088971,0.033748,0.881564,-0.490152,1.670195,1
7.437000,0.092039,0.033748,0.881564,-0.490152,1.676321,1
7.438000,0.092039,0.033748,0.881564,-0.490152,1.676311,1
7.439000,0.098175,0.039884,0.881564,0.596745,-1.207942,1
7.440000,0.098175,0.039884,0.881564,0.596745,-1.207954,1
7.441000,0.098175,0.039884,0.881564,0.596745,-1.207966,1
7.442000,0.101243,0.039884,1.422399,0.596745,-0.661007,1
7.443000,0.101243,0.039884,1.422399,0.596745,-0.661018,1
7.444000,0.101243,0.039884,1.422399,0.596745,-0.661030,1
7.445000,0.101243,0.039884,1.422399,0.596745,-0.661042,1
7.446000,0.101243,0.039884,1.422399,0.596745,-0.661054,1
7.447000,0.101243,0.039884,1.422399,0.596745,-0.661066,1
7.448000,0.104311,0.049087,1.422399,1.917555,-3.480644,1
7.449000,0.104311,0.049087,1.422399,1.917555,-3.480658,1
7.450000,0.104311,0.049087,1.422399,1.917555,-3.480673,1
7.451000,0.104311,0.049087,1.422399,1.917555,-3.480688,1
7.452000,0.110447,0.052155,1.422399,1.917555,-3.529791,1
7.453000,0.113515,0.058291,1.581854,1.592485,-2.836797,1
7.454000,0.116583,0.058291,1.581854,1.408980,-2.463668,1
7.455000,0.116583,0.058291,1.581854,1.263885,-2.173494,1
7.456000,0.116583,0.058291,1.581854,1.263885,-2.173512,1
7.457000,0.119651,0.061359,1.470254,1.162994,-2.138571,1
7.458000,0.119651,0.061359,1.312056,1.162994,-2.296788,1
7.459000,0.119651,0.061359,1.312056,1.162994,-2.296806,1
7.460000,0.122718,0.061359,0.603083,-0.809782,1.545889,1
7.461000,0.122718,0.055223,0.525488,-0.675792,1.323017,1
7.462000,0.122718,0.055223,0.525488,-0.675792,1.323000,1
7.463000,0.122718,0.055223,0.465726,-0.580067,1.071772,1
7.464000,0.125786,0.052155,1.240177,-0.453038,1.659644,1
7.465000,0.125786,0.052155,1.240177,-0.453038,1.659628,1
7.466000,0.125786,0.052155,1.240177,-0.453038,1.659613,1
7.467000,0.125786,0.052155,1.240177,-0.453038,1.659597,1
7.468000,0.125786,0.052155,1.240177,-0.453038,1.659581,1
7.469000,0.128854,0.055223,1.240177,-0.453038,1.604341,1
7.470000,0.128854,0.055223,1.240177,-0.453038,1.604325,1
7.471000,0.128854,0.055223,1.240177,-0.453038,1.604308,1
7.472000,0.128854,0.055223,1.240177,-0.453038,1.604292,1
7.473000,0.128854,0.055223,1.240177,-0.453038,1.604275,1
7.474000,0.128854,0.055223,1.240177,-0.453038,1.604259,1
7.475000,0.128854,0.055223,1.240177,-0.453038,1.604242,1
7.476000,0.128854,0.055223,1.240177,-0.453038,1.604225,1
7.477000,0.128854,0.055223,1.240177,-0.453038,1.604209,1
7.478000,0.128854,0.055223,1.240177,-0.453038,1.604192,1
7.479000,0.128854,0.055223,1.240177,-0.453038,1.604176,1
7.480000,0.128854,0.055223,1.240177,-0.453038,1.604159,1
7.481000,0.128854,0.055223,1.240177,-0.453038,1.604143,1
7.482000,0.128854,0.055223,1.240177,-0.453038,1.604126,1
7.483000,0.128854,0.055223,1.240177,-0.453038,1.604110,1
7.484000,0.128854,0.055223,1.240177,-0.453038,1.604093,1
7.485000,0.128854,0.055223,1.240177,-0.453038,1.604076,1
7.486000,0.128854,0.055223,1.240177,-0.453038,1.604060,1
7.487000,0.128854,0.055223,1.240177,-0.453038,1.604043,1
7.488000,0.128854,0.055223,1.240177,-0.453038,1.604027,1
7.489000,0.128854,0.055223,1.240177,-0.453038,1.604010,1
7.490000,0.128854,0.055223,1.240177,-0.453038,1.603994,1
7.491000,0.128854,0.055223,1.240177,-0.453038,1.603977,1
7.492000,0.131922,0.055223,1.240177,-0.453038,1.610096,1
7.493000,0.131922,0.055223,1.167455,-0.453038,1.537357,1
7.494000,0.131922,0.055223,1.065739,-0.453038,1.435625,1
7.495000,0.134990,0.058291,0.981042,-0.453038,1.295688,1
7.496000,0.134990,0.058291,0.908479,-0.453038,1.223107,1
7.497000,0.134990,0.058291,0.845633,-0.453038,1.160243,1
7.498000,0.138058,0.061359,0.347975,0.850607,-2.599946,1
7.499000,0.138058,0.061359,0.347975,0.850607,-2.599964,1
7.500000,0.138058,0.061359,0.347975,0.850607,-2.599983,1
7.501000,0.138058,0.061359,0.347975,0.850607,-2.600001,1
7.502000,0.138058,0.061359,0.347975,0.850607,-2.600020,1
7.503000,0.138058,0.061359,0.347975,0.850607,-2.600038,1
7.504000,0.138058,0.061359,0.347975,0.850607,-2.600056,1
7.505000,0.138058,0.061359,0.347975,0.850607,-2.600075,1
7.506000,0.138058,0.061359,0.347975,0.850607,-2.600093,1
7.507000,0.138058,0.061359,0.347975,0.850607,-2.600112,1
7.508000,0.138058,0.061359,0.347975,0.850607,-2.600130,1
7.509000,0.141126,0.067495,0.347975,0.850607,-2.716733,1
7.510000,0.141126,0.067495,0.347975,0.850607,-2.716753,1
7.511000,0.141126,0.067495,0.347975,0.850607,-2.716773,1
7.512000,0.144194,0.070563,0.347975,0.850607,-2.772018,1
7.513000,0.144194,0.070563,0.347975,0.850607,-2.772039,1
7.514000,0.144194,0.070563,0.347975,0.850607,-2.772060,1
7.515000,0.144194,0.070563,0.347975,0.850607,-2.772081,1
7.516000,0.144194,0.070563,0.347975,0.850607,-2.772102,1
7.517000,0.144194,0.070563,0.347975,0.850607,-2.772124,1
7.518000,0.141126,0.070563,0.828024,0.837747,-2.272513,1
7.519000,0.141126,0.070563,0.828024,0.837747,-2.272534,1
7.520000,0.141126,0.070563,0.828024,0.837747,-2.272555,1
7.521000,0.141126,0.070563,0.828024,0.837747,-2.272576,1
7.522000,0.141126,0.070563,0.828024,0.837747,-2.272597,1
7.523000,0.141126,0.070563,0.828024,0.837747,-2.272618,1
7.524000,0.138058,0.070563,0.828024,0.594343,-1.791966,1
7.525000,0.138058,0.070563,0.828024,0.594343,-1.791987,1
7.526000,0.138058,0.070563,0.828024,0.594343,-1.792008,1
7.527000,0.128854,0.061359,-0.926593,-0.518402,-1.155485,1
7.528000,0.128854,0.061359,-0.926593,-0.518402,-1.155503,1
7.529000,0.128854,0.061359,-0.926593,-0.518402,-1.155522,1
7.530000,0.125786,0.058291,-0.926593,-0.518402,-1.100316,1
7.531000,0.125786,0.058291,-0.926593,-0.518402,-1.100333,1
7.532000,0.125786,0.058291,-0.926593,-0.518402,-1.100351,1
7.533000,0.119651,0.052155,-0.926593,-1.551974,1.677224,1
7.534000,0.119651,0.052155,-0.926593,-1.551974,1.677209,1
7.535000,0.119651,0.052155,-0.926593,-1.551974,1.677193,1
7.536000,0.113515,0.046019,-1.539656,-1.551974,1.174563,1
7.537000,0.113515,0.046019,-1.539656,-1.551974,1.174549,1
7.538000,0.113515,0.046019,-1.539656,-1.551974,1.174535,1
7.539000,0.110447,0.039884,-1.539656,-1.943909,2.074977,1
7.540000,0.110447,0.039884,-1.539656,-1.943909,2.074965,1
7.541000,0.110447,0.039884,-1.539656,-1.943909,2.074953,1
7.542000,0.104311,0.030680,-1.818905,-1.943909,1.967501,1
7.543000,0.104311,0.030680,-1.818905,-1.943909,1.967491,1
7.544000,0.104311,0.030680,-1.818905,-1.943909,1.967482,1
7.545000,0.098175,0.024544,-1.818905,-2.840358,3.870819,1
7.546000,0.098175,0.024544,-1.818905,-2.840358,3.870812,1
7.547000,0.098175,0.024544,-1.818905,-2.840358,3.870804,1
7.548000,0.095107,0.021476,-1.684231,-2.260298,2.900573,1
7.549000,0.095107,0.021476,-1.684231,-2.260298,2.900567,1
7.550000,0.095107,0.021476,-1.684231,-2.260298,2.900561,1
7.551000,0.092039,0.015340,-1.702013,-1.742455,1.963672,1
7.552000,0.092039,0.015340,-1.702013,-1.742455,1.963667,1
7.553000,0.092039,0.015340,-1.702013,-1.742455,1.963663,1
7.554000,0.092039,0.015340,-1.702013,-1.742455,1.963658,1
7.555000,0.092039,0.015340,-1.702013,-1.742455,1.963653,1
7.556000,0.092039,0.015340,-1.702013,-1.742455,1.963649,1
7.557000,0.092039,0.015340,-1.702013,-1.742455,1.963644,1
7.558000,0.092039,0.015340,-1.702013,-1.742455,1.963640,1
7.559000,0.092039,0.015340,-1.702013,-1.742455,1.963635,1
7.560000,0.088971,0.012272,-1.702013,-1.742455,2.018855,1
7.561000,0.088971,0.012272,-1.702013,-1.742455,2.018851,1
7.562000,0.088971,0.012272,-1.702013,-1.742455,2.018847,1
7.563000,0.088971,0.012272,-0.892005,-0.997265,1.338471,1
7.564000,0.088971,0.012272,-0.892005,-0.997265,1.338468,1
7.565000,0.088971,0.012272,-0.892005,-0.997265,1.338464,1
7.566000,0.088971,0.012272,-0.892005,-0.997265,1.338460,1
7.567000,0.088971,0.012272,-0.892005,-0.997265,1.338457,1
7.568000,0.088971,0.012272,-0.892005,-0.997265,1.338453,1
7.569000,0.088971,0.012272,-0.892005,-0.997265,1.338449,1
7.570000,0.088971,0.012272,-0.892005,-0.997265,1.338446,1
7.571000,0.088971,0.012272,-0.892005,-0.997265,1.338442,1
7.572000,0.088971,0.012272,-0.732417,-0.997265,1.498026,1
7.573000,0.088971,0.012272,-0.732417,-0.997265,1.498022,1
7.574000,0.088971,0.012272,-0.732417,-0.997265,1.498019,1
7.575000,0.095107,0.024544,0.476551,1.034526,-2.189767,1
7.576000,0.095107,0.024544,0.476551,1.034526,-2.189775,1
7.577000,0.095107,0.024544,0.476551,1.034526,-2.189782,1
7.578000,0.095107,0.024544,0.476551,1.034526,-2.189789,1
7.579000,0.095107,0.024544,0.476551,1.034526,-2.189797,1
7.580000,0.095107,0.024544,0.476551,1.034526,-2.189804,1
7.581000,0.101243,0.030680,0.445428,1.034526,-2.331383,1
7.582000,0.101243,0.030680,0.445428,1.034526,-2.331392,1
7.583000,0.101243,0.030680,0.445428,1.034526,-2.331401,1
7.584000,0.110447,0.042951,0.445428,1.973301,-4.435993,1
7.585000,0.110447,0.042951,0.445428,1.973301,-4.436005,1
7.586000,0.110447,0.042951,0.445428,1.973301,-4.436018,1
7.587000,0.113515,0.052155,1.244539,2.276857,-4.421977,1
7.588000,0.116583,0.058291,1.244539,2.276857,-4.538577,1
7.589000,0.116583,0.058291,1.244539,2.276857,-4.538595,1
7.590000,0.116583,0.058291,1.244539,2.276857,-4.538612,1
7.591000,0.116583,0.058291,1.244539,2.276857,-4.538630,1
7.592000,0.116583,0.058291,1.244539,2.276857,-4.538647,1
7.593000,0.119651,0.064427,1.244539,2.648346,-5.398228,1
7.594000,0.119651,0.064427,1.244539,2.648346,-5.398247,1
7.595000,0.119651,0.064427,1.244539,2.648346,-5.398266,1
7.596000,0.119651,0.064427,1.244539,2.055901,-4.213396,1
7.597000,0.119651,0.064427,1.244539,2.055901,-4.213416,1
7.598000,0.119651,0.064427,1.244539,2.055901,-4.213435,1
7.599000,0.119651,0.067495,0.976685,1.368675,-3.168216,1
7.600000,0.119651,0.067495,0.976685,1.368675,-3.168237,1
7.601000,0.119651,0.067495,0.976685,1.368675,-3.168257,1
7.602000,0.119651,0.067495,0.976685,1.368675,-3.168277,1
7.603000,0.119651,0.067495,0.976685,1.368675,-3.168297,1
7.604000,0.119651,0.067495,0.976685,1.368675,-3.168317,1
7.605000,0.116583,0.064427,1.273371,1.120434,-2.319945,1
7.606000,0.116583,0.064427,1.273371,1.120434,-2.319964,1
7.607000,0.116583,0.064427,1.273371,1.120434,-2.319984,1
7.608000,0.107379,0.058291,1.273371,1.120434,-2.215690,1
7.609000,0.107379,0.058291,1.273371,1.120434,-2.215708,1
7.610000,0.107379,0.058291,1.273371,1.120434,-2.215725,1
7.611000,0.101243,0.052155,-0.853136,-1.399281,1.407628,1
7.612000,0.101243,0.052155,-0.853136,-1.399281,1.407612,1
7.613000,0.101243,0.052155,-0.853136,-1.399281,1.407597,1
7.614000,0.095107,0.042951,-0.853136,-1.399281,1.579390,1
7.615000,0.095107,0.042951,-0.853136,-1.399281,1.579377,1
7.616000,0.095107,0.042951,-0.853136,-1.399281,1.579364,1
7.617000,0.085903,0.033748,-2.161736,-2.378354,2.394571,1
7.618000,0.085903,0.033748,-2.161736,-2.378354,2.394560,1
7.619000,0.085903,0.033748,-2.161736,-2.378354,2.394550,1
7.620000,0.079767,0.027612,-2.542846,-3.770024,4.907217,1
7.621000,0.070563,0.021476,-2.542846,-2.532591,2.536656,1
7.622000,0.070563,0.021476,-2.542846,-2.532591,2.536650,1
7.623000,0.067495,0.018408,-2.541361,-2.099142,1.726454,1
7.624000,0.067495,0.018408,-2.541361,-2.099142,1.726449,1
7.625000,0.067495,0.018408,-2.541361,-2.099142,1.726443,1
7.626000,0.064427,0.012272,-2.541361,-1.989281,1.623300,1
7.627000,0.064427,0.012272,-2.541361,-1.989281,1.623296,1
7.628000,0.064427,0.012272,-2.541361,-1.989281,1.623292,1
7.629000,0.064427,0.012272,-2.541361,-1.989281,1.623289,1
7.630000,0.064427,0.012272,-2.541361,-1.989281,1.623285,1
7.631000,0.064427,0.012272,-2.541361,-1.989281,1.623281,1
7.632000,0.061359,0.009204,-2.430516,-1.989281,1.789347,1
7.633000,0.061359,0.009204,-2.430516,-1.989281,1.789344,1
7.634000,0.061359,0.009204,-2.430516,-1.989281,1.789341,1
7.635000,0.052155,0.006136,-2.015803,-1.149317,0.567076,1
7.636000,0.052155,0.006136,-2.015803,-1.149317,0.567074,1
7.637000,0.052155,0.006136,-2.015803,-1.149317,0.567072,1
7.638000,0.052155,0.006136,-2.015803,-1.149317,0.567071,1
7.639000,0.052155,0.006136,-2.015803,-1.149317,0.567069,1
7.640000,0.052155,0.006136,-2.015803,-1.149317,0.567067,1
7.641000,0.052155,0.006136,-2.015803,-1.149317,0.567065,1
7.642000,0.052155,0.006136,-2.015803,-1.149317,0.567063,1
7.643000,0.052155,0.006136,-2.015803,-1.149317,0.567061,1
7.644000,0.052155,0.003068,-1.994571,-1.111123,0.573265,1
7.645000,0.052155,0.003068,-1.994571,-1.111123,0.573264,1
7.646000,0.052155,0.003068,-1.994571,-1.111123,0.573263,1
7.647000,0.046019,0.006136,-0.809882,1.055490,-3.248907,1
7.648000,0.046019,0.006136,-0.809882,1.055490,-3.248909,1
7.649000,0.046019,0.006136,-0.809882,1.055490,-3.248911,1
7.650000,0.046019,0.006136,-0.809882,1.055490,-3.248913,1
7.651000,0.046019,0.006136,-0.809882,1.055490,-3.248915,1
7.652000,0.046019,0.006136,-0.809882,1.055490,-3.248917,1
7.653000,0.046019,0.006136,-0.676016,0.838973,-2.682019,1
7.654000,0.046019,0.006136,-0.676016,0.838973,-2.682021,1
7.655000,0.046019,0.006136,-0.676016,0.838973,-2.682023,1
7.656000,0.046019,0.012272,-0.508168,0.690711,-2.340372,1
7.657000,0.046019,0.012272,-0.508168,0.690711,-2.340376,1
7.658000,0.046019,0.012272,-0.508168,0.690711,-2.340379,1
7.659000,0.046019,0.018408,-0.452006,0.690711,-2.406941,1
7.660000,0.046019,0.018408,-0.452006,0.690711,-2.406946,1
7.661000,0.046019,0.018408,-0.452006,0.690711,-2.406952,1
7.662000,0.042951,0.018408,-1.125274,0.690711,-3.086361,1
7.663000,0.042951,0.018408,-1.125274,0.690711,-3.086367,1
7.664000,0.042951,0.018408,-1.125274,0.690711,-3.086372,1
7.665000,0.042951,0.018408,-1.125274,0.690711,-3.086378,1
7.666000,0.042951,0.018408,-1.125274,0.690711,-3.086383,1
7.667000,0.042951,0.018408,-1.125274,0.690711,-3.086389,1
7.668000,0.039884,0.018408,-1.125274,0.690711,-3.092530,1
7.669000,0.033748,0.015340,-1.119137,0.772360,-3.200609,1
7.670000,0.030680,0.015340,-0.409237,0.772360,-2.496850,1
7.671000,0.030680,0.012272,-0.409237,0.772360,-2.435495,1
7.672000,0.027612,0.012272,-0.409237,0.772360,-2.441634,1
7.673000,0.027612,0.009204,-0.409237,0.772360,-2.380278,1
7.674000,0.024544,0.009204,-0.409237,0.772360,-2.386417,1
7.675000,0.021476,0.009204,-0.409237,0.772360,-2.392555,1
7.676000,0.021476,0.006136,-0.409237,0.772360,-2.331198,1
7.677000,0.018408,0.003068,-1.530898,-1.142667,1.032418,1
7.678000,0.015340,0.003068,-1.530898,-1.142667,1.026281,1
7.679000,0.015340,0.000000,-1.530898,-1.142667,1.087640,1
7.680000,0.012272,-0.003068,-1.530898,-1.142667,1.142865,1
7.681000,0.012272,-0.006136,-1.530898,-1.142667,1.204226,1
7.682000,0.009204,-0.009204,-1.530898,-2.391299,3.756715,1
7.683000,0.006136,-0.009204,-1.983547,-2.391299,3.297933,1
7.684000,0.006136,-0.012272,-1.983547,-2.391299,3.359296,1
7.685000,0.003068,-0.015340,-1.983547,-2.391299,3.414524,1
7.686000,0.003068,-0.015340,-1.983547,-2.391299,3.414529,1
7.687000,0.000000,-0.015340,-1.983547,-2.391299,3.408397,1
7.688000,0.000000,-0.015340,-1.983547,-2.012695,2.651194,1
7.689000,0.000000,-0.018408,-1.922964,-1.729349,2.206451,1
7.690000,-0.003068,-0.018408,-1.662142,-1.515485,2.033413,1
7.691000,-0.003068,-0.018408,-1.465271,-1.347835,1.894989,1
7.692000,-0.003068,-0.018408,-1.307852,-1.215312,1.787368,1
7.693000,-0.006136,-0.018408,-1.726234,-1.105511,1.143254,1
7.694000,-0.006136,-0.018408,-1.726234,-1.013883,0.960004,1
7.695000,-0.006136,-0.018408,-1.726234,-0.936927,0.806097,1
7.696000,-0.006136,-0.018408,-1.726234,-0.870256,0.672761,1
7.697000,-0.006136,-0.018408,-1.726234,-0.812690,0.557634,1
7.698000,-0.009204,-0.018408,-1.726234,-0.762019,0.450161,1
7.699000,-0.009204,-0.018408,-1.726234,-0.717498,0.000000,1
7.700000,-0.009204,-0.018408,-1.670046,-0.677959,0.000000,1
7.701000,-0.009204,-0.018408,-1.470262,-0.642516,0.467145,1
7.702000,-0.009204,-0.018408,-1.312288,-0.610405,0.560901,1
7.703000,-0.009204,-0.018408,-1.185617,-0.581506,0.629780,1
7.704000,-0.012272,-0.018408,-1.081438,-0.555270,0.675358,1
7.705000,-0.012272,-0.018408,-0.993771,-0.531209,0.714908,1
7.706000,-0.012272,-0.018408,-0.993771,-0.531209,0.714913,1
7.707000,-0.012272,-0.018408,-0.993771,-0.531209,0.714919,1
7.708000,-0.012272,-0.018408,-0.993771,-0.531209,0.714924,1
7.709000,-0.012272,-0.018408,-0.993771,-0.531209,0.714930,1
7.710000,-0.012272,-0.018408,-0.919491,-0.509220,0.745237,1
7.711000,-0.012272,-0.018408,-0.919491,-0.509220,0.745243,1
7.712000,-0.015340,-0.018408,-0.707280,-0.436663,0.806209,1
7.713000,-0.015340,-0.018408,-0.707280,-0.436663,0.806214,1
7.714000,-0.015340,-0.018408,-0.707280,-0.436663,0.806220,1
7.715000,-0.015340,-0.018408,-0.634302,-0.407703,0.821284,1
7.716000,-0.015340,-0.018408,-0.634302,-0.407703,0.821289,1
7.717000,-0.015340,-0.018408,-0.634302,-0.407703,0.821295,1
7.718000,-0.015340,-0.018408,-0.549207,-0.370777,0.832544,1
7.719000,-0.015340,-0.018408,-0.549207,-0.370777,0.832550,1
7.720000,-0.015340,-0.018408,-0.549207,-0.370777,0.832555,1
7.721000,-0.018408,-0.015340,-0.745935,0.339922,-1.453062,1
7.722000,-0.018408,-0.015340,-0.745935,0.306012,-1.385236,1
7.723000,-0.018408,-0.012272,-0.745935,0.302195,-1.438959,1
7.724000,-0.018408,-0.012272,-0.745935,0.302195,-1.438956,1
7.725000,-0.018408,-0.012272,-0.745935,0.302195,-1.438952,1
7.726000,-0.021476,-0.012272,-0.745935,0.302195,-1.445084,1
7.727000,-0.021476,-0.012272,-0.745935,0.302195,-1.445081,1
7.728000,-0.021476,-0.012272,-0.745935,0.302195,-1.445077,1
7.729000,-0.021476,-0.009204,-0.745935,0.302195,-1.506433,1
7.730000,-0.021476,-0.009204,-0.745935,0.302195,-1.506431,1
7.731000,-0.024544,-0.009204,-0.745935,0.302195,-1.512564,1
7.732000,-0.024544,-0.009204,-0.745935,0.302195,-1.512561,1
7.733000,-0.024544,-0.009204,-0.709596,0.302195,-1.476220,1
7.734000,-0.024544,-0.009204,-0.709596,0.302195,-1.476217,1
7.735000,-0.024544,-0.009204,-0.709596,0.302195,-1.476214,1
7.736000,-0.033748,-0.015340,-0.447934,0.302195,-1.110237,1
7.737000,-0.033748,-0.015340,-0.447934,0.302195,-1.110232,1
7.738000,-0.033748,-0.015340,-0.447934,0.302195,-1.110228,1
7.739000,-0.036816,-0.015340,-0.447934,0.302195,-1.116359,1
7.740000,-0.042951,-0.021476,-0.960490,-0.490838,0.667605,1
7.741000,-0.042951,-0.021476,-0.960490,-0.490838,0.667611,1
7.742000,-0.046019,-0.024544,-0.960490,-0.490838,0.722842,1
7.743000,-0.046019,-0.024544,-0.960490,-0.490838,0.722849,1
7.744000,-0.046019,-0.024544,-0.960490,-0.490838,0.722857,1
7.745000,-0.046019,-0.024544,-0.960490,-0.490838,0.722864,1
7.746000,-0.046019,-0.024544,-0.960490,-0.490838,0.722871,1
7.747000,-0.046019,-0.024544,-0.960490,-0.490838,0.722879,1
7.748000,-0.046019,-0.024544,-0.960490,-0.490838,0.722886,1
7.749000,-0.046019,-0.024544,-0.960490,-0.490838,0.722893,1
7.750000,-0.046019,-0.024544,-0.960490,-0.490838,0.722901,1
7.751000,-0.046019,-0.024544,-0.960490,-0.490838,0.722908,1
7.752000,-0.046019,-0.024544,-0.960490,-0.490838,0.722915,1
7.753000,-0.046019,-0.024544,-0.960490,-0.490838,0.722923,1
7.754000,-0.046019,-0.024544,-0.960490,-0.490838,0.722930,1
7.755000,-0.046019,-0.024544,-0.960490,-0.490838,0.722938,1
7.756000,-0.046019,-0.024544,-0.960490,-0.490838,0.722945,1
7.757000,-0.049087,-0.027612,-0.960490,-0.490838,0.778176,1
7.758000,-0.049087,-0.027612,-0.960490,-0.490838,0.778185,1
7.759000,-0.049087,-0.027612,-0.960490,-0.490838,0.778193,1
7.760000,-0.049087,-0.027612,-0.960490,-0.490838,0.778201,1
7.761000,-0.049087,-0.027612,-0.960490,-0.490838,0.778210,1
7.762000,-0.049087,-0.027612,-0.960490,-0.490838,0.778218,1
7.763000,-0.055223,-0.033748,-1.388259,-1.393938,2.267106,1
7.764000,-0.064427,-0.042951,-1.388259,-1.393938,2.432789,1
7.765000,-0.064427,-0.042951,-1.388259,-1.393938,2.432802,1
7.766000,-0.064427,-0.042951,-1.388259,-1.393938,2.432815,1
7.767000,-0.067495,-0.046019,-1.558970,-1.379298,2.288061,1
7.768000,-0.070563,-0.046019,-1.558970,-1.379298,2.281939,1
7.769000,-0.070563,-0.046019,-1.558970,-1.379298,2.281952,1
7.770000,-0.070563,-0.046019,-1.558970,-1.379298,2.281966,1
7.771000,-0.070563,-0.046019,-1.558970,-1.379298,2.281980,1
7.772000,-0.070563,-0.046019,-1.558970,-1.379298,2.281994,1
7.773000,-0.070563,-0.046019,-1.558970,-1.379298,2.282008,1
7.774000,-0.070563,-0.049087,-1.558970,-1.379298,2.343382,1
7.775000,-0.070563,-0.049087,-1.558970,-1.379298,2.343396,1
7.776000,-0.070563,-0.049087,-1.558970,-1.379298,2.343411,1
7.777000,-0.070563,-0.049087,-1.558970,-1.379298,2.343426,1
7.778000,-0.076699,-0.055223,-1.122957,-1.254170,2.639646,1
7.779000,-0.079767,-0.055223,-1.351424,-0.959686,1.816091,1
7.780000,-0.079767,-0.055223,-1.351424,-0.830040,1.556817,1
7.781000,-0.079767,-0.055223,-1.351424,-0.830040,1.556834,1
7.782000,-0.079767,-0.055223,-1.351424,-0.830040,1.556850,1
7.783000,-0.079767,-0.055223,-1.351424,-0.830040,1.556867,1
7.784000,-0.079767,-0.055223,-1.351424,-0.777306,1.451414,1
7.785000,-0.079767,-0.055223,-1.351424,-0.777306,1.451431,1
7.786000,-0.079767,-0.055223,-1.351424,-0.653409,1.203655,1
7.787000,-0.079767,-0.055223,-1.351424,-0.653409,1.203671,1
7.788000,-0.079767,-0.055223,-1.351424,-0.653409,1.203688,1
7.789000,-0.079767,-0.055223,-1.351424,-0.653409,1.203704,1
7.790000,-0.079767,-0.055223,-1.351424,-0.653409,1.203721,1
7.791000,-0.079767,-0.055223,-1.351424,-0.653409,1.203737,1
7.792000,-0.079767,-0.055223,-1.351424,-0.653409,1.203754,1
7.793000,-0.079767,-0.052155,-1.113380,0.563359,-1.653084,1
7.794000,-0.079767,-0.052155,-1.113380,0.563359,-1.653068,1
7.795000,-0.079767,-0.052155,-1.113380,0.563359,-1.653053,1
7.796000,-0.079767,-0.052155,-1.113380,0.563359,-1.653037,1
7.797000,-0.079767,-0.052155,-1.113380,0.563359,-1.653021,1
7.798000,-0.079767,-0.052155,-1.113380,0.563359,-1.653006,1
7.799000,-0.079767,-0.046019,-0.720696,0.504521,-1.265349,1
7.800000,-0.079767,-0.046019,-0.720696,0.504521,-1.265335,1
7.801000,-0.079767,-0.046019,-0.720696,0.504521,-1.265322,1
7.802000,-0.079767,-0.046019,-0.720696,0.504521,-1.265308,1
7.803000,-0.079767,-0.046019,-0.720696,0.504521,-1.265294,1
7.804000,-0.079767,-0.046019,-0.720696,0.504521,-1.265280,1
7.805000,-0.076699,-0.042951,0.533080,0.504521,0.533286,1
7.806000,-0.076699,-0.042951,0.533080,0.504521,0.533298,1
7.807000,-0.076699,-0.042951,0.533080,0.504521,0.533311,1
7.808000,-0.076699,-0.042951,0.533080,0.504521,0.533324,1
7.809000,-0.076699,-0.042951,0.533080,0.504521,0.533337,1
7.810000,-0.076699,-0.042951,0.533080,0.504521,0.533350,1
7.811000,-0.073631,-0.036816,0.422834,0.955570,-1.195566,1
7.812000,-0.073631,-0.036816,0.422834,0.955570,-1.195555,1
7.813000,-0.073631,-0.036816,0.422834,0.955570,-1.195544,1
7.814000,-0.073631,-0.036816,0.422834,0.955570,-1.195533,1
7.815000,-0.073631,-0.036816,0.422834,0.955570,-1.195522,1
7.816000,-0.073631,-0.036816,0.422834,0.955570,-1.195511,1
7.817000,-0.073631,-0.033748,0.350410,0.955570,-1.329285,1
7.818000,-0.073631,-0.033748,0.350410,0.955570,-1.329275,1
7.819000,-0.073631,-0.033748,0.350410,0.955570,-1.329264,1
7.820000,-0.073631,-0.033748,0.350410,0.955570,-1.329254,1
7.821000,-0.073631,-0.033748,0.350410,0.955570,-1.329244,1
7.822000,-0.073631,-0.033748,0.350410,0.955570,-1.329234,1
7.823000,-0.073631,-0.033748,0.299155,0.839548,-1.148433,1
7.824000,-0.073631,-0.033748,0.299155,0.839548,-1.148423,1
7.825000,-0.073631,-0.033748,0.299155,0.839548,-1.148413,1
7.826000,-0.073631,-0.033748,0.299155,0.839548,-1.148403,1
7.827000,-0.073631,-0.033748,0.299155,0.839548,-1.148393,1
7.828000,-0.073631,-0.033748,0.299155,0.839548,-1.148383,1
7.829000,-0.073631,-0.033748,0.260957,0.656050,-0.819576,1
7.830000,-0.073631,-0.033748,0.260957,0.656050,-0.819565,1
7.831000,-0.073631,-0.033748,0.260957,0.656050,-0.819555,1
7.832000,-0.073631,-0.033748,0.260957,0.656050,-0.819545,1
7.833000,-0.073631,-0.033748,0.260957,0.656050,-0.819535,1
7.834000,-0.073631,-0.033748,0.260957,0.656050,-0.819525,1
7.835000,-0.076699,-0.033748,-0.231423,3.078887,-6.000000,1
7.836000,-0.076699,-0.033748,-0.231423,3.078887,-6.000000,1
7.837000,-0.076699,-0.033748,-0.231423,3.078887,-6.000000,1
7.838000,-0.079767,-0.036816,-0.443505,-1.236404,2.910051,1
7.839000,-0.082835,-0.039884,-0.443505,-0.880954,2.254385,1
7.840000,-0.082835,-0.042951,-0.443505,-0.822002,2.197854,1
7.841000,-0.082835,-0.042951,-0.443505,-0.822002,2.197867,1
7.842000,-0.082835,-0.042951,-0.443505,-0.822002,2.197880,1
7.843000,-0.082835,-0.046019,-0.443505,-0.802932,2.221112,1
7.844000,-0.082835,-0.046019,-0.443505,-0.802932,2.221126,1
7.845000,-0.082835,-0.046019,-0.443505,-0.802932,2.221140,1
7.846000,-0.082835,-0.046019,-0.443505,-0.802932,2.221154,1
7.847000,-0.082835,-0.046019,-0.443505,-0.802932,2.221168,1
7.848000,-0.082835,-0.046019,-0.443505,-0.802932,2.221181,1
7.849000,-0.085903,-0.046019,-0.443505,-0.802932,2.215059,1
7.850000,-0.085903,-0.046019,-0.443505,-0.802932,2.215073,1
7.851000,-0.085903,-0.046019,-0.443505,-0.802932,2.215087,1
7.852000,-0.085903,-0.046019,-0.443505,-0.802932,2.215101,1
7.853000,-0.085903,-0.046019,-0.443505,-0.802932,2.215115,1
7.854000,-0.085903,-0.046019,-0.443505,-0.802932,2.215128,1
7.855000,-0.085903,-0.049087,-0.443505,-0.802932,2.276502,1
7.856000,-0.085903,-0.049087,-0.443505,-0.802932,2.276517,1
7.857000,-0.085903,-0.049087,-0.443505,-0.802932,2.276532,1
7.858000,-0.085903,-0.049087,-0.443505,-0.802932,2.276546,1
7.859000,-0.085903,-0.049087,-0.443505,-0.802932,2.276561,1
7.860000,-0.085903,-0.049087,-0.443505,-0.802932,2.276576,1
7.861000,-0.082835,-0.049087,-0.260137,-0.802932,2.466095,1
7.862000,-0.082835,-0.049087,-0.260137,-0.802932,2.466110,1
7.863000,-0.079767,-0.046019,-0.260137,0.594293,-0.983551,1
7.864000,-0.079767,-0.046019,-0.260137,0.594293,-0.983537,1
7.865000,-0.079767,-0.046019,-0.260137,0.594293,-0.983523,1
7.866000,-0.076699,-0.042951,-0.260137,0.519001,-0.888148,1
7.867000,-0.076699,-0.042951,-0.260137,0.519001,-0.888135,1
7.868000,-0.076699,-0.042951,-0.260137,0.519001,-0.888122,1
7.869000,-0.073631,-0.039884,-0.260137,0.478537,-0.862405,1
7.870000,-0.073631,-0.039884,-0.260137,0.478537,-0.862393,1
7.871000,-0.073631,-0.039884,-0.260137,0.478537,-0.862381,1
7.872000,-0.073631,-0.039884,-0.260137,0.478537,-0.862369,1
7.873000,-0.070563,-0.030680,0.693696,0.466343,0.537918,1
7.874000,-0.070563,-0.030680,0.693696,0.466343,0.537928,1
7.875000,-0.070563,-0.030680,0.693696,0.466343,0.537937,1
7.876000,-0.064427,-0.024544,0.693696,0.466343,0.000000,1
7.877000,-0.061359,-0.021476,0.693696,1.934859,-3.164753,1
7.878000,-0.058291,-0.021476,1.218780,1.934859,-2.633526,1
7.879000,-0.058291,-0.021476,1.218780,1.934859,-2.633520,1
7.880000,-0.058291,-0.021476,1.218780,1.934859,-2.633513,1
7.881000,-0.058291,-0.018408,1.218780,1.934859,-2.694867,1
7.882000,-0.058291,-0.018408,1.218780,1.934859,-2.694862,1
7.883000,-0.058291,-0.018408,1.218780,1.538996,-1.903129,1
7.884000,-0.058291,-0.018408,1.218780,1.538996,-1.903123,1
7.885000,-0.058291,-0.018408,1.218780,1.538996,-1.903118,1
7.886000,-0.055223,-0.015340,1.218780,1.229540,-1.339424,1
7.887000,-0.055223,-0.015340,1.218780,0.878264,-0.636868,1
7.888000,-0.055223,-0.015340,1.119020,0.819368,-0.618831,1
7.889000,-0.055223,-0.015340,1.119020,0.819368,-0.618827,1
7.890000,-0.055223,-0.015340,1.119020,0.819368,-0.618822,1
7.891000,-0.055223,-0.015340,0.820011,0.646701,-0.572493,1
7.892000,-0.055223,-0.015340,0.820011,0.646701,-0.572488,1
7.893000,-0.055223,-0.015340,0.820011,0.646701,-0.572483,1
7.894000,-0.055223,-0.015340,0.769034,0.614573,-0.559200,1
7.895000,-0.055223,-0.015340,0.683188,0.558491,-0.532877,1
7.896000,-0.055223,-0.018408,0.647092,-0.534134,2.277642,1
7.897000,-0.055223,-0.018408,0.614568,-0.511777,2.200409,1
7.898000,-0.055223,-0.018408,0.614568,-0.511777,2.200415,1
7.899000,-0.055223,-0.018408,0.614568,-0.511777,2.200420,1
7.900000,-0.055223,-0.018408,0.614568,-0.511777,2.200426,1
7.901000,-0.055223,-0.018408,0.614568,-0.511777,2.200431,1
7.902000,-0.055223,-0.018408,0.614568,-0.511777,2.200437,1
7.903000,-0.055223,-0.018408,0.585454,-0.491427,2.130629,1
7.904000,-0.055223,-0.018408,0.585454,-0.491427,2.130634,1
7.905000,-0.055223,-0.018408,0.585454,-0.491427,2.130640,1
7.906000,-0.055223,-0.021476,0.472647,-0.484358,2.065060,1
7.907000,-0.052155,-0.021476,0.409473,-0.484358,2.008028,1
7.908000,-0.052155,-0.021476,0.396324,-0.484358,1.994885,1
7.909000,-0.052155,-0.021476,0.383886,-0.484358,1.982454,1
7.910000,-0.049087,-0.021476,0.372243,-0.484358,1.976954,1
7.911000,-0.049087,-0.018408,0.361251,-0.484358,1.904608,1
7.912000,-0.049087,-0.018408,0.351003,-0.484358,1.894365,1
7.913000,-0.046019,-0.015340,0.357965,-0.484358,1.846109,1
7.914000,-0.046019,-0.015340,0.357965,-0.484358,1.846114,1
7.915000,-0.042951,-0.015340,0.357965,-0.484358,1.852254,1
7.916000,-0.042951,-0.012272,0.357965,0.716866,-1.211550,1
7.917000,-0.042951,-0.012272,0.357965,0.716866,-1.211547,1
7.918000,-0.039884,-0.009204,0.357965,0.716866,-1.266767,1
7.919000,-0.039884,-0.009204,0.357965,0.716866,-1.266764,1
7.920000,-0.036816,-0.006136,0.357965,0.716866,-1.321986,1
7.921000,-0.036816,-0.006136,0.357965,0.716866,-1.321984,1
7.922000,-0.033748,-0.006136,1.088847,0.716866,-0.584965,1
7.923000,-0.033748,-0.003068,1.088847,0.716866,-0.646323,1
7.924000,-0.033748,-0.003068,1.088847,0.716866,-0.646323,1
7.925000,-0.033748,-0.003068,1.088847,0.716866,-0.646322,1
7.926000,-0.033748,-0.003068,1.088847,0.716866,-0.646321,1
7.927000,-0.033748,-0.003068,1.088847,0.716866,-0.646320,1
7.928000,-0.033748,-0.003068,1.088847,0.716866,-0.646319,1
7.929000,-0.033748,-0.003068,1.088847,0.716866,-0.646318,1
7.930000,-0.033748,-0.003068,1.088847,0.716866,-0.646317,1
7.931000,-0.033748,-0.003068,1.088847,0.716866,-0.646316,1
7.932000,-0.030680,-0.003068,1.088847,0.716866,-0.640179,1
7.933000,-0.030680,-0.003068,1.088847,0.716866,-0.640178,1
7.934000,-0.030680,-0.003068,1.088847,0.716866,-0.640177,1
7.935000,-0.024544,0.003068,1.088847,1.101159,-1.519209,1
7.936000,-0.021476,0.006136,1.143396,1.101159,-1.519885,1
7.937000,-0.021476,0.006136,1.143396,1.101159,-1.519887,1
7.938000,-0.021476,0.006136,1.143396,1.080416,-1.478404,1
7.939000,-0.021476,0.006136,1.143396,0.992758,-1.303091,1
7.940000,-0.021476,0.006136,1.143396,0.918846,-1.155267,1
7.941000,-0.021476,0.006136,1.143396,0.854675,-1.026927,1
7.942000,-0.021476,0.006136,1.143396,0.799016,-0.915612,1
7.943000,-0.021476,0.006136,1.143396,0.749984,-0.817549,1
7.944000,-0.021476,0.006136,1.143396,0.707021,-0.731625,1
7.945000,-0.021476,0.006136,1.143396,0.707021,-0.731627,1
7.946000,-0.021476,0.006136,1.143396,0.633905,-0.585396,1
7.947000,-0.021476,0.006136,1.143396,0.633905,-0.585397,1
7.948000,-0.021476,0.006136,1.143396,0.633905,-0.585399,1
7.949000,-0.021476,0.006136,1.143396,0.633905,-0.585401,1
7.950000,-0.021476,0.006136,1.097415,0.602764,-0.569103,1
7.951000,-0.021476,0.006136,1.097415,0.602764,-0.569105,1
7.952000,-0.021476,0.006136,0.865400,0.525396,-0.646386,1
7.953000,-0.021476,0.006136,0.714237,0.465574,-0.677906,1
7.954000,-0.021476,0.006136,0.674875,0.448521,-0.683165,1
7.955000,-0.021476,0.006136,0.639666,0.432693,-0.686719,1
7.956000,-0.021476,0.006136,0.607944,0.417942,-0.688940,1
7.957000,-0.021476,0.006136,0.579475,0.404287,-0.690101,1
7.958000,-0.021476,0.006136,0.553176,0.391308,-0.690444,1
7.959000,-0.021476,0.006136,0.529293,0.379204,-0.690121,1
7.960000,-0.021476,0.006136,0.507451,0.367860,-0.689277,1
7.961000,-0.021476,0.006136,0.487283,0.357144,-0.688016,1
7.962000,-0.021476,0.006136,0.468648,0.347031,-0.686425,1
7.963000,-0.021476,0.006136,0.468648,0.347031,-0.686427,1
7.964000,-0.021476,0.006136,0.468648,0.347031,-0.686429,1
7.965000,-0.021476,0.006136,0.468648,0.347031,-0.686431,1
7.966000,-0.021476,0.003068,0.451420,0.342405,-0.633049,1
7.967000,-0.021476,0.003068,0.451420,0.342405,-0.633050,1
7.968000,-0.021476,0.003068,0.451420,0.342405,-0.633051,1
7.969000,-0.021476,0.003068,0.451420,0.342405,-0.633051,1
7.970000,-0.021476,0.003068,0.393506,0.342405,-0.690966,1
7.971000,-0.024544,-0.003068,-0.321383,0.342405,-1.289272,1
7.972000,-0.024544,-0.006136,-0.298001,0.342405,-1.204529,1
7.973000,-0.027612,-0.009204,-0.277742,-0.710781,1.577328,1
7.974000,-0.027612,-0.009204,-0.271604,-0.710781,1.583469,1
7.975000,-0.027612,-0.009204,-0.271604,-0.710781,1.583472,1
7.976000,-0.027612,-0.009204,-0.271604,-0.710781,1.583475,1
7.977000,-0.027612,-0.009204,-0.271604,-0.710781,1.583477,1
7.978000,-0.027612,-0.009204,-0.271604,-0.710781,1.583480,1
7.979000,-0.027612,-0.009204,-0.271604,-0.710781,1.583483,1
7.980000,-0.027612,-0.009204,-0.271604,-0.710781,1.583486,1
7.981000,-0.027612,-0.009204,-0.271604,-0.710781,1.583488,1
7.982000,-0.027612,-0.009204,-0.271604,-0.710781,1.583491,1
7.983000,-0.027612,-0.012272,-0.265774,-0.710781,1.650684,1
7.984000,-0.027612,-0.012272,-0.265774,-0.710781,1.650687,1
7.985000,-0.027612,-0.012272,-0.265774,-0.710781,1.650691,1
7.986000,-0.027612,-0.012272,-0.265774,-0.710781,1.650695,1
7.987000,-0.027612,-0.012272,-0.260139,-0.710781,1.656334,1
7.988000,-0.030680,-0.018408,-0.272879,-0.710781,1.760182,1
7.989000,-0.030680,-0.018408,-0.272879,-0.710781,1.760188,1
7.990000,-0.030680,-0.018408,-0.272879,-0.710781,1.760193,1
7.991000,-0.030680,-0.018408,-0.272879,-0.710781,1.760199,1
7.992000,-0.030680,-0.018408,-0.272879,-0.710781,1.760205,1
7.993000,-0.030680,-0.018408,-0.272879,-0.710781,1.760210,1
7.994000,-0.030680,-0.018408,-0.272879,-0.710781,1.760216,1
7.995000,-0.030680,-0.018408,-0.272879,-0.710781,1.760221,1
7.996000,-0.030680,-0.018408,-0.272879,-0.710781,1.760227,1
7.997000,-0.030680,-0.018408,-0.272879,-0.710781,1.760232,1
7.998000,-0.030680,-0.018408,-0.272879,-0.710781,1.760238,1
7.999000,-0.030680,-0.018408,-0.272879,-0.710781,1.760243,1
8.000000,-0.030680,-0.018408,-0.272879,-0.710781,1.760249,1
8.001000,-0.030680,-0.018408,-0.272879,-0.710781,1.760254,1
8.002000,-0.030680,-0.018408,-0.272879,-0.710781,1.760260,1
8.003000,-0.030680,-0.021476,-0.272879,-0.981186,2.362435,1
8.004000,-0.030680,-0.021476,-0.272879,-0.981186,2.362442,1
8.005000,-0.030680,-0.021476,-0.272879,-0.981186,2.362448,1
8.006000,-0.027612,-0.021476,-0.272879,-0.981186,2.368591,1
8.007000,-0.024544,-0.018408,-0.272879,0.830351,-1.909701,1
8.008000,-0.024544,-0.018408,-0.272879,0.777956,-1.804906,1
8.009000,-0.024544,-0.015340,-0.272879,0.731714,-1.773778,1
8.010000,-0.021476,-0.015340,0.463865,0.690451,-0.948367,1
8.011000,-0.021476,-0.012272,0.463865,0.683348,-0.995516,1
8.012000,-0.021476,-0.012272,0.463865,0.683348,-0.995512,1
8.013000,-0.021476,-0.012272,0.463865,0.683348,-0.995509,1
8.014000,-0.018408,-0.012272,0.463865,0.683348,-0.989369,1
8.015000,-0.018408,-0.012272,0.463865,0.683348,-0.989365,1
8.016000,-0.018408,-0.012272,0.463865,0.683348,-0.989362,1
8.017000,-0.018408,-0.012272,0.463865,0.683348,-0.989358,1
8.018000,-0.018408,-0.009204,0.463865,0.683348,-1.050714,1
8.019000,-0.018408,-0.009204,0.463865,0.683348,-1.050712,1
8.020000,-0.018408,-0.009204,0.463865,0.683348,-1.050709,1
8.021000,-0.018408,-0.009204,0.463865,0.683348,-1.050706,1
8.022000,-0.018408,-0.009204,0.463865,0.683348,-1.050703,1
8.023000,-0.018408,-0.009204,0.463865,0.683348,-1.050701,1
8.024000,-0.018408,-0.009204,0.463865,0.683348,-1.050698,1
8.025000,-0.018408,-0.009204,0.463865,0.683348,-1.050695,1
8.026000,-0.018408,-0.009204,0.463865,0.683348,-1.050692,1
8.027000,-0.018408,-0.009204,0.463865,0.683348,-1.050690,1
8.028000,-0.015340,-0.009204,0.463865,0.683348,-1.044551,1
8.029000,-0.015340,-0.012272,0.463865,-0.562527,2.108562,1
8.030000,-0.015340,-0.012272,0.463865,-0.562527,2.108566,1
8.031000,-0.015340,-0.012272,0.463865,-0.562527,2.108570,1
8.032000,-0.015340,-0.012272,0.463865,-0.562527,2.108573,1
8.033000,-0.015340,-0.012272,0.513723,-0.537878,2.109137,1
8.034000,-0.015340,-0.012272,0.513723,-0.515244,2.063872,1
8.035000,-0.015340,-0.015340,0.513723,-0.494547,2.083842,1
8.036000,-0.015340,-0.015340,0.513723,-0.475447,2.045646,1
8.037000,-0.015340,-0.015340,0.513723,-0.457676,2.010108,1
8.038000,-0.015340,-0.015340,0.513723,-0.441126,1.977013,1
8.039000,-0.015340,-0.015340,0.513723,-0.425788,1.946343,1
8.040000,-0.015340,-0.015340,0.513723,-0.411556,1.917883,1
8.041000,-0.015340,-0.015340,0.513723,-0.411556,1.917887,1
8.042000,-0.015340,-0.015340,0.513723,-0.411556,1.917892,1
8.043000,-0.015340,-0.015340,0.513723,-0.411556,1.917896,1
8.044000,-0.009204,-0.015340,1.288413,-0.333398,2.548548,1
8.045000,-0.009204,-0.015340,1.288413,-0.333398,2.548552,1
8.046000,-0.009204,-0.015340,1.288413,-0.333398,2.548557,1
8.047000,-0.009204,-0.015340,1.288413,-0.333398,2.548562,1
8.048000,-0.009204,-0.015340,1.288413,-0.324511,2.530791,1
8.049000,-0.006136,-0.012272,1.288413,-0.321968,2.470486,1
8.050000,-0.006136,-0.012272,1.288413,-0.321968,2.470490,1
8.051000,-0.006136,-0.012272,1.288413,-0.321968,2.470494,1
8.052000,-0.006136,-0.012272,1.288413,-0.321968,2.470497,1
8.053000,-0.006136,-0.012272,1.288413,-0.321968,2.470501,1
8.054000,-0.006136,-0.012272,1.288413,-0.321968,2.470505,1
8.055000,-0.006136,-0.012272,1.288413,-0.321968,2.470508,1
8.056000,0.003068,-0.006136,0.674671,-0.321968,1.752458,1
8.057000,0.006136,-0.006136,0.674671,-0.321968,1.758595,1
8.058000,0.006136,-0.003068,0.674671,-0.321968,1.697237,1
8.059000,0.006136,-0.003068,0.674671,-0.321968,1.697238,1
8.060000,0.006136,-0.003068,0.674671,-0.321968,1.697239,1
8.061000,0.006136,-0.003068,0.674671,-0.321968,1.697240,1
8.062000,0.006136,-0.003068,0.674671,-0.321968,1.697241,1
8.063000,0.009204,0.000000,0.674671,1.167186,-1.936292,1
8.064000,0.009204,0.000000,0.674671,1.167186,-1.936292,1
8.065000,0.018408,0.006136,1.755155,1.167186,-0.960121,1
8.066000,0.018408,0.006136,1.755155,1.167186,-0.960122,1
8.067000,0.018408,0.006136,1.755155,1.167186,-0.960124,1
8.068000,0.024544,0.009204,1.755155,1.167186,-1.009214,1
8.069000,0.030680,0.021476,2.179934,1.884232,-2.251698,1
8.070000,0.033748,0.024544,2.179934,3.043120,-4.624705,1
8.071000,0.033748,0.024544,2.179934,3.043120,-4.624712,1
8.072000,0.033748,0.024544,2.179934,3.043120,-4.624719,1
8.073000,0.033748,0.024544,2.179934,3.043120,-4.624727,1
8.074000,0.036816,0.024544,2.179934,3.043120,-4.618598,1
8.075000,0.039884,0.030680,2.165976,2.171442,-3.005793,1
8.076000,0.039884,0.030680,2.165976,2.171442,-3.005802,1
8.077000,0.039884,0.030680,2.165976,2.171442,-3.005811,1
8.078000,0.042951,0.033748,2.165976,1.846756,-2.411672,1
8.079000,0.042951,0.033748,2.165976,1.846756,-2.411682,1
8.080000,0.042951,0.033748,2.165976,1.846756,-2.411692,1
8.081000,0.042951,0.033748,2.165976,1.418401,-1.554992,1
8.082000,0.042951,0.033748,2.165976,1.418401,-1.555002,1
8.083000,0.042951,0.033748,2.165976,1.418401,-1.555012,1
8.084000,0.042951,0.033748,1.501661,1.053754,-1.490044,1
8.085000,0.042951,0.030680,1.098131,-0.837734,2.550753,1
8.086000,0.042951,0.030680,1.098131,-0.837734,2.550743,1
8.087000,0.042951,0.030680,1.008388,-0.784474,2.354471,1
8.088000,0.039884,0.030680,-0.866093,-0.695570,0.000000,1
8.089000,0.039884,0.030680,-0.866093,-0.695570,0.000000,1
8.090000,0.039884,0.030680,-0.866093,-0.695570,0.000000,1
8.091000,0.039884,0.030680,-0.866093,-0.695570,0.000000,1
8.092000,0.039884,0.030680,-0.866093,-0.695570,0.000000,1
8.093000,0.039884,0.024544,-0.714530,-0.670745,0.520624,1
8.094000,0.039884,0.021476,-0.608339,-0.670745,0.688168,1
8.095000,0.039884,0.021476,-0.608339,-0.670745,0.688162,1
8.096000,0.039884,0.021476,-0.579658,-0.670745,0.716836,1
8.097000,0.039884,0.024544,-0.507612,-1.432425,2.250877,1
8.098000,0.039884,0.024544,-0.487491,-1.432425,2.270990,1
8.099000,0.039884,0.024544,-0.468787,-1.432425,2.289687,1
8.100000,0.039884,0.021476,-0.451575,-1.432425,2.368251,1
8.101000,0.039884,0.021476,-0.435646,-1.432425,2.384174,1
8.102000,0.042951,0.021476,0.381478,-1.397935,3.138446,1
8.103000,0.042951,0.021476,0.381478,-1.397935,3.138440,1
8.104000,0.042951,0.021476,0.381478,-1.397935,3.138433,1
8.105000,0.042951,0.021476,0.381478,-1.397935,3.138427,1
8.106000,0.052155,0.027612,0.341995,-1.358998,2.916752,1
8.107000,0.052155,0.027612,0.341995,-1.358998,2.916743,1
8.108000,0.052155,0.027612,0.341995,-1.358998,2.916735,1
8.109000,0.052155,0.027612,0.341995,-1.358998,2.916727,1
8.110000,0.052155,0.027612,0.341995,-1.358998,2.916718,1
8.111000,0.052155,0.027612,0.341995,-1.358998,2.916710,1
8.112000,0.055223,0.030680,0.341995,-1.358998,2.861478,1
8.113000,0.079767,0.052155,2.403443,2.304867,-3.385247,1
8.114000,0.079767,0.052155,2.403443,2.304867,-3.385262,1
8.115000,0.079767,0.052155,2.403443,2.304867,-3.385278,1
8.116000,0.079767,0.052155,2.403443,2.304867,-3.385294,1
8.117000,0.079767,0.052155,2.403443,2.304867,-3.385309,1
8.118000,0.079767,0.052155,2.403443,2.304867,-3.385325,1
8.119000,0.079767,0.052155,2.403443,2.304867,-3.385340,1
8.120000,0.079767,0.052155,2.403443,2.304867,-3.385356,1
8.121000,0.079767,0.052155,2.403443,2.304867,-3.385372,1
8.122000,0.079767,0.052155,2.403443,2.304867,-3.385387,1
8.123000,0.079767,0.052155,2.403443,2.304867,-3.385403,1
8.124000,0.079767,0.052155,2.403443,2.304867,-3.385419,1
8.125000,0.079767,0.052155,2.403443,2.304867,-3.385434,1
8.126000,0.079767,0.052155,2.403443,2.304867,-3.385450,1
8.127000,0.079767,0.052155,2.403443,2.304867,-3.385466,1
8.128000,0.079767,0.052155,2.403443,2.304867,-3.385481,1
8.129000,0.079767,0.052155,2.403443,2.304867,-3.385497,1
8.130000,0.082835,0.055223,2.403443,2.304867,-3.440737,1
8.131000,0.082835,0.055223,2.403443,2.304867,-3.440753,1
8.132000,0.082835,0.055223,2.403443,2.304867,-3.440770,1
8.133000,0.098175,0.076699,2.318852,3.009680,-5.333847,1
8.134000,0.098175,0.076699,2.318852,3.009680,-5.333870,1
8.135000,0.098175,0.076699,2.318852,3.009680,-5.333893,1
8.136000,0.104311,0.082835,2.415539,2.058555,-3.445425,1
8.137000,0.110447,0.088971,1.273676,1.942781,-4.466215,1
8.138000,0.110447,0.088971,1.273676,1.942781,-4.466242,1
8.139000,0.110447,0.088971,1.273676,1.942781,-4.466268,1
8.140000,0.110447,0.088971,1.273676,1.942781,-4.466295,1
8.141000,0.110447,0.092039,0.970843,1.418674,-3.782301,1
8.142000,0.110447,0.092039,0.970843,1.418674,-3.782328,1
8.143000,0.110447,0.092039,0.970843,1.418674,-3.782356,1
8.144000,0.110447,0.092039,0.970843,1.418674,-3.782383,1
8.145000,0.110447,0.092039,0.970843,1.418674,-3.782411,1
8.146000,0.110447,0.092039,0.899673,1.271672,-3.559605,1
8.147000,0.110447,0.092039,0.899673,1.271672,-3.559632,1
8.148000,0.110447,0.092039,0.899673,1.271672,-3.559660,1
8.149000,0.110447,0.092039,0.899673,1.271672,-3.559688,1
8.150000,0.110447,0.092039,0.899673,1.271672,-3.559715,1
8.151000,0.110447,0.092039,0.899673,1.271672,-3.559743,1
8.152000,0.107379,0.088971,-0.784984,1.062701,-4.771261,1
8.153000,0.107379,0.088971,-0.784984,1.062701,-4.771287,1
8.154000,0.107379,0.088971,-0.784984,1.062701,-4.771314,1
8.155000,0.107379,0.088971,-0.784984,1.062701,-4.771341,1
8.156000,0.101243,0.085903,-1.615543,1.062701,-5.552838,1
8.157000,0.101243,0.085903,-1.615543,1.062701,-5.552864,1
8.158000,0.101243,0.085903,-1.615543,1.062701,-5.552890,1
8.159000,0.101243,0.085903,-1.615543,1.062701,-5.552915,1
8.160000,0.101243,0.085903,-1.615543,1.062701,-5.552941,1
8.161000,0.082835,0.067495,-0.666763,-1.201842,0.856245,1
8.162000,0.079767,0.064427,-1.973993,-2.318584,1.837702,1
8.163000,0.079767,0.064427,-1.973993,-2.318584,1.837683,1
8.164000,0.079767,0.064427,-1.973993,-2.318584,1.837664,1
8.165000,0.079767,0.064427,-1.973993,-2.318584,1.837644,1
8.166000,0.079767,0.064427,-1.973993,-2.318584,1.837625,1
8.167000,0.076699,0.058291,-1.973993,-2.318584,1.954190,1
8.168000,0.076699,0.058291,-1.973993,-2.318584,1.954173,1
8.169000,0.076699,0.058291,-1.973993,-2.318584,1.954155,1
8.170000,0.067495,0.042951,-2.788290,-3.246902,3.284869,1
8.171000,0.067495,0.042951,-2.788290,-3.246902,3.284856,1
8.172000,0.067495,0.042951,-2.788290,-3.246902,3.284843,1
8.173000,0.067495,0.042951,-2.788290,-3.246902,3.284830,1
8.174000,0.058291,0.033748,-2.788290,-4.546157,6.000000,1
8.175000,0.058291,0.033748,-2.788290,-4.546157,6.000000,1
8.176000,0.058291,0.033748,-2.788290,-4.546157,6.000000,1
8.177000,0.058291,0.033748,-2.788290,-4.546157,6.000000,1
8.178000,0.058291,0.033748,-2.788290,-4.546157,6.000000,1
8.179000,0.058291,0.033748,-2.788290,-4.546157,6.000000,1
8.180000,0.058291,0.033748,-2.788290,-4.546157,6.000000,1
8.181000,0.058291,0.033748,-2.788290,-4.546157,6.000000,1
8.182000,0.042951,0.015340,-2.844574,-2.684400,2.606603,1
8.183000,0.042951,0.015340,-2.844574,-2.684400,2.606599,1
8.184000,0.042951,0.015340,-2.844574,-2.684400,2.606594,1
8.185000,0.042951,0.015340,-2.844574,-2.684400,2.606589,1
8.186000,0.042951,0.015340,-2.844574,-2.684400,2.606585,1
8.187000,0.042951,0.015340,-2.844574,-2.684400,2.606580,1
8.188000,0.030680,0.003068,-2.422859,-2.255797,2.391981,1
8.189000,0.030680,0.003068,-2.422859,-2.255797,2.391980,1
8.190000,0.030680,0.003068,-2.422859,-2.255797,2.391979,1
8.191000,0.030680,0.003068,-2.422859,-2.255797,2.391978,1
8.192000,0.030680,0.003068,-2.422859,-2.255797,2.391977,1
8.193000,0.030680,0.003068,-2.422859,-2.255797,2.391976,1
8.194000,0.024544,-0.003068,-1.670899,-1.754433,2.251657,1
8.195000,0.024544,-0.003068,-1.670899,-1.754433,2.251658,1
8.196000,0.024544,-0.003068,-1.670899,-1.754433,2.251659,1
8.197000,0.021476,0.000000,-0.919832,-1.340162,2.106688,1
8.198000,0.024544,0.003068,0.707545,-1.340162,3.678841,1
8.199000,0.024544,0.006136,0.668864,-1.340162,3.578799,1
8.200000,0.024544,0.006136,0.668864,-1.340162,3.578797,1
8.201000,0.024544,0.006136,0.668864,-1.340162,3.578795,1
8.202000,0.024544,0.006136,0.668864,-1.340162,3.578794,1
8.203000,0.024544,0.006136,0.634419,1.247560,-2.231097,1
8.204000,0.024544,0.006136,0.634419,1.247560,-2.231099,1
8.205000,0.024544,0.006136,0.634419,1.247560,-2.231101,1
8.206000,0.024544,0.006136,0.634419,1.247560,-2.231102,1
8.207000,0.027612,0.012272,1.689839,1.009532,-0.816214,1
8.208000,0.036816,0.021476,1.689839,1.009532,-0.981890,1
8.209000,0.039884,0.027612,0.604276,2.223323,-4.611626,1
8.210000,0.039884,0.027612,0.604276,2.223323,-4.611634,1
8.211000,0.039884,0.027612,0.604276,2.223323,-4.611642,1
8.212000,0.039884,0.033748,0.604276,2.223323,-4.734371,1
8.213000,0.039884,0.033748,0.604276,2.223323,-4.734381,1
8.214000,0.039884,0.033748,0.604276,2.223323,-4.734391,1
8.215000,0.042951,0.039884,0.604276,4.640151,-6.000000,1
8.216000,0.042951,0.039884,0.604276,4.640151,-6.000000,1
8.217000,0.042951,0.039884,0.604276,4.640151,-6.000000,1
8.218000,0.042951,0.039884,0.604276,4.640151,-6.000000,1
8.219000,0.042951,0.039884,0.604276,4.640151,-6.000000,1
8.220000,0.042951,0.039884,0.604276,4.640151,-6.000000,1
8.221000,0.042951,0.039884,0.604276,4.640151,-6.000000,1
8.222000,0.046019,0.046019,0.604276,2.229595,-4.980198,1
8.223000,0.046019,0.046019,0.604276,2.229595,-4.980212,1
8.224000,0.046019,0.046019,0.604276,2.229595,-4.980226,1
8.225000,0.046019,0.046019,0.604276,2.229595,-4.980240,1
8.226000,0.046019,0.046019,0.604276,2.229595,-4.980254,1
8.227000,0.046019,0.046019,0.604276,2.229595,-4.980267,1
8.228000,0.046019,0.049087,0.604276,1.483436,-3.549323,1
8.229000,0.046019,0.049087,0.604276,1.483436,-3.549338,1
8.230000,0.046019,0.049087,0.604276,1.483436,-3.549352,1
8.231000,0.046019,0.049087,0.604276,1.483436,-3.549367,1
8.232000,0.046019,0.049087,0.604276,1.483436,-3.549382,1
8.233000,0.046019,0.049087,0.604276,1.483436,-3.549396,1
8.234000,0.039884,0.042951,-1.476613,-1.327866,0.702753,1
8.235000,0.039884,0.042951,-1.476613,-1.327866,0.702740,1
8.236000,0.039884,0.042951,-1.476613,-1.327866,0.702727,1
8.237000,0.039884,0.042951,-1.476613,-1.327866,0.702714,1
8.238000,0.039884,0.042951,-1.476613,-1.327866,0.702701,1
8.239000,0.039884,0.042951,-1.476613,-1.327866,0.702688,1
8.240000,0.024544,0.027612,-0.823234,-2.446202,3.868846,1
8.241000,0.024544,0.027612,-0.823234,-2.446202,3.868838,1
8.242000,0.024544,0.027612,-0.823234,-2.446202,3.868830,1
8.243000,0.024544,0.027612,-0.823234,-2.446202,3.868822,1
8.244000,0.024544,0.027612,-0.823234,-2.446202,3.868813,1
8.245000,0.024544,0.027612,-0.823234,-2.446202,3.868805,1
8.246000,0.003068,0.009204,-3.293976,-3.297135,3.425131,1
8.247000,0.003068,0.009204,-3.293976,-3.297135,3.425128,1
8.248000,0.003068,0.009204,-3.293976,-3.297135,3.425126,1
8.249000,0.003068,0.009204,-3.293976,-3.297135,3.425123,1
8.250000,0.003068,0.009204,-3.293976,-3.297135,3.425120,1
8.251000,0.003068,0.009204,-3.293976,-3.297135,3.425117,1
8.252000,-0.021476,-0.018408,-3.854408,-4.640907,6.000000,1
8.253000,-0.021476,-0.018408,-3.854408,-4.640907,6.000000,1
8.254000,-0.021476,-0.018408,-3.854408,-4.640907,6.000000,1
8.255000,-0.021476,-0.018408,-3.854408,-4.640907,6.000000,1
8.256000,-0.021476,-0.018408,-3.854408,-4.640907,6.000000,1
8.257000,-0.021476,-0.018408,-3.854408,-4.640907,6.000000,1
8.258000,-0.042951,-0.039884,-3.594829,-3.903863,5.227474,1
8.259000,-0.042951,-0.039884,-3.594829,-3.903863,5.227486,1
8.260000,-0.042951,-0.039884,-3.594829,-3.903863,5.227498,1
8.261000,-0.058291,-0.055223,-3.099136,-2.720126,3.631849,1
8.262000,-0.064427,-0.061359,-2.480240,-2.306413,3.533785,1
8.263000,-0.067495,-0.061359,-2.398087,-2.306413,3.609820,1
8.264000,-0.067495,-0.061359,-2.398087,-2.306413,3.609838,1
8.265000,-0.067495,-0.061359,-2.398087,-2.306413,3.609857,1
8.266000,-0.067495,-0.064427,-2.398087,-2.306413,3.671235,1
8.267000,-0.067495,-0.064427,-2.398087,-2.306413,3.671255,1
8.268000,-0.067495,-0.064427,-2.398087,-2.306413,3.671274,1
8.269000,-0.067495,-0.064427,-2.398087,-2.306413,3.671293,1
8.270000,-0.070563,-0.064427,-2.398087,-1.499571,2.051494,1
8.271000,-0.070563,-0.064427,-2.398087,-1.499571,2.051513,1
8.272000,-0.070563,-0.064427,-2.398087,-1.499571,2.051532,1
8.273000,-0.070563,-0.064427,-2.398087,-1.499571,2.051552,1
8.274000,-0.070563,-0.064427,-2.398087,-1.499571,2.051571,1
8.275000,-0.070563,-0.064427,-2.398087,-1.499571,2.051590,1
8.276000,-0.070563,-0.067495,-1.727108,-1.096948,1.978702,1
8.277000,-0.070563,-0.067495,-1.727108,-1.096948,1.978723,1
8.278000,-0.070563,-0.067495,-1.727108,-1.096948,1.978743,1
8.279000,-0.070563,-0.067495,-1.727108,-1.096948,1.978763,1
8.280000,-0.070563,-0.067495,-1.727108,-1.096948,1.978783,1
8.281000,-0.070563,-0.067495,-1.727108,-1.096948,1.978804,1
8.282000,-0.070563,-0.061359,-0.936481,0.716899,-1.580964,1
8.283000,-0.070563,-0.061359,-0.936481,0.716899,-1.580945,1
8.284000,-0.070563,-0.061359,-0.936481,0.716899,-1.580927,1
8.285000,-0.070563,-0.061359,-0.936481,0.716899,-1.580908,1
8.286000,-0.070563,-0.061359,-0.936481,0.716899,-1.580890,1
8.287000,-0.070563,-0.061359,-0.936481,0.716899,-1.580872,1
8.288000,-0.064427,-0.055223,0.642388,0.716899,0.487568,1
8.289000,-0.064427,-0.055223,0.642388,0.716899,0.487584,1
8.290000,-0.064427,-0.055223,0.642388,0.716899,0.487601,1
8.291000,-0.064427,-0.055223,0.642388,0.716899,0.487617,1
8.292000,-0.064427,-0.055223,0.642388,0.716899,0.487634,1
8.293000,-0.064427,-0.055223,0.642388,0.716899,0.487650,1
8.294000,-0.055223,-0.042951,0.582403,1.455644,-1.876841,1
8.295000,-0.055223,-0.042951,0.582403,1.455644,-1.876828,1
8.296000,-0.055223,-0.042951,0.582403,1.455644,-1.876815,1
8.297000,-0.055223,-0.042951,0.582403,1.455644,-1.876802,1
8.298000,-0.055223,-0.042951,0.582403,1.455644,-1.876789,1
8.299000,-0.055223,-0.042951,0.582403,1.455644,-1.876777,1
8.300000,-0.049087,-0.030680,0.582403,2.197992,-3.594628,1
8.301000,-0.049087,-0.030680,0.582403,2.197992,-3.594619,1
8.302000,-0.049087,-0.030680,0.582403,2.197992,-3.594610,1
8.303000,-0.049087,-0.030680,0.582403,2.197992,-3.594601,1
8.304000,-0.049087,-0.030680,0.582403,2.197992,-3.594591,1
8.305000,-0.049087,-0.030680,0.582403,2.197992,-3.594582,1
8.306000,-0.039884,-0.021476,1.261346,1.789421,-2.264160,1
8.307000,-0.039884,-0.021476,1.261346,1.789421,-2.264153,1
8.308000,-0.039884,-0.021476,1.261346,1.789421,-2.264147,1
8.309000,-0.039884,-0.021476,1.261346,1.789421,-2.264140,1
8.310000,-0.039884,-0.021476,1.261346,1.789421,-2.264134,1
8.311000,-0.039884,-0.021476,1.261346,1.789421,-2.264128,1
8.312000,-0.033748,-0.009204,1.233358,1.830295,-2.607026,1
8.313000,-0.033748,-0.009204,1.233358,1.830295,-2.607023,1
8.314000,-0.033748,-0.009204,1.233358,1.830295,-2.607020,1
8.315000,-0.033748,-0.006136,1.233358,1.445726,-1.899241,1
8.316000,-0.033748,-0.006136,1.164620,0.982997,-1.042519,1
8.317000,-0.033748,-0.006136,1.064421,0.910646,-0.998015,1
8.318000,-0.033748,-0.006136,0.978938,0.847341,-0.956884,1
8.319000,-0.033748,-0.006136,0.906490,0.792516,-0.919681,1
8.320000,-0.033748,-0.006136,0.844271,0.744545,-0.885957,1
8.321000,-0.039884,-0.012272,-0.569819,0.722070,-2.144647,1
8.322000,-0.039884,-0.012272,-0.569819,0.722070,-2.144643,1
8.323000,-0.039884,-0.012272,-0.569819,0.722070,-2.144639,1
8.324000,-0.039884,-0.012272,-0.569819,0.722070,-2.144636,1
8.325000,-0.039884,-0.012272,-0.569819,0.722070,-2.144632,1
8.326000,-0.039884,-0.012272,-0.569819,0.722070,-2.144628,1
8.327000,-0.039884,-0.012272,-0.569819,0.722070,-2.144625,1
8.328000,-0.039884,-0.012272,-0.569819,0.722070,-2.144621,1
8.329000,-0.039884,-0.012272,-0.569819,0.722070,-2.144617,1
8.330000,-0.039884,-0.012272,-0.569819,0.722070,-2.144613,1
8.331000,-0.039884,-0.012272,-0.569819,0.722070,-2.144610,1
8.332000,-0.039884,-0.012272,-0.569819,0.722070,-2.144606,1
8.333000,-0.039884,-0.012272,-0.569819,0.722070,-2.144602,1
8.334000,-0.039884,-0.012272,-0.569819,0.722070,-2.144599,1
8.335000,-0.039884,-0.012272,-0.544452,0.722070,-2.119228,1
8.336000,-0.039884,-0.012272,-0.544452,0.722070,-2.119224,1
8.337000,-0.039884,-0.012272,-0.544452,0.722070,-2.119221,1
8.338000,-0.039884,-0.012272,-0.544452,0.722070,-2.119217,1
8.339000,-0.039884,-0.012272,-0.544452,0.722070,-2.119213,1
8.340000,-0.039884,-0.012272,-0.544452,0.722070,-2.119210,1
8.341000,-0.046019,-0.018408,-0.567385,0.722070,-2.031691,1
8.342000,-0.046019,-0.018408,-0.567385,0.722070,-2.031685,1
8.343000,-0.046019,-0.018408,-0.567385,0.722070,-2.031679,1
8.344000,-0.064427,-0.036816,-0.873355,-1.750391,3.538624,1
8.345000,-0.064427,-0.039884,-0.873355,-1.750391,3.599996,1
8.346000,-0.064427,-0.039884,-0.873355,-1.750391,3.600008,1
8.347000,-0.064427,-0.039884,-0.873355,-1.750391,3.600020,1
8.348000,-0.070563,-0.042951,-1.705357,-1.750391,2.817117,1
8.349000,-0.076699,-0.055223,-1.705357,-2.285254,4.120025,1
8.350000,-0.079767,-0.058291,-2.098270,-4.238837,6.000000,1
8.351000,-0.085903,-0.067495,-2.098270,-2.172083,3.727837,1
8.352000,-0.085903,-0.067495,-2.098270,-2.172083,3.727857,1
8.353000,-0.085903,-0.067495,-2.098270,-2.172083,3.727878,1
8.354000,-0.085903,-0.067495,-2.098270,-2.172083,3.727898,1
8.355000,-0.085903,-0.067495,-2.098270,-2.172083,3.727918,1
8.356000,-0.085903,-0.067495,-2.098270,-2.172083,3.727938,1
8.357000,-0.085903,-0.067495,-2.098270,-2.172083,3.727959,1
8.358000,-0.085903,-0.067495,-2.098270,-2.172083,3.727979,1
8.359000,-0.085903,-0.067495,-2.098270,-2.172083,3.727999,1
8.360000,-0.085903,-0.067495,-2.098270,-2.172083,3.728019,1
8.361000,-0.085903,-0.067495,-2.098270,-2.172083,3.728040,1
8.362000,-0.085903,-0.067495,-2.098270,-2.172083,3.728060,1
8.363000,-0.085903,-0.067495,-2.098270,-2.172083,3.728080,1
8.364000,-0.085903,-0.067495,-2.098270,-2.172083,3.728100,1
8.365000,-0.088971,-0.070563,-1.615641,-1.417522,2.756853,1
8.366000,-0.088971,-0.070563,-1.615641,-1.417522,2.756874,1
8.367000,-0.088971,-0.070563,-1.615641,-1.417522,2.756895,1
8.368000,-0.088971,-0.070563,-1.615641,-1.417522,2.756916,1
8.369000,-0.088971,-0.070563,-1.615641,-1.417522,2.756937,1
8.370000,-0.088971,-0.070563,-1.615641,-1.417522,2.756958,1
8.371000,-0.088971,-0.070563,-0.903138,-1.417522,3.469483,1
8.372000,-0.088971,-0.070563,-0.903138,-1.417522,3.469504,1
8.373000,-0.088971,-0.070563,-0.903138,-1.417522,3.469525,1
8.374000,-0.088971,-0.070563,-0.903138,-1.417522,3.469546,1
8.375000,-0.088971,-0.070563,-0.903138,-1.417522,3.469567,1
8.376000,-0.088971,-0.070563,-0.903138,-1.417522,3.469589,1
8.377000,-0.082835,-0.067495,1.788852,1.022495,1.232475,1
8.378000,-0.082835,-0.067495,1.788852,1.022495,1.232496,1
8.379000,-0.082835,-0.067495,1.788852,1.022495,1.232516,1
8.380000,-0.082835,-0.067495,1.788852,1.022495,1.232536,1
8.381000,-0.082835,-0.067495,1.788852,1.022495,1.232556,1
8.382000,-0.082835,-0.067495,1.788852,1.022495,1.232577,1
8.383000,-0.073631,-0.055223,1.784419,0.857014,1.332094,1
8.384000,-0.073631,-0.055223,1.784419,0.857014,1.332110,1
8.385000,-0.058291,-0.039884,2.148130,2.023949,-1.514153,1
8.386000,-0.049087,-0.030680,2.148130,2.656931,-2.945778,1
8.387000,-0.046019,-0.027612,2.690637,2.656931,-2.458485,1
8.388000,-0.042951,-0.021476,2.690637,3.871415,-5.004029,1
8.389000,-0.042951,-0.018408,2.690637,3.871415,-5.065383,1
8.390000,-0.042951,-0.018408,2.690637,3.871415,-5.065377,1
8.391000,-0.042951,-0.018408,2.690637,3.871415,-5.065372,1
8.392000,-0.042951,-0.018408,2.690637,3.871415,-5.065366,1
8.393000,-0.039884,-0.015340,2.690637,3.871415,-5.120585,1
8.394000,-0.030680,-0.003068,2.522995,2.253645,-2.279716,1
8.395000,-0.030680,-0.003068,2.522995,2.253645,-2.279715,1
8.396000,-0.027612,-0.003068,1.758914,1.452724,-1.435817,1
8.397000,-0.027612,-0.003068,1.758914,1.452724,-1.435816,1
8.398000,-0.027612,-0.003068,1.758914,1.452724,-1.435815,1
8.399000,-0.027612,-0.003068,1.758914,1.452724,-1.435815,1
8.400000,-0.027612,-0.003068,1.758914,1.452724,-1.435814,1
8.401000,-0.027612,-0.003068,1.758914,1.452724,-1.435813,1
8.402000,-0.027612,-0.003068,1.758914,1.452724,-1.435812,1
8.403000,-0.027612,-0.003068,1.758914,1.452724,-1.435811,1
8.404000,-0.027612,-0.003068,1.758914,1.452724,-1.435810,1
8.405000,-0.027612,-0.003068,1.758914,1.452724,-1.435809,1
8.406000,-0.027612,-0.003068,0.945758,1.328871,-2.001258,1
8.407000,-0.027612,-0.003068,0.945758,1.328871,-2.001257,1
8.408000,-0.027612,-0.003068,0.945758,1.328871,-2.001256,1
8.409000,-0.033748,-0.009204,1.696041,-1.501174,5.119566,1
8.410000,-0.033748,-0.009204,1.696041,-1.501174,5.119569,1
8.411000,-0.033748,-0.009204,1.696041,-1.501174,5.119571,1
8.412000,-0.033748,-0.009204,1.696041,-1.501174,5.119574,1
8.413000,-0.033748,-0.009204,1.696041,-1.501174,5.119577,1
8.414000,-0.033748,-0.009204,1.696041,-1.501174,5.119580,1
8.415000,-0.033748,-0.018408,-1.576750,-1.501174,2.030872,1
8.416000,-0.033748,-0.018408,-1.576750,-1.501174,2.030877,1
8.417000,-0.033748,-0.018408,-1.576750,-1.501174,2.030883,1
8.418000,-0.033748,-0.018408,-1.576750,-1.501174,2.030888,1
8.419000,-0.033748,-0.018408,-1.576750,-1.501174,2.030894,1
8.420000,-0.033748,-0.021476,-1.254820,-1.887670,3.187181,1
8.421000,-0.024544,-0.012272,0.620488,1.231995,-1.942505,1
8.422000,-0.024544,-0.012272,0.620488,1.231995,-1.942501,1
8.423000,-0.024544,-0.012272,0.620488,1.231995,-1.942498,1
8.424000,-0.024544,-0.012272,0.620488,1.231995,-1.942494,1
8.425000,-0.024544,-0.012272,0.620488,1.231995,-1.942490,1
8.426000,-0.024544,-0.012272,0.590595,1.231995,-1.972380,1
8.427000,-0.024544,-0.012272,0.590595,1.231995,-1.972377,1
8.428000,-0.021476,-0.006136,0.469036,1.231995,-2.210516,1
8.429000,-0.009204,0.000000,1.428269,0.982551,-0.850571,1
8.430000,-0.009204,0.000000,1.428269,0.982551,-0.850571,1
8.431000,-0.009204,0.000000,1.428269,0.982551,-0.850571,1
8.432000,-0.009204,0.000000,1.428269,0.982551,-0.850571,1
8.433000,-0.009204,0.000000,1.428269,0.982551,-0.850571,1
8.434000,-0.009204,0.000000,1.428269,0.982551,-0.850571,1
8.435000,-0.009204,0.000000,1.428269,0.982551,-0.850571,1
8.436000,-0.009204,0.000000,1.428269,0.982551,-0.850571,1
8.437000,-0.009204,0.000000,1.428269,0.982551,-0.850571,1
8.438000,-0.009204,0.000000,1.428269,0.982551,-0.850571,1
8.439000,-0.009204,0.000000,1.428269,0.982551,-0.850571,1
8.440000,-0.009204,0.000000,1.428269,0.982551,-0.850571,1
8.441000,-0.009204,0.000000,1.428269,0.982551,-0.850571,1
8.442000,-0.009204,0.000000,1.428269,0.982551,-0.850571,1
8.443000,-0.009204,0.000000,1.428269,0.982551,-0.850571,1
8.444000,-0.009204,0.000000,1.428269,0.982551,-0.850571,1
8.445000,-0.009204,0.000000,1.428269,0.982551,-0.850571,1
8.446000,-0.009204,0.000000,1.428269,0.982551,-0.850571,1
8.447000,-0.006136,0.003068,1.293788,0.982551,-1.040277,1
8.448000,-0.006136,0.003068,1.171066,0.982551,-1.162999,1
8.449000,-0.006136,0.003068,1.069094,0.982551,-1.264972,1
8.450000,-0.006136,0.003068,1.069094,0.982551,-1.264973,1
8.451000,-0.006136,0.003068,1.069094,0.982551,-1.264974,1
8.452000,-0.006136,0.003068,1.069094,0.982551,-1.264975,1
8.453000,-0.006136,0.003068,0.983173,0.938348,-1.262490,1
8.454000,-0.006136,0.003068,0.983173,0.938348,-1.262491,1
8.455000,-0.006136,0.003068,0.983173,0.938348,-1.262492,1
8.456000,-0.006136,0.003068,0.983173,0.938348,-1.262493,1
8.457000,-0.006136,0.003068,0.983173,0.938348,-1.262494,1
8.458000,-0.006136,0.003068,0.983173,0.938348,-1.262495,1
8.459000,-0.006136,0.000000,0.792426,-0.763047,2.610906,1
8.460000,-0.006136,0.000000,0.792426,-0.763047,2.610906,1
8.461000,-0.006136,0.000000,0.792426,-0.763047,2.610906,1
8.462000,-0.012272,-0.009204,-0.446456,-0.448132,0.914003,1
8.463000,-0.012272,-0.009204,-0.446456,-0.448132,0.914005,1
8.464000,-0.012272,-0.009204,-0.446456,-0.448132,0.914008,1
8.465000,-0.012272,-0.009204,-0.446456,-0.448132,0.914011,1
8.466000,-0.012272,-0.009204,-0.446456,-0.448132,0.914014,1
8.467000,-0.012272,-0.009204,-0.446456,-0.448132,0.914017,1
8.468000,-0.012272,-0.009204,-0.446456,-0.448132,0.914019,1
8.469000,-0.012272,-0.009204,-0.446456,-0.448132,0.914022,1
8.470000,-0.012272,-0.009204,-0.446456,-0.448132,0.914025,1
8.471000,-0.012272,-0.009204,-0.446456,-0.448132,0.914028,1
8.472000,-0.012272,-0.009204,-0.430903,-0.448132,0.929584,1
8.473000,-0.012272,-0.009204,-0.430903,-0.448132,0.929586,1
8.474000,-0.012272,-0.009204,-0.430903,-0.448132,0.929589,1
8.475000,-0.012272,-0.012272,-0.355898,-0.448132,1.065957,1
8.476000,-0.012272,-0.012272,-0.355898,-0.448132,1.065961,1
8.477000,-0.012272,-0.012272,-0.355898,-0.448132,1.065964,1
8.478000,-0.012272,-0.012272,-0.327433,-0.448132,1.094433,1
8.479000,-0.012272,-0.012272,-0.295845,-0.448132,1.126025,1
8.480000,-0.012272,-0.012272,-0.288876,-0.448132,1.132997,1
8.481000,-0.012272,-0.012272,-0.288876,-0.448132,1.133001,1
8.482000,-0.012272,-0.012272,-0.288876,-0.448132,1.133004,1
8.483000,-0.009204,-0.012272,-0.413421,-0.448132,1.014600,1
8.484000,-0.009204,-0.012272,-0.413421,-0.448132,1.014603,1
8.485000,-0.009204,-0.012272,-0.413421,-0.448132,1.014607,1
8.486000,-0.009204,-0.012272,-0.413421,-0.448132,1.014611,1
8.487000,-0.009204,-0.012272,-0.413421,-0.448132,1.014614,1
8.488000,-0.009204,-0.012272,-0.413421,-0.448132,1.014618,1
8.489000,-0.006136,-0.012272,-0.413421,-0.448132,1.020758,1
8.490000,-0.006136,-0.012272,-0.413421,-0.448132,1.020761,1
8.491000,-0.006136,-0.012272,-0.413421,-0.448132,1.020765,1
8.492000,-0.003068,-0.012272,-0.413421,-0.442981,1.016603,1
8.493000,-0.003068,-0.012272,-0.413421,-0.427594,0.985833,1
8.494000,-0.003068,-0.012272,-0.413421,-0.427594,0.985837,1
8.495000,-0.003068,-0.012272,-0.413421,-0.427594,0.985841,1
8.496000,-0.003068,-0.012272,-0.413421,-0.427594,0.985844,1
8.497000,-0.003068,-0.012272,-0.413421,-0.427594,0.985848,1
8.498000,-0.003068,-0.012272,-0.413421,-0.427594,0.985852,1
8.499000,-0.003068,-0.012272,-0.413421,-0.413242,0.957152,1
8.500000,-0.003068,-0.012272,-0.413421,-0.413242,0.957156,1
8.501000,0.003068,-0.009204,0.406516,0.353636,0.000000,1
8.502000,0.003068,-0.009204,0.406516,0.353636,0.000000,1
8.503000,0.003068,-0.009204,0.406516,0.353636,0.000000,1
8.504000,0.003068,-0.009204,0.406516,0.334351,0.000000,1
8.505000,0.006136,-0.006136,0.406516,0.301537,0.000000,1
8.506000,0.006136,-0.006136,0.406516,0.301537,0.000000,1
8.507000,0.006136,-0.006136,0.406516,0.301537,0.000000,1
8.508000,0.009204,-0.003068,0.406516,0.294311,0.000000,1
8.509000,0.009204,-0.003068,0.406516,0.294311,0.000000,1
8.510000,0.009204,0.000000,0.406516,0.283648,0.000000,1
8.511000,0.009204,0.000000,0.406516,0.283648,0.000000,1
8.512000,0.009204,0.000000,0.406516,0.283648,0.000000,1
8.513000,0.012272,0.000000,0.406516,0.283648,0.000000,1
8.514000,0.015340,0.003068,0.882922,0.283648,0.589755,1
8.515000,0.015340,0.003068,0.882922,0.283648,0.589754,1
8.516000,0.018408,0.006136,0.882922,0.283648,0.534529,1
8.517000,0.021476,0.009204,0.882922,0.283648,0.479303,1
8.518000,0.024544,0.012272,0.882922,0.827797,-1.264222,1
8.519000,0.024544,0.012272,0.882922,0.827797,-1.264226,1
8.520000,0.024544,0.012272,0.882922,0.827797,-1.264229,1
8.521000,0.024544,0.012272,0.882922,0.827797,-1.264233,1
8.522000,0.024544,0.012272,0.882922,0.827797,-1.264237,1
8.523000,0.024544,0.012272,0.882922,0.827797,-1.264240,1
8.524000,0.024544,0.012272,0.882922,0.827797,-1.264244,1
8.525000,0.024544,0.012272,0.882922,0.827797,-1.264248,1
8.526000,0.024544,0.012272,0.882922,0.827797,-1.264251,1
8.527000,0.024544,0.012272,0.882922,0.827797,-1.264255,1
8.528000,0.024544,0.012272,0.882922,0.827797,-1.264259,1
8.529000,0.024544,0.012272,0.882922,0.827797,-1.264263,1
8.530000,0.024544,0.012272,0.882922,0.827797,-1.264266,1
8.531000,0.024544,0.012272,0.882922,0.827797,-1.264270,1
8.532000,0.024544,0.012272,0.882922,0.827797,-1.264274,1
8.533000,0.024544,0.012272,0.882922,0.827797,-1.264277,1
8.534000,0.024544,0.012272,0.882922,0.827797,-1.264281,1
8.535000,0.027612,0.012272,0.899682,0.827797,-1.241389,1
8.536000,0.027612,0.012272,0.899682,0.827797,-1.241393,1
8.537000,0.027612,0.012272,0.899682,0.827797,-1.241397,1
8.538000,0.036816,0.021476,0.899682,0.827797,-1.407073,1
8.539000,0.036816,0.021476,0.899682,0.827797,-1.407079,1
8.540000,0.036816,0.021476,0.899682,0.827797,-1.407086,1
8.541000,0.036816,0.021476,0.899682,0.827797,-1.407092,1
8.542000,0.036816,0.021476,0.899682,0.827797,-1.407099,1
8.543000,0.036816,0.021476,0.899682,0.827797,-1.407105,1
8.544000,0.036816,0.021476,0.899682,0.786311,-1.324140,1
8.545000,0.036816,0.021476,0.899682,0.786311,-1.324146,1
8.546000,0.036816,0.021476,0.899682,0.786311,-1.324153,1
8.547000,0.036816,0.021476,0.899682,0.786311,-1.324159,1
8.548000,0.036816,0.021476,0.899682,0.786311,-1.324166,1
8.549000,0.042951,0.024544,0.946721,0.623882,-1.001363,1
8.550000,0.042951,0.024544,0.946721,0.623882,-1.001371,1
8.551000,0.042951,0.024544,0.946721,0.623882,-1.001378,1
8.552000,0.042951,0.024544,0.946721,0.623882,-1.001385,1
8.553000,0.042951,0.021476,0.946721,0.623882,-0.940032,1
8.554000,0.042951,0.021476,0.792373,0.623882,-1.094387,1
8.555000,0.042951,0.021476,0.744593,0.623882,-1.142174,1
8.556000,0.042951,0.021476,0.744593,0.623882,-1.142180,1
8.557000,0.042951,0.021476,0.744593,0.623882,-1.142187,1
8.558000,0.042951,0.021476,0.702019,0.623882,-1.184767,1
8.559000,0.042951,0.021476,0.702019,0.623882,-1.184773,1
8.560000,0.042951,0.018408,0.629737,0.623882,-1.195702,1
8.561000,0.042951,0.018408,0.629737,0.623882,-1.195707,1
8.562000,0.042951,0.018408,0.629737,0.623882,-1.195713,1
8.563000,0.039884,0.012272,-0.446480,-0.666130,1.024673,1
8.564000,0.039884,0.012272,-0.446480,-0.666130,1.024670,1
8.565000,0.039884,0.012272,-0.446480,-0.666130,1.024666,1
8.566000,0.039884,0.012272,-0.446480,-0.666130,1.024662,1
8.567000,0.039884,0.012272,-0.430810,-0.666130,1.040329,1
8.568000,0.039884,0.009204,-0.416231,-0.666130,1.116264,1
8.569000,0.039884,0.009204,-0.416231,-0.666130,1.116261,1
8.570000,0.039884,0.009204,-0.416231,-0.666130,1.116258,1
8.571000,0.039884,0.009204,-0.416231,-0.666130,1.116256,1
8.572000,0.039884,0.009204,-0.416231,-0.666130,1.116253,1
8.573000,0.039884,0.009204,-0.416231,-0.666130,1.116250,1
8.574000,0.039884,0.009204,-0.416231,-0.666130,1.116247,1
8.575000,0.039884,0.009204,-0.416231,-0.666130,1.116245,1
8.576000,0.036816,0.009204,-0.402628,-0.666130,1.123709,1
8.577000,0.036816,0.009204,-0.402628,-0.666130,1.123706,1
8.578000,0.033748,0.000000,-0.327362,-1.184014,2.412683,1
8.579000,0.033748,0.000000,-0.327362,-1.184014,2.412683,1
8.580000,0.033748,0.000000,-0.327362,-1.184014,2.412683,1
8.581000,0.033748,0.000000,-0.327362,-1.184014,2.412683,1
8.582000,0.033748,0.000000,-0.327362,-1.184014,2.412683,1
8.583000,0.033748,0.000000,-0.327362,-1.184014,2.412683,1
8.584000,0.033748,0.000000,-0.327362,-1.184014,2.412683,1
8.585000,0.033748,0.000000,-0.303152,-1.184014,2.436893,1
8.586000,0.033748,0.000000,-0.303152,-1.184014,2.436893,1
8.587000,0.033748,0.000000,-0.303152,-1.184014,2.436893,1
8.588000,0.033748,-0.003068,-0.263982,-0.866873,1.903140,1
8.589000,0.033748,-0.003068,-0.263982,-0.866873,1.903141,1
8.590000,0.033748,-0.003068,-0.263982,-0.866873,1.903141,1
8.591000,0.033748,-0.003068,-0.263982,-0.866873,1.903142,1
8.592000,0.033748,-0.003068,-0.263982,-0.866873,1.903143,1
8.593000,0.033748,-0.003068,-0.263982,-0.866873,1.903144,1
8.594000,0.033748,-0.003068,-0.263982,-0.866873,1.903145,1
8.595000,0.033748,-0.003068,-0.263982,-0.866873,1.903146,1
8.596000,0.033748,-0.003068,-0.263982,-0.866873,1.903147,1
8.597000,0.033748,-0.003068,-0.248016,-0.715596,1.616561,1
8.598000,0.033748,-0.003068,-0.248016,-0.715596,1.616562,1
8.599000,0.033748,-0.003068,-0.248016,-0.715596,1.616563,1
8.600000,0.039884,0.000000,0.335153,-0.492138,1.703727,1
8.601000,0.039884,0.000000,0.335153,-0.492138,1.703727,1
8.602000,0.039884,0.000000,0.335153,-0.492138,1.703727,1
8.603000,0.039884,0.000000,0.335153,-0.492138,1.703727,1
8.604000,0.039884,0.000000,0.335153,-0.492138,1.703727,1
8.605000,0.039884,0.000000,0.335153,-0.492138,1.703727,1
8.606000,0.039884,0.000000,0.335153,-0.492138,1.703727,1
8.607000,0.039884,0.000000,0.335153,-0.492138,1.703727,1
8.608000,0.039884,0.000000,0.335153,-0.492138,1.703727,1
8.609000,0.042951,0.003068,0.335153,-0.492138,1.648502,1
8.610000,0.042951,0.003068,0.335153,-0.492138,1.648502,1
8.611000,0.042951,0.003068,0.335153,-0.492138,1.648501,1
8.612000,0.058291,0.015340,0.371022,1.244015,-2.602698,1
8.613000,0.058291,0.015340,0.371022,1.244015,-2.602702,1
8.614000,0.058291,0.015340,0.371022,1.244015,-2.602707,1
8.615000,0.058291,0.015340,0.371022,1.244015,-2.602711,1
8.616000,0.058291,0.015340,0.371022,1.244015,-2.602716,1
8.617000,0.058291,0.015340,0.371022,1.244015,-2.602721,1
8.618000,0.064427,0.021476,1.666119,1.244015,-1.418076,1
8.619000,0.064427,0.021476,1.666119,1.244015,-1.418083,1
8.620000,0.064427,0.021476,1.666119,1.244015,-1.418089,1
8.621000,0.064427,0.021476,1.666119,1.244015,-1.418096,1
8.622000,0.064427,0.021476,1.666119,1.244015,-1.418102,1
8.623000,0.064427,0.021476,1.666119,1.244015,-1.418108,1
8.624000,0.076699,0.036816,2.095388,2.209004,-3.201081,1
8.625000,0.076699,0.036816,2.095388,2.209004,-3.201092,1
8.626000,0.076699,0.036816,2.095388,2.209004,-3.201103,1
8.627000,0.088971,0.049087,2.193359,3.652758,-6.000000,1
8.628000,0.098175,0.058291,2.193359,1.845830,-2.763379,1
8.629000,0.098175,0.061359,1.971421,1.748514,-2.852063,1
8.630000,0.098175,0.061359,1.971421,1.748514,-2.852081,1
8.631000,0.098175,0.061359,1.971421,1.748514,-2.852100,1
8.632000,0.098175,0.064427,1.697961,1.748514,-3.186938,1
8.633000,0.098175,0.064427,1.697961,1.748514,-3.186957,1
8.634000,0.101243,0.064427,2.073944,1.748514,-2.804857,1
8.635000,0.101243,0.064427,2.073944,1.748514,-2.804876,1
8.636000,0.101243,0.064427,2.073944,1.748514,-2.804896,1
8.637000,0.104311,0.067495,2.073944,1.748514,-2.860139,1
8.638000,0.104311,0.070563,1.576210,1.274258,-2.470742,1
8.639000,0.107379,0.070563,1.396410,1.154122,-2.404156,1
8.640000,0.107379,0.070563,1.253700,1.054879,-2.348401,1
8.641000,0.107379,0.070563,1.138073,0.971803,-2.297897,1
8.642000,0.107379,0.070563,1.138073,0.971803,-2.297918,1
8.643000,0.107379,0.070563,1.138073,0.971803,-2.297939,1
8.644000,0.107379,0.070563,1.138073,0.971803,-2.297960,1
8.645000,0.107379,0.070563,1.041514,0.900513,-2.251961,1
8.646000,0.107379,0.070563,1.041514,0.900513,-2.251982,1
8.647000,0.107379,0.070563,1.041514,0.900513,-2.252004,1
8.648000,0.107379,0.070563,1.041514,0.900513,-2.252025,1
8.649000,0.107379,0.067495,0.829850,-0.737804,1.474284,1
8.650000,0.107379,0.067495,0.829850,-0.737804,1.474264,1
8.651000,0.107379,0.067495,0.829850,-0.737804,1.474243,1
8.652000,0.104311,0.067495,1.009761,-0.594762,1.361914,1
8.653000,0.101243,0.064427,1.009761,-0.566803,1.361201,1
8.654000,0.101243,0.064427,1.009761,-0.566803,1.361182,1
8.655000,0.101243,0.064427,1.009761,-0.566803,1.361162,1
8.656000,0.101243,0.061359,1.009761,-0.566803,1.422503,1
8.657000,0.101243,0.061359,1.009761,-0.566803,1.422485,1
8.658000,0.098175,0.058291,1.009761,-0.566803,1.477690,1
8.659000,0.098175,0.058291,1.009761,-0.566803,1.477673,1
8.660000,0.098175,0.058291,1.009761,-0.566803,1.477655,1
8.661000,0.098175,0.055223,-0.989057,-0.566803,-1.059819,1
8.662000,0.098175,0.055223,-0.989057,-0.566803,-1.059836,1
8.663000,0.098175,0.055223,-0.989057,-0.566803,-1.059853,1
8.664000,0.095107,0.055223,-0.796512,-0.566803,-0.873460,1
8.665000,0.095107,0.055223,-0.796512,-0.566803,-0.873477,1
8.666000,0.095107,0.055223,-0.796512,-0.566803,-0.873493,1
8.667000,0.095107,0.055223,-0.796512,-0.566803,-0.873510,1
8.668000,0.095107,0.055223,-0.796512,-0.566803,-0.873526,1
8.669000,0.095107,0.055223,-0.796512,-0.566803,-0.873543,1
8.670000,0.095107,0.055223,-0.666589,-0.566803,-0.743637,1
8.671000,0.095107,0.055223,-0.666589,-0.566803,-0.743654,1
8.672000,0.095107,0.055223,-0.666589,-0.566803,-0.743670,1
8.673000,0.092039,0.052155,-0.710821,-0.864421,0.462542,1
8.674000,0.092039,0.052155,-0.710821,1.490742,-4.847799,1
8.675000,0.088971,0.052155,-0.710821,1.490742,-4.853950,1
8.676000,0.088971,0.052155,-0.710821,1.490742,-4.853966,1
8.677000,0.088971,0.052155,-0.710821,1.490742,-4.853982,1
8.678000,0.088971,0.052155,-0.710821,1.490742,-4.853997,1
8.679000,0.088971,0.052155,-0.710821,1.490742,-4.854013,1
8.680000,0.088971,0.052155,-0.710821,1.490742,-4.854029,1
8.681000,0.088971,0.052155,-0.710821,1.490742,-4.854044,1
8.682000,0.088971,0.052155,-0.710821,1.490742,-4.854060,1
8.683000,0.088971,0.052155,-0.710821,1.490742,-4.854075,1
8.684000,0.088971,0.052155,-0.710821,1.490742,-4.854091,1
8.685000,0.088971,0.052155,-0.710821,1.490742,-4.854107,1
8.686000,0.082835,0.049087,-0.710821,1.490742,-4.805034,1
8.687000,0.082835,0.049087,-0.710821,1.490742,-4.805049,1
8.688000,0.082835,0.049087,-0.710821,1.490742,-4.805064,1
8.689000,0.070563,0.036816,-0.550766,-1.072831,1.303018,1
8.690000,0.058291,0.024544,-1.866279,-2.606948,3.276626,1
8.691000,0.055223,0.018408,-2.937098,-2.606948,2.322384,1
8.692000,0.052155,0.012272,-2.937098,-4.400680,6.000000,1
8.693000,0.049087,0.009204,-2.937098,-4.400680,6.000000,1
8.694000,0.049087,0.009204,-2.937098,-4.400680,6.000000,1
8.695000,0.049087,0.009204,-2.937098,-4.400680,6.000000,1
8.696000,0.049087,0.009204,-2.937098,-4.400680,6.000000,1
8.697000,0.049087,0.009204,-2.937098,-4.400680,6.000000,1
8.698000,0.049087,0.009204,-2.937098,-4.400680,6.000000,1
8.699000,0.049087,0.009204,-2.937098,-4.400680,6.000000,1
8.700000,0.046019,0.006136,-2.937098,-4.400680,6.000000,1
8.701000,0.046019,0.006136,-2.937098,-4.400680,6.000000,1
8.702000,0.046019,0.006136,-2.937098,-4.400680,6.000000,1
8.703000,0.036816,-0.006136,-2.561682,-2.278618,2.495171,1
8.704000,0.036816,-0.006136,-2.561682,-2.278618,2.495173,1
8.705000,0.036816,-0.006136,-2.561682,-2.278618,2.495175,1
8.706000,0.033748,-0.009204,-1.572658,-1.566796,2.115781,1
8.707000,0.033748,-0.006136,-1.040127,-1.566796,2.586956,1
8.708000,0.033748,-0.006136,-0.958809,-1.566796,2.668275,1
8.709000,0.033748,-0.006136,-0.958809,-1.566796,2.668277,1
8.710000,0.033748,-0.006136,-0.958809,-1.566796,2.668279,1
8.711000,0.033748,-0.006136,-0.958809,-1.566796,2.668281,1
8.712000,0.033748,-0.003068,-0.889499,-1.566796,2.676232,1
8.713000,0.033748,-0.003068,-0.889499,-1.566796,2.676233,1
8.714000,0.036816,0.000000,0.730358,1.292943,-2.078612,1
8.715000,0.036816,0.000000,0.730358,1.292943,-2.078612,1
8.716000,0.036816,0.000000,0.730358,1.292943,-2.078612,1
8.717000,0.036816,0.000000,0.730358,1.292943,-2.078612,1
8.718000,0.036816,0.000000,0.730358,1.292943,-2.078612,1
8.719000,0.036816,0.000000,0.730358,1.292943,-2.078612,1
8.720000,0.036816,0.000000,0.730358,1.292943,-2.078612,1
8.721000,0.036816,0.000000,0.730358,1.292943,-2.078612,1
8.722000,0.039884,0.003068,2.155613,1.292943,-0.708582,1
8.723000,0.039884,0.003068,2.155613,1.292943,-0.708583,1
8.724000,0.039884,0.003068,2.155613,1.292943,-0.708584,1
8.725000,0.039884,0.003068,2.155613,1.292943,-0.708585,1
8.726000,0.039884,0.003068,2.155613,1.292943,-0.708585,1
8.727000,0.039884,0.003068,2.155613,1.292943,-0.708586,1
8.728000,0.052155,0.015340,0.617892,1.573428,-3.028176,1
8.729000,0.052155,0.015340,0.617892,1.573428,-3.028181,1
8.730000,0.052155,0.015340,0.617892,1.573428,-3.028185,1
8.731000,0.061359,0.030680,0.617892,2.874951,-5.919627,1
8.732000,0.067495,0.039884,1.785692,2.400276,-3.974296,1
8.733000,0.067495,0.042951,1.785692,2.400276,-4.035668,1
8.734000,0.067495,0.042951,1.785692,2.400276,-4.035681,1
8.735000,0.067495,0.042951,1.785692,2.400276,-4.035694,1
8.736000,0.070563,0.046019,1.785692,2.400276,-4.090931,1
8.737000,0.070563,0.046019,1.785692,2.400276,-4.090945,1
8.738000,0.070563,0.046019,1.609848,1.780195,-3.026640,1
8.739000,0.070563,0.046019,1.609848,1.780195,-3.026653,1
8.740000,0.070563,0.046019,1.609848,1.780195,-3.026667,1
8.741000,0.073631,0.049087,1.274653,1.653587,-3.163885,1
8.742000,0.073631,0.052155,0.900957,1.653587,-3.598956,1
8.743000,0.070563,0.052155,-0.839033,1.653587,-5.345098,1
8.744000,0.070563,0.052155,-0.785266,1.642356,-5.268885,1
8.745000,0.070563,0.052155,-0.785266,1.642356,-5.268900,1
8.746000,0.070563,0.052155,-0.738282,1.449435,-4.836090,1
8.747000,0.070563,0.052155,-0.738282,1.449435,-4.836105,1
8.748000,0.070563,0.052155,-0.738282,1.449435,-4.836121,1
8.749000,0.070563,0.052155,-0.738282,1.449435,-4.836137,1
8.750000,0.070563,0.052155,-0.738282,1.449435,-4.836152,1
8.751000,0.070563,0.052155,-0.738282,1.449435,-4.836168,1
8.752000,0.070563,0.052155,-0.738282,1.449435,-4.836184,1
8.753000,0.070563,0.052155,-0.738282,1.449435,-4.836199,1
8.754000,0.067495,0.052155,-1.525611,1.295571,-5.321951,1
8.755000,0.067495,0.052155,-1.525611,1.295571,-5.321967,1
8.756000,0.067495,0.052155,-1.525611,1.295571,-5.321982,1
8.757000,0.052155,0.036816,-0.746395,-0.767025,0.458531,1
8.758000,0.052155,0.036816,-0.746395,-0.767025,0.458520,1
8.759000,0.052155,0.036816,-0.746395,-0.767025,0.458509,1
8.760000,0.052155,0.036816,-0.746395,-0.767025,0.458498,1
8.761000,0.052155,0.036816,-0.746395,-0.767025,0.458487,1
8.762000,0.052155,0.036816,-0.746395,-0.767025,0.458476,1
8.763000,0.052155,0.036816,-0.746395,-0.767025,0.458465,1
8.764000,0.052155,0.036816,-0.746395,-0.767025,0.458454,1
8.765000,0.052155,0.036816,-0.746395,-0.767025,0.458443,1
8.766000,0.042951,0.030680,-2.609204,-0.767025,-1.900064,1
8.767000,0.042951,0.030680,-2.609204,-0.767025,-1.900074,1
8.768000,0.042951,0.030680,-2.609204,-0.767025,-1.900083,1
8.769000,0.042951,0.030680,-2.609204,-0.767025,-1.900092,1
8.770000,0.003068,-0.009204,-4.593067,-4.889425,5.678751,1
8.771000,0.003068,-0.009204,-4.593067,-4.889425,5.678754,1
8.772000,0.003068,-0.009204,-4.593067,-4.889425,5.678756,1
8.773000,0.003068,-0.009204,-4.593067,-4.889425,5.678759,1
8.774000,0.003068,-0.009204,-4.593067,-4.889425,5.678762,1
8.775000,0.003068,-0.009204,-4.593067,-4.889425,5.678765,1
8.776000,-0.018408,-0.033748,-4.973701,-5.671673,6.000000,1
8.777000,-0.018408,-0.033748,-4.973701,-5.671673,6.000000,1
8.778000,-0.018408,-0.033748,-4.973701,-5.671673,6.000000,1
8.779000,-0.052155,-0.061359,-5.406530,-4.966153,5.951466,1
8.780000,-0.070563,-0.085903,-4.708045,-8.069454,6.000000,1
8.781000,-0.073631,-0.092039,-4.708045,-4.868546,6.000000,1
8.782000,-0.073631,-0.092039,-4.708045,-4.868546,6.000000,1
8.783000,-0.073631,-0.092039,-4.708045,-4.868546,6.000000,1
8.784000,-0.079767,-0.098175,-4.747763,-4.750545,6.000000,1
8.785000,-0.085903,-0.107379,-4.747763,-4.462197,6.000000,1
8.786000,-0.085903,-0.107379,-4.747763,-4.462197,6.000000,1
8.787000,-0.085903,-0.107379,-4.747763,-4.462197,6.000000,1
8.788000,-0.085903,-0.107379,-4.747763,-4.462197,6.000000,1
8.789000,-0.092039,-0.113515,-4.061079,-4.462197,6.000000,1
8.790000,-0.104311,-0.125786,-3.304645,-3.720338,6.000000,1
8.791000,-0.107379,-0.128854,-3.304645,-3.156689,5.674256,1
8.792000,-0.107379,-0.131922,-3.304645,-2.593686,4.609650,1
8.793000,-0.110447,-0.131922,-3.304645,-2.593686,4.603554,1
8.794000,-0.110447,-0.134990,-2.727245,-2.593686,5.242354,1
8.795000,-0.113515,-0.134990,-2.230828,-2.593686,5.732675,1
8.796000,-0.113515,-0.134990,-1.886537,-2.593686,6.000000,1
8.797000,-0.116583,-0.138058,-2.357087,-2.379661,5.233671,1
8.798000,-0.116583,-0.138058,-2.357087,-1.994981,4.464352,1
8.799000,-0.116583,-0.138058,-2.357087,-1.714477,3.903386,1
8.800000,-0.119651,-0.138058,-2.357087,-1.340095,3.148528,1
8.801000,-0.119651,-0.138058,-2.357087,-1.340095,3.148569,1
8.802000,-0.119651,-0.138058,-2.357087,-1.340095,3.148610,1
8.803000,-0.119651,-0.138058,-2.357087,-1.340095,3.148652,1
8.804000,-0.119651,-0.138058,-2.357087,-1.340095,3.148693,1
8.805000,-0.119651,-0.138058,-2.163981,-1.208027,3.077705,1
8.806000,-0.119651,-0.138058,-2.163981,-1.208027,3.077747,1
8.807000,-0.119651,-0.138058,-2.163981,-1.208027,3.077788,1
8.808000,-0.119651,-0.138058,-1.415540,-0.932724,3.275663,1
8.809000,-0.119651,-0.134990,-0.968693,-0.729436,3.254616,1
8.810000,-0.116583,-0.134990,0.897815,-0.729436,5.127300,1
8.811000,-0.116583,-0.134990,0.836525,-0.729436,5.066051,1
8.812000,-0.116583,-0.134990,0.836525,-0.729436,5.066091,1
8.813000,-0.116583,-0.134990,0.836525,-0.729436,5.066132,1
8.814000,-0.116583,-0.134990,0.783366,-0.729436,5.013013,1
8.815000,-0.104311,-0.122718,0.619761,1.378715,0.000000,1
8.816000,-0.104311,-0.122718,0.619761,1.378715,0.000000,1
8.817000,-0.104311,-0.122718,0.619761,1.378715,0.000000,1
8.818000,-0.104311,-0.122718,0.619761,1.378715,0.000000,1
8.819000,-0.104311,-0.119651,0.619761,1.378715,0.000000,1
8.820000,-0.101243,-0.116583,0.619761,1.378715,0.000000,1
8.821000,-0.101243,-0.116583,0.619761,1.378715,0.000000,1
8.822000,-0.101243,-0.116583,0.619761,1.378715,0.000000,1
8.823000,-0.098175,-0.110447,0.619761,3.680051,-5.023303,1
8.824000,-0.098175,-0.110447,0.619761,3.680051,-5.023270,1
8.825000,-0.098175,-0.110447,0.619761,3.680051,-5.023237,1
8.826000,-0.095107,-0.107379,1.717353,3.680051,-3.980836,1
8.827000,-0.085903,-0.098175,1.717353,2.085576,-0.957525,1
8.828000,-0.082835,-0.095107,2.290651,2.085576,0.000000,1
8.829000,-0.082835,-0.095107,2.290651,2.085576,0.000000,1
8.830000,-0.082835,-0.095107,2.290651,2.085576,0.000000,1
8.831000,-0.079767,-0.095107,2.290651,2.085576,0.000000,1
8.832000,-0.079767,-0.095107,2.290651,2.085576,0.000000,1
8.833000,-0.076699,-0.092039,2.290651,2.085576,-0.488367,1
8.834000,-0.076699,-0.092039,2.290651,2.085576,-0.488340,1
8.835000,-0.076699,-0.092039,2.290651,2.085576,-0.488312,1
8.836000,-0.073631,-0.088971,2.287194,1.978647,0.000000,1
8.837000,-0.073631,-0.088971,2.287194,1.978647,0.000000,1
8.838000,-0.073631,-0.088971,2.287194,1.978647,0.000000,1
8.839000,-0.073631,-0.088971,2.287194,1.978647,0.000000,1
8.840000,-0.073631,-0.088971,2.287194,1.978647,0.000000,1
8.841000,-0.073631,-0.088971,2.287194,1.978647,0.000000,1
8.842000,-0.067495,-0.082835,2.216824,1.889507,0.000000,1
8.843000,-0.067495,-0.082835,2.216824,1.889507,0.000000,1
8.844000,-0.067495,-0.082835,2.216824,1.889507,0.000000,1
8.845000,-0.055223,-0.073631,2.152525,1.577499,0.664768,1
8.846000,-0.049087,-0.070563,2.019785,1.577499,0.482961,1
8.847000,-0.049087,-0.070563,2.019785,1.577499,0.482982,1
8.848000,-0.049087,-0.070563,2.019785,1.577499,0.483004,1
8.849000,-0.049087,-0.070563,2.019785,1.577499,0.483025,1
8.850000,-0.049087,-0.070563,2.019785,1.577499,0.483046,1
8.851000,-0.042951,-0.067495,1.998762,1.577499,0.000000,1
8.852000,-0.042951,-0.067495,1.998762,1.577499,0.000000,1
8.853000,-0.042951,-0.067495,1.998762,1.577499,0.000000,1
8.854000,-0.036816,-0.061359,1.998762,1.245774,0.966018,1
8.855000,-0.036816,-0.061359,1.998762,1.245774,0.966037,1
8.856000,-0.036816,-0.061359,1.998762,1.245774,0.966055,1
8.857000,-0.036816,-0.061359,1.998762,1.245774,0.966073,1
8.858000,-0.036816,-0.061359,1.998762,1.245774,0.966092,1
8.859000,-0.036816,-0.061359,1.998762,1.245774,0.966110,1
8.860000,-0.030680,-0.058291,1.889317,1.245774,0.807594,1
8.861000,-0.030680,-0.058291,1.889317,1.245774,0.807612,1
8.862000,-0.030680,-0.058291,1.889317,1.245774,0.807629,1
8.863000,-0.021476,-0.052155,1.831091,1.245774,0.645109,1
8.864000,-0.012272,-0.049087,1.831091,1.107894,0.877934,1
8.865000,-0.012272,-0.049087,1.831091,1.107894,0.877948,1
8.866000,-0.012272,-0.049087,1.831091,1.107894,0.877963,1
8.867000,-0.012272,-0.049087,1.831091,1.107894,0.877978,1
8.868000,-0.009204,-0.046019,1.776747,1.107894,0.768424,1
8.869000,-0.009204,-0.046019,1.776747,1.107894,0.768438,1
8.870000,-0.006136,-0.042951,1.776747,1.107894,0.713228,1
8.871000,-0.006136,-0.042951,1.776747,1.107894,0.713241,1
8.872000,-0.006136,-0.042951,1.776747,1.107894,0.713254,1
8.873000,0.003068,-0.036816,1.812257,1.165253,0.529744,1
8.874000,0.006136,-0.036816,1.812257,1.165253,0.535891,1
8.875000,0.006136,-0.033748,1.812257,1.165253,0.474542,1
8.876000,0.009204,-0.033748,1.812257,1.165253,0.480688,1
8.877000,0.009204,-0.033748,1.812257,1.165253,0.480698,1
8.878000,0.012272,-0.030680,1.812257,1.165253,0.000000,1
8.879000,0.015340,-0.030680,1.890408,1.165253,0.509781,1
8.880000,0.015340,-0.027612,1.890408,1.165253,0.000000,1
8.881000,0.018408,-0.027612,1.890408,1.165253,0.454574,1
8.882000,0.018408,-0.024544,1.890408,1.340701,-0.557674,1
8.883000,0.021476,-0.024544,1.890408,1.340701,-0.551530,1
8.884000,0.024544,-0.021476,1.890408,1.340701,-0.606747,1
8.885000,0.024544,-0.021476,1.890408,1.340701,-0.606741,1
8.886000,0.027612,-0.021476,1.904650,1.340701,-0.586356,1
8.887000,0.030680,-0.018408,1.904650,1.340701,-0.641574,1
8.888000,0.030680,-0.018408,1.904650,1.340701,-0.641569,1
8.889000,0.033748,-0.018408,1.904650,1.340701,-0.635427,1
8.890000,0.033748,-0.015340,1.904650,1.340701,-0.696782,1
8.891000,0.036816,-0.015340,1.904650,1.315587,-0.640412,1
8.892000,0.036816,-0.012272,1.800106,1.192219,-0.559578,1
8.893000,0.039884,-0.012272,1.823526,1.192219,-0.530019,1
8.894000,0.039884,-0.012272,1.823526,1.192219,-0.530015,1
8.895000,0.039884,-0.012272,1.823526,1.192219,-0.530011,1
8.896000,0.039884,-0.012272,1.823526,1.192219,-0.530008,1
8.897000,0.039884,-0.012272,1.823526,1.192219,-0.530004,1
8.898000,0.046019,-0.009204,1.823526,1.192219,-0.579089,1
8.899000,0.049087,-0.009204,1.823225,1.192219,-0.573251,1
8.900000,0.049087,-0.006136,1.588780,1.192219,-0.869053,1
8.901000,0.052155,-0.006136,1.616255,1.192219,-0.835440,1
8.902000,0.052155,-0.006136,1.616255,1.192219,-0.835438,1
8.903000,0.055223,-0.006136,1.616255,1.112424,-0.669709,1
8.904000,0.055223,-0.003068,1.616255,1.019693,-0.545605,1
8.905000,0.058291,-0.003068,1.616255,0.941459,0.000000,1
8.906000,0.058291,-0.003068,1.616255,0.874628,0.000000,1
8.907000,0.058291,-0.003068,1.616255,0.816747,0.466424,1
8.908000,0.061359,-0.003068,1.588583,0.765198,0.547988,1
8.909000,0.061359,-0.003068,1.405415,0.720386,0.454444,1
8.910000,0.064427,-0.003068,1.422639,0.680387,0.557804,1
8.911000,0.064427,0.000000,1.422639,0.663021,0.531177,1
8.912000,0.067495,0.000000,1.422639,0.663021,0.537313,1
8.913000,0.067495,0.000000,1.422639,0.663021,0.537313,1
8.914000,0.067495,0.000000,1.422639,0.663021,0.537313,1
8.915000,0.070563,0.000000,1.422639,0.663021,0.543449,1
8.916000,0.070563,0.000000,1.422639,0.663021,0.543449,1
8.917000,0.073631,0.000000,1.422639,0.663021,0.549584,1
8.918000,0.073631,0.003068,1.411280,0.663021,0.476865,1
8.919000,0.076699,0.003068,1.352580,0.663021,0.000000,1
8.920000,0.076699,0.003068,1.352580,0.663021,0.000000,1
8.921000,0.079767,0.003068,1.352580,0.663021,0.000000,1
8.922000,0.079767,0.003068,1.352580,0.663021,0.000000,1
8.923000,0.082835,0.006136,1.352580,0.663021,0.000000,1
8.924000,0.082835,0.006136,1.352580,0.663021,0.000000,1
8.925000,0.085903,0.006136,1.352580,0.663021,0.000000,1
8.926000,0.085903,0.006136,1.352580,0.663021,0.000000,1
8.927000,0.088971,0.006136,1.437885,0.663021,0.472777,1
8.928000,0.088971,0.009204,1.437885,0.663021,0.000000,1
8.929000,0.092039,0.009204,1.437885,0.662449,0.000000,1
8.930000,0.092039,0.009204,1.437885,0.628615,0.486358,1
8.931000,0.092039,0.009204,1.437885,0.597977,0.547630,1
8.932000,0.095107,0.009204,1.437885,0.570214,0.609289,1
8.933000,0.095107,0.009204,1.437885,0.544819,0.660077,1
8.934000,0.098175,0.012272,1.437885,0.526244,0.641999,1
8.935000,0.098175,0.012272,1.437885,0.526244,0.641995,1
8.936000,0.101243,0.012272,1.425313,0.526244,0.635556,1
8.937000,0.101243,0.012272,1.425313,0.526244,0.635552,1
8.938000,0.104311,0.012272,1.425313,0.526244,0.641685,1
8.939000,0.104311,0.012272,1.425313,0.526244,0.641681,1
8.940000,0.107379,0.015340,1.425313,0.526244,0.586453,1
8.941000,0.107379,0.015340,1.425313,0.526244,0.586448,1
8.942000,0.110447,0.015340,1.425313,0.526244,0.592580,1
8.943000,0.110447,0.015340,1.425313,0.526244,0.592575,1
8.944000,0.113515,0.018408,1.456697,0.526244,0.568731,1
8.945000,0.113515,0.018408,1.456697,0.526244,0.568725,1
8.946000,0.116583,0.018408,1.456697,0.526244,0.574855,1
8.947000,0.116583,0.018408,1.456697,0.526244,0.574850,1
8.948000,0.119651,0.021476,1.456697,0.526244,0.519620,1
8.949000,0.119651,0.021476,1.456697,0.526244,0.519614,1
8.950000,0.122718,0.021476,1.456697,0.526244,0.525743,1
8.951000,0.122718,0.024544,1.456697,0.722424,-0.527982,1
8.952000,0.125786,0.024544,1.540638,0.722424,0.000000,1
8.953000,0.125786,0.024544,1.540638,0.722424,0.000000,1
8.954000,0.128854,0.024544,1.540638,0.722424,0.000000,1
8.955000,0.128854,0.027612,1.540638,0.722424,-0.493159,1
8.956000,0.131922,0.027612,1.540638,0.722424,-0.487032,1
8.957000,0.131922,0.027612,1.540638,0.722424,-0.487040,1
8.958000,0.134990,0.030680,1.540638,0.722424,-0.542272,1
8.959000,0.134990,0.030680,1.540638,0.722424,-0.542282,1
8.960000,0.138058,0.030680,1.579820,0.722424,-0.496973,1
8.961000,0.138058,0.030680,1.579820,0.722424,-0.496982,1
8.962000,0.141126,0.033748,1.579820,0.722424,-0.552216,1
8.963000,0.141126,0.033748,1.579820,0.722424,-0.552226,1
8.964000,0.141126,0.033748,1.579820,0.722424,-0.552236,1
8.965000,0.141126,0.033748,1.579820,0.722424,-0.552246,1
8.966000,0.141126,0.033748,1.579820,0.722424,-0.552256,1
8.967000,0.141126,0.033748,1.579820,0.722424,-0.552266,1
8.968000,0.144194,0.033748,1.579820,0.722424,-0.546140,1
8.969000,0.144194,0.033748,1.579820,0.722424,-0.546150,1
8.970000,0.150330,0.039884,1.467844,0.848021,-1.019780,1
8.971000,0.153398,0.039884,1.467844,0.848021,-1.013656,1
8.972000,0.153398,0.039884,1.467844,0.848021,-1.013668,1
8.973000,0.153398,0.039884,1.467844,0.848021,-1.013680,1
8.974000,0.156466,0.039884,1.467844,0.848021,-1.007556,1
8.975000,0.156466,0.039884,1.467844,0.848021,-1.007568,1
8.976000,0.156466,0.042951,1.467844,0.848021,-1.068940,1
8.977000,0.159534,0.042951,1.387422,0.848021,-1.143239,1
8.978000,0.159534,0.042951,1.247208,0.848021,-1.283466,1
8.979000,0.162602,0.042951,1.254286,0.779795,-1.133813,1
8.980000,0.168738,0.042951,1.254286,0.564346,-0.690655,1
8.981000,0.168738,0.042951,1.254286,0.564346,-0.690668,1
8.982000,0.168738,0.042951,1.254286,0.564346,-0.690681,1
8.983000,0.168738,0.042951,1.254286,0.564346,-0.690693,1
8.984000,0.168738,0.042951,1.254286,0.564346,-0.690706,1
8.985000,0.168738,0.042951,1.254286,0.564346,-0.690719,1
8.986000,0.168738,0.042951,1.254286,0.564346,-0.690732,1
8.987000,0.168738,0.042951,1.254286,0.564346,-0.690745,1
8.988000,0.168738,0.042951,1.254286,0.539593,-0.641253,1
8.989000,0.168738,0.042951,1.235433,0.516828,-0.614589,1
8.990000,0.168738,0.042951,1.122409,0.495937,-0.685842,1
8.991000,0.168738,0.042951,1.028826,0.476774,-0.741114,1
8.992000,0.171806,0.042951,0.948986,0.458883,-0.779049,1
8.993000,0.171806,0.042951,0.948986,0.458883,-0.779062,1
8.994000,0.171806,0.042951,0.948986,0.458883,-0.779075,1
8.995000,0.171806,0.042951,0.948986,0.458883,-0.779088,1
8.996000,0.171806,0.042951,0.880850,0.442338,-0.814146,1
8.997000,0.171806,0.042951,0.880850,0.442338,-0.814159,1
8.998000,0.171806,0.042951,0.880850,0.442338,-0.814172,1
8.999000,0.171806,0.042951,0.724780,0.399174,-0.883925,1
9.000000,0.174874,0.042951,0.915443,0.363651,-0.616094,1
9.001000,0.174874,0.042951,0.915443,0.363651,-0.616107,1
9.002000,0.174874,0.042951,0.915443,0.353181,-0.595180,1
9.003000,0.174874,0.042951,0.915443,0.353181,-0.595193,1
9.004000,0.174874,0.042951,0.915443,0.353181,-0.595206,1
9.005000,0.174874,0.039884,0.915443,0.342747,-0.512991,1
9.006000,0.174874,0.039884,0.915443,0.342747,-0.513003,1
9.007000,0.174874,0.039884,0.915443,0.342747,-0.513015,1
9.008000,0.174874,0.039884,0.915443,0.342747,-0.513027,1
9.009000,0.174874,0.039884,0.915443,0.342747,-0.513039,1
9.010000,0.174874,0.039884,0.915443,0.342747,-0.513051,1
9.011000,0.174874,0.036816,0.915443,0.342747,-0.451702,1
9.012000,0.174874,0.036816,0.915443,0.342747,-0.451713,1
9.013000,0.174874,0.036816,0.915443,0.342747,-0.451724,1
9.014000,0.174874,0.036816,0.914005,0.342747,-0.453174,1
9.015000,0.174874,0.036816,0.914005,0.342747,-0.453185,1
9.016000,0.174874,0.036816,0.914005,0.342747,-0.453196,1
9.017000,0.174874,0.033748,0.747378,0.342747,-0.558474,1
9.018000,0.174874,0.033748,0.747378,0.342747,-0.558484,1
9.019000,0.174874,0.033748,0.747378,0.342747,-0.558494,1
9.020000,0.174874,0.033748,0.631735,0.342747,-0.674147,1
9.021000,0.174874,0.033748,0.631735,0.342747,-0.674157,1
9.022000,0.174874,0.033748,0.631735,0.342747,-0.674167,1
9.023000,0.174874,0.030680,0.547180,0.342747,-0.697373,1
9.024000,0.174874,0.027612,0.464405,-0.599323,1.765345,1
9.025000,0.174874,0.027612,0.447432,-0.599323,1.748364,1
9.026000,0.174874,0.024544,0.431740,-0.599323,1.794024,1
9.027000,0.174874,0.021476,0.417050,-0.599323,1.840686,1
9.028000,0.174874,0.021476,0.367150,-0.599323,1.790780,1
9.029000,0.174874,0.021476,0.367150,-0.599323,1.790774,1
9.030000,0.174874,0.021476,0.367150,-0.599323,1.790767,1
9.031000,0.174874,0.021476,0.367150,-0.599323,1.790761,1
9.032000,0.174874,0.021476,0.336932,-0.599323,1.760536,1
9.033000,0.174874,0.018408,0.311313,-0.599323,1.796271,1
9.034000,0.177942,0.018408,0.289270,-0.599323,1.780358,1
9.035000,0.177942,0.018408,0.289270,-0.599323,1.780353,1
9.036000,0.181010,0.021476,0.270144,0.571709,-1.236068,1
9.037000,0.181010,0.021476,0.270144,0.571709,-1.236075,1
9.038000,0.181010,0.021476,0.270144,0.571709,-1.236081,1
9.039000,0.181010,0.021476,0.270144,0.571709,-1.236088,1
9.040000,0.181010,0.021476,0.270144,0.571709,-1.236094,1
9.041000,0.181010,0.021476,0.270144,0.571709,-1.236100,1
9.042000,0.181010,0.021476,0.270144,0.571709,-1.236107,1
9.043000,0.181010,0.021476,0.270144,0.571709,-1.236113,1
9.044000,0.181010,0.021476,0.264334,0.546298,-1.191107,1
9.045000,0.181010,0.021476,0.258742,0.522939,-1.149989,1
9.046000,0.184078,0.024544,0.253403,0.521189,-1.207057,1
9.047000,0.184078,0.024544,0.248293,0.521189,-1.212175,1
9.048000,0.184078,0.027612,0.243385,0.521189,-1.278450,1
9.049000,0.187146,0.027612,0.224538,0.521189,-1.291170,1
9.050000,0.187146,0.027612,0.224538,0.521189,-1.291178,1
9.051000,0.187146,0.027612,0.224538,0.521189,-1.291186,1
9.052000,0.187146,0.027612,0.224538,0.521189,-1.291194,1
9.053000,0.187146,0.027612,0.224538,0.521189,-1.291203,1
9.054000,0.190214,0.027612,0.224538,0.521189,-1.285075,1
9.055000,0.190214,0.027612,0.224538,0.521189,-1.285083,1
9.056000,0.190214,0.027612,0.224538,0.521189,-1.285092,1
9.057000,0.190214,0.027612,0.224538,0.521189,-1.285100,1
9.058000,0.190214,0.027612,0.224538,0.521189,-1.285108,1
9.059000,0.190214,0.027612,0.224538,0.521189,-1.285117,1
9.060000,0.190214,0.027612,0.224538,0.521189,-1.285125,1
9.061000,0.190214,0.027612,0.224538,0.521189,-1.285133,1
9.062000,0.190214,0.027612,0.224538,0.521189,-1.285141,1
9.063000,0.190214,0.027612,0.224538,0.521189,-1.285150,1
9.064000,0.190214,0.027612,0.224538,0.521189,-1.285158,1
9.065000,0.190214,0.027612,0.224538,0.521189,-1.285166,1
9.066000,0.190214,0.024544,0.224538,0.521189,-1.223814,1
9.067000,0.190214,0.024544,0.224538,0.521189,-1.223822,1
9.068000,0.190214,0.024544,0.224538,0.521189,-1.223829,1
9.069000,0.190214,0.024544,0.224538,-0.512897,1.444335,1
9.070000,0.190214,0.024544,0.224538,-0.512897,1.444327,1
9.071000,0.190214,0.024544,0.224538,-0.512897,1.444320,1
9.072000,0.190214,0.024544,0.224538,-0.492390,1.403299,1
9.073000,0.187146,0.021476,0.224538,-0.455823,1.385383,1
9.074000,0.187146,0.018408,0.224538,-0.424232,1.383553,1
9.075000,0.187146,0.018408,0.224538,-0.410137,1.355359,1
9.076000,0.187146,0.015340,0.224538,-0.405965,1.408369,1
9.077000,0.187146,0.015340,0.224538,-0.405965,1.408364,1
9.078000,0.187146,0.015340,0.224538,-0.405965,1.408359,1
9.079000,0.187146,0.015340,0.224538,-0.405965,1.408355,1
9.080000,0.187146,0.015340,0.224538,-0.405965,1.408350,1
9.081000,0.187146,0.015340,0.224538,-0.405965,1.408346,1
9.082000,0.187146,0.015340,0.224538,-0.405965,1.408341,1
9.083000,0.187146,0.015340,0.224538,-0.405965,1.408336,1
9.084000,0.187146,0.012272,0.224538,-0.405965,1.469692,1
9.085000,0.187146,0.012272,0.224538,-0.405965,1.469688,1
9.086000,0.187146,0.012272,0.224538,-0.405965,1.469685,1
9.087000,0.187146,0.012272,0.224538,-0.405965,1.469681,1
9.088000,0.190214,0.012272,0.224538,-0.405965,1.475813,1
9.089000,0.190214,0.012272,0.224538,-0.405965,1.475809,1
9.090000,0.190214,0.012272,0.224538,-0.405965,1.475806,1
9.091000,0.190214,0.012272,0.224538,-0.405965,1.475802,1
9.092000,0.190214,0.012272,0.224538,-0.405965,1.475798,1
9.093000,0.190214,0.012272,0.224538,-0.405965,1.475795,1
9.094000,0.193282,0.012272,0.224538,-0.405965,1.481927,1
9.095000,0.193282,0.012272,0.224538,-0.405965,1.481923,1
9.096000,0.193282,0.012272,0.224538,-0.405965,1.481920,1
9.097000,0.193282,0.012272,0.224538,-0.405965,1.481916,1
9.098000,0.193282,0.012272,0.224538,-0.405965,1.481912,1
9.099000,0.193282,0.012272,0.224538,-0.405965,1.481909,1
9.100000,0.193282,0.015340,0.224538,-0.405965,1.420545,1
9.101000,0.199418,0.015340,0.237236,-0.405965,1.445510,1
9.102000,0.199418,0.015340,0.237236,-0.405965,1.445506,1
9.103000,0.208621,0.021476,0.237236,0.375503,-0.821747,1
9.104000,0.208621,0.021476,0.237236,0.375503,-0.821754,1
9.105000,0.208621,0.021476,0.237236,0.375503,-0.821760,1
9.106000,0.208621,0.021476,0.237236,0.375503,-0.821767,1
9.107000,0.208621,0.021476,0.237236,0.375503,-0.821773,1
9.108000,0.208621,0.021476,0.237236,0.375503,-0.821779,1
9.109000,0.208621,0.024544,0.237236,0.374909,-0.881958,1
9.110000,0.208621,0.027612,0.237236,0.374909,-0.943326,1
9.111000,0.211689,0.027612,1.007433,0.374909,0.000000,1
9.112000,0.211689,0.030680,1.007433,0.374909,0.000000,1
9.113000,0.214757,0.030680,1.007433,0.374909,0.000000,1
9.114000,0.214757,0.030680,1.007433,0.374909,0.000000,1
9.115000,0.217825,0.030680,1.007433,0.374909,0.000000,1
9.116000,0.217825,0.033748,1.007433,0.374909,0.000000,1
9.117000,0.217825,0.033748,1.007433,0.374909,0.000000,1
9.118000,0.220893,0.033748,1.007433,0.374909,0.000000,1
9.119000,0.220893,0.036816,1.007433,1.190650,-1.964231,1
9.120000,0.223961,0.036816,1.293621,1.190650,-1.671918,1
9.121000,0.223961,0.039884,1.293621,1.190650,-1.733289,1
9.122000,0.223961,0.039884,1.293621,1.190650,-1.733301,1
9.123000,0.227029,0.039884,1.293621,1.190650,-1.727177,1
9.124000,0.227029,0.039884,1.293621,1.190650,-1.727189,1
9.125000,0.227029,0.039884,1.293621,1.190650,-1.727201,1
9.126000,0.227029,0.039884,1.293621,1.190650,-1.727213,1
9.127000,0.227029,0.042951,1.293621,1.190650,-1.788585,1
9.128000,0.227029,0.042951,1.293621,1.190650,-1.788598,1
9.129000,0.227029,0.042951,1.293621,1.190650,-1.788611,1
9.130000,0.230097,0.042951,1.293621,1.190650,-1.782488,1
9.131000,0.230097,0.042951,1.293621,1.190650,-1.782501,1
9.132000,0.230097,0.042951,1.293621,1.190650,-1.782514,1
9.133000,0.230097,0.046019,1.192080,1.053327,-1.670783,1
9.134000,0.230097,0.046019,1.192080,1.053327,-1.670797,1
9.135000,0.230097,0.046019,1.192080,1.053327,-1.670810,1
9.136000,0.230097,0.046019,0.923012,0.837583,-1.508403,1
9.137000,0.230097,0.046019,0.923012,0.837583,-1.508417,1
9.138000,0.230097,0.046019,0.923012,0.837583,-1.508431,1
9.139000,0.233165,0.046019,0.753293,0.695407,-1.387676,1
9.140000,0.233165,0.046019,0.753293,0.695407,-1.387689,1
9.141000,0.233165,0.046019,0.753293,0.695407,-1.387703,1
9.142000,0.233165,0.046019,0.636155,0.594373,-1.302787,1
9.143000,0.233165,0.046019,0.636155,0.594373,-1.302800,1
9.144000,0.233165,0.046019,0.636155,0.594373,-1.302814,1
9.145000,0.230097,0.046019,-0.550388,0.518833,-2.344428,1
9.146000,0.230097,0.046019,-0.550388,0.518833,-2.344442,1
9.147000,0.230097,0.046019,-0.550388,0.518833,-2.344456,1
9.148000,0.230097,0.042951,-0.485275,-0.460577,0.000000,1
9.149000,0.227029,0.039884,-1.045432,-0.411831,-0.861614,1
9.150000,0.227029,0.039884,-1.045432,-0.411831,-0.861626,1
9.151000,0.227029,0.036816,-1.045432,-0.411831,-0.800278,1
9.152000,0.227029,0.036816,-1.045432,-0.411831,-0.800289,1
9.153000,0.227029,0.036816,-1.045432,-0.411831,-0.800300,1
9.154000,0.227029,0.036816,-1.045432,-0.411831,-0.800311,1
9.155000,0.227029,0.036816,-1.045432,-0.411831,-0.800322,1
9.156000,0.223961,0.036816,-1.045432,-0.411831,-0.806469,1
9.157000,0.223961,0.036816,-1.045432,-0.411831,-0.806480,1
9.158000,0.223961,0.033748,-1.045432,-0.411831,-0.745131,1
9.159000,0.220893,0.030680,-1.045432,-0.411831,-0.689916,1
9.160000,0.220893,0.030680,-1.003753,-0.411831,-0.648247,1
9.161000,0.220893,0.030680,-0.927641,-0.411831,-0.572144,1
9.162000,0.217825,0.027612,-0.863278,-0.931182,1.186137,1
9.163000,0.217825,0.027612,-0.806125,-0.931182,1.243282,1
9.164000,0.217825,0.024544,-0.756561,-0.931182,1.354198,1
9.165000,0.217825,0.024544,-0.712574,-0.931182,1.398177,1
9.166000,0.214757,0.021476,-0.392068,-0.931182,1.773901,1
9.167000,0.214757,0.021476,-0.392068,-0.931182,1.773894,1
9.168000,0.214757,0.018408,-0.392068,-0.931182,1.835248,1
9.169000,0.214757,0.018408,-0.392068,-0.931182,1.835242,1
9.170000,0.214757,0.018408,-0.392068,-0.931182,1.835237,1
9.171000,0.214757,0.018408,-0.392068,-0.931182,1.835231,1
9.172000,0.211689,0.018408,-0.392068,-0.931182,1.829090,1
9.173000,0.211689,0.015340,-0.392068,-1.074197,2.176473,1
9.174000,0.211689,0.015340,-0.392068,-1.074197,2.176468,1
9.175000,0.211689,0.015340,-0.392068,-1.074197,2.176464,1
9.176000,0.211689,0.015340,-0.392068,-1.074197,2.176459,1
9.177000,0.211689,0.015340,-0.392068,-1.074197,2.176455,1
9.178000,0.211689,0.015340,-0.392068,-1.074197,2.176450,1
9.179000,0.211689,0.015340,-0.392068,-1.074197,2.176445,1
9.180000,0.211689,0.015340,-0.392068,-1.074197,2.176441,1
9.181000,0.214757,0.015340,-0.392068,-1.074197,2.182572,1
9.182000,0.214757,0.015340,-0.392068,-1.074197,2.182567,1
9.183000,0.214757,0.015340,-0.392068,-1.074197,2.182563,1
9.184000,0.214757,0.015340,-0.392068,-1.074197,2.182558,1
9.185000,0.214757,0.015340,-0.392068,-1.074197,2.182554,1
9.186000,0.214757,0.015340,-0.392068,-1.074197,2.182549,1
9.187000,0.214757,0.015340,-0.392068,-1.074197,2.182544,1
9.188000,0.214757,0.015340,-0.392068,-1.001933,2.038013,1
9.189000,0.214757,0.015340,-0.392068,-1.001933,2.038009,1
9.190000,0.214757,0.015340,-0.392068,-1.001933,2.038004,1
9.191000,0.217825,0.018408,-0.392068,0.804849,-2.230790,1
9.192000,0.217825,0.018408,-0.392068,0.804849,-2.230795,1
9.193000,0.217825,0.018408,-0.392068,0.804849,-2.230801,1
9.194000,0.220893,0.021476,-0.392068,0.672393,-2.021119,1
9.195000,0.227029,0.027612,0.436722,0.655612,-1.269221,1
9.196000,0.227029,0.030680,0.436722,0.655612,-1.330590,1
9.197000,0.227029,0.033748,0.436722,0.655612,-1.391959,1
9.198000,0.230097,0.036816,0.436722,2.207746,-4.551462,1
9.199000,0.230097,0.036816,0.436722,2.207746,-4.551473,1
9.200000,0.233165,0.042951,0.436722,2.207746,-4.668068,1
9.201000,0.233165,0.042951,0.436722,2.207746,-4.668081,1
9.202000,0.233165,0.042951,0.436722,2.207746,-4.668094,1
9.203000,0.233165,0.042951,0.436722,2.207746,-4.668107,1
9.204000,0.233165,0.042951,0.436722,2.207746,-4.668120,1
9.205000,0.233165,0.042951,0.436722,2.055332,-4.363306,1
9.206000,0.233165,0.042951,0.436722,2.055332,-4.363318,1
9.207000,0.233165,0.042951,0.436722,1.539605,-3.331876,1
9.208000,0.233165,0.042951,0.436722,1.539605,-3.331889,1
9.209000,0.233165,0.042951,0.436722,1.539605,-3.331902,1
9.210000,0.233165,0.042951,0.436722,1.230942,-2.714590,1
9.211000,0.233165,0.042951,0.436722,1.230942,-2.714603,1
9.212000,0.233165,0.042951,0.436722,1.230942,-2.714616,1
9.213000,0.233165,0.042951,0.436722,1.230942,-2.714629,1
9.214000,0.233165,0.042951,0.436722,1.230942,-2.714642,1
9.215000,0.233165,0.042951,0.436722,1.230942,-2.714655,1
9.216000,0.230097,0.042951,0.436722,0.946022,-2.150962,1
9.217000,0.230097,0.042951,0.436722,0.946022,-2.150975,1
9.218000,0.230097,0.042951,0.436722,0.946022,-2.150988,1
9.219000,0.223961,0.033748,-1.087968,0.911661,-3.435161,1
9.220000,0.223961,0.033748,-1.087968,0.911661,-3.435171,1
9.221000,0.223961,0.033748,-1.087968,0.911661,-3.435182,1
9.222000,0.217825,0.027612,-1.087968,-1.523691,2.145960,1
9.223000,0.217825,0.027612,-1.087968,-1.523691,2.145952,1
9.224000,0.217825,0.027612,-1.087968,-1.523691,2.145944,1
9.225000,0.211689,0.021476,-0.656083,-1.523691,2.688269,1
9.226000,0.211689,0.021476,-0.656083,-1.523691,2.688263,1
9.227000,0.211689,0.021476,-0.656083,-1.523691,2.688256,1
9.228000,0.202485,0.015340,-2.040928,-2.284456,2.929249,1
9.229000,0.202485,0.015340,-2.040928,-2.284456,2.929245,1
9.230000,0.202485,0.015340,-2.040928,-2.284456,2.929240,1
9.231000,0.202485,0.015340,-2.040928,-2.284456,2.929235,1
9.232000,0.202485,0.015340,-2.040928,-2.284456,2.929231,1
9.233000,0.202485,0.015340,-2.040928,-2.284456,2.929226,1
9.234000,0.196350,0.003068,-2.040928,-3.611875,5.817227,1
9.235000,0.196350,0.003068,-2.040928,-3.611875,5.817226,1
9.236000,0.196350,0.003068,-2.040928,-3.611875,5.817225,1
9.237000,0.184078,-0.012272,-2.313539,-2.594692,3.792504,1
9.238000,0.184078,-0.012272,-2.313539,-2.594692,3.792508,1
9.239000,0.184078,-0.012272,-2.313539,-2.594692,3.792512,1
9.240000,0.177942,-0.018408,-2.278847,-2.476048,3.700369,1
9.241000,0.177942,-0.018408,-2.278847,-2.476048,3.700375,1
9.242000,0.177942,-0.018408,-2.278847,-2.476048,3.700380,1
9.243000,0.174874,-0.021476,-2.278847,-2.025772,2.855057,1
9.244000,0.174874,-0.024544,-1.577265,-2.025772,3.618006,1
9.245000,0.174874,-0.024544,-1.071657,-1.239476,2.551029,1
9.246000,0.174874,-0.024544,-1.071657,-1.239476,2.551036,1
9.247000,0.174874,-0.024544,-1.071657,-1.239476,2.551044,1
9.248000,0.174874,-0.024544,-1.071657,-1.239476,2.551051,1
9.249000,0.174874,-0.024544,-1.071657,-1.125450,2.323007,1
9.250000,0.174874,-0.024544,-1.071657,-1.031303,2.134720,1
9.251000,0.174874,-0.024544,-1.071657,-0.951396,1.974913,1
9.252000,0.174874,-0.021476,-1.071657,0.883126,-2.355484,1
9.253000,0.174874,-0.015340,-1.071657,0.685626,-2.083197,1
9.254000,0.174874,-0.015340,-1.071657,0.685626,-2.083193,1
9.255000,0.174874,-0.015340,-1.071657,0.685626,-2.083188,1
9.256000,0.174874,-0.015340,-1.071657,0.685626,-2.083184,1
9.257000,0.177942,-0.015340,1.015240,0.587088,0.806931,1
9.258000,0.177942,-0.015340,1.015240,0.587088,0.806936,1
9.259000,0.177942,-0.015340,1.015240,0.587088,0.806940,1
9.260000,0.177942,-0.015340,0.678554,0.528254,0.587926,1
9.261000,0.177942,-0.012272,0.581919,-1.935622,5.357689,1
9.262000,0.181010,-0.015340,0.509529,-1.935622,5.352798,1
9.263000,0.184078,-0.009204,0.453117,-3.371129,6.000000,1
9.264000,0.187146,-0.003068,0.471491,2.155513,-3.700673,1
9.265000,0.187146,-0.003068,0.471491,2.155513,-3.700672,1
9.266000,0.187146,-0.003068,0.471491,2.155513,-3.700671,1
9.267000,0.187146,-0.003068,0.471491,2.155513,-3.700671,1
9.268000,0.187146,-0.003068,0.471491,2.155513,-3.700670,1
9.269000,0.187146,-0.003068,0.471491,2.155513,-3.700669,1
9.270000,0.187146,-0.003068,0.471491,2.155513,-3.700668,1
9.271000,0.187146,-0.003068,0.471491,2.155513,-3.700667,1
9.272000,0.187146,-0.003068,0.471491,2.155513,-3.700666,1
9.273000,0.187146,-0.003068,0.471491,2.155513,-3.700665,1
9.274000,0.187146,-0.003068,0.471491,2.155513,-3.700664,1
9.275000,0.187146,-0.003068,0.471491,2.155513,-3.700663,1
9.276000,0.187146,-0.003068,0.471491,2.155513,-3.700662,1
9.277000,0.187146,-0.003068,0.471491,2.155513,-3.700661,1
9.278000,0.187146,-0.003068,0.471491,2.155513,-3.700660,1
9.279000,0.187146,-0.003068,0.471491,2.155513,-3.700660,1
9.280000,0.187146,-0.003068,0.471491,2.155513,-3.700659,1
9.281000,0.190214,-0.003068,0.471491,1.833135,-3.049765,1
9.282000,0.196350,0.009204,0.471491,1.805616,-3.227896,1
9.283000,0.196350,0.012272,0.471491,2.971012,-5.620049,1
9.284000,0.199418,0.015340,1.303878,2.971012,-4.842890,1
9.285000,0.199418,0.015340,1.303878,2.971012,-4.842894,1
9.286000,0.199418,0.018408,1.303878,2.971012,-4.904259,1
9.287000,0.202485,0.018408,1.303878,2.578134,-4.112373,1
9.288000,0.202485,0.018408,1.303878,2.129800,-3.215710,1
9.289000,0.202485,0.018408,1.303878,1.814028,-2.584172,1
9.290000,0.202485,0.021476,1.303878,1.581593,-2.180669,1
9.291000,0.202485,0.021476,1.303878,1.401047,-1.819582,1
9.292000,0.202485,0.021476,1.303878,1.257043,-1.531581,1
9.293000,0.202485,0.021476,1.276627,1.140662,-1.326077,1
9.294000,0.202485,0.021476,1.156220,1.043561,-1.252288,1
9.295000,0.202485,0.021476,1.056480,0.961622,-1.188157,1
9.296000,0.202485,0.021476,0.972904,0.891885,-1.132265,1
9.297000,0.202485,0.018408,0.901159,-0.831219,2.903553,1
9.298000,0.202485,0.018408,0.839500,-0.778480,2.736409,1
9.299000,0.202485,0.018408,0.786112,-0.732357,2.590770,1
9.300000,0.205553,0.015340,0.738618,-0.718169,2.582391,1
9.301000,0.205553,0.015340,0.696563,-0.718169,2.540331,1
9.302000,0.205553,0.015340,0.659150,-0.718169,2.502914,1
9.303000,0.205553,0.015340,0.625706,-0.718169,2.469465,1
9.304000,0.205553,0.015340,0.595355,-0.718169,2.439110,1
9.305000,0.205553,0.018408,0.567735,-0.718169,2.350125,1
9.306000,0.205553,0.018408,0.542554,-0.718169,2.324938,1
9.307000,0.205553,0.018408,0.542554,-0.718169,2.324932,1
9.308000,0.205553,0.018408,0.542554,-0.718169,2.324927,1
9.309000,0.205553,0.018408,0.542554,-0.718169,2.324921,1
9.310000,0.205553,0.018408,0.519591,-0.718169,2.301953,1
9.311000,0.211689,0.021476,0.629503,-0.718169,2.362771,1
9.312000,0.211689,0.021476,0.629503,-0.718169,2.362765,1
9.313000,0.211689,0.021476,0.629503,-0.718169,2.362758,1
9.314000,0.214757,0.024544,0.629503,0.895471,-1.519753,1
9.315000,0.214757,0.024544,0.629503,0.895471,-1.519760,1
9.316000,0.214757,0.027612,0.629503,0.895471,-1.581128,1
9.317000,0.217825,0.033748,0.629503,0.895471,-1.697720,1
9.318000,0.217825,0.033748,0.629503,0.895471,-1.697730,1
9.319000,0.217825,0.033748,0.629503,0.895471,-1.697741,1
9.320000,0.220893,0.036816,0.629503,1.994827,-3.951688,1
9.321000,0.220893,0.039884,0.629503,1.994827,-4.013059,1
9.322000,0.220893,0.039884,0.629503,1.994827,-4.013071,1
9.323000,0.220893,0.039884,0.629503,1.994827,-4.013083,1
9.324000,0.223961,0.039884,0.700879,1.994827,-3.935583,1
9.325000,0.223961,0.042951,0.700879,1.994827,-3.996955,1
9.326000,0.223961,0.042951,0.700879,1.801578,-3.610468,1
9.327000,0.223961,0.042951,0.700879,1.569178,-3.145683,1
9.328000,0.223961,0.042951,0.700879,1.392159,-2.791658,1
9.329000,0.223961,0.042951,0.700879,1.250344,-2.508039,1
9.330000,0.220893,0.042951,0.700879,1.134225,-2.281951,1
9.331000,0.220893,0.042951,0.700879,1.038818,-2.091149,1
9.332000,0.220893,0.042951,0.700879,0.957228,-1.927982,1
9.333000,0.220893,0.039884,0.700879,0.953124,-1.858428,1
9.334000,0.217825,0.039884,0.700879,0.953124,-1.864575,1
9.335000,0.217825,0.039884,0.700879,0.953124,-1.864587,1
9.336000,0.217825,0.039884,0.700879,0.953124,-1.864599,1
9.337000,0.214757,0.036816,-0.962092,0.953124,-3.472358,1
9.338000,0.214757,0.036816,-0.962092,0.953124,-3.472369,1
9.339000,0.214757,0.036816,-0.962092,0.953124,-3.472380,1
9.340000,0.211689,0.036816,-0.962092,0.953124,-3.478527,1
9.341000,0.211689,0.033748,-0.962092,0.953124,-3.417178,1
9.342000,0.208621,0.033748,-0.962092,0.953124,-3.423324,1
9.343000,0.205553,0.030680,-0.962092,0.953124,-3.368110,1
9.344000,0.205553,0.030680,-0.962092,0.953124,-3.368119,1
9.345000,0.205553,0.030680,-0.962092,0.953124,-3.368129,1
9.346000,0.205553,0.030680,-0.962092,0.953124,-3.368138,1
9.347000,0.205553,0.030680,-0.962092,0.953124,-3.368147,1
9.348000,0.202485,0.027612,-1.044840,-1.025420,1.161410,1
9.349000,0.193282,0.018408,-1.044840,-1.025420,1.327074,1
9.350000,0.190214,0.015340,-2.098394,-2.258899,2.795696,1
9.351000,0.181010,0.003068,-2.098394,-3.636731,5.778388,1
9.352000,0.181010,0.003068,-2.098394,-3.636731,5.778387,1
9.353000,0.181010,0.003068,-2.098394,-3.636731,5.778386,1
9.354000,0.181010,0.003068,-2.098394,-3.636731,5.778386,1
9.355000,0.181010,0.000000,-2.098394,-3.636731,5.839745,1
9.356000,0.177942,0.000000,-2.262538,-3.636731,5.669466,1
9.357000,0.177942,-0.003068,-2.262538,-2.938895,4.335154,1
9.358000,0.174874,-0.006136,-2.262538,-2.372326,3.257241,1
9.359000,0.174874,-0.006136,-2.262538,-1.988131,2.488851,1
9.360000,0.174874,-0.006136,-2.262538,-1.710104,1.932799,1
9.361000,0.171806,-0.006136,-2.262538,-1.500904,1.508265,1
9.362000,0.171806,-0.006136,-1.909664,-1.338329,1.535992,1
9.363000,0.171806,-0.009204,-1.652938,-1.308417,1.794256,1
9.364000,0.171806,-0.009204,-1.455680,-1.308417,1.991517,1
9.365000,0.171806,-0.009204,-1.301548,-1.308417,2.145651,1
9.366000,0.168738,-0.009204,-1.176677,-1.308417,2.264389,1
9.367000,0.168738,-0.009204,-1.074006,-1.308417,2.367063,1
9.368000,0.168738,-0.009204,-0.987520,-1.308417,2.453552,1
9.369000,0.168738,-0.009204,-0.914152,-1.308417,2.526923,1
9.370000,0.168738,-0.009204,-0.850732,-1.308417,2.590345,1
9.371000,0.168738,-0.009204,-0.795273,-1.308417,2.645807,1
9.372000,0.168738,-0.009204,-0.795273,-1.308417,2.645810,1
9.373000,0.168738,-0.009204,-0.795273,-1.308417,2.645813,1
9.374000,0.168738,-0.009204,-0.795273,-1.308417,2.645816,1
9.375000,0.168738,-0.009204,-0.795273,-1.308417,2.645818,1
9.376000,0.168738,-0.009204,-0.795273,-1.308417,2.645821,1
9.377000,0.168738,-0.009204,-0.747154,-1.254425,2.585957,1
9.378000,0.171806,-0.006136,0.547202,0.777456,-0.838670,1
9.379000,0.171806,-0.006136,0.523807,0.731065,-0.769281,1
9.380000,0.174874,-0.003068,1.446460,0.689903,0.780474,1
9.381000,0.174874,0.000000,-0.634014,0.668179,-1.917911,1
9.382000,0.174874,0.000000,-0.634014,0.668179,-1.917911,1
9.383000,0.174874,0.003068,-0.634014,0.668179,-1.979272,1
9.384000,0.174874,0.003068,-0.634014,0.668179,-1.979273,1
9.385000,0.174874,0.003068,-0.634014,0.668179,-1.979273,1
9.386000,0.174874,0.006136,-0.634014,0.668179,-2.040634,1
9.387000,0.174874,0.006136,-0.634014,0.668179,-2.040636,1
9.388000,0.174874,0.006136,-0.634014,0.668179,-2.040638,1
9.389000,0.174874,0.009204,-0.634014,0.668179,-2.102000,1
9.390000,0.174874,0.009204,-0.634014,0.668179,-2.102003,1
9.391000,0.174874,0.009204,-0.634014,0.668179,-2.102006,1
9.392000,0.174874,0.009204,-0.634014,0.668179,-2.102008,1
9.393000,0.174874,0.009204,-0.634014,0.668179,-2.102011,1
9.394000,0.174874,0.009204,-0.634014,0.668179,-2.102014,1
9.395000,0.174874,0.009204,-0.634014,0.668179,-2.102017,1
9.396000,0.174874,0.009204,-0.634014,0.668179,-2.102019,1
9.397000,0.174874,0.009204,-0.634014,0.668179,-2.102022,1
9.398000,0.171806,0.009204,-0.634014,0.668179,-2.108161,1
9.399000,0.171806,0.009204,-0.634014,0.665943,-2.103691,1
9.400000,0.171806,0.006136,-0.631072,-0.631902,1.156298,1
9.401000,0.168738,0.006136,-0.600116,-0.600866,1.119045,1
9.402000,0.168738,0.006136,-0.572197,-0.572879,1.090988,1
9.403000,0.168738,0.003068,-0.546730,-0.566302,1.164658,1
9.404000,0.168738,0.003068,-0.523277,-0.566302,1.188111,1
9.405000,0.165670,0.003068,-0.711221,-0.566302,0.994030,1
9.406000,0.165670,0.000000,-0.711221,-0.566302,1.055389,1
9.407000,0.165670,0.000000,-0.711221,-0.566302,1.055389,1
9.408000,0.165670,0.000000,-0.711221,-0.566302,1.055389,1
9.409000,0.165670,0.000000,-0.711221,-0.566302,1.055389,1
9.410000,0.162602,0.000000,-0.711221,-0.566302,1.049253,1
9.411000,0.162602,0.000000,-0.711221,-0.566302,1.049253,1
9.412000,0.162602,0.000000,-0.711221,-0.566302,1.049253,1
9.413000,0.162602,0.000000,-0.711221,-0.566302,1.049253,1
9.414000,0.162602,0.000000,-0.711221,-0.566302,1.049253,1
9.415000,0.162602,0.000000,-0.711221,-0.566302,1.049253,1
9.416000,0.162602,0.000000,-0.711221,-0.566302,1.049253,1
9.417000,0.162602,0.000000,-0.711221,-0.566302,1.049253,1
9.418000,0.162602,0.000000,-0.711221,-0.566302,1.049253,1
9.419000,0.162602,0.000000,-0.711221,-0.566302,1.049253,1
9.420000,0.162602,0.000000,-0.711221,-0.566302,1.049253,1
9.421000,0.162602,0.000000,-0.711221,-0.566302,1.049253,1
9.422000,0.162602,0.000000,-0.703232,-0.566302,1.057241,1
9.423000,0.162602,0.000000,-0.665203,-0.566302,1.095271,1
9.424000,0.162602,0.000000,-0.630826,-0.564278,1.125601,1
9.425000,0.162602,0.000000,-0.599990,-0.539478,1.106835,1
9.426000,0.162602,0.000000,-0.572151,-0.516865,1.089449,1
9.427000,0.162602,0.000000,-0.546700,-0.496005,1.073181,1
9.428000,0.162602,0.000000,-0.523306,-0.476672,1.057908,1
9.429000,0.162602,0.003068,-0.501955,0.458892,-1.453229,1
9.430000,0.162602,0.003068,-0.482179,0.442308,-1.400286,1
9.431000,0.162602,0.003068,-0.463974,0.426941,-1.351347,1
9.432000,0.162602,0.003068,-0.446994,0.412521,-1.305530,1
9.433000,0.162602,0.006136,-0.431364,0.399173,-1.324563,1
9.434000,0.162602,0.006136,-0.416726,0.386607,-1.284796,1
9.435000,0.162602,0.006136,-0.416726,0.386607,-1.284797,1
9.436000,0.162602,0.006136,-0.416726,0.386607,-1.284799,1
9.437000,0.162602,0.006136,-0.416726,0.386607,-1.284801,1
9.438000,0.162602,0.006136,-0.416726,0.386607,-1.284803,1
9.439000,0.162602,0.006136,-0.402983,0.374750,-1.247348,1
9.440000,0.162602,0.006136,-0.402983,0.374750,-1.247350,1
9.441000,0.162602,0.006136,-0.402983,0.374750,-1.247352,1
9.442000,0.162602,0.006136,-0.356168,0.333933,-1.118905,1
9.443000,0.162602,0.006136,-0.319143,0.301173,-1.016362,1
9.444000,0.162602,0.006136,-0.311091,0.293992,-0.993949,1
9.445000,0.162602,0.006136,-0.303407,0.287060,-0.972403,1
9.446000,0.159534,0.006136,-0.296035,0.280511,-0.958070,1
9.447000,0.159534,0.006136,-0.289051,0.274232,-0.938531,1
9.448000,0.159534,0.006136,-0.282447,0.268281,-0.920027,1
9.449000,0.159534,0.003068,-0.276100,0.263857,-0.843473,1
9.450000,0.156466,0.003068,-0.269974,0.263857,-0.843484,1
9.451000,0.156466,0.003068,-0.264196,0.263857,-0.837707,1
9.452000,0.156466,0.003068,-0.258631,0.263857,-0.832143,1
9.453000,0.156466,0.003068,-0.253275,0.263857,-0.826787,1
9.454000,0.153398,0.003068,-0.256000,0.263857,-0.835649,1
9.455000,0.153398,0.003068,-0.256000,0.263857,-0.835650,1
9.456000,0.153398,0.000000,-0.256000,0.263857,-0.774291,1
9.457000,0.150330,0.000000,-0.256000,0.263857,-0.780427,1
9.458000,0.150330,0.000000,-0.256000,0.263857,-0.780427,1
9.459000,0.150330,0.000000,-0.256000,0.263857,-0.780427,1
9.460000,0.147262,0.000000,-0.256000,0.263857,-0.786563,1
9.461000,0.147262,-0.003068,-0.256000,0.263857,-0.725203,1
9.462000,0.147262,-0.003068,-0.256000,0.263857,-0.725202,1
9.463000,0.144194,-0.003068,-0.256000,0.263857,-0.731337,1
9.464000,0.144194,-0.003068,-0.256000,0.263857,-0.731336,1
9.465000,0.141126,-0.006136,-0.871821,0.263857,-1.291931,1
9.466000,0.141126,-0.006136,-0.871821,0.263857,-1.291930,1
9.467000,0.141126,-0.006136,-0.871821,0.263857,-1.291928,1
9.468000,0.138058,-0.009204,-0.871821,-0.664853,1.220718,1
9.469000,0.138058,-0.009204,-0.871821,-0.664853,1.220721,1
9.470000,0.138058,-0.009204,-0.871821,-0.664853,1.220724,1
9.471000,0.138058,-0.009204,-0.871821,-0.664853,1.220726,1
9.472000,0.138058,-0.009204,-0.871821,-0.664853,1.220729,1
9.473000,0.138058,-0.009204,-0.871821,-0.664853,1.220732,1
9.474000,0.138058,-0.009204,-0.871821,-0.664853,1.220735,1
9.475000,0.138058,-0.009204,-0.871821,-0.664853,1.220737,1
9.476000,0.138058,-0.009204,-0.871821,-0.664853,1.220740,1
9.477000,0.134990,-0.012272,-0.871821,-0.664853,1.275967,1
9.478000,0.134990,-0.012272,-0.871821,-0.664853,1.275971,1
9.479000,0.134990,-0.012272,-0.871821,-0.664853,1.275975,1
9.480000,0.128854,-0.018408,-1.199420,-0.664853,1.058828,1
9.481000,0.128854,-0.018408,-1.199420,-0.664853,1.058833,1
9.482000,0.128854,-0.018408,-1.199420,-0.664853,1.058839,1
9.483000,0.125786,-0.021476,-1.199420,-1.122616,2.029595,1
9.484000,0.125786,-0.021476,-1.199420,-1.122616,2.029601,1
9.485000,0.125786,-0.021476,-1.199420,-1.122616,2.029608,1
9.486000,0.125786,-0.021476,-1.199420,-1.122616,2.029614,1
9.487000,0.122718,-0.024544,-1.155748,-1.122616,2.128516,1
9.488000,0.122718,-0.024544,-1.155748,-1.122616,2.128524,1
9.489000,0.122718,-0.024544,-1.056144,-1.122616,2.228136,1
9.490000,0.122718,-0.024544,-1.056144,-1.122616,2.228143,1
9.491000,0.122718,-0.024544,-1.056144,-1.122616,2.228150,1
9.492000,0.122718,-0.024544,-0.900973,-1.122616,2.383328,1
9.493000,0.122718,-0.024544,-0.900973,-1.122616,2.383335,1
9.494000,0.122718,-0.024544,-0.900973,-1.122616,2.383343,1
9.495000,0.122718,-0.027612,-0.738511,-0.885842,2.133624,1
9.496000,0.122718,-0.027612,-0.738511,-0.885842,2.133632,1
9.497000,0.122718,-0.027612,-0.738511,-0.885842,2.133640,1
9.498000,0.122718,-0.027612,-0.625507,-0.728068,1.931106,1
9.499000,0.122718,-0.027612,-0.625507,-0.728068,1.931115,1
9.500000,0.122718,-0.027612,-0.625507,-0.728068,1.931123,1
9.501000,0.122718,-0.027612,-0.625507,-0.728068,1.931131,1
9.502000,0.122718,-0.027612,-0.625507,-0.728068,1.931139,1
9.503000,0.122718,-0.027612,-0.625507,-0.728068,1.931148,1
9.504000,0.125786,-0.024544,-0.812971,-0.688875,1.610081,1
9.505000,0.125786,-0.024544,-0.812971,-0.688875,1.610089,1
9.506000,0.125786,-0.024544,-0.812971,-0.688875,1.610096,1
9.507000,0.128854,-0.021476,-0.812971,-0.688875,1.554879,1
9.508000,0.128854,-0.021476,-0.812971,-0.688875,1.554886,1
9.509000,0.128854,-0.021476,-0.812971,-0.688875,1.554892,1
9.510000,0.128854,-0.021476,-0.812971,-0.688875,1.554898,1
9.511000,0.128854,-0.021476,-0.812971,-0.688875,1.554905,1
9.512000,0.128854,-0.021476,-0.812971,-0.688875,1.554911,1
9.513000,0.131922,-0.015340,-0.812971,-0.688875,1.438333,1
9.514000,0.131922,-0.015340,-0.812971,-0.688875,1.438338,1
9.515000,0.131922,-0.015340,-0.812971,-0.688875,1.438343,1
9.516000,0.138058,-0.006136,0.579827,0.946218,-1.210850,1
9.517000,0.138058,-0.006136,0.579827,0.946218,-1.210849,1
9.518000,0.138058,-0.006136,0.579827,0.946218,-1.210847,1
9.519000,0.138058,-0.006136,0.579827,0.946218,-1.210845,1
9.520000,0.144194,0.000000,0.579827,1.764982,-2.958819,1
9.521000,0.144194,0.000000,0.579827,1.764982,-2.958819,1
9.522000,0.144194,0.000000,0.579827,1.764982,-2.958819,1
9.523000,0.144194,0.000000,0.579827,1.764982,-2.958819,1
9.524000,0.144194,0.000000,0.579827,1.764982,-2.958819,1
9.525000,0.153398,0.012272,1.283327,2.224269,-3.400926,1
9.526000,0.159534,0.024544,1.283327,3.063930,-5.313420,1
9.527000,0.162602,0.024544,1.706223,3.063930,-4.884394,1
9.528000,0.162602,0.027612,1.706223,3.063930,-4.945762,1
9.529000,0.162602,0.030680,1.706223,3.063930,-5.007130,1
9.530000,0.165670,0.030680,1.706223,2.668469,-4.210083,1
9.531000,0.165670,0.033748,1.706223,2.193033,-3.320580,1
9.532000,0.165670,0.036816,1.459997,1.458797,-2.159704,1
9.533000,0.165670,0.036816,1.459997,1.458797,-2.159715,1
9.534000,0.165670,0.036816,1.459997,1.458797,-2.159726,1
9.535000,0.165670,0.036816,1.459997,1.458797,-2.159737,1
9.536000,0.168738,0.036816,1.304479,1.458797,-2.309131,1
9.537000,0.168738,0.036816,0.915496,1.458797,-2.698125,1
9.538000,0.168738,0.036816,0.915496,1.458797,-2.698136,1
9.539000,0.168738,0.036816,0.915496,1.458797,-2.698147,1
9.540000,0.168738,0.036816,0.915496,1.458797,-2.698158,1
9.541000,0.165670,0.036816,0.985434,1.458797,-2.634367,1
9.542000,0.165670,0.036816,0.985434,1.458797,-2.634378,1
9.543000,0.165670,0.036816,0.985434,1.337881,-2.392557,1
9.544000,0.165670,0.036816,0.985434,1.337881,-2.392568,1
9.545000,0.165670,0.036816,0.985434,1.098074,-1.912965,1
9.546000,0.165670,0.033748,0.985434,-1.007489,2.959510,1
9.547000,0.162602,0.033748,0.985434,-0.931592,2.801570,1
9.548000,0.162602,0.030680,0.985434,-0.865670,2.731076,1
9.549000,0.162602,0.027612,0.985434,-0.831896,2.724878,1
9.550000,0.162602,0.027612,0.985434,-0.831896,2.724870,1
9.551000,0.162602,0.027612,0.985434,-0.831896,2.724862,1
9.552000,0.162602,0.027612,0.985434,-0.831896,2.724853,1
9.553000,0.162602,0.027612,0.985434,-0.831896,2.724845,1
9.554000,0.162602,0.027612,0.985434,-0.831896,2.724837,1
9.555000,0.162602,0.027612,0.985434,-0.831896,2.724829,1
9.556000,0.162602,0.027612,-0.659951,-0.831896,1.079435,1
9.557000,0.165670,0.033748,0.568489,-0.831896,2.191282,1
9.558000,0.165670,0.033748,0.568489,-0.831896,2.191272,1
9.559000,0.165670,0.033748,0.568489,-0.831896,2.191262,1
9.560000,0.165670,0.033748,0.568489,-0.831896,2.191252,1
9.561000,0.165670,0.033748,0.568489,-0.831896,2.191242,1
9.562000,0.165670,0.033748,0.568489,-0.831896,2.191231,1
9.563000,0.165670,0.033748,0.543171,-0.831896,2.165904,1
9.564000,0.165670,0.033748,0.520294,0.795466,-1.711707,1
9.565000,0.168738,0.036816,0.499230,0.769668,-1.736408,1
9.566000,0.168738,0.036816,0.479501,0.769668,-1.756148,1
9.567000,0.168738,0.039884,0.461534,0.769668,-1.835486,1
9.568000,0.168738,0.039884,0.444763,0.769668,-1.852270,1
9.569000,0.168738,0.042951,0.429258,0.769668,-1.929147,1
9.570000,0.171806,0.042951,0.414706,0.769668,-1.937576,1
9.571000,0.171806,0.046019,0.401192,0.769668,-2.012462,1
9.572000,0.171806,0.046019,0.388461,0.769668,-2.025207,1
9.573000,0.171806,0.046019,0.376582,0.769668,-2.037100,1
9.574000,0.171806,0.046019,0.365305,0.769668,-2.048391,1
9.575000,0.171806,0.046019,0.354780,0.769668,-2.058930,1
9.576000,0.171806,0.049087,0.344828,1.166430,-2.923780,1
9.577000,0.171806,0.049087,0.335383,1.166430,-2.933240,1
9.578000,0.171806,0.049087,0.326488,1.166430,-2.942149,1
9.579000,0.171806,0.049087,0.326488,1.166430,-2.942164,1
9.580000,0.168738,0.049087,0.310000,1.166430,-2.964803,1
9.581000,0.168738,0.049087,-0.302336,1.166430,-3.577154,1
9.582000,0.168738,0.049087,-0.295044,1.166430,-3.569877,1
9.583000,0.168738,0.049087,-0.288120,1.166430,-3.562967,1
9.584000,0.165670,0.049087,-0.423213,1.166430,-3.704211,1
9.585000,0.165670,0.046019,-0.423213,1.166430,-3.642865,1
9.586000,0.162602,0.046019,-0.423213,-1.119225,1.522294,1
9.587000,0.162602,0.046019,-0.423213,-1.025253,1.334336,1
9.588000,0.162602,0.042951,-0.423213,-0.946634,1.238445,1
9.589000,0.162602,0.042951,-0.423213,-0.946634,1.238432,1
9.590000,0.162602,0.042951,-0.423213,-0.946634,1.238419,1
9.591000,0.162602,0.042951,-0.423213,-0.946634,1.238406,1
9.592000,0.162602,0.042951,-0.423213,-0.946634,1.238393,1
9.593000,0.156466,0.036816,-0.423213,-0.922685,1.300930,1
9.594000,0.156466,0.036816,-0.423213,-0.922685,1.300919,1
9.595000,0.156466,0.036816,-0.423213,-0.922685,1.300908,1
9.596000,0.156466,0.036816,-0.423213,-0.922685,1.300897,1
9.597000,0.150330,0.033748,-0.500417,-0.922685,1.272770,1
9.598000,0.150330,0.033748,-0.500417,-0.922685,1.272760,1
9.599000,0.150330,0.033748,-0.500417,-0.922685,1.272750,1
9.600000,0.150330,0.033748,-0.500417,-0.922685,1.272740,1
9.601000,0.147262,0.033748,-0.500417,-0.922685,1.266594,1
9.602000,0.147262,0.033748,-0.500417,-0.922685,1.266584,1
9.603000,0.147262,0.033748,-0.500417,-0.836869,1.094942,1
9.604000,0.147262,0.033748,-0.500417,-0.783607,0.988408,1
9.605000,0.147262,0.033748,-0.500417,-0.736467,0.894118,1
9.606000,0.147262,0.033748,-0.500417,-0.694901,0.810976,1
9.607000,0.147262,0.033748,-0.500417,-0.657580,0.736324,1
9.608000,0.144194,0.033748,-0.500417,-0.624236,0.663489,1
9.609000,0.144194,0.033748,-0.500417,-0.593863,0.602734,1
9.610000,0.144194,0.033748,-0.500417,-0.566626,0.548250,1
9.611000,0.144194,0.033748,-0.500417,-0.541483,0.497954,1
9.612000,0.144194,0.033748,-0.500417,-0.518725,0.452428,1
9.613000,0.144194,0.033748,-0.500417,-0.497575,0.000000,1
9.614000,0.144194,0.036816,-0.500417,-0.489277,0.000000,1
9.615000,0.144194,0.036816,-0.500417,-0.489277,0.000000,1
9.616000,0.144194,0.036816,-0.500417,-0.489277,0.000000,1
9.617000,0.144194,0.036816,-0.500417,-0.489277,0.000000,1
9.618000,0.144194,0.036816,-0.500417,-0.489277,0.000000,1
9.619000,0.144194,0.036816,-0.500417,-0.489277,0.000000,1
9.620000,0.144194,0.036816,-0.500417,-0.489277,0.000000,1
9.621000,0.144194,0.036816,-0.500417,-0.489277,0.000000,1
9.622000,0.144194,0.039884,-0.430564,-0.489277,0.000000,1
9.623000,0.144194,0.039884,-0.415961,-0.489277,0.000000,1
9.624000,0.144194,0.039884,-0.402318,-0.489277,0.000000,1
9.625000,0.144194,0.039884,-0.402318,-0.489277,0.000000,1
9.626000,0.144194,0.039884,-0.377590,-0.489277,0.000000,1
9.627000,0.144194,0.039884,-0.366254,-0.489277,0.000000,1
9.628000,0.144194,0.042951,-0.355621,-0.489277,0.000000,1
9.629000,0.144194,0.042951,-0.345603,-0.489277,0.000000,1
9.630000,0.144194,0.042951,-0.345603,-0.489277,0.000000,1
9.631000,0.144194,0.042951,-0.345603,-0.489277,0.000000,1
9.632000,0.144194,0.042951,-0.345603,-0.489277,0.000000,1
9.633000,0.144194,0.042951,-0.345603,-0.489277,0.000000,1
9.634000,0.141126,0.042951,-1.072912,-0.489277,-0.969438,1
9.635000,0.141126,0.049087,-1.072912,0.473423,-3.017571,1
9.636000,0.138058,0.049087,-1.072912,0.473423,-3.023721,1
9.637000,0.138058,0.049087,-1.072912,0.473423,-3.023736,1
9.638000,0.138058,0.049087,-1.072912,0.473423,-3.023751,1
9.639000,0.138058,0.049087,-1.072912,0.473423,-3.023765,1
9.640000,0.138058,0.049087,-1.072912,0.473423,-3.023780,1
9.641000,0.138058,0.049087,-1.072912,0.473423,-3.023795,1
9.642000,0.138058,0.049087,-1.072912,0.473423,-3.023810,1
9.643000,0.138058,0.052155,-0.933353,0.473423,-2.945626,1
9.644000,0.138058,0.052155,-0.933353,0.473423,-2.945642,1
9.645000,0.131922,0.049087,-0.715469,0.473423,-2.678684,1
9.646000,0.128854,0.049087,-0.262964,0.473423,-2.232331,1
9.647000,0.128854,0.046019,-0.262964,0.473423,-2.170985,1
9.648000,0.128854,0.046019,-0.262964,0.473423,-2.170999,1
9.649000,0.128854,0.046019,-0.262964,0.473423,-2.171013,1
9.650000,0.128854,0.046019,-0.262964,0.473423,-2.171027,1
9.651000,0.128854,0.046019,-0.262964,0.473423,-2.171040,1
9.652000,0.128854,0.046019,-0.262964,0.473423,-2.171054,1
9.653000,0.128854,0.046019,-0.262964,0.473423,-2.171068,1
9.654000,0.125786,0.046019,-0.262964,0.473423,-2.177218,1
9.655000,0.125786,0.046019,-0.262964,0.473423,-2.177232,1
9.656000,0.125786,0.046019,-0.262964,0.473423,-2.177245,1
9.657000,0.125786,0.046019,-0.262964,0.473423,-2.177259,1
9.658000,0.122718,0.046019,-0.262964,0.473423,-2.183409,1
9.659000,0.122718,0.046019,-0.262964,0.473423,-2.183423,1
9.660000,0.122718,0.046019,-0.262964,0.473423,-2.183436,1
9.661000,0.116583,0.042951,-1.516306,0.473423,-3.387704,1
9.662000,0.116583,0.042951,-1.516306,0.473423,-3.387717,1
9.663000,0.116583,0.042951,-1.516306,0.473423,-3.387730,1
9.664000,0.110447,0.036816,-1.516306,-0.653709,-1.023030,1
9.665000,0.110447,0.036816,-1.516306,-0.653709,-1.023041,1
9.666000,0.110447,0.036816,-1.516306,-0.653709,-1.023052,1
9.667000,0.104311,0.033748,-2.075338,-0.653709,-1.533006,1
9.668000,0.104311,0.033748,-2.075338,-0.653709,-1.533016,1
9.669000,0.104311,0.033748,-2.075338,-0.653709,-1.533026,1
9.670000,0.095107,0.027612,-2.075338,-1.609675,1.083207,1
9.671000,0.095107,0.027612,-2.075338,-1.609675,1.083199,1
9.672000,0.095107,0.027612,-2.075338,-1.609675,1.083190,1
9.673000,0.088971,0.018408,-2.451863,-1.609675,0.878466,1
9.674000,0.088971,0.018408,-2.451863,-1.609675,0.878460,1
9.675000,0.088971,0.018408,-2.451863,-1.609675,0.878454,1
9.676000,0.079767,0.012272,-2.744007,-2.378892,2.229053,1
9.677000,0.070563,0.003068,-2.744007,-2.735232,3.107401,1
9.678000,0.070563,0.003068,-2.744007,-2.735232,3.107400,1
9.679000,0.070563,0.003068,-2.744007,-2.735232,3.107400,1
9.680000,0.067495,0.000000,-2.922061,-2.735232,2.984568,1
9.681000,0.061359,-0.009204,-2.922061,-3.025821,3.737554,1
9.682000,0.061359,-0.009204,-2.922061,-3.025821,3.737557,1
9.683000,0.058291,-0.012272,-2.785600,-3.025821,3.929245,1
9.684000,0.058291,-0.012272,-2.785600,-3.025821,3.929249,1
9.685000,0.058291,-0.012272,-2.785600,-3.025821,3.929252,1
9.686000,0.052155,-0.015340,-2.722590,-3.025821,4.041355,1
9.687000,0.052155,-0.015340,-2.722590,-3.025821,4.041360,1
9.688000,0.052155,-0.015340,-2.722590,-3.025821,4.041364,1
9.689000,0.049087,-0.018408,-2.722590,-1.871683,1.788318,1
9.690000,0.049087,-0.018408,-2.722590,-1.871683,1.788323,1
9.691000,0.049087,-0.018408,-2.722590,-1.871683,1.788329,1
9.692000,0.042951,-0.021476,-2.167267,-1.720496,2.090372,1
9.693000,0.042951,-0.021476,-2.167267,-1.720496,2.090379,1
9.694000,0.042951,-0.021476,-2.167267,-1.720496,2.090385,1
9.695000,0.042951,-0.021476,-2.167267,-1.720496,2.090392,1
9.696000,0.039884,-0.021476,-1.697537,-1.300588,1.714176,1
9.697000,0.039884,-0.018408,-1.491733,1.176256,-3.695063,1
9.698000,0.039884,-0.018408,-1.330464,1.073639,-3.328554,1
9.699000,0.036816,-0.015340,-1.200146,0.987142,-3.092733,1
9.700000,0.036816,-0.015340,-1.093394,0.913762,-2.839216,1
9.701000,0.036816,-0.015340,-1.093394,0.913762,-2.839211,1
9.702000,0.036816,-0.015340,-1.093394,0.913762,-2.839207,1
9.703000,0.036816,-0.015340,-1.093394,0.913762,-2.839202,1
9.704000,0.036816,-0.015340,-1.093394,0.913762,-2.839197,1
9.705000,0.036816,-0.015340,-1.093394,0.913762,-2.839193,1
9.706000,0.036816,-0.012272,-1.003560,0.879118,-2.741425,1
9.707000,0.036816,-0.012272,-1.003560,0.879118,-2.741422,1
9.708000,0.036816,-0.012272,-1.003560,0.879118,-2.741418,1
9.709000,0.030680,-0.015340,-0.919257,0.879118,-2.608023,1
9.710000,0.030680,-0.015340,-0.919257,0.879118,-2.608018,1
9.711000,0.030680,-0.015340,-0.919257,0.879118,-2.608014,1
9.712000,0.024544,-0.015340,-0.919257,0.879118,-2.620281,1
9.713000,0.018408,-0.021476,-1.139997,-1.018632,1.664932,1
9.714000,0.015340,-0.021476,-1.139997,-1.018632,1.658802,1
9.715000,0.015340,-0.024544,-1.139997,-1.018632,1.720169,1
9.716000,0.012272,-0.027612,-1.139997,-1.018632,1.775400,1
9.717000,0.009204,-0.027612,-1.139997,-1.018632,1.769273,1
9.718000,0.009204,-0.030680,-1.139997,-1.018632,1.830641,1
9.719000,0.006136,-0.030680,-1.870914,-1.018632,1.093597,1
9.720000,0.003068,-0.033748,-1.870914,-1.757934,2.627434,1
9.721000,0.003068,-0.033748,-1.870914,-1.757934,2.627444,1
9.722000,0.000000,-0.033748,-1.870914,-1.757934,2.621319,1
9.723000,0.000000,-0.033748,-1.870914,-1.757934,2.621329,1
9.724000,0.000000,-0.033748,-1.870914,-1.757934,2.621339,1
9.725000,-0.003068,-0.036816,-1.793223,-1.757934,2.754265,1
9.726000,-0.003068,-0.036816,-1.566055,-1.757934,2.981444,1
9.727000,-0.006136,-0.036816,-1.888073,-1.649214,2.435860,1
9.728000,-0.006136,-0.036816,-1.888073,-1.453891,2.045224,1
9.729000,-0.006136,-0.036816,-1.888073,-1.072386,1.282226,1
9.730000,-0.006136,-0.036816,-1.888073,-1.072386,1.282237,1
9.731000,-0.006136,-0.036816,-1.888073,-1.072386,1.282248,1
9.732000,-0.009204,-0.036816,-1.888073,-0.985937,1.103225,1
9.733000,-0.009204,-0.036816,-1.888073,-0.912620,0.956602,1
9.734000,-0.009204,-0.036816,-1.683496,-0.849673,1.035296,1
9.735000,-0.009204,-0.036816,-1.479690,-0.794446,1.128659,1
9.736000,-0.009204,-0.036816,-1.321148,-0.746358,1.191037,1
9.737000,-0.009204,-0.036816,-1.192857,-0.703608,1.233839,1
9.738000,-0.009204,-0.033748,-1.086886,0.665344,-2.059443,1
9.739000,-0.009204,-0.033748,-0.998670,0.631212,-1.902953,1
9.740000,-0.009204,-0.033748,-0.923193,0.600197,-1.765436,1
9.741000,-0.009204,-0.033748,-0.858681,0.572247,-1.645014,1
9.742000,-0.009204,-0.033748,-0.802584,0.546778,-1.537968,1
9.743000,-0.012272,-0.033748,-0.753461,0.523524,-1.448464,1
9.744000,-0.012272,-0.033748,-0.709805,0.502069,-1.361888,1
9.745000,-0.012272,-0.033748,-0.671064,0.482371,-1.283741,1
9.746000,-0.012272,-0.033748,-0.636304,0.464145,-1.212519,1
9.747000,-0.012272,-0.033748,-0.604871,0.447194,-1.147173,1
9.748000,-0.012272,-0.033748,-0.576500,0.431494,-1.087393,1
9.749000,-0.015340,-0.033748,-0.550588,0.416812,-1.038243,1
9.750000,-0.015340,-0.033748,-0.526983,0.403142,-0.987286,1
9.751000,-0.015340,-0.033748,-0.505251,0.390299,-0.939859,1
9.752000,-0.018408,-0.033748,-0.596796,0.378276,-1.013483,1
9.753000,-0.018408,-0.033748,-0.596796,0.366965,-0.990852,1
9.754000,-0.018408,-0.033748,-0.596796,0.356277,-0.969465,1
9.755000,-0.021476,-0.036816,-0.596796,-0.346236,1.090796,1
9.756000,-0.021476,-0.036816,-0.596796,-0.336762,1.071858,1
9.757000,-0.021476,-0.036816,-0.596796,-0.327775,1.053896,1
9.758000,-0.021476,-0.039884,-0.596796,-0.319216,1.098148,1
9.759000,-0.024544,-0.039884,-0.596796,-0.311106,1.075805,1
9.760000,-0.024544,-0.039884,-0.596796,-0.303438,1.060481,1
9.761000,-0.027612,-0.039884,-0.596796,-0.296099,1.039679,1
9.762000,-0.027612,-0.039884,-0.596796,-0.289144,1.025781,1
9.763000,-0.027612,-0.039884,-0.596796,-0.282451,1.012407,1
9.764000,-0.027612,-0.039884,-0.596796,-0.282451,1.012419,1
9.765000,-0.030680,-0.039884,-0.786017,-0.276131,0.804432,1
9.766000,-0.030680,-0.039884,-0.786017,-0.264216,0.780616,1
9.767000,-0.030680,-0.042951,-0.786017,-0.258680,0.830915,1
9.768000,-0.033748,-0.042951,-0.786017,-0.253321,0.814075,1
9.769000,-0.033748,-0.042951,-0.786017,-0.248201,0.803846,1
9.770000,-0.033748,-0.042951,-0.786017,-0.243264,0.793987,1
9.771000,-0.033748,-0.042951,-0.786017,-0.243264,0.793999,1
9.772000,-0.036816,-0.042951,-0.786017,-0.233990,0.769328,1
9.773000,-0.036816,-0.042951,-0.786017,-0.229624,0.760609,1
9.774000,-0.036816,-0.042951,-0.786017,-0.225396,0.752166,1
9.775000,-0.036816,-0.042951,-0.786017,-0.221346,0.744078,1
9.776000,-0.036816,-0.042951,-0.786017,-0.217411,0.736222,1
9.777000,-0.039884,-0.042951,-0.786017,-0.213619,0.722514,1
9.778000,-0.039884,-0.042951,-0.786017,-0.209973,0.715236,1
9.779000,-0.039884,-0.042951,-0.786017,-0.209973,0.715248,1
9.780000,-0.039884,-0.042951,-0.786017,-0.209973,0.715261,1
9.781000,-0.039884,-0.042951,-0.786017,-0.209973,0.715274,1
9.782000,-0.039884,-0.042951,-0.786017,-0.209973,0.715287,1
9.783000,-0.039884,-0.042951,-0.786017,-0.209973,0.715300,1
9.784000,-0.039884,-0.042951,-0.786017,-0.209973,0.715313,1
9.785000,-0.039884,-0.042951,-0.786017,-0.206433,0.708246,1
9.786000,-0.042951,-0.039884,-0.896826,0.187527,-0.857967,1
9.787000,-0.042951,-0.039884,-0.896826,0.187527,-0.857956,1
9.788000,-0.042951,-0.039884,-0.896826,0.184685,-0.852259,1
9.789000,-0.042951,-0.039884,-0.896826,0.184685,-0.852247,1
9.790000,-0.042951,-0.039884,-0.896826,0.184685,-0.852235,1
9.791000,-0.042951,-0.039884,-0.896826,0.179308,-0.841470,1
9.792000,-0.042951,-0.039884,-0.896826,0.179308,-0.841458,1
9.793000,-0.042951,-0.039884,-0.896826,0.179308,-0.841446,1
9.794000,-0.042951,-0.036816,-0.896826,0.174980,-0.894137,1
9.795000,-0.042951,-0.036816,-0.896826,0.174980,-0.894126,1
9.796000,-0.042951,-0.036816,-0.896826,0.174980,-0.894115,1
9.797000,-0.042951,-0.036816,-0.896826,0.174980,-0.894104,1
9.798000,-0.042951,-0.036816,-0.896826,0.174980,-0.894093,1
9.799000,-0.042951,-0.036816,-0.896826,0.174980,-0.894082,1
9.800000,-0.042951,-0.036816,-0.896826,0.174980,-0.894071,1
9.801000,-0.042951,-0.036816,-0.896826,0.174980,-0.894060,1
9.802000,-0.042951,-0.036816,-0.896826,0.174980,-0.894049,1
9.803000,-0.046019,-0.036816,-0.883498,0.174980,-0.886846,1
9.804000,-0.046019,-0.039884,-0.617171,0.174980,-0.559148,1
9.805000,-0.046019,-0.039884,-0.617171,0.174980,-0.559136,1
9.806000,-0.046019,-0.039884,-0.617171,0.174980,-0.559124,1
9.807000,-0.046019,-0.039884,-0.617171,0.174980,-0.559112,1
9.808000,-0.046019,-0.039884,-0.617171,0.174980,-0.559100,1
9.809000,-0.049087,-0.039884,-0.536083,0.174980,-0.484135,1
9.810000,-0.049087,-0.039884,-0.536083,0.174980,-0.484123,1
9.811000,-0.049087,-0.039884,-0.536083,0.174980,-0.484111,1
9.812000,-0.052155,-0.042951,-0.473916,0.174980,0.000000,1
9.813000,-0.052155,-0.042951,-0.473916,0.174980,0.000000,1
9.814000,-0.052155,-0.042951,-0.473916,0.174980,0.000000,1
9.815000,-0.052155,-0.042951,-0.424816,0.174980,0.000000,1
9.816000,-0.058291,-0.046019,-0.378627,-0.536529,1.800739,1
9.817000,-0.058291,-0.049087,-0.378627,-0.536529,1.862113,1
9.818000,-0.058291,-0.049087,-0.378627,-0.536529,1.862128,1
9.819000,-0.058291,-0.049087,-0.378627,-0.536529,1.862143,1
9.820000,-0.058291,-0.049087,-0.378627,-0.536529,1.862157,1
9.821000,-0.058291,-0.049087,-0.378627,-0.536529,1.862172,1
9.822000,-0.058291,-0.052155,-0.378627,-0.536529,1.923547,1
9.823000,-0.058291,-0.052155,-0.378627,-0.536529,1.923563,1
9.824000,-0.058291,-0.052155,-0.378627,-0.536529,1.923578,1
9.825000,-0.061359,-0.055223,-0.378627,-0.536529,1.978818,1
9.826000,-0.061359,-0.055223,-0.378627,-0.536529,1.978835,1
9.827000,-0.061359,-0.055223,-0.378627,-0.536529,1.978851,1
9.828000,-0.061359,-0.055223,-0.378627,-0.536529,1.978868,1
9.829000,-0.061359,-0.055223,-0.378627,-0.536529,1.978884,1
9.830000,-0.061359,-0.055223,-0.378627,-0.536529,1.978901,1
9.831000,-0.064427,-0.055223,-0.378627,-0.536529,1.972782,1
9.832000,-0.064427,-0.055223,-0.378627,-0.536529,1.972798,1
9.833000,-0.064427,-0.055223,-0.378627,-0.536529,1.972815,1
9.834000,-0.064427,-0.055223,-0.378627,-0.536529,1.972831,1
9.835000,-0.064427,-0.055223,-0.378627,-0.536529,1.972848,1
9.836000,-0.064427,-0.052155,-0.378627,0.523688,-0.808930,1
9.837000,-0.061359,-0.052155,-0.378627,0.502359,-0.760120,1
9.838000,-0.061359,-0.052155,-0.378627,0.482495,-0.720376,1
9.839000,-0.061359,-0.052155,-0.378627,0.482495,-0.720360,1
9.840000,-0.061359,-0.052155,-0.378627,0.482495,-0.720345,1
9.841000,-0.061359,-0.052155,-0.378627,0.482495,-0.720329,1
9.842000,-0.061359,-0.049087,-0.378627,0.478480,-0.773644,1
9.843000,-0.061359,-0.046019,-0.378627,0.478480,-0.834990,1
9.844000,-0.061359,-0.046019,-0.378627,0.478480,-0.834976,1
9.845000,-0.061359,-0.046019,-0.378627,0.478480,-0.834962,1
9.846000,-0.061359,-0.046019,-0.378627,0.478480,-0.834948,1
9.847000,-0.061359,-0.046019,-0.378627,0.478480,-0.834935,1
9.848000,-0.061359,-0.046019,0.374694,0.478480,0.518400,1
9.849000,-0.061359,-0.046019,0.333920,1.148531,-1.462462,1
9.850000,-0.061359,-0.046019,0.325066,1.148531,-1.471302,1
9.851000,-0.061359,-0.042951,0.316778,1.148531,-1.540937,1
9.852000,-0.061359,-0.042951,0.308718,1.148531,-1.548983,1
9.853000,-0.061359,-0.042951,0.301169,1.148531,-1.556520,1
9.854000,-0.061359,-0.042951,0.293976,1.148531,-1.563700,1
9.855000,-0.061359,-0.042951,0.287084,1.148531,-1.570579,1
9.856000,-0.061359,-0.042951,0.280542,1.148531,-1.577108,1
9.857000,-0.061359,-0.042951,0.274258,1.148531,-1.583380,1
9.858000,-0.061359,-0.046019,0.268221,1.359531,-1.950044,1
9.859000,-0.064427,-0.046019,-0.262508,1.359531,-2.486895,1
9.860000,-0.064427,-0.046019,-0.257010,1.359531,-2.481384,1
9.861000,-0.064427,-0.046019,-0.257010,1.359531,-2.481370,1
9.862000,-0.064427,-0.046019,-0.257010,1.359531,-2.481356,1
9.863000,-0.064427,-0.046019,-0.257010,1.359531,-2.481342,1
9.864000,-0.064427,-0.046019,-0.257010,1.359531,-2.481328,1
9.865000,-0.064427,-0.046019,-0.251818,1.359531,-2.476122,1
9.866000,-0.067495,-0.049087,-0.758751,1.359531,-2.927818,1
9.867000,-0.073631,-0.052155,-0.758751,-1.217308,2.874963,1
9.868000,-0.073631,-0.052155,-0.758751,-1.217308,2.874978,1
9.869000,-0.073631,-0.052155,-0.758751,-1.217308,2.874994,1
9.870000,-0.076699,-0.058291,-0.758751,-1.015055,2.587089,1
9.871000,-0.076699,-0.058291,-0.758751,-1.015055,2.587107,1
9.872000,-0.076699,-0.058291,-0.758751,-1.015055,2.587124,1
9.873000,-0.076699,-0.058291,-0.758751,-1.015055,2.587142,1
9.874000,-0.076699,-0.058291,-0.758751,-1.015055,2.587159,1
9.875000,-0.076699,-0.058291,-0.758751,-1.015055,2.587177,1
9.876000,-0.082835,-0.070563,-0.257876,-2.767843,6.000000,1
9.877000,-0.082835,-0.070563,-0.257876,-2.767843,6.000000,1
9.878000,-0.082835,-0.070563,-0.257876,-2.767843,6.000000,1
9.879000,-0.085903,-0.073631,-0.257876,-2.211066,5.768548,1
9.880000,-0.085903,-0.073631,-0.257876,-2.211066,5.768570,1
9.881000,-0.088971,-0.082835,-0.257876,-1.278034,4.080473,1
9.882000,-0.088971,-0.082835,-0.257876,-1.278034,4.080498,1
9.883000,-0.088971,-0.082835,-0.257876,-1.278034,4.080523,1
9.884000,-0.088971,-0.082835,-0.257876,-1.278034,4.080548,1
9.885000,-0.088971,-0.082835,-0.257876,-1.278034,4.080573,1
9.886000,-0.088971,-0.082835,-0.257876,-1.278034,4.080598,1
9.887000,-0.088971,-0.082835,-0.257876,-1.278034,4.080623,1
9.888000,-0.088971,-0.082835,-0.257876,-1.278034,4.080647,1
9.889000,-0.088971,-0.082835,-0.257876,-1.278034,4.080672,1
9.890000,-0.088971,-0.082835,-0.257876,-1.278034,4.080697,1
9.891000,-0.088971,-0.082835,-0.257876,-1.278034,4.080722,1
9.892000,-0.088971,-0.082835,-0.257876,-1.278034,4.080747,1
9.893000,-0.088971,-0.082835,-0.257876,-1.278034,4.080772,1
9.894000,-0.088971,-0.082835,-0.257876,-1.278034,4.080796,1
9.895000,-0.088971,-0.082835,-0.257876,-1.278034,4.080821,1
9.896000,-0.088971,-0.082835,-0.257876,-1.278034,4.080846,1
9.897000,-0.088971,-0.082835,-0.257876,-1.278034,4.080871,1
9.898000,-0.082835,-0.079767,1.339171,1.120796,0.831193,1
9.899000,-0.082835,-0.079767,1.339171,1.120796,0.831217,1
9.900000,-0.082835,-0.079767,1.339171,1.120796,0.831241,1
9.901000,-0.082835,-0.079767,1.339171,1.120796,0.831265,1
9.902000,-0.082835,-0.079767,1.339171,1.120796,0.831289,1
9.903000,-0.082835,-0.079767,1.339171,1.120796,0.831313,1
9.904000,-0.076699,-0.073631,1.339171,0.936610,1.089260,1
9.905000,-0.076699,-0.073631,1.339171,0.936610,1.089282,1
9.906000,-0.076699,-0.073631,1.339171,0.936610,1.089304,1
9.907000,-0.076699,-0.073631,1.339171,0.936610,1.089326,1
9.908000,-0.076699,-0.073631,1.339171,0.936610,1.089349,1
9.909000,-0.076699,-0.073631,1.339171,0.936610,1.089371,1
9.910000,-0.058291,-0.058291,2.500567,2.261078,-1.268132,1
9.911000,-0.058291,-0.058291,2.500567,2.261078,-1.268115,1
9.912000,-0.039884,-0.036816,3.028102,3.778892,-4.168895,1
9.913000,-0.039884,-0.036816,3.028102,3.778892,-4.168884,1
9.914000,-0.039884,-0.036816,3.028102,3.778892,-4.168873,1
9.915000,-0.033748,-0.030680,3.201421,3.778892,-4.105991,1
9.916000,-0.021476,-0.015340,3.215249,3.528294,-3.873215,1
9.917000,-0.018408,-0.012272,3.215249,3.739137,-4.350120,1
9.918000,-0.015340,-0.009204,3.215249,3.739137,-4.405341,1
9.919000,-0.012272,-0.006136,3.215249,3.739137,-4.460562,1
9.920000,-0.009204,-0.003068,3.010942,3.267241,-3.776300,1
9.921000,-0.003068,0.006136,2.841244,2.805902,-3.195128,1
9.922000,-0.003068,0.006136,2.841244,2.805902,-3.195130,1
9.923000,-0.003068,0.006136,2.841244,2.805902,-3.195132,1
9.924000,0.000000,0.006136,2.308552,2.805724,-3.721333,1
9.925000,0.003068,0.009204,2.381605,1.924668,-1.941396,1
9.926000,0.003068,0.009204,2.381605,1.924668,-1.941399,1
9.927000,0.003068,0.009204,2.381605,1.924668,-1.941402,1
9.928000,0.003068,0.009204,2.381605,1.663885,-1.419838,1
9.929000,0.009204,0.015340,1.567867,1.534700,-2.085657,1
9.930000,0.009204,0.015340,1.567867,1.534700,-2.085661,1
9.931000,0.009204,0.015340,1.567867,1.534700,-2.085666,1
9.932000,0.009204,0.015340,1.567867,1.534700,-2.085671,1
9.933000,0.009204,0.015340,1.567867,1.534700,-2.085675,1
9.934000,0.009204,0.015340,1.567867,1.534700,-2.085680,1
9.935000,0.012272,0.015340,1.249433,1.534700,-2.397982,1
9.936000,0.012272,0.015340,1.249433,1.534700,-2.397987,1
9.937000,0.012272,0.015340,1.132750,1.462307,-2.369890,1
9.938000,0.012272,0.015340,1.132750,1.462307,-2.369894,1
9.939000,0.012272,0.015340,1.132750,1.462307,-2.369899,1
9.940000,0.012272,0.015340,1.132750,1.462307,-2.369903,1
9.941000,0.012272,0.015340,1.132750,1.462307,-2.369908,1
9.942000,0.012272,0.015340,1.132750,1.462307,-2.369913,1
9.943000,0.012272,0.015340,1.132750,1.462307,-2.369917,1
9.944000,0.015340,0.015340,1.425778,1.307401,-1.760945,1
9.945000,0.015340,0.015340,1.425778,1.307401,-1.760949,1
9.946000,0.015340,0.015340,1.425778,1.307401,-1.760954,1
9.947000,0.015340,0.015340,1.425778,0.852782,-0.851721,1
9.948000,0.015340,0.015340,1.425778,0.852782,-0.851726,1
9.949000,0.015340,0.015340,1.425778,0.852782,-0.851731,1
9.950000,0.015340,0.015340,1.425778,0.852782,-0.851735,1
9.951000,0.015340,0.012272,-0.915670,-0.548090,0.000000,1
9.952000,0.015340,0.012272,-0.915670,-0.548090,0.000000,1
9.953000,0.015340,0.012272,-0.915670,-0.548090,0.000000,1
9.954000,0.015340,0.006136,-0.748327,-0.483387,0.000000,1
9.955000,0.015340,0.006136,-0.748327,-0.483387,0.000000,1
9.956000,0.012272,0.003068,-0.666919,-0.453681,0.507779,1
9.957000,0.012272,0.003068,-0.632639,-0.453681,0.542059,1
9.958000,0.012272,0.000000,-0.601466,-0.453681,0.634592,1
9.959000,0.012272,0.000000,-0.601466,-0.453681,0.634592,1
9.960000,0.009204,-0.003068,-0.547823,-0.453681,0.743459,1
9.961000,0.006136,-0.009204,-0.507987,-1.546016,3.084550,1
9.962000,0.006136,-0.009204,-0.507987,-1.546016,3.084553,1
9.963000,0.006136,-0.009204,-0.507987,-1.546016,3.084555,1
9.964000,0.006136,-0.009204,-0.507987,-1.546016,3.084558,1
9.965000,0.006136,-0.009204,-0.507987,-1.546016,3.084561,1
9.966000,0.006136,-0.012272,-0.507987,-1.546016,3.145924,1
9.967000,0.006136,-0.012272,-0.507987,-1.546016,3.145928,1
9.968000,0.006136,-0.012272,-0.507987,-1.546016,3.145931,1
9.969000,0.006136,-0.012272,-0.507987,-1.546016,3.145935,1
9.970000,0.006136,-0.012272,-0.507987,-1.546016,3.145939,1
9.971000,0.006136,-0.012272,-0.507987,-1.546016,3.145942,1
9.972000,0.006136,-0.012272,-0.507987,-1.546016,3.145946,1
9.973000,0.006136,-0.012272,-0.507987,-1.546016,3.145950,1
9.974000,0.003068,-0.018408,-0.507987,-1.546016,3.262538,1
9.975000,0.003068,-0.018408,-0.507987,-1.546016,3.262543,1
9.976000,0.003068,-0.018408,-0.507987,-1.546016,3.262549,1
9.977000,0.003068,-0.018408,-0.507987,-1.181111,2.532745,1
9.978000,0.003068,-0.018408,-0.507987,-1.181111,2.532750,1
9.979000,0.006136,-0.018408,-0.507987,-1.034138,2.244946,1
9.980000,0.006136,-0.018408,-0.507987,-1.034138,2.244951,1
9.981000,0.006136,-0.018408,-0.507987,-1.034138,2.244957,1
9.982000,0.006136,-0.018408,-0.507987,-1.034138,2.244962,1
9.983000,0.006136,-0.018408,-0.507987,-1.034138,2.244968,1
9.984000,0.009204,-0.018408,-0.507987,-1.034138,2.251109,1
9.985000,0.009204,-0.015340,-0.507987,-1.034138,2.189755,1
9.986000,0.009204,-0.015340,-0.507987,-1.034138,2.189759,1
9.987000,0.009204,-0.015340,-0.507987,-1.034138,2.189764,1
9.988000,0.009204,-0.015340,-0.507987,-1.034138,2.189768,1
9.989000,0.012272,-0.015340,-0.507987,-1.034138,2.195909,1
9.990000,0.015340,-0.009204,0.446916,1.147608,-1.929260,1
9.991000,0.018408,-0.006136,0.446916,1.147608,-1.984481,1
9.992000,0.021476,-0.003068,0.446916,1.147608,-2.039703,1
9.993000,0.021476,0.000000,0.446916,1.970761,-3.747369,1
9.994000,0.021476,0.000000,0.446916,1.970761,-3.747369,1
9.995000,0.021476,0.000000,0.446916,1.970761,-3.747369,1
9.996000,0.021476,0.000000,0.446916,1.970761,-3.747369,1
9.997000,0.021476,0.000000,0.446916,1.970761,-3.747369,1
9.998000,0.024544,0.000000,0.446916,1.970761,-3.741233,1
9.999000,0.024544,0.000000,0.446916,1.970761,-3.741233,1
