t,theta,alpha,theta_dot,alpha_dot,voltage,mode
0.000000,1.030835,-0.214757,5.605751,0.945683,6.000000,1
0.001000,1.030835,-0.214757,5.605751,0.945683,6.000000,1
0.002000,1.030835,-0.214757,5.605751,0.945683,6.000000,1
0.003000,1.030835,-0.214757,5.605751,0.945683,6.000000,1
0.004000,1.030835,-0.214757,5.605751,0.945683,6.000000,1
0.005000,1.030835,-0.214757,5.605751,0.945683,6.000000,1
0.006000,1.049243,-0.211689,5.669817,0.789812,6.000000,1
0.007000,1.049243,-0.211689,5.669817,0.789812,6.000000,1
0.008000,1.049243,-0.211689,5.669817,0.789812,6.000000,1
0.009000,1.089126,-0.208621,5.774911,0.789812,6.000000,1
0.010000,1.113670,-0.208621,6.299581,0.789812,6.000000,1
0.011000,1.119806,-0.208621,6.299581,0.789812,6.000000,1
0.012000,1.129010,-0.205553,6.354994,0.789812,6.000000,1
0.013000,1.135146,-0.205553,6.631837,0.789812,6.000000,1
0.014000,1.141282,-0.202485,6.631837,0.789812,6.000000,1
0.015000,1.150486,-0.202485,7.059434,0.746559,6.000000,1
0.016000,1.156622,-0.202485,7.059434,0.703522,6.000000,1
0.017000,1.162757,-0.199418,7.294599,0.694262,6.000000,1
0.018000,1.171961,-0.196350,7.565355,0.694262,6.000000,1
0.019000,1.181165,-0.196350,7.565355,0.694262,6.000000,1
0.020000,1.187301,-0.193282,7.920017,0.694262,6.000000,1
0.021000,1.196505,-0.190214,8.175705,0.694262,6.000000,1
0.022000,1.205709,-0.187146,8.175705,2.246242,6.000000,1
0.023000,1.214913,-0.184078,8.433373,2.246242,6.000000,1
0.024000,1.214913,-0.184078,8.433373,2.246242,6.000000,1
0.025000,1.214913,-0.184078,8.433373,2.246242,6.000000,1
0.026000,1.214913,-0.184078,8.433373,2.246242,6.000000,1
0.027000,1.214913,-0.184078,8.433373,2.246242,6.000000,1
0.028000,1.214913,-0.184078,8.433373,2.246242,6.000000,1
0.029000,1.224117,-0.181010,8.720875,2.246242,6.000000,1
0.030000,1.224117,-0.181010,8.720875,2.246242,6.000000,1
0.031000,1.224117,-0.181010,8.720875,2.246242,6.000000,1
0.032000,1.270136,-0.162602,9.729908,3.699295,6.000000,1
0.033000,1.270136,-0.162602,9.729908,3.699295,6.000000,1
0.034000,1.270136,-0.162602,9.729908,3.699295,6.000000,1
0.035000,1.270136,-0.162602,9.729908,3.699295,6.000000,1
0.036000,1.270136,-0.162602,9.729908,3.699295,6.000000,1
0.037000,1.270136,-0.162602,9.729908,3.699295,6.000000,1
0.038000,1.300816,-0.150330,10.169687,4.185843,6.000000,1
0.039000,1.300816,-0.150330,10.169687,4.185843,6.000000,1
0.040000,1.300816,-0.150330,10.169687,4.185843,6.000000,1
0.041000,1.368311,-0.122718,11.452366,5.030734,6.000000,1
0.042000,1.417398,-0.098175,12.281399,5.787166,5.807766,1
0.043000,1.469554,-0.073631,13.018225,6.497959,4.736466,1
0.044000,1.469554,-0.073631,13.018225,6.497959,4.736488,1
0.045000,1.469554,-0.073631,13.018225,6.497959,4.736510,1
0.046000,1.469554,-0.073631,13.018225,6.497959,4.736532,1
0.047000,1.481825,-0.067495,13.208750,6.497959,4.828903,1
0.048000,1.494097,-0.058291,13.168394,6.893650,3.837648,1
0.049000,1.509437,-0.052155,13.545500,7.176402,3.557227,1
0.050000,1.521709,-0.042951,13.629075,7.176402,3.481281,1
0.051000,1.537049,-0.036816,13.651607,7.421864,2.920860,1
0.052000,1.549321,-0.030680,13.834360,7.421864,3.005448,1
0.053000,1.549321,-0.030680,13.834360,7.421864,3.005457,1
0.054000,1.549321,-0.030680,13.834360,7.421864,3.005467,1
0.055000,1.549321,-0.030680,13.834360,7.421864,3.005476,1
0.056000,1.549321,-0.030680,13.834360,7.421864,3.005485,1
0.057000,1.549321,-0.030680,13.834360,7.421864,3.005494,1
0.058000,1.564660,-0.021476,13.822890,7.567169,2.550022,1
0.059000,1.564660,-0.021476,13.822890,7.567169,2.550028,1
0.060000,1.635224,0.018408,14.356535,7.867479,1.826505,1
0.061000,1.635224,0.018408,14.356535,7.867479,1.826499,1
0.062000,1.635224,0.018408,14.356535,7.867479,1.826494,1
0.063000,1.635224,0.018408,14.356535,7.867479,1.826488,1
0.064000,1.678175,0.042951,14.633536,8.130565,1.172333,1
0.065000,1.678175,0.042951,14.633536,8.130565,1.172320,1
0.066000,1.678175,0.042951,14.633536,8.130565,1.172307,1
0.067000,1.724194,0.067495,14.805425,8.452332,0.000000,1
0.068000,1.724194,0.067495,14.805425,8.452332,0.000000,1
0.069000,1.724194,0.067495,14.805425,8.452332,0.000000,1
0.070000,1.767146,0.092039,15.010923,8.704380,-1.001831,1
0.071000,1.767146,0.092039,15.010923,8.704380,-1.001858,1
0.072000,1.767146,0.092039,15.010923,8.704380,-1.001886,1
0.073000,1.813165,0.119651,14.851213,9.128102,-2.469270,1
0.074000,1.813165,0.119651,14.851213,9.128102,-2.469306,1
0.075000,1.856117,0.147262,14.859205,9.425582,-3.522647,1
0.076000,1.886796,0.165670,14.563829,9.297147,-3.867999,1
0.077000,1.886796,0.165670,14.563829,9.297147,-3.868049,1
0.078000,1.886796,0.165670,14.563829,9.297147,-3.868098,1
0.079000,1.902136,0.174874,14.763370,9.414836,-4.057386,1
0.080000,1.942020,0.202485,13.995421,9.311255,-5.090700,1
0.081000,1.942020,0.202485,13.995421,9.311255,-5.090761,1
0.082000,1.957359,0.211689,13.818350,9.247231,-5.293246,1
0.083000,1.957359,0.211689,13.818350,9.247231,-5.293309,1
0.084000,1.957359,0.211689,13.818350,9.247231,-5.293373,1
0.085000,1.981903,0.227029,13.288410,8.262710,-4.112048,1
0.086000,2.030991,0.257709,11.811841,7.665645,-4.909982,1
0.087000,2.043262,0.266913,11.817844,7.258465,-4.249232,1
0.088000,2.055534,0.273049,11.931146,7.258465,-4.234187,1
0.089000,2.089282,0.294524,11.583436,6.888437,-4.203949,1
0.090000,2.089282,0.294524,11.583436,6.888437,-4.204037,1
0.091000,2.089282,0.294524,11.583436,6.888437,-4.204125,1
0.092000,2.101554,0.300660,11.463212,6.888437,-4.410555,1
0.093000,2.101554,0.300660,11.463212,6.888437,-4.410555,1
0.094000,2.113826,0.306796,11.287195,6.692011,-4.169175,1
0.095000,2.113826,0.306796,11.287195,6.692011,-4.169175,1
0.096000,2.113826,0.306796,11.287195,6.692011,-4.169175,1
0.097000,2.113826,0.306796,11.287195,6.692011,-4.169175,1
0.098000,2.113826,0.306796,11.287195,6.692011,-4.169175,1
0.099000,2.113826,0.306796,11.287195,6.692011,-4.169175,1
0.100000,2.113826,0.306796,11.287195,6.692011,-4.169175,1
0.101000,2.144505,0.325204,10.728050,6.485891,-4.254722,1
0.102000,2.144505,0.325204,10.728050,6.485891,-4.254722,1
0.103000,2.144505,0.325204,10.728050,6.485891,-4.254722,1
0.104000,2.282563,0.408039,8.493199,4.939639,-3.120952,1
0.105000,2.282563,0.408039,8.493199,4.939639,-3.120952,1
0.106000,2.291767,0.411107,8.309177,4.934425,-3.276138,1
0.107000,2.291767,0.411107,8.309177,4.934425,-3.276138,1
0.108000,2.291767,0.411107,8.309177,4.934425,-3.276138,1
0.109000,2.291767,0.411107,8.309177,4.934425,-3.276138,1
0.110000,2.291767,0.411107,8.309177,4.934425,-3.276138,1
0.111000,2.291767,0.411107,8.309177,4.934425,-3.276138,1
0.112000,2.291767,0.411107,8.309177,4.934425,-3.276138,1
0.113000,2.291767,0.411107,8.309177,4.934425,-3.276138,1
0.114000,2.291767,0.411107,8.309177,4.934425,-3.276138,1
0.115000,2.316311,0.426447,7.788009,4.424745,-2.728860,1
0.116000,2.316311,0.426447,7.788009,4.424745,-2.728860,1
0.117000,2.316311,0.426447,7.788009,4.424745,-2.728860,1
0.118000,2.316311,0.426447,7.788009,4.424745,-2.728860,1
0.119000,2.322447,0.429515,7.788009,4.424745,-2.716588,1
0.120000,2.353127,0.447922,7.568271,4.269685,-2.564846,1
0.121000,2.353127,0.447922,7.568271,4.269685,-2.564846,1
0.122000,2.353127,0.447922,7.568271,4.269685,-2.564846,1
0.123000,2.359262,0.450990,7.568271,4.130872,-2.274949,1
0.124000,2.374602,0.457126,7.303463,4.130872,-2.509077,1
0.125000,2.374602,0.457126,7.303463,4.130872,-2.509077,1
0.126000,2.380738,0.463262,7.303463,3.934352,-2.103766,1
0.127000,2.380738,0.463262,7.303463,3.934352,-2.103766,1
0.128000,2.396078,0.469398,7.123003,3.934352,-2.253546,1
0.129000,2.396078,0.469398,7.123003,3.934352,-2.253546,1
0.130000,2.396078,0.469398,7.123003,3.934352,-2.253546,1
0.131000,2.396078,0.469398,7.123003,3.934352,-2.253546,1
0.132000,2.414486,0.481670,6.797551,4.079077,-2.831631,1
0.133000,2.435961,0.497010,6.535641,4.222631,-3.337698,1
0.134000,2.435961,0.497010,6.535641,4.222631,-3.337698,1
0.135000,2.435961,0.497010,6.535641,4.222631,-3.337698,1
0.136000,2.460505,0.512350,6.211278,4.150685,-3.469082,1
0.137000,2.463573,0.518486,6.211278,4.150685,-3.462946,1
0.138000,2.463573,0.518486,5.658742,4.150685,-4.015482,1
0.139000,2.448233,0.497010,-2.797445,-4.704410,5.807842,1
0.140000,2.448233,0.497010,-2.797445,-4.704410,5.807842,1
0.141000,2.448233,0.497010,-2.797445,-4.704410,5.807842,1
0.142000,2.448233,0.497010,-2.797445,-4.704410,5.807842,1
0.143000,2.448233,0.497010,-2.797445,-4.704410,5.807842,1
0.144000,2.460505,0.497010,2.218834,2.106232,-3.372621,1
0.145000,2.460505,0.497010,2.218834,2.106232,-3.372621,1
0.146000,2.457437,0.497010,2.218834,1.874403,-2.915098,1
0.147000,2.457437,0.497010,2.218834,1.874403,-2.915098,1
0.148000,2.451301,0.497010,-3.402034,1.874403,-6.000000,1
0.149000,2.445165,0.493942,-3.402034,1.874403,-6.000000,1
0.150000,2.445165,0.493942,-3.402034,1.874403,-6.000000,1
0.151000,2.445165,0.493942,-3.402034,1.874403,-6.000000,1
0.152000,2.445165,0.493942,-3.402034,1.874403,-6.000000,1
0.153000,2.445165,0.493942,-3.402034,1.874403,-6.000000,1
0.154000,2.445165,0.493942,-3.402034,1.874403,-6.000000,1
0.155000,2.442097,0.490874,-3.402034,-2.088075,-0.641690,1
0.156000,2.442097,0.490874,-3.402034,-2.088075,-0.641690,1
0.157000,2.439029,0.487806,-3.504059,-2.088075,-0.749851,1
0.158000,2.439029,0.487806,-3.504059,-2.088075,-0.749851,1
0.159000,2.423690,0.472466,-3.147053,-3.190658,2.381642,1
0.160000,2.423690,0.469398,-3.147053,-3.190658,2.381642,1
0.161000,2.420622,0.469398,-3.147053,-3.190658,2.375506,1
0.162000,2.420622,0.466330,-2.649315,-2.839309,2.170546,1
0.163000,2.414486,0.466330,-2.903319,3.743097,-6.000000,1
0.164000,2.414486,0.466330,-2.903319,3.743097,-6.000000,1
0.165000,2.414486,0.466330,-2.903319,3.743097,-6.000000,1
0.166000,2.414486,0.466330,-2.903319,3.743097,-6.000000,1
0.167000,2.414486,0.466330,-2.903319,3.743097,-6.000000,1
0.168000,2.414486,0.466330,-2.903319,2.871764,-6.000000,1
0.169000,2.377670,0.441786,-3.811971,-1.140494,-3.075642,1
0.170000,2.365398,0.435651,-4.065601,-3.484272,1.933739,1
0.171000,2.365398,0.435651,-4.065601,-3.085661,1.136519,1
0.172000,2.350059,0.426447,-2.860857,-2.082945,0.000000,1
0.173000,2.340855,0.423379,-3.047192,-2.016268,-0.632947,1
0.174000,2.340855,0.423379,-3.047192,-2.016268,-0.632947,1
0.175000,2.340855,0.423379,-3.047192,-2.016268,-0.632947,1
0.176000,2.340855,0.423379,-3.047192,-2.016268,-0.632947,1
0.177000,2.340855,0.423379,-3.047192,-2.016268,-0.632947,1
0.178000,2.340855,0.423379,-3.047192,-2.016268,-0.632947,1
0.179000,2.340855,0.423379,-3.047192,-2.016268,-0.632947,1
0.180000,2.340855,0.423379,-3.047192,-2.016268,-0.632947,1
0.181000,2.340855,0.423379,-3.047192,-2.016268,-0.632947,1
0.182000,2.340855,0.423379,-3.047192,-2.016268,-0.632947,1
0.183000,2.340855,0.423379,-3.047192,-2.016268,-0.632947,1
0.184000,2.340855,0.423379,-3.047192,-2.016268,-0.632947,1
0.185000,2.340855,0.423379,-3.047192,-2.016268,-0.632947,1
0.186000,2.340855,0.423379,-3.047192,-2.016268,-0.632947,1
0.187000,2.340855,0.423379,-3.047192,-2.016268,-0.632947,1
0.188000,2.340855,0.423379,-3.047192,-2.016268,-0.632947,1
0.189000,2.340855,0.423379,-3.047192,-2.016268,-0.632947,1
0.190000,2.340855,0.423379,-3.047192,-2.016268,-0.632947,1
0.191000,2.337787,0.423379,-3.047192,-1.729214,-1.213191,1
0.192000,2.331651,0.423379,-3.047192,-1.515791,-1.652308,1
0.193000,2.328583,0.423379,-3.461530,-1.348999,-2.406366,1
0.194000,2.325515,0.423379,-3.461530,-1.216188,-2.678124,1
0.195000,2.319379,0.420311,-3.461530,-1.106616,-2.909541,1
0.196000,2.316311,0.417243,-3.964771,-1.017083,-3.597982,1
0.197000,2.313243,0.417243,-3.964771,-1.017083,-3.604118,1
0.198000,2.307107,0.417243,-3.964771,-1.017083,-3.616390,1
0.199000,2.304039,0.414175,-4.052418,-1.017083,-3.710172,1
0.200000,2.300971,0.411107,-4.052418,-1.017083,-3.716308,1
0.201000,2.294835,0.411107,-4.052418,-1.017083,-3.728580,1
0.202000,2.291767,0.411107,-4.125453,-1.017083,-3.807751,1
0.203000,2.288699,0.408039,-4.125453,-1.017083,-3.813887,1
0.204000,2.282563,0.408039,-4.125453,-1.017083,-3.826159,1
0.205000,2.279495,0.404971,-4.082111,-1.480056,-2.863007,1
0.206000,2.276427,0.404971,-4.082111,-1.480056,-2.869143,1
0.207000,2.270292,0.404971,-4.082111,-1.480056,-2.881415,1
0.208000,2.267224,0.404971,-4.241727,-1.480056,-3.047167,1
0.209000,2.261088,0.401903,-4.241727,-1.480056,-3.059439,1
0.210000,2.261088,0.401903,-4.241727,-1.480056,-3.059439,1
0.211000,2.251884,0.398835,-4.530864,-1.480056,-3.366984,1
0.212000,2.245748,0.395767,-4.530864,-1.480056,-3.379256,1
0.213000,2.242680,0.395767,-4.754354,-1.403062,-3.762869,1
0.214000,2.236544,0.392699,-4.754354,-1.386991,-3.807284,1
0.215000,2.233476,0.389631,-4.754354,-1.386991,-3.813420,1
0.216000,2.233476,0.389631,-4.754354,-1.386991,-3.813420,1
0.217000,2.227340,0.389631,-4.899076,-1.386991,-3.970414,1
0.218000,2.218136,0.383495,-5.009002,-1.386991,-4.098748,1
0.219000,2.212000,0.383495,-5.009002,-1.386991,-4.111019,1
0.220000,2.205864,0.380427,-5.145698,-2.033451,-2.967068,1
0.221000,2.202796,0.377359,-5.145698,-2.033451,-2.973204,1
0.222000,2.196660,0.377359,-5.145698,-2.033451,-2.985476,1
0.223000,2.190525,0.374291,-5.325359,-2.033451,-3.177409,1
0.224000,2.184389,0.371223,-5.325359,-2.033451,-3.189681,1
0.225000,2.178253,0.371223,-5.567673,-2.033451,-3.444266,1
0.226000,2.172117,0.368155,-5.567673,-2.001280,-3.520880,1
0.227000,2.165981,0.365087,-5.890840,-2.001280,-3.856319,1
0.228000,2.159845,0.362019,-5.890840,-2.001280,-3.868591,1
0.229000,2.159845,0.362019,-5.890840,-2.001280,-3.868591,1
0.230000,2.159845,0.362019,-5.890840,-2.001280,-3.868591,1
0.231000,2.153709,0.358952,-6.124567,-2.001280,-4.114590,1
0.232000,2.132233,0.352816,-6.357326,-2.571105,-3.250650,1
0.233000,2.126097,0.349748,-6.518236,-2.571105,-3.423832,1
0.234000,2.119961,0.346680,-6.670992,-2.571105,-3.588860,1
0.235000,2.113826,0.343612,-6.670992,-2.646656,-3.450029,1
0.236000,2.107690,0.340544,-6.793945,-2.646656,-3.585253,1
0.237000,2.098486,0.340544,-6.793945,-2.646656,-3.603661,1
0.238000,2.098486,0.340544,-6.793945,-2.646656,-3.603661,1
0.239000,2.098486,0.340544,-6.793945,-2.646656,-3.603661,1
0.240000,2.092350,0.337476,-6.938201,-2.646656,-3.760189,1
0.241000,2.070874,0.328272,-7.283055,-2.642785,-4.155736,1
0.242000,2.061670,0.325204,-7.283055,-2.642785,-4.174144,1
0.243000,2.055534,0.322136,-7.509480,-2.642785,-4.412841,1
0.244000,2.046330,0.319068,-7.727390,-2.773299,-4.388132,1
0.245000,2.040194,0.316000,-7.727390,-2.773299,-4.400404,1
0.246000,2.030991,0.312932,-7.878633,-2.773299,-4.570055,1
0.247000,2.021787,0.309864,-8.176613,-2.773299,-4.886442,1
0.248000,2.015651,0.306796,-8.176613,-3.162134,-4.121043,1
0.249000,2.006447,0.303728,-8.318564,-3.162134,-4.281403,1
0.250000,1.997243,0.300660,-8.479180,-3.162134,-4.460426,1
0.251000,1.988039,0.297592,-8.479180,-3.162134,-4.449267,1
0.252000,1.978835,0.294524,-8.650945,-3.434779,-4.032878,1
0.253000,1.969631,0.288388,-8.890942,-3.434779,-4.168651,1
0.254000,1.960427,0.285320,-8.934274,-3.434779,-4.169117,1
0.255000,1.951224,0.282252,-8.934274,-3.612658,-3.770494,1
0.256000,1.942020,0.279185,-9.218865,-3.612658,-4.012217,1
0.257000,1.932816,0.276117,-9.356017,-3.612658,-4.106501,1
0.258000,1.923612,0.269981,-9.480193,-3.843945,-3.663872,1
0.259000,1.914408,0.266913,-9.480193,-3.843945,-3.621001,1
0.260000,1.905204,0.263845,-9.692445,-3.843945,-3.790380,1
0.261000,1.892932,0.257709,-9.807343,-4.102257,-3.290555,1
0.262000,1.883728,0.254641,-9.963385,-4.102257,-3.403723,1
0.263000,1.874525,0.248505,-10.037978,-4.102257,-3.374079,1
0.264000,1.862253,0.245437,-10.256572,-4.274477,-3.211492,1
0.265000,1.862253,0.245437,-10.256572,-4.274477,-3.211566,1
0.266000,1.862253,0.245437,-10.256572,-4.274477,-3.211639,1
0.267000,1.831573,0.233165,-10.404891,-4.342714,-3.039477,1
0.268000,1.822369,0.227029,-10.506718,-4.342714,-3.037061,1
0.269000,1.810097,0.223961,-10.544962,-4.342714,-3.038557,1
0.270000,1.810097,0.223961,-10.544962,-4.342714,-3.038624,1
0.271000,1.788622,0.214757,-10.769370,-4.421689,-2.964019,1
0.272000,1.779418,0.208621,-10.769370,-4.536401,-2.630348,1
0.273000,1.767146,0.205553,-10.845910,-4.536401,-2.670135,1
0.274000,1.757942,0.199418,-10.916529,-4.536401,-2.636503,1
0.275000,1.745670,0.196350,-10.987800,-4.631371,-2.481077,1
0.276000,1.733398,0.190214,-11.080952,-4.631371,-2.476111,1
0.277000,1.724194,0.187146,-11.154956,-4.631371,-2.507220,1
0.278000,1.678175,0.165670,-11.448508,-4.876607,-1.972873,1
0.279000,1.678175,0.165670,-11.448508,-4.876607,-1.972923,1
0.280000,1.678175,0.165670,-11.448508,-4.876607,-1.972973,1
0.281000,1.678175,0.165670,-11.448508,-4.876607,-1.973022,1
0.282000,1.665903,0.162602,-11.534744,-4.876607,-2.022492,1
0.283000,1.653631,0.156466,-11.480042,-4.921397,-1.780082,1
0.284000,1.653631,0.156466,-11.480042,-4.921397,-1.780128,1
0.285000,1.644427,0.153398,-11.480042,-4.921397,-1.737223,1
0.286000,1.619884,0.141126,-11.620914,-4.985797,-1.552989,1
0.287000,1.607612,0.138058,-11.692267,-4.985797,-1.587568,1
0.288000,1.595340,0.131922,-11.720806,-4.953985,-1.581595,1
0.289000,1.583068,0.128854,-11.734036,-4.953985,-1.558049,1
0.290000,1.573864,0.122718,-11.783958,-4.971993,-1.467679,1
0.291000,1.561592,0.116583,-11.797016,-4.971993,-1.382598,1
0.292000,1.549321,0.113515,-11.834147,-4.971993,-1.382948,1
0.293000,1.537049,0.107379,-11.842236,-4.992417,-1.252047,1
0.294000,1.524777,0.101243,-11.872151,-4.992417,-1.183817,1
0.295000,1.512505,0.098175,-11.879014,-5.042361,-1.054006,1
0.296000,1.500233,0.092039,-11.888764,-5.042361,-0.965609,1
0.297000,1.491029,0.085903,-11.895326,-5.036641,-0.879326,1
0.298000,1.478757,0.082835,-11.889084,-5.036641,-0.836293,1
0.299000,1.466486,0.076699,-11.925027,-5.036641,-0.774084,1
0.300000,1.454214,0.073631,-11.897569,-4.984334,-0.814446,1
0.301000,1.441942,0.067495,-11.914093,-4.984334,-0.732816,1
0.302000,1.429670,0.061359,-11.945986,-4.979334,-0.676553,1
0.303000,1.417398,0.058291,-11.908633,-4.979334,-0.602401,1
0.304000,1.405126,0.052155,-11.930340,-4.979334,-0.525949,1
0.305000,1.392855,0.049087,-11.955685,-4.851704,-0.769754,1
0.306000,1.392855,0.049087,-11.955685,-4.851704,-0.769769,1
0.307000,1.392855,0.049087,-11.955685,-4.851704,-0.769783,1
0.308000,1.380583,0.042951,-11.930824,-4.851704,-0.646760,1
0.309000,1.346835,0.027612,-11.985851,-4.668049,-0.829805,1
0.310000,1.334563,0.024544,-11.998546,-4.832175,-0.477439,1
0.311000,1.322291,0.018408,-12.032369,-4.832175,0.000000,1
0.312000,1.322291,0.018408,-12.032369,-4.832175,0.000000,1
0.313000,1.322291,0.018408,-12.032369,-4.832175,0.000000,1
0.314000,1.322291,0.018408,-12.032369,-4.832175,0.000000,1
0.315000,1.310020,0.015340,-11.991218,-4.832175,0.000000,1
0.316000,1.310020,0.015340,-11.991218,-4.832175,0.000000,1
0.317000,1.310020,0.015340,-11.991218,-4.832175,0.000000,1
0.318000,1.310020,0.015340,-11.991218,-4.832175,0.000000,1
0.319000,1.310020,0.015340,-11.991218,-4.832175,0.000000,1
0.320000,1.310020,0.015340,-11.991218,-4.832175,0.000000,1
0.321000,1.239456,-0.015340,-11.964751,-4.771247,0.641911,1
0.322000,1.202641,-0.027612,-11.900934,-4.740859,0.816767,1
0.323000,1.165825,-0.042951,-11.844141,-4.711560,1.048138,1
0.324000,1.098330,-0.070563,-11.644652,-4.727770,1.697311,1
0.325000,1.086058,-0.076699,-11.602754,-4.732581,1.847030,1
0.326000,1.086058,-0.076699,-11.602754,-4.732581,1.847053,1
0.327000,1.086058,-0.076699,-11.602754,-4.732581,1.847076,1
0.328000,1.086058,-0.076699,-11.602754,-4.732581,1.847099,1
0.329000,1.086058,-0.076699,-11.602754,-4.732581,1.847122,1
0.330000,1.086058,-0.076699,-11.602754,-4.732581,1.847145,1
0.331000,1.086058,-0.076699,-11.602754,-4.732581,1.847168,1
0.332000,1.086058,-0.076699,-11.602754,-4.732581,1.847191,1
0.333000,1.086058,-0.076699,-11.602754,-4.732581,1.847214,1
0.334000,1.086058,-0.076699,-11.602754,-4.732581,1.847237,1
0.335000,1.086058,-0.076699,-11.602754,-4.732581,1.847260,1
0.336000,1.086058,-0.076699,-11.602754,-4.732581,1.847283,1
0.337000,1.086058,-0.076699,-11.602754,-4.732581,1.847306,1
0.338000,1.086058,-0.076699,-11.602754,-4.732581,1.847329,1
0.339000,1.086058,-0.076699,-11.602754,-4.732581,1.847352,1
0.340000,1.040039,-0.095107,-11.255993,-4.527707,2.060509,1
0.341000,0.972544,-0.119651,-10.933414,-4.232178,2.147949,1
0.342000,0.963340,-0.122718,-10.803870,-4.065227,1.986579,1
0.343000,0.951068,-0.125786,-10.700507,-4.065227,2.126796,1
0.344000,0.941864,-0.131922,-10.639945,-4.065227,2.291708,1
0.345000,0.929592,-0.134990,-10.523486,-3.940002,2.194573,1
0.346000,0.920388,-0.138058,-10.498853,-3.940002,2.262199,1
0.347000,0.911185,-0.141126,-10.384835,-3.940002,2.419210,1
0.348000,0.901981,-0.147262,-10.317533,-3.737112,2.185088,1
0.349000,0.859029,-0.159534,-9.957322,-3.530154,2.290966,1
0.350000,0.859029,-0.159534,-9.957322,-3.530154,2.291014,1
0.351000,0.859029,-0.159534,-9.957322,-3.530154,2.291062,1
0.352000,0.859029,-0.159534,-9.957322,-3.530154,2.291109,1
0.353000,0.849825,-0.162602,-9.913417,-3.530154,2.378015,1
0.354000,0.840621,-0.165670,-9.750846,-3.530154,2.583587,1
0.355000,0.831418,-0.168738,-9.641467,-3.429673,2.535005,1
0.356000,0.822214,-0.171806,-9.641467,-3.354618,2.427899,1
0.357000,0.822214,-0.171806,-9.641467,-3.354618,2.427951,1
0.358000,0.822214,-0.171806,-9.641467,-3.354618,2.428002,1
0.359000,0.813010,-0.174874,-9.516543,-3.354618,2.595930,1
0.360000,0.813010,-0.174874,-9.516543,-3.354618,2.595983,1
0.361000,0.813010,-0.174874,-9.516543,-3.354618,2.596035,1
0.362000,0.813010,-0.174874,-9.516543,-3.354618,2.596088,1
0.363000,0.794602,-0.184078,-9.299887,-3.170064,2.590952,1
0.364000,0.724039,-0.205553,-8.700181,-2.957388,3.053757,1
0.365000,0.724039,-0.205553,-8.700181,-2.957388,3.053818,1
0.366000,0.724039,-0.205553,-8.700181,-2.957388,3.053880,1
0.367000,0.724039,-0.205553,-8.700181,-2.957388,3.053942,1
0.368000,0.714835,-0.208621,-8.596071,-2.773734,2.833757,1
0.369000,0.705631,-0.211689,-8.445222,-2.773734,3.027621,1
0.370000,0.699495,-0.214757,-8.445222,-2.773734,3.076772,1
0.371000,0.699495,-0.214757,-8.445222,-2.773734,3.076837,1
0.372000,0.681087,-0.217825,-8.111234,-2.741580,3.371127,1
0.373000,0.674952,-0.220893,-8.111234,-2.537428,3.011976,1
0.374000,0.665748,-0.223961,-7.958969,-2.537428,3.207259,1
0.375000,0.659612,-0.223961,-7.743440,-2.537428,3.410584,1
0.376000,0.653476,-0.227029,-7.743440,-2.537428,3.459739,1
0.377000,0.644272,-0.230097,-7.635174,-2.537428,3.611025,1
0.378000,0.638136,-0.233165,-7.635174,-2.234133,3.053594,1
0.379000,0.628932,-0.233165,-7.386622,-2.234133,3.283808,1
0.380000,0.628932,-0.233165,-7.386622,-2.234133,3.283878,1
0.381000,0.628932,-0.233165,-7.386622,-2.234133,3.283948,1
0.382000,0.628932,-0.233165,-7.386622,-2.234133,3.284018,1
0.383000,0.622796,-0.236233,-7.189540,-2.234133,3.530258,1
0.384000,0.622796,-0.236233,-7.189540,-2.234133,3.530329,1
0.385000,0.622796,-0.236233,-7.189540,-2.234133,3.530400,1
0.386000,0.601320,-0.239301,-7.101078,-2.234133,3.637342,1
0.387000,0.601320,-0.239301,-7.101078,-2.234133,3.637413,1
0.388000,0.601320,-0.239301,-7.101078,-2.234133,3.637485,1
0.389000,0.601320,-0.239301,-7.101078,-2.234133,3.637557,1
0.390000,0.601320,-0.239301,-7.101078,-2.234133,3.637629,1
0.391000,0.601320,-0.239301,-7.101078,-2.234133,3.637701,1
0.392000,0.582913,-0.245437,-6.622244,-1.676300,3.086845,1
0.393000,0.546097,-0.251573,-6.004410,-1.676300,3.753842,1
0.394000,0.518486,-0.254641,-5.484045,-1.036678,3.001174,1
0.395000,0.518486,-0.254641,-5.484045,-1.036678,3.001250,1
0.396000,0.518486,-0.254641,-5.484045,-1.036678,3.001327,1
0.397000,0.518486,-0.254641,-5.484045,-1.036678,3.001403,1
0.398000,0.515418,-0.254641,-5.413453,-0.956117,2.904815,1
0.399000,0.515418,-0.254641,-5.413453,-0.956117,2.904892,1
0.400000,0.515418,-0.254641,-5.413453,-0.956117,2.904968,1
0.401000,0.515418,-0.254641,-5.413453,-0.956117,2.905044,1
0.402000,0.515418,-0.254641,-5.413453,-0.956117,2.905121,1
0.403000,0.509282,-0.254641,-5.214696,-0.887162,2.953772,1
0.404000,0.509282,-0.254641,-5.214696,-0.887162,2.953848,1
0.405000,0.509282,-0.254641,-5.214696,-0.887162,2.953925,1
0.406000,0.490874,-0.254641,-5.058440,-0.688428,2.675973,1
0.407000,0.490874,-0.254641,-5.058440,-0.688428,2.676050,1
0.408000,0.490874,-0.254641,-5.058440,-0.688428,2.676126,1
0.409000,0.457126,-0.254641,-4.331537,-0.474989,2.908731,1
0.410000,0.444854,-0.254641,-4.061956,-0.425667,3.055202,1
0.411000,0.444854,-0.254641,-4.061956,-0.425667,3.055279,1
0.412000,0.444854,-0.254641,-4.061956,-0.425667,3.055355,1
0.413000,0.444854,-0.254641,-4.061956,-0.425667,3.055431,1
0.414000,0.444854,-0.254641,-4.061956,-0.425667,3.055508,1
0.415000,0.444854,-0.254641,-4.061956,-0.425667,3.055584,1
0.416000,0.444854,-0.254641,-4.061956,-0.425667,3.055661,1
0.417000,0.444854,-0.254641,-4.061956,-0.425667,3.055737,1
0.418000,0.444854,-0.254641,-4.061956,-0.425667,3.055813,1
0.419000,0.441786,-0.251573,-4.061956,0.411340,1.314380,1
0.420000,0.441786,-0.251573,-4.061956,0.411340,1.314455,1
0.421000,0.441786,-0.251573,-4.061956,0.411340,1.314531,1
0.422000,0.441786,-0.251573,-4.061956,0.411340,1.314606,1
0.423000,0.429515,-0.251573,-3.374000,0.362707,2.075360,1
0.424000,0.414175,-0.245437,-3.145070,0.359545,2.157289,1
0.425000,0.411107,-0.245437,-3.145070,0.359545,2.151226,1
0.426000,0.408039,-0.242369,-3.145070,0.359545,2.083804,1
0.427000,0.404971,-0.242369,-3.145070,0.359545,2.077741,1
0.428000,0.401903,-0.242369,-2.807685,0.359545,2.409063,1
0.429000,0.401903,-0.242369,-2.807685,0.359545,2.409135,1
0.430000,0.401903,-0.242369,-2.807685,0.359545,2.409208,1
0.431000,0.401903,-0.242369,-2.807685,0.359545,2.409281,1
0.432000,0.401903,-0.242369,-2.807685,0.359545,2.409354,1
0.433000,0.401903,-0.239301,-2.807685,0.359545,2.348066,1
0.434000,0.401903,-0.239301,-2.807685,0.359545,2.348138,1
0.435000,0.401903,-0.239301,-2.807685,0.359545,2.348210,1
0.436000,0.392699,-0.236233,-2.361895,1.058270,1.316854,1
0.437000,0.392699,-0.236233,-2.361895,1.058270,1.316925,1
0.438000,0.392699,-0.236233,-2.361895,1.058270,1.316996,1
0.439000,0.386563,-0.230097,-2.481912,1.058270,1.062057,1
0.440000,0.386563,-0.230097,-2.481912,1.058270,1.062126,1
0.441000,0.386563,-0.230097,-2.481912,1.058270,1.062195,1
0.442000,0.380427,-0.227029,-2.076401,1.058270,1.394143,1
0.443000,0.374291,-0.217825,-2.114808,1.450409,0.000000,1
0.444000,0.371223,-0.217825,-2.114808,1.450409,0.000000,1
0.445000,0.371223,-0.214757,-2.114808,1.450409,0.000000,1
0.446000,0.368155,-0.214757,-1.891076,1.450409,0.525470,1
0.447000,0.368155,-0.214757,-1.891076,1.450409,0.525535,1
0.448000,0.368155,-0.214757,-1.891076,1.450409,0.525599,1
0.449000,0.368155,-0.214757,-1.891076,1.450409,0.525664,1
0.450000,0.368155,-0.214757,-1.891076,1.450409,0.525728,1
0.451000,0.365087,-0.211689,-1.738297,1.780349,-0.648806,1
0.452000,0.365087,-0.211689,-1.738297,1.780349,-0.648742,1
0.453000,0.365087,-0.211689,-1.738297,1.780349,-0.648679,1
0.454000,0.358952,-0.205553,-1.738297,1.780349,-0.783607,1
0.455000,0.358952,-0.205553,-1.738297,1.780349,-0.783546,1
0.456000,0.358952,-0.205553,-1.738297,1.780349,-0.783484,1
0.457000,0.355884,-0.202485,-1.717597,1.584731,0.000000,1
0.458000,0.355884,-0.202485,-1.717597,1.584731,0.000000,1
0.459000,0.355884,-0.202485,-1.717597,1.584731,0.000000,1
0.460000,0.349748,-0.199418,-1.632793,1.444228,0.453377,1
0.461000,0.343612,-0.193282,-1.632793,1.444228,0.000000,1
0.462000,0.340544,-0.193282,-1.663368,1.444228,0.000000,1
0.463000,0.340544,-0.193282,-1.663368,1.444228,0.000000,1
0.464000,0.337476,-0.190214,-1.663368,1.327085,0.000000,1
0.465000,0.337476,-0.190214,-1.663368,1.327085,0.000000,1
0.466000,0.337476,-0.190214,-1.663368,1.327085,0.000000,1
0.467000,0.337476,-0.190214,-1.663368,1.327085,0.000000,1
0.468000,0.337476,-0.190214,-1.663368,1.327085,0.000000,1
0.469000,0.334408,-0.190214,-1.663368,1.196848,0.703322,1
0.470000,0.328272,-0.187146,-1.821713,1.001758,0.861581,1
0.471000,0.325204,-0.187146,-1.821713,1.001758,0.855501,1
0.472000,0.322136,-0.187146,-1.821713,1.001758,0.849421,1
0.473000,0.319068,-0.184078,-1.821713,1.001758,0.781981,1
0.474000,0.319068,-0.184078,-1.821713,1.001758,0.782036,1
0.475000,0.316000,-0.184078,-1.895018,1.001758,0.702651,1
0.476000,0.316000,-0.184078,-1.895018,1.001758,0.702706,1
0.477000,0.316000,-0.184078,-1.895018,1.001758,0.702762,1
0.478000,0.316000,-0.184078,-1.895018,1.001758,0.702817,1
0.479000,0.316000,-0.184078,-1.895018,1.001758,0.702872,1
0.480000,0.316000,-0.184078,-1.895018,1.001758,0.702927,1
0.481000,0.312932,-0.184078,-1.895018,1.001758,0.696847,1
0.482000,0.312932,-0.184078,-1.895018,1.001758,0.696902,1
0.483000,0.312932,-0.184078,-1.895018,1.001758,0.696957,1
0.484000,0.306796,-0.181010,-1.879555,0.876125,0.890110,1
0.485000,0.306796,-0.181010,-1.879555,0.876125,0.890165,1
0.486000,0.306796,-0.181010,-1.879555,0.876125,0.890219,1
0.487000,0.300660,-0.181010,-1.904326,0.721744,1.161993,1
0.488000,0.291456,-0.177942,-1.816485,0.584296,1.445016,1
0.489000,0.291456,-0.177942,-1.816485,0.557708,1.498245,1
0.490000,0.288388,-0.177942,-1.816485,0.533455,1.540667,1
0.491000,0.288388,-0.177942,-1.816485,0.511225,1.585182,1
0.492000,0.285320,-0.177942,-1.816485,0.490837,1.619874,1
0.493000,0.285320,-0.177942,-1.816485,0.472065,1.657473,1
0.494000,0.282252,-0.174874,-1.816485,0.466952,1.600255,1
0.495000,0.282252,-0.174874,-1.816485,0.466952,1.600308,1
0.496000,0.282252,-0.174874,-1.816485,0.466952,1.600360,1
0.497000,0.282252,-0.174874,-1.816485,0.466952,1.600413,1
0.498000,0.282252,-0.174874,-1.816485,0.466952,1.600465,1
0.499000,0.282252,-0.174874,-1.816485,0.466952,1.600517,1
0.500000,0.282252,-0.174874,-1.743528,0.466952,1.673527,1
0.501000,0.282252,-0.174874,-1.743528,0.466952,1.673580,1
0.502000,0.282252,-0.174874,-1.743528,0.466952,1.673632,1
0.503000,0.276117,-0.171806,-1.679889,0.466952,1.663691,1
0.504000,0.276117,-0.171806,-1.679889,0.466952,1.663743,1
0.505000,0.273049,-0.171806,-1.679889,0.466952,1.657659,1
0.506000,0.273049,-0.171806,-1.679889,0.466952,1.657710,1
0.507000,0.273049,-0.171806,-1.679889,0.466952,1.657762,1
0.508000,0.273049,-0.171806,-1.679889,0.466952,1.657813,1
0.509000,0.269981,-0.168738,-1.218108,0.466952,2.052150,1
0.510000,0.266913,-0.165670,-1.357952,0.466952,1.844861,1
0.511000,0.263845,-0.165670,-1.357952,0.466952,1.838775,1
0.512000,0.263845,-0.162602,-1.357952,0.664555,1.382258,1
0.513000,0.263845,-0.162602,-1.357952,0.664555,1.382306,1
0.514000,0.263845,-0.162602,-1.357952,0.664555,1.382355,1
0.515000,0.263845,-0.159534,-1.357952,0.664555,1.321044,1
0.516000,0.263845,-0.159534,-1.322019,0.664555,1.357024,1
0.517000,0.260777,-0.156466,-1.088127,0.664555,1.523468,1
0.518000,0.260777,-0.156466,-1.088127,0.664555,1.523515,1
0.519000,0.260777,-0.156466,-1.088127,0.664555,1.523562,1
0.520000,0.260777,-0.156466,-0.999477,0.664555,1.612259,1
0.521000,0.260777,-0.153398,-0.859198,0.664555,1.691224,1
0.522000,0.260777,-0.153398,-0.802961,0.664555,1.747508,1
0.523000,0.260777,-0.153398,-0.753783,0.664555,1.796732,1
0.524000,0.260777,-0.150330,-0.710111,1.079331,0.949538,1
0.525000,0.260777,-0.150330,-0.671328,1.079331,0.988366,1
0.526000,0.260777,-0.147262,-0.636498,1.079331,0.961881,1
0.527000,0.260777,-0.147262,-0.605096,1.079331,0.993327,1
0.528000,0.260777,-0.144194,-0.576648,1.079331,0.960459,1
0.529000,0.260777,-0.144194,-0.550838,1.079331,0.986313,1
0.530000,0.260777,-0.144194,-0.527367,1.079331,1.009826,1
0.531000,0.260777,-0.141126,-0.505516,1.079331,0.970361,1
0.532000,0.260777,-0.141126,-0.485508,1.079331,0.990411,1
0.533000,0.260777,-0.138058,-0.467053,1.302202,0.501806,1
0.534000,0.260777,-0.138058,-0.467053,1.302202,0.501847,1
0.535000,0.260777,-0.138058,-0.467053,1.302202,0.501889,1
0.536000,0.260777,-0.138058,-0.467053,1.302202,0.501930,1
0.537000,0.260777,-0.138058,-0.467053,1.302202,0.501971,1
0.538000,0.260777,-0.134990,-0.433994,1.302202,0.473712,1
0.539000,0.260777,-0.131922,-0.380153,1.302202,0.466233,1
0.540000,0.260777,-0.128854,-0.368762,1.302202,0.000000,1
0.541000,0.260777,-0.128854,-0.358090,1.302202,0.000000,1
0.542000,0.260777,-0.125786,-0.347859,1.327795,0.000000,1
0.543000,0.260777,-0.125786,-0.338267,1.327795,0.000000,1
0.544000,0.260777,-0.125786,-0.329188,1.327795,0.000000,1
0.545000,0.260777,-0.122718,-0.320612,1.327795,0.000000,1
0.546000,0.260777,-0.122718,-0.312445,1.327795,0.000000,1
0.547000,0.260777,-0.122718,-0.312445,1.327795,0.000000,1
0.548000,0.260777,-0.122718,-0.312445,1.327795,0.000000,1
0.549000,0.260777,-0.122718,-0.304683,1.327795,0.000000,1
0.550000,0.260777,-0.122718,-0.304683,1.327795,0.000000,1
0.551000,0.260777,-0.116583,-0.277129,1.327795,0.000000,1
0.552000,0.260777,-0.116583,-0.271017,1.201084,0.471290,1
0.553000,0.260777,-0.116583,-0.265168,1.094116,0.691112,1
0.554000,0.263845,-0.113515,-0.778880,1.084073,-0.457705,1
0.555000,0.263845,-0.113515,-0.778880,1.084073,-0.457671,1
0.556000,0.263845,-0.113515,-0.778880,1.084073,-0.457637,1
0.557000,0.263845,-0.110447,-0.778880,1.084073,-0.518963,1
0.558000,0.263845,-0.110447,-0.778880,1.084073,-0.518930,1
0.559000,0.263845,-0.110447,-0.778880,1.084073,-0.518896,1
0.560000,0.263845,-0.110447,-0.778880,1.084073,-0.518863,1
0.561000,0.263845,-0.110447,-0.778880,1.084073,-0.518830,1
0.562000,0.263845,-0.110447,-0.778880,1.084073,-0.518797,1
0.563000,0.263845,-0.110447,-0.778880,1.084073,-0.518764,1
0.564000,0.263845,-0.110447,-0.778880,1.084073,-0.518731,1
0.565000,0.263845,-0.110447,-0.778880,1.084073,-0.518698,1
0.566000,0.260777,-0.107379,-0.778880,1.084073,-0.586161,1
0.567000,0.260777,-0.107379,-0.778880,1.084073,-0.586128,1
0.568000,0.260777,-0.107379,-0.778880,1.084073,-0.586096,1
0.569000,0.260777,-0.107379,-0.778880,0.951160,0.000000,1
0.570000,0.260777,-0.107379,-0.778880,0.951160,0.000000,1
0.571000,0.260777,-0.107379,-0.778880,0.951160,0.000000,1
0.572000,0.260777,-0.104311,-0.769900,0.771945,0.585910,1
0.573000,0.260777,-0.104311,-0.769900,0.771945,0.585941,1
0.574000,0.260777,-0.104311,-0.769900,0.771945,0.585972,1
0.575000,0.260777,-0.104311,-0.648007,0.649456,0.952874,1
0.576000,0.260777,-0.104311,-0.648007,0.649456,0.952905,1
0.577000,0.260777,-0.104311,-0.648007,0.649456,0.952937,1
0.578000,0.257709,-0.104311,-0.559263,0.560341,1.213806,1
0.579000,0.257709,-0.104311,-0.559263,0.560341,1.213837,1
0.580000,0.257709,-0.104311,-0.559263,0.560341,1.213869,1
0.581000,0.257709,-0.104311,-0.492015,0.492849,1.416132,1
0.582000,0.254641,-0.104311,-0.272178,0.424683,1.766196,1
0.583000,0.254641,-0.104311,-0.272178,0.410468,1.794658,1
0.584000,0.254641,-0.104311,-0.272178,0.397103,1.821418,1
0.585000,0.254641,-0.104311,-0.272178,0.384744,1.846168,1
0.586000,0.254641,-0.104311,-0.272178,0.373043,1.869601,1
0.587000,0.257709,-0.098175,-0.272178,0.350687,1.797760,1
0.588000,0.257709,-0.098175,-0.272178,0.350687,1.797790,1
0.589000,0.257709,-0.098175,-0.272178,0.350687,1.797819,1
0.590000,0.257709,-0.098175,-0.272178,0.350687,1.797849,1
0.591000,0.257709,-0.098175,-0.272178,0.350687,1.797878,1
0.592000,0.257709,-0.098175,-0.272178,0.350687,1.797908,1
0.593000,0.257709,-0.098175,-0.272178,0.350687,1.797937,1
0.594000,0.257709,-0.098175,-0.272178,0.350687,1.797967,1
0.595000,0.257709,-0.098175,-0.272178,0.350687,1.797996,1
0.596000,0.257709,-0.098175,-0.272178,0.350687,1.798025,1
0.597000,0.257709,-0.098175,-0.272178,0.350687,1.798055,1
0.598000,0.257709,-0.098175,-0.272178,0.350687,1.798084,1
0.599000,0.260777,-0.095107,-0.272178,0.350687,1.742890,1
0.600000,0.260777,-0.095107,-0.272178,0.350687,1.742918,1
0.601000,0.260777,-0.095107,-0.272178,0.350687,1.742947,1
0.602000,0.269981,-0.082835,0.388929,0.776586,1.325250,1
0.603000,0.269981,-0.082835,0.388929,0.776586,1.325275,1
0.604000,0.269981,-0.082835,0.388929,0.776586,1.325300,1
0.605000,0.269981,-0.082835,0.388929,0.776586,1.325324,1
0.606000,0.269981,-0.082835,0.388929,0.776586,1.325349,1
0.607000,0.269981,-0.082835,0.388929,0.776586,1.325374,1
0.608000,0.269981,-0.082835,0.388929,0.776586,1.325399,1
0.609000,0.269981,-0.082835,0.388929,0.776586,1.325424,1
0.610000,0.269981,-0.082835,0.388929,0.776586,1.325449,1
0.611000,0.269981,-0.082835,0.388929,0.776586,1.325474,1
0.612000,0.269981,-0.082835,0.388929,0.776586,1.325498,1
0.613000,0.273049,-0.079767,0.388929,0.776586,1.270299,1
0.614000,0.273049,-0.079767,0.388929,0.776586,1.270323,1
0.615000,0.273049,-0.079767,0.388929,0.776586,1.270347,1
0.616000,0.276117,-0.076699,0.821180,1.393710,0.000000,1
0.617000,0.279185,-0.073631,0.821180,1.393710,0.000000,1
0.618000,0.288388,-0.061359,1.440170,1.699993,-0.462637,1
0.619000,0.291456,-0.058291,1.440170,1.699993,-0.517843,1
0.620000,0.291456,-0.058291,1.440170,1.699993,-0.517825,1
0.621000,0.291456,-0.058291,1.440170,1.699993,-0.517808,1
0.622000,0.294524,-0.055223,1.440170,1.699993,-0.573014,1
0.623000,0.294524,-0.055223,1.440170,1.699993,-0.572998,1
0.624000,0.294524,-0.055223,1.440170,1.699993,-0.572981,1
0.625000,0.294524,-0.055223,1.440170,1.699993,-0.572965,1
0.626000,0.294524,-0.055223,1.440170,1.699993,-0.572948,1
0.627000,0.294524,-0.055223,1.440170,1.699993,-0.572931,1
0.628000,0.294524,-0.055223,1.440170,1.699993,-0.572915,1
0.629000,0.294524,-0.055223,1.440170,1.699993,-0.572898,1
0.630000,0.294524,-0.055223,1.440170,1.699993,-0.572882,1
0.631000,0.300660,-0.049087,1.526879,1.555824,0.000000,1
0.632000,0.303728,-0.049087,1.526879,1.555824,0.000000,1
0.633000,0.303728,-0.049087,1.526879,1.555824,0.000000,1
0.634000,0.303728,-0.049087,1.526879,1.555824,0.000000,1
0.635000,0.306796,-0.046019,1.526879,1.555824,0.000000,1
0.636000,0.306796,-0.046019,1.526879,1.555824,0.000000,1
0.637000,0.306796,-0.046019,1.526879,1.555824,0.000000,1
0.638000,0.309864,-0.042951,1.515809,1.334235,0.619630,1
0.639000,0.309864,-0.042951,1.515809,1.334235,0.619643,1
0.640000,0.309864,-0.042951,1.515809,1.334235,0.619656,1
0.641000,0.309864,-0.042951,1.515809,1.334235,0.619669,1
0.642000,0.316000,-0.036816,1.393881,1.249052,0.557671,1
0.643000,0.316000,-0.036816,1.393881,1.249052,0.557682,1
0.644000,0.316000,-0.036816,1.393881,1.249052,0.557693,1
0.645000,0.316000,-0.036816,1.393881,1.249052,0.557704,1
0.646000,0.322136,-0.033748,1.393881,1.249052,0.508627,1
0.647000,0.322136,-0.033748,1.393881,1.249052,0.508637,1
0.648000,0.322136,-0.033748,1.393881,1.249052,0.508647,1
0.649000,0.322136,-0.033748,1.393881,1.249052,0.508657,1
0.650000,0.322136,-0.030680,1.393576,1.249052,0.000000,1
0.651000,0.322136,-0.030680,1.393576,1.249052,0.000000,1
0.652000,0.322136,-0.030680,1.393576,1.249052,0.000000,1
0.653000,0.325204,-0.027612,1.271518,1.072942,0.621967,1
0.654000,0.325204,-0.027612,1.271518,1.072942,0.621976,1
0.655000,0.325204,-0.027612,1.271518,1.072942,0.621984,1
0.656000,0.331340,-0.024544,1.271518,1.072942,0.572904,1
0.657000,0.331340,-0.024544,1.271518,1.072942,0.572911,1
0.658000,0.331340,-0.024544,1.271518,1.072942,0.572919,1
0.659000,0.334408,-0.021476,1.271518,1.072942,0.517702,1
0.660000,0.340544,-0.018408,1.268920,1.072942,0.466021,1
0.661000,0.340544,-0.015340,1.268920,1.059867,0.000000,1
0.662000,0.340544,-0.015340,1.268920,1.059867,0.000000,1
0.663000,0.352816,-0.006136,1.327495,1.059867,0.000000,1
0.664000,0.352816,-0.006136,1.327495,1.059867,0.000000,1
0.665000,0.358952,-0.003068,1.327495,1.056437,0.000000,1
0.666000,0.358952,-0.003068,1.327495,1.056437,0.000000,1
0.667000,0.358952,-0.003068,1.327495,1.056437,0.000000,1
0.668000,0.358952,-0.003068,1.327495,1.056437,0.000000,1
0.669000,0.358952,-0.003068,1.327495,1.056437,0.000000,1
0.670000,0.358952,-0.003068,1.327495,1.056437,0.000000,1
0.671000,0.358952,-0.003068,1.327495,1.056437,0.000000,1
0.672000,0.358952,-0.003068,1.327495,1.056437,0.000000,1
0.673000,0.358952,-0.003068,1.327495,1.056437,0.000000,1
0.674000,0.358952,-0.003068,1.327495,1.056437,0.000000,1
0.675000,0.358952,-0.003068,1.327495,1.056437,0.000000,1
0.676000,0.362019,0.000000,1.339274,1.056437,0.000000,1
0.677000,0.362019,0.000000,1.339274,1.056437,0.000000,1
0.678000,0.362019,0.000000,1.339274,1.056437,0.000000,1
0.679000,0.365087,0.003068,1.339274,1.056437,0.000000,1
0.680000,0.365087,0.003068,1.339274,1.056437,0.000000,1
0.681000,0.365087,0.003068,1.339274,1.056437,0.000000,1
0.682000,0.368155,0.006136,1.339274,1.056437,-0.466246,1
0.683000,0.368155,0.006136,1.339274,1.056437,-0.466248,1
0.684000,0.371223,0.006136,1.339274,1.045144,0.000000,1
0.685000,0.371223,0.006136,1.339274,1.045144,0.000000,1
0.686000,0.371223,0.006136,1.339274,1.045144,0.000000,1
0.687000,0.371223,0.006136,1.339274,0.963367,0.000000,1
0.688000,0.371223,0.006136,1.339274,0.963367,0.000000,1
0.689000,0.371223,0.006136,1.339274,0.963367,0.000000,1
0.690000,0.371223,0.006136,1.339274,0.963367,0.000000,1
0.691000,0.371223,0.006136,1.339274,0.963367,0.000000,1
0.692000,0.374291,0.009204,1.275413,0.962287,0.000000,1
0.693000,0.380427,0.015340,1.275413,0.962287,-0.501366,1
0.694000,0.383495,0.015340,1.275413,0.962287,-0.495235,1
0.695000,0.383495,0.015340,1.275413,0.962287,-0.495239,1
0.696000,0.383495,0.018408,1.205142,0.962287,-0.626875,1
0.697000,0.386563,0.018408,1.195145,0.962287,-0.630742,1
0.698000,0.386563,0.018408,1.195145,0.945771,-0.597714,1
0.699000,0.386563,0.018408,1.195145,0.878092,-0.462363,1
0.700000,0.389631,0.021476,1.195145,0.837959,0.000000,1
0.701000,0.389631,0.021476,1.195145,0.837959,0.000000,1
0.702000,0.389631,0.021476,1.195145,0.837959,0.000000,1
0.703000,0.389631,0.021476,1.195145,0.837959,0.000000,1
0.704000,0.392699,0.021476,1.195145,0.837959,0.000000,1
0.705000,0.392699,0.024544,1.195145,0.837959,-0.492582,1
0.706000,0.395767,0.024544,1.195145,0.837959,-0.486454,1
0.707000,0.395767,0.024544,1.164277,0.837959,-0.517329,1
0.708000,0.395767,0.024544,1.063709,0.837959,-0.617904,1
0.709000,0.398835,0.024544,1.087794,0.837959,-0.587690,1
0.710000,0.398835,0.027612,1.087794,0.837959,-0.649058,1
0.711000,0.398835,0.027612,1.087794,0.837959,-0.649066,1
0.712000,0.398835,0.027612,1.087794,0.837959,-0.649074,1
0.713000,0.401903,0.027612,1.087794,0.837959,-0.642947,1
0.714000,0.401903,0.027612,1.087794,0.837959,-0.642955,1
0.715000,0.401903,0.030680,1.087794,0.801162,-0.630731,1
0.716000,0.401903,0.030680,1.087794,0.752072,-0.532559,1
0.717000,0.404971,0.030680,1.087794,0.708529,0.000000,1
0.718000,0.404971,0.030680,1.087794,0.708529,0.000000,1
0.719000,0.404971,0.030680,1.087794,0.669946,0.000000,1
0.720000,0.408039,0.030680,1.071544,0.603911,0.000000,1
0.721000,0.408039,0.030680,0.985694,0.575654,0.000000,1
0.722000,0.408039,0.030680,0.985694,0.575654,0.000000,1
0.723000,0.408039,0.030680,0.985694,0.575654,0.000000,1
0.724000,0.408039,0.030680,0.985694,0.575654,0.000000,1
0.725000,0.408039,0.030680,0.985694,0.575654,0.000000,1
0.726000,0.408039,0.030680,0.911980,0.549706,0.000000,1
0.727000,0.408039,0.030680,0.911980,0.549706,0.000000,1
0.728000,0.408039,0.030680,0.911980,0.549706,0.000000,1
0.729000,0.408039,0.030680,0.911980,0.549706,0.000000,1
0.730000,0.408039,0.030680,0.911980,0.549706,0.000000,1
0.731000,0.408039,0.030680,0.911980,0.549706,0.000000,1
0.732000,0.411107,0.033748,0.910009,0.548937,0.000000,1
0.733000,0.411107,0.033748,0.910009,0.548937,0.000000,1
0.734000,0.411107,0.033748,0.910009,0.548937,0.000000,1
0.735000,0.414175,0.036816,0.910009,0.548937,0.000000,1
0.736000,0.414175,0.036816,0.910009,0.548937,0.000000,1
0.737000,0.414175,0.036816,0.910009,0.548937,0.000000,1
0.738000,0.414175,0.036816,0.910009,0.548937,0.000000,1
0.739000,0.414175,0.036816,0.910009,0.548937,0.000000,1
0.740000,0.414175,0.036816,0.910009,0.548937,0.000000,1
0.741000,0.417243,0.036816,0.910009,0.548937,0.000000,1
0.742000,0.417243,0.036816,0.910009,0.548937,0.000000,1
0.743000,0.417243,0.036816,0.910009,0.548937,0.000000,1
0.744000,0.420311,0.039884,0.724228,0.548937,-0.637398,1
0.745000,0.420311,0.039884,0.724228,0.548937,-0.637410,1
0.746000,0.420311,0.039884,0.724228,0.548937,-0.637422,1
0.747000,0.420311,0.039884,0.724228,0.548937,-0.637434,1
0.748000,0.420311,0.039884,0.724228,0.548937,-0.637446,1
0.749000,0.420311,0.039884,0.724228,0.548937,-0.637458,1
0.750000,0.423379,0.039884,0.701687,0.548937,-0.653875,1
0.751000,0.423379,0.039884,0.701687,0.548937,-0.653887,1
0.752000,0.423379,0.039884,0.701687,0.548937,-0.653899,1
0.753000,0.426447,0.042951,0.701687,0.438786,-0.488834,1
0.754000,0.426447,0.042951,0.701687,0.438786,-0.488846,1
0.755000,0.426447,0.042951,0.701687,0.438786,-0.488859,1
0.756000,0.426447,0.042951,0.701687,0.438786,-0.488872,1
0.757000,0.426447,0.042951,0.701687,0.438786,-0.488885,1
0.758000,0.426447,0.042951,0.701687,0.438786,-0.488898,1
0.759000,0.429515,0.046019,0.701687,0.406022,-0.478606,1
0.760000,0.429515,0.046019,0.701687,0.406022,-0.478620,1
0.761000,0.429515,0.046019,0.701687,0.406022,-0.478634,1
0.762000,0.432583,0.046019,0.701687,0.406022,-0.472511,1
0.763000,0.432583,0.046019,0.701687,0.406022,-0.472525,1
0.764000,0.432583,0.046019,0.701687,0.406022,-0.472539,1
0.765000,0.432583,0.046019,0.622046,0.406022,-0.552193,1
0.766000,0.432583,0.046019,0.622046,0.406022,-0.552207,1
0.767000,0.432583,0.046019,0.622046,0.406022,-0.552221,1
0.768000,0.435651,0.049087,0.655418,0.406022,-0.574088,1
0.769000,0.435651,0.049087,0.655418,0.406022,-0.574102,1
0.770000,0.435651,0.049087,0.655418,0.406022,-0.574117,1
0.771000,0.435651,0.049087,0.655418,0.406022,-0.574132,1
0.772000,0.435651,0.049087,0.655418,0.406022,-0.574147,1
0.773000,0.435651,0.049087,0.655418,0.406022,-0.574161,1
0.774000,0.435651,0.049087,0.655418,0.406022,-0.574176,1
0.775000,0.438719,0.049087,0.655418,0.406022,-0.568055,1
0.776000,0.438719,0.049087,0.655418,0.406022,-0.568069,1
0.777000,0.438719,0.049087,0.655418,0.406022,-0.568084,1
0.778000,0.438719,0.049087,0.655418,0.406022,-0.568099,1
0.779000,0.438719,0.049087,0.655418,0.406022,-0.568114,1
0.780000,0.438719,0.049087,0.655418,0.406022,-0.568128,1
0.781000,0.438719,0.049087,0.612641,0.386376,-0.571629,1
0.782000,0.438719,0.049087,0.612641,0.386376,-0.571644,1
0.783000,0.438719,0.049087,0.612641,0.386376,-0.571658,1
0.784000,0.438719,0.049087,0.612641,0.386376,-0.571673,1
0.785000,0.438719,0.049087,0.583757,0.374684,-0.577188,1
0.786000,0.438719,0.049087,0.437885,0.308682,-0.591071,1
0.787000,0.438719,0.049087,0.437885,0.308682,-0.591085,1
0.788000,0.438719,0.049087,0.395535,0.287018,-0.590123,1
0.789000,0.438719,0.049087,0.395535,0.287018,-0.590138,1
0.790000,0.438719,0.049087,0.395535,0.287018,-0.590152,1
0.791000,0.438719,0.049087,0.395535,0.287018,-0.590167,1
0.792000,0.438719,0.049087,0.395535,0.287018,-0.590182,1
0.793000,0.438719,0.049087,0.395535,0.287018,-0.590196,1
0.794000,0.438719,0.049087,0.395535,0.287018,-0.590211,1
0.795000,0.438719,0.049087,0.395535,0.287018,-0.590226,1
0.796000,0.438719,0.046019,0.383259,-0.280499,1.193878,1
0.797000,0.438719,0.046019,0.371549,-0.274175,1.169506,1
0.798000,0.438719,0.046019,0.299119,-0.232611,1.013934,1
0.799000,0.438719,0.046019,0.299119,-0.232611,1.013920,1
0.800000,0.438719,0.046019,0.278727,-0.220089,0.968472,1
0.801000,0.438719,0.046019,0.260973,-0.208869,0.928264,1
0.802000,0.438719,0.046019,0.260973,-0.208869,0.928251,1
0.803000,0.438719,0.046019,0.260973,-0.208869,0.928237,1
0.804000,0.438719,0.046019,0.260973,-0.208869,0.928223,1
0.805000,0.438719,0.046019,0.260973,-0.208869,0.928209,1
0.806000,0.438719,0.046019,0.260973,-0.208869,0.928195,1
0.807000,0.438719,0.046019,0.260973,-0.208869,0.928182,1
0.808000,0.438719,0.046019,0.260973,-0.208869,0.928168,1
0.809000,0.438719,0.046019,0.260973,-0.208869,0.928154,1
0.810000,0.438719,0.046019,0.260973,-0.208869,0.928140,1
0.811000,0.438719,0.046019,0.260973,-0.208869,0.928126,1
0.812000,0.438719,0.046019,0.255535,-0.205371,0.915678,1
0.813000,0.441786,0.049087,0.250309,0.201982,-0.559492,1
0.814000,0.441786,0.049087,0.245297,0.198706,-0.557967,1
0.815000,0.441786,0.049087,0.240517,0.195558,-0.556465,1
0.816000,0.444854,0.055223,0.204426,0.171010,-0.660059,1
0.817000,0.444854,0.055223,0.204426,0.171010,-0.660076,1
0.818000,0.444854,0.055223,0.194723,0.164167,-0.656109,1
0.819000,0.444854,0.055223,0.194723,0.164167,-0.656125,1
0.820000,0.444854,0.055223,0.194723,0.164167,-0.656142,1
0.821000,0.444854,0.055223,0.194723,0.164167,-0.656159,1
0.822000,0.444854,0.055223,0.194723,0.164167,-0.656175,1
0.823000,0.444854,0.055223,0.194723,0.164167,-0.656192,1
0.824000,0.444854,0.055223,0.194723,0.164167,-0.656208,1
0.825000,0.444854,0.055223,0.194723,0.164167,-0.656225,1
0.826000,0.444854,0.055223,0.194723,0.164167,-0.656241,1
0.827000,0.444854,0.055223,0.194723,0.164167,-0.656258,1
0.828000,0.444854,0.055223,0.191658,0.161983,-0.654972,1
0.829000,0.444854,0.055223,0.188728,0.159885,-0.653722,1
0.830000,0.447922,0.055223,0.203745,0.157814,-0.628445,1
0.831000,0.447922,0.058291,0.203745,0.154990,-0.684174,1
0.832000,0.447922,0.058291,0.203745,0.154990,-0.684191,1
0.833000,0.447922,0.058291,0.203745,0.154990,-0.684209,1
0.834000,0.447922,0.058291,0.203745,0.154990,-0.684226,1
0.835000,0.447922,0.058291,0.203745,0.154990,-0.684244,1
0.836000,0.447922,0.058291,0.203745,0.154990,-0.684261,1
0.837000,0.447922,0.058291,0.203745,0.154990,-0.684279,1
0.838000,0.447922,0.058291,0.203745,0.154990,-0.684296,1
0.839000,0.447922,0.058291,0.203745,0.154990,-0.684314,1
0.840000,0.447922,0.058291,0.203745,0.154990,-0.684331,1
0.841000,0.447922,0.058291,0.203745,0.154990,-0.684349,1
0.842000,0.447922,0.058291,0.203745,0.154990,-0.684366,1
0.843000,0.447922,0.058291,0.203745,0.154990,-0.684384,1
0.844000,0.447922,0.058291,0.203745,0.154990,-0.684401,1
0.845000,0.447922,0.058291,0.203745,0.154990,-0.684419,1
0.846000,0.447922,0.058291,0.203745,0.154990,-0.684436,1
0.847000,0.447922,0.058291,0.203745,0.154990,-0.684454,1
0.848000,0.444854,0.058291,0.203745,0.154990,-0.690607,1
0.849000,0.444854,0.058291,0.203745,0.154990,-0.690625,1
0.850000,0.444854,0.058291,0.203745,0.154990,-0.690642,1
0.851000,0.444854,0.058291,0.203745,0.154990,-0.690660,1
0.852000,0.441786,0.058291,0.203745,0.154990,-0.696813,1
0.853000,0.438719,0.055223,-0.325870,0.154990,-1.171222,1
0.854000,0.438719,0.055223,-0.325870,0.154990,-1.171238,1
0.855000,0.435651,0.055223,-0.325870,0.154990,-1.177391,1
0.856000,0.432583,0.052155,-0.325870,0.154990,-1.122183,1
0.857000,0.432583,0.052155,-0.325870,0.154990,-1.122199,1
0.858000,0.432583,0.052155,-0.325870,0.154990,-1.122214,1
0.859000,0.432583,0.052155,-0.325870,0.154990,-1.122230,1
0.860000,0.432583,0.052155,-0.325870,0.154990,-1.122246,1
0.861000,0.432583,0.052155,-0.325870,0.154990,-1.122261,1
0.862000,0.432583,0.052155,-0.325870,0.154990,-1.122277,1
0.863000,0.432583,0.052155,-0.325870,0.154990,-1.122293,1
0.864000,0.432583,0.052155,-0.325870,0.154990,-1.122308,1
0.865000,0.432583,0.052155,-0.325870,0.154990,-1.122324,1
0.866000,0.432583,0.052155,-0.325870,0.154990,-1.122340,1
0.867000,0.432583,0.052155,-0.325870,0.154990,-1.122355,1
0.868000,0.432583,0.052155,-0.325870,0.154990,-1.122371,1
0.869000,0.432583,0.052155,-0.325870,0.154990,-1.122386,1
0.870000,0.432583,0.052155,-0.325870,0.154990,-1.122402,1
0.871000,0.432583,0.052155,-0.325870,0.154990,-1.122418,1
0.872000,0.432583,0.052155,-0.325870,0.154990,-1.122433,1
0.873000,0.432583,0.052155,-0.325870,0.154990,-1.122449,1
0.874000,0.432583,0.052155,-0.325870,0.154990,-1.122465,1
0.875000,0.432583,0.052155,-0.325870,0.154990,-1.122480,1
0.876000,0.432583,0.052155,-0.325870,0.154990,-1.122496,1
0.877000,0.432583,0.052155,-0.325870,0.154990,-1.122512,1
0.878000,0.432583,0.049087,-0.325870,-0.265368,0.000000,1
0.879000,0.429515,0.049087,-0.325870,-0.265368,0.000000,1
0.880000,0.429515,0.049087,-0.325870,-0.265368,0.000000,1
0.881000,0.429515,0.049087,-0.325870,-0.265368,0.000000,1
0.882000,0.426447,0.046019,-0.494995,-0.265368,0.000000,1
0.883000,0.426447,0.046019,-0.494995,-0.265368,0.000000,1
0.884000,0.426447,0.046019,-0.494995,-0.265368,0.000000,1
0.885000,0.423379,0.046019,-0.494995,-0.265368,0.000000,1
0.886000,0.423379,0.046019,-0.494995,-0.265368,0.000000,1
0.887000,0.423379,0.042951,-0.494995,-0.265368,0.000000,1
0.888000,0.423379,0.042951,-0.494995,-0.265368,0.000000,1
0.889000,0.423379,0.042951,-0.494995,-0.265368,0.000000,1
0.890000,0.423379,0.042951,-0.494995,-0.265368,0.000000,1
0.891000,0.420311,0.042951,-0.494995,-0.265368,0.000000,1
0.892000,0.417243,0.039884,-0.494995,-0.265368,0.000000,1
0.893000,0.417243,0.039884,-0.494995,-0.265368,0.000000,1
0.894000,0.417243,0.039884,-0.494995,-0.265368,0.000000,1
0.895000,0.414175,0.039884,-0.494995,-0.265368,0.000000,1
0.896000,0.414175,0.039884,-0.494995,-0.265368,0.000000,1
0.897000,0.414175,0.039884,-0.494995,-0.265368,0.000000,1
0.898000,0.414175,0.039884,-0.494995,-0.265368,0.000000,1
0.899000,0.414175,0.039884,-0.905864,-0.265368,-0.653456,1
0.900000,0.411107,0.036816,-0.905864,-0.627778,0.726578,1
0.901000,0.411107,0.036816,-0.905864,-0.627778,0.726567,1
0.902000,0.411107,0.036816,-0.905864,-0.627778,0.726556,1
0.903000,0.408039,0.036816,-0.905864,-0.627778,0.720409,1
0.904000,0.408039,0.036816,-0.905864,-0.627778,0.720398,1
0.905000,0.408039,0.036816,-0.905864,-0.627778,0.720387,1
0.906000,0.408039,0.036816,-0.905864,-0.627778,0.720376,1
0.907000,0.408039,0.036816,-0.905864,-0.627778,0.720365,1
0.908000,0.408039,0.036816,-0.905864,-0.627778,0.720354,1
0.909000,0.408039,0.036816,-0.905864,-0.627778,0.720343,1
0.910000,0.408039,0.033748,-0.905864,-0.627778,0.781692,1
0.911000,0.408039,0.033748,-0.905864,-0.627778,0.781682,1
0.912000,0.408039,0.033748,-0.905864,-0.627778,0.781672,1
0.913000,0.408039,0.033748,-0.905864,-0.627778,0.781662,1
0.914000,0.408039,0.033748,-0.905864,-0.627778,0.781651,1
0.915000,0.408039,0.033748,-0.905864,-0.627778,0.781641,1
0.916000,0.404971,0.033748,-0.819512,-0.627778,0.861847,1
0.917000,0.404971,0.033748,-0.819512,-0.627778,0.861837,1
0.918000,0.404971,0.033748,-0.819512,-0.627778,0.861827,1
0.919000,0.401903,0.033748,-0.864670,-0.627778,0.810522,1
0.920000,0.401903,0.033748,-0.864670,-0.627778,0.810512,1
0.921000,0.401903,0.033748,-0.864670,-0.627778,0.810502,1
0.922000,0.401903,0.033748,-0.864670,-0.563313,0.681562,1
0.923000,0.401903,0.033748,-0.864670,-0.563313,0.681552,1
0.924000,0.401903,0.033748,-0.864670,-0.563313,0.681542,1
0.925000,0.398835,0.033748,-0.864670,-0.495161,0.539092,1
0.926000,0.398835,0.033748,-0.864670,-0.495161,0.539081,1
0.927000,0.398835,0.033748,-0.864670,-0.441648,0.000000,1
0.928000,0.398835,0.033748,-0.864670,-0.441648,0.000000,1
0.929000,0.398835,0.033748,-0.864670,-0.441648,0.000000,1
0.930000,0.398835,0.033748,-0.864670,-0.441648,0.000000,1
0.931000,0.398835,0.036816,-0.745067,0.398679,-1.790408,1
0.932000,0.398835,0.036816,-0.745067,0.398679,-1.790419,1
0.933000,0.398835,0.036816,-0.745067,0.398679,-1.790430,1
0.934000,0.398835,0.036816,-0.630127,0.363226,-1.604594,1
0.935000,0.398835,0.036816,-0.630127,0.363226,-1.604605,1
0.936000,0.398835,0.036816,-0.630127,0.363226,-1.604616,1
0.937000,0.398835,0.039884,-0.546010,0.333601,-1.522620,1
0.938000,0.398835,0.039884,-0.546010,0.333601,-1.522632,1
0.939000,0.398835,0.039884,-0.546010,0.333601,-1.522644,1
0.940000,0.398835,0.039884,-0.481742,0.308459,-1.408104,1
0.941000,0.398835,0.039884,-0.481742,0.308459,-1.408116,1
0.942000,0.398835,0.039884,-0.481742,0.308459,-1.408128,1
0.943000,0.395767,0.039884,-0.430950,0.286814,-1.320194,1
0.944000,0.395767,0.039884,-0.430950,0.286814,-1.320206,1
0.945000,0.395767,0.039884,-0.430950,0.286814,-1.320218,1
0.946000,0.395767,0.039884,-0.430950,0.286814,-1.320230,1
0.947000,0.395767,0.039884,-0.430950,0.286814,-1.320242,1
0.948000,0.395767,0.039884,-0.430950,0.286814,-1.320254,1
0.949000,0.395767,0.039884,-0.389965,0.268064,-1.241781,1
0.950000,0.395767,0.039884,-0.389965,0.268064,-1.241793,1
0.951000,0.395767,0.039884,-0.389965,0.268064,-1.241805,1
0.952000,0.389631,0.039884,-0.337013,0.228156,-1.121322,1
0.953000,0.389631,0.039884,-0.337013,0.228156,-1.121334,1
0.954000,0.389631,0.039884,-0.337013,0.228156,-1.121346,1
0.955000,0.389631,0.039884,-0.337013,0.228156,-1.121358,1
0.956000,0.386563,0.036816,-0.337013,0.226684,-1.063201,1
0.957000,0.386563,0.036816,-0.337013,0.226684,-1.063212,1
0.958000,0.386563,0.036816,-0.337013,0.226684,-1.063223,1
0.959000,0.383495,0.036816,-0.337013,0.226684,-1.069370,1
0.960000,0.383495,0.036816,-0.337013,0.226684,-1.069381,1
0.961000,0.383495,0.036816,-0.337013,0.226684,-1.069392,1
0.962000,0.380427,0.033748,-0.337013,0.226684,-1.014179,1
0.963000,0.380427,0.033748,-0.337013,0.226684,-1.014189,1
0.964000,0.380427,0.033748,-0.337013,0.226684,-1.014199,1
0.965000,0.374291,0.030680,-0.790003,0.226684,-1.418111,1
0.966000,0.374291,0.030680,-0.790003,0.226684,-1.418120,1
0.967000,0.374291,0.030680,-0.790003,0.226684,-1.418130,1
0.968000,0.371223,0.027612,-0.790003,0.226684,-1.362915,1
0.969000,0.371223,0.027612,-0.790003,0.226684,-1.362923,1
0.970000,0.371223,0.027612,-0.790003,0.226684,-1.362931,1
0.971000,0.368155,0.024544,-0.790003,-0.771771,1.289196,1
0.972000,0.368155,0.024544,-0.790003,-0.771771,1.289188,1
0.973000,0.368155,0.024544,-0.790003,-0.771771,1.289181,1
0.974000,0.362019,0.021476,-1.280737,-0.771771,0.847528,1
0.975000,0.355884,0.018408,-1.280737,-0.771771,0.896610,1
0.976000,0.355884,0.018408,-1.280737,-0.771771,0.896604,1
0.977000,0.355884,0.015340,-1.280737,-0.771771,0.957959,1
0.978000,0.349748,0.012272,-1.616332,-1.353351,1.834607,1
0.979000,0.349748,0.012272,-1.616332,-1.353351,1.834603,1
0.980000,0.349748,0.012272,-1.616332,-1.353351,1.834600,1
0.981000,0.349748,0.012272,-1.616332,-1.353351,1.834596,1
0.982000,0.343612,0.006136,-1.616332,-1.353351,1.945041,1
0.983000,0.337476,0.000000,-1.788613,-1.315655,1.807816,1
0.984000,0.337476,0.000000,-1.788613,-1.315655,1.807816,1
0.985000,0.337476,0.000000,-1.788613,-1.315655,1.807816,1
0.986000,0.337476,0.000000,-1.788613,-1.315655,1.807816,1
0.987000,0.337476,0.000000,-1.788613,-1.315655,1.807816,1
0.988000,0.337476,0.000000,-1.788613,-1.315655,1.807816,1
0.989000,0.337476,0.000000,-1.788613,-1.315655,1.807816,1
0.990000,0.337476,0.000000,-1.788613,-1.315655,1.807816,1
0.991000,0.337476,0.000000,-1.788613,-1.315655,1.807816,1
0.992000,0.337476,0.000000,-1.788613,-1.315655,1.807816,1
0.993000,0.337476,0.000000,-1.788613,-1.315655,1.807816,1
0.994000,0.334408,0.000000,-1.788613,-1.315655,1.801680,1
0.995000,0.334408,0.000000,-1.788613,-1.315655,1.801680,1
0.996000,0.334408,0.000000,-1.788613,-1.315655,1.801680,1
0.997000,0.328272,-0.003068,-1.510368,-1.315655,2.129013,1
0.998000,0.328272,-0.003068,-1.510368,-1.081041,1.659786,1
0.999000,0.328272,-0.003068,-1.510368,-1.081041,1.659787,1
1.000000,0.328272,-0.003068,-1.510368,-1.081041,1.659788,1
1.001000,0.328272,-0.003068,-1.510368,-1.081041,1.659789,1
1.002000,0.328272,-0.003068,-1.510368,-1.081041,1.659790,1
1.003000,0.328272,-0.003068,-1.510368,-1.081041,1.659791,1
1.004000,0.328272,-0.003068,-1.510368,-1.081041,1.659791,1
1.005000,0.328272,-0.003068,-1.510368,-1.081041,1.659792,1
1.006000,0.325204,-0.003068,-1.510368,-0.855233,1.202041,1
1.007000,0.325204,-0.003068,-1.510368,-0.855233,1.202042,1
1.008000,0.325204,-0.003068,-1.510368,-0.855233,1.202043,1
1.009000,0.325204,0.000000,-0.907942,0.602896,-1.773148,1
1.010000,0.325204,0.003068,-0.700716,0.503935,-1.429360,1
1.011000,0.325204,0.006136,-0.662709,0.483974,-1.412792,1
1.012000,0.328272,0.006136,0.628970,0.465729,0.521510,1
1.013000,0.328272,0.009204,0.598241,0.464746,0.000000,1
1.014000,0.328272,0.009204,0.570528,0.464746,0.000000,1
1.015000,0.328272,0.012272,0.481003,0.464746,0.000000,1
1.016000,0.328272,0.012272,0.481003,0.464746,0.000000,1
1.017000,0.328272,0.012272,0.481003,0.464746,0.000000,1
1.018000,0.328272,0.012272,0.481003,0.464746,0.000000,1
1.019000,0.328272,0.012272,0.462849,0.464746,0.000000,1
1.020000,0.328272,0.012272,0.462849,0.464746,0.000000,1
1.021000,0.331340,0.018408,0.415845,0.464746,-0.528982,1
1.022000,0.331340,0.021476,0.377419,1.017277,-1.733835,1
1.023000,0.331340,0.021476,0.345552,1.017277,-1.765709,1
1.024000,0.331340,0.021476,0.345552,1.017277,-1.765716,1
1.025000,0.331340,0.021476,0.345552,1.017277,-1.765722,1
1.026000,0.331340,0.021476,0.345552,1.017277,-1.765729,1
1.027000,0.331340,0.021476,0.345552,1.017277,-1.765735,1
1.028000,0.331340,0.021476,0.345552,1.017277,-1.765741,1
1.029000,0.331340,0.021476,0.345552,1.017277,-1.765748,1
1.030000,0.331340,0.021476,0.345552,1.017277,-1.765754,1
1.031000,0.331340,0.021476,0.345552,1.017277,-1.765761,1
1.032000,0.331340,0.021476,0.345552,1.017277,-1.765767,1
1.033000,0.331340,0.021476,0.345552,1.017277,-1.765774,1
1.034000,0.331340,0.021476,0.345552,1.017277,-1.765780,1
1.035000,0.331340,0.021476,0.345552,1.017277,-1.765787,1
1.036000,0.331340,0.021476,0.345552,1.017277,-1.765793,1
1.037000,0.334408,0.024544,0.318641,1.017277,-1.847934,1
1.038000,0.334408,0.024544,0.318641,1.017277,-1.847942,1
1.039000,0.334408,0.024544,0.318641,1.017277,-1.847949,1
1.040000,0.334408,0.024544,0.318641,1.017277,-1.847956,1
1.041000,0.334408,0.024544,0.318641,1.017277,-1.847964,1
1.042000,0.334408,0.024544,0.318641,1.017277,-1.847971,1
1.043000,0.334408,0.030680,0.275667,0.952384,-1.883887,1
1.044000,0.334408,0.030680,0.275667,0.952384,-1.883896,1
1.045000,0.334408,0.030680,0.275667,0.952384,-1.883905,1
1.046000,0.331340,0.033748,-0.242946,0.818789,-2.202836,1
1.047000,0.331340,0.033748,-0.242946,0.818789,-2.202846,1
1.048000,0.331340,0.033748,-0.242946,0.818789,-2.202856,1
1.049000,0.331340,0.033748,-0.229305,0.818789,-2.189225,1
1.050000,0.331340,0.033748,-0.229305,0.818789,-2.189235,1
1.051000,0.331340,0.033748,-0.229305,0.818789,-2.189245,1
1.052000,0.328272,0.033748,-0.359238,0.818789,-2.325324,1
1.053000,0.328272,0.033748,-0.359238,0.818789,-2.325334,1
1.054000,0.328272,0.033748,-0.359238,0.818789,-2.325345,1
1.055000,0.325204,0.030680,-0.359238,0.818789,-2.270131,1
1.056000,0.325204,0.030680,-0.359238,0.818789,-2.270140,1
1.057000,0.325204,0.030680,-0.359238,0.818789,-2.270149,1
1.058000,0.325204,0.030680,-0.359238,0.818789,-2.270158,1
1.059000,0.325204,0.030680,-0.359238,0.818789,-2.270167,1
1.060000,0.325204,0.030680,-0.359238,0.818789,-2.270177,1
1.061000,0.325204,0.030680,-0.359238,0.818789,-2.270186,1
1.062000,0.325204,0.030680,-0.359238,0.818789,-2.270195,1
1.063000,0.325204,0.030680,-0.359238,0.818789,-2.270204,1
1.064000,0.325204,0.030680,-0.359238,0.818789,-2.270213,1
1.065000,0.322136,0.030680,-0.359238,-0.772197,1.505614,1
1.066000,0.322136,0.030680,-0.359238,-0.772197,1.505605,1
1.067000,0.322136,0.030680,-0.359238,-0.772197,1.505595,1
1.068000,0.303728,0.015340,-1.560719,-0.635415,0.000000,1
1.069000,0.303728,0.015340,-1.560719,-0.635415,0.000000,1
1.070000,0.303728,0.015340,-1.560719,-0.635415,0.000000,1
1.071000,0.294524,0.012272,-1.560719,-1.503304,2.079244,1
1.072000,0.285320,0.000000,-2.163483,-2.590637,3.878175,1
1.073000,0.285320,-0.003068,-2.163483,-2.590637,3.939535,1
1.074000,0.285320,-0.003068,-2.163483,-2.590637,3.939536,1
1.075000,0.285320,-0.003068,-2.163483,-2.590637,3.939537,1
1.076000,0.279185,-0.009204,-2.341217,-2.590637,3.872252,1
1.077000,0.279185,-0.009204,-2.341217,-2.590637,3.872255,1
1.078000,0.276117,-0.009204,-2.341217,-2.161837,3.008522,1
1.079000,0.276117,-0.009204,-2.341217,-2.161837,3.008524,1
1.080000,0.273049,-0.012272,-1.726757,-1.712148,2.778834,1
1.081000,0.273049,-0.012272,-1.726757,-1.712148,2.778838,1
1.082000,0.273049,-0.012272,-1.726757,-1.712148,2.778842,1
1.083000,0.273049,-0.012272,-1.726757,-1.712148,2.778845,1
1.084000,0.273049,-0.012272,-1.726757,-1.712148,2.778849,1
1.085000,0.273049,-0.012272,-1.726757,-1.712148,2.778853,1
1.086000,0.273049,-0.012272,-1.726757,-1.712148,2.778856,1
1.087000,0.273049,-0.012272,-1.726757,-1.712148,2.778860,1
1.088000,0.273049,-0.012272,-1.726757,-1.712148,2.778864,1
1.089000,0.273049,-0.012272,-1.726757,-1.712148,2.778867,1
1.090000,0.273049,-0.012272,-1.726757,-1.712148,2.778871,1
1.091000,0.273049,-0.012272,-1.726757,-1.712148,2.778875,1
1.092000,0.273049,-0.012272,-1.726757,-1.712148,2.778878,1
1.093000,0.273049,-0.012272,-1.726757,-1.712148,2.778882,1
1.094000,0.273049,-0.012272,-1.726757,-1.712148,2.778886,1
1.095000,0.269981,-0.012272,-0.869632,-1.166779,2.539141,1
1.096000,0.269981,-0.012272,-0.869632,-1.166779,2.539145,1
1.097000,0.269981,-0.012272,-0.869632,-1.166779,2.539149,1
1.098000,0.269981,-0.012272,-0.869632,-1.166779,2.539152,1
1.099000,0.269981,-0.012272,-0.869632,-1.166779,2.539156,1
1.100000,0.269981,-0.012272,-0.869632,-1.166779,2.539160,1
1.101000,0.276117,-0.003068,1.722475,0.809148,1.007608,1
1.102000,0.276117,-0.003068,1.722475,0.809148,1.007609,1
1.103000,0.276117,-0.003068,1.722475,0.809148,1.007609,1
1.104000,0.282252,0.009204,1.722475,1.987634,-2.182532,1
1.105000,0.291456,0.021476,0.603165,2.605080,-4.763770,1
1.106000,0.291456,0.027612,0.603165,2.605080,-4.886497,1
1.107000,0.291456,0.027612,0.603165,2.605080,-4.886505,1
1.108000,0.291456,0.027612,0.603165,2.605080,-4.886513,1
1.109000,0.291456,0.027612,0.603165,2.605080,-4.886522,1
1.110000,0.291456,0.027612,0.603165,2.605080,-4.886530,1
1.111000,0.294524,0.030680,0.603165,2.605080,-4.941763,1
1.112000,0.294524,0.030680,0.603165,2.605080,-4.941772,1
1.113000,0.294524,0.030680,0.603165,2.605080,-4.941781,1
1.114000,0.294524,0.030680,0.603165,2.605080,-4.941790,1
1.115000,0.294524,0.030680,0.603165,2.605080,-4.941799,1
1.116000,0.294524,0.030680,0.603165,2.605080,-4.941809,1
1.117000,0.297592,0.042951,0.603165,3.232884,-6.000000,1
1.118000,0.297592,0.042951,0.603165,3.232884,-6.000000,1
1.119000,0.297592,0.042951,0.603165,3.232884,-6.000000,1
1.120000,0.300660,0.046019,1.717647,2.124740,-3.161222,1
1.121000,0.297592,0.046019,-1.231476,-1.528171,1.789326,1
1.122000,0.294524,0.046019,-1.119803,-1.359883,1.558274,1
1.123000,0.294524,0.042951,-1.026287,-1.223274,1.439917,1
1.124000,0.294524,0.042951,-0.947008,-1.113213,1.299063,1
1.125000,0.291456,0.039884,-1.006086,-1.020186,1.109142,1
1.126000,0.291456,0.039884,-1.006086,-0.941670,0.952099,1
1.127000,0.291456,0.039884,-1.006086,-0.874565,0.817876,1
1.128000,0.288388,0.039884,-1.006086,-0.816717,0.696031,1
1.129000,0.288388,0.039884,-1.006086,-0.765774,0.594134,1
1.130000,0.288388,0.039884,-1.006086,-0.720663,0.503900,1
1.131000,0.288388,0.039884,-1.006086,-0.680887,0.000000,1
1.132000,0.288388,0.039884,-1.006086,-0.680887,0.000000,1
1.133000,0.288388,0.039884,-1.006086,-0.680887,0.000000,1
1.134000,0.288388,0.039884,-1.006086,-0.680887,0.000000,1
1.135000,0.288388,0.039884,-1.006086,-0.680887,0.000000,1
1.136000,0.288388,0.039884,-1.006086,-0.680887,0.000000,1
1.137000,0.285320,0.039884,-1.006086,-0.644953,0.000000,1
1.138000,0.285320,0.039884,-1.006086,-0.644953,0.000000,1
1.139000,0.285320,0.039884,-1.006086,-0.644953,0.000000,1
1.140000,0.282252,0.039884,-1.006086,-0.510696,-0.528426,1
1.141000,0.279185,0.039884,-0.951154,-0.437811,-0.625411,1
1.142000,0.279185,0.039884,-0.951154,-0.422770,-0.655505,1
1.143000,0.279185,0.039884,-0.951154,-0.422770,-0.655517,1
1.144000,0.276117,0.039884,-0.951154,-0.395520,-0.716164,1
1.145000,0.276117,0.039884,-0.951154,-0.383208,-0.740801,1
1.146000,0.273049,0.039884,-0.951154,-0.340653,-0.832060,1
1.147000,0.269981,0.039884,-0.903975,-0.314461,-0.843411,1
1.148000,0.269981,0.039884,-0.903975,-0.314461,-0.843423,1
1.149000,0.269981,0.036816,-0.841884,-0.307907,-0.733091,1
1.150000,0.266913,0.036816,-0.814958,-0.307907,-0.712312,1
1.151000,0.266913,0.036816,-0.814958,-0.307907,-0.712323,1
1.152000,0.266913,0.036816,-0.814958,-0.307907,-0.712334,1
1.153000,0.266913,0.036816,-0.814958,-0.307907,-0.712345,1
1.154000,0.266913,0.036816,-0.814958,-0.307907,-0.712356,1
1.155000,0.266913,0.036816,-0.814958,-0.307907,-0.712367,1
1.156000,0.266913,0.036816,-0.814958,-0.307907,-0.712378,1
1.157000,0.266913,0.036816,-0.814958,-0.307907,-0.712389,1
1.158000,0.266913,0.036816,-0.814958,-0.307907,-0.712400,1
1.159000,0.266913,0.036816,-0.814958,-0.307907,-0.712412,1
1.160000,0.266913,0.036816,-0.814958,-0.307907,-0.712423,1
1.161000,0.266913,0.036816,-0.814958,-0.307907,-0.712434,1
1.162000,0.263845,0.036816,-0.814958,-0.307907,-0.718581,1
1.163000,0.257709,0.033748,-0.814958,-0.307907,-0.669503,1
1.164000,0.257709,0.033748,-0.814958,-0.307907,-0.669513,1
1.165000,0.257709,0.033748,-0.814958,-0.307907,-0.669524,1
1.166000,0.254641,0.033748,-0.923373,-0.307907,-0.784085,1
1.167000,0.254641,0.033748,-0.923373,-0.307907,-0.784095,1
1.168000,0.254641,0.033748,-0.923373,-0.307907,-0.784105,1
1.169000,0.254641,0.033748,-0.923373,-0.307907,-0.784115,1
1.170000,0.254641,0.033748,-0.923373,-0.307907,-0.784126,1
1.171000,0.254641,0.033748,-0.923373,-0.307907,-0.784136,1
1.172000,0.254641,0.033748,-0.923373,-0.307907,-0.784146,1
1.173000,0.251573,0.030680,-0.923373,-0.307907,-0.728932,1
1.174000,0.245437,0.027612,-0.923373,-0.307907,-0.679853,1
1.175000,0.242369,0.027612,-1.206474,-0.307907,-0.969097,1
1.176000,0.242369,0.027612,-1.206474,-0.307907,-0.969106,1
1.177000,0.239301,0.024544,-1.206474,-0.515871,-0.497962,1
1.178000,0.239301,0.024544,-1.206474,-0.515871,-0.497969,1
1.179000,0.236233,0.024544,-1.206474,-0.515871,-0.504113,1
1.180000,0.236233,0.024544,-1.206474,-0.515871,-0.504120,1
1.181000,0.233165,0.021476,-1.206474,-0.515871,0.000000,1
1.182000,0.233165,0.021476,-1.206474,-0.515871,0.000000,1
1.183000,0.233165,0.021476,-1.206474,-0.515871,0.000000,1
1.184000,0.233165,0.021476,-1.206474,-0.515871,0.000000,1
1.185000,0.233165,0.021476,-1.206474,-0.515871,0.000000,1
1.186000,0.230097,0.021476,-1.435243,-0.515871,-0.683841,1
1.187000,0.230097,0.021476,-1.435243,-0.515871,-0.683847,1
1.188000,0.230097,0.021476,-1.435243,-0.515871,-0.683854,1
1.189000,0.227029,0.018408,-1.435243,-0.515871,-0.628636,1
1.190000,0.220893,0.015340,-1.435243,-0.515871,-0.579553,1
1.191000,0.217825,0.015340,-1.511999,-0.515871,-0.662450,1
1.192000,0.217825,0.015340,-1.511999,-0.515871,-0.662454,1
1.193000,0.214757,0.012272,-1.511999,-0.789432,0.539888,1
1.194000,0.214757,0.012272,-1.511999,-0.789432,0.539884,1
1.195000,0.211689,0.012272,-1.511999,-0.789432,0.533744,1
1.196000,0.199418,0.006136,-1.534777,-0.789432,0.609139,1
1.197000,0.199418,0.006136,-1.534777,-0.789432,0.609137,1
1.198000,0.199418,0.006136,-1.534777,-0.789432,0.609135,1
1.199000,0.199418,0.006136,-1.534777,-0.789432,0.609133,1
1.200000,0.199418,0.006136,-1.534777,-0.789432,0.609131,1
1.201000,0.199418,0.006136,-1.534777,-0.789432,0.609130,1
1.202000,0.199418,0.006136,-1.534777,-0.789432,0.609128,1
1.203000,0.199418,0.006136,-1.534777,-0.789432,0.609126,1
1.204000,0.199418,0.006136,-1.534777,-0.789432,0.609124,1
1.205000,0.199418,0.006136,-1.534777,-0.789432,0.609122,1
1.206000,0.196350,0.003068,-1.534777,-0.789432,0.664345,1
1.207000,0.190214,0.000000,-1.475888,-0.633968,0.461393,1
1.208000,0.190214,0.000000,-1.475888,-0.633968,0.461393,1
1.209000,0.187146,0.000000,-1.462549,-0.633968,0.468596,1
1.210000,0.184078,0.000000,-1.077468,-0.633968,0.847542,1
1.211000,0.181010,0.000000,-1.225681,-0.633968,0.693192,1
1.212000,0.177942,0.000000,-1.225681,-0.633968,0.687056,1
1.213000,0.174874,0.000000,-1.225681,-0.633968,0.680920,1
1.214000,0.174874,0.000000,-1.225681,-0.633968,0.680920,1
1.215000,0.174874,0.000000,-1.225681,-0.633968,0.680920,1
1.216000,0.174874,0.000000,-1.225681,-0.633968,0.680920,1
1.217000,0.174874,0.000000,-1.225681,-0.633968,0.680920,1
1.218000,0.174874,0.000000,-1.225681,-0.633968,0.680920,1
1.219000,0.174874,0.000000,-1.225681,-0.633968,0.680920,1
1.220000,0.174874,0.000000,-1.225681,-0.633968,0.680920,1
1.221000,0.174874,0.000000,-1.225681,-0.633968,0.680920,1
1.222000,0.174874,0.000000,-1.225681,-0.633968,0.680920,1
1.223000,0.174874,0.000000,-1.225681,-0.633968,0.680920,1
1.224000,0.174874,0.000000,-1.225681,-0.633968,0.680920,1
1.225000,0.174874,0.000000,-1.225681,-0.633968,0.680920,1
1.226000,0.174874,0.000000,-1.225681,-0.633968,0.680920,1
1.227000,0.174874,0.000000,-1.225681,-0.633968,0.680920,1
1.228000,0.174874,0.000000,-1.225681,-0.633968,0.680920,1
1.229000,0.174874,0.000000,-1.225681,-0.633968,0.680920,1
1.230000,0.174874,0.000000,-1.119809,-0.633968,0.786793,1
1.231000,0.174874,0.000000,-1.026166,-0.629941,0.872381,1
1.232000,0.174874,0.000000,-0.946850,-0.599131,0.890078,1
1.233000,0.171806,0.000000,-0.878937,-0.571204,0.896000,1
1.234000,0.171806,0.000000,-0.820637,-0.545996,0.903884,1
1.235000,0.171806,0.000000,-0.768865,-0.522584,0.908832,1
1.236000,0.171806,0.000000,-0.723868,-0.501400,0.911460,1
1.237000,0.171806,0.000000,-0.683285,-0.481587,0.912418,1
1.238000,0.171806,0.000000,-0.647166,-0.463360,0.912084,1
1.239000,0.171806,0.003068,-0.614991,-0.446630,0.849438,1
1.240000,0.171806,0.003068,-0.585520,0.430880,-1.476112,1
1.241000,0.168738,0.003068,-0.869308,0.416272,-1.736821,1
1.242000,0.168738,0.003068,-0.869308,0.402617,-1.709511,1
1.243000,0.168738,0.006136,-0.869308,0.389791,-1.745221,1
1.244000,0.168738,0.006136,-0.869308,0.377859,-1.721358,1
1.245000,0.168738,0.006136,-0.869308,0.366537,-1.698716,1
1.246000,0.168738,0.006136,-0.869308,0.355909,-1.677462,1
1.247000,0.168738,0.006136,-0.869308,0.345935,-1.657516,1
1.248000,0.165670,0.006136,-0.869308,0.336358,-1.644500,1
1.249000,0.165670,0.006136,-0.869308,0.327434,-1.626655,1
1.250000,0.165670,0.006136,-0.869308,0.318926,-1.609639,1
1.251000,0.165670,0.006136,-0.869308,0.310822,-1.593434,1
1.252000,0.162602,0.006136,-0.869308,0.303138,-1.584203,1
1.253000,0.162602,0.006136,-0.869308,0.295851,-1.569632,1
1.254000,0.162602,0.006136,-0.869308,0.295851,-1.569634,1
1.255000,0.162602,0.006136,-0.869308,0.295851,-1.569636,1
1.256000,0.162602,0.006136,-0.869308,0.288909,-1.555753,1
1.257000,0.162602,0.006136,-0.869308,0.288909,-1.555755,1
1.258000,0.162602,0.006136,-0.869308,0.288909,-1.555756,1
1.259000,0.159534,0.006136,-0.811823,0.275919,-1.478429,1
1.260000,0.159534,0.006136,-0.811823,0.275919,-1.478431,1
1.261000,0.159534,0.006136,-0.811823,0.275919,-1.478433,1
1.262000,0.156466,0.003068,-0.503064,-0.258438,0.554262,1
1.263000,0.156466,0.003068,-0.503064,-0.258438,0.554261,1
1.264000,0.156466,0.003068,-0.503064,-0.258438,0.554261,1
1.265000,0.147262,-0.003068,-0.503064,-0.246742,0.635180,1
1.266000,0.144194,-0.003068,-1.198904,-0.246742,-0.666795,1
1.267000,0.144194,-0.003068,-1.198904,-0.246742,-0.666794,1
1.268000,0.141126,-0.006136,-1.198904,-0.246742,-0.611569,1
1.269000,0.141126,-0.006136,-1.198904,-0.246742,-0.611567,1
1.270000,0.138058,-0.006136,-1.198904,-0.246742,-0.617701,1
1.271000,0.138058,-0.009204,-1.198904,-0.246742,-0.556339,1
1.272000,0.134990,-0.009204,-1.198904,-0.246742,-0.562472,1
1.273000,0.131922,-0.009204,-1.638920,-0.246742,-1.008622,1
1.274000,0.116583,-0.021476,-1.796366,-0.995220,1.145653,1
1.275000,0.116583,-0.021476,-1.796366,-0.995220,1.145659,1
1.276000,0.116583,-0.021476,-1.796366,-0.995220,1.145666,1
1.277000,0.116583,-0.021476,-1.796366,-0.995220,1.145672,1
1.278000,0.116583,-0.021476,-1.796366,-0.995220,1.145678,1
1.279000,0.116583,-0.021476,-1.796366,-0.995220,1.145685,1
1.280000,0.116583,-0.021476,-1.796366,-0.995220,1.145691,1
1.281000,0.113515,-0.021476,-1.796366,-0.995220,1.139562,1
1.282000,0.113515,-0.021476,-1.796366,-0.995220,1.139568,1
1.283000,0.113515,-0.021476,-1.796366,-0.995220,1.139575,1
1.284000,0.113515,-0.024544,-1.796366,-1.290157,1.790816,1
1.285000,0.104311,-0.030680,-1.987008,-1.290157,1.704493,1
1.286000,0.104311,-0.030680,-1.987008,-1.290157,1.704502,1
1.287000,0.104311,-0.030680,-1.987008,-1.290157,1.704511,1
1.288000,0.104311,-0.033748,-1.987008,-1.290157,1.765881,1
1.289000,0.104311,-0.033748,-1.987008,-1.290157,1.765891,1
1.290000,0.104311,-0.033748,-1.987008,-1.290157,1.765901,1
1.291000,0.104311,-0.033748,-1.987008,-1.290157,1.765911,1
1.292000,0.101243,-0.033748,-1.987008,-1.290157,1.759785,1
1.293000,0.101243,-0.033748,-1.987008,-1.290157,1.759795,1
1.294000,0.101243,-0.033748,-1.987008,-1.290157,1.759805,1
1.295000,0.095107,-0.036816,-1.768504,-1.757861,2.962816,1
1.296000,0.095107,-0.036816,-1.768504,-1.757861,2.962827,1
1.297000,0.095107,-0.036816,-1.768504,-1.757861,2.962838,1
1.298000,0.095107,-0.036816,-1.768504,-1.757861,2.962849,1
1.299000,0.095107,-0.036816,-1.768504,-1.757861,2.962860,1
1.300000,0.095107,-0.036816,-1.768504,-1.757861,2.962871,1
1.301000,0.095107,-0.036816,-1.768504,-1.757861,2.962882,1
1.302000,0.088971,-0.042951,-1.429852,-1.029412,1.955095,1
1.303000,0.088971,-0.042951,-1.280453,-0.949641,1.944967,1
1.304000,0.085903,-0.042951,-1.159704,-0.881566,1.923443,1
1.305000,0.085903,-0.042951,-1.060297,-0.822918,1.905566,1
1.306000,0.085903,-0.042951,-0.975443,-0.770873,1.886342,1
1.307000,0.085903,-0.042951,-0.903527,-0.725253,1.867032,1
1.308000,0.085903,-0.042951,-0.841500,-0.684740,1.848044,1
1.309000,0.085903,-0.042951,-0.787614,-0.648629,1.829723,1
1.310000,0.085903,-0.042951,-0.740475,-0.616318,1.812252,1
1.311000,0.085903,-0.039884,-0.626650,-0.610992,1.854078,1
1.312000,0.085903,-0.039884,-0.626650,-0.610992,1.854090,1
1.313000,0.085903,-0.039884,-0.626650,-0.610992,1.854102,1
1.314000,0.085903,-0.039884,-0.596177,-0.610992,1.884587,1
1.315000,0.085903,-0.039884,-0.568632,-0.610992,1.912143,1
1.316000,0.085903,-0.039884,-0.568632,-0.610992,1.912155,1
1.317000,0.085903,-0.039884,-0.568632,-0.610992,1.912167,1
1.318000,0.085903,-0.039884,-0.568632,-0.610992,1.912179,1
1.319000,0.085903,-0.039884,-0.568632,-0.610992,1.912191,1
1.320000,0.085903,-0.039884,-0.568632,-0.610992,1.912203,1
1.321000,0.085903,-0.039884,-0.568632,-0.610992,1.912215,1
1.322000,0.085903,-0.039884,-0.568632,-0.610992,1.912227,1
1.323000,0.085903,-0.039884,-0.568632,-0.610992,1.912239,1
1.324000,0.085903,-0.039884,-0.568632,-0.610992,1.912251,1
1.325000,0.085903,-0.039884,-0.568632,-0.610992,1.912263,1
1.326000,0.098175,-0.021476,1.240538,0.899982,0.000000,1
1.327000,0.098175,-0.021476,1.240538,0.899982,0.000000,1
1.328000,0.098175,-0.021476,1.240538,0.899982,0.000000,1
1.329000,0.098175,-0.021476,1.240538,0.899982,0.000000,1
1.330000,0.098175,-0.018408,1.240538,0.899982,0.000000,1
1.331000,0.098175,-0.018408,1.240538,0.899982,0.000000,1
1.332000,0.107379,-0.003068,0.418237,2.398634,-4.413441,1
1.333000,0.107379,-0.003068,0.418237,2.398634,-4.413440,1
1.334000,0.107379,-0.003068,0.418237,2.398634,-4.413440,1
1.335000,0.107379,-0.003068,0.418237,2.398634,-4.413439,1
1.336000,0.107379,-0.003068,0.418237,2.398634,-4.413438,1
1.337000,0.107379,-0.003068,0.418237,2.398634,-4.413437,1
1.338000,0.107379,-0.003068,0.418237,2.398634,-4.413436,1
1.339000,0.110447,0.000000,0.418237,2.398634,-4.468659,1
1.340000,0.110447,0.006136,0.418237,2.105379,-4.004869,1
1.341000,0.110447,0.006136,0.418237,2.105379,-4.004871,1
1.342000,0.110447,0.006136,0.418237,2.105379,-4.004873,1
1.343000,0.110447,0.006136,0.418237,2.105379,-4.004875,1
1.344000,0.110447,0.006136,0.418237,2.105379,-4.004877,1
1.345000,0.110447,0.006136,0.418237,2.105379,-4.004879,1
1.346000,0.110447,0.006136,0.418237,1.796128,-3.386378,1
1.347000,0.110447,0.006136,0.418237,1.796128,-3.386380,1
1.348000,0.110447,0.006136,0.418237,1.796128,-3.386382,1
1.349000,0.110447,0.009204,0.418237,1.566969,-2.989425,1
1.350000,0.107379,0.006136,-1.230888,-1.227587,1.605783,1
1.351000,0.104311,0.003068,-1.230888,-0.944216,1.094264,1
1.352000,0.101243,0.000000,-1.230888,-0.892115,1.045285,1
1.353000,0.098175,-0.003068,-1.230888,-0.892115,1.100509,1
1.354000,0.098175,-0.003068,-1.230888,-0.892115,1.100510,1
1.355000,0.098175,-0.003068,-1.230888,-0.892115,1.100511,1
1.356000,0.098175,-0.003068,-1.230888,-0.892115,1.100512,1
1.357000,0.098175,-0.003068,-1.230888,-0.892115,1.100513,1
1.358000,0.098175,-0.003068,-1.230888,-0.892115,1.100514,1
1.359000,0.098175,-0.003068,-1.230888,-0.892115,1.100514,1
1.360000,0.098175,-0.003068,-1.230888,-0.892115,1.100515,1
1.361000,0.098175,-0.003068,-1.230888,-0.892115,1.100516,1
1.362000,0.098175,-0.003068,-1.230888,-0.892115,1.100517,1
1.363000,0.098175,-0.003068,-1.203524,-0.892115,1.127882,1
1.364000,0.098175,-0.003068,-1.005627,-0.892115,1.325780,1
1.365000,0.095107,-0.003068,-0.639309,-0.892115,1.685963,1
1.366000,0.095107,-0.003068,-0.639309,-0.892115,1.685964,1
1.367000,0.095107,-0.003068,-0.639309,-0.892115,1.685965,1
1.368000,0.095107,-0.003068,-0.639309,-0.892115,1.685965,1
1.369000,0.095107,-0.006136,-0.639309,-0.892115,1.747327,1
1.370000,0.092039,-0.006136,-0.639309,-0.892115,1.741192,1
1.371000,0.092039,-0.006136,-0.639309,-0.892115,1.741194,1
1.372000,0.092039,-0.006136,-0.639309,-0.861341,1.679648,1
1.373000,0.092039,-0.006136,-0.639309,-0.804662,1.566292,1
1.374000,0.092039,-0.006136,-0.639309,-0.755159,1.467288,1
1.375000,0.092039,-0.006136,-0.639309,-0.711621,1.380213,1
1.376000,0.092039,-0.006136,-0.639309,-0.672458,1.301889,1
1.377000,0.092039,-0.006136,-0.639309,-0.637413,1.231802,1
1.378000,0.092039,-0.006136,-0.639309,-0.605952,1.168881,1
1.379000,0.092039,-0.003068,-0.639309,-0.589391,1.074401,1
1.380000,0.092039,-0.003068,-0.639309,-0.589391,1.074402,1
1.381000,0.092039,-0.003068,-0.639309,-0.589391,1.074403,1
1.382000,0.092039,-0.003068,-0.639309,-0.589391,1.074403,1
1.383000,0.095107,-0.003068,-0.639309,-0.589391,1.080540,1
1.384000,0.095107,0.000000,0.622273,-0.589391,2.280763,1
1.385000,0.095107,0.000000,0.592044,-0.589391,2.250534,1
1.386000,0.095107,0.000000,0.564787,-0.589391,2.223277,1
1.387000,0.095107,0.000000,0.539930,-0.589391,2.198420,1
1.388000,0.098175,0.000000,0.517352,-0.589391,2.181978,1
1.389000,0.098175,0.000000,0.496425,-0.589391,2.161051,1
1.390000,0.098175,0.003068,0.476973,-0.589391,2.080239,1
1.391000,0.098175,0.003068,0.459216,-0.589391,2.062481,1
1.392000,0.101243,0.006136,0.442656,-0.589391,1.990696,1
1.393000,0.101243,0.006136,0.427200,-0.589391,1.975237,1
1.394000,0.104311,0.009204,0.409353,0.803144,-1.482904,1
1.395000,0.104311,0.009204,0.409353,0.803144,-1.482907,1
1.396000,0.104311,0.012272,0.409353,0.803144,-1.544270,1
1.397000,0.104311,0.015340,0.409353,0.803144,-1.605634,1
1.398000,0.104311,0.015340,0.409353,0.803144,-1.605638,1
1.399000,0.104311,0.015340,0.409353,0.803144,-1.605643,1
1.400000,0.104311,0.015340,0.409353,0.803144,-1.605648,1
1.401000,0.104311,0.015340,0.409353,0.803144,-1.605652,1
1.402000,0.107379,0.018408,0.409353,0.803144,-1.660881,1
1.403000,0.110447,0.024544,0.409353,2.378438,-4.928059,1
1.404000,0.110447,0.024544,0.409353,2.378438,-4.928066,1
1.405000,0.110447,0.027612,0.409353,2.053159,-4.338877,1
1.406000,0.110447,0.027612,0.409353,1.757955,-3.748477,1
1.407000,0.110447,0.027612,0.409353,1.538152,-3.308879,1
1.408000,0.110447,0.027612,0.409353,1.367320,-2.967223,1
1.409000,0.110447,0.027612,0.409353,1.229514,-2.691619,1
1.410000,0.110447,0.027612,0.409353,1.117759,-2.468118,1
1.411000,0.110447,0.027612,0.409353,1.024207,-2.281022,1
1.412000,0.107379,0.027612,0.877966,0.945839,-1.661818,1
1.413000,0.107379,0.027612,0.877966,0.877921,-1.525989,1
1.414000,0.107379,0.027612,0.877966,0.819136,-1.408428,1
1.415000,0.107379,0.027612,0.877966,0.767877,-1.305918,1
1.416000,0.104311,0.027612,0.877966,0.682705,-1.141718,1
1.417000,0.104311,0.027612,0.877966,0.682705,-1.141726,1
1.418000,0.104311,0.027612,0.877966,0.646612,-1.069548,1
1.419000,0.104311,0.024544,0.877966,0.633184,-0.981340,1
1.420000,0.101243,0.024544,0.877966,0.633184,-0.987483,1
1.421000,0.101243,0.024544,0.877966,0.633184,-0.987491,1
1.422000,0.101243,0.024544,0.877966,0.633184,-0.987498,1
1.423000,0.098175,0.021476,0.877966,0.633184,-0.932281,1
1.424000,0.098175,0.021476,0.877966,0.633184,-0.932288,1
1.425000,0.095107,0.021476,-0.705646,0.633184,-2.522042,1
1.426000,0.095107,0.021476,-0.705646,0.633184,-2.522049,1
1.427000,0.095107,0.021476,-0.705646,0.633184,-2.522055,1
1.428000,0.092039,0.018408,-0.705646,0.633184,-2.466837,1
1.429000,0.092039,0.018408,-0.705646,0.633184,-2.466843,1
1.430000,0.088971,0.015340,-0.705646,0.633184,-2.411624,1
1.431000,0.088971,0.015340,-0.705646,0.633184,-2.411629,1
1.432000,0.085903,0.015340,-0.705646,0.633184,-2.417769,1
1.433000,0.085903,0.012272,-0.705646,-0.894389,1.298731,1
1.434000,0.082835,0.012272,-1.143990,-0.894389,0.854248,1
1.435000,0.082835,0.009204,-1.143990,-0.894389,0.915604,1
1.436000,0.079767,0.006136,-1.143990,-0.894389,0.970826,1
1.437000,0.079767,0.003068,-1.143990,-0.894389,1.032184,1
1.438000,0.076699,0.003068,-1.143990,-0.894389,1.026047,1
1.439000,0.076699,0.000000,-1.143990,-1.985486,3.269600,1
1.440000,0.073631,0.000000,-1.143990,-1.985486,3.263465,1
1.441000,0.073631,-0.003068,-1.143990,-1.985486,3.324825,1
1.442000,0.073631,-0.006136,-1.143990,-1.985486,3.386186,1
1.443000,0.070563,-0.006136,-1.564186,-1.985486,2.959855,1
1.444000,0.070563,-0.006136,-1.564186,-1.985486,2.959857,1
1.445000,0.070563,-0.009204,-1.564186,-1.830655,2.711557,1
1.446000,0.070563,-0.009204,-1.564186,-1.592370,2.234991,1
1.447000,0.067495,-0.009204,-1.564186,-1.409540,1.863197,1
1.448000,0.067495,-0.009204,-1.564186,-1.265110,1.574339,1
1.449000,0.067495,-0.009204,-1.564186,-1.146925,1.337973,1
1.450000,0.067495,-0.009204,-1.564186,-1.146925,1.337976,1
1.451000,0.067495,-0.009204,-1.564186,-1.146925,1.337978,1
1.452000,0.067495,-0.009204,-1.564186,-1.048608,1.141347,1
1.453000,0.067495,-0.009204,-1.166635,-0.834673,1.111031,1
1.454000,0.067495,-0.009204,-1.065042,-0.781349,1.105978,1
1.455000,0.067495,-0.009204,-0.980074,-0.734625,1.097501,1
1.456000,0.064427,-0.009204,-0.907520,-0.693091,1.080854,1
1.457000,0.064427,-0.009204,-0.844948,-0.655990,1.069227,1
1.458000,0.064427,-0.009204,-0.790637,-0.622777,1.057115,1
1.459000,0.064427,-0.009204,-0.743138,-0.592926,1.044913,1
1.460000,0.064427,-0.006136,-0.700512,0.565471,-1.890612,1
1.461000,0.064427,-0.006136,-0.662690,0.540567,-1.802979,1
1.462000,0.064427,-0.006136,-0.628659,0.517707,-1.723226,1
1.463000,0.064427,-0.003068,-0.597942,0.502919,-1.724293,1
1.464000,0.064427,-0.003068,-0.570317,0.502919,-1.696667,1
1.465000,0.064427,-0.003068,-0.544999,0.502919,-1.671347,1
1.466000,0.061359,-0.003068,-0.445894,0.502919,-1.578377,1
1.467000,0.061359,-0.003068,-0.445894,0.502919,-1.578376,1
1.468000,0.061359,-0.003068,-0.445894,0.502919,-1.578375,1
1.469000,0.061359,-0.003068,-0.445894,0.502919,-1.578375,1
1.470000,0.061359,-0.003068,-0.445894,0.502919,-1.578374,1
1.471000,0.061359,-0.003068,-0.430330,0.502919,-1.562809,1
1.472000,0.058291,-0.003068,-0.703983,0.502919,-1.842597,1
1.473000,0.058291,-0.003068,-0.703983,0.502919,-1.842596,1
1.474000,0.055223,-0.006136,-0.703983,0.502919,-1.787371,1
1.475000,0.055223,-0.006136,-0.703983,0.502919,-1.787369,1
1.476000,0.055223,-0.006136,-0.703983,0.502919,-1.787367,1
1.477000,0.055223,-0.006136,-0.703983,0.502919,-1.787366,1
1.478000,0.049087,-0.009204,-0.703983,0.502919,-1.738275,1
1.479000,0.049087,-0.009204,-0.703983,0.502919,-1.738273,1
1.480000,0.049087,-0.009204,-0.703983,0.502919,-1.738270,1
1.481000,0.049087,-0.009204,-0.703983,0.502919,-1.738267,1
1.482000,0.049087,-0.009204,-0.703983,0.502919,-1.738264,1
1.483000,0.039884,-0.018408,-0.530142,-0.622051,1.451193,1
1.484000,0.039884,-0.018408,-0.530142,-0.622051,1.451199,1
1.485000,0.039884,-0.018408,-0.530142,-0.622051,1.451204,1
1.486000,0.039884,-0.018408,-0.530142,-0.622051,1.451210,1
1.487000,0.039884,-0.018408,-0.530142,-0.622051,1.451215,1
1.488000,0.039884,-0.018408,-0.530142,-0.622051,1.451221,1
1.489000,0.036816,-0.018408,-0.530142,-0.622051,1.445091,1
1.490000,0.030680,-0.030680,-1.458378,-1.574853,2.655633,1
1.491000,0.030680,-0.030680,-1.458378,-1.574853,2.655642,1
1.492000,0.030680,-0.030680,-1.458378,-1.574853,2.655651,1
1.493000,0.030680,-0.030680,-1.458378,-1.574853,2.655660,1
1.494000,0.030680,-0.030680,-1.458378,-1.574853,2.655670,1
1.495000,0.030680,-0.030680,-1.458378,-1.574853,2.655679,1
1.496000,0.027612,-0.033748,-1.458378,-1.574853,2.710912,1
1.497000,0.027612,-0.033748,-1.458378,-1.574853,2.710922,1
1.498000,0.024544,-0.036816,-1.286475,-1.760035,3.308424,1
1.499000,0.024544,-0.036816,-1.286475,-1.760035,3.308435,1
1.500000,0.024544,-0.036816,-1.286475,-1.760035,3.308446,1
1.501000,0.024544,-0.036816,-1.286475,-1.760035,3.308457,1
1.502000,0.024544,-0.036816,-1.286475,-1.760035,3.308468,1
1.503000,0.024544,-0.036816,-1.286475,-1.760035,3.308479,1
1.504000,0.024544,-0.036816,-1.286475,-1.760035,3.308490,1
1.505000,0.024544,-0.039884,-1.163767,-1.760035,3.492569,1
1.506000,0.024544,-0.039884,-0.789785,-1.394515,3.135522,1
1.507000,0.024544,-0.039884,-0.741743,-1.251403,2.897352,1
1.508000,0.024544,-0.039884,-0.699389,-1.135400,2.707713,1
1.509000,0.024544,-0.039884,-0.661963,-1.039948,2.554246,1
1.510000,0.024544,-0.039884,-0.628013,-0.958541,2.425395,1
1.511000,0.027612,-0.036816,0.597431,0.889076,-0.699609,1
1.512000,0.027612,-0.036816,0.569886,0.829419,-0.607826,1
1.513000,0.027612,-0.033748,0.544363,0.776434,-0.588731,1
1.514000,0.027612,-0.033748,0.521168,0.730089,-0.519225,1
1.515000,0.027612,-0.030680,0.500041,0.689292,-0.520107,1
1.516000,0.030680,-0.027612,1.458460,0.658724,1.044232,1
1.517000,0.030680,-0.027612,1.458460,0.658724,1.044241,1
1.518000,0.030680,-0.027612,1.458460,0.658724,1.044249,1
1.519000,0.030680,-0.027612,1.458460,0.658724,1.044257,1
1.520000,0.030680,-0.027612,1.458460,0.658724,1.044265,1
1.521000,0.033748,-0.027612,1.458460,0.658724,1.050410,1
1.522000,0.033748,-0.027612,1.458460,0.658724,1.050418,1
1.523000,0.033748,-0.024544,1.458460,0.658724,0.989066,1
1.524000,0.033748,-0.024544,1.458460,0.658724,0.989073,1
1.525000,0.036816,-0.024544,1.321648,0.658724,0.858404,1
1.526000,0.036816,-0.021476,1.193855,0.658724,0.669258,1
1.527000,0.036816,-0.021476,1.088035,0.658724,0.563446,1
1.528000,0.039884,-0.018408,0.998788,0.658724,0.000000,1
1.529000,0.039884,-0.018408,0.923981,0.658724,0.000000,1
1.530000,0.039884,-0.015340,0.858986,0.896294,-0.857310,1
1.531000,0.042951,-0.015340,0.419352,0.896294,-1.290804,1
1.532000,0.042951,-0.012272,0.419352,0.896294,-1.352159,1
1.533000,0.042951,-0.012272,0.419352,0.896294,-1.352156,1
1.534000,0.042951,-0.009204,0.419352,0.896294,-1.413512,1
1.535000,0.042951,-0.009204,0.419352,0.896294,-1.413510,1
1.536000,0.046019,-0.009204,0.419352,0.896294,-1.407371,1
1.537000,0.046019,-0.006136,0.419352,0.896294,-1.468728,1
1.538000,0.046019,-0.006136,0.419352,0.896294,-1.468726,1
1.539000,0.046019,-0.006136,0.419352,0.896294,-1.468725,1
1.540000,0.046019,-0.003068,0.419352,1.228601,-2.194697,1
1.541000,0.046019,-0.003068,0.419352,1.228601,-2.194696,1
1.542000,0.049087,-0.003068,0.419352,1.228601,-2.188559,1
1.543000,0.049087,-0.003068,0.419352,1.228601,-2.188558,1
1.544000,0.049087,-0.003068,0.419352,1.228601,-2.188557,1
1.545000,0.049087,-0.003068,0.419352,1.228601,-2.188556,1
1.546000,0.049087,-0.003068,0.419352,1.228601,-2.188555,1
1.547000,0.049087,-0.003068,0.419352,1.228601,-2.188554,1
1.548000,0.049087,-0.003068,0.419352,1.228601,-2.188553,1
1.549000,0.049087,-0.003068,0.419352,1.228601,-2.188552,1
1.550000,0.049087,-0.003068,0.419352,1.169629,-2.070608,1
1.551000,0.046019,-0.003068,0.704560,1.067228,-1.586733,1
1.552000,0.046019,-0.003068,0.704560,0.982315,-1.416906,1
1.553000,0.046019,-0.003068,0.704560,0.909312,-1.270899,1
1.554000,0.046019,-0.003068,0.704560,0.846582,-1.145439,1
1.555000,0.046019,-0.003068,0.704560,0.791925,-1.036123,1
1.556000,0.046019,-0.006136,0.704560,-0.743742,2.696572,1
1.557000,0.042951,-0.012272,0.704560,-0.603842,2.533359,1
1.558000,0.042951,-0.012272,0.704560,-0.603842,2.533363,1
1.559000,0.042951,-0.012272,0.704560,-0.603842,2.533366,1
1.560000,0.042951,-0.012272,0.704560,-0.603842,2.533370,1
1.561000,0.042951,-0.012272,0.704560,-0.603842,2.533374,1
1.562000,0.042951,-0.012272,0.704560,-0.603842,2.533377,1
1.563000,0.042951,-0.012272,0.704560,-0.603842,2.533381,1
1.564000,0.042951,-0.012272,0.704560,-0.603842,2.533385,1
1.565000,0.042951,-0.012272,0.704560,-0.603842,2.533388,1
1.566000,0.042951,-0.012272,0.704560,-0.603842,2.533392,1
1.567000,0.042951,-0.012272,0.704560,-0.603842,2.533396,1
1.568000,0.042951,-0.012272,0.704560,-0.603842,2.533399,1
1.569000,0.042951,-0.012272,0.704560,-0.603842,2.533403,1
1.570000,0.042951,-0.012272,0.704560,-0.603842,2.533407,1
1.571000,0.046019,-0.012272,0.704560,-0.603842,2.539546,1
1.572000,0.046019,-0.012272,0.704560,-0.603842,2.539550,1
1.573000,0.046019,-0.012272,0.704560,-0.603842,2.539554,1
1.574000,0.049087,-0.009204,0.595475,-0.603842,2.375249,1
1.575000,0.049087,-0.009204,0.595475,-0.603842,2.375251,1
1.576000,0.049087,-0.009204,0.595475,-0.603842,2.375254,1
1.577000,0.052155,-0.009204,0.519555,-0.603842,2.305473,1
1.578000,0.058291,-0.003068,0.442123,0.725742,-1.141573,1
1.579000,0.058291,0.000000,0.442123,0.725742,-1.202933,1
1.580000,0.058291,0.000000,0.442123,0.725742,-1.202933,1
1.581000,0.058291,0.000000,0.442123,0.725742,-1.202933,1
1.582000,0.058291,0.000000,0.442123,0.725742,-1.202933,1
1.583000,0.058291,0.000000,0.442123,0.725742,-1.202933,1
1.584000,0.061359,0.003068,0.442123,0.725742,-1.258157,1
1.585000,0.061359,0.003068,0.442123,0.725742,-1.258158,1
1.586000,0.061359,0.003068,0.442123,0.725742,-1.258159,1
1.587000,0.064427,0.009204,0.442123,2.082091,-4.087443,1
1.588000,0.064427,0.009204,0.442123,2.082091,-4.087446,1
1.589000,0.064427,0.009204,0.442123,2.082091,-4.087449,1
1.590000,0.067495,0.015340,1.205405,2.082091,-3.440754,1
1.591000,0.073631,0.018408,1.205405,1.465796,-2.257255,1
1.592000,0.073631,0.021476,1.205405,1.377943,-2.142916,1
1.593000,0.073631,0.021476,1.205405,1.377943,-2.142922,1
1.594000,0.073631,0.021476,1.205405,1.377943,-2.142928,1
1.595000,0.076699,0.021476,1.147363,1.377943,-2.194841,1
1.596000,0.076699,0.021476,1.049065,1.377943,-2.293146,1
1.597000,0.076699,0.024544,0.967381,1.377943,-2.436196,1
1.598000,0.076699,0.024544,0.895879,1.377943,-2.507706,1
1.599000,0.076699,0.024544,0.835108,1.377943,-2.568484,1
1.600000,0.076699,0.024544,0.781627,1.377943,-2.621973,1
1.601000,0.076699,0.024544,0.734973,1.296276,-2.505300,1
1.602000,0.076699,0.024544,0.693432,1.172404,-2.299104,1
1.603000,0.076699,0.024544,0.656347,1.070170,-2.131728,1
1.604000,0.076699,0.024544,0.623182,0.984724,-1.994008,1
1.605000,0.073631,0.024544,-0.593055,0.911552,-3.070046,1
1.606000,0.073631,0.024544,-0.565681,0.848446,-2.916466,1
1.607000,0.073631,0.021476,-0.540753,-0.793575,1.053857,1
1.608000,0.073631,0.021476,-0.518050,-0.745622,0.980648,1
1.609000,0.073631,0.021476,-0.496929,-0.702640,0.915796,1
1.610000,0.073631,0.018408,-0.477568,-0.664545,0.920323,1
1.611000,0.070563,0.018408,-1.156084,-0.630553,0.000000,1
1.612000,0.070563,0.018408,-1.156084,-0.599651,-0.494128,1
1.613000,0.070563,0.015340,-1.156084,-0.571698,-0.488680,1
1.614000,0.070563,0.015340,-1.156084,-0.546207,-0.539666,1
1.615000,0.070563,0.015340,-1.156084,-0.522991,-0.586104,1
1.616000,0.070563,0.015340,-1.156084,-0.501497,-0.629096,1
1.617000,0.070563,0.015340,-1.156084,-0.481866,-0.668363,1
1.618000,0.067495,0.015340,-1.156084,-0.463754,-0.710728,1
1.619000,0.067495,0.015340,-1.156084,-0.446835,-0.744570,1
1.620000,0.067495,0.012272,-1.156084,-0.437426,-0.702032,1
1.621000,0.067495,0.012272,-1.156084,-0.437426,-0.702035,1
1.622000,0.067495,0.012272,-1.072028,-0.437426,-0.617983,1
1.623000,0.067495,0.012272,-0.985408,-0.437426,-0.531367,1
1.624000,0.064427,0.012272,-0.912353,-0.437426,-0.464451,1
1.625000,0.064427,0.009204,-0.849014,-0.437426,0.000000,1
1.626000,0.064427,0.009204,-0.794368,-0.437426,0.000000,1
1.627000,0.064427,0.009204,-0.746049,-0.437426,0.000000,1
1.628000,0.064427,0.009204,-0.703057,-0.437426,0.000000,1
1.629000,0.064427,0.006136,-0.665268,-0.437426,0.505339,1
1.630000,0.061359,0.006136,-0.630864,-0.437426,0.533606,1
1.631000,0.061359,0.006136,-0.600002,-0.437426,0.564466,1
1.632000,0.061359,0.003068,-0.572024,-0.437426,0.653802,1
1.633000,0.061359,0.003068,-0.546622,-0.437426,0.679203,1
1.634000,0.061359,0.003068,-0.523193,-0.437426,0.702631,1
1.635000,0.058291,0.000000,-0.367164,-0.828777,1.696586,1
1.636000,0.058291,0.000000,-0.367164,-0.828777,1.696586,1
1.637000,0.058291,0.000000,-0.367164,-0.828777,1.696586,1
1.638000,0.058291,-0.003068,-0.367164,-0.828777,1.757946,1
1.639000,0.058291,-0.003068,-0.367164,-0.828777,1.757947,1
1.640000,0.058291,-0.003068,-0.367164,-0.828777,1.757948,1
1.641000,0.058291,-0.006136,-0.367164,-0.828777,1.819309,1
1.642000,0.058291,-0.006136,-0.367164,-0.828777,1.819311,1
1.643000,0.058291,-0.006136,-0.367164,-0.828777,1.819313,1
1.644000,0.058291,-0.006136,-0.367164,-0.828777,1.819314,1
1.645000,0.058291,-0.003068,-0.367164,-1.150499,2.401399,1
1.646000,0.058291,-0.003068,-0.367164,-1.150499,2.401400,1
1.647000,0.058291,-0.003068,-0.367164,-1.150499,2.401401,1
1.648000,0.058291,-0.003068,-0.367164,-1.150499,2.401402,1
1.649000,0.058291,-0.003068,-0.367164,-1.150499,2.401403,1
1.650000,0.058291,-0.003068,-0.367164,-1.150499,2.401404,1
1.651000,0.058291,-0.003068,-0.367164,-1.150499,2.401405,1
1.652000,0.058291,-0.003068,-0.367164,-1.150499,2.401406,1
1.653000,0.061359,-0.003068,-0.367164,-1.150499,2.407543,1
1.654000,0.061359,0.000000,-0.367164,-1.150499,2.346183,1
1.655000,0.067495,0.006136,0.421476,0.822074,-1.520770,1
1.656000,0.067495,0.006136,0.421476,0.822074,-1.520772,1
1.657000,0.067495,0.006136,0.421476,0.822074,-1.520774,1
1.658000,0.067495,0.006136,0.421476,0.822074,-1.520776,1
1.659000,0.067495,0.006136,0.421476,0.822074,-1.520778,1
1.660000,0.067495,0.006136,0.421476,0.822074,-1.520780,1
1.661000,0.067495,0.006136,0.421476,0.770319,-1.417272,1
1.662000,0.067495,0.009204,0.421476,0.756341,-1.450679,1
1.663000,0.070563,0.012272,0.421476,0.756341,-1.505906,1
1.664000,0.070563,0.015340,0.421476,0.756341,-1.567269,1
1.665000,0.070563,0.015340,0.421476,0.756341,-1.567274,1
1.666000,0.073631,0.015340,0.421476,0.756341,-1.561143,1
1.667000,0.073631,0.018408,0.421476,0.756341,-1.622507,1
1.668000,0.073631,0.018408,0.421476,0.756341,-1.622513,1
1.669000,0.076699,0.021476,0.421476,1.652147,-3.469353,1
1.670000,0.076699,0.021476,0.421476,1.652147,-3.469360,1
1.671000,0.076699,0.021476,0.421476,1.652147,-3.469366,1
1.672000,0.076699,0.021476,0.421476,1.652147,-3.469373,1
1.673000,0.076699,0.021476,0.421476,1.652147,-3.469379,1
1.674000,0.076699,0.024544,0.421476,1.652147,-3.530746,1
1.675000,0.076699,0.024544,0.421476,1.652147,-3.530753,1
1.676000,0.076699,0.024544,0.421476,1.652147,-3.530760,1
1.677000,0.076699,0.021476,0.421476,-0.999632,2.434150,1
1.678000,0.076699,0.021476,0.421476,-0.999632,2.434143,1
1.679000,0.076699,0.021476,0.421476,-0.999632,2.434137,1
1.680000,0.076699,0.021476,0.421476,-0.999632,2.434131,1
1.681000,0.076699,0.021476,0.421476,-0.999632,2.434124,1
1.682000,0.076699,0.018408,0.421476,-0.925159,2.346531,1
1.683000,0.076699,0.018408,0.421476,-0.859657,2.215522,1
1.684000,0.073631,0.015340,0.421476,-0.803050,2.157526,1
1.685000,0.073631,0.015340,0.421476,-0.753879,2.059179,1
1.686000,0.073631,0.012272,0.421476,-0.746711,2.106200,1
1.687000,0.073631,0.012272,0.421476,-0.746711,2.106196,1
1.688000,0.073631,0.012272,0.421476,-0.746711,2.106193,1
1.689000,0.073631,0.012272,-0.414054,-0.746711,1.270659,1
1.690000,0.073631,0.012272,-0.400533,-0.746711,1.284176,1
1.691000,0.073631,0.012272,-0.387865,-0.746711,1.296841,1
1.692000,0.073631,0.012272,-0.375911,-0.746711,1.308791,1
1.693000,0.073631,0.012272,-0.364776,-0.746711,1.319922,1
1.694000,0.073631,0.012272,-0.354236,-0.746711,1.330459,1
1.695000,0.073631,0.012272,-0.354236,-0.746711,1.330455,1
1.696000,0.073631,0.012272,-0.354236,-0.746711,1.330451,1
1.697000,0.073631,0.012272,-0.354236,-0.746711,1.330447,1
1.698000,0.073631,0.012272,-0.354236,-0.746711,1.330444,1
1.699000,0.079767,0.015340,0.969548,0.651154,-0.790595,1
1.700000,0.079767,0.015340,0.969548,0.651154,-0.790600,1
1.701000,0.079767,0.015340,0.969548,0.651154,-0.790604,1
1.702000,0.079767,0.015340,0.969548,0.651154,-0.790609,1
1.703000,0.079767,0.015340,0.969548,0.651154,-0.790613,1
1.704000,0.079767,0.015340,0.969548,0.651154,-0.790618,1
1.705000,0.079767,0.015340,0.969548,0.618258,-0.724831,1
1.706000,0.079767,0.018408,0.969548,0.588519,-0.726718,1
1.707000,0.079767,0.018408,0.969548,0.561562,-0.672809,1
1.708000,0.082835,0.021476,0.969548,0.541881,-0.688676,1
1.709000,0.082835,0.021476,0.969548,0.541881,-0.688683,1
1.710000,0.082835,0.021476,0.969548,0.541881,-0.688689,1
1.711000,0.082835,0.024544,0.969548,0.541881,-0.750056,1
1.712000,0.085903,0.024544,0.836270,0.541881,-0.877205,1
1.713000,0.085903,0.024544,0.836270,0.541881,-0.877212,1
1.714000,0.085903,0.027612,0.694142,0.541881,-1.080708,1
1.715000,0.085903,0.027612,0.694142,0.541881,-1.080716,1
1.716000,0.085903,0.027612,0.694142,0.541881,-1.080725,1
1.717000,0.085903,0.027612,0.694142,0.541881,-1.080733,1
1.718000,0.085903,0.027612,0.694142,0.541881,-1.080741,1
1.719000,0.085903,0.027612,0.694142,0.541881,-1.080749,1
1.720000,0.085903,0.027612,0.694142,0.541881,-1.080758,1
1.721000,0.085903,0.027612,0.623503,0.541881,-1.151405,1
1.722000,0.085903,0.027612,0.623503,0.541881,-1.151413,1
1.723000,0.085903,0.027612,0.623503,0.541881,-1.151422,1
1.724000,0.085903,0.027612,0.623503,0.541881,-1.151430,1
1.725000,0.085903,0.027612,0.623503,0.541881,-1.151438,1
1.726000,0.085903,0.027612,0.623503,0.541881,-1.151447,1
1.727000,0.085903,0.027612,0.623503,0.541881,-1.151455,1
1.728000,0.085903,0.027612,0.593454,0.541881,-1.181512,1
1.729000,0.085903,0.027612,0.593454,0.541881,-1.181520,1
1.730000,0.085903,0.027612,0.593454,0.541881,-1.181529,1
1.731000,0.085903,0.027612,0.477871,0.541881,-1.297120,1
1.732000,0.085903,0.027612,0.477871,0.541881,-1.297128,1
1.733000,0.085903,0.027612,0.477871,0.541881,-1.297136,1
1.734000,0.085903,0.027612,0.427859,0.528875,-1.321144,1
1.735000,0.085903,0.027612,0.375499,0.451118,-1.218000,1
1.736000,0.085903,0.027612,0.375499,0.451118,-1.218008,1
1.737000,0.085903,0.027612,0.375499,0.451118,-1.218016,1
1.738000,0.085903,0.027612,0.375499,0.451118,-1.218025,1
1.739000,0.085903,0.027612,0.364355,0.435129,-1.197199,1
1.740000,0.082835,0.027612,0.256304,0.393363,-1.227861,1
1.741000,0.082835,0.024544,0.256304,0.385681,-1.151146,1
1.742000,0.082835,0.024544,0.256304,0.385681,-1.151153,1
1.743000,0.079767,0.024544,0.256304,0.385681,-1.157297,1
1.744000,0.079767,0.024544,0.256304,0.385681,-1.157304,1
1.745000,0.079767,0.021476,0.256304,0.385681,-1.095951,1
1.746000,0.079767,0.021476,0.256304,0.385681,-1.095958,1
1.747000,0.079767,0.021476,0.256304,0.385681,-1.095964,1
1.748000,0.076699,0.021476,0.256304,0.385681,-1.102106,1
1.749000,0.076699,0.018408,0.256304,0.385681,-1.040753,1
1.750000,0.076699,0.018408,0.256304,0.385681,-1.040758,1
1.751000,0.076699,0.018408,0.256304,0.385681,-1.040764,1
1.752000,0.073631,0.018408,0.256304,0.385681,-1.046905,1
1.753000,0.073631,0.015340,0.256304,0.385681,-0.985551,1
1.754000,0.073631,0.015340,0.256304,0.385681,-0.985555,1
1.755000,0.070563,0.012272,-0.360097,-0.800360,1.425345,1
1.756000,0.070563,0.012272,-0.360097,-0.800360,1.425342,1
1.757000,0.070563,0.012272,-0.360097,-0.800360,1.425338,1
1.758000,0.070563,0.012272,-0.360097,-0.800360,1.425334,1
1.759000,0.067495,0.009204,-0.360097,-0.800360,1.480555,1
1.760000,0.067495,0.006136,-0.360097,-0.800360,1.541912,1
1.761000,0.067495,0.006136,-0.360097,-0.800360,1.541910,1
1.762000,0.067495,0.003068,-0.360097,-0.800360,1.603269,1
1.763000,0.067495,0.003068,-0.360097,-0.800360,1.603268,1
1.764000,0.064427,0.003068,-0.360097,-0.800360,1.597131,1
1.765000,0.064427,0.003068,-0.360097,-0.800360,1.597130,1
1.766000,0.064427,0.003068,-0.360097,-0.800360,1.597129,1
1.767000,0.064427,0.000000,-0.360097,-1.069336,2.196441,1
1.768000,0.064427,0.000000,-0.360097,-1.069336,2.196441,1
1.769000,0.064427,0.000000,-0.360097,-1.069336,2.196441,1
1.770000,0.064427,0.000000,-0.360097,-1.069336,2.196441,1
1.771000,0.064427,0.000000,-0.360097,-1.069336,2.196441,1
1.772000,0.064427,0.000000,-0.360097,-1.069336,2.196441,1
1.773000,0.064427,0.000000,-0.360097,-1.069336,2.196441,1
1.774000,0.064427,0.000000,-0.360097,-1.069336,2.196441,1
1.775000,0.064427,0.000000,-0.360097,-1.069336,2.196441,1
1.776000,0.064427,0.000000,-0.360097,-1.069336,2.196441,1
1.777000,0.067495,0.003068,-0.755272,0.904140,-2.800911,1
1.778000,0.070563,0.006136,-0.755272,0.740348,-2.528552,1
1.779000,0.070563,0.006136,-0.755272,0.740348,-2.528554,1
1.780000,0.070563,0.006136,-0.755272,0.740348,-2.528555,1
1.781000,0.070563,0.006136,-0.755272,0.740348,-2.528557,1
1.782000,0.070563,0.006136,-0.755272,0.740348,-2.528559,1
1.783000,0.070563,0.006136,-0.755272,0.740348,-2.528561,1
1.784000,0.070563,0.006136,-0.755272,0.698469,-2.444804,1
1.785000,0.070563,0.009204,-0.755272,0.681116,-2.471460,1
1.786000,0.073631,0.012272,-0.755272,0.681116,-2.526687,1
1.787000,0.073631,0.012272,-0.755272,0.681116,-2.526691,1
1.788000,0.073631,0.015340,-0.755272,0.681116,-2.588055,1
1.789000,0.073631,0.015340,-0.755272,0.681116,-2.588059,1
1.790000,0.073631,0.015340,-0.755272,0.681116,-2.588064,1
1.791000,0.073631,0.015340,-0.755272,0.681116,-2.588069,1
1.792000,0.073631,0.018408,-0.755272,0.681116,-2.649433,1
1.793000,0.073631,0.018408,-0.755272,0.681116,-2.649439,1
1.794000,0.073631,0.018408,-0.755272,0.681116,-2.649444,1
1.795000,0.073631,0.018408,-0.755272,0.681116,-2.649450,1
1.796000,0.073631,0.018408,-0.755272,0.681116,-2.649456,1
1.797000,0.073631,0.018408,-0.755272,0.681116,-2.649461,1
1.798000,0.073631,0.018408,0.680149,0.681116,-1.214046,1
1.799000,0.073631,0.015340,0.557006,0.681116,-1.275834,1
1.800000,0.073631,0.015340,0.532537,0.681116,-1.300308,1
1.801000,0.070563,0.015340,0.557173,0.681116,-1.281812,1
1.802000,0.070563,0.015340,0.557173,0.681116,-1.281817,1
1.803000,0.070563,0.015340,0.557173,-0.661148,2.002706,1
1.804000,0.070563,0.012272,0.557173,-0.644526,2.030818,1
1.805000,0.070563,0.012272,0.557173,-0.644526,2.030815,1
1.806000,0.070563,0.009204,0.557173,-0.644526,2.092171,1
1.807000,0.067495,0.009204,0.557173,-0.644526,2.086032,1
1.808000,0.067495,0.006136,0.557173,-0.644526,2.147390,1
1.809000,0.067495,0.006136,0.557173,-0.644526,2.147388,1
1.810000,0.067495,0.009204,0.557173,-2.053340,4.903655,1
1.811000,0.067495,0.009204,0.557173,-2.053340,4.903652,1
1.812000,0.067495,0.006136,0.557173,-2.053340,4.965009,1
1.813000,0.067495,0.006136,0.557173,-2.053340,4.965008,1
1.814000,0.070563,0.006136,0.557173,-2.053340,4.971142,1
1.815000,0.070563,0.006136,0.557173,-2.053340,4.971140,1
1.816000,0.070563,0.006136,0.557173,-2.053340,4.971138,1
1.817000,0.070563,0.006136,0.557173,-2.053340,4.971136,1
1.818000,0.070563,0.006136,0.557173,-2.053340,4.971134,1
1.819000,0.070563,0.006136,0.557173,-2.053340,4.971132,1
1.820000,0.079767,0.012272,0.399212,-2.010327,4.622830,1
1.821000,0.079767,0.015340,0.399212,-2.010327,4.561466,1
1.822000,0.082835,0.018408,0.399212,1.908513,-3.931443,1
1.823000,0.085903,0.018408,0.399212,1.651193,-3.410672,1
1.824000,0.085903,0.024544,0.399212,1.606190,-3.443392,1
1.825000,0.088971,0.030680,0.399212,1.606190,-3.559983,1
1.826000,0.095107,0.036816,1.992731,3.196036,-5.256615,1
1.827000,0.095107,0.036816,1.992731,3.196036,-5.256626,1
1.828000,0.095107,0.036816,1.992731,3.196036,-5.256637,1
1.829000,0.095107,0.036816,1.992731,3.196036,-5.256648,1
1.830000,0.095107,0.036816,1.992731,3.196036,-5.256659,1
1.831000,0.098175,0.039884,1.992731,3.102193,-5.124209,1
1.832000,0.098175,0.039884,1.992731,2.476229,-3.872292,1
1.833000,0.098175,0.042951,1.824143,2.059236,-3.268266,1
1.834000,0.098175,0.042951,1.824143,2.059236,-3.268279,1
1.835000,0.101243,0.042951,1.407024,1.542890,-2.646583,1
1.836000,0.101243,0.042951,1.407024,1.542890,-2.646596,1
1.837000,0.101243,0.042951,1.263028,1.371437,-2.447698,1
1.838000,0.101243,0.042951,1.046978,1.120393,-2.161673,1
1.839000,0.101243,0.042951,0.964390,1.026336,-2.056161,1
1.840000,0.101243,0.042951,0.894481,0.947525,-1.968461,1
1.841000,0.101243,0.042951,0.833699,0.879594,-1.893393,1
1.842000,0.101243,0.042951,0.780935,0.821065,-1.829112,1
1.843000,0.098175,0.042951,-0.733901,0.769233,-3.246432,1
1.844000,0.098175,0.039884,-0.655391,-0.683424,0.000000,1
1.845000,0.098175,0.039884,-0.655391,-0.683424,0.000000,1
1.846000,0.092039,0.036816,-1.550245,-0.588648,-1.236603,1
1.847000,0.092039,0.036816,-1.550245,-0.588648,-1.236614,1
1.848000,0.092039,0.036816,-1.550245,-0.588648,-1.236625,1
1.849000,0.092039,0.036816,-1.550245,-0.588648,-1.236636,1
1.850000,0.092039,0.036816,-1.550245,-0.588648,-1.236647,1
1.851000,0.092039,0.036816,-1.550245,-0.588648,-1.236658,1
1.852000,0.092039,0.036816,-1.550245,-0.588648,-1.236669,1
1.853000,0.092039,0.036816,-1.550245,-0.588648,-1.236681,1
1.854000,0.092039,0.033748,-1.550245,-0.588648,-1.175331,1
1.855000,0.092039,0.033748,-1.550245,-0.588648,-1.175342,1
1.856000,0.082835,0.030680,-0.497520,-0.588648,0.520326,1
1.857000,0.082835,0.030680,-0.497520,-0.588648,0.520317,1
1.858000,0.082835,0.030680,-0.497520,-0.588648,0.520308,1
1.859000,0.079767,0.027612,-0.497520,-0.588648,0.575523,1
1.860000,0.079767,0.027612,-0.497520,-0.588648,0.575514,1
1.861000,0.079767,0.027612,-0.497520,-0.588648,0.575506,1
1.862000,0.079767,0.027612,-0.497520,-0.588648,0.575498,1
1.863000,0.079767,0.027612,-0.497520,-0.588648,0.575490,1
1.864000,0.079767,0.027612,-0.497520,-0.588648,0.575481,1
1.865000,0.079767,0.024544,-0.497520,-0.736629,0.932796,1
1.866000,0.079767,0.024544,-0.497520,-0.736629,0.932789,1
1.867000,0.079767,0.024544,-0.497520,-0.736629,0.932781,1
1.868000,0.076699,0.021476,-0.497520,-0.736629,0.987998,1
1.869000,0.076699,0.021476,-0.497520,-0.736629,0.987992,1
1.870000,0.076699,0.021476,-0.497520,-0.736629,0.987985,1
1.871000,0.076699,0.021476,-0.497520,-0.736629,0.987979,1
1.872000,0.073631,0.021476,-0.497520,-0.736629,0.981836,1
1.873000,0.073631,0.018408,-0.497520,-0.736629,1.043190,1
1.874000,0.073631,0.018408,-0.497520,-0.736629,1.043185,1
1.875000,0.073631,0.018408,-0.497520,-0.736629,1.043179,1
1.876000,0.073631,0.018408,-0.497520,-0.736629,1.043174,1
1.877000,0.073631,0.018408,-0.497520,-0.736629,1.043168,1
1.878000,0.073631,0.018408,-0.497520,-0.736629,1.043162,1
1.879000,0.073631,0.018408,-0.497520,-0.736629,1.043157,1
1.880000,0.073631,0.018408,-0.497520,-0.736629,1.043151,1
1.881000,0.073631,0.018408,-0.497520,-0.736629,1.043146,1
1.882000,0.070563,0.015340,-0.990968,-0.736629,0.604916,1
1.883000,0.070563,0.015340,-0.990968,-0.665029,0.461710,1
1.884000,0.070563,0.015340,-0.990968,-0.630879,0.000000,1
1.885000,0.070563,0.015340,-0.990968,-0.600182,0.000000,1
1.886000,0.070563,0.015340,-0.990968,-0.572113,0.000000,1
1.887000,0.070563,0.015340,-0.990968,-0.546553,0.000000,1
1.888000,0.070563,0.015340,-0.990968,-0.523384,0.000000,1
1.889000,0.070563,0.015340,-0.990968,-0.501975,-0.464424,1
1.890000,0.070563,0.015340,-0.990968,-0.501975,-0.464429,1
1.891000,0.070563,0.015340,-0.990968,-0.501975,-0.464433,1
1.892000,0.070563,0.015340,-0.990968,-0.501975,-0.464438,1
1.893000,0.070563,0.015340,-0.990968,-0.501975,-0.464443,1
1.894000,0.070563,0.015340,-0.990968,-0.482241,-0.503916,1
1.895000,0.070563,0.015340,-0.708349,-0.402979,0.000000,1
1.896000,0.070563,0.015340,-0.669696,-0.390168,0.000000,1
1.897000,0.070563,0.015340,-0.635091,-0.378163,0.000000,1
1.898000,0.067495,0.015340,-0.603883,-0.366873,0.000000,1
1.899000,0.067495,0.015340,-0.603883,-0.366873,0.000000,1
1.900000,0.067495,0.015340,-0.603883,-0.366873,0.000000,1
1.901000,0.067495,0.015340,-0.603883,-0.366873,0.000000,1
1.902000,0.067495,0.015340,-0.575455,-0.356184,0.000000,1
1.903000,0.067495,0.015340,-0.575455,-0.356184,0.000000,1
1.904000,0.067495,0.015340,-0.575455,-0.356184,0.000000,1
1.905000,0.067495,0.015340,-0.504500,-0.327660,0.000000,1
1.906000,0.067495,0.015340,-0.449144,-0.303376,0.000000,1
1.907000,0.067495,0.015340,-0.449144,-0.303376,0.000000,1
1.908000,0.067495,0.015340,-0.449144,-0.303376,0.000000,1
1.909000,0.067495,0.015340,-0.433298,-0.296062,0.000000,1
1.910000,0.067495,0.015340,-0.379713,-0.270025,0.000000,1
1.911000,0.067495,0.012272,-0.368272,-0.266381,0.000000,1
1.912000,0.067495,0.012272,-0.357561,-0.266381,0.000000,1
1.913000,0.064427,0.012272,-0.347447,-0.266381,0.000000,1
1.914000,0.064427,0.012272,-0.337876,-0.266381,0.000000,1
1.915000,0.064427,0.012272,-0.328847,-0.266381,0.000000,1
1.916000,0.064427,0.012272,-0.320220,-0.266381,0.000000,1
1.917000,0.064427,0.012272,-0.312059,-0.266381,0.000000,1
1.918000,0.064427,0.012272,-0.304345,-0.266381,0.000000,1
1.919000,0.064427,0.012272,-0.296973,-0.266381,0.000000,1
1.920000,0.064427,0.012272,-0.289955,-0.266381,0.000000,1
1.921000,0.064427,0.012272,-0.283282,-0.266381,0.000000,1
1.922000,0.064427,0.012272,-0.276853,-0.266381,0.000000,1
1.923000,0.064427,0.012272,-0.270795,-0.266381,0.000000,1
1.924000,0.064427,0.012272,-0.264916,-0.266381,0.000000,1
1.925000,0.061359,0.012272,-0.259315,-0.266381,0.000000,1
1.926000,0.061359,0.012272,-0.253965,-0.266381,0.000000,1
1.927000,0.061359,0.012272,-0.253965,-0.266381,0.000000,1
1.928000,0.061359,0.012272,-0.253965,-0.266381,0.000000,1
1.929000,0.061359,0.012272,-0.248833,-0.266381,0.000000,1
1.930000,0.061359,0.015340,-0.234546,-0.266381,0.000000,1
1.931000,0.061359,0.015340,-0.230160,-0.266381,0.000000,1
1.932000,0.061359,0.015340,-0.225901,-0.266381,0.000000,1
1.933000,0.061359,0.015340,-0.221813,-0.266381,0.000000,1
1.934000,0.061359,0.015340,-0.217874,-0.266381,0.000000,1
1.935000,0.061359,0.015340,-0.217874,-0.266381,0.000000,1
1.936000,0.061359,0.015340,-0.217874,-0.266381,0.000000,1
1.937000,0.061359,0.015340,-0.217874,-0.266381,0.000000,1
1.938000,0.061359,0.015340,-0.217874,-0.266381,0.000000,1
1.939000,0.061359,0.015340,-0.217874,-0.266381,0.000000,1
1.940000,0.061359,0.015340,-0.214070,-0.266381,0.000000,1
1.941000,0.061359,0.015340,-0.214070,-0.266381,0.000000,1
1.942000,0.061359,0.015340,-0.214070,-0.266381,0.000000,1
1.943000,0.061359,0.015340,-0.196922,-0.266381,0.000000,1
1.944000,0.061359,0.015340,-0.196922,-0.266381,0.000000,1
1.945000,0.061359,0.015340,-0.196922,-0.266381,0.000000,1
1.946000,0.061359,0.015340,-0.196922,-0.266381,0.000000,1
1.947000,0.061359,0.015340,-0.196922,-0.266381,0.000000,1
1.948000,0.061359,0.015340,-0.196922,-0.266381,0.000000,1
1.949000,0.061359,0.015340,-0.187870,-0.266381,0.000000,1
1.950000,0.061359,0.015340,-0.172060,-0.266381,0.464625,1
1.951000,0.061359,0.015340,-0.172060,-0.266381,0.464620,1
1.952000,0.061359,0.015340,-0.172060,-0.266381,0.464615,1
1.953000,0.061359,0.015340,-0.172060,-0.266381,0.464611,1
1.954000,0.061359,0.015340,-0.172060,-0.266381,0.464606,1
1.955000,0.061359,0.015340,-0.172060,-0.266381,0.464602,1
1.956000,0.061359,0.015340,-0.172060,-0.266381,0.464597,1
1.957000,0.061359,0.015340,-0.165121,-0.266381,0.471532,1
1.958000,0.061359,0.015340,-0.154702,0.264567,-1.179951,1
1.959000,0.061359,0.015340,-0.154702,0.264567,-1.179955,1
1.960000,0.061359,0.015340,-0.154702,0.264567,-1.179960,1
1.961000,0.061359,0.015340,-0.154702,0.264567,-1.179964,1
1.962000,0.061359,0.015340,-0.154702,0.264567,-1.179969,1
1.963000,0.061359,0.015340,-0.154702,0.264567,-1.179974,1
1.964000,0.061359,0.015340,-0.152783,0.259003,-1.166931,1
1.965000,0.061359,0.015340,-0.152783,0.259003,-1.166935,1
1.966000,0.061359,0.015340,-0.152783,0.259003,-1.166940,1
1.967000,0.061359,0.015340,-0.142158,0.229878,-1.098069,1
1.968000,0.061359,0.015340,-0.142158,0.229878,-1.098074,1
1.969000,0.061359,0.015340,-0.142158,0.229878,-1.098078,1
1.970000,0.061359,0.018408,-0.137396,0.217643,-1.130213,1
1.971000,0.061359,0.018408,-0.137396,0.217643,-1.130219,1
1.972000,0.061359,0.018408,-0.137396,0.217643,-1.130224,1
1.973000,0.061359,0.018408,-0.137396,0.217643,-1.130230,1
1.974000,0.061359,0.018408,-0.137396,0.217643,-1.130235,1
1.975000,0.061359,0.018408,-0.132919,0.206650,-1.103777,1
1.976000,0.061359,0.018408,-0.124808,0.187687,-1.057744,1
1.977000,0.058291,0.018408,-0.273497,0.184864,-1.206929,1
1.978000,0.058291,0.018408,-0.273497,0.182118,-1.201444,1
1.979000,0.058291,0.018408,-0.273497,0.179470,-1.196154,1
1.980000,0.058291,0.015340,-0.273497,-0.176883,0.000000,1
1.981000,0.058291,0.015340,-0.273497,-0.174365,0.000000,1
1.982000,0.058291,0.015340,-0.273497,-0.171915,0.000000,1
1.983000,0.058291,0.015340,-0.273497,-0.169541,0.000000,1
1.984000,0.055223,0.015340,-0.273497,-0.167243,0.000000,1
1.985000,0.055223,0.015340,-0.273497,-0.164995,-0.452027,1
1.986000,0.055223,0.015340,-0.273497,-0.162806,-0.456410,1
1.987000,0.055223,0.015340,-0.273497,-0.160661,-0.460705,1
1.988000,0.055223,0.012272,-0.273497,-0.160008,0.000000,1
1.989000,0.055223,0.012272,-0.273497,-0.160008,0.000000,1
1.990000,0.052155,0.012272,-0.273497,-0.160008,0.000000,1
1.991000,0.052155,0.012272,-0.273497,-0.160008,0.000000,1
1.992000,0.052155,0.012272,-0.273497,-0.160008,0.000000,1
1.993000,0.052155,0.012272,-0.273497,-0.160008,0.000000,1
1.994000,0.052155,0.012272,-0.273497,-0.160008,0.000000,1
1.995000,0.049087,0.012272,-0.273497,-0.160008,0.000000,1
1.996000,0.049087,0.009204,-0.273497,-0.160008,0.000000,1
1.997000,0.049087,0.009204,-0.273497,-0.160008,0.000000,1
1.998000,0.049087,0.009204,-0.273497,-0.160008,0.000000,1
1.999000,0.049087,0.009204,-0.273497,-0.160008,0.000000,1
2.000000,0.049087,0.009204,-0.273497,-0.160008,0.000000,1
2.001000,0.046019,0.009204,-0.159633,-0.160008,0.000000,1
2.002000,0.042951,0.006136,-0.159633,-0.160008,0.000000,1
2.003000,0.039884,0.006136,-0.159633,-0.160008,0.000000,1
2.004000,0.039884,0.003068,-0.159633,-0.160008,0.466561,1
2.005000,0.039884,0.003068,-0.159633,-0.160008,0.466561,1
2.006000,0.039884,0.003068,-0.159633,-0.160008,0.466560,1
2.007000,0.039884,0.003068,-0.159633,-0.160008,0.466559,1
2.008000,0.039884,0.003068,-0.159633,-0.160008,0.466558,1
2.009000,0.039884,0.003068,-0.159633,-0.160008,0.466557,1
2.010000,0.039884,0.003068,-0.159633,-0.160008,0.466556,1
2.011000,0.039884,0.003068,-0.159633,-0.160008,0.466555,1
2.012000,0.039884,0.003068,-0.159633,-0.160008,0.466554,1
2.013000,0.039884,0.003068,-0.159633,-0.160008,0.466553,1
2.014000,0.039884,0.003068,-0.159633,-0.160008,0.466552,1
2.015000,0.039884,0.003068,-0.159633,-0.160008,0.466551,1
2.016000,0.039884,0.003068,-0.159633,-0.160008,0.466550,1
2.017000,0.039884,0.003068,-0.159633,-0.160008,0.466549,1
2.018000,0.039884,0.003068,-0.159633,-0.160008,0.466549,1
2.019000,0.039884,0.003068,-0.159633,-0.160008,0.466548,1
2.020000,0.039884,0.003068,-0.159633,-0.160008,0.466547,1
2.021000,0.039884,0.003068,-0.159633,-0.160008,0.466546,1
2.022000,0.039884,0.003068,-0.159633,-0.160008,0.466545,1
2.023000,0.039884,0.003068,-0.159633,-0.160008,0.466544,1
2.024000,0.039884,0.003068,-0.159633,-0.160008,0.466543,1
2.025000,0.039884,0.003068,-0.159633,-0.160008,0.466542,1
2.026000,0.039884,0.003068,-0.159633,-0.160008,0.466541,1
2.027000,0.039884,0.003068,-0.159633,-0.160008,0.466540,1
2.028000,0.039884,0.003068,-0.159633,-0.160008,0.466539,1
2.029000,0.039884,0.003068,-0.159633,-0.160008,0.466538,1
2.030000,0.039884,0.003068,-0.159633,-0.160008,0.466537,1
2.031000,0.036816,0.003068,-0.159633,-0.160008,0.460401,1
2.032000,0.036816,0.003068,-0.159633,-0.160008,0.460400,1
2.033000,0.036816,0.003068,-0.159633,-0.160008,0.460399,1
2.034000,0.036816,0.000000,-0.159633,-0.291674,0.785089,1
2.035000,0.036816,0.000000,-0.159633,-0.291674,0.785089,1
2.036000,0.036816,0.000000,-0.159633,-0.291674,0.785089,1
2.037000,0.036816,0.000000,-0.159633,-0.291674,0.785089,1
2.038000,0.036816,0.000000,-0.159633,-0.291674,0.785089,1
2.039000,0.036816,0.000000,-0.159633,-0.291674,0.785089,1
2.040000,0.036816,0.000000,-0.159633,-0.291674,0.785089,1
2.041000,0.036816,0.000000,-0.159633,-0.291674,0.785089,1
2.042000,0.036816,0.003068,-0.159633,-0.291674,0.723729,1
2.043000,0.036816,0.003068,-0.159633,-0.291674,0.723728,1
2.044000,0.036816,0.003068,-0.159633,-0.291674,0.723727,1
2.045000,0.036816,0.003068,-0.159633,-0.291674,0.723726,1
2.046000,0.036816,0.003068,-0.159633,-0.291674,0.723725,1
2.047000,0.036816,0.003068,-0.159633,-0.291674,0.723724,1
2.048000,0.036816,0.003068,-0.159633,-0.291674,0.723723,1
2.049000,0.036816,0.003068,-0.159633,-0.291674,0.723722,1
2.050000,0.036816,0.003068,-0.159633,-0.291674,0.723721,1
2.051000,0.036816,0.003068,-0.159633,-0.291674,0.723720,1
2.052000,0.039884,0.006136,-0.159633,-0.291674,0.668495,1
2.053000,0.039884,0.006136,-0.159633,-0.291674,0.668493,1
2.054000,0.039884,0.006136,-0.159633,-0.291674,0.668492,1
2.055000,0.039884,0.006136,-0.159633,-0.291674,0.668490,1
2.056000,0.042951,0.009204,0.523549,0.459346,-0.805594,1
2.057000,0.042951,0.009204,0.523549,0.459346,-0.805596,1
2.058000,0.042951,0.009204,0.523549,0.459346,-0.805599,1
2.059000,0.042951,0.009204,0.523549,0.459346,-0.805602,1
2.060000,0.042951,0.009204,0.523549,0.459346,-0.805605,1
2.061000,0.042951,0.009204,0.523549,0.459346,-0.805608,1
2.062000,0.042951,0.012272,0.523549,0.459346,-0.866970,1
2.063000,0.042951,0.012272,0.523549,0.459346,-0.866974,1
2.064000,0.042951,0.012272,0.523549,0.459346,-0.866978,1
2.065000,0.046019,0.012272,0.523549,0.459346,-0.860846,1
2.066000,0.046019,0.015340,0.523549,0.459346,-0.922209,1
2.067000,0.046019,0.015340,0.523549,0.459346,-0.922214,1
2.068000,0.046019,0.015340,0.523549,0.459346,-0.922219,1
2.069000,0.046019,0.015340,0.523549,0.459346,-0.922223,1
2.070000,0.046019,0.015340,0.523549,0.459346,-0.922228,1
2.071000,0.046019,0.015340,0.523549,0.459346,-0.922232,1
2.072000,0.046019,0.015340,0.523549,0.459346,-0.922237,1
2.073000,0.046019,0.015340,0.523549,0.459346,-0.922242,1
2.074000,0.046019,0.015340,0.523549,0.459346,-0.922246,1
2.075000,0.046019,0.015340,0.523549,0.459346,-0.922251,1
2.076000,0.046019,0.015340,0.523549,0.459346,-0.922255,1
2.077000,0.046019,0.015340,0.523549,0.459346,-0.922260,1
2.078000,0.046019,0.018408,0.523549,0.459346,-0.983625,1
2.079000,0.046019,0.018408,0.523549,0.459346,-0.983630,1
2.080000,0.046019,0.018408,0.523549,0.459346,-0.983636,1
2.081000,0.046019,0.018408,0.517531,0.459346,-0.989660,1
2.082000,0.046019,0.018408,0.496703,0.459346,-1.010494,1
2.083000,0.046019,0.018408,0.477271,0.456309,-1.023858,1
2.084000,0.046019,0.018408,0.459444,0.439987,-1.009045,1
2.085000,0.046019,0.018408,0.442987,0.424872,-0.995278,1
2.086000,0.046019,0.018408,0.442987,0.424872,-0.995284,1
2.087000,0.046019,0.018408,0.442987,0.424872,-0.995290,1
2.088000,0.046019,0.018408,0.427454,0.410562,-0.982208,1
2.089000,0.046019,0.018408,0.427454,0.410562,-0.982214,1
2.090000,0.046019,0.018408,0.427454,0.410562,-0.982219,1
2.091000,0.046019,0.018408,0.427454,0.410562,-0.982225,1
2.092000,0.046019,0.018408,0.427454,0.410562,-0.982230,1
2.093000,0.042951,0.015340,-0.399621,-0.384820,0.000000,1
2.094000,0.042951,0.015340,-0.399621,-0.384820,0.000000,1
2.095000,0.042951,0.015340,-0.399621,-0.384820,0.000000,1
2.096000,0.039884,0.015340,-0.343681,-0.332677,0.000000,1
2.097000,0.039884,0.015340,-0.343681,-0.332677,0.000000,1
2.098000,0.039884,0.012272,-0.317029,-0.321269,0.000000,1
2.099000,0.036816,0.012272,-0.294225,-0.321269,0.464034,1
2.100000,0.033748,0.009204,-0.153677,-0.321269,0.659802,1
2.101000,0.033748,0.009204,-0.153677,-0.321269,0.659800,1
2.102000,0.033748,0.009204,-0.153677,-0.321269,0.659797,1
2.103000,0.033748,0.009204,-0.153677,-0.321269,0.659794,1
2.104000,0.033748,0.009204,-0.153677,-0.321269,0.659791,1
2.105000,0.033748,0.009204,-0.153677,-0.321269,0.659789,1
2.106000,0.033748,0.009204,-0.153677,-0.321269,0.659786,1
2.107000,0.033748,0.009204,-0.153677,-0.321269,0.659783,1
2.108000,0.033748,0.006136,-0.153677,-0.321269,0.721140,1
2.109000,0.033748,0.006136,-0.153677,-0.321269,0.721139,1
2.110000,0.033748,0.006136,-0.153677,-0.321269,0.721137,1
2.111000,0.030680,0.006136,-0.153677,-0.321269,0.714999,1
2.112000,0.030680,0.006136,-0.153677,-0.321269,0.714997,1
2.113000,0.030680,0.006136,-0.153677,-0.321269,0.714995,1
2.114000,0.030680,0.003068,-0.153677,-0.321269,0.776354,1
2.115000,0.030680,0.003068,-0.153677,-0.321269,0.776353,1
2.116000,0.030680,0.003068,-0.153677,-0.321269,0.776352,1
2.117000,0.030680,0.003068,-0.153677,-0.321269,0.776351,1
2.118000,0.030680,0.003068,-0.153677,-0.321269,0.776350,1
2.119000,0.030680,0.003068,-0.153677,-0.321269,0.776349,1
2.120000,0.027612,0.003068,-0.153677,-0.321269,0.770212,1
2.121000,0.027612,0.003068,-0.153677,-0.321269,0.770211,1
2.122000,0.027612,0.003068,-0.153677,-0.321269,0.770210,1
2.123000,0.027612,0.000000,-0.153677,-0.567950,1.324932,1
2.124000,0.027612,0.000000,-0.153677,-0.567950,1.324932,1
2.125000,0.027612,0.000000,-0.153677,-0.567950,1.324932,1
2.126000,0.027612,0.000000,-0.153677,-0.567950,1.324932,1
2.127000,0.027612,0.000000,-0.153677,-0.567950,1.324932,1
2.128000,0.027612,0.000000,-0.153677,-0.567950,1.324932,1
2.129000,0.027612,0.000000,-0.153677,-0.567950,1.324932,1
2.130000,0.027612,0.000000,-0.153677,-0.567950,1.324932,1
2.131000,0.027612,0.000000,-0.153677,-0.567950,1.324932,1
2.132000,0.027612,0.000000,-0.153677,-0.567950,1.324932,1
2.133000,0.027612,0.000000,-0.153677,-0.567950,1.324932,1
2.134000,0.027612,0.000000,-0.153677,-0.567950,1.324932,1
2.135000,0.027612,0.000000,-0.153677,-0.567950,1.324932,1
2.136000,0.027612,0.000000,-0.153677,-0.567950,1.324932,1
2.137000,0.027612,0.000000,-0.153677,-0.567950,1.324932,1
2.138000,0.027612,0.000000,-0.153677,-0.567950,1.324932,1
2.139000,0.027612,0.000000,-0.153677,-0.567950,1.324932,1
2.140000,0.027612,0.000000,-0.153677,-0.567950,1.324932,1
2.141000,0.027612,0.000000,-0.153677,-0.567950,1.324932,1
2.142000,0.027612,0.000000,-0.153677,-0.567950,1.324932,1
2.143000,0.027612,0.000000,-0.153677,-0.567950,1.324932,1
2.144000,0.030680,0.006136,-0.594032,0.489165,-1.946238,1
2.145000,0.030680,0.006136,-0.594032,0.489165,-1.946240,1
2.146000,0.030680,0.006136,-0.594032,0.489165,-1.946242,1
2.147000,0.030680,0.006136,-0.594032,0.489165,-1.946243,1
2.148000,0.030680,0.006136,-0.594032,0.489165,-1.946245,1
2.149000,0.030680,0.006136,-0.594032,0.489165,-1.946247,1
2.150000,0.030680,0.006136,-0.594032,0.489165,-1.946249,1
2.151000,0.030680,0.006136,-0.594032,0.489165,-1.946251,1
2.152000,0.030680,0.006136,-0.594032,0.489165,-1.946253,1
2.153000,0.030680,0.006136,-0.594032,0.489165,-1.946254,1
2.154000,0.030680,0.006136,-0.594032,0.489165,-1.946256,1
2.155000,0.030680,0.006136,-0.594032,0.489165,-1.946258,1
2.156000,0.033748,0.009204,-0.594032,0.440596,-1.904345,1
2.157000,0.033748,0.009204,-0.594032,0.440596,-1.904348,1
2.158000,0.033748,0.009204,-0.594032,0.440596,-1.904351,1
2.159000,0.049087,0.024544,0.386627,1.269264,-2.857153,1
2.160000,0.049087,0.024544,0.386627,1.269264,-2.857160,1
2.161000,0.049087,0.024544,0.386627,1.269264,-2.857168,1
2.162000,0.052155,0.030680,0.386627,1.269264,-2.973760,1
2.163000,0.052155,0.030680,0.386627,1.269264,-2.973769,1
2.164000,0.052155,0.030680,0.386627,1.269264,-2.973778,1
2.165000,0.052155,0.030680,0.386627,1.269264,-2.973787,1
2.166000,0.052155,0.030680,0.386627,1.269264,-2.973796,1
2.167000,0.055223,0.033748,1.181067,1.725553,-3.147167,1
2.168000,0.055223,0.033748,1.181067,1.725553,-3.147177,1
2.169000,0.055223,0.033748,1.181067,1.725553,-3.147187,1
2.170000,0.055223,0.033748,1.181067,1.725553,-3.147197,1
2.171000,0.055223,0.033748,1.181067,1.725553,-3.147208,1
2.172000,0.058291,0.039884,1.181067,1.725553,-3.263802,1
2.173000,0.058291,0.039884,1.181067,1.725553,-3.263814,1
2.174000,0.058291,0.039884,1.181067,1.725553,-3.263826,1
2.175000,0.058291,0.039884,1.181067,1.725553,-3.263838,1
2.176000,0.061359,0.042951,1.043510,1.071577,-2.148679,1
2.177000,0.061359,0.042951,1.043510,1.071577,-2.148692,1
2.178000,0.061359,0.042951,1.043510,1.071577,-2.148705,1
2.179000,0.061359,0.042951,1.043510,1.071577,-2.148718,1
2.180000,0.061359,0.042951,1.043510,1.071577,-2.148731,1
2.181000,0.058291,0.039884,0.946686,-0.703230,1.959270,1
2.182000,0.058291,0.039884,0.946686,-0.703230,1.959258,1
2.183000,0.058291,0.039884,0.946686,-0.703230,1.959246,1
2.184000,0.055223,0.036816,0.946686,-0.602765,1.813528,1
2.185000,0.055223,0.036816,0.946686,-0.602765,1.813517,1
2.186000,0.055223,0.036816,0.946686,-0.602765,1.813506,1
2.187000,0.055223,0.036816,0.946686,-0.602765,1.813495,1
2.188000,0.055223,0.036816,0.946686,-0.602765,1.813484,1
2.189000,0.055223,0.036816,0.946686,-0.602765,1.813473,1
2.190000,0.055223,0.036816,0.946686,-0.602765,1.813462,1
2.191000,0.055223,0.036816,0.946686,-0.602765,1.813451,1
2.192000,0.055223,0.036816,0.946686,-0.602765,1.813440,1
2.193000,0.052155,0.033748,0.946686,-0.602765,1.868653,1
2.194000,0.052155,0.033748,0.946686,-0.602765,1.868643,1
2.195000,0.052155,0.033748,0.946686,-0.602765,1.868633,1
2.196000,0.046019,0.024544,-0.860760,-1.624451,2.276358,1
2.197000,0.046019,0.024544,-0.860760,-1.624451,2.276350,1
2.198000,0.042951,0.021476,-0.860760,-1.624451,2.331567,1
2.199000,0.042951,0.021476,-0.860760,-1.624451,2.331561,1
2.200000,0.042951,0.021476,-0.860760,-1.624451,2.331554,1
2.201000,0.042951,0.021476,-0.860760,-1.624451,2.331548,1
2.202000,0.042951,0.021476,-0.860760,-1.624451,2.331541,1
2.203000,0.042951,0.021476,-0.860760,-1.624451,2.331535,1
2.204000,0.042951,0.021476,-0.860760,-1.624451,2.331528,1
2.205000,0.042951,0.021476,-0.860760,-1.163469,1.409557,1
2.206000,0.042951,0.021476,-0.860760,-1.163469,1.409551,1
2.207000,0.042951,0.021476,-0.860760,-1.163469,1.409544,1
2.208000,0.046019,0.021476,0.752394,-0.741863,2.185617,1
2.209000,0.046019,0.021476,0.752394,-0.741863,2.185610,1
2.210000,0.046019,0.021476,0.752394,-0.741863,2.185604,1
2.211000,0.046019,0.021476,0.752394,-0.741863,2.185598,1
2.212000,0.046019,0.021476,0.752394,-0.741863,2.185591,1
2.213000,0.046019,0.021476,0.752394,-0.741863,2.185585,1
2.214000,0.046019,0.024544,0.635424,0.627897,-1.332271,1
2.215000,0.046019,0.024544,0.635424,0.627897,-1.332278,1
2.216000,0.046019,0.024544,0.635424,0.627897,-1.332286,1
2.217000,0.046019,0.024544,0.635424,0.627897,-1.332293,1
2.218000,0.046019,0.024544,0.635424,0.627897,-1.332300,1
2.219000,0.046019,0.024544,0.635424,0.627897,-1.332308,1
2.220000,0.052155,0.030680,0.484818,0.480423,-1.298423,1
2.221000,0.052155,0.030680,0.484818,0.480423,-1.298433,1
2.222000,0.052155,0.030680,0.484818,0.480423,-1.298442,1
2.223000,0.052155,0.030680,0.484818,0.480423,-1.298451,1
2.224000,0.052155,0.030680,0.484818,0.480423,-1.298460,1
2.225000,0.052155,0.030680,0.484818,0.480423,-1.298469,1
2.226000,0.061359,0.042951,0.480539,0.480050,-1.529043,1
2.227000,0.070563,0.058291,1.152436,3.266504,-6.000000,1
2.228000,0.070563,0.058291,1.152436,3.266504,-6.000000,1
2.229000,0.070563,0.058291,1.152436,3.266504,-6.000000,1
2.230000,0.070563,0.058291,1.152436,3.266504,-6.000000,1
2.231000,0.070563,0.058291,1.152436,3.266504,-6.000000,1
2.232000,0.070563,0.058291,1.152436,3.266504,-6.000000,1
2.233000,0.070563,0.058291,1.152436,3.266504,-6.000000,1
2.234000,0.070563,0.058291,1.152436,3.266504,-6.000000,1
2.235000,0.073631,0.061359,1.152436,3.003981,-6.000000,1
2.236000,0.073631,0.061359,1.152436,3.003981,-6.000000,1
2.237000,0.073631,0.061359,1.152436,3.003981,-6.000000,1
2.238000,0.073631,0.061359,1.152436,3.003981,-6.000000,1
2.239000,0.073631,0.061359,1.152436,3.003981,-6.000000,1
2.240000,0.073631,0.061359,1.152436,3.003981,-6.000000,1
2.241000,0.079767,0.073631,1.368849,1.711919,-3.681521,1
2.242000,0.079767,0.073631,1.368849,1.711919,-3.681543,1
2.243000,0.079767,0.073631,1.368849,1.711919,-3.681565,1
2.244000,0.079767,0.073631,1.368849,1.711919,-3.681588,1
2.245000,0.079767,0.073631,1.368849,1.711919,-3.681610,1
2.246000,0.079767,0.073631,1.368849,1.711919,-3.681632,1
2.247000,0.079767,0.079767,1.368849,1.375198,-3.130931,1
2.248000,0.079767,0.079767,1.368849,1.375198,-3.130955,1
2.249000,0.079767,0.079767,1.368849,1.375198,-3.130979,1
2.250000,0.073631,0.073631,-0.888207,-0.835018,-0.857180,1
2.251000,0.073631,0.073631,-0.888207,-0.835018,-0.857202,1
2.252000,0.073631,0.073631,-0.888207,-0.835018,-0.857224,1
2.253000,0.073631,0.073631,-0.888207,-0.835018,-0.857246,1
2.254000,0.073631,0.073631,-0.888207,-0.835018,-0.857268,1
2.255000,0.073631,0.073631,-0.888207,-0.835018,-0.857290,1
2.256000,0.073631,0.073631,-0.888207,-0.835018,-0.857312,1
2.257000,0.073631,0.073631,-0.888207,-0.835018,-0.857334,1
2.258000,0.073631,0.073631,-0.888207,-0.835018,-0.857356,1
2.259000,0.067495,0.070563,-0.795600,-0.835018,-0.715684,1
2.260000,0.067495,0.070563,-0.795600,-0.835018,-0.715705,1
2.261000,0.067495,0.070563,-0.795600,-0.835018,-0.715726,1
2.262000,0.042951,0.046019,-2.487789,-2.610368,2.184559,1
2.263000,0.042951,0.046019,-2.487789,-2.610368,2.184545,1
2.264000,0.042951,0.046019,-2.487789,-2.610368,2.184531,1
2.265000,0.042951,0.046019,-2.487789,-2.610368,2.184517,1
2.266000,0.042951,0.046019,-2.487789,-2.610368,2.184504,1
2.267000,0.042951,0.046019,-2.487789,-2.610368,2.184490,1
2.268000,0.033748,0.036816,-3.028652,-3.196950,2.982449,1
2.269000,0.033748,0.036816,-3.028652,-3.196950,2.982438,1
2.270000,0.033748,0.036816,-3.028652,-3.196950,2.982427,1
2.271000,0.033748,0.036816,-3.028652,-3.196950,2.982416,1
2.272000,0.033748,0.036816,-3.028652,-3.196950,2.982405,1
2.273000,0.033748,0.036816,-3.028652,-3.196950,2.982394,1
2.274000,0.012272,0.018408,-3.244946,-3.208396,3.114190,1
2.275000,0.012272,0.018408,-3.244946,-3.208396,3.114185,1
2.276000,0.012272,0.018408,-3.244946,-3.208396,3.114179,1
2.277000,0.012272,0.018408,-3.244946,-3.208396,3.114174,1
2.278000,0.012272,0.018408,-3.244946,-3.208396,3.114168,1
2.279000,0.012272,0.018408,-3.244946,-3.208396,3.114163,1
2.280000,-0.006136,-0.003068,-3.191395,-4.529610,6.000000,1
2.281000,-0.006136,-0.003068,-3.191395,-4.529610,6.000000,1
2.282000,-0.006136,-0.003068,-3.191395,-4.529610,6.000000,1
2.283000,-0.021476,-0.021476,-3.086092,-2.495341,2.577092,1
2.284000,-0.021476,-0.021476,-3.086092,-2.495341,2.577098,1
2.285000,-0.021476,-0.021476,-3.086092,-2.495341,2.577105,1
2.286000,-0.021476,-0.021476,-3.086092,-2.495341,2.577111,1
2.287000,-0.021476,-0.021476,-3.086092,-2.495341,2.577118,1
2.288000,-0.021476,-0.021476,-3.086092,-2.495341,2.577124,1
2.289000,-0.027612,-0.024544,-2.579398,-2.400055,2.942339,1
2.290000,-0.027612,-0.024544,-2.579398,-2.400055,2.942347,1
2.291000,-0.027612,-0.024544,-2.579398,-2.400055,2.942354,1
2.292000,-0.027612,-0.024544,-2.579398,-2.400055,2.942361,1
2.293000,-0.027612,-0.024544,-2.579398,-2.400055,2.942369,1
2.294000,-0.027612,-0.024544,-2.579398,-2.400055,2.942376,1
2.295000,-0.033748,-0.030680,-1.747798,-1.703802,2.491927,1
2.296000,-0.033748,-0.030680,-1.747798,-1.703802,2.491936,1
2.297000,-0.033748,-0.030680,-1.747798,-1.703802,2.491946,1
2.298000,-0.033748,-0.030680,-1.747798,-1.703802,2.491955,1
2.299000,-0.033748,-0.030680,-1.747798,-1.703802,2.491964,1
2.300000,-0.033748,-0.030680,-1.747798,-1.703802,2.491973,1
2.301000,-0.033748,-0.027612,-0.941804,-0.952959,1.734930,1
2.302000,-0.033748,-0.027612,-0.941804,-0.952959,1.734938,1
2.303000,-0.033748,-0.027612,-0.941804,-0.952959,1.734947,1
2.304000,-0.033748,-0.027612,-0.941804,-0.952959,1.734955,1
2.305000,-0.033748,-0.027612,-0.941804,-0.952959,1.734963,1
2.306000,-0.033748,-0.027612,-0.941804,-0.952959,1.734971,1
2.307000,-0.030680,-0.021476,-1.438154,-0.952959,1.122045,1
2.308000,-0.030680,-0.021476,-1.438154,-0.952959,1.122052,1
2.309000,-0.030680,-0.021476,-1.438154,-0.952959,1.122058,1
2.310000,-0.030680,-0.021476,-1.438154,-0.952959,1.122065,1
2.311000,-0.030680,-0.021476,-1.438154,-0.952959,1.122071,1
2.312000,-0.030680,-0.021476,-1.438154,-0.952959,1.122077,1
2.313000,-0.024544,-0.012272,-1.438154,1.308030,-4.171702,1
2.314000,-0.024544,-0.012272,-1.438154,1.308030,-4.171699,1
2.315000,-0.024544,-0.012272,-1.438154,1.308030,-4.171695,1
2.316000,-0.024544,-0.012272,-1.438154,1.308030,-4.171691,1
2.317000,-0.024544,-0.012272,-1.438154,1.308030,-4.171688,1
2.318000,-0.024544,-0.012272,-1.438154,1.308030,-4.171684,1
2.319000,-0.012272,0.003068,0.698614,2.106137,-3.913383,1
2.320000,-0.012272,0.003068,0.698614,2.106137,-3.913384,1
2.321000,-0.012272,0.003068,0.698614,2.106137,-3.913385,1
2.322000,-0.012272,0.003068,0.698614,2.106137,-3.913386,1
2.323000,-0.012272,0.003068,0.698614,2.106137,-3.913387,1
2.324000,-0.012272,0.003068,0.698614,2.106137,-3.913388,1
2.325000,0.000000,0.021476,1.662514,2.964174,-5.009181,1
2.326000,0.000000,0.021476,1.662514,2.964174,-5.009187,1
2.327000,0.000000,0.021476,1.662514,2.964174,-5.009194,1
2.328000,0.000000,0.021476,1.662514,2.964174,-5.009200,1
2.329000,0.000000,0.021476,1.662514,2.964174,-5.009207,1
2.330000,0.000000,0.021476,1.662514,2.964174,-5.009213,1
2.331000,0.009204,0.039884,2.054496,3.816664,-6.000000,1
2.332000,0.009204,0.039884,2.054496,3.816664,-6.000000,1
2.333000,0.009204,0.039884,2.054496,3.816664,-6.000000,1
2.334000,0.009204,0.039884,2.054496,3.816664,-6.000000,1
2.335000,0.009204,0.039884,2.054496,3.816664,-6.000000,1
2.336000,0.009204,0.039884,2.054496,3.816664,-6.000000,1
2.337000,0.015340,0.046019,1.392188,1.890016,-3.591502,1
2.338000,0.015340,0.046019,1.392188,1.890016,-3.591516,1
2.339000,0.015340,0.046019,1.392188,1.890016,-3.591530,1
2.340000,0.015340,0.046019,1.392188,1.890016,-3.591543,1
2.341000,0.015340,0.046019,1.392188,1.890016,-3.591557,1
2.342000,0.012272,0.049087,-0.828161,1.438315,-4.976016,1
2.343000,0.012272,0.049087,-0.828161,1.438315,-4.976030,1
2.344000,0.012272,0.049087,-0.828161,1.438315,-4.976045,1
2.345000,0.012272,0.049087,-0.828161,1.438315,-4.976060,1
2.346000,0.012272,0.049087,-0.828161,1.438315,-4.976074,1
2.347000,0.012272,0.049087,-0.828161,1.438315,-4.976089,1
2.348000,0.006136,0.046019,-1.547278,-0.906747,-0.956008,1
2.349000,0.006136,0.046019,-1.547278,-0.906747,-0.956022,1
2.350000,0.006136,0.046019,-1.547278,-0.906747,-0.956035,1
2.351000,0.006136,0.046019,-1.547278,-0.906747,-0.956049,1
2.352000,0.006136,0.046019,-1.547278,-0.906747,-0.956063,1
2.353000,0.006136,0.046019,-1.547278,-0.906747,-0.956077,1
2.354000,-0.009204,0.033748,-0.769330,-0.727286,0.000000,1
2.355000,-0.009204,0.033748,-0.769330,-0.727286,0.000000,1
2.356000,-0.009204,0.033748,-0.769330,-0.727286,0.000000,1
2.357000,-0.009204,0.033748,-0.769330,-0.727286,0.000000,1
2.358000,-0.009204,0.033748,-0.769330,-0.727286,0.000000,1
2.359000,-0.009204,0.033748,-0.769330,-0.727286,0.000000,1
2.360000,-0.027612,0.015340,-3.156824,-2.474703,1.716322,1
2.361000,-0.027612,0.015340,-3.156824,-2.474703,1.716317,1
2.362000,-0.027612,0.015340,-3.156824,-2.474703,1.716312,1
2.363000,-0.027612,0.015340,-3.156824,-2.474703,1.716308,1
2.364000,-0.027612,0.015340,-3.156824,-2.474703,1.716303,1
2.365000,-0.027612,0.015340,-3.156824,-2.474703,1.716299,1
2.366000,-0.052155,-0.009204,-4.097521,-4.015328,4.298641,1
2.367000,-0.052155,-0.009204,-4.097521,-4.015328,4.298644,1
2.368000,-0.052155,-0.009204,-4.097521,-4.015328,4.298647,1
2.369000,-0.079767,-0.033748,-4.134642,-4.208693,5.083915,1
2.370000,-0.088971,-0.049087,-4.135977,-4.430914,5.815425,1
2.371000,-0.088971,-0.049087,-4.135977,-4.430914,5.815440,1
2.372000,-0.095107,-0.052155,-4.135977,-4.430914,5.864543,1
2.373000,-0.095107,-0.052155,-4.135977,-4.430914,5.864559,1
2.374000,-0.095107,-0.052155,-4.135977,-4.430914,5.864574,1
2.375000,-0.101243,-0.061359,-3.829650,-4.763299,6.000000,1
2.376000,-0.101243,-0.061359,-3.829650,-4.763299,6.000000,1
2.377000,-0.101243,-0.061359,-3.829650,-4.763299,6.000000,1
2.378000,-0.107379,-0.070563,-3.829650,-3.498357,4.649476,1
2.379000,-0.107379,-0.070563,-3.829650,-3.498357,4.649497,1
2.380000,-0.107379,-0.070563,-3.829650,-3.498357,4.649518,1
2.381000,-0.113515,-0.076699,-2.813819,-3.015926,4.810958,1
2.382000,-0.113515,-0.076699,-2.813819,-3.015926,4.810981,1
2.383000,-0.113515,-0.076699,-2.813819,-3.015926,4.811004,1
2.384000,-0.116583,-0.082835,-2.813819,-2.268940,3.433639,1
2.385000,-0.116583,-0.082835,-2.813819,-2.268940,3.433664,1
2.386000,-0.116583,-0.082835,-2.813819,-2.268940,3.433688,1
2.387000,-0.119651,-0.082835,-1.821278,-1.459448,2.801133,1
2.388000,-0.119651,-0.082835,-1.821278,-1.459448,2.801158,1
2.389000,-0.119651,-0.082835,-1.821278,-1.459448,2.801183,1
2.390000,-0.119651,-0.082835,-1.260736,-1.076063,2.594982,1
2.391000,-0.116583,-0.082835,-1.299338,-0.796455,2.003324,1
2.392000,-0.116583,-0.079767,-1.299338,0.747763,-1.746447,1
2.393000,-0.116583,-0.079767,-1.299338,0.704890,-1.660678,1
2.394000,-0.116583,-0.070563,-1.299338,0.671711,-1.778376,1
2.395000,-0.116583,-0.070563,-1.299338,0.671711,-1.778355,1
2.396000,-0.116583,-0.070563,1.007871,0.671711,1.128874,1
2.397000,-0.116583,-0.070563,1.007871,0.671711,1.128895,1
2.398000,-0.113515,-0.070563,0.931808,0.671711,1.058990,1
2.399000,-0.113515,-0.070563,0.758801,0.671711,0.886004,1
2.400000,-0.113515,-0.070563,0.758801,0.671711,0.886025,1
2.401000,-0.113515,-0.070563,0.758801,0.671711,0.886046,1
2.402000,-0.113515,-0.070563,0.758801,0.671711,0.886067,1
2.403000,-0.113515,-0.070563,0.758801,0.671711,0.886089,1
2.404000,-0.113515,-0.070563,0.639983,0.671711,0.767292,1
2.405000,-0.113515,-0.070563,0.639983,0.671711,0.767313,1
2.406000,-0.113515,-0.070563,0.579489,0.671711,0.706840,1
2.407000,-0.113515,-0.070563,0.579489,0.671711,0.706861,1
2.408000,-0.113515,-0.070563,0.579489,0.671711,0.706882,1
2.409000,-0.113515,-0.070563,0.579489,0.671711,0.706904,1
2.410000,-0.113515,-0.070563,0.579489,0.671711,0.706925,1
2.411000,-0.113515,-0.070563,0.579489,0.671711,0.706946,1
2.412000,-0.113515,-0.070563,0.579489,0.671711,0.706967,1
2.413000,-0.113515,-0.070563,0.579489,0.671711,0.706988,1
2.414000,-0.113515,-0.070563,0.579489,0.671711,0.707009,1
2.415000,-0.113515,-0.067495,0.553356,0.671711,0.619538,1
2.416000,-0.113515,-0.067495,0.468929,0.553645,0.771263,1
2.417000,-0.113515,-0.064427,0.451599,0.538108,0.723667,1
2.418000,-0.113515,-0.064427,0.435566,0.538108,0.707654,1
2.419000,-0.113515,-0.064427,0.420678,0.538108,0.692785,1
2.420000,-0.110447,-0.064427,0.369887,0.538108,0.648149,1
2.421000,-0.110447,-0.064427,0.369887,0.538108,0.648169,1
2.422000,-0.110447,-0.061359,0.359130,0.538108,0.576070,1
2.423000,-0.110447,-0.061359,0.359130,0.538108,0.576089,1
2.424000,-0.110447,-0.061359,0.359130,0.538108,0.576107,1
2.425000,-0.110447,-0.061359,0.359130,0.538108,0.576126,1
2.426000,-0.110447,-0.061359,0.359130,0.538108,0.576144,1
2.427000,-0.110447,-0.061359,0.359130,0.538108,0.576162,1
2.428000,-0.107379,-0.061359,0.339242,0.538108,0.562429,1
2.429000,-0.107379,-0.061359,0.339242,0.538108,0.562448,1
2.430000,-0.107379,-0.061359,0.339242,0.538108,0.562466,1
2.431000,-0.107379,-0.061359,0.339242,0.538108,0.562484,1
2.432000,-0.107379,-0.061359,0.339242,0.538108,0.562503,1
2.433000,-0.107379,-0.061359,0.339242,0.538108,0.562521,1
2.434000,-0.107379,-0.061359,0.339242,0.538108,0.562540,1
2.435000,-0.107379,-0.061359,0.339242,0.538108,0.562558,1
2.436000,-0.107379,-0.061359,0.339242,0.538108,0.562576,1
2.437000,-0.104311,-0.058291,0.347165,0.538108,0.515294,1
2.438000,-0.104311,-0.058291,0.347165,0.538108,0.515311,1
2.439000,-0.104311,-0.058291,0.347165,0.538108,0.515328,1
2.440000,-0.101243,-0.055223,0.347165,0.538108,0.460122,1
2.441000,-0.095107,-0.055223,0.347165,0.504309,0.540008,1
2.442000,-0.095107,-0.052155,0.347165,0.485199,0.516884,1
2.443000,-0.095107,-0.052155,0.347165,0.485199,0.516900,1
2.444000,-0.092039,-0.052155,0.683114,0.485199,0.859000,1
2.445000,-0.092039,-0.052155,0.683114,0.485199,0.859016,1
2.446000,-0.092039,-0.052155,0.683114,0.485199,0.859031,1
2.447000,-0.092039,-0.052155,0.683114,0.485199,0.859047,1
2.448000,-0.088971,-0.049087,0.683114,0.485199,0.803838,1
2.449000,-0.088971,-0.049087,0.683114,0.485199,0.803853,1
2.450000,-0.085903,-0.049087,0.683114,0.485199,0.810004,1
2.451000,-0.085903,-0.049087,0.683114,0.485199,0.810019,1
2.452000,-0.085903,-0.049087,0.683114,0.485199,0.810033,1
2.453000,-0.082835,-0.046019,0.683114,0.485199,0.754824,1
2.454000,-0.082835,-0.046019,0.683114,0.485199,0.754838,1
2.455000,-0.082835,-0.046019,0.683114,0.485199,0.754851,1
2.456000,-0.082835,-0.046019,0.683114,0.485199,0.754865,1
2.457000,-0.082835,-0.046019,0.683114,0.485199,0.754879,1
2.458000,-0.082835,-0.046019,0.683114,0.485199,0.754893,1
2.459000,-0.082835,-0.046019,0.683114,0.485199,0.754907,1
2.460000,-0.082835,-0.046019,0.683114,0.485199,0.754920,1
2.461000,-0.082835,-0.046019,0.683114,0.485199,0.754934,1
2.462000,-0.082835,-0.046019,0.683114,0.485199,0.754948,1
2.463000,-0.076699,-0.042951,0.968619,0.485199,0.991378,1
2.464000,-0.076699,-0.042951,0.968619,0.485199,0.991391,1
2.465000,-0.076699,-0.042951,0.968619,0.485199,0.991404,1
2.466000,-0.076699,-0.042951,0.968619,0.485199,0.991417,1
2.467000,-0.076699,-0.042951,0.968619,0.485199,0.991430,1
2.468000,-0.076699,-0.042951,0.968619,0.485199,0.991443,1
2.469000,-0.073631,-0.039884,0.968619,0.659764,0.587102,1
2.470000,-0.073631,-0.039884,0.968619,0.659764,0.587114,1
2.471000,-0.073631,-0.039884,0.968619,0.659764,0.587126,1
2.472000,-0.064427,-0.033748,1.117811,0.659764,0.632018,1
2.473000,-0.058291,-0.030680,1.117811,0.659764,0.582940,1
2.474000,-0.058291,-0.027612,1.117811,0.980986,-0.720855,1
2.475000,-0.055223,-0.027612,1.271687,0.980986,-0.560835,1
2.476000,-0.055223,-0.027612,1.271687,0.980986,-0.560827,1
2.477000,-0.055223,-0.027612,1.271687,0.980986,-0.560819,1
2.478000,-0.055223,-0.027612,1.271687,0.980986,-0.560811,1
2.479000,-0.055223,-0.024544,1.271687,0.980986,-0.622162,1
2.480000,-0.055223,-0.024544,1.271687,0.980986,-0.622155,1
2.481000,-0.055223,-0.024544,1.271687,0.980986,-0.622148,1
2.482000,-0.055223,-0.024544,1.271687,0.980986,-0.622140,1
2.483000,-0.055223,-0.024544,1.271687,0.980986,-0.622133,1
2.484000,-0.055223,-0.024544,1.271687,0.980986,-0.622126,1
2.485000,-0.052155,-0.021476,1.271687,0.980986,-0.677343,1
2.486000,-0.052155,-0.021476,1.271687,0.980986,-0.677336,1
2.487000,-0.052155,-0.021476,1.271687,0.980986,-0.677330,1
2.488000,-0.042951,-0.015340,1.352301,1.100263,-0.939576,1
2.489000,-0.042951,-0.015340,1.352301,1.100263,-0.939572,1
2.490000,-0.042951,-0.015340,1.352301,1.100263,-0.939567,1
2.491000,-0.042951,-0.015340,1.352301,1.100263,-0.939563,1
2.492000,-0.042951,-0.015340,1.352301,1.100263,-0.939558,1
2.493000,-0.042951,-0.015340,1.352301,1.100263,-0.939553,1
2.494000,-0.039884,-0.015340,1.352301,1.100263,-0.933413,1
2.495000,-0.039884,-0.015340,1.352301,1.100263,-0.933408,1
2.496000,-0.039884,-0.015340,1.352301,1.100263,-0.933404,1
2.497000,-0.039884,-0.015340,1.352301,1.100263,-0.933399,1
2.498000,-0.039884,-0.015340,1.352301,1.100263,-0.933394,1
2.499000,-0.039884,-0.015340,1.352301,1.100263,-0.933390,1
2.500000,-0.033748,-0.009204,1.247493,1.100263,-1.148642,1
2.501000,-0.033748,-0.009204,1.247493,1.100263,-1.148639,1
2.502000,-0.033748,-0.009204,1.247493,1.100263,-1.148636,1
2.503000,-0.027612,-0.009204,1.199218,0.776134,-0.536378,1
2.504000,-0.024544,-0.006136,1.199218,0.619609,0.000000,1
2.505000,-0.024544,-0.006136,1.199218,0.589775,0.000000,1
2.506000,-0.024544,-0.006136,1.199218,0.589775,0.000000,1
2.507000,-0.024544,-0.006136,1.199218,0.589775,0.000000,1
2.508000,-0.024544,-0.006136,1.154966,0.562750,0.000000,1
2.509000,-0.021476,-0.006136,0.900223,0.494561,0.000000,1
2.510000,-0.021476,-0.006136,0.900223,0.494561,0.000000,1
2.511000,-0.018408,-0.006136,0.951188,0.425907,0.473110,1
2.512000,-0.018408,-0.006136,0.951188,0.425907,0.473111,1
2.513000,-0.018408,-0.006136,0.951188,0.425907,0.473113,1
2.514000,-0.018408,-0.006136,0.951188,0.411676,0.501576,1
2.515000,-0.018408,-0.006136,0.951188,0.398238,0.528454,1
2.516000,-0.015340,-0.006136,0.951188,0.385768,0.559533,1
2.517000,-0.015340,-0.006136,0.951188,0.373985,0.583101,1
2.518000,-0.012272,-0.006136,0.951188,0.342672,0.651865,1
2.519000,-0.012272,-0.006136,0.951188,0.342672,0.651867,1
2.520000,-0.012272,-0.006136,0.951188,0.342672,0.651868,1
2.521000,-0.012272,-0.006136,0.951188,0.333406,0.670401,1
2.522000,-0.009204,-0.006136,0.796034,0.293488,0.601221,1
2.523000,-0.009204,-0.006136,0.796034,0.293488,0.601223,1
2.524000,-0.009204,-0.006136,0.796034,0.293488,0.601225,1
2.525000,-0.006136,-0.006136,0.723090,0.286626,0.548143,1
2.526000,-0.006136,-0.006136,0.723090,0.273826,0.573745,1
2.527000,-0.006136,-0.006136,0.723090,0.273826,0.573746,1
2.528000,-0.006136,-0.006136,0.723090,0.273826,0.573748,1
2.529000,-0.006136,-0.006136,0.723090,0.273826,0.573750,1
2.530000,-0.003068,-0.006136,0.723090,0.251410,0.624719,1
2.531000,-0.003068,-0.006136,0.723090,0.251410,0.624721,1
2.532000,-0.003068,-0.006136,0.723090,0.251410,0.624723,1
2.533000,-0.003068,-0.006136,0.723090,0.251410,0.624725,1
2.534000,-0.003068,-0.006136,0.723090,0.251410,0.624727,1
2.535000,-0.003068,-0.006136,0.723090,0.251410,0.624729,1
2.536000,0.000000,-0.003068,0.723090,0.246693,0.578941,1
2.537000,0.003068,-0.003068,0.723090,0.246693,0.585078,1
2.538000,0.003068,-0.003068,0.723090,0.246693,0.585079,1
2.539000,0.003068,-0.003068,0.723090,0.246693,0.585079,1
2.540000,0.003068,-0.003068,0.723090,0.246693,0.585080,1
2.541000,0.003068,-0.003068,0.723090,0.246693,0.585081,1
2.542000,0.009204,0.000000,0.883855,0.246693,0.696759,1
2.543000,0.009204,0.000000,0.883855,0.246693,0.696759,1
2.544000,0.009204,0.000000,0.883855,0.246693,0.696759,1
2.545000,0.015340,0.003068,0.883855,0.246693,0.647670,1
2.546000,0.015340,0.003068,0.883855,0.246693,0.647669,1
2.547000,0.015340,0.003068,0.883855,0.246693,0.647668,1
2.548000,0.015340,0.003068,0.883855,0.246693,0.647667,1
2.549000,0.015340,0.003068,0.883855,0.246693,0.647667,1
2.550000,0.015340,0.003068,0.883855,0.246693,0.647666,1
2.551000,0.021476,0.006136,1.041236,0.246693,0.755957,1
2.552000,0.021476,0.006136,1.041236,0.246693,0.755955,1
2.553000,0.021476,0.006136,1.041236,0.246693,0.755954,1
2.554000,0.021476,0.006136,1.041236,0.246693,0.755952,1
2.555000,0.021476,0.006136,1.041236,0.246693,0.755950,1
2.556000,0.027612,0.009204,1.041236,0.544986,-0.489726,1
2.557000,0.027612,0.009204,1.041236,0.544986,-0.489729,1
2.558000,0.027612,0.009204,1.041236,0.544986,-0.489732,1
2.559000,0.027612,0.009204,1.041236,0.544986,-0.489734,1
2.560000,0.030680,0.012272,1.230504,0.544986,0.000000,1
2.561000,0.030680,0.012272,1.230504,0.544986,0.000000,1
2.562000,0.033748,0.012272,1.230504,0.544986,0.000000,1
2.563000,0.039884,0.015340,1.230504,0.544986,0.000000,1
2.564000,0.039884,0.015340,1.230504,0.544986,0.000000,1
2.565000,0.039884,0.015340,1.230504,0.544986,0.000000,1
2.566000,0.039884,0.015340,1.230504,0.544986,0.000000,1
2.567000,0.039884,0.015340,1.230504,0.544986,0.000000,1
2.568000,0.039884,0.015340,1.230504,0.544986,0.000000,1
2.569000,0.039884,0.015340,1.230504,0.544986,0.000000,1
2.570000,0.042951,0.018408,1.355830,0.544986,0.000000,1
2.571000,0.049087,0.021476,1.355830,0.805331,-0.898370,1
2.572000,0.049087,0.021476,1.355830,0.805331,-0.898377,1
2.573000,0.049087,0.021476,1.355830,0.805331,-0.898383,1
2.574000,0.049087,0.021476,1.355830,0.805331,-0.898390,1
2.575000,0.049087,0.021476,1.355830,0.805331,-0.898396,1
2.576000,0.049087,0.021476,1.355830,0.805331,-0.898403,1
2.577000,0.049087,0.021476,1.355830,0.805331,-0.898409,1
2.578000,0.052155,0.024544,1.355830,0.805331,-0.953640,1
2.579000,0.052155,0.024544,1.355830,0.805331,-0.953647,1
2.580000,0.055223,0.024544,1.362042,0.805331,-0.941307,1
2.581000,0.055223,0.024544,1.362042,0.805331,-0.941314,1
2.582000,0.055223,0.024544,1.362042,0.805331,-0.941322,1
2.583000,0.055223,0.024544,1.362042,0.805331,-0.941329,1
2.584000,0.061359,0.027612,1.362042,0.805331,-0.990425,1
2.585000,0.061359,0.027612,1.362042,0.805331,-0.990433,1
2.586000,0.061359,0.027612,1.362042,0.805331,-0.990441,1
2.587000,0.061359,0.027612,1.362042,0.805331,-0.990450,1
2.588000,0.067495,0.030680,1.306485,0.635582,-0.755605,1
2.589000,0.067495,0.030680,1.306485,0.635582,-0.755614,1
2.590000,0.067495,0.030680,1.306485,0.635582,-0.755623,1
2.591000,0.067495,0.030680,1.306485,0.635582,-0.755632,1
2.592000,0.070563,0.030680,1.306485,0.550195,-0.578733,1
2.593000,0.070563,0.030680,1.306485,0.550195,-0.578742,1
2.594000,0.070563,0.030680,1.306485,0.550195,-0.578751,1
2.595000,0.070563,0.030680,1.306485,0.526587,-0.531544,1
2.596000,0.073631,0.030680,1.306485,0.504990,-0.482223,1
2.597000,0.079767,0.030680,0.978967,0.379907,-0.547312,1
2.598000,0.079767,0.030680,0.978967,0.379907,-0.547321,1
2.599000,0.079767,0.030680,0.978967,0.379907,-0.547330,1
2.600000,0.079767,0.030680,0.978967,0.379907,-0.547340,1
2.601000,0.079767,0.030680,0.978967,0.379907,-0.547349,1
2.602000,0.079767,0.030680,0.978967,0.379907,-0.547358,1
2.603000,0.079767,0.030680,0.978967,0.379907,-0.547367,1
2.604000,0.079767,0.030680,0.978967,0.368536,-0.524634,1
2.605000,0.079767,0.030680,0.978967,0.368536,-0.524643,1
2.606000,0.079767,0.030680,0.978967,0.357762,-0.503104,1
2.607000,0.079767,0.030680,0.978967,0.347592,-0.482775,1
2.608000,0.082835,0.030680,0.978967,0.276984,0.000000,1
2.609000,0.085903,0.027612,0.801841,-0.259448,1.227794,1
2.610000,0.085903,0.027612,0.670623,-0.244000,1.065672,1
2.611000,0.088971,0.027612,0.575929,-0.230227,0.949559,1
2.612000,0.088971,0.027612,0.504873,-0.217964,0.853969,1
2.613000,0.092039,0.027612,0.565368,-0.206928,0.898518,1
2.614000,0.095107,0.027612,0.565368,-0.196958,0.884707,1
2.615000,0.098175,0.030680,0.565368,0.187921,-0.540284,1
2.616000,0.101243,0.033748,0.565368,0.179689,-0.579053,1
2.617000,0.101243,0.033748,0.565368,0.179689,-0.579063,1
2.618000,0.101243,0.033748,0.565368,0.179689,-0.579073,1
2.619000,0.101243,0.033748,0.565368,0.179689,-0.579083,1
2.620000,0.101243,0.033748,0.565368,0.179689,-0.579094,1
2.621000,0.101243,0.033748,0.565368,0.179689,-0.579104,1
2.622000,0.101243,0.033748,0.565368,0.179689,-0.579114,1
2.623000,0.101243,0.033748,0.565368,0.179689,-0.579124,1
2.624000,0.101243,0.033748,0.565368,0.179689,-0.579134,1
2.625000,0.101243,0.033748,0.565368,0.179689,-0.579144,1
2.626000,0.101243,0.033748,0.565368,0.179689,-0.579154,1
2.627000,0.101243,0.033748,0.565368,0.179689,-0.579164,1
2.628000,0.101243,0.033748,0.565368,0.179689,-0.579175,1
2.629000,0.101243,0.033748,0.565368,0.179689,-0.579185,1
2.630000,0.101243,0.033748,0.565368,0.179689,-0.579195,1
2.631000,0.101243,0.033748,0.565368,0.179689,-0.579205,1
2.632000,0.101243,0.033748,0.565368,0.179689,-0.579215,1
2.633000,0.101243,0.033748,0.565368,0.179689,-0.579225,1
2.634000,0.101243,0.033748,0.565368,0.179689,-0.579235,1
2.635000,0.101243,0.033748,0.565368,0.179689,-0.579245,1
2.636000,0.101243,0.033748,0.565368,0.179689,-0.579256,1
2.637000,0.101243,0.033748,0.565368,0.179689,-0.579266,1
2.638000,0.101243,0.033748,0.565368,0.179689,-0.579276,1
2.639000,0.101243,0.033748,0.565368,0.179689,-0.579286,1
2.640000,0.101243,0.033748,0.565368,0.179689,-0.579296,1
2.641000,0.101243,0.033748,0.565368,0.179689,-0.579306,1
2.642000,0.101243,0.033748,0.565368,0.179689,-0.579316,1
2.643000,0.104311,0.033748,0.645934,0.179689,-0.492624,1
2.644000,0.104311,0.033748,0.645934,0.179689,-0.492634,1
2.645000,0.104311,0.033748,0.645934,0.179689,-0.492644,1
2.646000,0.104311,0.033748,0.645934,0.179689,-0.492654,1
2.647000,0.107379,0.033748,0.645934,0.179689,-0.486528,1
2.648000,0.107379,0.033748,0.645934,0.179689,-0.486539,1
2.649000,0.107379,0.036816,0.645934,0.179689,-0.547909,1
2.650000,0.107379,0.036816,0.645934,0.179689,-0.547920,1
2.651000,0.110447,0.036816,0.645934,0.179689,-0.541795,1
2.652000,0.110447,0.036816,0.645934,0.179689,-0.541806,1
2.653000,0.110447,0.036816,0.645934,0.179689,-0.541817,1
2.654000,0.113515,0.036816,0.645934,0.179689,-0.535692,1
2.655000,0.116583,0.036816,0.870562,0.179689,0.000000,1
2.656000,0.116583,0.036816,0.870562,0.179689,0.000000,1
2.657000,0.116583,0.036816,0.870562,0.179689,0.000000,1
2.658000,0.116583,0.036816,0.870562,0.179689,0.000000,1
2.659000,0.116583,0.036816,0.870562,0.179689,0.000000,1
2.660000,0.116583,0.036816,0.870562,0.179689,0.000000,1
2.661000,0.116583,0.036816,0.870562,0.179689,0.000000,1
2.662000,0.116583,0.036816,0.870562,0.179689,0.000000,1
2.663000,0.116583,0.036816,0.870562,0.179689,0.000000,1
2.664000,0.116583,0.036816,0.870562,0.179689,0.000000,1
2.665000,0.116583,0.036816,0.870562,0.179689,0.000000,1
2.666000,0.116583,0.036816,0.870562,0.179689,0.000000,1
2.667000,0.116583,0.036816,0.870562,0.179689,0.000000,1
2.668000,0.116583,0.036816,0.870562,0.179689,0.000000,1
2.669000,0.119651,0.036816,0.870562,0.179689,0.000000,1
2.670000,0.122718,0.036816,0.870562,0.179689,0.000000,1
2.671000,0.122718,0.036816,0.870562,0.179689,0.000000,1
2.672000,0.122718,0.039884,0.870562,0.179689,0.000000,1
2.673000,0.122718,0.039884,0.840104,0.179689,0.000000,1
2.674000,0.125786,0.039884,0.786300,0.179689,0.000000,1
2.675000,0.125786,0.039884,0.738983,0.179689,-0.479694,1
2.676000,0.125786,0.039884,0.696845,0.179689,-0.521845,1
2.677000,0.125786,0.039884,0.659319,0.179689,-0.559383,1
2.678000,0.125786,0.039884,0.659319,0.179689,-0.559395,1
2.679000,0.125786,0.039884,0.659319,0.179689,-0.559407,1
2.680000,0.125786,0.039884,0.659319,0.179689,-0.559419,1
2.681000,0.125786,0.039884,0.659319,0.179689,-0.559431,1
2.682000,0.125786,0.039884,0.659319,0.179689,-0.559443,1
2.683000,0.125786,0.039884,0.625813,0.179689,-0.592960,1
2.684000,0.125786,0.039884,0.625813,0.179689,-0.592972,1
2.685000,0.125786,0.039884,0.625813,0.179689,-0.592984,1
2.686000,0.128854,0.039884,0.648060,0.179689,-0.564613,1
2.687000,0.131922,0.039884,0.648060,0.179689,-0.558489,1
2.688000,0.131922,0.039884,0.648060,0.179689,-0.558501,1
2.689000,0.131922,0.039884,0.648060,0.179689,-0.558513,1
2.690000,0.131922,0.039884,0.648060,0.179689,-0.558525,1
2.691000,0.131922,0.039884,0.648060,0.179689,-0.558537,1
2.692000,0.131922,0.039884,0.648060,0.179689,-0.558549,1
2.693000,0.131922,0.039884,0.648060,0.179689,-0.558561,1
2.694000,0.131922,0.039884,0.648060,0.179689,-0.558573,1
2.695000,0.131922,0.039884,0.648060,0.179689,-0.558585,1
2.696000,0.131922,0.039884,0.648060,0.179689,-0.558597,1
2.697000,0.131922,0.039884,0.648060,0.179689,-0.558609,1
2.698000,0.131922,0.039884,0.648060,0.179689,-0.558621,1
2.699000,0.134990,0.036816,0.646659,0.213137,-0.559435,1
2.700000,0.134990,0.036816,0.585033,0.213137,-0.621072,1
2.701000,0.134990,0.036816,0.558588,0.213137,-0.647528,1
2.702000,0.134990,0.036816,0.534230,0.213137,-0.671898,1
2.703000,0.134990,0.036816,0.511810,0.213137,-0.694328,1
2.704000,0.134990,0.036816,0.491374,0.213137,-0.714775,1
2.705000,0.134990,0.036816,0.472517,0.213137,-0.733643,1
2.706000,0.134990,0.036816,0.472517,0.213137,-0.733654,1
2.707000,0.134990,0.036816,0.472517,0.213137,-0.733665,1
2.708000,0.134990,0.036816,0.472517,0.213137,-0.733677,1
2.709000,0.134990,0.036816,0.472517,0.213137,-0.733688,1
2.710000,0.134990,0.036816,0.455062,0.213137,-0.751154,1
2.711000,0.134990,0.036816,0.455062,0.213137,-0.751165,1
2.712000,0.134990,0.036816,0.455062,0.213137,-0.751176,1
2.713000,0.134990,0.033748,0.396182,0.213137,-0.748707,1
2.714000,0.134990,0.030680,0.350881,0.213137,-0.732658,1
2.715000,0.134990,0.030680,0.341158,0.213137,-0.742390,1
2.716000,0.131922,0.030680,0.448629,0.213137,-0.641064,1
2.717000,0.131922,0.030680,0.448629,0.213137,-0.641073,1
2.718000,0.131922,0.030680,0.448629,0.213137,-0.641082,1
2.719000,0.131922,0.030680,0.448629,0.213137,-0.641092,1
2.720000,0.131922,0.030680,0.448629,0.213137,-0.641101,1
2.721000,0.131922,0.030680,0.448629,0.213137,-0.641110,1
2.722000,0.131922,0.030680,0.448629,0.213137,-0.641119,1
2.723000,0.131922,0.030680,0.448629,0.213137,-0.641128,1
2.724000,0.131922,0.030680,0.448629,0.213137,-0.641138,1
2.725000,0.131922,0.024544,0.448629,-0.487613,1.483074,1
2.726000,0.128854,0.024544,0.448629,-0.487613,1.476931,1
2.727000,0.128854,0.021476,0.448629,-0.487613,1.538284,1
2.728000,0.128854,0.021476,0.448629,-0.487613,1.538277,1
2.729000,0.128854,0.018408,0.448629,-0.487613,1.599631,1
2.730000,0.128854,0.018408,0.448629,-0.487613,1.599626,1
2.731000,0.128854,0.018408,0.448629,-0.487613,1.599620,1
2.732000,0.128854,0.018408,0.448629,-0.487613,1.599615,1
2.733000,0.128854,0.018408,0.448629,-0.487613,1.599609,1
2.734000,0.128854,0.018408,0.448629,-0.487613,1.599604,1
2.735000,0.128854,0.018408,0.448629,-0.487613,1.599598,1
2.736000,0.128854,0.018408,0.448629,-0.487613,1.599593,1
2.737000,0.128854,0.018408,0.448629,-0.487613,1.599587,1
2.738000,0.128854,0.015340,0.448629,-0.487613,1.660942,1
2.739000,0.128854,0.015340,0.448629,-0.487613,1.660937,1
2.740000,0.128854,0.015340,0.448629,-0.487613,1.660932,1
2.741000,0.128854,0.015340,0.448629,-0.487613,1.660928,1
2.742000,0.128854,0.015340,0.448629,-0.487613,1.660923,1
2.743000,0.128854,0.015340,0.448629,-0.487613,1.660919,1
2.744000,0.128854,0.015340,0.448629,-0.487613,1.660914,1
2.745000,0.128854,0.015340,0.448629,-0.487613,1.660909,1
2.746000,0.128854,0.015340,0.448629,-0.487613,1.660905,1
2.747000,0.131922,0.015340,0.435168,-0.487613,1.653575,1
2.748000,0.131922,0.015340,0.435168,-0.487613,1.653570,1
2.749000,0.131922,0.015340,0.435168,-0.487613,1.653566,1
2.750000,0.131922,0.015340,0.435168,-0.487613,1.653561,1
2.751000,0.131922,0.015340,0.435168,-0.487613,1.653557,1
2.752000,0.131922,0.015340,0.435168,-0.487613,1.653552,1
2.753000,0.134990,0.015340,0.393319,-0.487613,1.617835,1
2.754000,0.134990,0.015340,0.393319,-0.487613,1.617830,1
2.755000,0.134990,0.015340,0.393319,-0.487613,1.617826,1
2.756000,0.141126,0.021476,0.252917,0.422072,-1.052399,1
2.757000,0.147262,0.024544,0.252917,0.422072,-1.101494,1
2.758000,0.147262,0.027612,0.252917,0.422072,-1.162861,1
2.759000,0.150330,0.030680,0.252917,0.422072,-1.218094,1
2.760000,0.150330,0.030680,0.252917,0.422072,-1.218103,1
2.761000,0.153398,0.033748,1.103647,1.411722,-2.401908,1
2.762000,0.153398,0.033748,1.103647,1.411722,-2.401918,1
2.763000,0.153398,0.033748,1.103647,1.411722,-2.401928,1
2.764000,0.156466,0.036816,1.103647,1.411722,-2.457163,1
2.765000,0.156466,0.036816,1.103647,1.411722,-2.457174,1
2.766000,0.156466,0.036816,1.103647,1.411722,-2.457185,1
2.767000,0.156466,0.036816,1.103647,1.411722,-2.457196,1
2.768000,0.156466,0.036816,1.103647,1.411722,-2.457207,1
2.769000,0.156466,0.036816,1.103647,1.411722,-2.457218,1
2.770000,0.156466,0.036816,1.103647,1.411722,-2.457229,1
2.771000,0.156466,0.036816,1.103647,1.411722,-2.457240,1
2.772000,0.159534,0.039884,1.103647,1.411722,-2.512475,1
2.773000,0.159534,0.039884,1.103647,1.411722,-2.512487,1
2.774000,0.159534,0.039884,1.103647,1.411722,-2.512499,1
2.775000,0.159534,0.039884,1.072098,1.067375,-1.855365,1
2.776000,0.159534,0.039884,0.794448,0.791851,-1.581980,1
2.777000,0.159534,0.036816,0.745965,0.760963,-1.507337,1
2.778000,0.159534,0.036816,0.703362,0.760963,-1.549951,1
2.779000,0.159534,0.036816,0.665357,0.760963,-1.587968,1
2.780000,0.159534,0.036816,0.665357,0.760963,-1.587979,1
2.781000,0.159534,0.036816,0.665357,0.760963,-1.587990,1
2.782000,0.159534,0.036816,0.630958,0.760963,-1.622400,1
2.783000,0.159534,0.033748,0.572127,0.760963,-1.619882,1
2.784000,0.159534,0.033748,0.572127,0.760963,-1.619892,1
2.785000,0.159534,0.033748,0.572127,0.760963,-1.619902,1
2.786000,0.156466,0.033748,1.134118,0.760963,-1.064058,1
2.787000,0.156466,0.030680,1.134118,0.760963,-1.002707,1
2.788000,0.156466,0.030680,1.134118,0.760963,-1.002717,1
2.789000,0.156466,0.030680,1.134118,0.760963,-1.002726,1
2.790000,0.156466,0.030680,1.134118,0.760963,-1.002735,1
2.791000,0.156466,0.030680,1.134118,0.760963,-1.002744,1
2.792000,0.153398,0.027612,1.134118,0.760963,-0.947529,1
2.793000,0.153398,0.027612,1.134118,0.760963,-0.947538,1
2.794000,0.153398,0.027612,1.134118,0.760963,-0.947546,1
2.795000,0.150330,0.024544,1.134118,-0.908074,3.045743,1
2.796000,0.144194,0.018408,-0.530811,-0.908074,1.491255,1
2.797000,0.144194,0.015340,-0.530811,-0.908074,1.552610,1
2.798000,0.144194,0.015340,-0.530811,-0.908074,1.552605,1
2.799000,0.141126,0.012272,-0.530811,-1.700582,3.192841,1
2.800000,0.141126,0.012272,-0.530811,-1.700582,3.192837,1
2.801000,0.141126,0.012272,-0.530811,-1.700582,3.192834,1
2.802000,0.141126,0.009204,-0.530811,-1.700582,3.254190,1
2.803000,0.141126,0.009204,-0.530811,-1.700582,3.254187,1
2.804000,0.141126,0.009204,-0.530811,-1.700582,3.254185,1
2.805000,0.141126,0.006136,-0.530811,-1.700582,3.315542,1
2.806000,0.141126,0.006136,-0.530811,-1.700582,3.315540,1
2.807000,0.141126,0.006136,-0.530811,-1.700582,3.315538,1
2.808000,0.138058,0.003068,-0.530811,-1.604725,3.179048,1
2.809000,0.138058,0.003068,-0.530811,-1.604725,3.179047,1
2.810000,0.138058,0.003068,-0.530811,-1.604725,3.179046,1
2.811000,0.138058,0.003068,-0.530811,-1.153402,2.276399,1
2.812000,0.138058,0.003068,-0.530811,-1.153402,2.276398,1
2.813000,0.138058,0.003068,-0.530811,-1.153402,2.276397,1
2.814000,0.138058,0.003068,-0.530811,-1.153402,2.276396,1
2.815000,0.138058,0.003068,-0.530811,-1.153402,2.276395,1
2.816000,0.138058,0.003068,-0.530811,-1.153402,2.276394,1
2.817000,0.141126,0.003068,-0.883346,-0.899782,1.422753,1
2.818000,0.141126,0.003068,-0.883346,-0.899782,1.422752,1
2.819000,0.141126,0.003068,-0.883346,-0.899782,1.422752,1
2.820000,0.147262,0.006136,-0.883346,0.624659,-2.275218,1
2.821000,0.153398,0.012272,1.012422,0.619326,-0.479235,1
2.822000,0.153398,0.018408,1.012422,0.619326,-0.601959,1
2.823000,0.156466,0.018408,1.012422,0.619326,-0.595829,1
2.824000,0.159534,0.021476,1.012422,1.977270,-3.366948,1
2.825000,0.159534,0.024544,1.012422,1.977270,-3.428314,1
2.826000,0.162602,0.024544,1.012422,1.977270,-3.422186,1
2.827000,0.162602,0.024544,1.012422,1.977270,-3.422193,1
2.828000,0.162602,0.024544,1.012422,1.977270,-3.422200,1
2.829000,0.162602,0.024544,1.012422,1.977270,-3.422208,1
2.830000,0.162602,0.024544,1.012422,1.977270,-3.422215,1
2.831000,0.162602,0.024544,1.012422,1.977270,-3.422222,1
2.832000,0.162602,0.024544,1.012422,1.977270,-3.422230,1
2.833000,0.162602,0.024544,1.012422,1.977270,-3.422237,1
2.834000,0.162602,0.027612,1.012422,1.977270,-3.483605,1
2.835000,0.162602,0.027612,1.012422,1.977270,-3.483613,1
2.836000,0.162602,0.027612,1.012422,1.977270,-3.483621,1
2.837000,0.165670,0.030680,1.564101,1.156396,-1.345425,1
2.838000,0.165670,0.030680,-1.302884,0.839121,-3.577869,1
2.839000,0.165670,0.030680,-1.177352,0.785656,-3.345416,1
2.840000,0.165670,0.030680,-1.177352,0.785656,-3.345426,1
2.841000,0.165670,0.027612,-0.987562,-0.696353,0.469733,1
2.842000,0.165670,0.027612,-0.913997,-0.658955,0.468494,1
2.843000,0.165670,0.024544,-0.850665,-0.635982,0.547232,1
2.844000,0.162602,0.024544,-0.795757,-0.635982,0.595997,1
2.845000,0.159534,0.021476,-0.631772,-0.635982,0.815199,1
2.846000,0.159534,0.021476,-0.600823,-0.635982,0.846141,1
2.847000,0.159534,0.021476,-0.600823,-0.635982,0.846135,1
2.848000,0.159534,0.021476,-0.600823,-0.635982,0.846129,1
2.849000,0.159534,0.018408,-0.572847,-0.635982,0.935458,1
2.850000,0.159534,0.018408,-0.572847,-0.635982,0.935452,1
2.851000,0.156466,0.015340,-0.615225,-0.635982,0.948293,1
2.852000,0.156466,0.015340,-0.615225,-0.635982,0.948288,1
2.853000,0.156466,0.015340,-0.615225,-0.635982,0.948284,1
2.854000,0.156466,0.015340,-0.615225,-0.635982,0.948279,1
2.855000,0.156466,0.015340,-0.615225,-0.635982,0.948275,1
2.856000,0.156466,0.015340,-0.615225,-0.635982,0.948270,1
2.857000,0.156466,0.015340,-0.615225,-0.635982,0.948265,1
2.858000,0.156466,0.015340,-0.615225,-0.635982,0.948261,1
2.859000,0.156466,0.015340,-0.615225,-0.635982,0.948256,1
2.860000,0.156466,0.015340,-0.615225,-0.635982,0.948252,1
2.861000,0.153398,0.012272,-0.615225,-0.809655,1.350817,1
2.862000,0.153398,0.012272,-0.615225,-0.809655,1.350813,1
2.863000,0.153398,0.012272,-0.615225,-0.809655,1.350810,1
2.864000,0.153398,0.012272,-0.615225,-0.809655,1.350806,1
2.865000,0.156466,0.009204,-0.615225,-0.809655,1.418299,1
2.866000,0.156466,0.009204,-0.615225,-0.809655,1.418296,1
2.867000,0.159534,0.012272,0.549253,0.714580,-1.120925,1
2.868000,0.159534,0.012272,0.549253,0.714580,-1.120928,1
2.869000,0.159534,0.012272,0.504246,0.640235,-1.017248,1
2.870000,0.159534,0.012272,0.504246,0.640235,-1.017252,1
2.871000,0.159534,0.012272,0.504246,0.640235,-1.017255,1
2.872000,0.159534,0.012272,0.484335,0.608474,-0.973649,1
2.873000,0.162602,0.015340,0.404508,0.487589,-0.866933,1
2.874000,0.162602,0.015340,0.404508,0.487589,-0.866937,1
2.875000,0.162602,0.015340,0.404508,0.487589,-0.866942,1
2.876000,0.162602,0.015340,0.368111,0.435665,-0.799496,1
2.877000,0.162602,0.015340,0.368111,0.435665,-0.799501,1
2.878000,0.162602,0.015340,0.368111,0.435665,-0.799506,1
2.879000,0.162602,0.015340,0.368111,0.435665,-0.799510,1
2.880000,0.162602,0.015340,0.368111,0.435665,-0.799515,1
2.881000,0.162602,0.015340,0.368111,0.435665,-0.799519,1
2.882000,0.162602,0.015340,0.368111,0.435665,-0.799524,1
2.883000,0.162602,0.015340,0.368111,0.435665,-0.799529,1
2.884000,0.162602,0.015340,0.368111,0.435665,-0.799533,1
2.885000,0.162602,0.015340,0.368111,0.435665,-0.799538,1
2.886000,0.162602,0.015340,0.368111,0.435665,-0.799542,1
2.887000,0.162602,0.015340,0.368111,0.435665,-0.799547,1
2.888000,0.162602,0.015340,0.357435,0.420791,-0.780478,1
2.889000,0.162602,0.015340,0.357435,0.420791,-0.780483,1
2.890000,0.162602,0.015340,0.357435,0.420791,-0.780488,1
2.891000,0.162602,0.015340,0.357435,0.420791,-0.780492,1
2.892000,0.162602,0.015340,0.357435,0.420791,-0.780497,1
2.893000,0.162602,0.015340,0.357435,0.420791,-0.780501,1
2.894000,0.162602,0.015340,0.357435,0.420791,-0.780506,1
2.895000,0.162602,0.012272,0.347228,0.407950,-0.703677,1
2.896000,0.162602,0.012272,0.347228,0.407950,-0.703680,1
2.897000,0.162602,0.012272,0.347228,0.407950,-0.703684,1
2.898000,0.162602,0.012272,0.270671,0.407950,-0.780245,1
2.899000,0.162602,0.009204,0.264846,0.407950,-0.724713,1
2.900000,0.159534,0.009204,-0.259236,0.407950,-1.254933,1
2.901000,0.159534,0.009204,-0.253857,0.407950,-1.249557,1
2.902000,0.159534,0.009204,-0.253857,0.407950,-1.249560,1
2.903000,0.159534,0.009204,-0.243777,0.407950,-1.239483,1
2.904000,0.159534,0.006136,-0.239014,0.407950,-1.173362,1
2.905000,0.159534,0.006136,-0.239014,0.407950,-1.173364,1
2.906000,0.159534,0.006136,-0.239014,0.407950,-1.173366,1
2.907000,0.159534,0.006136,-0.239014,0.407950,-1.173368,1
2.908000,0.153398,0.003068,-0.393838,0.407950,-1.279106,1
2.909000,0.150330,0.000000,-0.393838,-0.528895,1.249807,1
2.910000,0.150330,-0.003068,-0.393838,-0.528895,1.311168,1
2.911000,0.147262,-0.009204,-0.393838,-0.528895,1.427753,1
2.912000,0.144194,-0.012272,-0.315969,-1.240210,2.983480,1
2.913000,0.144194,-0.015340,-0.315969,-1.240210,3.044843,1
2.914000,0.144194,-0.018408,-0.315969,-1.240210,3.106208,1
2.915000,0.144194,-0.018408,-0.315969,-1.240210,3.106214,1
2.916000,0.147262,-0.015340,-0.315969,-0.878663,2.327900,1
2.917000,0.150330,-0.015340,-0.315969,-0.878663,2.334041,1
2.918000,0.150330,-0.015340,-0.315969,-0.878663,2.334046,1
2.919000,0.150330,-0.015340,-0.315969,-0.878663,2.334050,1
2.920000,0.150330,-0.015340,-0.315969,-0.878663,2.334055,1
2.921000,0.150330,-0.015340,-0.315969,-0.878663,2.334059,1
2.922000,0.150330,-0.015340,-0.315969,-0.878663,2.334064,1
2.923000,0.150330,-0.015340,-0.315969,-0.878663,2.334069,1
2.924000,0.150330,-0.015340,-0.315969,-0.878663,2.334073,1
2.925000,0.150330,-0.015340,-0.315969,-0.878663,2.334078,1
2.926000,0.150330,-0.015340,-0.315969,-0.878663,2.334082,1
2.927000,0.150330,-0.015340,-0.315969,-0.878663,2.334087,1
2.928000,0.150330,-0.015340,-0.315969,-0.878663,2.334092,1
2.929000,0.150330,-0.015340,-0.315969,-0.878663,2.334096,1
2.930000,0.150330,-0.015340,-0.315969,-0.878663,2.334101,1
2.931000,0.150330,-0.015340,-0.315969,-0.878663,2.334105,1
2.932000,0.150330,-0.015340,-0.315969,-0.878663,2.334110,1
2.933000,0.150330,-0.015340,-0.315969,-0.878663,2.334115,1
2.934000,0.150330,-0.015340,-0.315969,-0.878663,2.334119,1
2.935000,0.150330,-0.015340,-0.315969,-0.878663,2.334124,1
2.936000,0.150330,-0.015340,-0.315969,-0.878663,2.334128,1
2.937000,0.150330,-0.015340,-0.315969,-0.878663,2.334133,1
2.938000,0.150330,-0.015340,-0.315969,-0.878663,2.334138,1
2.939000,0.153398,-0.012272,0.632762,-0.878663,3.227649,1
2.940000,0.153398,-0.012272,0.632762,-0.878663,3.227653,1
2.941000,0.156466,-0.012272,0.632762,-0.878663,3.233792,1
2.942000,0.156466,-0.009204,0.632762,-0.878663,3.172436,1
2.943000,0.159534,-0.009204,0.632762,-0.878663,3.178575,1
2.944000,0.159534,-0.006136,0.632762,-0.878663,3.117217,1
2.945000,0.162602,-0.006136,0.632762,-0.878663,3.123355,1
2.946000,0.165670,-0.003068,1.283055,1.186420,-1.011740,1
2.947000,0.165670,0.000000,1.283055,1.186420,-1.073099,1
2.948000,0.168738,0.003068,1.283055,1.186420,-1.128323,1
2.949000,0.171806,0.006136,1.283055,1.186420,-1.183549,1
2.950000,0.171806,0.009204,1.283055,2.815370,-4.502812,1
2.951000,0.174874,0.012272,1.283055,2.815370,-4.558039,1
2.952000,0.177942,0.012272,2.021092,2.815370,-3.813869,1
2.953000,0.177942,0.015340,2.021092,2.815370,-3.875233,1
2.954000,0.177942,0.015340,2.021092,2.815370,-3.875237,1
2.955000,0.181010,0.018408,2.021092,2.309131,-2.917989,1
2.956000,0.181010,0.018408,2.021092,1.940771,-2.181274,1
2.957000,0.184078,0.018408,2.021092,1.677395,-1.648391,1
2.958000,0.184078,0.018408,1.997696,1.475881,-1.268764,1
2.959000,0.184078,0.021476,1.716702,1.391403,-1.442168,1
2.960000,0.184078,0.021476,1.716702,1.391403,-1.442175,1
2.961000,0.184078,0.021476,1.716702,1.391403,-1.442181,1
2.962000,0.184078,0.021476,1.716702,1.391403,-1.442187,1
2.963000,0.184078,0.021476,1.716702,1.391403,-1.442194,1
2.964000,0.184078,0.021476,1.716702,1.391403,-1.442200,1
2.965000,0.184078,0.021476,1.716702,1.391403,-1.442207,1
2.966000,0.187146,0.021476,1.506672,1.391403,-1.646107,1
2.967000,0.190214,0.024544,1.593910,1.391403,-1.614100,1
2.968000,0.190214,0.024544,1.593910,1.391403,-1.614107,1
2.969000,0.190214,0.024544,1.593910,1.391403,-1.614115,1
2.970000,0.190214,0.024544,1.593910,1.391403,-1.614122,1
2.971000,0.190214,0.024544,1.593910,0.982076,-0.795476,1
2.972000,0.190214,0.024544,1.480163,0.909556,-0.764190,1
2.973000,0.190214,0.024544,1.480163,0.909556,-0.764198,1
2.974000,0.190214,0.024544,1.480163,0.909556,-0.764205,1
2.975000,0.190214,0.021476,1.320711,-0.846737,3.250283,1
2.976000,0.190214,0.021476,1.320711,-0.846737,3.250276,1
2.977000,0.190214,0.021476,1.086374,-0.743865,2.810189,1
2.978000,0.190214,0.021476,0.922802,-0.663354,2.485587,1
2.979000,0.190214,0.018408,0.802356,-0.598743,2.297274,1
2.980000,0.190214,0.018408,0.802356,-0.598743,2.297268,1
2.981000,0.190214,0.018408,0.802356,-0.598743,2.297263,1
2.982000,0.190214,0.018408,0.802356,-0.598743,2.297257,1
2.983000,0.190214,0.018408,0.753061,-0.570858,2.192185,1
2.984000,0.193282,0.015340,0.636320,-0.501160,2.003539,1
2.985000,0.193282,0.018408,0.604788,0.481392,-0.654461,1
2.986000,0.193282,0.018408,0.604788,0.481392,-0.654467,1
2.987000,0.193282,0.018408,0.576175,0.463087,-0.646476,1
2.988000,0.193282,0.018408,0.576175,0.463087,-0.646481,1
2.989000,0.193282,0.018408,0.576175,0.463087,-0.646487,1
2.990000,0.193282,0.018408,0.576175,0.463087,-0.646492,1
2.991000,0.193282,0.021476,0.526892,0.432592,-0.696150,1
2.992000,0.193282,0.021476,0.526892,0.432592,-0.696157,1
2.993000,0.193282,0.021476,0.526892,0.432592,-0.696163,1
2.994000,0.193282,0.021476,0.526892,0.432592,-0.696170,1
2.995000,0.193282,0.021476,0.526892,0.432592,-0.696176,1
2.996000,0.193282,0.021476,0.526892,0.432592,-0.696183,1
2.997000,0.196350,0.024544,0.449567,0.432592,-0.828738,1
2.998000,0.196350,0.024544,0.449567,0.432592,-0.828746,1
2.999000,0.196350,0.024544,0.449567,0.432592,-0.828753,1
3.000000,0.199418,0.024544,0.368542,0.432592,-0.903650,1
3.001000,0.202485,0.024544,0.379876,0.432592,-0.886186,1
3.002000,0.202485,0.024544,0.379876,0.432592,-0.886194,1
3.003000,0.202485,0.024544,0.379876,0.432592,-0.886201,1
3.004000,0.202485,0.024544,0.379876,0.432592,-0.886208,1
3.005000,0.202485,0.024544,0.379876,0.432592,-0.886216,1
3.006000,0.202485,0.024544,0.379876,0.432592,-0.886223,1
3.007000,0.202485,0.024544,0.379876,0.432592,-0.886231,1
3.008000,0.202485,0.024544,0.379876,0.432592,-0.886238,1
3.009000,0.202485,0.024544,0.379876,0.432592,-0.886245,1
3.010000,0.202485,0.024544,0.379876,0.432592,-0.886253,1
3.011000,0.202485,0.024544,0.379876,0.432592,-0.886260,1
3.012000,0.202485,0.024544,0.379876,0.432592,-0.886267,1
3.013000,0.202485,0.024544,0.379876,0.432592,-0.886275,1
3.014000,0.202485,0.024544,0.379876,0.432592,-0.886282,1
3.015000,0.202485,0.024544,0.379876,0.432592,-0.886289,1
3.016000,0.202485,0.021476,0.379876,-0.421326,1.482899,1
3.017000,0.202485,0.021476,0.379876,-0.407278,1.454797,1
3.018000,0.202485,0.021476,0.379876,-0.394199,1.428633,1
3.019000,0.202485,0.021476,0.379876,-0.394199,1.428627,1
3.020000,0.202485,0.021476,0.379876,-0.394199,1.428620,1
3.021000,0.202485,0.021476,0.379876,-0.394199,1.428614,1
3.022000,0.202485,0.021476,0.379876,-0.381996,1.404201,1
3.023000,0.202485,0.021476,0.379876,-0.381996,1.404194,1
3.024000,0.202485,0.018408,0.379876,-0.349343,1.400242,1
3.025000,0.202485,0.015340,0.379876,-0.321803,1.406516,1
3.026000,0.202485,0.015340,0.379876,-0.313624,1.390155,1
3.027000,0.205553,0.018408,0.379876,0.305789,-0.503900,1
3.028000,0.205553,0.018408,0.379876,0.298345,-0.489017,1
3.029000,0.205553,0.018408,0.379876,0.291304,-0.474942,1
3.030000,0.205553,0.018408,0.379876,0.284589,-0.461518,1
3.031000,0.205553,0.021476,0.379876,0.280314,-0.514334,1
3.032000,0.205553,0.021476,0.379876,0.280314,-0.514340,1
3.033000,0.205553,0.021476,0.379876,0.280314,-0.514347,1
3.034000,0.205553,0.021476,0.379876,0.280314,-0.514353,1
3.035000,0.205553,0.021476,0.379876,0.280314,-0.514359,1
3.036000,0.205553,0.021476,0.377604,0.280314,-0.516639,1
3.037000,0.205553,0.021476,0.377604,0.280314,-0.516645,1
3.038000,0.205553,0.021476,0.377604,0.280314,-0.516652,1
3.039000,0.205553,0.021476,0.377604,0.280314,-0.516658,1
3.040000,0.205553,0.021476,0.377604,0.280314,-0.516665,1
3.041000,0.205553,0.021476,0.318727,0.280314,-0.575547,1
3.042000,0.205553,0.021476,0.318727,0.280314,-0.575554,1
3.043000,0.205553,0.021476,0.318727,0.280314,-0.575560,1
3.044000,0.205553,0.021476,0.295781,0.280314,-0.598513,1
3.045000,0.205553,0.021476,0.295781,0.280314,-0.598519,1
3.046000,0.205553,0.021476,0.275769,0.280314,-0.618538,1
3.047000,0.205553,0.018408,0.258366,0.280314,-0.574587,1
3.048000,0.205553,0.018408,0.253019,0.280314,-0.579940,1
3.049000,0.205553,0.018408,0.233764,0.280314,-0.599200,1
3.050000,0.205553,0.018408,0.233764,0.280314,-0.599206,1
3.051000,0.205553,0.018408,0.233764,0.280314,-0.599211,1
3.052000,0.205553,0.018408,0.233764,0.280314,-0.599217,1
3.053000,0.205553,0.018408,0.229379,0.280314,-0.603607,1
3.054000,0.205553,0.015340,0.206256,0.280314,-0.565376,1
3.055000,0.205553,0.015340,0.206256,0.280314,-0.565380,1
3.056000,0.205553,0.015340,0.206256,0.280314,-0.565385,1
3.057000,0.205553,0.015340,0.206256,0.280314,-0.565390,1
3.058000,0.205553,0.015340,0.206256,0.280314,-0.565394,1
3.059000,0.205553,0.015340,0.206256,0.280314,-0.565399,1
3.060000,0.202485,0.015340,-0.199554,0.280314,-0.977349,1
3.061000,0.202485,0.012272,-0.187355,-0.386927,1.030690,1
3.062000,0.202485,0.012272,-0.187355,-0.386927,1.030686,1
3.063000,0.202485,0.012272,-0.187355,-0.386927,1.030682,1
3.064000,0.202485,0.012272,-0.187355,-0.386927,1.030679,1
3.065000,0.202485,0.012272,-0.187355,-0.386927,1.030675,1
3.066000,0.202485,0.012272,-0.187355,-0.386927,1.030671,1
3.067000,0.202485,0.012272,-0.187355,-0.386927,1.030668,1
3.068000,0.202485,0.012272,-0.187355,-0.386927,1.030664,1
3.069000,0.202485,0.009204,-0.176578,-0.386927,1.102797,1
3.070000,0.199418,0.006136,-0.171646,-0.386927,1.162951,1
3.071000,0.199418,0.006136,-0.166962,-0.386927,1.167632,1
3.072000,0.199418,0.006136,-0.166962,-0.386927,1.167631,1
3.073000,0.199418,0.006136,-0.160428,-0.386927,1.174163,1
3.074000,0.199418,0.006136,-0.160428,-0.386927,1.174162,1
3.075000,0.199418,0.006136,-0.160428,-0.386927,1.174160,1
3.076000,0.199418,0.003068,-0.158354,-0.386927,1.237591,1
3.077000,0.199418,0.003068,-0.158354,-0.386927,1.237590,1
3.078000,0.199418,0.003068,-0.154374,-0.386927,1.241570,1
3.079000,0.199418,0.003068,-0.154374,-0.386927,1.241569,1
3.080000,0.199418,0.003068,-0.154374,-0.386927,1.241568,1
3.081000,0.199418,0.003068,-0.154374,-0.386927,1.241567,1
3.082000,0.199418,0.003068,-0.148747,-0.386927,1.247193,1
3.083000,0.199418,0.003068,-0.148747,-0.386927,1.247192,1
3.084000,0.199418,0.003068,-0.148747,-0.386927,1.247191,1
3.085000,0.199418,0.003068,-0.148747,-0.386927,1.247190,1
3.086000,0.202485,0.003068,-0.152340,-0.386927,1.249733,1
3.087000,0.202485,0.003068,-0.152340,-0.386927,1.249732,1
3.088000,0.202485,0.003068,-0.152340,-0.386927,1.249731,1
3.089000,0.202485,0.003068,-0.152340,-0.386927,1.249730,1
3.090000,0.202485,0.003068,-0.152340,-0.386927,1.249729,1
3.091000,0.202485,0.003068,-0.152340,-0.386927,1.249728,1
3.092000,0.205553,0.006136,-0.152340,-0.386927,1.194503,1
3.093000,0.205553,0.006136,-0.152340,-0.386927,1.194501,1
3.094000,0.205553,0.006136,-0.152340,-0.386927,1.194499,1
3.095000,0.211689,0.009204,-0.152340,0.356218,-0.940882,1
3.096000,0.211689,0.009204,-0.152340,0.356218,-0.940885,1
3.097000,0.214757,0.012272,0.487624,0.356218,0.000000,1
3.098000,0.214757,0.012272,0.487624,0.356218,0.000000,1
3.099000,0.217825,0.015340,0.487624,0.356218,0.000000,1
3.100000,0.217825,0.015340,0.487624,0.356218,0.000000,1
3.101000,0.217825,0.015340,0.487624,0.356218,0.000000,1
3.102000,0.217825,0.015340,0.487624,0.356218,0.000000,1
3.103000,0.220893,0.018408,0.487624,0.356218,-0.466623,1
3.104000,0.220893,0.018408,0.487624,0.356218,-0.466628,1
3.105000,0.220893,0.018408,0.487624,0.356218,-0.466634,1
3.106000,0.220893,0.018408,0.487624,0.356218,-0.466639,1
3.107000,0.220893,0.018408,0.487624,0.356218,-0.466645,1
3.108000,0.220893,0.018408,0.487624,0.356218,-0.466650,1
3.109000,0.220893,0.018408,0.487624,0.356218,-0.466656,1
3.110000,0.220893,0.018408,0.487624,0.356218,-0.466662,1
3.111000,0.223961,0.021476,0.487624,0.990620,-1.790696,1
3.112000,0.223961,0.021476,0.487624,0.990620,-1.790702,1
3.113000,0.227029,0.024544,0.965403,0.990620,-1.368153,1
3.114000,0.227029,0.024544,0.965403,0.990620,-1.368160,1
3.115000,0.227029,0.024544,0.965403,0.990620,-1.368168,1
3.116000,0.227029,0.024544,0.965403,0.990620,-1.368175,1
3.117000,0.227029,0.024544,0.965403,0.990620,-1.368183,1
3.118000,0.227029,0.024544,0.965403,0.990620,-1.368190,1
3.119000,0.233165,0.030680,0.860025,0.689526,-0.981837,1
3.120000,0.233165,0.030680,0.710800,0.589926,-0.931869,1
3.121000,0.233165,0.030680,0.710800,0.589926,-0.931879,1
3.122000,0.233165,0.030680,0.710800,0.589926,-0.931888,1
3.123000,0.233165,0.030680,0.710800,0.589926,-0.931897,1
3.124000,0.233165,0.027612,0.527474,-0.458013,1.642006,1
3.125000,0.233165,0.027612,0.527474,-0.458013,1.641998,1
3.126000,0.233165,0.027612,0.527474,-0.458013,1.641990,1
3.127000,0.233165,0.027612,0.527474,-0.458013,1.641981,1
3.128000,0.233165,0.027612,0.527474,-0.458013,1.641973,1
3.129000,0.233165,0.027612,0.527474,-0.458013,1.641965,1
3.130000,0.233165,0.027612,0.527474,-0.458013,1.641957,1
3.131000,0.233165,0.027612,0.527474,-0.458013,1.641948,1
3.132000,0.233165,0.027612,0.527474,-0.458013,1.641940,1
3.133000,0.233165,0.027612,0.527474,-0.458013,1.641932,1
3.134000,0.233165,0.027612,0.527474,-0.458013,1.641924,1
3.135000,0.233165,0.027612,0.527474,-0.458013,1.641915,1
3.136000,0.233165,0.027612,0.527474,-0.458013,1.641907,1
3.137000,0.233165,0.027612,0.527474,-0.458013,1.641899,1
3.138000,0.233165,0.027612,0.527474,-0.458013,1.641890,1
3.139000,0.233165,0.027612,0.527474,-0.458013,1.641882,1
3.140000,0.233165,0.027612,0.527474,-0.458013,1.641874,1
3.141000,0.233165,0.027612,0.505694,-0.441503,1.587064,1
3.142000,0.233165,0.027612,0.505694,-0.441503,1.587056,1
3.143000,0.233165,0.024544,0.434037,-0.400461,1.494667,1
3.144000,0.233165,0.024544,0.392419,-0.400461,1.453042,1
3.145000,0.233165,0.024544,0.380331,-0.400461,1.440946,1
3.146000,0.236233,0.024544,0.368864,-0.400461,1.435608,1
3.147000,0.236233,0.024544,0.358103,-0.400461,1.424839,1
3.148000,0.236233,0.024544,0.347960,-0.400461,1.414689,1
3.149000,0.236233,0.024544,0.347960,-0.400461,1.414682,1
3.150000,0.236233,0.024544,0.347960,-0.400461,1.414674,1
3.151000,0.236233,0.024544,0.347960,-0.400461,1.414667,1
3.152000,0.236233,0.024544,0.347960,-0.400461,1.414659,1
3.153000,0.236233,0.024544,0.347960,-0.400461,1.414652,1
3.154000,0.236233,0.027612,0.338317,-0.400461,1.343642,1
3.155000,0.236233,0.027612,0.338317,-0.400461,1.343633,1
3.156000,0.236233,0.027612,0.338317,-0.400461,1.343625,1
3.157000,0.239301,0.027612,0.811540,-0.400461,1.822976,1
3.158000,0.239301,0.027612,0.811540,-0.400461,1.822967,1
3.159000,0.239301,0.027612,0.811540,-0.400461,1.822959,1
3.160000,0.239301,0.027612,0.811540,-0.400461,1.822951,1
3.161000,0.239301,0.027612,0.811540,-0.400461,1.822942,1
3.162000,0.239301,0.027612,0.811540,-0.400461,1.822934,1
3.163000,0.242369,0.030680,0.811540,-0.400461,1.767702,1
3.164000,0.242369,0.030680,0.811540,-0.400461,1.767692,1
3.165000,0.242369,0.030680,0.811540,-0.400461,1.767683,1
3.166000,0.251573,0.036816,0.350456,0.672633,-1.543910,1
3.167000,0.257709,0.042951,0.350456,0.672633,-1.654370,1
3.168000,0.257709,0.046019,0.350456,1.273167,-2.916811,1
3.169000,0.260777,0.046019,0.350456,1.273167,-2.910689,1
3.170000,0.260777,0.046019,0.350456,1.273167,-2.910703,1
3.171000,0.260777,0.046019,0.350456,1.273167,-2.910716,1
3.172000,0.260777,0.046019,0.350456,1.273167,-2.910730,1
3.173000,0.260777,0.049087,0.350456,1.273167,-2.972104,1
3.174000,0.260777,0.049087,0.350456,1.273167,-2.972119,1
3.175000,0.260777,0.049087,0.350456,1.273167,-2.972134,1
3.176000,0.263845,0.052155,1.335416,1.273167,-2.042412,1
3.177000,0.266913,0.055223,1.335416,1.273167,-2.097652,1
3.178000,0.266913,0.058291,1.335416,1.202426,-2.017547,1
3.179000,0.266913,0.058291,1.335416,1.202426,-2.017564,1
3.180000,0.266913,0.058291,1.335416,1.202426,-2.017582,1
3.181000,0.266913,0.058291,1.278086,1.202426,-2.074930,1
3.182000,0.266913,0.058291,1.157592,1.202426,-2.195441,1
3.183000,0.266913,0.058291,1.057539,1.202426,-2.295511,1
3.184000,0.266913,0.058291,0.973671,1.202426,-2.379398,1
3.185000,0.266913,0.058291,0.902160,1.202426,-2.450926,1
3.186000,0.266913,0.058291,0.840188,1.202426,-2.512915,1
3.187000,0.266913,0.055223,0.786670,1.202426,-2.505090,1
3.188000,0.266913,0.055223,0.786670,1.202426,-2.505107,1
3.189000,0.266913,0.055223,0.697247,-1.110013,2.630333,1
3.190000,0.263845,0.055223,-0.659525,-1.017376,1.082134,1
3.191000,0.263845,0.052155,-0.625921,-0.939567,1.021464,1
3.192000,0.263845,0.052155,-0.595699,-0.873075,0.918685,1
3.193000,0.263845,0.049087,-0.568108,-0.869842,1.001156,1
3.194000,0.263845,0.049087,-0.543030,-0.869842,1.026219,1
3.195000,0.263845,0.049087,-0.520071,-0.869842,1.049164,1
3.196000,0.263845,0.049087,-0.520071,-0.869842,1.049149,1
3.197000,0.263845,0.049087,-0.520071,-0.869842,1.049134,1
3.198000,0.263845,0.049087,-0.520071,-0.869842,1.049119,1
3.199000,0.263845,0.049087,-0.520071,-0.869842,1.049105,1
3.200000,0.263845,0.049087,-0.498685,-0.869842,1.070476,1
3.201000,0.263845,0.049087,-0.498685,-0.869842,1.070461,1
3.202000,0.263845,0.049087,-0.498685,-0.869842,1.070446,1
3.203000,0.260777,0.049087,-0.429147,-0.869842,1.133834,1
3.204000,0.260777,0.049087,-0.429147,-0.869842,1.133819,1
3.205000,0.260777,0.049087,-0.429147,-0.869842,1.133804,1
3.206000,0.260777,0.046019,-0.388344,-0.869842,1.235953,1
3.207000,0.260777,0.046019,-0.344658,-0.820252,1.180443,1
3.208000,0.260777,0.049087,-0.335264,0.768971,-2.649982,1
3.209000,0.260777,0.049087,-0.326380,0.723786,-2.550744,1
3.210000,0.260777,0.049087,-0.317913,0.683420,-2.461559,1
3.211000,0.260777,0.052155,-0.309900,0.647434,-2.442948,1
3.212000,0.260777,0.052155,-0.309900,0.647434,-2.442964,1
3.213000,0.260777,0.052155,-0.309900,0.647434,-2.442979,1
3.214000,0.260777,0.052155,-0.309900,0.647434,-2.442995,1
3.215000,0.260777,0.052155,-0.309900,0.647434,-2.443011,1
3.216000,0.260777,0.052155,-0.309900,0.647434,-2.443026,1
3.217000,0.260777,0.052155,-0.302215,0.614773,-2.370035,1
3.218000,0.260777,0.052155,-0.302215,0.614773,-2.370050,1
3.219000,0.260777,0.052155,-0.302215,0.614773,-2.370066,1
3.220000,0.257709,0.049087,-0.269103,0.529756,-2.111713,1
3.221000,0.257709,0.049087,-0.269103,0.529756,-2.111727,1
3.222000,0.257709,0.049087,-0.269103,0.529756,-2.111742,1
3.223000,0.257709,0.049087,-0.269103,0.529756,-2.111757,1
3.224000,0.257709,0.049087,-0.269103,0.529756,-2.111772,1
3.225000,0.257709,0.049087,-0.269103,0.529756,-2.111786,1
3.226000,0.254641,0.049087,-0.405858,0.529756,-2.254691,1
3.227000,0.254641,0.049087,-0.405858,0.529756,-2.254706,1
3.228000,0.254641,0.049087,-0.405858,0.529756,-2.254721,1
3.229000,0.248505,0.042951,-0.405858,0.529756,-2.144287,1
3.230000,0.242369,0.033748,-0.424113,-0.955188,1.579142,1
3.231000,0.242369,0.033748,-0.424113,-0.955188,1.579132,1
3.232000,0.239301,0.030680,-0.424113,-0.955188,1.634346,1
3.233000,0.239301,0.027612,-0.424113,-0.955188,1.695697,1
3.234000,0.236233,0.024544,-0.424113,-2.089783,4.020103,1
3.235000,0.230097,0.015340,-1.552997,-1.735579,2.354612,1
3.236000,0.230097,0.015340,-1.552997,-1.735579,2.354608,1
3.237000,0.230097,0.015340,-1.552997,-1.219172,1.321789,1
3.238000,0.230097,0.015340,-1.552997,-1.219172,1.321784,1
3.239000,0.230097,0.015340,-1.552997,-1.219172,1.321780,1
3.240000,0.230097,0.015340,-1.552997,-1.219172,1.321775,1
3.241000,0.230097,0.015340,-1.552997,-1.219172,1.321770,1
3.242000,0.230097,0.015340,-1.552997,-1.219172,1.321766,1
3.243000,0.230097,0.015340,-1.552997,-1.219172,1.321761,1
3.244000,0.230097,0.015340,-1.552997,-1.219172,1.321757,1
3.245000,0.230097,0.015340,-1.552997,-1.109244,1.101897,1
3.246000,0.230097,0.018408,-1.552997,1.016964,-3.811885,1
3.247000,0.223961,0.018408,-0.858113,0.863760,-2.822870,1
3.248000,0.220893,0.015340,-0.709221,0.863760,-2.618759,1
3.249000,0.220893,0.015340,-0.709221,0.863760,-2.618764,1
3.250000,0.220893,0.015340,-0.709221,0.863760,-2.618769,1
3.251000,0.220893,0.015340,-0.709221,0.863760,-2.618773,1
3.252000,0.220893,0.015340,-0.709221,0.863760,-2.618778,1
3.253000,0.220893,0.015340,-0.709221,0.863760,-2.618782,1
3.254000,0.220893,0.015340,-0.709221,0.863760,-2.618787,1
3.255000,0.220893,0.015340,-0.709221,0.863760,-2.618792,1
3.256000,0.220893,0.015340,-0.709221,0.863760,-2.618796,1
3.257000,0.217825,0.015340,-0.668340,0.863760,-2.584056,1
3.258000,0.217825,0.015340,-0.668340,0.863760,-2.584060,1
3.259000,0.214757,0.012272,-0.668340,-1.225549,2.249777,1
3.260000,0.208621,0.000000,-0.668340,-2.327090,4.686025,1
3.261000,0.208621,0.000000,-0.668340,-2.327090,4.686025,1
3.262000,0.205553,-0.003068,-1.267078,-2.327090,4.142511,1
3.263000,0.205553,-0.003068,-1.267078,-2.327090,4.142512,1
3.264000,0.205553,-0.003068,-1.267078,-2.327090,4.142513,1
3.265000,0.205553,-0.003068,-1.267078,-2.327090,4.142514,1
3.266000,0.205553,-0.003068,-1.267078,-2.327090,4.142515,1
3.267000,0.205553,-0.003068,-1.267078,-2.327090,4.142516,1
3.268000,0.205553,-0.003068,-1.267078,-2.327090,4.142517,1
3.269000,0.205553,-0.003068,-1.267078,-2.199759,3.887855,1
3.270000,0.205553,-0.003068,-1.267078,-1.865550,3.219437,1
3.271000,0.205553,-0.003068,-1.267078,-1.256399,2.001137,1
3.272000,0.205553,-0.003068,-1.180827,-1.256399,2.087389,1
3.273000,0.205553,-0.003068,-1.180827,-1.256399,2.087390,1
3.274000,0.208621,0.003068,0.852690,-1.256399,4.004324,1
3.275000,0.208621,0.003068,0.852690,-1.256399,4.004323,1
3.276000,0.208621,0.003068,0.852690,-1.256399,4.004322,1
3.277000,0.211689,0.006136,0.705542,1.135056,-1.580962,1
3.278000,0.211689,0.006136,0.705542,1.135056,-1.580963,1
3.279000,0.211689,0.006136,0.705542,1.135056,-1.580965,1
3.280000,0.211689,0.006136,0.705542,1.135056,-1.580967,1
3.281000,0.211689,0.006136,0.705542,1.135056,-1.580969,1
3.282000,0.211689,0.006136,0.705542,1.135056,-1.580971,1
3.283000,0.211689,0.006136,0.705542,1.135056,-1.580973,1
3.284000,0.211689,0.006136,0.705542,1.135056,-1.580974,1
3.285000,0.211689,0.006136,0.705542,1.135056,-1.580976,1
3.286000,0.211689,0.006136,0.705542,1.135056,-1.580978,1
3.287000,0.211689,0.006136,0.705542,1.135056,-1.580980,1
3.288000,0.211689,0.006136,0.705542,1.135056,-1.580982,1
3.289000,0.211689,0.006136,0.705542,1.135056,-1.580984,1
3.290000,0.217825,0.012272,0.710709,1.086915,-1.589986,1
3.291000,0.217825,0.012272,0.710709,1.086915,-1.589990,1
3.292000,0.217825,0.012272,0.710709,1.086915,-1.589993,1
3.293000,0.223961,0.018408,0.710709,1.086915,-1.700445,1
3.294000,0.230097,0.033748,1.336388,4.213067,-6.000000,1
3.295000,0.233165,0.033748,1.336388,4.213067,-6.000000,1
3.296000,0.233165,0.036816,1.336388,4.213067,-6.000000,1
3.297000,0.233165,0.039884,1.336388,3.742241,-6.000000,1
3.298000,0.236233,0.039884,1.336388,2.867905,-5.041772,1
3.299000,0.236233,0.042951,1.336388,2.324751,-4.016837,1
3.300000,0.239301,0.046019,1.873835,1.536186,-1.957497,1
3.301000,0.239301,0.046019,1.873835,1.536186,-1.957511,1
3.302000,0.239301,0.046019,1.873835,1.536186,-1.957525,1
3.303000,0.239301,0.046019,1.873835,1.536186,-1.957539,1
3.304000,0.239301,0.046019,1.873835,1.536186,-1.957553,1
3.305000,0.239301,0.046019,1.873835,1.536186,-1.957566,1
3.306000,0.236233,0.046019,-1.370478,1.321126,-4.777907,1
3.307000,0.236233,0.046019,-1.232579,1.192514,-4.382798,1
3.308000,0.236233,0.042951,-1.119522,-1.086371,0.949375,1
3.309000,0.227029,0.039884,-0.881571,-0.753099,0.563722,1
3.310000,0.227029,0.039884,-0.881571,-0.753099,0.563710,1
3.311000,0.227029,0.039884,-0.881571,-0.753099,0.563698,1
3.312000,0.227029,0.039884,-0.881571,-0.753099,0.563686,1
3.313000,0.227029,0.039884,-0.881571,-0.753099,0.563674,1
3.314000,0.227029,0.039884,-0.881571,-0.753099,0.563662,1
3.315000,0.227029,0.039884,-0.881571,-0.753099,0.563650,1
3.316000,0.227029,0.039884,-0.881571,-0.753099,0.563638,1
3.317000,0.227029,0.039884,-0.881571,-0.753099,0.563626,1
3.318000,0.227029,0.039884,-0.881571,-0.753099,0.563614,1
3.319000,0.227029,0.036816,-0.881571,-0.745293,0.609351,1
3.320000,0.227029,0.033748,-0.881571,-0.745293,0.670700,1
3.321000,0.227029,0.033748,-0.881571,-0.745293,0.670690,1
3.322000,0.227029,0.033748,-0.881571,-0.745293,0.670680,1
3.323000,0.227029,0.033748,-0.881571,-0.745293,0.670669,1
3.324000,0.227029,0.033748,-0.881571,-0.745293,0.670659,1
3.325000,0.227029,0.033748,-0.881571,-0.745293,0.670649,1
3.326000,0.223961,0.033748,-0.881571,-0.745293,0.664503,1
3.327000,0.223961,0.033748,-0.881571,-0.745293,0.664493,1
3.328000,0.223961,0.033748,-0.881571,-0.745293,0.664483,1
3.329000,0.217825,0.024544,-1.050562,-1.692769,2.562242,1
3.330000,0.211689,0.021476,-1.050562,-1.692769,2.611322,1
3.331000,0.211689,0.018408,-1.050562,-1.692769,2.672676,1
3.332000,0.208621,0.018408,-1.050562,-1.692769,2.666535,1
3.333000,0.208621,0.015340,-1.050562,-1.622059,2.586470,1
3.334000,0.208621,0.015340,-1.050562,-1.430811,2.203969,1
3.335000,0.205553,0.015340,-1.443881,-1.281765,1.506416,1
3.336000,0.205553,0.015340,-1.443881,-1.160207,1.263296,1
3.337000,0.205553,0.015340,-1.443881,-1.060532,1.063942,1
3.338000,0.205553,0.015340,-1.443881,-0.975568,0.894009,1
3.339000,0.205553,0.012272,-1.443881,-0.917946,0.840121,1
3.340000,0.202485,0.012272,-1.443881,-0.917946,0.833982,1
3.341000,0.202485,0.012272,-1.443881,-0.917946,0.833978,1
3.342000,0.202485,0.012272,-1.443881,-0.917946,0.833974,1
3.343000,0.202485,0.012272,-1.443881,-0.917946,0.833971,1
3.344000,0.202485,0.012272,-1.311048,-0.917946,0.966800,1
3.345000,0.202485,0.012272,-1.311048,-0.917946,0.966797,1
3.346000,0.202485,0.012272,-1.080099,-0.917946,1.197742,1
3.347000,0.202485,0.012272,-0.992820,-0.917946,1.285017,1
3.348000,0.202485,0.012272,-0.918693,-0.917946,1.359141,1
3.349000,0.202485,0.012272,-0.918693,-0.917946,1.359137,1
3.350000,0.202485,0.012272,-0.918693,-0.917946,1.359133,1
3.351000,0.202485,0.012272,-0.918693,-0.917946,1.359130,1
3.352000,0.202485,0.012272,-0.918693,-0.917946,1.359126,1
3.353000,0.202485,0.012272,-0.854529,-0.917946,1.423286,1
3.354000,0.202485,0.015340,-0.668504,0.863861,-2.615669,1
3.355000,0.202485,0.015340,-0.668504,0.863861,-2.615673,1
3.356000,0.202485,0.015340,-0.668504,0.863861,-2.615678,1
3.357000,0.202485,0.015340,-0.574593,0.713226,-2.220500,1
3.358000,0.202485,0.015340,-0.525307,0.638828,-2.022422,1
3.359000,0.202485,0.018408,-0.503956,0.607527,-1.999835,1
3.360000,0.202485,0.018408,-0.483995,0.578753,-1.922331,1
3.361000,0.202485,0.021476,-0.465597,0.571831,-1.951455,1
3.362000,0.202485,0.021476,-0.448577,0.571831,-1.934442,1
3.363000,0.202485,0.021476,-0.432739,0.571831,-1.918610,1
3.364000,0.202485,0.021476,-0.379221,0.571831,-1.865099,1
3.365000,0.202485,0.021476,-0.379221,0.571831,-1.865105,1
3.366000,0.202485,0.021476,-0.379221,0.571831,-1.865111,1
3.367000,0.202485,0.021476,-0.379221,0.571831,-1.865118,1
3.368000,0.199418,0.021476,-0.367928,0.571831,-1.859967,1
3.369000,0.199418,0.021476,-0.357188,0.571831,-1.849234,1
3.370000,0.199418,0.021476,-0.347089,0.571831,-1.839141,1
3.371000,0.199418,0.021476,-0.337548,0.571831,-1.829607,1
3.372000,0.196350,0.021476,-0.328480,0.571831,-1.826681,1
3.373000,0.196350,0.021476,-0.319958,0.571831,-1.818166,1
3.374000,0.196350,0.018408,-0.311807,0.571831,-1.748661,1
3.375000,0.196350,0.018408,-0.311807,0.571831,-1.748666,1
3.376000,0.196350,0.018408,-0.311807,0.571831,-1.748672,1
3.377000,0.196350,0.018408,-0.311807,0.571831,-1.748677,1
3.378000,0.196350,0.018408,-0.311807,0.571831,-1.748683,1
3.379000,0.196350,0.018408,-0.304082,0.571831,-1.740963,1
3.380000,0.190214,0.015340,-0.316887,0.571831,-1.704685,1
3.381000,0.190214,0.015340,-0.316887,0.571831,-1.704690,1
3.382000,0.190214,0.015340,-0.316887,0.571831,-1.704695,1
3.383000,0.190214,0.015340,-0.316887,0.571831,-1.704699,1
3.384000,0.190214,0.015340,-0.316887,0.571831,-1.704704,1
3.385000,0.187146,0.012272,-0.316887,-0.596233,1.286645,1
3.386000,0.181010,0.006136,-0.956518,-0.596233,0.757458,1
3.387000,0.177942,0.006136,-0.956518,-0.596233,0.751321,1
3.388000,0.177942,0.003068,-0.956518,-0.596233,0.812679,1
3.389000,0.174874,0.003068,-0.956518,-0.596233,0.806542,1
3.390000,0.174874,0.000000,-0.956518,-1.469470,2.614374,1
3.391000,0.174874,0.000000,-0.956518,-1.469470,2.614374,1
3.392000,0.174874,0.000000,-0.956518,-1.469470,2.614374,1
3.393000,0.174874,0.000000,-0.956518,-1.469470,2.614374,1
3.394000,0.171806,0.000000,-0.956518,-1.469470,2.608238,1
3.395000,0.171806,0.000000,-0.956518,-1.469470,2.608238,1
3.396000,0.171806,0.000000,-0.956518,-1.469470,2.608238,1
3.397000,0.171806,0.000000,-0.956518,-1.469470,2.608238,1
3.398000,0.171806,0.000000,-0.956518,-1.469470,2.608238,1
3.399000,0.165670,-0.009204,-1.517559,-1.469470,2.219006,1
3.400000,0.165670,-0.009204,-1.517559,-1.469470,2.219008,1
3.401000,0.165670,-0.009204,-1.517559,-1.469470,2.219011,1
3.402000,0.165670,-0.009204,-1.517559,-1.249811,1.779698,1
3.403000,0.165670,-0.009204,-1.517559,-1.249811,1.779700,1
3.404000,0.165670,-0.009204,-1.517559,-1.249811,1.779703,1
3.405000,0.162602,-0.009204,-1.308332,-0.957602,1.398379,1
3.406000,0.162602,-0.009204,-0.917328,-0.886744,1.647669,1
3.407000,0.162602,-0.009204,-0.853703,-0.886744,1.711297,1
3.408000,0.165670,-0.009204,-0.941690,-0.886744,1.629448,1
3.409000,0.165670,-0.009204,-0.941690,-0.886744,1.629451,1
3.410000,0.165670,-0.009204,-0.941690,-0.886744,1.629453,1
3.411000,0.165670,-0.009204,-0.941690,-0.886744,1.629456,1
3.412000,0.165670,-0.009204,-0.941690,-0.886744,1.629459,1
3.413000,0.165670,-0.006136,-0.941690,-0.886744,1.568102,1
3.414000,0.165670,-0.006136,-0.941690,-0.886744,1.568103,1
3.415000,0.165670,-0.006136,-0.941690,-0.886744,1.568105,1
3.416000,0.168738,-0.003068,-0.941690,1.126463,-3.113531,1
3.417000,0.168738,-0.003068,-0.941690,1.126463,-3.113530,1
3.418000,0.168738,0.000000,-0.941690,1.126463,-3.174890,1
3.419000,0.168738,0.000000,-0.941690,1.126463,-3.174890,1
3.420000,0.168738,0.000000,-0.941690,1.126463,-3.174890,1
3.421000,0.168738,0.000000,-0.941690,1.126463,-3.174890,1
3.422000,0.168738,0.003068,-0.941690,1.126463,-3.236250,1
3.423000,0.168738,0.003068,-0.941690,1.126463,-3.236251,1
3.424000,0.171806,0.003068,0.855916,1.126463,-1.432510,1
3.425000,0.171806,0.003068,0.855916,1.126463,-1.432511,1
3.426000,0.171806,0.003068,0.855916,1.126463,-1.432512,1
3.427000,0.171806,0.003068,0.855916,1.126463,-1.432512,1
3.428000,0.168738,0.006136,0.605258,1.107997,-1.713734,1
3.429000,0.168738,0.003068,0.605258,-0.813824,2.791266,1
3.430000,0.165670,0.003068,0.605258,-0.763395,2.684270,1
3.431000,0.165670,0.000000,0.605258,-0.726425,2.671689,1
3.432000,0.165670,0.000000,0.605258,-0.726425,2.671689,1
3.433000,0.165670,-0.003068,0.605258,-0.726425,2.733049,1
3.434000,0.165670,-0.003068,0.605258,-0.726425,2.733050,1
3.435000,0.165670,-0.003068,0.605258,-0.726425,2.733051,1
3.436000,0.165670,-0.003068,0.605258,-0.726425,2.733052,1
3.437000,0.165670,-0.003068,0.605258,-0.726425,2.733053,1
3.438000,0.165670,-0.003068,0.605258,-0.726425,2.733054,1
3.439000,0.165670,-0.003068,0.605258,-0.726425,2.733055,1
3.440000,0.165670,-0.003068,0.605258,-0.726425,2.733056,1
3.441000,0.165670,-0.003068,0.605258,-0.726425,2.733057,1
3.442000,0.165670,-0.003068,0.605258,-0.726425,2.733058,1
3.443000,0.165670,-0.003068,0.605258,-0.726425,2.733059,1
3.444000,0.165670,-0.003068,0.605258,-0.726425,2.733059,1
3.445000,0.165670,-0.003068,0.605258,-0.726425,2.733060,1
3.446000,0.165670,-0.003068,0.605258,-0.726425,2.733061,1
3.447000,0.165670,0.000000,-0.563513,-0.726425,1.502931,1
3.448000,0.168738,0.006136,0.475854,0.714136,-1.055409,1
3.449000,0.168738,0.006136,0.458159,0.675012,-0.994857,1
3.450000,0.171806,0.009204,0.441615,0.672056,-1.060715,1
3.451000,0.171806,0.012272,0.426319,0.672056,-1.137374,1
3.452000,0.171806,0.015340,0.411975,0.672056,-1.213081,1
3.453000,0.171806,0.015340,0.411975,0.672056,-1.213086,1
3.454000,0.171806,0.015340,0.411975,0.672056,-1.213090,1
3.455000,0.171806,0.015340,0.411975,0.672056,-1.213095,1
3.456000,0.171806,0.015340,0.411975,0.672056,-1.213099,1
3.457000,0.174874,0.018408,0.398638,0.672056,-1.281665,1
3.458000,0.174874,0.018408,0.398638,0.672056,-1.281671,1
3.459000,0.174874,0.018408,0.398638,0.672056,-1.281676,1
3.460000,0.177942,0.021476,0.440553,1.774068,-3.499016,1
3.461000,0.177942,0.021476,0.440553,1.774068,-3.499022,1
3.462000,0.177942,0.021476,0.440553,1.774068,-3.499028,1
3.463000,0.181010,0.024544,0.440553,1.774068,-3.554259,1
3.464000,0.181010,0.027612,0.440553,1.532143,-3.131776,1
3.465000,0.181010,0.030680,0.440553,1.362935,-2.854728,1
3.466000,0.181010,0.030680,0.440553,1.225498,-2.579863,1
3.467000,0.184078,0.030680,0.440553,1.115047,-2.352834,1
3.468000,0.184078,0.030680,0.440553,1.021631,-2.166012,1
3.469000,0.184078,0.030680,0.440553,0.817411,-1.757581,1
3.470000,0.184078,0.030680,0.440553,0.817411,-1.757590,1
3.471000,0.184078,0.030680,0.440553,0.817411,-1.757600,1
3.472000,0.184078,0.030680,0.440553,0.817411,-1.757609,1
3.473000,0.184078,0.030680,0.440553,0.817411,-1.757618,1
3.474000,0.181010,0.030680,0.728849,0.766475,-1.373595,1
3.475000,0.181010,0.030680,0.728849,0.645569,-1.131793,1
3.476000,0.181010,0.030680,0.728849,0.645569,-1.131802,1
3.477000,0.181010,0.030680,0.728849,0.645569,-1.131811,1
3.478000,0.181010,0.030680,0.728849,0.645569,-1.131820,1
3.479000,0.181010,0.030680,0.728849,0.645569,-1.131830,1
3.480000,0.181010,0.030680,0.728849,0.645569,-1.131839,1
3.481000,0.181010,0.030680,0.728849,0.645569,-1.131848,1
3.482000,0.181010,0.030680,0.728849,0.645569,-1.131857,1
3.483000,0.181010,0.030680,0.728849,0.613490,-1.067708,1
3.484000,0.181010,0.030680,0.728849,0.613490,-1.067717,1
3.485000,0.181010,0.030680,0.728849,0.613490,-1.067726,1
3.486000,0.174874,0.024544,0.728849,-0.460081,1.789854,1
3.487000,0.174874,0.024544,0.728849,-0.460081,1.789847,1
3.488000,0.174874,0.024544,0.728849,-0.460081,1.789840,1
3.489000,0.171806,0.024544,0.728849,-0.460081,1.783696,1
3.490000,0.171806,0.024544,0.728849,-0.460081,1.783689,1
3.491000,0.171806,0.024544,0.728849,-0.460081,1.783682,1
3.492000,0.168738,0.021476,-0.783160,-0.460081,0.000000,1
3.493000,0.165670,0.015340,-0.783160,-0.460081,0.000000,1
3.494000,0.165670,0.012272,-0.783160,-1.114452,1.813564,1
3.495000,0.162602,0.012272,-0.783160,-1.114452,1.807425,1
3.496000,0.162602,0.012272,-0.783160,-1.114452,1.807421,1
3.497000,0.162602,0.012272,-0.783160,-1.114452,1.807417,1
3.498000,0.162602,0.012272,-0.783160,-1.114452,1.807414,1
3.499000,0.162602,0.012272,-0.783160,-1.114452,1.807410,1
3.500000,0.162602,0.012272,-0.783160,-1.114452,1.807406,1
3.501000,0.162602,0.012272,-0.783160,-1.114452,1.807403,1
3.502000,0.159534,0.012272,-0.783160,-1.114452,1.801263,1
3.503000,0.159534,0.009204,-0.783160,-1.114452,1.862619,1
3.504000,0.159534,0.009204,-0.763353,-1.114452,1.882423,1
3.505000,0.159534,0.009204,-0.718640,-1.084003,1.866236,1
3.506000,0.159534,0.009204,-0.718640,-1.084003,1.866234,1
3.507000,0.159534,0.009204,-0.718640,-1.084003,1.866231,1
3.508000,0.159534,0.012272,-0.678766,0.995766,-2.914795,1
3.509000,0.159534,0.012272,-0.582294,0.801069,-2.428934,1
3.510000,0.159534,0.012272,-0.582294,0.801069,-2.428937,1
3.511000,0.159534,0.012272,-0.582294,0.801069,-2.428941,1
3.512000,0.159534,0.012272,-0.582294,0.801069,-2.428945,1
3.513000,0.156466,0.012272,-0.986475,0.751721,-2.740569,1
3.514000,0.156466,0.015340,-0.986475,0.635404,-2.569300,1
3.515000,0.156466,0.015340,-0.986475,0.635404,-2.569304,1
3.516000,0.156466,0.015340,-0.986475,0.603869,-2.506239,1
3.517000,0.156466,0.015340,-0.986475,0.603869,-2.506243,1
3.518000,0.156466,0.015340,-0.986475,0.603869,-2.506248,1
3.519000,0.156466,0.015340,-0.986475,0.549817,-2.398147,1
3.520000,0.153398,0.012272,-0.986475,0.499600,-2.242495,1
3.521000,0.153398,0.012272,-0.986475,0.499600,-2.242499,1
3.522000,0.150330,0.012272,-0.965106,0.499600,-2.227270,1
3.523000,0.147262,0.009204,-0.780742,0.499600,-1.987685,1
3.524000,0.147262,0.009204,-0.780742,0.499600,-1.987688,1
3.525000,0.147262,0.009204,-0.780742,0.499600,-1.987691,1
3.526000,0.144194,0.006136,-0.461482,0.499600,-1.613209,1
3.527000,0.144194,0.006136,-0.461482,0.499600,-1.613211,1
3.528000,0.141126,0.003068,-0.461482,0.499600,-1.557989,1
3.529000,0.138058,0.000000,-0.461482,-1.093216,2.282867,1
3.530000,0.138058,0.000000,-0.461482,-1.093216,2.282867,1
3.531000,0.138058,0.000000,-0.461482,-1.093216,2.282867,1
3.532000,0.134990,-0.003068,-0.461482,-1.093216,2.338091,1
3.533000,0.134990,-0.006136,-0.461482,-1.093216,2.399452,1
3.534000,0.131922,-0.009204,-1.471751,-1.093216,1.444410,1
3.535000,0.131922,-0.012272,-1.471751,-2.276845,3.873031,1
3.536000,0.128854,-0.012272,-1.471751,-2.276845,3.866899,1
3.537000,0.128854,-0.012272,-1.471751,-2.276845,3.866903,1
3.538000,0.128854,-0.015340,-1.471751,-2.276845,3.928266,1
3.539000,0.125786,-0.015340,-1.471751,-2.276845,3.922135,1
3.540000,0.125786,-0.018408,-1.154487,-1.341874,2.430821,1
3.541000,0.125786,-0.018408,-1.154487,-1.341874,2.430827,1
3.542000,0.125786,-0.018408,-1.154487,-1.341874,2.430832,1
3.543000,0.125786,-0.018408,-1.154487,-1.341874,2.430838,1
3.544000,0.125786,-0.018408,-1.154487,-1.341874,2.430843,1
3.545000,0.125786,-0.018408,-1.055481,-1.211054,2.268215,1
3.546000,0.128854,-0.012272,-1.334692,-1.185900,1.822118,1
3.547000,0.128854,-0.012272,-1.334692,-1.185900,1.822122,1
3.548000,0.128854,-0.012272,-1.334692,-1.185900,1.822126,1
3.549000,0.128854,-0.009204,-1.334692,-1.185900,1.760769,1
3.550000,0.131922,-0.006136,-1.334692,1.040204,-3.346661,1
3.551000,0.131922,-0.006136,-1.334692,1.040204,-3.346659,1
3.552000,0.131922,-0.006136,-1.334692,1.040204,-3.346657,1
3.553000,0.131922,-0.006136,-1.334692,1.040204,-3.346655,1
3.554000,0.131922,-0.006136,-1.334692,1.040204,-3.346653,1
3.555000,0.131922,-0.006136,-1.334692,1.040204,-3.346652,1
3.556000,0.131922,-0.006136,-1.334692,1.040204,-3.346650,1
3.557000,0.131922,-0.006136,-1.334692,1.040204,-3.346648,1
3.558000,0.134990,-0.006136,-1.334692,0.958846,-3.177795,1
3.559000,0.134990,0.000000,-1.334692,0.957957,-3.298736,1
3.560000,0.134990,0.003068,-1.334692,0.957957,-3.360096,1
3.561000,0.134990,0.003068,1.213001,0.957957,-0.812404,1
3.562000,0.138058,0.003068,1.102783,0.957957,-0.916487,1
3.563000,0.138058,0.003068,1.012430,0.957957,-1.006841,1
3.564000,0.138058,0.006136,0.934882,0.957957,-1.145750,1
3.565000,0.138058,0.006136,0.934882,0.957957,-1.145752,1
3.566000,0.141126,0.009204,0.646598,1.314614,-2.202575,1
3.567000,0.141126,0.009204,0.646598,1.314614,-2.202578,1
3.568000,0.141126,0.009204,0.646598,1.314614,-2.202580,1
3.569000,0.141126,0.009204,0.646598,1.314614,-2.202583,1
3.570000,0.141126,0.009204,0.646598,1.314614,-2.202586,1
3.571000,0.141126,0.009204,0.646598,1.314614,-2.202589,1
3.572000,0.141126,0.009204,0.646598,1.314614,-2.202591,1
3.573000,0.141126,0.009204,0.646598,1.314614,-2.202594,1
3.574000,0.141126,0.009204,0.646598,1.314614,-2.202597,1
3.575000,0.141126,0.009204,0.646598,1.314614,-2.202600,1
3.576000,0.141126,0.012272,0.646598,1.314614,-2.263963,1
3.577000,0.141126,0.012272,0.646598,1.271634,-2.178006,1
3.578000,0.141126,0.012272,0.646598,1.271634,-2.178010,1
3.579000,0.141126,0.012272,0.646598,1.152251,-1.939249,1
3.580000,0.141126,0.012272,0.646598,1.152251,-1.939253,1
3.581000,0.141126,0.012272,0.646598,1.152251,-1.939257,1
3.582000,0.141126,0.012272,0.646598,1.053869,-1.742494,1
3.583000,0.141126,0.012272,0.646598,1.053869,-1.742498,1
3.584000,0.141126,0.012272,0.646598,1.053869,-1.742502,1
3.585000,0.141126,0.012272,0.646598,1.053869,-1.742506,1
3.586000,0.141126,0.012272,0.646598,1.053869,-1.742509,1
3.587000,0.138058,0.012272,0.646598,0.898867,-1.438646,1
3.588000,0.138058,0.012272,0.646598,0.898867,-1.438650,1
3.589000,0.134990,0.009204,0.646598,-0.657959,2.330224,1
3.590000,0.134990,0.009204,0.646598,-0.657959,2.330221,1
3.591000,0.134990,0.009204,0.646598,-0.657959,2.330218,1
3.592000,0.134990,0.006136,-0.604491,-0.594255,1.013079,1
3.593000,0.134990,0.006136,-0.604491,-0.594255,1.013077,1
3.594000,0.125786,-0.003068,-0.524525,-0.471352,1.012908,1
3.595000,0.125786,-0.003068,-0.524525,-0.471352,1.012909,1
3.596000,0.125786,-0.003068,-0.524525,-0.471352,1.012910,1
3.597000,0.125786,-0.003068,-0.524525,-0.471352,1.012911,1
3.598000,0.125786,-0.003068,-0.524525,-0.471352,1.012912,1
3.599000,0.125786,-0.003068,-0.524525,-0.471352,1.012913,1
3.600000,0.122718,-0.006136,-0.524525,-0.471352,1.068138,1
3.601000,0.119651,-0.006136,-0.524525,-0.471352,1.062004,1
3.602000,0.119651,-0.006136,-0.911821,-0.471352,0.674710,1
3.603000,0.119651,-0.006136,-0.911821,-0.471352,0.674711,1
3.604000,0.119651,-0.006136,-0.911821,-0.471352,0.674713,1
3.605000,0.119651,-0.006136,-0.911821,-0.471352,0.674715,1
3.606000,0.119651,-0.006136,-0.911821,-0.471352,0.674717,1
3.607000,0.119651,-0.006136,-0.911821,-0.471352,0.674719,1
3.608000,0.119651,-0.006136,-0.911821,-0.471352,0.674721,1
3.609000,0.119651,-0.009204,-0.911821,-0.471352,0.736083,1
3.610000,0.116583,-0.009204,-0.911821,-0.471352,0.729949,1
3.611000,0.116583,-0.012272,-0.911821,-0.632222,1.113051,1
3.612000,0.116583,-0.012272,-0.911821,-0.632222,1.113055,1
3.613000,0.116583,-0.012272,-0.911821,-0.632222,1.113059,1
3.614000,0.116583,-0.012272,-0.911821,-0.632222,1.113062,1
3.615000,0.116583,-0.012272,-0.877913,-0.632222,1.146974,1
3.616000,0.116583,-0.012272,-0.819405,-0.632222,1.205486,1
3.617000,0.116583,-0.012272,-0.767803,-0.632222,1.257092,1
3.618000,0.116583,-0.012272,-0.722695,-0.632222,1.302204,1
3.619000,0.116583,-0.012272,-0.682388,-0.632222,1.342514,1
3.620000,0.116583,-0.012272,-0.646664,-0.632222,1.378241,1
3.621000,0.116583,-0.012272,-0.614315,-0.632222,1.410594,1
3.622000,0.116583,-0.012272,-0.584852,-0.632222,1.440061,1
3.623000,0.116583,-0.012272,-0.558393,-0.632222,1.466524,1
3.624000,0.116583,-0.012272,-0.534146,-0.632222,1.490774,1
3.625000,0.116583,-0.012272,-0.511919,-0.632222,1.513006,1
3.626000,0.116583,-0.009204,-0.438622,-0.632222,1.524946,1
3.627000,0.116583,-0.009204,-0.438622,-0.632222,1.524948,1
3.628000,0.116583,-0.009204,-0.438622,-0.632222,1.524951,1
3.629000,0.116583,-0.009204,-0.438622,-0.632222,1.524954,1
3.630000,0.116583,-0.009204,-0.423439,-0.632222,1.540140,1
3.631000,0.119651,-0.009204,0.409284,-0.632222,2.379001,1
3.632000,0.119651,-0.009204,0.396119,-0.632222,2.365839,1
3.633000,0.119651,-0.006136,0.383791,0.607641,-0.787572,1
3.634000,0.119651,-0.006136,0.372059,0.578748,-0.741517,1
3.635000,0.119651,-0.006136,0.361198,0.552886,-0.700651,1
3.636000,0.122718,-0.003068,0.350830,0.547836,-0.756142,1
3.637000,0.122718,-0.003068,0.341056,0.547836,-0.765916,1
3.638000,0.122718,0.000000,0.331854,0.547836,-0.836477,1
3.639000,0.122718,0.000000,0.323146,0.547836,-0.845184,1
3.640000,0.122718,0.000000,0.314885,0.547836,-0.853446,1
3.641000,0.125786,0.003068,0.285528,0.547836,-0.938026,1
3.642000,0.125786,0.003068,0.285528,0.547836,-0.938027,1
3.643000,0.125786,0.003068,0.285528,0.547836,-0.938028,1
3.644000,0.125786,0.003068,0.285528,0.547836,-0.938029,1
3.645000,0.125786,0.006136,0.279056,0.547836,-1.005862,1
3.646000,0.125786,0.006136,0.272838,0.547836,-1.012083,1
3.647000,0.125786,0.006136,0.266894,0.547836,-1.018028,1
3.648000,0.128854,0.006136,0.297380,0.547836,-0.981408,1
3.649000,0.128854,0.006136,0.297380,0.547836,-0.981410,1
3.650000,0.128854,0.006136,0.297380,0.547836,-0.981412,1
3.651000,0.128854,0.006136,0.297380,0.547836,-0.981413,1
3.652000,0.128854,0.006136,0.297380,0.547836,-0.981415,1
3.653000,0.128854,0.009204,0.297380,0.708496,-1.364097,1
3.654000,0.128854,0.009204,0.297380,0.708496,-1.364100,1
3.655000,0.128854,0.009204,0.297380,0.708496,-1.364103,1
3.656000,0.128854,0.009204,0.297380,0.708496,-1.364106,1
3.657000,0.128854,0.009204,0.297380,0.708496,-1.364108,1
3.658000,0.128854,0.009204,0.297380,0.708496,-1.364111,1
3.659000,0.128854,0.009204,0.297380,0.708496,-1.364114,1
3.660000,0.128854,0.009204,0.297380,0.708496,-1.364117,1
3.661000,0.128854,0.009204,0.297380,0.708496,-1.364119,1
3.662000,0.125786,0.009204,0.297380,0.708496,-1.370258,1
3.663000,0.125786,0.009204,0.297380,0.708496,-1.370261,1
3.664000,0.125786,0.006136,0.297380,0.708496,-1.308904,1
3.665000,0.125786,0.006136,0.297380,0.708496,-1.308905,1
3.666000,0.125786,0.006136,0.297380,0.708496,-1.308907,1
3.667000,0.125786,0.006136,0.297380,0.708496,-1.308909,1
3.668000,0.122718,0.006136,0.297380,0.708496,-1.315047,1
3.669000,0.122718,0.006136,0.297380,0.708496,-1.315049,1
3.670000,0.122718,0.003068,0.297380,-0.702186,2.167674,1
3.671000,0.122718,0.003068,0.297380,-0.664047,2.091395,1
3.672000,0.119651,0.000000,-0.481837,-0.635763,1.310833,1
3.673000,0.119651,0.000000,-0.481837,-0.635763,1.310833,1
3.674000,0.119651,0.000000,-0.481837,-0.635763,1.310833,1
3.675000,0.119651,-0.003068,-0.481837,-0.635763,1.372193,1
3.676000,0.119651,-0.003068,-0.481837,-0.635763,1.372194,1
3.677000,0.119651,-0.003068,-0.481837,-0.635763,1.372195,1
3.678000,0.119651,-0.003068,-0.481837,-0.635763,1.372196,1
3.679000,0.119651,-0.003068,-0.481837,-0.635763,1.372197,1
3.680000,0.119651,-0.003068,-0.481837,-0.635763,1.372198,1
3.681000,0.119651,-0.003068,-0.481837,-0.635763,1.372198,1
3.682000,0.119651,-0.003068,-0.481837,-0.635763,1.372199,1
3.683000,0.119651,-0.003068,-0.481837,-0.635763,1.372200,1
3.684000,0.119651,-0.003068,-0.481837,-0.635763,1.372201,1
3.685000,0.119651,-0.006136,-0.481837,-0.635763,1.433562,1
3.686000,0.119651,-0.006136,-0.481837,-0.635763,1.433564,1
3.687000,0.119651,-0.006136,-0.481837,-0.635763,1.433566,1
3.688000,0.119651,-0.003068,-0.481837,-0.793895,1.688473,1
3.689000,0.119651,-0.003068,-0.481837,-0.793895,1.688474,1
3.690000,0.119651,-0.003068,-0.481837,-0.793895,1.688475,1
3.691000,0.119651,-0.003068,-0.481837,-0.793895,1.688476,1
3.692000,0.119651,-0.003068,-0.481837,-0.793895,1.688476,1
3.693000,0.122718,-0.003068,-0.481837,-0.793895,1.694613,1
3.694000,0.122718,-0.003068,-0.481837,-0.793895,1.694614,1
3.695000,0.122718,0.000000,-0.481837,-0.793895,1.633255,1
3.696000,0.122718,0.000000,-0.481837,-0.793895,1.633255,1
3.697000,0.125786,0.000000,-0.481837,-0.793895,1.639391,1
3.698000,0.125786,0.000000,0.466533,-0.793895,2.587761,1
3.699000,0.125786,0.000000,0.449453,-0.793895,2.570681,1
3.700000,0.128854,0.003068,0.386976,-0.793895,2.452980,1
3.701000,0.128854,0.003068,0.386976,-0.793895,2.452979,1
3.702000,0.128854,0.003068,0.386976,-0.793895,2.452978,1
3.703000,0.131922,0.006136,0.386976,0.780537,-1.351111,1
3.704000,0.131922,0.006136,0.386976,0.734204,-1.258448,1
3.705000,0.131922,0.009204,0.386976,0.718327,-1.288055,1
3.706000,0.134990,0.012272,0.386976,0.718327,-1.343282,1
3.707000,0.134990,0.015340,0.386976,0.718327,-1.404646,1
3.708000,0.138058,0.018408,0.386976,0.718327,-1.459875,1
3.709000,0.138058,0.018408,0.386976,0.718327,-1.459880,1
3.710000,0.138058,0.018408,0.386976,0.718327,-1.459886,1
3.711000,0.141126,0.018408,0.981138,0.718327,-0.859593,1
3.712000,0.141126,0.021476,0.981138,1.813101,-3.110507,1
3.713000,0.141126,0.021476,0.981138,1.813101,-3.110513,1
3.714000,0.141126,0.024544,0.981138,1.813101,-3.171880,1
3.715000,0.144194,0.024544,0.981138,1.813101,-3.165751,1
3.716000,0.144194,0.024544,0.981138,1.813101,-3.165758,1
3.717000,0.144194,0.024544,0.981138,1.813101,-3.165766,1
3.718000,0.144194,0.024544,0.981138,1.813101,-3.165773,1
3.719000,0.144194,0.024544,0.981138,1.813101,-3.165781,1
3.720000,0.144194,0.024544,0.981138,1.787177,-3.113940,1
3.721000,0.144194,0.024544,0.981138,1.787177,-3.113947,1
3.722000,0.144194,0.027612,0.981138,1.384424,-2.369810,1
3.723000,0.144194,0.024544,0.967231,1.107298,-1.768113,1
3.724000,0.144194,0.024544,0.896397,1.107298,-1.838955,1
3.725000,0.141126,0.024544,-0.835433,1.107298,-3.576927,1
3.726000,0.141126,0.024544,-0.782331,1.107298,-3.523833,1
3.727000,0.141126,0.024544,-0.735188,1.107298,-3.476697,1
3.728000,0.141126,0.024544,-0.693626,1.107298,-3.435142,1
3.729000,0.138058,0.021476,-0.656735,1.107298,-3.343035,1
3.730000,0.138058,0.021476,-0.623287,1.107298,-3.309594,1
3.731000,0.134990,0.018408,-0.593165,1.107298,-3.224254,1
3.732000,0.134990,0.018408,-0.565840,1.107298,-3.196934,1
3.733000,0.131922,0.015340,-0.538949,1.107298,-3.114825,1
3.734000,0.131922,0.015340,-0.538949,-1.040697,1.781162,1
3.735000,0.128854,0.012272,-0.538949,-1.006445,1.767876,1
3.736000,0.128854,0.009204,-0.538949,-1.006445,1.829232,1
3.737000,0.125786,0.006136,-0.538949,-1.006445,1.884454,1
3.738000,0.125786,0.006136,-0.538949,-1.006445,1.884452,1
3.739000,0.122718,0.003068,-0.538949,-1.006445,1.939675,1
3.740000,0.122718,0.000000,-0.538949,-2.449070,4.886284,1
3.741000,0.119651,-0.003068,-1.442547,-2.449070,4.037910,1
3.742000,0.119651,-0.003068,-1.442547,-2.449070,4.037911,1
3.743000,0.119651,-0.006136,-1.442547,-2.449070,4.099272,1
3.744000,0.119651,-0.006136,-1.442547,-2.449070,4.099274,1
3.745000,0.119651,-0.006136,-1.442547,-2.201327,3.603790,1
3.746000,0.116583,-0.006136,-1.442547,-1.865652,2.926307,1
3.747000,0.116583,-0.006136,-1.442547,-1.619535,2.434074,1
3.748000,0.116583,-0.009204,-1.442547,-1.430971,2.118308,1
3.749000,0.116583,-0.009204,-1.442547,-1.281042,1.818453,1
3.750000,0.116583,-0.009204,-1.324822,-1.160489,1.695074,1
3.751000,0.116583,-0.006136,-1.195444,1.059999,-3.277881,1
3.752000,0.116583,-0.006136,-1.089157,0.975582,-3.002758,1
3.753000,0.116583,-0.003068,-1.000442,0.903794,-2.831825,1
3.754000,0.116583,-0.003068,-1.000442,0.903794,-2.831825,1
3.755000,0.116583,-0.003068,-1.000442,0.903794,-2.831824,1
3.756000,0.116583,-0.003068,-1.000442,0.903794,-2.831823,1
3.757000,0.116583,-0.003068,-1.000442,0.903794,-2.831822,1
3.758000,0.116583,-0.003068,-1.000442,0.903794,-2.831821,1
3.759000,0.116583,-0.003068,-0.924891,0.902568,-2.753817,1
3.760000,0.116583,-0.003068,-0.924891,0.902568,-2.753816,1
3.761000,0.116583,-0.003068,-0.924891,0.902568,-2.753815,1
3.762000,0.116583,-0.006136,-0.671804,0.902568,-2.439367,1
3.763000,0.116583,-0.006136,-0.671804,0.902568,-2.439365,1
3.764000,0.116583,-0.006136,-0.671804,0.902568,-2.439363,1
3.765000,0.113515,-0.009204,-0.577151,0.902568,-2.289485,1
3.766000,0.113515,-0.009204,-0.577151,0.902568,-2.289482,1
3.767000,0.113515,-0.009204,-0.577151,0.902568,-2.289479,1
3.768000,0.107379,-0.012272,-0.544447,-1.168137,2.533727,1
3.769000,0.107379,-0.012272,-0.544447,-1.168137,2.533730,1
3.770000,0.107379,-0.012272,-0.544447,-1.168137,2.533734,1
3.771000,0.104311,-0.018408,-0.544447,-1.168137,2.650322,1
3.772000,0.104311,-0.018408,-0.544447,-1.168137,2.650328,1
3.773000,0.104311,-0.018408,-0.544447,-1.168137,2.650333,1
3.774000,0.098175,-0.024544,-0.544447,-1.740670,3.905854,1
3.775000,0.098175,-0.024544,-0.544447,-1.740670,3.905861,1
3.776000,0.098175,-0.024544,-0.544447,-1.740670,3.905869,1
3.777000,0.092039,-0.033748,-1.269560,-1.740670,3.352572,1
3.778000,0.092039,-0.033748,-1.269560,-1.740670,3.352582,1
3.779000,0.092039,-0.033748,-1.269560,-1.740670,3.352592,1
3.780000,0.092039,-0.033748,-1.269560,-1.740670,3.352602,1
3.781000,0.092039,-0.033748,-1.269560,-1.740670,3.352612,1
3.782000,0.092039,-0.033748,-1.269560,-1.740670,3.352622,1
3.783000,0.088971,-0.039884,-1.269560,-2.942075,5.872027,1
3.784000,0.088971,-0.039884,-1.269560,-2.942075,5.872039,1
3.785000,0.088971,-0.039884,-1.269560,-2.942075,5.872051,1
3.786000,0.082835,-0.049087,-1.783979,-1.596993,2.839286,1
3.787000,0.082835,-0.049087,-1.783979,-1.596993,2.839301,1
3.788000,0.082835,-0.049087,-1.783979,-1.596993,2.839316,1
3.789000,0.079767,-0.049087,-1.783979,-1.596993,2.833195,1
3.790000,0.082835,-0.049087,1.275511,-1.596993,5.898835,1
3.791000,0.082835,-0.049087,1.155395,-1.432753,5.450254,1
3.792000,0.082835,-0.049087,1.055712,-1.282578,5.050236,1
3.793000,0.085903,-0.046019,0.972225,1.161413,-0.576442,1
3.794000,0.085903,-0.046019,0.900656,1.060722,0.000000,1
3.795000,0.088971,-0.042951,0.839159,0.976447,0.000000,1
3.796000,0.088971,-0.039884,0.785569,0.964509,-0.485833,1
3.797000,0.088971,-0.036816,0.738073,0.964509,-0.594677,1
3.798000,0.092039,-0.036816,0.748260,0.964509,-0.578343,1
3.799000,0.092039,-0.036816,0.748260,0.964509,-0.578332,1
3.800000,0.095107,-0.036816,0.748260,0.964509,-0.572185,1
3.801000,0.095107,-0.033748,0.748260,0.964509,-0.633534,1
3.802000,0.095107,-0.033748,0.748260,0.964509,-0.633524,1
3.803000,0.098175,-0.030680,0.748260,0.964509,-0.688738,1
3.804000,0.098175,-0.027612,0.748260,1.405636,-1.632344,1
3.805000,0.101243,-0.027612,0.748260,1.405636,-1.626200,1
3.806000,0.101243,-0.027612,0.748260,1.405636,-1.626191,1
3.807000,0.101243,-0.027612,0.748260,1.405636,-1.626183,1
3.808000,0.104311,-0.024544,1.236351,1.405636,-1.193308,1
3.809000,0.104311,-0.024544,1.236351,1.405636,-1.193301,1
3.810000,0.104311,-0.024544,1.236351,1.405636,-1.193293,1
3.811000,0.107379,-0.024544,1.236351,1.405636,-1.187150,1
3.812000,0.107379,-0.024544,1.236351,1.405636,-1.187143,1
3.813000,0.107379,-0.024544,1.236351,1.405636,-1.187135,1
3.814000,0.107379,-0.024544,1.236351,1.405636,-1.187128,1
3.815000,0.107379,-0.021476,1.236351,1.405636,-1.248481,1
3.816000,0.107379,-0.021476,1.236351,1.405636,-1.248474,1
3.817000,0.107379,-0.021476,1.236351,1.405636,-1.248468,1
3.818000,0.110447,-0.021476,1.236351,1.103874,-0.638802,1
3.819000,0.110447,-0.021476,1.236351,1.103874,-0.638796,1
3.820000,0.110447,-0.021476,1.236351,1.103874,-0.638789,1
3.821000,0.110447,-0.021476,1.123265,0.868758,0.000000,1
3.822000,0.113515,-0.021476,0.822354,0.677127,0.000000,1
3.823000,0.113515,-0.021476,0.770572,0.641625,0.000000,1
3.824000,0.113515,-0.021476,0.725164,0.609829,0.000000,1
3.825000,0.113515,-0.021476,0.684656,0.580925,0.461584,1
3.826000,0.113515,-0.021476,0.648756,0.554872,0.477796,1
3.827000,0.113515,-0.021476,0.615982,0.530721,0.493330,1
3.828000,0.113515,-0.021476,0.586613,0.508775,0.507860,1
3.829000,0.113515,-0.021476,0.559824,0.488500,0.521626,1
3.830000,0.116583,-0.021476,0.976381,0.469862,0.981602,1
3.831000,0.116583,-0.021476,0.976381,0.452526,1.016280,1
3.832000,0.116583,-0.021476,0.976381,0.436351,1.048637,1
3.833000,0.116583,-0.021476,0.976381,0.421342,1.078662,1
3.834000,0.116583,-0.021476,0.976381,0.407398,1.106556,1
3.835000,0.116583,-0.021476,0.976381,0.394299,1.132759,1
3.836000,0.116583,-0.021476,0.976381,0.382023,1.157319,1
3.837000,0.119651,-0.021476,0.976381,0.370586,1.186335,1
3.838000,0.119651,-0.021476,0.976381,0.359663,1.208186,1
3.839000,0.119651,-0.021476,0.976381,0.349363,1.228794,1
3.840000,0.119651,-0.021476,0.976381,0.339773,1.247980,1
3.841000,0.119651,-0.021476,0.976381,0.330616,1.266301,1
3.842000,0.122718,-0.021476,0.955338,0.321948,1.268736,1
3.843000,0.122718,-0.021476,0.885906,0.313663,1.215880,1
3.844000,0.122718,-0.018408,0.826348,0.305858,1.110578,1
3.845000,0.122718,-0.018408,0.826348,0.305858,1.110584,1
3.846000,0.122718,-0.018408,0.774157,0.298412,1.073291,1
3.847000,0.125786,-0.018408,0.687477,0.284581,1.020414,1
3.848000,0.125786,-0.018408,0.651288,0.278182,0.997028,1
3.849000,0.128854,-0.018408,0.453621,0.271992,0.817883,1
3.850000,0.128854,-0.015340,0.453621,0.269166,0.762180,1
3.851000,0.128854,-0.015340,0.453621,0.269166,0.762185,1
3.852000,0.131922,-0.015340,0.453621,0.269166,0.768325,1
3.853000,0.131922,-0.015340,0.453621,0.269166,0.768330,1
3.854000,0.131922,-0.015340,0.453621,0.269166,0.768334,1
3.855000,0.134990,-0.012272,0.453621,0.269166,0.713115,1
3.856000,0.134990,-0.012272,0.453621,0.269166,0.713118,1
3.857000,0.134990,-0.012272,0.453621,0.269166,0.713122,1
3.858000,0.138058,-0.012272,0.453621,0.269166,0.719262,1
3.859000,0.138058,-0.009204,0.453621,0.269166,0.657905,1
3.860000,0.141126,-0.009204,0.951358,0.269166,1.161781,1
3.861000,0.141126,-0.009204,0.951358,0.269166,1.161784,1
3.862000,0.141126,-0.009204,0.951358,0.269166,1.161787,1
3.863000,0.147262,-0.006136,0.951358,0.269166,1.112701,1
3.864000,0.147262,-0.006136,0.951358,0.269166,1.112703,1
3.865000,0.147262,-0.003068,0.951358,0.753645,-0.517613,1
3.866000,0.147262,-0.003068,0.951358,0.753645,-0.517613,1
3.867000,0.147262,-0.003068,0.951358,0.753645,-0.517612,1
3.868000,0.147262,-0.003068,0.951358,0.753645,-0.517611,1
3.869000,0.147262,-0.003068,0.951358,0.753645,-0.517610,1
3.870000,0.150330,-0.003068,0.951358,0.753645,-0.511473,1
3.871000,0.156466,0.003068,1.248191,0.753645,0.000000,1
3.872000,0.156466,0.003068,1.248191,0.753645,0.000000,1
3.873000,0.162602,0.006136,1.248191,0.753645,0.000000,1
3.874000,0.162602,0.006136,1.248191,0.753645,0.000000,1
3.875000,0.162602,0.006136,1.248191,0.753645,0.000000,1
3.876000,0.162602,0.006136,1.248191,0.753645,0.000000,1
3.877000,0.165670,0.009204,1.450063,1.106778,-0.933802,1
3.878000,0.168738,0.012272,1.450063,1.106778,-0.989029,1
3.879000,0.168738,0.012272,1.450063,1.106778,-0.989033,1
3.880000,0.168738,0.012272,1.450063,1.106778,-0.989037,1
3.881000,0.168738,0.012272,1.450063,1.106778,-0.989040,1
3.882000,0.171806,0.012272,1.450063,1.106778,-0.982908,1
3.883000,0.171806,0.012272,1.450063,1.106778,-0.982912,1
3.884000,0.171806,0.015340,1.450063,1.106778,-1.044276,1
3.885000,0.177942,0.015340,1.380971,1.106778,-1.101101,1
3.886000,0.177942,0.015340,1.380971,1.106778,-1.101105,1
3.887000,0.177942,0.015340,1.380971,1.106778,-1.101110,1
3.888000,0.177942,0.015340,1.380971,1.106778,-1.101115,1
3.889000,0.177942,0.015340,1.380971,1.106778,-1.101119,1
3.890000,0.177942,0.015340,1.380971,1.106778,-1.101124,1
3.891000,0.177942,0.015340,1.380971,1.106778,-1.101128,1
3.892000,0.177942,0.018408,1.380971,1.099384,-1.147706,1
3.893000,0.181010,0.018408,1.380971,0.759530,-0.461866,1
3.894000,0.184078,0.018408,1.380971,0.715263,0.000000,1
3.895000,0.184078,0.018408,1.380971,0.676020,0.000000,1
3.896000,0.184078,0.018408,1.346108,0.640498,0.000000,1
3.897000,0.184078,0.021476,1.212775,0.638024,0.000000,1
3.898000,0.187146,0.021476,1.104313,0.638024,-0.544629,1
3.899000,0.187146,0.021476,1.012808,0.638024,-0.636140,1
3.900000,0.187146,0.021476,0.935847,0.638024,-0.713109,1
3.901000,0.187146,0.021476,0.869401,0.638024,-0.779561,1
3.902000,0.190214,0.021476,1.009611,0.638024,-0.633221,1
3.903000,0.190214,0.021476,1.009611,0.638024,-0.633228,1
3.904000,0.190214,0.021476,1.009611,0.638024,-0.633234,1
3.905000,0.190214,0.021476,1.009611,0.638024,-0.633241,1
3.906000,0.190214,0.021476,1.009611,0.638024,-0.633247,1
3.907000,0.190214,0.021476,1.009611,0.638024,-0.633254,1
3.908000,0.193282,0.021476,1.009611,0.638024,-0.627124,1
3.909000,0.193282,0.021476,1.009611,0.638024,-0.627131,1
3.910000,0.193282,0.021476,1.009611,0.638024,-0.627137,1
3.911000,0.193282,0.021476,1.009611,0.638024,-0.627143,1
3.912000,0.193282,0.021476,1.009611,0.638024,-0.627150,1
3.913000,0.193282,0.021476,1.009611,0.638024,-0.627156,1
3.914000,0.193282,0.021476,1.002387,0.638024,-0.634387,1
3.915000,0.196350,0.021476,0.926970,0.638024,-0.703674,1
3.916000,0.196350,0.021476,0.861964,0.616041,-0.724721,1
3.917000,0.196350,0.021476,0.805682,0.586747,-0.722421,1
3.918000,0.196350,0.021476,0.755563,0.559709,-0.718470,1
3.919000,0.196350,0.021476,0.711966,0.535421,-0.713498,1
3.920000,0.196350,0.018408,0.577864,-0.455864,1.796322,1
3.921000,0.196350,0.018408,0.577864,-0.455864,1.796317,1
3.922000,0.196350,0.018408,0.551742,-0.439450,1.737363,1
3.923000,0.199418,0.015340,0.450484,-0.372722,1.570140,1
3.924000,0.199418,0.015340,0.450484,-0.372722,1.570135,1
3.925000,0.199418,0.015340,0.450484,-0.372722,1.570131,1
3.926000,0.199418,0.015340,0.450484,-0.372722,1.570126,1
3.927000,0.199418,0.015340,0.450484,-0.372722,1.570122,1
3.928000,0.199418,0.015340,0.450484,-0.372722,1.570117,1
3.929000,0.199418,0.015340,0.450484,-0.372722,1.570112,1
3.930000,0.199418,0.015340,0.434604,-0.361785,1.532353,1
3.931000,0.199418,0.015340,0.419680,-0.351383,1.496620,1
3.932000,0.202485,0.015340,0.608074,-0.341634,1.671648,1
3.933000,0.202485,0.015340,0.608074,-0.341634,1.671644,1
3.934000,0.202485,0.018408,0.608074,0.323577,0.000000,1
3.935000,0.202485,0.018408,0.608074,0.323577,0.000000,1
3.936000,0.202485,0.018408,0.608074,0.307389,0.000000,1
3.937000,0.205553,0.018408,0.608074,0.299874,0.000000,1
3.938000,0.205553,0.018408,0.608074,0.292733,0.000000,1
3.939000,0.205553,0.018408,0.608074,0.285873,0.000000,1
3.940000,0.205553,0.018408,0.608074,0.279363,0.000000,1
3.941000,0.208621,0.021476,0.608074,0.276301,0.000000,1
3.942000,0.208621,0.021476,0.608074,0.276301,0.000000,1
3.943000,0.208621,0.021476,0.608074,0.276301,0.000000,1
3.944000,0.208621,0.021476,0.608074,0.276301,0.000000,1
3.945000,0.208621,0.021476,0.608074,0.276301,0.000000,1
3.946000,0.208621,0.021476,0.608074,0.276301,0.000000,1
3.947000,0.208621,0.021476,0.608074,0.276301,0.000000,1
3.948000,0.208621,0.021476,0.608074,0.276301,0.000000,1
3.949000,0.208621,0.021476,0.608074,0.276301,0.000000,1
3.950000,0.211689,0.021476,0.608074,0.276301,0.000000,1
3.951000,0.214757,0.021476,0.467773,0.276301,0.000000,1
3.952000,0.214757,0.021476,0.467773,0.276301,0.000000,1
3.953000,0.214757,0.021476,0.467773,0.276301,0.000000,1
3.954000,0.214757,0.021476,0.467773,0.276301,0.000000,1
3.955000,0.217825,0.024544,0.467773,0.276301,-0.458064,1
3.956000,0.217825,0.024544,0.467773,0.276301,-0.458071,1
3.957000,0.217825,0.024544,0.467773,0.276301,-0.458078,1
3.958000,0.217825,0.024544,0.467773,0.276301,-0.458086,1
3.959000,0.217825,0.024544,0.467773,0.276301,-0.458093,1
3.960000,0.217825,0.024544,0.467773,0.276301,-0.458100,1
3.961000,0.220893,0.027612,0.467773,0.276301,-0.513332,1
3.962000,0.223961,0.027612,0.467773,0.276301,-0.507204,1
3.963000,0.223961,0.027612,0.467773,0.276301,-0.507213,1
3.964000,0.223961,0.027612,0.467773,0.276301,-0.507221,1
3.965000,0.227029,0.027612,0.773840,0.276301,0.000000,1
3.966000,0.227029,0.027612,0.773840,0.276301,0.000000,1
3.967000,0.227029,0.027612,0.773840,0.276301,0.000000,1
3.968000,0.227029,0.027612,0.773840,0.276301,0.000000,1
3.969000,0.227029,0.027612,0.773840,0.276301,0.000000,1
3.970000,0.227029,0.027612,0.773840,0.276301,0.000000,1
3.971000,0.230097,0.027612,0.773840,0.276301,0.000000,1
3.972000,0.230097,0.027612,0.773840,0.276301,0.000000,1
3.973000,0.230097,0.030680,0.773840,0.276301,0.000000,1
3.974000,0.230097,0.030680,0.773840,0.276301,0.000000,1
3.975000,0.230097,0.030680,0.773840,0.276301,0.000000,1
3.976000,0.230097,0.030680,0.773840,0.276301,0.000000,1
3.977000,0.233165,0.030680,0.773840,0.276301,0.000000,1
3.978000,0.233165,0.030680,0.773840,0.276301,0.000000,1
3.979000,0.233165,0.030680,0.773840,0.276301,0.000000,1
3.980000,0.233165,0.030680,0.773840,0.276301,0.000000,1
3.981000,0.233165,0.030680,0.773840,0.276301,0.000000,1
3.982000,0.233165,0.030680,0.773840,0.276301,0.000000,1
3.983000,0.233165,0.030680,0.773840,0.276301,0.000000,1
3.984000,0.233165,0.030680,0.760770,0.276301,0.000000,1
3.985000,0.233165,0.030680,0.760770,0.276301,0.000000,1
3.986000,0.233165,0.030680,0.760770,0.276301,0.000000,1
3.987000,0.236233,0.030680,0.641541,0.276301,0.000000,1
3.988000,0.236233,0.030680,0.641541,0.276301,0.000000,1
3.989000,0.236233,0.030680,0.641541,0.276301,0.000000,1
3.990000,0.239301,0.030680,0.617750,0.263865,0.000000,1
3.991000,0.239301,0.030680,0.617750,0.242951,0.000000,1
3.992000,0.239301,0.033748,0.617750,0.240551,0.000000,1
3.993000,0.242369,0.033748,0.617750,0.240551,0.000000,1
3.994000,0.242369,0.033748,0.617750,0.240551,0.000000,1
3.995000,0.242369,0.033748,0.617750,0.240551,0.000000,1
3.996000,0.242369,0.033748,0.617750,0.240551,0.000000,1
3.997000,0.242369,0.033748,0.617750,0.240551,0.000000,1
3.998000,0.242369,0.033748,0.617750,0.240551,0.000000,1
3.999000,0.242369,0.033748,0.617750,0.240551,0.000000,1
4.000000,0.242369,0.033748,0.617750,0.240551,0.000000,1
4.001000,0.242369,0.033748,0.617750,0.240551,0.000000,1
4.002000,0.242369,0.033748,0.617750,0.240551,0.000000,1
4.003000,0.245437,0.033748,0.617750,0.240551,0.000000,1
4.004000,0.245437,0.033748,0.617750,0.240551,0.000000,1
4.005000,0.245437,0.033748,0.617750,0.240551,0.000000,1
4.006000,0.245437,0.033748,0.617750,0.240551,0.000000,1
4.007000,0.248505,0.033748,0.617750,0.240551,0.000000,1
4.008000,0.251573,0.036816,0.565684,0.240551,-0.467077,1
4.009000,0.251573,0.036816,0.565684,0.240551,-0.467088,1
4.010000,0.251573,0.036816,0.565684,0.240551,-0.467099,1
4.011000,0.251573,0.036816,0.565684,0.240551,-0.467110,1
4.012000,0.251573,0.036816,0.565684,0.240551,-0.467121,1
4.013000,0.251573,0.036816,0.565684,0.240551,-0.467132,1
4.014000,0.251573,0.036816,0.565684,0.240551,-0.467143,1
4.015000,0.251573,0.036816,0.565684,0.240551,-0.467154,1
4.016000,0.254641,0.036816,0.565684,0.240551,-0.461029,1
4.017000,0.254641,0.036816,0.565684,0.240551,-0.461040,1
4.018000,0.254641,0.036816,0.565684,0.240551,-0.461052,1
4.019000,0.254641,0.036816,0.565684,0.240551,-0.461063,1
4.020000,0.254641,0.036816,0.565684,0.240551,-0.461074,1
4.021000,0.254641,0.036816,0.565684,0.240551,-0.461085,1
4.022000,0.254641,0.036816,0.565684,0.240551,-0.461096,1
4.023000,0.254641,0.036816,0.565684,0.240551,-0.461107,1
4.024000,0.254641,0.036816,0.565684,0.240551,-0.461118,1
4.025000,0.254641,0.036816,0.565684,0.240551,-0.461129,1
4.026000,0.254641,0.036816,0.565684,0.240551,-0.461140,1
4.027000,0.254641,0.036816,0.565684,0.240551,-0.461151,1
4.028000,0.257709,0.036816,0.565684,0.240551,-0.455026,1
4.029000,0.257709,0.036816,0.565684,0.240551,-0.455037,1
4.030000,0.257709,0.036816,0.565684,0.240551,-0.455048,1
4.031000,0.257709,0.036816,0.565684,0.240551,-0.455059,1
4.032000,0.260777,0.036816,0.551621,0.240551,-0.462998,1
4.033000,0.260777,0.036816,0.551621,0.240551,-0.463009,1
4.034000,0.260777,0.036816,0.528044,0.240551,-0.486597,1
4.035000,0.260777,0.036816,0.486139,0.240551,-0.528513,1
4.036000,0.260777,0.036816,0.486139,0.240551,-0.528524,1
4.037000,0.260777,0.036816,0.486139,0.240551,-0.528535,1
4.038000,0.260777,0.036816,0.467570,0.240551,-0.547115,1
4.039000,0.260777,0.036816,0.467570,0.240551,-0.547126,1
4.040000,0.260777,0.036816,0.467570,0.240551,-0.547137,1
4.041000,0.260777,0.036816,0.419658,0.240551,-0.595061,1
4.042000,0.260777,0.036816,0.419658,0.240551,-0.595072,1
4.043000,0.260777,0.036816,0.419658,0.240551,-0.595083,1
4.044000,0.260777,0.036816,0.380603,0.240551,-0.634149,1
4.045000,0.260777,0.036816,0.338587,0.229430,-0.653934,1
4.046000,0.260777,0.036816,0.329540,0.225240,-0.654612,1
4.047000,0.260777,0.036816,0.320894,0.221167,-0.655123,1
4.048000,0.260777,0.036816,0.312681,0.217235,-0.655482,1
4.049000,0.260777,0.036816,0.304953,0.213476,-0.655704,1
4.050000,0.260777,0.036816,0.304953,0.213476,-0.655715,1
4.051000,0.260777,0.036816,0.304953,0.213476,-0.655726,1
4.052000,0.260777,0.036816,0.304953,0.213476,-0.655737,1
4.053000,0.260777,0.036816,0.304953,0.213476,-0.655748,1
4.054000,0.260777,0.036816,0.304953,0.213476,-0.655759,1
4.055000,0.260777,0.036816,0.297559,0.209826,-0.655864,1
4.056000,0.260777,0.036816,0.297559,0.209826,-0.655875,1
4.057000,0.260777,0.036816,0.297559,0.209826,-0.655886,1
4.058000,0.260777,0.033748,0.265375,-0.193296,0.779523,1
4.059000,0.260777,0.033748,0.265375,-0.193296,0.779513,1
4.060000,0.260777,0.033748,0.265375,-0.193296,0.779503,1
4.061000,0.260777,0.030680,0.249214,-0.184577,0.807255,1
4.062000,0.260777,0.030680,0.249214,-0.184577,0.807246,1
4.063000,0.260777,0.030680,0.249214,-0.184577,0.807237,1
4.064000,0.257709,0.030680,-0.234890,-0.176601,0.000000,1
4.065000,0.257709,0.027612,-0.218207,-0.167001,0.000000,1
4.066000,0.257709,0.027612,-0.214370,-0.164744,0.000000,1
4.067000,0.257709,0.024544,-0.210707,-0.164320,0.000000,1
4.068000,0.257709,0.024544,-0.207149,-0.164320,0.000000,1
4.069000,0.257709,0.024544,-0.203715,-0.164320,0.000000,1
4.070000,0.257709,0.024544,-0.203715,-0.164320,0.000000,1
4.071000,0.257709,0.024544,-0.203715,-0.164320,0.000000,1
4.072000,0.257709,0.024544,-0.203715,-0.164320,0.000000,1
4.073000,0.257709,0.024544,-0.203715,-0.164320,0.000000,1
4.074000,0.257709,0.024544,-0.200387,-0.164320,0.000000,1
4.075000,0.257709,0.024544,-0.200387,-0.164320,0.000000,1
4.076000,0.257709,0.024544,-0.200387,-0.164320,0.000000,1
4.077000,0.254641,0.024544,-0.501309,-0.164320,-0.473462,1
4.078000,0.254641,0.024544,-0.501309,-0.164320,-0.473470,1
4.079000,0.254641,0.024544,-0.501309,-0.164320,-0.473477,1
4.080000,0.254641,0.021476,-0.501309,-0.164320,0.000000,1
4.081000,0.254641,0.018408,-0.501309,-0.164320,0.000000,1
4.082000,0.254641,0.018408,-0.501309,-0.164320,0.000000,1
4.083000,0.251573,0.018408,-0.501309,-0.164320,0.000000,1
4.084000,0.251573,0.018408,-0.501309,-0.164320,0.000000,1
4.085000,0.251573,0.018408,-0.501309,-0.164320,0.000000,1
4.086000,0.251573,0.018408,-0.501309,-0.164320,0.000000,1
4.087000,0.251573,0.018408,-0.501309,-0.164320,0.000000,1
4.088000,0.251573,0.015340,-0.501309,-0.164320,0.000000,1
4.089000,0.251573,0.015340,-0.501309,-0.164320,0.000000,1
4.090000,0.251573,0.015340,-0.501309,-0.164320,0.000000,1
4.091000,0.251573,0.015340,-0.501309,-0.164320,0.000000,1
4.092000,0.251573,0.015340,-0.501309,-0.164320,0.000000,1
4.093000,0.251573,0.015340,-0.501309,-0.164320,0.000000,1
4.094000,0.251573,0.015340,-0.501309,-0.164320,0.000000,1
4.095000,0.251573,0.015340,-0.501309,-0.164320,0.000000,1
4.096000,0.251573,0.015340,-0.501309,-0.164320,0.000000,1
4.097000,0.251573,0.015340,-0.501309,-0.164320,0.000000,1
4.098000,0.251573,0.012272,-0.501309,-0.435904,0.908898,1
4.099000,0.251573,0.012272,-0.501309,-0.435904,0.908894,1
4.100000,0.251573,0.012272,-0.501309,-0.435904,0.908891,1
4.101000,0.248505,0.012272,-0.455808,-0.435904,0.948253,1
4.102000,0.248505,0.009204,-0.396867,-0.435904,1.068550,1
4.103000,0.248505,0.009204,-0.384468,-0.435904,1.080946,1
4.104000,0.248505,0.006136,-0.332395,-0.435904,1.194377,1
4.105000,0.248505,0.006136,-0.332395,-0.435904,1.194375,1
4.106000,0.248505,0.006136,-0.323619,-0.435904,1.203148,1
4.107000,0.248505,0.006136,-0.315259,-0.435904,1.211506,1
4.108000,0.248505,0.006136,-0.267222,-0.435904,1.259542,1
4.109000,0.248505,0.006136,-0.267222,-0.435904,1.259540,1
4.110000,0.248505,0.006136,-0.267222,-0.435904,1.259538,1
4.111000,0.248505,0.006136,-0.267222,-0.435904,1.259536,1
4.112000,0.248505,0.006136,-0.267222,-0.435904,1.259535,1
4.113000,0.248505,0.006136,-0.267222,-0.435904,1.259533,1
4.114000,0.248505,0.006136,-0.267222,-0.435904,1.259531,1
4.115000,0.248505,0.006136,-0.267222,-0.435904,1.259529,1
4.116000,0.248505,0.006136,-0.267222,-0.435904,1.259527,1
4.117000,0.248505,0.006136,-0.267222,-0.435904,1.259525,1
4.118000,0.251573,0.006136,-0.166141,-0.435904,1.366741,1
4.119000,0.251573,0.006136,-0.166141,-0.435904,1.366739,1
4.120000,0.251573,0.006136,-0.166141,-0.435904,1.366737,1
4.121000,0.251573,0.006136,-0.166141,-0.435904,1.366735,1
4.122000,0.251573,0.006136,-0.166141,-0.435904,1.366733,1
4.123000,0.251573,0.006136,-0.166141,-0.435904,1.366731,1
4.124000,0.251573,0.006136,-0.166141,-0.435904,1.366730,1
4.125000,0.251573,0.006136,-0.166141,-0.435904,1.366728,1
4.126000,0.251573,0.006136,-0.166141,-0.435904,1.366726,1
4.127000,0.251573,0.006136,-0.166141,-0.435904,1.366724,1
4.128000,0.251573,0.006136,-0.166141,-0.435904,1.366722,1
4.129000,0.251573,0.006136,-0.166141,-0.435904,1.366720,1
4.130000,0.254641,0.009204,-0.166141,-0.437305,1.314297,1
4.131000,0.254641,0.009204,-0.166141,-0.437305,1.314294,1
4.132000,0.254641,0.009204,-0.166141,-0.437305,1.314291,1
4.133000,0.257709,0.012272,-0.166141,-0.437305,1.259064,1
4.134000,0.263845,0.015340,0.392216,-0.437305,1.768330,1
4.135000,0.263845,0.018408,0.392216,-0.437305,1.706965,1
4.136000,0.266913,0.018408,0.392216,-0.437305,1.713095,1
4.137000,0.266913,0.021476,0.392216,0.841322,-1.505525,1
4.138000,0.266913,0.021476,0.392216,0.841322,-1.505531,1
4.139000,0.269981,0.024544,0.392216,0.841322,-1.560762,1
4.140000,0.269981,0.024544,0.392216,0.841322,-1.560769,1
4.141000,0.273049,0.027612,0.392216,0.841322,-1.616001,1
4.142000,0.273049,0.027612,0.392216,0.841322,-1.616009,1
4.143000,0.273049,0.027612,0.392216,0.841322,-1.616017,1
4.144000,0.273049,0.027612,0.392216,0.841322,-1.616026,1
4.145000,0.279185,0.033748,1.114684,1.269870,-1.861111,1
4.146000,0.279185,0.033748,1.114684,1.269870,-1.861121,1
4.147000,0.279185,0.033748,1.114684,1.269870,-1.861132,1
4.148000,0.279185,0.033748,1.114684,1.269870,-1.861142,1
4.149000,0.279185,0.033748,1.114684,1.269870,-1.861152,1
4.150000,0.279185,0.033748,1.114684,1.269870,-1.861162,1
4.151000,0.279185,0.033748,1.114684,1.269870,-1.861172,1
4.152000,0.279185,0.033748,1.114684,1.269870,-1.861182,1
4.153000,0.279185,0.033748,1.114684,1.269870,-1.861192,1
4.154000,0.279185,0.033748,1.114684,1.269870,-1.861202,1
4.155000,0.279185,0.033748,1.114684,1.269870,-1.861213,1
4.156000,0.279185,0.033748,1.114684,1.269870,-1.861223,1
4.157000,0.279185,0.033748,1.114684,1.269870,-1.861233,1
4.158000,0.279185,0.033748,1.114684,1.269870,-1.861243,1
4.159000,0.282252,0.036816,0.975682,1.269870,-2.055479,1
4.160000,0.282252,0.036816,0.740524,0.919892,-1.590693,1
4.161000,0.282252,0.036816,0.698041,0.855236,-1.503873,1
4.162000,0.282252,0.036816,0.698041,0.855236,-1.503884,1
4.163000,0.282252,0.036816,0.698041,0.855236,-1.503895,1
4.164000,0.282252,0.036816,0.698041,0.855236,-1.503906,1
4.165000,0.282252,0.036816,0.660653,0.799781,-1.430397,1
4.166000,0.282252,0.036816,0.660653,0.799781,-1.430408,1
4.167000,0.282252,0.036816,0.660653,0.799781,-1.430419,1
4.168000,0.279185,0.030680,0.932083,-0.574806,2.306760,1
4.169000,0.279185,0.030680,0.932083,-0.549195,2.255527,1
4.170000,0.279185,0.024544,0.932083,-0.487947,2.255743,1
4.171000,0.279185,0.024544,0.932083,-0.487947,2.255736,1
4.172000,0.279185,0.024544,0.932083,-0.487947,2.255728,1
4.173000,0.279185,0.024544,0.932083,-0.487947,2.255721,1
4.174000,0.279185,0.024544,0.932083,-0.487947,2.255713,1
4.175000,0.279185,0.024544,-0.835896,-0.487947,0.487727,1
4.176000,0.279185,0.024544,-0.835896,-0.487947,0.487720,1
4.177000,0.279185,0.024544,-0.835896,-0.487947,0.487712,1
4.178000,0.279185,0.024544,-0.835896,-0.487947,0.487705,1
4.179000,0.279185,0.024544,-0.835896,-0.487947,0.487697,1
4.180000,0.279185,0.024544,-0.835896,-0.487947,0.487690,1
4.181000,0.279185,0.024544,-0.835896,-0.487947,0.487683,1
4.182000,0.279185,0.024544,-0.782382,-0.487947,0.541189,1
4.183000,0.279185,0.027612,-0.735761,-0.487947,0.526443,1
4.184000,0.279185,0.027612,-0.735761,-0.487947,0.526435,1
4.185000,0.282252,0.027612,0.694003,-0.487947,1.962326,1
4.186000,0.282252,0.027612,0.694003,-0.487947,1.962318,1
4.187000,0.288388,0.033748,0.383494,0.603989,-1.242521,1
4.188000,0.288388,0.033748,0.383494,0.603989,-1.242531,1
4.189000,0.288388,0.033748,0.383494,0.603989,-1.242541,1
4.190000,0.288388,0.033748,0.383494,0.603989,-1.242551,1
4.191000,0.288388,0.033748,0.383494,0.603989,-1.242561,1
4.192000,0.288388,0.033748,0.383494,0.603989,-1.242571,1
4.193000,0.288388,0.033748,0.383494,0.603989,-1.242581,1
4.194000,0.288388,0.033748,0.383494,0.603989,-1.242591,1
4.195000,0.288388,0.033748,0.383494,0.603989,-1.242602,1
4.196000,0.288388,0.033748,0.383494,0.603989,-1.242612,1
4.197000,0.288388,0.033748,0.383494,0.603989,-1.242622,1
4.198000,0.288388,0.033748,0.383494,0.603989,-1.242632,1
4.199000,0.288388,0.033748,0.383494,0.603989,-1.242642,1
4.200000,0.288388,0.033748,0.383494,0.603989,-1.242652,1
4.201000,0.288388,0.033748,0.383494,0.603989,-1.242662,1
4.202000,0.291456,0.039884,0.383494,0.603989,-1.359257,1
4.203000,0.294524,0.042951,0.383494,0.603989,-1.414493,1
4.204000,0.294524,0.042951,0.383494,0.603989,-1.414506,1
4.205000,0.297592,0.046019,0.383494,0.824244,-1.910252,1
4.206000,0.297592,0.046019,0.383494,0.824244,-1.910266,1
4.207000,0.297592,0.046019,0.383494,0.824244,-1.910280,1
4.208000,0.297592,0.046019,0.383494,0.824244,-1.910294,1
4.209000,0.297592,0.046019,0.383494,0.824244,-1.910307,1
4.210000,0.297592,0.046019,0.383494,0.824244,-1.910321,1
4.211000,0.297592,0.046019,0.383494,0.824244,-1.910335,1
4.212000,0.297592,0.046019,0.383494,0.824244,-1.910349,1
4.213000,0.297592,0.046019,0.383494,0.824244,-1.910363,1
4.214000,0.297592,0.046019,0.383494,0.824244,-1.910376,1
4.215000,0.297592,0.046019,0.383494,0.824244,-1.910390,1
4.216000,0.297592,0.046019,0.383494,0.824244,-1.910404,1
4.217000,0.297592,0.046019,0.383494,0.824244,-1.910418,1
4.218000,0.297592,0.046019,0.383494,0.824244,-1.910432,1
4.219000,0.294524,0.042951,0.383494,0.824244,-1.855221,1
4.220000,0.294524,0.042951,0.383494,0.824244,-1.855234,1
4.221000,0.291456,0.042951,-0.724551,0.824244,-2.969427,1
4.222000,0.285320,0.036816,-0.724551,-0.694968,0.779432,1
4.223000,0.285320,0.036816,-0.724551,-0.694968,0.779421,1
4.224000,0.282252,0.027612,-0.724551,-0.694968,0.957355,1
4.225000,0.282252,0.027612,-0.724551,-0.694968,0.957347,1
4.226000,0.282252,0.027612,-0.724551,-0.694968,0.957338,1
4.227000,0.282252,0.027612,-0.724551,-0.694968,0.957330,1
4.228000,0.282252,0.027612,-0.724551,-0.694968,0.957322,1
4.229000,0.282252,0.027612,-0.724551,-0.694968,0.957313,1
4.230000,0.282252,0.027612,-0.724551,-0.694968,0.957305,1
4.231000,0.282252,0.027612,-0.724551,-0.694968,0.957297,1
4.232000,0.282252,0.027612,-0.724551,-0.694968,0.957289,1
4.233000,0.282252,0.027612,-0.724551,-0.694968,0.957280,1
4.234000,0.279185,0.027612,-0.471738,-0.694968,1.203949,1
4.235000,0.279185,0.027612,-0.471738,-0.694968,1.203941,1
4.236000,0.279185,0.027612,-0.471738,-0.694968,1.203933,1
4.237000,0.279185,0.027612,-0.471738,-0.694968,1.203924,1
4.238000,0.279185,0.027612,-0.471738,-0.694968,1.203916,1
4.239000,0.276117,0.021476,-0.471738,-1.849109,3.628775,1
4.240000,0.276117,0.021476,-0.471738,-1.849109,3.628768,1
4.241000,0.276117,0.021476,-0.471738,-1.849109,3.628762,1
4.242000,0.269981,0.018408,-0.471738,-1.596309,3.172242,1
4.243000,0.266913,0.012272,-1.336711,-1.118663,1.468556,1
4.244000,0.266913,0.012272,-1.336711,-1.118663,1.468553,1
4.245000,0.263845,0.009204,-1.336711,-1.118663,1.523773,1
4.246000,0.263845,0.009204,-1.336711,-1.118663,1.523771,1
4.247000,0.263845,0.009204,-1.336711,-1.118663,1.523768,1
4.248000,0.263845,0.006136,-1.336711,-1.118663,1.585125,1
4.249000,0.263845,0.006136,-1.336711,-1.118663,1.585123,1
4.250000,0.263845,0.006136,-1.336711,-1.118663,1.585121,1
4.251000,0.263845,0.006136,-1.235084,-1.118663,1.686747,1
4.252000,0.263845,0.006136,-1.122409,-1.118663,1.799420,1
4.253000,0.260777,0.006136,-1.028457,-1.118663,1.887235,1
4.254000,0.260777,0.006136,-0.948947,-1.046977,1.823369,1
4.255000,0.260777,0.006136,-0.880754,-0.964578,1.726764,1
4.256000,0.260777,0.006136,-0.822168,-0.894752,1.645695,1
4.257000,0.260777,0.006136,-0.770212,-0.833559,1.575264,1
4.258000,0.260777,0.006136,-0.724830,-0.780661,1.514848,1
4.259000,0.260777,0.006136,-0.684352,-0.733908,1.461819,1
4.260000,0.263845,0.006136,-0.714901,-0.692375,1.354337,1
4.261000,0.263845,0.006136,-0.714901,-0.655603,1.280791,1
4.262000,0.263845,0.006136,-0.714901,-0.622368,1.214319,1
4.263000,0.266913,0.009204,-0.714901,-0.608236,1.130829,1
4.264000,0.266913,0.009204,-0.714901,-0.608236,1.130827,1
4.265000,0.266913,0.009204,-0.714901,-0.608236,1.130824,1
4.266000,0.266913,0.009204,-0.714901,-0.608236,1.130821,1
4.267000,0.266913,0.009204,-0.714901,-0.608236,1.130818,1
4.268000,0.266913,0.009204,-0.714901,-0.608236,1.130816,1
4.269000,0.266913,0.009204,-0.714901,-0.608236,1.130813,1
4.270000,0.266913,0.012272,-0.714901,-0.608236,1.069450,1
4.271000,0.266913,0.012272,-0.714901,-0.608236,1.069446,1
4.272000,0.269981,0.012272,-0.714901,-0.608236,1.075578,1
4.273000,0.269981,0.015340,-0.714901,-0.608236,1.014215,1
4.274000,0.273049,0.018408,0.686951,-0.608236,2.360837,1
4.275000,0.273049,0.018408,0.686951,-0.608236,2.360831,1
4.276000,0.273049,0.018408,0.686951,-0.608236,2.360826,1
4.277000,0.273049,0.018408,0.686951,-0.608236,2.360820,1
4.278000,0.273049,0.018408,0.686951,-0.608236,2.360815,1
4.279000,0.273049,0.018408,0.651010,-0.608236,2.324868,1
4.280000,0.276117,0.021476,0.656873,0.741386,-1.023741,1
4.281000,0.276117,0.021476,0.656873,0.741386,-1.023748,1
4.282000,0.279185,0.024544,0.656873,0.741386,-1.078978,1
4.283000,0.282252,0.033748,0.656873,1.570062,-2.914284,1
4.284000,0.282252,0.033748,0.656873,1.570062,-2.914294,1
4.285000,0.282252,0.033748,0.656873,1.570062,-2.914304,1
4.286000,0.282252,0.033748,0.656873,1.570062,-2.914314,1
4.287000,0.282252,0.033748,0.656873,1.570062,-2.914324,1
4.288000,0.285320,0.033748,0.656873,1.570062,-2.908198,1
4.289000,0.285320,0.036816,0.656873,1.570062,-2.969569,1
4.290000,0.285320,0.036816,0.656873,1.570062,-2.969580,1
4.291000,0.285320,0.036816,0.656873,1.570062,-2.969591,1
4.292000,0.285320,0.036816,0.656873,1.570062,-2.969602,1
4.293000,0.285320,0.036816,0.656873,1.570062,-2.969613,1
4.294000,0.285320,0.039884,0.656873,1.337365,-2.565589,1
4.295000,0.285320,0.039884,0.656873,1.337365,-2.565601,1
4.296000,0.285320,0.039884,0.656873,1.337365,-2.565613,1
4.297000,0.285320,0.039884,0.653038,1.205935,-2.306600,1
4.298000,0.285320,0.039884,0.620216,1.098575,-2.124715,1
4.299000,0.285320,0.036816,0.590302,1.042421,-1.980973,1
4.300000,0.282252,0.036816,-0.515885,1.042421,-3.093307,1
4.301000,0.282252,0.036816,-0.515885,1.042421,-3.093318,1
4.302000,0.282252,0.036816,-0.515885,1.042421,-3.093329,1
4.303000,0.282252,0.036816,-0.495083,1.042421,-3.072537,1
4.304000,0.279185,0.033748,-0.938725,1.042421,-3.460966,1
4.305000,0.276117,0.030680,-0.938725,1.042421,-3.405752,1
4.306000,0.276117,0.030680,-0.938725,1.042421,-3.405761,1
4.307000,0.276117,0.030680,-0.938725,1.042421,-3.405771,1
4.308000,0.276117,0.030680,-0.938725,1.042421,-3.405780,1
4.309000,0.276117,0.030680,-0.938725,1.042421,-3.405789,1
4.310000,0.276117,0.030680,-0.938725,1.042421,-3.405798,1
4.311000,0.276117,0.030680,-0.938725,1.042421,-3.405807,1
4.312000,0.276117,0.030680,-0.938725,1.042421,-3.405817,1
4.313000,0.276117,0.030680,-0.938725,1.042421,-3.405826,1
4.314000,0.276117,0.030680,-0.938725,1.042421,-3.405835,1
4.315000,0.276117,0.030680,-0.938725,1.042421,-3.405844,1
4.316000,0.276117,0.030680,-0.938725,1.042421,-3.405854,1
4.317000,0.276117,0.030680,-0.938725,1.042421,-3.405863,1
4.318000,0.269981,0.024544,-0.938725,-0.940540,1.270498,1
4.319000,0.269981,0.024544,-0.938725,-0.940540,1.270491,1
4.320000,0.269981,0.024544,-0.938725,-0.940540,1.270483,1
4.321000,0.257709,0.012272,-0.486439,-2.123519,4.309618,1
4.322000,0.248505,0.000000,-1.936747,-2.860218,4.559738,1
4.323000,0.245437,-0.006136,-1.936747,-2.860218,4.676322,1
4.324000,0.242369,-0.009204,-2.639580,-2.860218,4.028715,1
4.325000,0.239301,-0.012272,-2.639580,-5.177782,6.000000,1
4.326000,0.239301,-0.012272,-2.639580,-5.177782,6.000000,1
4.327000,0.236233,-0.015340,-2.639580,-4.214072,6.000000,1
4.328000,0.236233,-0.018408,-2.639580,-3.131882,4.743867,1
4.329000,0.230097,-0.027612,-2.205040,-1.922608,2.931671,1
4.330000,0.230097,-0.027612,-2.205040,-1.922608,2.931680,1
4.331000,0.230097,-0.027612,-2.205040,-1.922608,2.931688,1
4.332000,0.227029,-0.027612,-2.170146,-1.922608,2.960454,1
4.333000,0.227029,-0.027612,-2.170146,-1.922608,2.960463,1
4.334000,0.227029,-0.027612,-2.170146,-1.922608,2.960471,1
4.335000,0.227029,-0.027612,-2.170146,-1.922608,2.960479,1
4.336000,0.227029,-0.027612,-2.170146,-1.922608,2.960487,1
4.337000,0.227029,-0.027612,-1.840497,-1.877250,3.199430,1
4.338000,0.227029,-0.027612,-1.600789,-1.628520,2.941685,1
4.339000,0.227029,-0.027612,-1.416314,-1.437978,2.745086,1
4.340000,0.230097,-0.027612,1.052470,-1.064387,4.472831,1
4.341000,0.236233,-0.018408,0.694672,0.699843,0.000000,1
4.342000,0.239301,-0.012272,0.675312,0.653677,0.000000,1
4.343000,0.239301,-0.012272,0.675312,0.653677,0.000000,1
4.344000,0.242369,-0.009204,0.675312,0.653677,0.000000,1
4.345000,0.254641,0.006136,1.395134,1.943101,-2.425333,1
4.346000,0.257709,0.012272,1.395134,1.710504,-2.076725,1
4.347000,0.257709,0.012272,1.395134,1.710504,-2.076728,1
4.348000,0.257709,0.012272,1.395134,1.710504,-2.076732,1
4.349000,0.257709,0.012272,1.395134,1.710504,-2.076736,1
4.350000,0.257709,0.012272,1.395134,1.710504,-2.076739,1
4.351000,0.257709,0.012272,1.395134,1.710504,-2.076743,1
4.352000,0.257709,0.012272,1.395134,1.710504,-2.076747,1
4.353000,0.257709,0.012272,1.395134,1.710504,-2.076750,1
4.354000,0.257709,0.012272,1.395134,1.710504,-2.076754,1
4.355000,0.257709,0.012272,1.395134,1.710504,-2.076758,1
4.356000,0.257709,0.012272,1.395134,1.710504,-2.076761,1
4.357000,0.257709,0.012272,1.395134,1.710504,-2.076765,1
4.358000,0.257709,0.012272,1.395134,1.710504,-2.076769,1
4.359000,0.257709,0.012272,1.395134,1.710504,-2.076772,1
4.360000,0.257709,0.012272,1.395134,1.710504,-2.076776,1
4.361000,0.257709,0.012272,1.395134,1.710504,-2.076780,1
4.362000,0.257709,0.012272,1.395134,1.710504,-2.076783,1
4.363000,0.257709,0.012272,1.395134,1.710504,-2.076787,1
4.364000,0.257709,0.012272,1.395134,1.710504,-2.076791,1
4.365000,0.257709,0.012272,1.395134,1.710504,-2.076795,1
4.366000,0.257709,0.012272,1.395134,1.710504,-2.076798,1
4.367000,0.257709,0.012272,1.395134,1.710504,-2.076802,1
4.368000,0.257709,0.012272,1.395134,1.710504,-2.076806,1
4.369000,0.257709,0.012272,1.395134,1.710504,-2.076809,1
4.370000,0.257709,0.012272,1.395134,1.710504,-2.076813,1
4.371000,0.266913,0.021476,1.541391,1.594580,-1.864384,1
4.372000,0.266913,0.024544,1.541391,1.594580,-1.925751,1
4.373000,0.266913,0.024544,1.541391,1.594580,-1.925758,1
4.374000,0.266913,0.024544,1.487456,1.594580,-1.979700,1
4.375000,0.266913,0.024544,1.326563,1.594580,-2.140601,1
4.376000,0.266913,0.024544,1.196835,1.594580,-2.270336,1
4.377000,0.269981,0.024544,1.090895,1.452280,-2.085546,1
4.378000,0.269981,0.024544,1.002308,1.299391,-1.868363,1
4.379000,0.269981,0.024544,0.925970,1.173926,-1.693778,1
4.380000,0.269981,0.024544,0.860988,1.071408,-1.553732,1
4.381000,0.269981,0.024544,0.804846,0.985836,-1.438736,1
4.382000,0.269981,0.024544,0.755148,0.912294,-1.341358,1
4.383000,0.269981,0.024544,0.711595,0.849482,-1.259294,1
4.384000,0.269981,0.024544,0.672263,0.794024,-1.187719,1
4.385000,0.269981,0.024544,0.637477,0.745947,-1.126358,1
4.386000,0.266913,0.024544,0.827240,0.703175,-0.857193,1
4.387000,0.266913,0.024544,0.827240,0.703175,-0.857201,1
4.388000,0.266913,0.024544,0.827240,0.703175,-0.857208,1
4.389000,0.266913,0.024544,0.827240,0.703175,-0.857215,1
4.390000,0.266913,0.024544,0.827240,0.664950,-0.780772,1
4.391000,0.266913,0.021476,0.827240,-0.546551,2.303582,1
4.392000,0.266913,0.021476,0.827240,-0.523225,2.256923,1
4.393000,0.266913,0.018408,0.827240,-0.463922,2.199670,1
4.394000,0.266913,0.018408,0.827240,-0.463922,2.199665,1
4.395000,0.266913,0.018408,0.827240,-0.463922,2.199659,1
4.396000,0.266913,0.018408,0.827240,-0.463922,2.199653,1
4.397000,0.266913,0.018408,0.827240,-0.463922,2.199648,1
4.398000,0.266913,0.018408,0.827240,-0.463922,2.199642,1
4.399000,0.266913,0.018408,0.827240,-0.431332,2.134458,1
4.400000,0.266913,0.018408,0.827240,-0.390178,2.052145,1
4.401000,0.269981,0.018408,0.668873,-0.346126,1.811804,1
4.402000,0.269981,0.018408,0.668873,-0.346126,1.811798,1
4.403000,0.269981,0.018408,0.668873,-0.346126,1.811793,1
4.404000,0.269981,0.018408,0.668873,-0.346126,1.811787,1
4.405000,0.269981,0.021476,0.574962,-0.336264,1.636787,1
4.406000,0.269981,0.021476,0.574962,-0.336264,1.636781,1
4.407000,0.269981,0.021476,0.574962,-0.336264,1.636774,1
4.408000,0.276117,0.024544,0.444144,-0.336264,1.456861,1
4.409000,0.276117,0.024544,0.444144,-0.336264,1.456854,1
4.410000,0.276117,0.024544,0.444144,-0.336264,1.456846,1
4.411000,0.276117,0.024544,0.444144,-0.336264,1.456839,1
4.412000,0.276117,0.024544,0.444144,-0.336264,1.456831,1
4.413000,0.282252,0.033748,0.444144,1.120553,-2.228619,1
4.414000,0.282252,0.033748,0.444144,1.120553,-2.228629,1
4.415000,0.282252,0.033748,0.444144,1.120553,-2.228639,1
4.416000,0.282252,0.033748,0.444144,1.120553,-2.228650,1
4.417000,0.282252,0.033748,0.444144,1.120553,-2.228660,1
4.418000,0.282252,0.036816,0.444144,1.120553,-2.290030,1
4.419000,0.282252,0.039884,0.444144,1.120553,-2.351401,1
4.420000,0.285320,0.039884,0.444144,1.120553,-2.345277,1
4.421000,0.285320,0.042951,0.444144,1.120553,-2.406649,1
4.422000,0.285320,0.042951,0.444144,1.120553,-2.406662,1
4.423000,0.288388,0.046019,0.971415,1.893122,-3.479766,1
4.424000,0.288388,0.046019,0.971415,1.893122,-3.479779,1
4.425000,0.288388,0.049087,0.971415,1.882093,-3.519095,1
4.426000,0.288388,0.049087,0.971415,1.882093,-3.519110,1
4.427000,0.288388,0.049087,0.971415,1.631277,-3.017493,1
4.428000,0.288388,0.049087,0.971415,1.631277,-3.017508,1
4.429000,0.288388,0.049087,0.971415,1.631277,-3.017522,1
4.430000,0.288388,0.049087,0.971415,1.631277,-3.017537,1
4.431000,0.288388,0.049087,0.971415,1.441968,-2.638934,1
4.432000,0.288388,0.049087,0.971415,1.289204,-2.333421,1
4.433000,0.285320,0.046019,-0.913809,-0.907999,0.830971,1
4.434000,0.285320,0.046019,-0.913809,-0.907999,0.830957,1
4.435000,0.285320,0.046019,-0.913809,-0.907999,0.830943,1
4.436000,0.285320,0.046019,-0.913809,-0.907999,0.830929,1
4.437000,0.282252,0.046019,-0.851426,-0.846380,0.763925,1
4.438000,0.282252,0.046019,-0.795371,-0.790966,0.709137,1
4.439000,0.279185,0.039884,-0.725941,-0.598104,0.509415,1
4.440000,0.279185,0.039884,-0.725941,-0.598104,0.509403,1
4.441000,0.279185,0.039884,-0.725941,-0.598104,0.509391,1
4.442000,0.279185,0.039884,-0.725941,-0.598104,0.509379,1
4.443000,0.279185,0.039884,-0.725941,-0.598104,0.509367,1
4.444000,0.276117,0.036816,-0.725941,-0.545383,0.459138,1
4.445000,0.276117,0.036816,-0.725941,-0.545383,0.459127,1
4.446000,0.276117,0.036816,-0.725941,-0.545383,0.459116,1
4.447000,0.276117,0.036816,-0.725941,-0.545383,0.459105,1
4.448000,0.276117,0.036816,-0.725941,-0.545383,0.459094,1
4.449000,0.276117,0.036816,-0.725941,-0.545383,0.459082,1
4.450000,0.273049,0.036816,-0.725941,-0.545383,0.452935,1
4.451000,0.273049,0.036816,-0.725941,-0.545383,0.452924,1
4.452000,0.273049,0.036816,-0.725941,-0.545383,0.452913,1
4.453000,0.273049,0.036816,-0.725941,-0.545383,0.452902,1
4.454000,0.273049,0.033748,-0.725941,-0.545383,0.514251,1
4.455000,0.273049,0.033748,-0.725941,-0.545383,0.514241,1
4.456000,0.273049,0.033748,-0.725941,-0.545383,0.514231,1
4.457000,0.273049,0.033748,-0.725941,-0.545383,0.514221,1
4.458000,0.269981,0.033748,-0.545500,-0.545383,0.688516,1
4.459000,0.269981,0.033748,-0.545500,-0.545383,0.688506,1
4.460000,0.269981,0.033748,-0.545500,-0.545383,0.688496,1
4.461000,0.269981,0.033748,-0.545500,-0.545383,0.688486,1
4.462000,0.269981,0.033748,-0.545500,-0.545383,0.688476,1
4.463000,0.269981,0.033748,-0.545500,-0.545383,0.688466,1
4.464000,0.269981,0.033748,-0.522494,-0.545383,0.711461,1
4.465000,0.269981,0.033748,-0.500981,-0.545383,0.732964,1
4.466000,0.269981,0.033748,-0.463121,-0.545383,0.770814,1
4.467000,0.269981,0.033748,-0.463121,-0.545383,0.770804,1
4.468000,0.269981,0.033748,-0.446218,-0.533139,0.763208,1
4.469000,0.269981,0.033748,-0.430605,-0.511001,0.734535,1
4.470000,0.269981,0.033748,-0.366414,-0.423052,0.622817,1
4.471000,0.269981,0.033748,-0.366414,-0.423052,0.622807,1
4.472000,0.269981,0.033748,-0.366414,-0.423052,0.622796,1
4.473000,0.269981,0.033748,-0.366414,-0.423052,0.622786,1
4.474000,0.269981,0.033748,-0.366414,-0.423052,0.622776,1
4.475000,0.269981,0.033748,-0.355746,-0.408894,0.605119,1
4.476000,0.269981,0.033748,-0.345695,-0.395672,0.588715,1
4.477000,0.269981,0.033748,-0.310724,-0.350519,0.533370,1
4.478000,0.269981,0.036816,-0.288734,0.322787,-1.452621,1
4.479000,0.269981,0.039884,-0.741292,0.299225,-1.919428,1
4.480000,0.266913,0.039884,0.343946,0.278821,-0.799529,1
4.481000,0.266913,0.039884,0.343946,0.278821,-0.799541,1
4.482000,0.266913,0.039884,0.343946,0.278821,-0.799553,1
4.483000,0.266913,0.039884,0.343946,0.278821,-0.799565,1
4.484000,0.266913,0.039884,0.343946,0.278821,-0.799577,1
4.485000,0.266913,0.039884,0.343946,0.278821,-0.799589,1
4.486000,0.266913,0.039884,0.343946,0.278821,-0.799601,1
4.487000,0.266913,0.039884,0.343946,0.278821,-0.799613,1
4.488000,0.266913,0.039884,0.343946,0.278821,-0.799625,1
4.489000,0.266913,0.039884,0.343946,0.278821,-0.799637,1
4.490000,0.266913,0.039884,0.343946,0.272626,-0.787259,1
4.491000,0.266913,0.039884,0.343946,0.266705,-0.775429,1
4.492000,0.266913,0.039884,0.343946,0.261013,-0.764057,1
4.493000,0.266913,0.039884,0.343946,0.255578,-0.753199,1
4.494000,0.266913,0.039884,0.343946,0.250348,-0.742751,1
4.495000,0.266913,0.042951,0.343946,0.245346,-0.794119,1
4.496000,0.266913,0.042951,0.343946,0.240557,-0.784554,1
4.497000,0.266913,0.042951,0.343946,0.235931,-0.775314,1
4.498000,0.263845,0.042951,0.343946,0.231468,-0.772536,1
4.499000,0.263845,0.042951,0.343946,0.227207,-0.764029,1
4.500000,0.263845,0.042951,0.343946,0.223065,-0.755756,1
4.501000,0.263845,0.042951,0.343946,0.219084,-0.747808,1
4.502000,0.263845,0.039884,0.343946,-0.215254,0.782215,1
4.503000,0.263845,0.039884,0.343946,-0.211540,0.774775,1
4.504000,0.263845,0.039884,0.343946,-0.207944,0.767572,1
4.505000,0.260777,0.039884,0.343946,-0.204493,0.754521,1
4.506000,0.260777,0.039884,0.343946,-0.201148,0.747820,1
4.507000,0.260777,0.039884,0.343946,-0.197899,0.741310,1
4.508000,0.260777,0.039884,0.343946,-0.197899,0.741298,1
4.509000,0.260777,0.039884,0.343946,-0.197899,0.741286,1
4.510000,0.260777,0.039884,0.343946,-0.194739,0.734954,1
4.511000,0.260777,0.039884,0.343946,-0.185915,0.717293,1
4.512000,0.260777,0.039884,0.343946,-0.183109,0.711670,1
4.513000,0.260777,0.039884,0.343946,-0.180426,0.706291,1
4.514000,0.260777,0.039884,0.343946,-0.177806,0.701040,1
4.515000,0.257709,0.039884,0.343946,-0.175274,0.689828,1
4.516000,0.257709,0.039884,0.343946,-0.172811,0.684891,1
4.517000,0.257709,0.039884,0.343946,-0.170408,0.680071,1
4.518000,0.257709,0.039884,0.343946,-0.168080,0.675405,1
4.519000,0.257709,0.042951,0.343946,0.165805,-0.653737,1
4.520000,0.257709,0.042951,0.343946,0.163586,-0.649312,1
4.521000,0.257709,0.042951,0.343946,0.161440,-0.645033,1
4.522000,0.257709,0.042951,0.343946,0.159339,-0.640845,1
4.523000,0.257709,0.042951,-0.341600,0.157295,-1.322315,1
4.524000,0.257709,0.046019,-0.332369,0.156889,-1.373644,1
4.525000,0.257709,0.046019,-0.323605,0.156889,-1.364894,1
4.526000,0.257709,0.046019,-0.315330,0.156889,-1.356633,1
4.527000,0.257709,0.046019,-0.307365,0.156889,-1.348682,1
4.528000,0.257709,0.046019,-0.299894,0.156889,-1.341225,1
4.529000,0.257709,0.046019,-0.292742,0.156889,-1.334086,1
4.530000,0.257709,0.046019,-0.285902,0.156889,-1.327260,1
4.531000,0.257709,0.046019,-0.279374,0.156889,-1.320746,1
4.532000,0.257709,0.046019,-0.273160,0.156889,-1.314546,1
4.533000,0.257709,0.046019,-0.267242,0.156889,-1.308642,1
4.534000,0.257709,0.046019,-0.261547,0.156889,-1.302961,1
4.535000,0.257709,0.046019,-0.261547,0.156889,-1.302974,1
4.536000,0.257709,0.046019,-0.261547,0.156889,-1.302988,1
4.537000,0.254641,0.046019,-0.658600,0.156889,-1.706191,1
4.538000,0.254641,0.046019,-0.658600,0.156889,-1.706204,1
4.539000,0.254641,0.046019,-0.658600,0.156889,-1.706218,1
4.540000,0.251573,0.046019,-0.658600,0.156889,-1.712368,1
4.541000,0.251573,0.046019,-0.658600,0.156889,-1.712382,1
4.542000,0.251573,0.042951,-0.658600,0.156889,-1.651035,1
4.543000,0.251573,0.042951,-0.658600,0.156889,-1.651048,1
4.544000,0.248505,0.042951,-0.658600,0.156889,-1.657197,1
4.545000,0.248505,0.042951,-0.658600,0.156889,-1.657210,1
4.546000,0.245437,0.042951,-0.658600,0.156889,-1.663359,1
4.547000,0.245437,0.039884,-0.658600,0.156889,-1.602012,1
4.548000,0.245437,0.039884,-0.658600,0.156889,-1.602024,1
4.549000,0.245437,0.039884,-0.658600,0.156889,-1.602035,1
4.550000,0.245437,0.039884,-0.658600,0.156889,-1.602047,1
4.551000,0.245437,0.039884,-0.658600,0.156889,-1.602059,1
4.552000,0.242369,0.039884,-0.314598,0.156889,-1.264205,1
4.553000,0.236233,0.036816,-0.314598,-0.452252,0.603153,1
4.554000,0.230097,0.030680,-1.320222,-0.452252,-0.892033,1
4.555000,0.230097,0.030680,-1.320222,-0.452252,-0.892043,1
4.556000,0.230097,0.030680,-1.320222,-0.452252,-0.892052,1
4.557000,0.230097,0.030680,-1.320222,-0.452252,-0.892061,1
4.558000,0.227029,0.027612,-1.320222,-0.452252,-0.836846,1
4.559000,0.223961,0.027612,-1.320222,-0.452252,-0.842990,1
4.560000,0.214757,0.021476,-1.575870,-1.056923,0.815007,1
4.561000,0.214757,0.021476,-1.575870,-1.056923,0.815001,1
4.562000,0.214757,0.021476,-1.575870,-1.056923,0.814994,1
4.563000,0.214757,0.021476,-1.575870,-1.056923,0.814988,1
4.564000,0.214757,0.021476,-1.575870,-1.056923,0.814981,1
4.565000,0.214757,0.021476,-1.575870,-1.056923,0.814975,1
4.566000,0.214757,0.021476,-1.575870,-1.056923,0.814968,1
4.567000,0.214757,0.021476,-1.575870,-1.056923,0.814962,1
4.568000,0.211689,0.018408,-1.575870,-1.056923,0.870180,1
4.569000,0.211689,0.018408,-1.575870,-1.056923,0.870174,1
4.570000,0.208621,0.015340,-1.575870,-1.056923,0.925393,1
4.571000,0.208621,0.015340,-1.575870,-1.056923,0.925388,1
4.572000,0.205553,0.012272,-1.700088,-1.311311,1.365165,1
4.573000,0.205553,0.012272,-1.700088,-1.311311,1.365162,1
4.574000,0.202485,0.012272,-1.700088,-1.311311,1.359022,1
4.575000,0.202485,0.009204,-1.700088,-1.311311,1.420379,1
4.576000,0.202485,0.009204,-1.700088,-1.311311,1.420376,1
4.577000,0.202485,0.009204,-1.700088,-1.311311,1.420373,1
4.578000,0.199418,0.009204,-1.700088,-1.311311,1.414234,1
4.579000,0.199418,0.009204,-1.700088,-1.311311,1.414232,1
4.580000,0.199418,0.009204,-1.700088,-1.311311,1.414229,1
4.581000,0.196350,0.009204,-1.700088,-1.311311,1.408090,1
4.582000,0.196350,0.009204,-1.700088,-1.311311,1.408087,1
4.583000,0.196350,0.009204,-1.700088,-1.311311,1.408085,1
4.584000,0.193282,0.006136,-1.552781,-1.265828,1.519646,1
4.585000,0.193282,0.006136,-1.552781,-1.265828,1.519644,1
4.586000,0.193282,0.006136,-1.552781,-1.265828,1.519642,1
4.587000,0.190214,0.003068,-1.552781,-0.966868,0.976945,1
4.588000,0.190214,0.003068,-1.552781,-0.966868,0.976944,1
4.589000,0.190214,0.003068,-1.552781,-0.966868,0.976943,1
4.590000,0.190214,0.003068,-1.552781,-0.782272,0.607751,1
4.591000,0.190214,0.003068,-1.552781,-0.782272,0.607750,1
4.592000,0.190214,0.003068,-1.552781,-0.782272,0.607749,1
4.593000,0.187146,0.003068,-1.268317,-0.656736,0.635005,1
4.594000,0.187146,0.003068,-1.268317,-0.656736,0.635004,1
4.595000,0.187146,0.003068,-1.268317,-0.656736,0.635003,1
4.596000,0.187146,0.003068,-0.967582,-0.565694,0.753654,1
4.597000,0.187146,0.003068,-0.967582,-0.565694,0.753653,1
4.598000,0.187146,0.003068,-0.967582,-0.565694,0.753652,1
4.599000,0.187146,0.003068,-0.782553,-0.496992,0.801276,1
4.600000,0.187146,0.003068,-0.782553,-0.496992,0.801275,1
4.601000,0.187146,0.003068,-0.782553,-0.496992,0.801274,1
4.602000,0.184078,0.006136,-0.657004,0.443204,-1.621067,1
4.603000,0.184078,0.006136,-0.657004,0.443204,-1.621069,1
4.604000,0.184078,0.006136,-0.518296,0.375427,-1.346809,1
4.605000,0.184078,0.006136,-0.497256,0.364263,-1.303443,1
4.606000,0.184078,0.009204,-0.477884,0.360285,-1.337476,1
4.607000,0.184078,0.009204,-0.459981,0.360285,-1.319575,1
4.608000,0.184078,0.009204,-0.443306,0.360285,-1.302902,1
4.609000,0.184078,0.009204,-0.443306,0.360285,-1.302905,1
4.610000,0.184078,0.009204,-0.443306,0.360285,-1.302908,1
4.611000,0.184078,0.009204,-0.400025,0.360285,-1.259630,1
4.612000,0.181010,0.009204,-0.929370,0.360285,-1.795114,1
4.613000,0.181010,0.009204,-0.929370,0.360285,-1.795117,1
4.614000,0.181010,0.009204,-0.929370,0.360285,-1.795120,1
4.615000,0.181010,0.009204,-0.929370,0.360285,-1.795122,1
4.616000,0.181010,0.009204,-0.929370,0.360285,-1.795125,1
4.617000,0.181010,0.009204,-0.929370,0.360285,-1.795128,1
4.618000,0.181010,0.012272,-0.929370,0.360285,-1.856491,1
4.619000,0.181010,0.012272,-0.929370,0.360285,-1.856495,1
4.620000,0.181010,0.012272,-0.929370,0.360285,-1.856498,1
4.621000,0.177942,0.009204,-0.929370,0.360285,-1.801278,1
4.622000,0.174874,0.009204,-0.929370,0.360285,-1.807416,1
4.623000,0.171806,0.009204,-0.929370,0.360285,-1.813555,1
4.624000,0.171806,0.006136,-0.929370,0.360285,-1.752198,1
4.625000,0.171806,0.006136,-0.903490,0.360285,-1.726319,1
4.626000,0.159534,0.000000,-0.388463,-0.498705,1.204861,1
4.627000,0.159534,0.000000,-0.388463,-0.498705,1.204861,1
4.628000,0.159534,0.000000,-0.388463,-0.498705,1.204861,1
4.629000,0.159534,0.000000,-0.388463,-0.498705,1.204861,1
4.630000,0.159534,0.000000,-0.388463,-0.498705,1.204861,1
4.631000,0.159534,0.000000,-0.388463,-0.498705,1.204861,1
4.632000,0.159534,0.000000,-0.388463,-0.498705,1.204861,1
4.633000,0.153398,-0.009204,-1.342306,-0.498705,0.000000,1
4.634000,0.153398,-0.009204,-1.342306,-0.498705,0.000000,1
4.635000,0.153398,-0.009204,-1.342306,-0.498705,0.000000,1
4.636000,0.153398,-0.009204,-1.342306,-0.498705,0.000000,1
4.637000,0.150330,-0.009204,-1.342306,-0.498705,0.000000,1
4.638000,0.147262,-0.012272,-1.342306,-1.438777,2.352073,1
4.639000,0.147262,-0.012272,-1.342306,-1.438777,2.352077,1
4.640000,0.147262,-0.012272,-1.342306,-1.438777,2.352080,1
4.641000,0.144194,-0.012272,-1.700405,-1.438777,1.987849,1
4.642000,0.144194,-0.015340,-1.700405,-1.438777,2.049213,1
4.643000,0.141126,-0.015340,-1.700405,-1.438777,2.043082,1
4.644000,0.141126,-0.015340,-1.700405,-1.438777,2.043086,1
4.645000,0.131922,-0.021476,-1.512908,-0.982136,1.421619,1
4.646000,0.131922,-0.021476,-1.512908,-0.982136,1.421626,1
4.647000,0.131922,-0.021476,-1.512908,-0.982136,1.421632,1
4.648000,0.131922,-0.021476,-1.512908,-0.982136,1.421639,1
4.649000,0.131922,-0.021476,-1.512908,-0.982136,1.421645,1
4.650000,0.131922,-0.021476,-1.512908,-0.982136,1.421652,1
4.651000,0.131922,-0.021476,-1.512908,-0.982136,1.421658,1
4.652000,0.131922,-0.021476,-1.512908,-0.909769,1.276930,1
4.653000,0.131922,-0.021476,-1.512908,-0.846990,1.151378,1
4.654000,0.128854,-0.021476,-1.317906,-0.571111,0.788493,1
4.655000,0.128854,-0.021476,-1.317906,-0.571111,0.788500,1
4.656000,0.128854,-0.021476,-1.317906,-0.571111,0.788506,1
4.657000,0.128854,-0.021476,-1.317906,-0.571111,0.788513,1
4.658000,0.128854,-0.021476,-1.317906,-0.571111,0.788519,1
4.659000,0.128854,-0.021476,-1.317906,-0.571111,0.788525,1
4.660000,0.128854,-0.021476,-1.317906,-0.571111,0.788532,1
4.661000,0.128854,-0.021476,-1.189749,-0.545641,0.865755,1
4.662000,0.128854,-0.021476,-1.084682,-0.522433,0.924412,1
4.663000,0.128854,-0.021476,-0.996729,-0.501134,0.969774,1
4.664000,0.128854,-0.021476,-0.670063,-0.402481,1.099140,1
4.665000,0.128854,-0.021476,-0.670063,-0.402481,1.099146,1
4.666000,0.128854,-0.021476,-0.670063,-0.402481,1.099153,1
4.667000,0.128854,-0.021476,-0.670063,-0.402481,1.099159,1
4.668000,0.128854,-0.021476,-0.670063,-0.402481,1.099166,1
4.669000,0.128854,-0.021476,-0.670063,-0.402481,1.099172,1
4.670000,0.128854,-0.021476,-0.670063,-0.402481,1.099179,1
4.671000,0.128854,-0.021476,-0.670063,-0.402481,1.099185,1
4.672000,0.128854,-0.021476,-0.670063,-0.402481,1.099191,1
4.673000,0.128854,-0.021476,-0.635239,-0.389650,1.108361,1
4.674000,0.128854,-0.021476,-0.635239,-0.389650,1.108367,1
4.675000,0.128854,-0.021476,-0.635239,-0.389650,1.108374,1
4.676000,0.128854,-0.018408,-0.549944,0.355801,-0.958587,1
4.677000,0.128854,-0.018408,-0.549944,0.355801,-0.958581,1
4.678000,0.128854,-0.018408,-0.549944,0.355801,-0.958576,1
4.679000,0.128854,-0.018408,-0.484760,0.327325,-0.836434,1
4.680000,0.131922,-0.015340,0.418609,0.326929,0.612507,1
4.681000,0.131922,-0.012272,0.404895,0.326929,0.537437,1
4.682000,0.134990,-0.006136,0.328863,0.326929,0.000000,1
4.683000,0.134990,-0.006136,0.328863,0.326929,0.000000,1
4.684000,0.134990,-0.006136,0.328863,0.326929,0.000000,1
4.685000,0.134990,-0.006136,0.328863,0.326929,0.000000,1
4.686000,0.134990,-0.006136,0.328863,0.326929,0.000000,1
4.687000,0.134990,-0.006136,0.328863,0.326929,0.000000,1
4.688000,0.134990,-0.006136,0.328863,0.326929,0.000000,1
4.689000,0.134990,-0.006136,0.320298,0.326929,0.000000,1
4.690000,0.134990,-0.003068,0.312150,0.930392,-1.540160,1
4.691000,0.138058,0.003068,0.259374,0.930392,-1.709519,1
4.692000,0.138058,0.003068,0.259374,0.930392,-1.709520,1
4.693000,0.138058,0.003068,0.259374,0.930392,-1.709521,1
4.694000,0.138058,0.003068,0.259374,0.930392,-1.709522,1
4.695000,0.138058,0.003068,0.259374,0.930392,-1.709523,1
4.696000,0.138058,0.003068,0.259374,0.930392,-1.709524,1
4.697000,0.138058,0.003068,0.259374,0.930392,-1.709525,1
4.698000,0.138058,0.003068,0.259374,0.930392,-1.709525,1
4.699000,0.138058,0.003068,0.253971,0.930392,-1.714929,1
4.700000,0.138058,0.003068,0.248855,0.930392,-1.720046,1
4.701000,0.134990,0.003068,-0.230180,0.831311,-2.007056,1
4.702000,0.134990,0.003068,-0.230180,0.831311,-2.007057,1
4.703000,0.134990,0.003068,-0.230180,0.831311,-2.007058,1
4.704000,0.134990,0.003068,-0.230180,0.831311,-2.007059,1
4.705000,0.134990,0.003068,-0.217936,0.691081,-1.714356,1
4.706000,0.134990,0.003068,-0.217936,0.691081,-1.714357,1
4.707000,0.134990,0.003068,-0.217936,0.691081,-1.714358,1
4.708000,0.131922,0.003068,-0.293300,0.654103,-1.721901,1
4.709000,0.128854,0.000000,-0.293300,0.540967,-1.440406,1
4.710000,0.128854,0.000000,-0.293300,0.540967,-1.440406,1
4.711000,0.128854,0.000000,-0.293300,0.540967,-1.440406,1
4.712000,0.128854,0.000000,-0.293300,0.540967,-1.440406,1
4.713000,0.128854,0.000000,-0.293300,0.540967,-1.440406,1
4.714000,0.125786,0.000000,-0.293300,0.540967,-1.446542,1
4.715000,0.125786,0.000000,-0.293300,0.540967,-1.446542,1
4.716000,0.125786,0.000000,-0.293300,0.540967,-1.446542,1
4.717000,0.125786,-0.003068,-0.293300,0.540967,-1.385182,1
4.718000,0.122718,-0.003068,-0.293300,0.540967,-1.391317,1
4.719000,0.113515,-0.012272,-0.431687,-1.005320,2.328543,1
4.720000,0.113515,-0.012272,-0.431687,-1.005320,2.328547,1
4.721000,0.113515,-0.012272,-0.431687,-1.005320,2.328550,1
4.722000,0.113515,-0.012272,-0.431687,-1.005320,2.328554,1
4.723000,0.113515,-0.012272,-0.431687,-1.005320,2.328558,1
4.724000,0.113515,-0.012272,-0.431687,-1.005320,2.328561,1
4.725000,0.113515,-0.012272,-0.431687,-1.005320,2.328565,1
4.726000,0.113515,-0.012272,-0.431687,-1.005320,2.328569,1
4.727000,0.110447,-0.015340,-0.431687,-1.005320,2.383797,1
4.728000,0.110447,-0.018408,-0.431687,-1.005320,2.445161,1
4.729000,0.104311,-0.024544,-1.276852,-1.994094,3.687997,1
4.730000,0.104311,-0.024544,-1.276852,-1.994094,3.688005,1
4.731000,0.104311,-0.024544,-1.276852,-1.994094,3.688012,1
4.732000,0.104311,-0.024544,-1.276852,-1.994094,3.688019,1
4.733000,0.104311,-0.024544,-1.276852,-1.994094,3.688027,1
4.734000,0.104311,-0.027612,-1.276852,-1.994094,3.749394,1
4.735000,0.104311,-0.027612,-1.276852,-1.994094,3.749402,1
4.736000,0.104311,-0.027612,-1.276852,-1.994094,3.749411,1
4.737000,0.104311,-0.027612,-1.026425,-1.046756,2.105171,1
4.738000,0.104311,-0.027612,-1.026425,-1.046756,2.105180,1
4.739000,0.104311,-0.027612,-1.026425,-1.046756,2.105188,1
4.740000,0.104311,-0.027612,-1.026425,-1.046756,2.105196,1
4.741000,0.107379,-0.021476,-1.026425,0.692333,-2.089558,1
4.742000,0.107379,-0.021476,-1.026425,0.692333,-2.089552,1
4.743000,0.107379,-0.021476,-1.026425,0.692333,-2.089545,1
4.744000,0.107379,-0.021476,-1.026425,0.692333,-2.089539,1
4.745000,0.107379,-0.021476,-1.026425,0.692333,-2.089532,1
4.746000,0.107379,-0.021476,-1.026425,0.692333,-2.089526,1
4.747000,0.107379,-0.021476,-1.026425,0.692333,-2.089519,1
4.748000,0.107379,-0.021476,-1.026425,0.692333,-2.089513,1
4.749000,0.107379,-0.021476,-1.026425,0.655383,-2.015607,1
4.750000,0.107379,-0.018408,-1.026425,0.622342,-2.010878,1
4.751000,0.110447,-0.012272,0.969739,0.605952,0.501487,1
4.752000,0.110447,-0.012272,0.969739,0.605952,0.501491,1
4.753000,0.110447,-0.012272,0.969739,0.605952,0.501495,1
4.754000,0.110447,-0.012272,0.969739,0.605952,0.501498,1
4.755000,0.110447,-0.012272,0.898644,0.605952,0.000000,1
4.756000,0.113515,-0.006136,0.624429,0.605952,-0.560389,1
4.757000,0.113515,-0.006136,0.624429,0.605952,-0.560387,1
4.758000,0.113515,-0.006136,0.624429,0.605952,-0.560385,1
4.759000,0.113515,-0.006136,0.624429,0.605952,-0.560383,1
4.760000,0.113515,-0.006136,0.624429,0.605952,-0.560381,1
4.761000,0.113515,-0.006136,0.624429,0.605952,-0.560379,1
4.762000,0.113515,-0.006136,0.541766,0.605952,-0.643041,1
4.763000,0.113515,-0.006136,0.541766,0.605952,-0.643039,1
4.764000,0.113515,-0.006136,0.541766,0.605952,-0.643037,1
4.765000,0.116583,-0.006136,0.819969,0.605952,0.000000,1
4.766000,0.116583,-0.003068,0.819969,0.816913,-0.841977,1
4.767000,0.116583,-0.003068,0.819969,0.816913,-0.841976,1
4.768000,0.116583,0.000000,0.819969,0.816913,-0.903335,1
4.769000,0.116583,0.000000,0.819969,0.816913,-0.903335,1
4.770000,0.116583,0.000000,0.819969,0.816913,-0.903335,1
4.771000,0.116583,0.000000,0.819969,0.816913,-0.903335,1
4.772000,0.116583,0.000000,0.819969,0.816913,-0.903335,1
4.773000,0.116583,0.000000,0.819969,0.816913,-0.903335,1
4.774000,0.116583,0.000000,0.819969,0.816913,-0.903335,1
4.775000,0.116583,0.000000,0.794663,0.816913,-0.928641,1
4.776000,0.116583,0.000000,0.665134,0.703364,-0.831073,1
4.777000,0.116583,0.000000,0.665134,0.703364,-0.831073,1
4.778000,0.116583,0.000000,0.665134,0.703364,-0.831073,1
4.779000,0.116583,0.000000,0.665134,0.703364,-0.831073,1
4.780000,0.116583,0.000000,0.665134,0.703364,-0.831073,1
4.781000,0.116583,0.000000,0.665134,0.703364,-0.831073,1
4.782000,0.116583,0.000000,0.665134,0.703364,-0.831073,1
4.783000,0.116583,0.000000,0.665134,0.703364,-0.831073,1
4.784000,0.116583,0.000000,0.631023,0.665331,-0.789118,1
4.785000,0.116583,0.000000,0.600119,0.631067,-0.751493,1
4.786000,0.116583,0.000000,0.572116,0.600175,-0.717713,1
4.787000,0.116583,0.000000,0.546826,0.572405,-0.687461,1
4.788000,0.116583,0.000000,0.523364,0.546747,-0.659609,1
4.789000,0.116583,0.000000,0.501923,0.523390,-0.634336,1
4.790000,0.113515,0.000000,-0.482199,0.501979,-1.581772,1
4.791000,0.113515,0.000000,-0.464097,0.482219,-1.524150,1
4.792000,0.113515,0.000000,-0.447146,0.464105,-1.470970,1
4.793000,0.113515,0.000000,-0.431538,0.447312,-1.421776,1
4.794000,0.113515,-0.003068,-0.416704,-0.431394,1.011830,1
4.795000,0.113515,-0.003068,-0.403028,-0.416753,0.996226,1
4.796000,0.113515,-0.003068,-0.390198,-0.403049,0.981649,1
4.797000,0.113515,-0.006136,-0.378268,-0.390334,1.029508,1
4.798000,0.110447,-0.006136,-0.366875,-0.378214,1.010528,1
4.799000,0.110447,-0.006136,-0.366875,-0.378214,1.010530,1
4.800000,0.110447,-0.006136,-0.366875,-0.378214,1.010532,1
4.801000,0.110447,-0.006136,-0.366875,-0.378214,1.010534,1
4.802000,0.110447,-0.006136,-0.366875,-0.378214,1.010535,1
4.803000,0.110447,-0.006136,-0.366875,-0.378214,1.010537,1
4.804000,0.110447,-0.006136,-0.366875,-0.378214,1.010539,1
4.805000,0.110447,-0.006136,-0.327724,-0.336742,0.966748,1
4.806000,0.110447,-0.009204,-0.296107,-0.303450,0.993142,1
4.807000,0.110447,-0.009204,-0.289084,-0.296078,0.985425,1
4.808000,0.110447,-0.009204,-0.270049,-0.276143,0.964592,1
4.809000,0.110447,-0.009204,-0.258630,-0.264214,0.952156,1
4.810000,0.110447,-0.009204,-0.258630,-0.264214,0.952159,1
4.811000,0.110447,-0.009204,-0.258630,-0.264214,0.952162,1
4.812000,0.110447,-0.009204,-0.258630,-0.264214,0.952164,1
4.813000,0.110447,-0.009204,-0.243259,-0.248193,0.935495,1
4.814000,0.110447,-0.009204,-0.243259,-0.248193,0.935498,1
4.815000,0.110447,-0.009204,-0.243259,-0.248193,0.935501,1
4.816000,0.110447,-0.009204,-0.243259,-0.248193,0.935504,1
4.817000,0.110447,-0.009204,-0.243259,-0.248193,0.935506,1
4.818000,0.110447,-0.009204,-0.243259,-0.248193,0.935509,1
4.819000,0.110447,-0.009204,-0.243259,-0.248193,0.935512,1
4.820000,0.110447,-0.009204,-0.243259,-0.248193,0.935515,1
4.821000,0.110447,-0.009204,-0.243259,-0.248193,0.935517,1
4.822000,0.110447,-0.009204,-0.243259,-0.248193,0.935520,1
4.823000,0.110447,-0.009204,-0.243259,-0.248193,0.935523,1
4.824000,0.110447,-0.006136,-0.217415,0.221348,-0.639071,1
4.825000,0.113515,-0.006136,0.203020,0.206445,0.000000,1
4.826000,0.113515,-0.003068,0.199701,0.204762,0.000000,1
4.827000,0.113515,0.000000,0.187533,0.204762,0.000000,1
4.828000,0.113515,0.000000,0.187533,0.204762,0.000000,1
4.829000,0.113515,0.000000,0.187533,0.204762,0.000000,1
4.830000,0.113515,0.000000,0.187533,0.204762,0.000000,1
4.831000,0.116583,0.000000,0.325394,0.204762,0.000000,1
4.832000,0.116583,0.000000,0.325394,0.204762,0.000000,1
4.833000,0.116583,0.000000,0.325394,0.204762,0.000000,1
4.834000,0.116583,0.000000,0.325394,0.204762,0.000000,1
4.835000,0.116583,0.000000,0.325394,0.204762,0.000000,1
4.836000,0.116583,0.003068,0.325394,0.204762,0.000000,1
4.837000,0.116583,0.003068,0.325394,0.204762,0.000000,1
4.838000,0.116583,0.003068,0.325394,0.204762,0.000000,1
4.839000,0.119651,0.006136,0.325394,0.204762,0.000000,1
4.840000,0.119651,0.006136,0.325394,0.204762,0.000000,1
4.841000,0.119651,0.006136,0.325394,0.204762,0.000000,1
4.842000,0.119651,0.006136,0.325394,0.204762,0.000000,1
4.843000,0.119651,0.006136,0.325394,0.204762,0.000000,1
4.844000,0.122718,0.009204,0.325394,0.571718,-1.079266,1
4.845000,0.122718,0.009204,0.325394,0.571718,-1.079269,1
4.846000,0.122718,0.009204,0.325394,0.571718,-1.079272,1
4.847000,0.122718,0.009204,0.325394,0.571718,-1.079275,1
4.848000,0.122718,0.009204,0.325394,0.571718,-1.079277,1
4.849000,0.122718,0.009204,0.325394,0.571718,-1.079280,1
4.850000,0.122718,0.009204,0.325394,0.571718,-1.079283,1
4.851000,0.122718,0.009204,0.325394,0.571718,-1.079286,1
4.852000,0.122718,0.009204,0.325394,0.571718,-1.079288,1
4.853000,0.122718,0.009204,0.325394,0.571718,-1.079291,1
4.854000,0.122718,0.009204,0.325394,0.571718,-1.079294,1
4.855000,0.122718,0.012272,0.325394,0.571718,-1.140657,1
4.856000,0.122718,0.012272,0.325394,0.571718,-1.140660,1
4.857000,0.122718,0.012272,0.325394,0.571718,-1.140664,1
4.858000,0.122718,0.012272,0.325394,0.571718,-1.140668,1
4.859000,0.122718,0.012272,0.325394,0.571718,-1.140672,1
4.860000,0.122718,0.012272,0.325394,0.571718,-1.140675,1
4.861000,0.122718,0.012272,0.325394,0.571718,-1.140679,1
4.862000,0.122718,0.012272,0.325394,0.571718,-1.140683,1
4.863000,0.122718,0.012272,0.325394,0.571718,-1.140686,1
4.864000,0.122718,0.012272,0.325394,0.571718,-1.140690,1
4.865000,0.122718,0.012272,0.325394,0.571718,-1.140694,1
4.866000,0.122718,0.012272,0.325394,0.571718,-1.140697,1
4.867000,0.122718,0.009204,0.325394,0.571718,-1.079341,1
4.868000,0.122718,0.009204,0.325394,0.571718,-1.079344,1
4.869000,0.122718,0.009204,0.318189,-0.556505,1.769893,1
4.870000,0.122718,0.006136,0.288336,-0.471183,1.630753,1
4.871000,0.122718,0.006136,0.288336,-0.471183,1.630751,1
4.872000,0.122718,0.006136,0.288336,-0.471183,1.630750,1
4.873000,0.122718,0.006136,0.288336,-0.471183,1.630748,1
4.874000,0.122718,0.006136,0.281676,-0.453654,1.589028,1
4.875000,0.122718,0.006136,0.258008,-0.395259,1.448568,1
4.876000,0.122718,0.006136,0.258008,-0.395259,1.448566,1
4.877000,0.122718,0.006136,0.258008,-0.395259,1.448565,1
4.878000,0.122718,0.006136,0.258008,-0.395259,1.448563,1
4.879000,0.122718,0.006136,0.252696,-0.382926,1.418583,1
4.880000,0.122718,0.006136,0.247575,-0.371288,1.390185,1
4.881000,0.122718,0.006136,0.242701,-0.360433,1.363598,1
4.882000,0.125786,0.006136,0.238016,-0.350196,1.344575,1
4.883000,0.125786,0.006136,0.233507,-0.340522,1.320716,1
4.884000,0.125786,0.006136,0.229102,-0.331234,1.297733,1
4.885000,0.128854,0.009204,0.206308,-0.318473,1.194190,1
4.886000,0.128854,0.009204,0.206308,-0.318473,1.194187,1
4.887000,0.128854,0.009204,0.206308,-0.318473,1.194184,1
4.888000,0.128854,0.009204,0.206308,-0.318473,1.194182,1
4.889000,0.128854,0.012272,0.206308,-0.318473,1.132819,1
4.890000,0.128854,0.012272,0.206308,-0.318473,1.132815,1
4.891000,0.128854,0.012272,0.206308,-0.318473,1.132811,1
4.892000,0.131922,0.012272,0.206308,-0.318473,1.138943,1
4.893000,0.131922,0.015340,0.206308,-0.318473,1.077580,1
4.894000,0.131922,0.015340,0.206308,-0.318473,1.077575,1
4.895000,0.134990,0.015340,0.206308,-0.318473,1.083706,1
4.896000,0.134990,0.015340,0.206308,-0.318473,1.083702,1
4.897000,0.134990,0.015340,0.206308,-0.318473,1.083697,1
4.898000,0.134990,0.015340,0.206308,-0.318473,1.083693,1
4.899000,0.134990,0.015340,0.206308,-0.318473,1.083688,1
4.900000,0.141126,0.024544,0.266480,0.931824,-2.128547,1
4.901000,0.141126,0.024544,0.266480,0.931824,-2.128554,1
4.902000,0.141126,0.024544,0.266480,0.931824,-2.128561,1
4.903000,0.141126,0.024544,0.266480,0.931824,-2.128569,1
4.904000,0.144194,0.027612,0.266480,0.931824,-2.183800,1
4.905000,0.144194,0.030680,0.266480,0.931824,-2.245169,1
4.906000,0.144194,0.030680,0.266480,0.931824,-2.245178,1
4.907000,0.147262,0.033748,0.266480,1.575460,-3.587683,1
4.908000,0.150330,0.036816,0.266480,1.575460,-3.642918,1
4.909000,0.150330,0.036816,0.266480,1.575460,-3.642929,1
4.910000,0.150330,0.036816,0.266480,1.575460,-3.642940,1
4.911000,0.150330,0.036816,0.266480,1.575460,-3.642951,1
4.912000,0.150330,0.036816,0.266480,1.575460,-3.642962,1
4.913000,0.150330,0.036816,0.266480,1.575460,-3.642973,1
4.914000,0.150330,0.036816,0.266480,1.575460,-3.642984,1
4.915000,0.150330,0.036816,0.266480,1.434637,-3.361350,1
4.916000,0.144194,0.033748,-1.058003,-0.843429,0.519377,1
4.917000,0.144194,0.033748,-1.058003,-0.843429,0.519367,1
4.918000,0.144194,0.033748,-1.058003,-0.788903,0.000000,1
4.919000,0.144194,0.033748,-1.058003,-0.788903,0.000000,1
4.920000,0.144194,0.030680,-1.058003,-0.741256,0.000000,1
4.921000,0.144194,0.030680,-1.058003,-0.741256,0.000000,1
4.922000,0.144194,0.030680,-1.058003,-0.741256,0.000000,1
4.923000,0.144194,0.030680,-1.058003,-0.741256,0.000000,1
4.924000,0.144194,0.030680,-1.058003,-0.741256,0.000000,1
4.925000,0.144194,0.030680,-1.058003,-0.741256,0.000000,1
4.926000,0.144194,0.030680,-1.058003,-0.741256,0.000000,1
4.927000,0.144194,0.030680,-1.058003,-0.741256,0.000000,1
4.928000,0.141126,0.027612,-1.058003,-0.661401,0.000000,1
4.929000,0.141126,0.027612,-1.058003,-0.661401,0.000000,1
4.930000,0.141126,0.027612,-1.058003,-0.661401,0.000000,1
4.931000,0.138058,0.024544,-1.058003,-0.584440,0.000000,1
4.932000,0.134990,0.024544,-1.058003,-0.584440,0.000000,1
4.933000,0.134990,0.024544,-1.058003,-0.584440,0.000000,1
4.934000,0.134990,0.024544,-1.058003,-0.584440,0.000000,1
4.935000,0.134990,0.021476,-1.058003,-0.584440,0.000000,1
4.936000,0.134990,0.021476,-1.058003,-0.584440,0.000000,1
4.937000,0.134990,0.021476,-1.058003,-0.584440,0.000000,1
4.938000,0.131922,0.018408,-0.590706,-0.584440,0.750766,1
4.939000,0.128854,0.015340,-0.590706,-0.584440,0.805984,1
4.940000,0.128854,0.015340,-0.590706,-0.584440,0.805980,1
4.941000,0.122718,0.009204,-0.590706,-0.927672,1.602887,1
4.942000,0.122718,0.009204,-0.590706,-0.927672,1.602884,1
4.943000,0.122718,0.009204,-0.590706,-0.927672,1.602881,1
4.944000,0.122718,0.009204,-0.590706,-0.927672,1.602878,1
4.945000,0.122718,0.009204,-0.590706,-0.927672,1.602876,1
4.946000,0.122718,0.009204,-0.590706,-0.927672,1.602873,1
4.947000,0.122718,0.009204,-0.590706,-0.927672,1.602870,1
4.948000,0.122718,0.006136,-0.590706,-0.927672,1.664228,1
4.949000,0.122718,0.006136,-0.590706,-0.927672,1.664226,1
4.950000,0.122718,0.006136,-0.590706,-0.927672,1.664224,1
4.951000,0.119651,0.003068,-0.902663,-0.856602,1.265349,1
4.952000,0.119651,0.003068,-0.902663,-0.708108,0.968360,1
4.953000,0.119651,0.003068,-0.902663,-0.603688,0.759520,1
4.954000,0.119651,0.003068,-0.902663,-0.603688,0.759520,1
4.955000,0.119651,0.003068,-0.902663,-0.603688,0.759519,1
4.956000,0.119651,0.003068,-0.902663,-0.603688,0.759518,1
4.957000,0.119651,0.003068,-0.902663,-0.603688,0.759517,1
4.958000,0.119651,0.003068,-0.902663,-0.603688,0.759516,1
4.959000,0.119651,0.003068,-0.902663,-0.603688,0.759515,1
4.960000,0.119651,0.003068,-0.902663,-0.603688,0.759514,1
4.961000,0.119651,0.003068,-0.902663,-0.603688,0.759513,1
4.962000,0.119651,0.003068,-0.902663,-0.575543,0.703220,1
4.963000,0.119651,0.006136,-0.902663,0.549575,-2.208376,1
4.964000,0.119651,0.006136,-0.902663,0.525974,-2.161177,1
4.965000,0.119651,0.006136,-0.861763,0.504364,-2.077059,1
4.966000,0.119651,0.006136,-0.805285,0.484478,-1.980808,1
4.967000,0.119651,0.006136,-0.756164,0.466256,-1.895245,1
4.968000,0.119651,0.006136,-0.606423,0.404646,-1.622287,1
4.969000,0.119651,0.006136,-0.606423,0.404646,-1.622289,1
4.970000,0.119651,0.006136,-0.606423,0.404646,-1.622290,1
4.971000,0.119651,0.006136,-0.606423,0.404646,-1.622292,1
4.972000,0.119651,0.006136,-0.577906,0.391747,-1.567979,1
4.973000,0.116583,0.006136,-0.551814,0.379580,-1.523691,1
4.974000,0.116583,0.006136,-0.528088,0.368201,-1.477208,1
4.975000,0.116583,0.003068,-0.506255,-0.357453,0.657291,1
4.976000,0.116583,0.003068,-0.486199,-0.347337,0.657113,1
4.977000,0.116583,0.003068,-0.467695,-0.337789,0.656521,1
4.978000,0.116583,0.000000,-0.450647,-0.333996,0.727342,1
4.979000,0.113515,0.000000,-0.434605,-0.333996,0.737248,1
4.980000,0.110447,-0.003068,-0.380728,-0.333996,0.846349,1
4.981000,0.110447,-0.003068,-0.380728,-0.333996,0.846350,1
4.982000,0.110447,-0.003068,-0.380728,-0.333996,0.846351,1
4.983000,0.110447,-0.003068,-0.380728,-0.333996,0.846352,1
4.984000,0.110447,-0.003068,-0.369209,-0.333996,0.857871,1
4.985000,0.110447,-0.003068,-0.358412,-0.333996,0.868669,1
4.986000,0.110447,-0.003068,-0.348270,-0.333996,0.878813,1
4.987000,0.110447,-0.003068,-0.338652,-0.333996,0.888431,1
4.988000,0.110447,-0.003068,-0.329552,-0.333996,0.897532,1
4.989000,0.110447,-0.003068,-0.321003,-0.333996,0.906082,1
4.990000,0.107379,-0.003068,-0.327753,-0.333996,0.893197,1
4.991000,0.107379,-0.003068,-0.327753,-0.333996,0.893198,1
4.992000,0.107379,-0.003068,-0.327753,-0.333996,0.893199,1
4.993000,0.107379,-0.003068,-0.327753,-0.333996,0.893200,1
4.994000,0.107379,-0.003068,-0.327753,-0.333996,0.893201,1
4.995000,0.107379,-0.003068,-0.327753,-0.333996,0.893202,1
4.996000,0.107379,-0.003068,-0.327753,-0.333996,0.893203,1
4.997000,0.107379,-0.003068,-0.327753,-0.333996,0.893204,1
4.998000,0.107379,-0.003068,-0.327753,-0.333996,0.893205,1
4.999000,0.107379,-0.006136,-0.327753,-0.333996,0.954566,1
5.000000,0.107379,-0.006136,-0.327753,-0.333996,0.954567,1
5.001000,0.107379,-0.006136,-0.327753,-0.333996,0.954569,1
5.002000,0.107379,-0.006136,-0.327753,-0.333996,0.954571,1
5.003000,0.107379,-0.006136,-0.327753,-0.333996,0.954573,1
5.004000,0.110447,-0.003068,-0.327753,-0.475333,1.182026,1
5.005000,0.110447,-0.003068,-0.327753,-0.475333,1.182027,1
5.006000,0.110447,-0.003068,-0.327753,-0.475333,1.182027,1
5.007000,0.110447,-0.003068,-0.327753,-0.475333,1.182028,1
5.008000,0.110447,-0.003068,-0.327753,-0.475333,1.182029,1
5.009000,0.110447,-0.003068,-0.327753,-0.475333,1.182030,1
5.010000,0.110447,-0.003068,-0.327753,-0.475333,1.182031,1
5.011000,0.110447,-0.003068,-0.327753,-0.475333,1.182032,1
5.012000,0.113515,-0.003068,-0.327753,-0.475333,1.188169,1
5.013000,0.113515,-0.003068,-0.327753,-0.475333,1.188170,1
5.014000,0.113515,0.000000,-0.327753,-0.475333,1.126811,1
5.015000,0.113515,0.000000,-0.327753,-0.475333,1.126811,1
5.016000,0.116583,0.000000,0.446619,-0.475333,1.907319,1
5.017000,0.116583,0.000000,0.446619,-0.475333,1.907319,1
5.018000,0.116583,0.000000,0.446619,-0.475333,1.907319,1
5.019000,0.116583,0.003068,0.446619,-0.475333,1.845958,1
5.020000,0.119651,0.003068,0.446619,-0.475333,1.852093,1
5.021000,0.119651,0.003068,0.446619,-0.475333,1.852092,1
5.022000,0.119651,0.003068,0.446619,-0.475333,1.852092,1
5.023000,0.122718,0.006136,0.446619,-0.475333,1.796866,1
5.024000,0.122718,0.006136,0.446619,-0.475333,1.796865,1
5.025000,0.125786,0.006136,0.446619,-0.475333,1.802999,1
5.026000,0.125786,0.009204,0.446619,0.544535,-0.898099,1
5.027000,0.128854,0.009204,0.740286,0.544535,-0.598299,1
5.028000,0.128854,0.012272,0.740286,0.544535,-0.659662,1
5.029000,0.128854,0.015340,0.740286,0.544535,-0.721026,1
5.030000,0.131922,0.015340,0.740286,0.544535,-0.714895,1
5.031000,0.131922,0.018408,0.740286,0.544535,-0.776259,1
5.032000,0.134990,0.021476,0.740286,0.544535,-0.831489,1
5.033000,0.134990,0.021476,0.740286,1.966226,-3.674879,1
5.034000,0.134990,0.021476,0.740286,1.966226,-3.674885,1
5.035000,0.138058,0.024544,0.740286,1.966226,-3.730116,1
5.036000,0.138058,0.024544,0.740286,1.966226,-3.730123,1
5.037000,0.138058,0.024544,0.740286,1.966226,-3.730130,1
5.038000,0.138058,0.027612,0.740286,1.966226,-3.791498,1
5.039000,0.141126,0.027612,1.295210,1.757169,-2.812331,1
5.040000,0.141126,0.027612,1.295210,1.538203,-2.374408,1
5.041000,0.141126,0.027612,1.295210,1.366366,-2.030742,1
5.042000,0.141126,0.027612,1.295210,1.229577,-1.757173,1
5.043000,0.141126,0.027612,1.295210,1.118043,-1.534114,1
5.044000,0.141126,0.027612,1.295210,1.024688,-1.347411,1
5.045000,0.141126,0.027612,1.295210,0.945502,-1.189048,1
5.046000,0.141126,0.027612,1.295210,0.877892,-1.053836,1
5.047000,0.141126,0.027612,1.295210,0.819587,-0.937234,1
5.048000,0.138058,0.027612,1.295210,0.767765,-0.839735,1
5.049000,0.138058,0.027612,-1.187964,0.722712,-3.232811,1
5.050000,0.138058,0.024544,-1.083419,0.697398,-3.016287,1
5.051000,0.138058,0.024544,-0.995276,0.697398,-2.928150,1
5.052000,0.138058,0.024544,-0.920625,0.697398,-2.853507,1
5.053000,0.134990,0.024544,-0.856400,0.697398,-2.795426,1
5.054000,0.134990,0.024544,-0.800337,0.697398,-2.739370,1
5.055000,0.134990,0.021476,-0.751348,0.697398,-2.629028,1
5.056000,0.131922,0.021476,-0.783646,0.697398,-2.667469,1
5.057000,0.131922,0.021476,-0.783646,0.697398,-2.667475,1
5.058000,0.131922,0.021476,-0.783646,0.697398,-2.667481,1
5.059000,0.131922,0.021476,-0.783646,0.697398,-2.667488,1
5.060000,0.128854,0.018408,-0.783646,0.697398,-2.612270,1
5.061000,0.128854,0.018408,-0.783646,0.697398,-2.612276,1
5.062000,0.128854,0.015340,-0.783646,0.697398,-2.550921,1
5.063000,0.125786,0.012272,-0.783646,-1.029337,1.557770,1
5.064000,0.119651,0.003068,-0.940251,-1.029337,1.572970,1
5.065000,0.119651,0.003068,-0.940251,-1.029337,1.572969,1
5.066000,0.119651,0.003068,-0.940251,-1.029337,1.572968,1
5.067000,0.119651,0.003068,-0.940251,-1.029337,1.572967,1
5.068000,0.119651,0.003068,-0.940251,-1.029337,1.572966,1
5.069000,0.119651,0.003068,-0.940251,-1.029337,1.572965,1
5.070000,0.119651,0.003068,-0.940251,-1.029337,1.572964,1
5.071000,0.119651,0.003068,-0.940251,-1.029337,1.572964,1
5.072000,0.116583,0.000000,-0.940251,-2.341986,4.253485,1
5.073000,0.116583,0.000000,-0.940251,-2.341986,4.253485,1
5.074000,0.107379,-0.009204,-1.554568,-1.697582,2.516033,1
5.075000,0.107379,-0.012272,-1.554568,-1.660365,2.502960,1
5.076000,0.104311,-0.012272,-1.554568,-1.660365,2.496828,1
5.077000,0.104311,-0.015340,-1.554568,-1.660365,2.558191,1
5.078000,0.104311,-0.015340,-1.554568,-1.660365,2.558196,1
5.079000,0.104311,-0.015340,-1.554568,-1.660365,2.558201,1
5.080000,0.104311,-0.015340,-1.554568,-1.660365,2.558205,1
5.081000,0.104311,-0.015340,-1.554568,-1.660365,2.558210,1
5.082000,0.104311,-0.018408,-0.991628,-1.131272,2.124329,1
5.083000,0.104311,-0.018408,-0.991628,-1.131272,2.124335,1
5.084000,0.104311,-0.018408,-0.991628,-1.131272,2.124340,1
5.085000,0.104311,-0.018408,-0.991628,-1.131272,2.124346,1
5.086000,0.104311,-0.021476,-0.917795,-1.036172,2.069345,1
5.087000,0.104311,-0.021476,-0.917795,-1.036172,2.069352,1
5.088000,0.104311,-0.021476,-0.917795,-1.036172,2.069358,1
5.089000,0.104311,-0.021476,-0.917795,-1.036172,2.069365,1
5.090000,0.104311,-0.018408,-0.853945,0.955514,-2.511511,1
5.091000,0.104311,-0.018408,-0.853945,0.955514,-2.511505,1
5.092000,0.104311,-0.018408,-0.853945,0.955514,-2.511500,1
5.093000,0.104311,-0.018408,-0.853945,0.955514,-2.511494,1
5.094000,0.104311,-0.018408,-0.706466,0.774582,-2.002145,1
5.095000,0.104311,-0.018408,-0.706466,0.774582,-2.002140,1
5.096000,0.104311,-0.018408,-0.706466,0.774582,-2.002134,1
5.097000,0.107379,-0.018408,0.574243,0.618450,0.000000,1
5.098000,0.107379,-0.009204,0.483679,0.608190,-0.657140,1
5.099000,0.110447,-0.009204,0.465298,0.608190,-0.669382,1
5.100000,0.110447,-0.012272,0.448493,2.576525,-4.561495,1
5.101000,0.110447,-0.012272,0.448493,2.576525,-4.561491,1
5.102000,0.110447,-0.012272,0.448493,2.576525,-4.561488,1
5.103000,0.110447,-0.009204,0.404088,2.576525,-4.667249,1
5.104000,0.110447,-0.009204,0.391222,2.509559,-4.546179,1
5.105000,0.110447,-0.009204,0.391222,2.509559,-4.546176,1
5.106000,0.110447,-0.009204,0.391222,2.509559,-4.546174,1
5.107000,0.110447,-0.009204,0.391222,2.509559,-4.546171,1
5.108000,0.107379,-0.009204,0.404853,2.084100,-3.687756,1
5.109000,0.107379,-0.009204,0.404853,2.084100,-3.687753,1
5.110000,0.107379,-0.009204,0.404853,2.084100,-3.687750,1
5.111000,0.107379,-0.012272,0.404853,1.382932,-2.224050,1
5.112000,0.107379,-0.012272,0.404853,1.382932,-2.224047,1
5.113000,0.107379,-0.012272,0.404853,1.382932,-2.224043,1
5.114000,0.101243,-0.015340,0.404853,1.382932,-2.174951,1
5.115000,0.095107,-0.021476,-1.027764,1.382932,-3.497115,1
5.116000,0.092039,-0.024544,-1.027764,-1.740513,3.405004,1
5.117000,0.088971,-0.027612,-1.027764,-1.740513,3.460236,1
5.118000,0.082835,-0.039884,-2.051053,-3.488646,6.000000,1
5.119000,0.082835,-0.039884,-2.051053,-3.488646,6.000000,1
5.120000,0.082835,-0.039884,-2.051053,-3.488646,6.000000,1
5.121000,0.082835,-0.039884,-2.051053,-3.488646,6.000000,1
5.122000,0.079767,-0.049087,-2.051053,-2.136846,3.640783,1
5.123000,0.079767,-0.049087,-2.051053,-2.136846,3.640798,1
5.124000,0.079767,-0.049087,-2.011059,-2.136846,3.680806,1
5.125000,0.079767,-0.049087,-2.011059,-2.136846,3.680821,1
5.126000,0.076699,-0.049087,-1.726555,-2.136846,3.959204,1
5.127000,0.079767,-0.052155,-1.278983,-1.264614,2.729822,1
5.128000,0.079767,-0.052155,-1.278983,-1.264614,2.729837,1
5.129000,0.079767,-0.052155,-1.278983,-1.264614,2.729853,1
5.130000,0.079767,-0.052155,-1.278983,-1.264614,2.729869,1
5.131000,0.079767,-0.052155,-1.278983,-1.264614,2.729884,1
5.132000,0.079767,-0.052155,-1.278983,-1.264614,2.729900,1
5.133000,0.079767,-0.052155,-1.278983,-1.264614,2.729916,1
5.134000,0.079767,-0.052155,-1.278983,-1.264614,2.729931,1
5.135000,0.079767,-0.052155,-1.278983,-1.146123,2.492966,1
5.136000,0.079767,-0.052155,-1.278983,-1.048254,2.297242,1
5.137000,0.082835,-0.052155,-1.278983,-0.966191,2.139269,1
5.138000,0.082835,-0.049087,-1.278983,0.895416,-2.245289,1
5.139000,0.085903,-0.042951,0.902017,0.655830,0.898314,1
5.140000,0.085903,-0.042951,0.902017,0.655830,0.898327,1
5.141000,0.088971,-0.042951,0.902017,0.622821,0.970493,1
5.142000,0.088971,-0.042951,0.902017,0.622821,0.970505,1
5.143000,0.088971,-0.046019,0.902017,-0.592510,3.462542,1
5.144000,0.092039,-0.042951,3.843042,0.477319,4.208697,1
5.145000,0.092039,-0.042951,3.843042,0.477319,4.208710,1
5.146000,0.095107,-0.042951,2.929997,0.459533,3.337386,1
5.147000,0.095107,-0.042951,1.983458,0.427534,2.454857,1
5.148000,0.095107,-0.042951,1.983458,0.427534,2.454870,1
5.149000,0.095107,-0.042951,1.983458,0.427534,2.454883,1
5.150000,0.095107,-0.042951,1.983458,0.427534,2.454896,1
5.151000,0.095107,-0.042951,1.983458,0.427534,2.454909,1
5.152000,0.095107,-0.042951,1.983458,0.427534,2.454922,1
5.153000,0.095107,-0.042951,1.983458,0.427534,2.454935,1
5.154000,0.095107,-0.042951,1.983458,0.427534,2.454947,1
5.155000,0.095107,-0.042951,1.983458,0.427534,2.454960,1
5.156000,0.095107,-0.042951,1.983458,0.427534,2.454973,1
5.157000,0.095107,-0.042951,1.983458,0.427534,2.454986,1
5.158000,0.095107,-0.042951,1.983458,0.427534,2.454999,1
5.159000,0.101243,-0.039884,1.335346,0.390739,1.831402,1
5.160000,0.101243,-0.039884,1.335346,0.390739,1.831414,1
5.161000,0.101243,-0.039884,1.335346,0.390739,1.831426,1
5.162000,0.107379,-0.036816,0.968280,0.390739,1.415284,1
5.163000,0.113515,-0.027612,0.968280,1.808928,-2.192893,1
5.164000,0.116583,-0.024544,1.658968,1.808928,-1.557421,1
5.165000,0.119651,-0.021476,1.658968,1.808928,-1.612638,1
5.166000,0.128854,-0.012272,2.062808,2.990206,-3.737018,1
5.167000,0.128854,-0.012272,2.062808,2.990206,-3.737015,1
5.168000,0.128854,-0.012272,2.062808,2.990206,-3.737011,1
5.169000,0.128854,-0.012272,2.062808,2.990206,-3.737007,1
5.170000,0.128854,-0.009204,2.062808,2.770307,-3.358567,1
5.171000,0.128854,-0.009204,2.062808,2.770307,-3.358564,1
5.172000,0.134990,-0.003068,2.062808,1.692390,-1.313174,1
5.173000,0.138058,0.000000,1.438414,1.692390,-1.992792,1
5.174000,0.138058,0.000000,1.438414,1.692390,-1.992792,1
5.175000,0.138058,0.000000,1.438414,1.692390,-1.992792,1
5.176000,0.138058,0.000000,1.438414,1.692390,-1.992792,1
5.177000,0.138058,0.000000,1.438414,1.692390,-1.992792,1
5.178000,0.138058,0.000000,1.438414,1.692390,-1.992792,1
5.179000,0.138058,0.000000,1.438414,1.692390,-1.992792,1
5.180000,0.138058,0.000000,1.438414,1.692390,-1.992792,1
5.181000,0.138058,0.000000,1.438414,1.692390,-1.992792,1
5.182000,0.138058,0.000000,1.438414,1.692390,-1.992792,1
5.183000,0.138058,0.000000,1.438414,1.692390,-1.992792,1
5.184000,0.141126,0.000000,1.751415,1.692390,-1.673655,1
5.185000,0.141126,0.000000,1.751415,1.692390,-1.673655,1
5.186000,0.141126,0.000000,1.751415,1.692390,-1.673655,1
5.187000,0.141126,0.000000,1.751415,1.206530,-0.701935,1
5.188000,0.141126,-0.003068,1.495672,-0.865851,3.848443,1
5.189000,0.141126,-0.003068,1.333170,-0.808780,3.571801,1
5.190000,0.141126,-0.006136,1.203376,-0.759109,3.404026,1
5.191000,0.144194,-0.009204,1.095221,-0.714594,3.274339,1
5.192000,0.144194,-0.009204,1.006037,-0.675522,3.107012,1
5.193000,0.144194,-0.009204,0.929857,-0.639987,2.959766,1
5.194000,0.144194,-0.009204,0.864241,-0.608486,2.831151,1
5.195000,0.144194,-0.009204,0.807470,-0.579786,2.716982,1
5.196000,0.147262,-0.009204,0.757245,-0.553430,2.620184,1
5.197000,0.147262,-0.009204,0.713389,-0.529634,2.528738,1
5.198000,0.147262,-0.009204,0.674146,-0.507693,2.445616,1
5.199000,0.150330,-0.009204,0.639191,-0.487611,2.376635,1
5.200000,0.150330,-0.009204,0.607513,-0.468957,2.307653,1
5.201000,0.153398,-0.009204,0.553278,-0.451622,2.224887,1
5.202000,0.153398,-0.006136,0.553278,0.435646,0.000000,1
5.203000,0.153398,-0.006136,0.553278,0.435646,0.000000,1
5.204000,0.153398,-0.006136,0.553278,0.435646,0.000000,1
5.205000,0.153398,-0.006136,0.553278,0.435646,0.000000,1
5.206000,0.153398,-0.006136,0.553278,0.420687,0.000000,1
5.207000,0.168738,0.009204,1.327535,1.804532,-2.450634,1
5.208000,0.168738,0.009204,1.327535,1.804532,-2.450636,1
5.209000,0.174874,0.012272,1.327535,1.804532,-2.499727,1
5.210000,0.177942,0.012272,1.646019,1.804532,-2.175112,1
5.211000,0.177942,0.012272,1.646019,1.804532,-2.175115,1
5.212000,0.177942,0.012272,1.646019,1.804532,-2.175119,1
5.213000,0.177942,0.012272,1.646019,1.804532,-2.175123,1
5.214000,0.177942,0.012272,1.646019,1.804532,-2.175126,1
5.215000,0.177942,0.012272,1.646019,1.804532,-2.175130,1
5.216000,0.177942,0.012272,1.646019,1.804532,-2.175134,1
5.217000,0.177942,0.012272,1.646019,1.804532,-2.175138,1
5.218000,0.177942,0.012272,1.646019,1.804532,-2.175141,1
5.219000,0.177942,0.012272,1.646019,1.804532,-2.175145,1
5.220000,0.177942,0.012272,1.646019,1.804532,-2.175149,1
5.221000,0.177942,0.012272,1.646019,1.804532,-2.175152,1
5.222000,0.177942,0.012272,1.646019,1.804532,-2.175156,1
5.223000,0.177942,0.012272,1.646019,1.804532,-2.175160,1
5.224000,0.177942,0.012272,1.646019,1.804532,-2.175163,1
5.225000,0.177942,0.012272,1.646019,1.804532,-2.175167,1
5.226000,0.177942,0.015340,1.646019,1.523559,-1.674585,1
5.227000,0.177942,0.015340,1.646019,1.523559,-1.674590,1
5.228000,0.177942,0.015340,1.646019,1.523559,-1.674594,1
5.229000,0.181010,0.015340,1.313521,0.872894,-0.699630,1
5.230000,0.181010,0.012272,0.919619,0.720176,-0.726740,1
5.231000,0.181010,0.012272,0.855516,0.720176,-0.790847,1
5.232000,0.181010,0.012272,0.800081,0.720176,-0.846286,1
5.233000,0.181010,0.012272,0.751400,0.720176,-0.894971,1
5.234000,0.181010,0.012272,0.751400,0.720176,-0.894974,1
5.235000,0.181010,0.012272,0.751400,0.720176,-0.894978,1
5.236000,0.181010,0.012272,0.751400,0.720176,-0.894982,1
5.237000,0.181010,0.012272,0.751400,0.720176,-0.894985,1
5.238000,0.181010,0.009204,0.707720,0.720176,-0.877309,1
5.239000,0.181010,0.009204,0.707720,0.720176,-0.877312,1
5.240000,0.181010,0.009204,0.707720,0.720176,-0.877314,1
5.241000,0.181010,0.006136,0.575054,0.720176,-0.948622,1
5.242000,0.177942,0.003068,-0.484194,0.720176,-1.952649,1
5.243000,0.177942,0.003068,-0.465966,0.720176,-1.934421,1
5.244000,0.177942,0.000000,-0.448800,-0.818830,1.822116,1
5.245000,0.177942,0.000000,-0.448800,-0.818830,1.822116,1
5.246000,0.177942,0.000000,-0.448800,-0.818830,1.822116,1
5.247000,0.177942,0.000000,-0.448800,-0.818830,1.822116,1
5.248000,0.177942,0.000000,-0.432968,-0.818830,1.837947,1
5.249000,0.177942,0.000000,-0.432968,-0.818830,1.837947,1
5.250000,0.177942,0.000000,-0.432968,-0.818830,1.837947,1
5.251000,0.177942,-0.006136,-0.391606,-0.818830,2.002030,1
5.252000,0.177942,-0.006136,-0.391606,-0.818830,2.002031,1
5.253000,0.177942,-0.006136,-0.391606,-0.818830,2.002033,1
5.254000,0.174874,-0.009204,-0.357315,-0.818830,2.091550,1
5.255000,0.177942,-0.012272,-0.328839,-1.541579,3.633024,1
5.256000,0.177942,-0.012272,-0.328839,-1.541579,3.633028,1
5.257000,0.177942,-0.015340,-0.328839,-1.541579,3.694391,1
5.258000,0.177942,-0.015340,-0.328839,-1.541579,3.694396,1
5.259000,0.177942,-0.015340,-0.328839,-1.541579,3.694401,1
5.260000,0.177942,-0.015340,-0.328839,-1.541579,3.694405,1
5.261000,0.177942,-0.015340,-0.328839,-1.541579,3.694410,1
5.262000,0.177942,-0.015340,-0.328839,-1.541579,3.694414,1
5.263000,0.177942,-0.015340,-0.328839,-1.541579,3.694419,1
5.264000,0.177942,-0.015340,-0.328839,-1.541579,3.694424,1
5.265000,0.181010,-0.015340,-0.328839,-1.522294,3.661994,1
5.266000,0.181010,-0.015340,-0.328839,-1.522294,3.661999,1
5.267000,0.181010,-0.015340,-0.328839,-1.522294,3.662003,1
5.268000,0.187146,-0.012272,-0.328839,0.939386,-1.910439,1
5.269000,0.187146,-0.012272,-0.328839,0.939386,-1.910436,1
5.270000,0.187146,-0.012272,-0.328839,0.939386,-1.910432,1
5.271000,0.187146,-0.012272,-0.328839,0.939386,-1.910428,1
5.272000,0.187146,-0.012272,-0.328839,0.939386,-1.910425,1
5.273000,0.187146,-0.012272,-0.328839,0.939386,-1.910421,1
5.274000,0.193282,-0.009204,0.963665,0.763840,0.000000,1
5.275000,0.193282,-0.009204,0.963665,0.763840,0.000000,1
5.276000,0.193282,-0.009204,0.963665,0.763840,0.000000,1
5.277000,0.205553,0.003068,1.802140,0.650235,1.128885,1
5.278000,0.217825,0.018408,2.560636,2.518816,-2.732039,1
5.279000,0.220893,0.018408,2.560636,2.518816,-2.725908,1
5.280000,0.220893,0.018408,2.560636,2.518816,-2.725914,1
5.281000,0.223961,0.024544,2.560636,2.716588,-3.238048,1
5.282000,0.227029,0.024544,2.605933,2.716588,-3.186621,1
5.283000,0.227029,0.024544,2.605933,2.716588,-3.186629,1
5.284000,0.227029,0.024544,2.605933,2.716588,-3.186636,1
5.285000,0.227029,0.024544,2.605933,2.716588,-3.186644,1
5.286000,0.227029,0.024544,2.605933,2.716588,-3.186651,1
5.287000,0.230097,0.027612,2.605933,2.716588,-3.241882,1
5.288000,0.230097,0.027612,2.605933,2.716588,-3.241891,1
5.289000,0.230097,0.027612,2.605933,2.716588,-3.241899,1
5.290000,0.236233,0.033748,2.208297,2.020963,-2.358741,1
5.291000,0.236233,0.033748,2.208297,2.020963,-2.358751,1
5.292000,0.236233,0.033748,2.208297,2.020963,-2.358761,1
5.293000,0.236233,0.033748,2.208297,2.020963,-2.358771,1
5.294000,0.236233,0.033748,2.208297,2.020963,-2.358781,1
5.295000,0.236233,0.033748,2.208297,2.020963,-2.358792,1
5.296000,0.239301,0.036816,2.106122,2.020963,-2.516201,1
5.297000,0.245437,0.036816,1.393839,1.142634,-1.459567,1
5.298000,0.245437,0.036816,1.252369,1.045791,-1.407361,1
5.299000,0.245437,0.036816,0.889247,0.779864,-1.238641,1
5.300000,0.245437,0.036816,0.889247,0.779864,-1.238652,1
5.301000,0.245437,0.036816,0.889247,0.779864,-1.238663,1
5.302000,0.245437,0.036816,0.889247,0.779864,-1.238674,1
5.303000,0.245437,0.033748,0.828789,-0.732973,2.387891,1
5.304000,0.245437,0.033748,0.776514,-0.691786,2.253232,1
5.305000,0.245437,0.033748,0.730261,-0.654836,2.133069,1
5.306000,0.245437,0.030680,0.689431,-0.621814,2.087545,1
5.307000,0.245437,0.027612,0.652918,-0.591956,2.052668,1
5.308000,0.248505,0.027612,0.619638,-0.564470,1.970542,1
5.309000,0.248505,0.027612,0.589964,-0.539739,1.891400,1
5.310000,0.248505,0.027612,0.562849,-0.516955,1.818707,1
5.311000,0.248505,0.027612,0.538269,-0.496147,1.752502,1
5.312000,0.248505,0.027612,0.515750,-0.476951,1.691583,1
5.313000,0.251573,0.027612,1.134913,-0.458998,2.280969,1
5.314000,0.251573,0.027612,1.134913,-0.442389,2.247742,1
5.315000,0.251573,0.027612,1.134913,-0.426948,2.216851,1
5.316000,0.254641,0.027612,1.134913,-0.412601,2.194285,1
5.317000,0.254641,0.027612,1.134913,-0.399257,2.167590,1
5.318000,0.254641,0.027612,1.134913,-0.386749,2.142566,1
5.319000,0.257709,0.030680,1.134913,0.374856,0.564122,1
5.320000,0.257709,0.030680,1.134913,0.363694,0.586438,1
5.321000,0.260777,0.030680,1.134913,0.353284,0.613384,1
5.322000,0.260777,0.033748,1.134913,0.346495,0.565593,1
5.323000,0.263845,0.033748,0.534264,0.346495,-0.628930,1
5.324000,0.263845,0.036816,0.534264,0.346495,-0.690300,1
5.325000,0.263845,0.036816,0.534264,0.346495,-0.690311,1
5.326000,0.266913,0.039884,0.534264,0.346495,-0.745547,1
5.327000,0.266913,0.039884,0.534264,0.346495,-0.745558,1
5.328000,0.269981,0.039884,0.534264,0.346495,-0.739435,1
5.329000,0.269981,0.039884,0.534264,0.346495,-0.739446,1
5.330000,0.273049,0.039884,0.534264,0.346495,-0.733323,1
5.331000,0.273049,0.039884,0.534264,0.346495,-0.733335,1
5.332000,0.273049,0.042951,0.534264,0.346495,-0.794707,1
5.333000,0.276117,0.042951,1.334714,0.346495,0.611866,1
5.334000,0.276117,0.042951,1.334714,0.346495,0.611854,1
5.335000,0.276117,0.042951,1.334714,0.346495,0.611841,1
5.336000,0.276117,0.042951,1.334714,0.346495,0.611828,1
5.337000,0.276117,0.042951,1.334714,0.346495,0.611815,1
5.338000,0.279185,0.046019,1.334714,0.848073,-1.046579,1
5.339000,0.282252,0.046019,1.334714,0.848073,-1.040457,1
5.340000,0.282252,0.049087,1.334714,0.848073,-1.101831,1
5.341000,0.282252,0.049087,1.334714,0.848073,-1.101846,1
5.342000,0.285320,0.049087,1.299068,0.848073,-1.131371,1
5.343000,0.285320,0.049087,1.174097,0.848073,-1.256356,1
5.344000,0.285320,0.049087,1.072770,0.848073,-1.357699,1
5.345000,0.285320,0.052155,0.985670,0.848073,-1.506174,1
5.346000,0.288388,0.052155,1.107435,0.848073,-1.378288,1
5.347000,0.288388,0.052155,1.107435,0.848073,-1.378303,1
5.348000,0.288388,0.052155,1.107435,0.848073,-1.378319,1
5.349000,0.288388,0.052155,1.107435,0.848073,-1.378335,1
5.350000,0.288388,0.052155,1.107435,0.848073,-1.378350,1
5.351000,0.288388,0.052155,1.107435,0.826418,-1.335055,1
5.352000,0.288388,0.052155,1.107435,0.774291,-1.230817,1
5.353000,0.291456,0.052155,1.107435,0.728591,-1.133297,1
5.354000,0.291456,0.052155,1.107435,0.687645,-1.051420,1
5.355000,0.291456,0.052155,1.107435,0.651357,-0.978861,1
5.356000,0.291456,0.052155,1.107435,0.618275,-0.912711,1
5.357000,0.291456,0.052155,1.076686,0.588536,-0.883999,1
5.358000,0.291456,0.052155,0.989952,0.561638,-0.916953,1
5.359000,0.291456,0.052155,0.989952,0.561638,-0.916969,1
5.360000,0.291456,0.052155,0.915964,0.537028,-0.941751,1
5.361000,0.291456,0.052155,0.797091,0.493847,-0.974279,1
5.362000,0.291456,0.052155,0.748416,0.474719,-0.984712,1
5.363000,0.291456,0.052155,0.705718,0.457174,-0.992336,1
5.364000,0.291456,0.052155,0.667102,0.440650,-0.997920,1
5.365000,0.291456,0.049087,0.632963,0.426622,-0.942659,1
5.366000,0.291456,0.049087,0.601684,0.426622,-0.973952,1
5.367000,0.291456,0.049087,0.573715,0.426622,-1.001937,1
5.368000,0.291456,0.049087,0.548106,0.426622,-1.027561,1
5.369000,0.291456,0.049087,0.524604,0.426622,-1.051077,1
5.370000,0.291456,0.049087,0.503041,0.426622,-1.072655,1
5.371000,0.291456,0.046019,0.483248,0.426622,-1.031102,1
5.372000,0.291456,0.046019,0.464879,0.426622,-1.049485,1
5.373000,0.291456,0.046019,0.464879,0.426622,-1.049499,1
5.374000,0.291456,0.046019,0.464879,0.426622,-1.049513,1
5.375000,0.291456,0.046019,0.448015,0.426622,-1.066390,1
5.376000,0.291456,0.046019,0.448015,0.426622,-1.066404,1
5.377000,0.291456,0.046019,0.448015,0.426622,-1.066418,1
5.378000,0.291456,0.046019,0.417550,0.426622,-1.096896,1
5.379000,0.291456,0.046019,0.417550,0.426622,-1.096910,1
5.380000,0.291456,0.046019,0.417550,0.426622,-1.096924,1
5.381000,0.291456,0.046019,0.417550,0.426622,-1.096938,1
5.382000,0.291456,0.046019,0.417550,0.426622,-1.096952,1
5.383000,0.291456,0.046019,0.417550,0.426622,-1.096965,1
5.384000,0.288388,0.042951,-0.378787,0.426622,-1.838093,1
5.385000,0.285320,0.036816,-0.319629,-0.743001,1.276883,1
5.386000,0.285320,0.036816,-0.319629,-0.743001,1.276872,1
5.387000,0.285320,0.036816,-0.319629,-0.743001,1.276861,1
5.388000,0.285320,0.036816,-0.319629,-0.743001,1.276850,1
5.389000,0.285320,0.036816,-0.319629,-0.743001,1.276839,1
5.390000,0.285320,0.036816,-0.319629,-0.743001,1.276828,1
5.391000,0.285320,0.036816,-0.319629,-0.743001,1.276817,1
5.392000,0.285320,0.036816,-0.319629,-0.743001,1.276806,1
5.393000,0.285320,0.033748,-0.311511,-0.743001,1.346273,1
5.394000,0.276117,0.021476,-0.272037,-1.281363,2.689495,1
5.395000,0.276117,0.018408,-0.272037,-1.281363,2.750848,1
5.396000,0.273049,0.015340,-0.272037,-1.281363,2.806067,1
5.397000,0.273049,0.015340,-0.272037,-1.281363,2.806062,1
5.398000,0.273049,0.015340,-0.272037,-1.281363,2.806058,1
5.399000,0.273049,0.015340,-0.272037,-1.281363,2.806053,1
5.400000,0.273049,0.015340,-0.272037,-1.281363,2.806049,1
5.401000,0.273049,0.015340,-0.272037,-1.281363,2.806044,1
5.402000,0.273049,0.015340,-0.272037,-1.281363,2.806039,1
5.403000,0.273049,0.012272,-0.272037,-2.271145,4.846958,1
5.404000,0.266913,0.003068,-1.027277,-1.618977,2.959188,1
5.405000,0.266913,0.003068,-1.027277,-1.429369,2.579970,1
5.406000,0.266913,0.003068,-1.027277,-1.280299,2.281830,1
5.407000,0.266913,0.003068,-1.027277,-1.159971,2.041172,1
5.408000,0.266913,0.003068,-1.027277,-1.059067,1.839363,1
5.409000,0.266913,0.003068,-1.027277,-1.059067,1.839362,1
5.410000,0.266913,0.003068,-1.027277,-0.903301,1.527830,1
5.411000,0.266913,0.003068,-1.027277,-0.903301,1.527829,1
5.412000,0.266913,0.003068,-1.027277,-0.903301,1.527828,1
5.413000,0.266913,0.003068,-1.027277,-0.903301,1.527827,1
5.414000,0.266913,0.003068,-1.027277,-0.841646,1.404515,1
5.415000,0.266913,0.003068,-1.027277,-0.841646,1.404515,1
5.416000,0.266913,0.003068,-1.027277,-0.841646,1.404514,1
5.417000,0.269981,0.006136,-1.027277,0.698000,-2.330003,1
5.418000,0.269981,0.006136,-1.027277,0.698000,-2.330005,1
5.419000,0.269981,0.006136,-1.027277,0.698000,-2.330007,1
5.420000,0.269981,0.006136,-1.027277,0.698000,-2.330009,1
5.421000,0.269981,0.006136,-1.027277,0.698000,-2.330011,1
5.422000,0.269981,0.006136,-1.027277,0.698000,-2.330013,1
5.423000,0.273049,0.006136,0.866040,0.596100,0.000000,1
5.424000,0.273049,0.006136,0.866040,0.596100,0.000000,1
5.425000,0.273049,0.006136,0.866040,0.596100,0.000000,1
5.426000,0.276117,0.009204,0.778242,0.545187,0.000000,1
5.427000,0.276117,0.009204,0.778242,0.545187,0.000000,1
5.428000,0.276117,0.009204,0.778242,0.545187,0.000000,1
5.429000,0.276117,0.009204,0.778242,0.545187,0.000000,1
5.430000,0.276117,0.009204,0.778242,0.545187,0.000000,1
5.431000,0.276117,0.009204,0.778242,0.545187,0.000000,1
5.432000,0.279185,0.015340,0.778242,0.545187,0.000000,1
5.433000,0.279185,0.015340,0.778242,0.545187,0.000000,1
5.434000,0.279185,0.015340,0.778242,0.545187,0.000000,1
5.435000,0.285320,0.018408,0.778242,0.545187,0.000000,1
5.436000,0.285320,0.018408,0.778242,0.545187,0.000000,1
5.437000,0.285320,0.018408,0.778242,0.545187,0.000000,1
5.438000,0.285320,0.018408,0.778242,0.545187,0.000000,1
5.439000,0.285320,0.018408,0.778242,0.545187,0.000000,1
5.440000,0.285320,0.018408,0.778242,0.545187,0.000000,1
5.441000,0.285320,0.018408,0.778242,0.545187,0.000000,1
5.442000,0.285320,0.018408,0.778242,0.545187,0.000000,1
5.443000,0.285320,0.018408,0.778242,0.545187,0.000000,1
5.444000,0.291456,0.024544,0.744301,0.664617,-0.816965,1
5.445000,0.294524,0.024544,0.744301,0.664617,-0.810836,1
5.446000,0.294524,0.027612,0.744301,0.664617,-0.872204,1
5.447000,0.294524,0.027612,0.744301,0.664617,-0.872212,1
5.448000,0.294524,0.027612,0.744301,0.664617,-0.872221,1
5.449000,0.294524,0.027612,0.744301,0.664617,-0.872229,1
5.450000,0.294524,0.027612,0.744301,0.664617,-0.872237,1
5.451000,0.297592,0.027612,0.744301,0.664617,-0.866109,1
5.452000,0.297592,0.027612,0.744301,0.664617,-0.866118,1
5.453000,0.297592,0.027612,0.744301,0.664617,-0.866126,1
5.454000,0.297592,0.027612,0.744301,0.664617,-0.866134,1
5.455000,0.297592,0.027612,0.744301,0.664617,-0.866143,1
5.456000,0.297592,0.027612,0.744301,0.664617,-0.866151,1
5.457000,0.300660,0.030680,0.797745,0.664617,-0.867939,1
5.458000,0.300660,0.030680,0.797745,0.625874,-0.790463,1
5.459000,0.300660,0.030680,0.797745,0.595388,-0.729500,1
5.460000,0.300660,0.030680,0.797745,0.595388,-0.729510,1
5.461000,0.300660,0.030680,0.797745,0.567843,-0.674428,1
5.462000,0.300660,0.030680,0.797745,0.567843,-0.674438,1
5.463000,0.300660,0.030680,0.797745,0.567843,-0.674447,1
5.464000,0.303728,0.030680,0.797745,0.519797,-0.572227,1
5.465000,0.303728,0.030680,0.797745,0.519797,-0.572237,1
5.466000,0.303728,0.030680,0.797745,0.519797,-0.572246,1
5.467000,0.303728,0.030680,0.797745,0.461139,-0.454940,1
5.468000,0.303728,0.030680,0.797745,0.461139,-0.454949,1
5.469000,0.303728,0.030680,0.797745,0.461139,-0.454958,1
5.470000,0.303728,0.030680,0.797745,0.414402,0.000000,1
5.471000,0.303728,0.030680,0.797745,0.414402,0.000000,1
5.472000,0.303728,0.030680,0.797745,0.414402,0.000000,1
5.473000,0.303728,0.027612,0.677352,-0.376262,1.760775,1
5.474000,0.303728,0.027612,0.581103,-0.344560,1.601113,1
5.475000,0.303728,0.027612,0.581103,-0.344560,1.601104,1
5.476000,0.303728,0.027612,0.581103,-0.344560,1.601096,1
5.477000,0.303728,0.027612,0.581103,-0.344560,1.601088,1
5.478000,0.303728,0.027612,0.581103,-0.344560,1.601079,1
5.479000,0.303728,0.024544,0.508852,-0.320243,1.541548,1
5.480000,0.303728,0.024544,0.508852,-0.320243,1.541540,1
5.481000,0.303728,0.024544,0.508852,-0.320243,1.541533,1
5.482000,0.303728,0.024544,0.452580,-0.320243,1.485254,1
5.483000,0.303728,0.024544,0.452580,-0.320243,1.485246,1
5.484000,0.303728,0.024544,0.452580,-0.320243,1.485239,1
5.485000,0.303728,0.024544,0.452580,-0.320243,1.485231,1
5.486000,0.303728,0.024544,0.452580,-0.320243,1.485224,1
5.487000,0.303728,0.024544,0.452580,-0.320243,1.485217,1
5.488000,0.303728,0.021476,0.407533,-0.320243,1.501523,1
5.489000,0.303728,0.021476,0.407533,-0.320243,1.501516,1
5.490000,0.303728,0.021476,0.407533,-0.320243,1.501510,1
5.491000,0.303728,0.021476,0.339794,-0.320243,1.433764,1
5.492000,0.306796,0.024544,0.305959,-0.320243,1.344698,1
5.493000,0.306796,0.024544,0.298449,-0.320243,1.337181,1
5.494000,0.309864,0.027612,0.291405,-0.320243,1.274905,1
5.495000,0.309864,0.027612,0.284621,-0.320243,1.268113,1
5.496000,0.309864,0.027612,0.278173,-0.320243,1.261657,1
5.497000,0.312932,0.027612,0.268225,-0.320243,1.257837,1
5.498000,0.312932,0.030680,0.268225,-0.320243,1.196468,1
5.499000,0.312932,0.030680,0.268225,-0.320243,1.196459,1
5.500000,0.316000,0.030680,0.268225,-0.320243,1.202586,1
5.501000,0.316000,0.033748,0.268225,0.498866,-1.097003,1
5.502000,0.316000,0.033748,0.268225,0.498866,-1.097013,1
5.503000,0.319068,0.036816,0.268225,0.498866,-1.152248,1
5.504000,0.322136,0.039884,0.268225,0.498866,-1.207483,1
5.505000,0.322136,0.039884,0.268225,0.498866,-1.207495,1
5.506000,0.322136,0.039884,0.268225,0.498866,-1.207507,1
5.507000,0.322136,0.039884,0.268225,0.498866,-1.207519,1
5.508000,0.322136,0.039884,0.268225,0.498866,-1.207531,1
5.509000,0.322136,0.039884,0.268225,0.498866,-1.207543,1
5.510000,0.322136,0.039884,0.268225,0.498866,-1.207555,1
5.511000,0.322136,0.039884,0.268225,0.498866,-1.207567,1
5.512000,0.325204,0.042951,0.919901,0.498866,-0.611127,1
5.513000,0.328272,0.046019,0.919901,1.149577,-1.967786,1
5.514000,0.328272,0.046019,0.919901,1.149577,-1.967799,1
5.515000,0.328272,0.046019,0.919901,1.149577,-1.967813,1
5.516000,0.328272,0.049087,0.919901,1.149577,-2.029187,1
5.517000,0.331340,0.049087,0.919901,1.149577,-2.023066,1
5.518000,0.331340,0.049087,0.919901,1.149577,-2.023081,1
5.519000,0.331340,0.049087,0.919901,1.149577,-2.023095,1
5.520000,0.331340,0.049087,0.919901,1.149577,-2.023110,1
5.521000,0.331340,0.049087,0.919901,1.149577,-2.023125,1
5.522000,0.331340,0.049087,0.919901,1.149577,-2.023140,1
5.523000,0.331340,0.049087,0.919901,1.149577,-2.023154,1
5.524000,0.331340,0.049087,0.919901,1.149577,-2.023169,1
5.525000,0.331340,0.049087,0.644896,0.766304,-1.531642,1
5.526000,0.331340,0.049087,0.612579,0.721099,-1.473565,1
5.527000,0.331340,0.049087,0.612579,0.721099,-1.473580,1
5.528000,0.331340,0.049087,0.612579,0.721099,-1.473594,1
5.529000,0.328272,0.046019,0.863886,-0.645648,2.166416,1
5.530000,0.328272,0.039884,0.863886,-0.510896,2.019620,1
5.531000,0.328272,0.039884,0.863886,-0.510896,2.019608,1
5.532000,0.328272,0.039884,0.863886,-0.510896,2.019596,1
5.533000,0.328272,0.039884,0.863886,-0.510896,2.019584,1
5.534000,0.328272,0.039884,0.863886,-0.510896,2.019572,1
5.535000,0.328272,0.039884,0.863886,-0.510896,2.019560,1
5.536000,0.325204,0.039884,0.863886,-0.438027,1.867674,1
5.537000,0.325204,0.036816,0.863886,-0.406430,1.865827,1
5.538000,0.325204,0.036816,0.863886,-0.406430,1.865816,1
5.539000,0.325204,0.036816,0.863886,-0.406430,1.865805,1
5.540000,0.325204,0.036816,0.863886,-0.406430,1.865794,1
5.541000,0.325204,0.036816,0.863886,-0.406430,1.865783,1
5.542000,0.325204,0.036816,0.863886,-0.406430,1.865772,1
5.543000,0.325204,0.036816,0.863886,-0.406430,1.865761,1
5.544000,0.325204,0.036816,-0.847925,-0.406430,0.000000,1
5.545000,0.328272,0.036816,0.793153,-0.406430,1.801142,1
5.546000,0.328272,0.039884,0.745143,-0.406430,1.691760,1
5.547000,0.328272,0.039884,0.702248,-0.406430,1.648853,1
5.548000,0.328272,0.039884,0.664222,-0.406430,1.610816,1
5.549000,0.328272,0.039884,0.630212,-0.406430,1.576794,1
5.550000,0.328272,0.039884,0.599424,-0.406430,1.545994,1
5.551000,0.328272,0.039884,0.571739,-0.406430,1.518297,1
5.552000,0.331340,0.042951,0.546124,-0.406430,1.437445,1
5.553000,0.331340,0.042951,0.522774,-0.406430,1.414083,1
5.554000,0.331340,0.042951,0.501401,-0.406430,1.392697,1
5.555000,0.331340,0.042951,0.501401,-0.406430,1.392684,1
5.556000,0.331340,0.042951,0.501401,-0.406430,1.392671,1
5.557000,0.331340,0.042951,0.501401,-0.406430,1.392658,1
5.558000,0.331340,0.042951,0.501401,-0.406430,1.392645,1
5.559000,0.331340,0.042951,0.501401,-0.406430,1.392632,1
5.560000,0.334408,0.046019,0.463535,0.876149,-1.865628,1
5.561000,0.334408,0.046019,0.463535,0.876149,-1.865642,1
5.562000,0.334408,0.046019,0.463535,0.876149,-1.865656,1
5.563000,0.334408,0.046019,0.463535,0.876149,-1.865670,1
5.564000,0.334408,0.046019,0.463535,0.876149,-1.865684,1
5.565000,0.334408,0.046019,0.463535,0.876149,-1.865697,1
5.566000,0.337476,0.049087,0.353410,0.876149,-2.031061,1
5.567000,0.337476,0.049087,0.353410,0.876149,-2.031075,1
5.568000,0.337476,0.049087,0.353410,0.876149,-2.031090,1
5.569000,0.346680,0.058291,0.353410,1.249875,-2.944229,1
5.570000,0.346680,0.058291,0.353410,1.249875,-2.944246,1
5.571000,0.349748,0.064427,0.999032,1.249875,-2.415226,1
5.572000,0.349748,0.064427,0.999032,1.249875,-2.415246,1
5.573000,0.349748,0.064427,0.999032,1.249875,-2.415265,1
5.574000,0.352816,0.070563,0.999032,2.155876,-4.343871,1
5.575000,0.352816,0.070563,0.999032,2.155876,-4.343892,1
5.576000,0.352816,0.070563,0.999032,2.155876,-4.343913,1
5.577000,0.352816,0.070563,0.999032,2.155876,-4.343935,1
5.578000,0.352816,0.070563,0.999032,2.155876,-4.343956,1
5.579000,0.352816,0.070563,0.999032,2.155876,-4.343977,1
5.580000,0.352816,0.070563,0.999032,2.155876,-4.343998,1
5.581000,0.352816,0.070563,0.999032,2.155876,-4.344019,1
5.582000,0.352816,0.070563,0.999032,2.155876,-4.344040,1
5.583000,0.352816,0.073631,0.999032,2.155876,-4.405422,1
5.584000,0.355884,0.076699,0.844348,0.997407,-2.298414,1
5.585000,0.355884,0.076699,0.844348,0.997407,-2.298437,1
5.586000,0.355884,0.076699,0.844348,0.997407,-2.298460,1
5.587000,0.355884,0.076699,0.790008,0.921817,-2.201643,1
5.588000,0.355884,0.076699,0.790008,0.921817,-2.201666,1
5.589000,0.355884,0.076699,0.790008,0.921817,-2.201689,1
5.590000,0.355884,0.076699,0.790008,0.921817,-2.201712,1
5.591000,0.355884,0.076699,0.790008,0.921817,-2.201735,1
5.592000,0.355884,0.076699,0.790008,0.921817,-2.201758,1
5.593000,0.355884,0.076699,0.790008,0.921817,-2.201781,1
5.594000,0.355884,0.076699,0.790008,0.921817,-2.201804,1
5.595000,0.355884,0.076699,0.790008,0.921817,-2.201827,1
5.596000,0.355884,0.076699,0.661916,0.752434,-1.991176,1
5.597000,0.355884,0.076699,0.661916,0.752434,-1.991199,1
5.598000,0.355884,0.076699,0.661916,0.752434,-1.991222,1
5.599000,0.343612,0.067495,1.111950,0.645566,-1.167938,1
5.600000,0.343612,0.067495,1.111950,0.645566,-1.167958,1
5.601000,0.343612,0.067495,1.111950,0.645566,-1.167979,1
5.602000,0.337476,0.064427,-0.656325,0.645566,-2.887185,1
5.603000,0.337476,0.064427,-0.656325,0.645566,-2.887204,1
5.604000,0.337476,0.064427,-0.656325,0.645566,-2.887223,1
5.605000,0.337476,0.064427,-0.656325,0.645566,-2.887243,1
5.606000,0.337476,0.064427,-0.656325,0.645566,-2.887262,1
5.607000,0.337476,0.064427,-0.656325,0.645566,-2.887281,1
5.608000,0.334408,0.058291,-0.656325,-1.248801,1.618017,1
5.609000,0.319068,0.046019,-1.660876,-1.876441,2.083489,1
5.610000,0.319068,0.046019,-1.660876,-1.876441,2.083475,1
5.611000,0.319068,0.046019,-1.660876,-1.876441,2.083461,1
5.612000,0.319068,0.046019,-1.660876,-1.876441,2.083448,1
5.613000,0.319068,0.046019,-1.660876,-1.876441,2.083434,1
5.614000,0.319068,0.046019,-1.660876,-1.876441,2.083420,1
5.615000,0.319068,0.046019,-1.660876,-1.876441,2.083406,1
5.616000,0.319068,0.046019,-1.660876,-1.876441,2.083392,1
5.617000,0.319068,0.046019,-1.660876,-1.876441,2.083379,1
5.618000,0.319068,0.046019,-1.660876,-1.876441,2.083365,1
5.619000,0.319068,0.046019,-1.660876,-1.876441,2.083351,1
5.620000,0.312932,0.039884,-2.074738,-1.876441,1.779924,1
5.621000,0.312932,0.039884,-2.074738,-1.876441,1.779912,1
5.622000,0.312932,0.039884,-2.074738,-1.876441,1.779900,1
5.623000,0.294524,0.018408,-2.241598,-2.709665,3.672181,1
5.624000,0.294524,0.018408,-2.241598,-2.709665,3.672176,1
5.625000,0.294524,0.018408,-2.241598,-2.709665,3.672170,1
5.626000,0.294524,0.018408,-2.241598,-2.709665,3.672165,1
5.627000,0.294524,0.018408,-2.241598,-2.709665,3.672159,1
5.628000,0.294524,0.018408,-2.241598,-2.709665,3.672154,1
5.629000,0.294524,0.018408,-2.241598,-2.709665,3.672148,1
5.630000,0.294524,0.018408,-2.241598,-2.709665,3.672143,1
5.631000,0.294524,0.018408,-2.241598,-2.709665,3.672137,1
5.632000,0.288388,0.012272,-2.256292,-1.892076,2.132708,1
5.633000,0.288388,0.012272,-2.256292,-1.892076,2.132704,1
5.634000,0.288388,0.012272,-2.256292,-1.892076,2.132701,1
5.635000,0.288388,0.012272,-2.256292,-1.892076,2.132697,1
5.636000,0.288388,0.012272,-2.256292,-1.892076,2.132693,1
5.637000,0.288388,0.012272,-2.256292,-1.892076,2.132690,1
5.638000,0.276117,0.003068,-1.916391,-1.220796,1.289564,1
5.639000,0.276117,0.003068,-1.916391,-1.220796,1.289563,1
5.640000,0.276117,0.003068,-1.916391,-1.220796,1.289562,1
5.641000,0.273049,0.000000,-1.186805,-1.129793,1.892366,1
5.642000,0.273049,0.000000,-1.186805,-1.129793,1.892366,1
5.643000,0.273049,0.000000,-1.186805,-1.129793,1.892366,1
5.644000,0.269981,0.000000,-0.920073,-1.129793,2.152962,1
5.645000,0.269981,0.000000,-0.920073,-1.129793,2.152962,1
5.646000,0.269981,0.000000,-0.920073,-1.129793,2.152962,1
5.647000,0.269981,0.000000,-0.920073,-1.129793,2.152962,1
5.648000,0.269981,0.000000,-0.920073,-1.129793,2.152962,1
5.649000,0.269981,0.000000,-0.920073,-1.129793,2.152962,1
5.650000,0.273049,0.003068,0.750899,1.097271,-1.285418,1
5.651000,0.273049,0.006136,0.575043,0.758371,-0.844835,1
5.652000,0.276117,0.009204,1.287622,0.692723,0.543813,1
5.653000,0.279185,0.018408,1.287622,0.692723,0.000000,1
5.654000,0.279185,0.018408,1.287622,0.692723,0.000000,1
5.655000,0.279185,0.018408,1.287622,0.692723,0.000000,1
5.656000,0.279185,0.018408,1.287622,0.692723,0.000000,1
5.657000,0.279185,0.018408,1.287622,0.692723,0.000000,1
5.658000,0.279185,0.018408,1.287622,0.692723,0.000000,1
5.659000,0.279185,0.021476,1.287622,1.503765,-1.917610,1
5.660000,0.279185,0.021476,1.287622,1.503765,-1.917616,1
5.661000,0.279185,0.021476,1.287622,1.503765,-1.917623,1
5.662000,0.279185,0.021476,1.287622,1.503765,-1.917629,1
5.663000,0.279185,0.021476,1.287622,1.503765,-1.917636,1
5.664000,0.279185,0.021476,1.287622,1.503765,-1.917642,1
5.665000,0.279185,0.021476,1.287622,1.503765,-1.917649,1
5.666000,0.282252,0.021476,1.285446,1.503765,-1.913696,1
5.667000,0.285320,0.030680,0.741608,1.476421,-2.580798,1
5.668000,0.285320,0.030680,0.741608,1.476421,-2.580807,1
5.669000,0.285320,0.030680,0.741608,1.476421,-2.580816,1
5.670000,0.285320,0.030680,0.741608,1.476421,-2.580825,1
5.671000,0.285320,0.033748,0.597386,1.155330,-2.144234,1
5.672000,0.285320,0.033748,0.597386,1.155330,-2.144244,1
5.673000,0.285320,0.036816,0.569510,1.155330,-2.233491,1
5.674000,0.285320,0.036816,0.521224,1.155330,-2.281787,1
5.675000,0.285320,0.036816,0.500042,1.155330,-2.302981,1
5.676000,0.285320,0.036816,0.480420,1.155330,-2.322613,1
5.677000,0.282252,0.036816,-0.415397,1.148168,-3.210255,1
5.678000,0.282252,0.036816,-0.415397,1.148168,-3.210266,1
5.679000,0.282252,0.036816,-0.415397,1.148168,-3.210277,1
5.680000,0.282252,0.036816,-0.415397,1.148168,-3.210288,1
5.681000,0.282252,0.036816,-0.401822,1.050110,-3.000607,1
5.682000,0.279185,0.033748,-0.467932,-0.967148,1.623012,1
5.683000,0.279185,0.033748,-0.467932,-0.896340,1.481386,1
5.684000,0.279185,0.033748,-0.467932,-0.835650,1.359995,1
5.685000,0.279185,0.030680,-0.467932,-0.782416,1.314877,1
5.686000,0.276117,0.027612,-0.467932,-0.735355,1.275970,1
5.687000,0.276117,0.027612,-0.467932,-0.693653,1.192559,1
5.688000,0.276117,0.030680,-0.467932,0.656550,-2.169216,1
5.689000,0.276117,0.030680,-0.467932,0.623446,-2.103018,1
5.690000,0.273049,0.030680,-0.467932,0.593016,-2.048303,1
5.691000,0.269981,0.027612,-0.467932,-0.497123,0.787191,1
5.692000,0.269981,0.027612,-0.467932,-0.497123,0.787183,1
5.693000,0.269981,0.027612,-0.467932,-0.497123,0.787174,1
5.694000,0.269981,0.027612,-0.467932,-0.497123,0.787166,1
5.695000,0.269981,0.027612,-0.467932,-0.477713,0.748337,1
5.696000,0.263845,0.021476,-0.410669,-0.469613,0.899841,1
5.697000,0.260777,0.018408,-0.410669,-0.469613,0.955059,1
5.698000,0.260777,0.018408,-0.410669,-0.469613,0.955054,1
5.699000,0.257709,0.015340,-0.410669,-0.469613,1.010272,1
5.700000,0.254641,0.015340,-0.992418,-0.469613,0.000000,1
5.701000,0.251573,0.015340,-0.992418,-0.469613,0.000000,1
5.702000,0.251573,0.015340,-0.992418,-0.469613,0.000000,1
5.703000,0.248505,0.015340,-0.992418,-0.469613,0.000000,1
5.704000,0.248505,0.015340,-0.992418,-0.469613,0.000000,1
5.705000,0.245437,0.015340,-0.729241,-0.401608,0.531118,1
5.706000,0.245437,0.015340,-0.729241,-0.401608,0.531114,1
5.707000,0.245437,0.015340,-0.688429,-0.388797,0.546300,1
5.708000,0.245437,0.015340,-0.618843,-0.365681,0.569649,1
5.709000,0.239301,0.015340,-0.696205,-0.288367,0.000000,1
5.710000,0.239301,0.015340,-0.696205,-0.269385,0.000000,1
5.711000,0.236233,0.015340,-0.696205,-0.252717,0.000000,1
5.712000,0.236233,0.018408,-0.684562,0.238004,-1.383227,1
5.713000,0.236233,0.018408,-0.684562,0.238004,-1.383233,1
5.714000,0.236233,0.018408,-0.648693,0.233515,-1.338392,1
5.715000,0.233165,0.018408,-0.492446,0.209578,-1.140410,1
5.716000,0.230097,0.018408,-0.515656,0.199349,-1.149305,1
5.717000,0.230097,0.018408,-0.515656,0.199349,-1.149310,1
5.718000,0.230097,0.018408,-0.515656,0.199349,-1.149316,1
5.719000,0.230097,0.018408,-0.515656,0.199349,-1.149321,1
5.720000,0.230097,0.018408,-0.515656,0.199349,-1.149327,1
5.721000,0.230097,0.018408,-0.515656,0.199349,-1.149333,1
5.722000,0.230097,0.018408,-0.515656,0.199349,-1.149338,1
5.723000,0.230097,0.018408,-0.515656,0.199349,-1.149344,1
5.724000,0.230097,0.018408,-0.515656,0.199349,-1.149349,1
5.725000,0.230097,0.018408,-0.515656,0.199349,-1.149355,1
5.726000,0.230097,0.018408,-0.515656,0.199349,-1.149360,1
5.727000,0.230097,0.018408,-0.515656,0.199349,-1.149366,1
5.728000,0.230097,0.018408,-0.515656,0.199349,-1.149371,1
5.729000,0.230097,0.018408,-0.515656,0.199349,-1.149377,1
5.730000,0.230097,0.018408,-0.515656,0.199349,-1.149382,1
5.731000,0.230097,0.018408,-0.515656,0.199349,-1.149388,1
5.732000,0.230097,0.018408,-0.515656,0.199349,-1.149393,1
5.733000,0.230097,0.018408,-0.515656,0.199349,-1.149399,1
5.734000,0.230097,0.018408,-0.515656,0.199349,-1.149404,1
5.735000,0.230097,0.018408,-0.515656,0.199349,-1.149410,1
5.736000,0.230097,0.018408,-0.515656,0.199349,-1.149415,1
5.737000,0.230097,0.018408,-0.515656,0.199349,-1.149421,1
5.738000,0.230097,0.018408,-0.515656,0.199349,-1.149426,1
5.739000,0.230097,0.018408,-0.515656,0.199349,-1.149432,1
5.740000,0.230097,0.018408,-0.515656,0.199349,-1.149437,1
5.741000,0.230097,0.018408,-0.515656,0.199349,-1.149443,1
5.742000,0.230097,0.018408,-0.515656,0.199349,-1.149448,1
5.743000,0.230097,0.018408,-0.515656,0.199349,-1.149454,1
5.744000,0.230097,0.018408,-0.515656,0.199349,-1.149460,1
5.745000,0.230097,0.018408,-0.515656,0.199349,-1.149465,1
5.746000,0.230097,0.018408,-0.515656,0.199349,-1.149471,1
5.747000,0.230097,0.018408,-0.515656,0.199349,-1.149476,1
5.748000,0.230097,0.018408,-0.515656,0.199349,-1.149482,1
5.749000,0.230097,0.018408,-0.515656,0.199349,-1.149487,1
5.750000,0.230097,0.018408,-0.515656,0.199349,-1.149493,1
5.751000,0.230097,0.018408,-0.515656,0.199349,-1.149498,1
5.752000,0.230097,0.018408,-0.515656,0.199349,-1.149504,1
5.753000,0.230097,0.018408,-0.515656,0.199349,-1.149509,1
5.754000,0.230097,0.018408,-0.515656,0.199349,-1.149515,1
5.755000,0.230097,0.018408,-0.515656,0.199349,-1.149520,1
5.756000,0.230097,0.018408,-0.515656,0.199349,-1.149526,1
5.757000,0.230097,0.018408,-0.515656,0.199349,-1.149531,1
5.758000,0.230097,0.018408,-0.515656,0.196177,-1.143193,1
5.759000,0.227029,0.018408,-0.515656,0.193065,-1.143110,1
5.760000,0.227029,0.018408,-0.515656,0.190090,-1.137165,1
5.761000,0.227029,0.018408,-0.515656,0.187187,-1.131365,1
5.762000,0.227029,0.018408,-0.515656,0.187187,-1.131371,1
5.763000,0.223961,0.015340,-0.515656,-0.181657,0.000000,1
5.764000,0.223961,0.015340,-0.515656,-0.181657,0.000000,1
5.765000,0.223961,0.015340,-0.515656,-0.181657,0.000000,1
5.766000,0.223961,0.015340,-0.515656,-0.181657,0.000000,1
5.767000,0.223961,0.015340,-0.515656,-0.178998,0.000000,1
5.768000,0.223961,0.015340,-0.515656,-0.178998,0.000000,1
5.769000,0.223961,0.015340,-0.515656,-0.178998,0.000000,1
5.770000,0.220893,0.012272,-0.515656,-0.172200,0.000000,1
5.771000,0.220893,0.012272,-0.515656,-0.172200,0.000000,1
5.772000,0.220893,0.012272,-0.515656,-0.172200,0.000000,1
5.773000,0.220893,0.012272,-0.515656,-0.172200,0.000000,1
5.774000,0.217825,0.012272,-0.628101,-0.172200,0.000000,1
5.775000,0.217825,0.012272,-0.628101,-0.172200,0.000000,1
5.776000,0.217825,0.012272,-0.628101,-0.172200,0.000000,1
5.777000,0.217825,0.012272,-0.628101,-0.172200,0.000000,1
5.778000,0.217825,0.012272,-0.628101,-0.172200,0.000000,1
5.779000,0.217825,0.012272,-0.628101,-0.172200,0.000000,1
5.780000,0.214757,0.009204,-0.628101,-0.172200,0.000000,1
5.781000,0.214757,0.009204,-0.628101,-0.172200,0.000000,1
5.782000,0.214757,0.009204,-0.628101,-0.172200,0.000000,1
5.783000,0.208621,0.006136,-0.628101,-0.172200,0.000000,1
5.784000,0.208621,0.006136,-0.628101,-0.172200,0.000000,1
5.785000,0.205553,0.006136,-0.921799,-0.172200,-0.616337,1
5.786000,0.205553,0.006136,-0.921799,-0.172200,-0.616338,1
5.787000,0.205553,0.006136,-0.921799,-0.172200,-0.616340,1
5.788000,0.205553,0.006136,-0.921799,-0.172200,-0.616342,1
5.789000,0.205553,0.006136,-0.921799,-0.172200,-0.616344,1
5.790000,0.205553,0.006136,-0.921799,-0.172200,-0.616346,1
5.791000,0.205553,0.006136,-0.921799,-0.172200,-0.616348,1
5.792000,0.202485,0.003068,-0.921799,-0.172200,-0.561125,1
5.793000,0.202485,0.003068,-0.921799,-0.172200,-0.561126,1
5.794000,0.202485,0.003068,-0.921799,-0.172200,-0.561127,1
5.795000,0.199418,0.000000,-0.921799,-0.513955,0.777606,1
5.796000,0.199418,0.000000,-0.921799,-0.513955,0.777606,1
5.797000,0.199418,0.000000,-0.921799,-0.513955,0.777606,1
5.798000,0.199418,0.000000,-0.921799,-0.513955,0.777606,1
5.799000,0.199418,0.000000,-0.921799,-0.513955,0.777606,1
5.800000,0.196350,0.000000,-0.921799,-0.513955,0.771470,1
5.801000,0.196350,0.000000,-0.921799,-0.513955,0.771470,1
5.802000,0.196350,0.000000,-0.921799,-0.513955,0.771470,1
5.803000,0.196350,0.000000,-0.921799,-0.513955,0.771470,1
5.804000,0.190214,-0.003068,-0.905305,-0.513955,0.837052,1
5.805000,0.190214,-0.003068,-0.905305,-0.513955,0.837053,1
5.806000,0.190214,-0.003068,-0.905305,-0.513955,0.837054,1
5.807000,0.187146,-0.006136,-0.905305,-0.513955,0.892279,1
5.808000,0.184078,-0.009204,-0.905305,-0.513955,0.947506,1
5.809000,0.181010,-0.009204,-0.959523,-0.513955,0.887154,1
5.810000,0.181010,-0.009204,-0.959523,-0.513955,0.887157,1
5.811000,0.181010,-0.009204,-0.959523,-0.513955,0.887160,1
5.812000,0.181010,-0.009204,-0.959523,-0.513955,0.887162,1
5.813000,0.181010,-0.009204,-0.959523,-0.513955,0.887165,1
5.814000,0.181010,-0.009204,-0.959523,-0.513955,0.887168,1
5.815000,0.181010,-0.009204,-0.959523,-0.513955,0.887171,1
5.816000,0.181010,-0.009204,-0.959523,-0.513955,0.887173,1
5.817000,0.181010,-0.009204,-0.959523,-0.513955,0.887176,1
5.818000,0.181010,-0.009204,-0.959523,-0.513955,0.887179,1
5.819000,0.181010,-0.009204,-0.959523,-0.513955,0.887182,1
5.820000,0.174874,-0.012272,-0.959523,-0.523508,0.955378,1
5.821000,0.174874,-0.012272,-0.959523,-0.523508,0.955382,1
5.822000,0.174874,-0.012272,-0.959523,-0.523508,0.955385,1
5.823000,0.174874,-0.012272,-0.959523,-0.523508,0.955389,1
5.824000,0.174874,-0.012272,-0.959523,-0.523508,0.955393,1
5.825000,0.174874,-0.012272,-0.959523,-0.523508,0.955396,1
5.826000,0.174874,-0.012272,-0.959523,-0.523508,0.955400,1
5.827000,0.174874,-0.012272,-0.959523,-0.523508,0.955404,1
5.828000,0.174874,-0.012272,-0.959523,-0.523508,0.955407,1
5.829000,0.171806,-0.012272,-0.700673,-0.523508,1.208125,1
5.830000,0.171806,-0.012272,-0.700673,-0.523508,1.208128,1
5.831000,0.171806,-0.012272,-0.598118,-0.523508,1.310688,1
5.832000,0.171806,-0.012272,-0.598118,-0.523508,1.310692,1
5.833000,0.171806,-0.009204,-0.500744,-0.523508,1.346709,1
5.834000,0.171806,-0.009204,-0.481010,-0.523508,1.366445,1
5.835000,0.171806,-0.009204,-0.481010,-0.523508,1.366448,1
5.836000,0.171806,-0.009204,-0.481010,-0.523508,1.366451,1
5.837000,0.171806,-0.009204,-0.462827,-0.523508,1.384637,1
5.838000,0.171806,-0.009204,-0.462827,-0.523508,1.384640,1
5.839000,0.171806,-0.009204,-0.430342,-0.523508,1.417128,1
5.840000,0.171806,-0.009204,-0.430342,-0.523508,1.417131,1
5.841000,0.171806,-0.006136,-0.402187,0.491418,-1.245924,1
5.842000,0.171806,-0.006136,-0.402187,0.491418,-1.245922,1
5.843000,0.171806,-0.006136,-0.402187,0.491418,-1.245920,1
5.844000,0.171806,-0.006136,-0.402187,0.491418,-1.245918,1
5.845000,0.171806,-0.006136,-0.377454,0.454989,-1.148324,1
5.846000,0.174874,-0.003068,0.336105,0.442042,-0.464093,1
5.847000,0.174874,0.000000,0.327136,0.442042,-0.534422,1
5.848000,0.174874,0.000000,0.327136,0.442042,-0.534422,1
5.849000,0.174874,0.000000,0.318597,0.442042,-0.542962,1
5.850000,0.174874,0.000000,0.318597,0.442042,-0.542962,1
5.851000,0.174874,0.000000,0.318597,0.442042,-0.542962,1
5.852000,0.174874,0.003068,0.302873,0.442042,-0.620046,1
5.853000,0.174874,0.003068,0.302873,0.442042,-0.620047,1
5.854000,0.174874,0.003068,0.302873,0.442042,-0.620048,1
5.855000,0.177942,0.006136,0.834023,0.442042,0.455877,1
5.856000,0.177942,0.009204,0.834023,0.977273,-1.275947,1
5.857000,0.181010,0.009204,0.834023,0.977273,-1.269814,1
5.858000,0.181010,0.012272,0.834023,0.977273,-1.331177,1
5.859000,0.181010,0.012272,0.834023,0.977273,-1.331180,1
5.860000,0.181010,0.012272,0.834023,0.977273,-1.331184,1
5.861000,0.181010,0.012272,0.834023,0.977273,-1.331188,1
5.862000,0.181010,0.012272,0.834023,0.977273,-1.331191,1
5.863000,0.181010,0.015340,0.834023,0.977273,-1.392555,1
5.864000,0.181010,0.015340,0.834023,0.977273,-1.392560,1
5.865000,0.181010,0.015340,0.796507,0.977273,-1.430080,1
5.866000,0.181010,0.015340,0.747572,0.977273,-1.479020,1
5.867000,0.181010,0.015340,0.704827,0.970330,-1.507884,1
5.868000,0.181010,0.015340,0.666269,0.898727,-1.403240,1
5.869000,0.181010,0.015340,0.632215,0.837850,-1.315545,1
5.870000,0.181010,0.015340,0.601058,0.783992,-1.238990,1
5.871000,0.181010,0.015340,0.572952,0.736846,-1.172809,1
5.872000,0.181010,0.015340,0.547597,0.695434,-1.115345,1
5.873000,0.181010,0.015340,0.524175,0.658089,-1.064081,1
5.874000,0.177942,0.015340,-0.502629,0.624482,-2.029811,1
5.875000,0.177942,0.015340,-0.483042,0.594121,-1.949507,1
5.876000,0.177942,0.015340,-0.464524,0.566723,-1.876199,1
5.877000,0.177942,0.015340,-0.447594,0.541725,-1.809277,1
5.878000,0.177942,0.015340,-0.431918,0.518929,-1.748014,1
5.879000,0.177942,0.015340,-0.417234,0.497877,-1.691230,1
5.880000,0.171806,0.012272,-0.356594,0.461512,-1.508776,1
5.881000,0.168738,0.012272,-0.198306,0.461512,-1.356628,1
5.882000,0.168738,0.012272,-0.198306,0.461512,-1.356632,1
5.883000,0.168738,0.012272,-0.198306,0.461512,-1.356635,1
5.884000,0.168738,0.012272,-0.198306,0.461512,-1.356639,1
5.885000,0.168738,0.012272,-0.198306,0.461512,-1.356643,1
5.886000,0.168738,0.012272,-0.198306,0.461512,-1.356646,1
5.887000,0.168738,0.012272,-0.198306,0.461512,-1.356650,1
5.888000,0.168738,0.012272,-0.198306,0.461512,-1.356654,1
5.889000,0.165670,0.006136,-0.198306,0.461512,-1.240073,1
5.890000,0.165670,0.006136,-0.198306,0.461512,-1.240075,1
5.891000,0.165670,0.006136,-0.198306,0.461512,-1.240077,1
5.892000,0.159534,0.003068,-0.198306,0.461512,-1.190990,1
5.893000,0.159534,0.003068,-0.198306,0.461512,-1.190991,1
5.894000,0.156466,0.000000,-1.145434,-0.997285,1.434699,1
5.895000,0.156466,0.000000,-1.145434,-0.997285,1.434699,1
5.896000,0.153398,-0.003068,-1.145434,-0.997285,1.489923,1
5.897000,0.153398,-0.006136,-1.145434,-0.997285,1.551285,1
5.898000,0.150330,-0.006136,-1.145434,-0.997285,1.545150,1
5.899000,0.150330,-0.009204,-1.145434,-0.997285,1.606512,1
5.900000,0.150330,-0.009204,-1.145434,-0.997285,1.606515,1
5.901000,0.150330,-0.009204,-1.145434,-0.997285,1.606518,1
5.902000,0.147262,-0.009204,-1.145434,-0.997285,1.600385,1
5.903000,0.147262,-0.009204,-1.145434,-0.997285,1.600388,1
5.904000,0.147262,-0.009204,-1.145434,-0.997285,1.600390,1
5.905000,0.147262,-0.009204,-1.145434,-0.997285,1.600393,1
5.906000,0.147262,-0.012272,-1.145434,-1.555225,2.777635,1
5.907000,0.141126,-0.015340,-1.535604,-1.555225,2.436556,1
5.908000,0.141126,-0.015340,-1.535604,-1.555225,2.436561,1
5.909000,0.138058,-0.018408,-1.535604,-1.555225,2.491790,1
5.910000,0.138058,-0.018408,-1.535604,-1.384067,2.149479,1
5.911000,0.138058,-0.018408,-1.392908,-1.243245,2.010538,1
5.912000,0.138058,-0.018408,-1.251919,-1.129691,1.924424,1
5.913000,0.138058,-0.018408,-1.135241,-1.033812,1.849349,1
5.914000,0.138058,-0.018408,-1.039787,-0.954054,1.785292,1
5.915000,0.138058,-0.018408,-0.958425,-0.885110,1.728774,1
5.916000,0.138058,-0.018408,-0.888555,-0.825187,1.678802,1
5.917000,0.138058,-0.018408,-0.828990,-0.773568,1.635135,1
5.918000,0.138058,-0.018408,-0.776236,-0.727435,1.595629,1
5.919000,0.138058,-0.018408,-0.776236,-0.727435,1.595635,1
5.920000,0.138058,-0.018408,-0.776236,-0.727435,1.595641,1
5.921000,0.138058,-0.018408,-0.776236,-0.727435,1.595646,1
5.922000,0.138058,-0.018408,-0.776236,-0.727435,1.595652,1
5.923000,0.138058,-0.018408,-0.729960,-0.686642,1.560346,1
5.924000,0.138058,-0.018408,-0.729960,-0.686642,1.560352,1
5.925000,0.138058,-0.015340,-0.590021,-0.626046,1.517744,1
5.926000,0.138058,-0.015340,-0.590021,-0.626046,1.517749,1
5.927000,0.138058,-0.015340,-0.538091,-0.626046,1.569683,1
5.928000,0.141126,-0.012272,-1.102271,-0.626046,0.950283,1
5.929000,0.141126,-0.012272,-1.102271,-0.626046,0.950287,1
5.930000,0.141126,-0.009204,-1.102271,-0.626046,0.888930,1
5.931000,0.141126,-0.009204,-1.102271,-0.626046,0.888933,1
5.932000,0.144194,-0.006136,-1.102271,-0.626046,0.833711,1
5.933000,0.147262,-0.003068,-1.102271,0.889883,-2.853369,1
5.934000,0.147262,-0.003068,-1.102271,0.889883,-2.853368,1
5.935000,0.147262,-0.003068,-1.102271,0.889883,-2.853367,1
5.936000,0.147262,-0.003068,-1.102271,0.889883,-2.853366,1
5.937000,0.147262,-0.003068,-1.102271,0.889883,-2.853365,1
5.938000,0.147262,0.000000,1.069622,0.889883,-0.742831,1
5.939000,0.147262,0.003068,0.984135,0.889883,-0.889679,1
5.940000,0.150330,0.003068,0.910888,0.889883,-0.956791,1
5.941000,0.150330,0.003068,0.847580,0.889883,-1.020099,1
5.942000,0.150330,0.003068,0.793013,0.889883,-1.074667,1
5.943000,0.150330,0.003068,0.744764,0.889883,-1.122917,1
5.944000,0.150330,0.006136,0.702081,0.889883,-1.226961,1
5.945000,0.153398,0.006136,0.468901,0.889883,-1.454007,1
5.946000,0.153398,0.009204,0.468901,1.151685,-2.038973,1
5.947000,0.153398,0.009204,0.468901,1.151685,-2.038976,1
5.948000,0.153398,0.009204,0.468901,1.151685,-2.038979,1
5.949000,0.153398,0.009204,0.468901,1.151685,-2.038982,1
5.950000,0.153398,0.009204,0.468901,1.151685,-2.038984,1
5.951000,0.153398,0.009204,0.468901,1.151685,-2.038987,1
5.952000,0.153398,0.009204,0.468901,1.151685,-2.038990,1
5.953000,0.153398,0.012272,0.468901,1.151685,-2.100353,1
5.954000,0.153398,0.012272,0.468901,1.151685,-2.100356,1
5.955000,0.153398,0.012272,0.468901,1.151685,-2.100360,1
5.956000,0.153398,0.012272,0.468901,1.151685,-2.100364,1
5.957000,0.153398,0.012272,0.468901,1.151685,-2.100367,1
5.958000,0.153398,0.012272,0.468901,1.151685,-2.100371,1
5.959000,0.153398,0.012272,0.468901,1.151685,-2.100375,1
5.960000,0.153398,0.012272,0.468901,1.151685,-2.100378,1
5.961000,0.150330,0.009204,0.468901,-0.957068,2.772349,1
5.962000,0.147262,0.009204,0.468901,-0.729703,2.311481,1
5.963000,0.144194,0.003068,-0.589485,-0.589610,1.089489,1
5.964000,0.144194,0.003068,-0.589485,-0.589610,1.089488,1
5.965000,0.144194,0.003068,-0.589485,-0.589610,1.089487,1
5.966000,0.144194,0.003068,-0.589485,-0.589610,1.089486,1
5.967000,0.144194,0.003068,-0.589485,-0.562360,1.034986,1
5.968000,0.144194,0.003068,-0.589485,-0.562360,1.034986,1
5.969000,0.144194,0.003068,-0.589485,-0.515257,0.940778,1
5.970000,0.144194,0.003068,-0.589485,-0.494616,0.899494,1
5.971000,0.144194,0.003068,-0.589485,-0.475299,0.860860,1
5.972000,0.141126,0.003068,-0.589485,-0.457672,0.819469,1
5.973000,0.141126,0.003068,-0.589485,-0.457672,0.819468,1
5.974000,0.141126,0.003068,-0.589485,-0.425859,0.755841,1
5.975000,0.141126,0.003068,-0.589485,-0.411534,0.727191,1
5.976000,0.141126,0.003068,-0.589485,-0.398194,0.700510,1
5.977000,0.141126,0.003068,-0.589485,-0.385752,0.675624,1
5.978000,0.141126,0.003068,-0.589485,-0.385752,0.675623,1
5.979000,0.141126,0.003068,-0.589485,-0.385752,0.675622,1
5.980000,0.141126,0.003068,-0.589485,-0.385752,0.675621,1
5.981000,0.141126,0.003068,-0.589485,-0.385752,0.675620,1
5.982000,0.141126,0.003068,-0.589485,-0.385752,0.675619,1
5.983000,0.141126,0.003068,-0.589485,-0.373939,0.651993,1
5.984000,0.141126,0.003068,-0.589485,-0.373939,0.651992,1
5.985000,0.141126,0.003068,-0.589485,-0.373939,0.651991,1
5.986000,0.141126,0.003068,-0.589485,-0.324524,0.553160,1
5.987000,0.141126,0.003068,-0.589485,-0.324524,0.553160,1
5.988000,0.141126,0.003068,-0.589485,-0.324524,0.553159,1
5.989000,0.141126,0.006136,-0.575652,0.300707,-1.344832,1
5.990000,0.141126,0.006136,-0.575652,0.300707,-1.344834,1
5.991000,0.141126,0.006136,-0.575652,0.300707,-1.344836,1
5.992000,0.144194,0.006136,0.504438,0.280054,0.000000,1
5.993000,0.144194,0.009204,0.391774,0.262992,0.000000,1
5.994000,0.144194,0.009204,0.391774,0.262992,0.000000,1
5.995000,0.144194,0.009204,0.391774,0.262992,0.000000,1
5.996000,0.144194,0.009204,0.391774,0.262992,0.000000,1
5.997000,0.144194,0.012272,0.379591,0.262992,0.000000,1
5.998000,0.144194,0.012272,0.368202,0.262992,0.000000,1
5.999000,0.147262,0.012272,0.357545,0.262992,0.000000,1
6.000000,0.147262,0.012272,0.347392,0.262992,-0.456836,1
6.001000,0.147262,0.012272,0.337811,0.262992,-0.466421,1
6.002000,0.147262,0.012272,0.328790,0.262992,-0.475444,1
6.003000,0.147262,0.015340,0.320196,0.262992,-0.545402,1
6.004000,0.147262,0.015340,0.312079,0.262992,-0.553524,1
6.005000,0.147262,0.015340,0.312079,0.262992,-0.553529,1
6.006000,0.147262,0.015340,0.312079,0.262992,-0.553533,1
6.007000,0.147262,0.015340,0.312079,0.262992,-0.553538,1
6.008000,0.147262,0.015340,0.304322,0.262992,-0.561300,1
6.009000,0.147262,0.015340,0.304322,0.262992,-0.561304,1
6.010000,0.147262,0.015340,0.304322,0.262992,-0.561309,1
6.011000,0.147262,0.015340,0.304322,0.262992,-0.561314,1
6.012000,0.147262,0.015340,0.276847,0.262992,-0.588793,1
6.013000,0.147262,0.015340,0.276847,0.262992,-0.588797,1
6.014000,0.147262,0.015340,0.276847,0.262992,-0.588802,1
6.015000,0.150330,0.018408,0.259285,0.262992,-0.661593,1
6.016000,0.150330,0.018408,0.259285,0.262992,-0.661598,1
6.017000,0.150330,0.018408,0.259285,0.262992,-0.661604,1
6.018000,0.150330,0.018408,0.259285,0.262992,-0.661609,1
6.019000,0.150330,0.018408,0.259285,0.262992,-0.661615,1
6.020000,0.150330,0.018408,0.259285,0.262992,-0.661621,1
6.021000,0.150330,0.018408,0.243866,0.262992,-0.677045,1
6.022000,0.150330,0.018408,0.243866,0.262992,-0.677050,1
6.023000,0.150330,0.018408,0.217880,0.262992,-0.703043,1
6.024000,0.150330,0.018408,0.217880,0.262992,-0.703048,1
6.025000,0.150330,0.018408,0.217880,0.262992,-0.703054,1
6.026000,0.150330,0.018408,0.217880,0.262992,-0.703059,1
6.027000,0.150330,0.018408,0.217880,0.262992,-0.703065,1
6.028000,0.150330,0.018408,0.217880,0.262992,-0.703070,1
6.029000,0.150330,0.018408,0.217880,0.262992,-0.703076,1
6.030000,0.147262,0.018408,-0.206851,0.262992,-1.133948,1
6.031000,0.147262,0.018408,-0.206851,0.262992,-1.133954,1
6.032000,0.147262,0.018408,-0.206851,0.262992,-1.133959,1
6.033000,0.147262,0.018408,-0.187843,0.262992,-1.114957,1
6.034000,0.144194,0.018408,-0.288541,0.262992,-1.221796,1
6.035000,0.144194,0.018408,-0.288541,0.262992,-1.221802,1
6.036000,0.144194,0.018408,-0.288541,0.262992,-1.221807,1
6.037000,0.144194,0.018408,-0.288541,0.262992,-1.221813,1
6.038000,0.144194,0.018408,-0.288541,0.262992,-1.221818,1
6.039000,0.144194,0.018408,-0.288541,0.262992,-1.221824,1
6.040000,0.144194,0.018408,-0.288541,0.262992,-1.221829,1
6.041000,0.141126,0.018408,-0.288541,0.254867,-1.211721,1
6.042000,0.141126,0.018408,-0.288541,0.254867,-1.211726,1
6.043000,0.141126,0.018408,-0.288541,0.254867,-1.211732,1
6.044000,0.141126,0.018408,-0.288541,0.254867,-1.211737,1
6.045000,0.141126,0.018408,-0.288541,0.254867,-1.211743,1
6.046000,0.141126,0.018408,-0.288541,0.249682,-1.201379,1
6.047000,0.141126,0.018408,-0.288541,0.249682,-1.201384,1
6.048000,0.141126,0.018408,-0.288541,0.249682,-1.201390,1
6.049000,0.138058,0.012272,-0.288541,-0.227067,0.468687,1
6.050000,0.131922,0.009204,-0.273192,-0.227067,0.533120,1
6.051000,0.131922,0.009204,-0.273192,-0.227067,0.533117,1
6.052000,0.131922,0.009204,-0.273192,-0.227067,0.533114,1
6.053000,0.131922,0.009204,-0.273192,-0.227067,0.533112,1
6.054000,0.131922,0.009204,-0.273192,-0.227067,0.533109,1
6.055000,0.131922,0.009204,-0.273192,-0.227067,0.533106,1
6.056000,0.131922,0.006136,-0.273192,-0.227067,0.594464,1
6.057000,0.131922,0.006136,-0.273192,-0.227067,0.594462,1
6.058000,0.131922,0.006136,-0.273192,-0.227067,0.594460,1
6.059000,0.128854,0.006136,-0.273192,-0.227067,0.588322,1
6.060000,0.125786,0.003068,-0.273192,-0.227067,0.643545,1
6.061000,0.122718,0.000000,-0.273192,-0.834779,1.914193,1
6.062000,0.122718,0.000000,-0.273192,-0.834779,1.914193,1
6.063000,0.122718,0.000000,-0.273192,-0.834779,1.914193,1
6.064000,0.122718,0.000000,-0.273192,-0.834779,1.914193,1
6.065000,0.122718,-0.003068,-0.273192,-0.834779,1.975553,1
6.066000,0.119651,-0.003068,-0.905558,-0.834779,1.337053,1
6.067000,0.119651,-0.003068,-0.905558,-0.834779,1.337054,1
6.068000,0.119651,-0.003068,-0.905558,-0.834779,1.337055,1
6.069000,0.119651,-0.003068,-0.905558,-0.834779,1.337055,1
6.070000,0.119651,-0.003068,-0.905558,-0.834779,1.337056,1
6.071000,0.119651,-0.003068,-0.905558,-0.834779,1.337057,1
6.072000,0.119651,-0.003068,-0.905558,-0.834779,1.337058,1
6.073000,0.119651,-0.003068,-0.905558,-0.834779,1.337059,1
6.074000,0.119651,-0.003068,-0.905558,-0.834779,1.337060,1
6.075000,0.119651,-0.003068,-0.905558,-0.834779,1.337061,1
6.076000,0.119651,-0.003068,-0.905558,-0.834779,1.337062,1
6.077000,0.119651,-0.003068,-0.905558,-0.834779,1.337063,1
6.078000,0.119651,-0.003068,-0.905558,-0.834779,1.337064,1
6.079000,0.119651,-0.003068,-0.905558,-0.796650,1.260807,1
6.080000,0.119651,-0.003068,-0.905558,-0.796650,1.260808,1
6.081000,0.119651,-0.003068,-0.905558,-0.796650,1.260809,1
6.082000,0.119651,-0.003068,-0.905558,-0.666656,1.000822,1
6.083000,0.122718,0.000000,0.760799,0.573292,-0.467940,1
6.084000,0.122718,0.000000,0.676900,0.524321,-0.453898,1
6.085000,0.122718,0.003068,0.641389,0.502760,-0.507647,1
6.086000,0.122718,0.003068,0.609528,0.482971,-0.499931,1
6.087000,0.122718,0.003068,0.580812,0.464763,-0.492233,1
6.088000,0.125786,0.006136,0.554707,0.447897,-0.539829,1
6.089000,0.125786,0.006136,0.530494,0.431977,-0.532204,1
6.090000,0.125786,0.006136,0.508513,0.417288,-0.524811,1
6.091000,0.125786,0.006136,0.488209,0.403517,-0.517574,1
6.092000,0.125786,0.006136,0.469629,0.390740,-0.510602,1
6.093000,0.125786,0.009204,0.452338,0.386821,-0.581417,1
6.094000,0.125786,0.009204,0.452338,0.386821,-0.581420,1
6.095000,0.125786,0.009204,0.452338,0.386821,-0.581422,1
6.096000,0.125786,0.009204,0.452338,0.386821,-0.581425,1
6.097000,0.125786,0.009204,0.452338,0.386821,-0.581428,1
6.098000,0.125786,0.009204,0.452338,0.386821,-0.581431,1
6.099000,0.125786,0.009204,0.436230,0.386821,-0.597542,1
6.100000,0.125786,0.009204,0.436230,0.386821,-0.597544,1
6.101000,0.125786,0.009204,0.436230,0.386821,-0.597547,1
6.102000,0.128854,0.009204,0.519004,0.386821,-0.508640,1
6.103000,0.128854,0.009204,0.519004,0.386821,-0.508643,1
6.104000,0.128854,0.009204,0.519004,0.386821,-0.508646,1
6.105000,0.128854,0.012272,0.519004,0.386821,-0.570009,1
6.106000,0.128854,0.012272,0.519004,0.386821,-0.570012,1
6.107000,0.128854,0.012272,0.519004,0.386821,-0.570016,1
6.108000,0.128854,0.012272,0.519004,0.386821,-0.570020,1
6.109000,0.128854,0.012272,0.519004,0.386821,-0.570023,1
6.110000,0.128854,0.012272,0.519004,0.386821,-0.570027,1
6.111000,0.128854,0.012272,0.519004,0.386821,-0.570031,1
6.112000,0.128854,0.012272,0.519004,0.386821,-0.570034,1
6.113000,0.128854,0.012272,0.519004,0.386821,-0.570038,1
6.114000,0.128854,0.012272,0.519004,0.386821,-0.570042,1
6.115000,0.128854,0.015340,0.519004,0.386821,-0.631405,1
6.116000,0.128854,0.015340,0.519004,0.386821,-0.631410,1
6.117000,0.128854,0.015340,0.519004,0.386821,-0.631415,1
6.118000,0.128854,0.015340,0.519004,0.386821,-0.631419,1
6.119000,0.128854,0.015340,0.519004,0.386821,-0.631424,1
6.120000,0.128854,0.015340,0.519004,0.386821,-0.631429,1
6.121000,0.125786,0.015340,0.519004,0.386821,-0.637569,1
6.122000,0.125786,0.015340,-0.498714,0.386821,-1.655292,1
6.123000,0.125786,0.015340,-0.498714,0.386821,-1.655296,1
6.124000,0.125786,0.015340,-0.498714,0.386821,-1.655301,1
6.125000,0.125786,0.015340,-0.498714,0.386821,-1.655305,1
6.126000,0.125786,0.015340,-0.498714,0.386821,-1.655310,1
6.127000,0.125786,0.012272,-0.444573,0.409481,-1.585132,1
6.128000,0.125786,0.012272,-0.444573,0.409481,-1.585136,1
6.129000,0.125786,0.012272,-0.444573,0.409481,-1.585140,1
6.130000,0.122718,0.012272,-0.400952,0.409481,-1.547659,1
6.131000,0.122718,0.012272,-0.354686,0.409481,-1.501396,1
6.132000,0.119651,0.012272,-0.338013,0.409481,-1.490863,1
6.133000,0.119651,0.009204,-0.338013,0.409481,-1.429506,1
6.134000,0.119651,0.009204,-0.338013,0.409481,-1.429509,1
6.135000,0.119651,0.009204,-0.338013,0.409481,-1.429512,1
6.136000,0.119651,0.009204,-0.338013,0.409481,-1.429514,1
6.137000,0.119651,0.009204,-0.338013,0.409481,-1.429517,1
6.138000,0.119651,0.009204,-0.338013,0.409481,-1.429520,1
6.139000,0.119651,0.009204,-0.338013,0.409481,-1.429523,1
6.140000,0.119651,0.009204,-0.338013,0.409481,-1.429525,1
6.141000,0.113515,0.003068,-0.338013,0.409481,-1.319080,1
6.142000,0.113515,0.003068,-0.338013,0.409481,-1.319081,1
6.143000,0.113515,0.003068,-0.338013,0.409481,-1.319082,1
6.144000,0.113515,0.003068,-0.338013,0.409481,-1.319083,1
6.145000,0.110447,0.003068,-0.338013,0.409481,-1.325219,1
6.146000,0.110447,0.003068,-0.338013,0.409481,-1.325220,1
6.147000,0.110447,0.003068,-0.338013,0.409481,-1.325221,1
6.148000,0.110447,0.003068,-0.338013,0.409481,-1.325222,1
6.149000,0.110447,0.003068,-0.338013,0.409481,-1.325223,1
6.150000,0.107379,0.000000,-0.533506,-0.585227,1.123924,1
6.151000,0.107379,0.000000,-0.533506,-0.585227,1.123924,1
6.152000,0.107379,0.000000,-0.533506,-0.585227,1.123924,1
6.153000,0.107379,0.000000,-0.533506,-0.585227,1.123924,1
6.154000,0.107379,0.000000,-0.533506,-0.585227,1.123924,1
6.155000,0.107379,0.000000,-0.533506,-0.585227,1.123924,1
6.156000,0.101243,-0.006136,-0.533506,-0.585227,1.234372,1
6.157000,0.101243,-0.006136,-0.533506,-0.585227,1.234374,1
6.158000,0.101243,-0.006136,-0.533506,-0.585227,1.234376,1
6.159000,0.092039,-0.018408,-1.244239,-1.388039,2.356300,1
6.160000,0.085903,-0.027612,-1.244239,-1.952099,3.656235,1
6.161000,0.082835,-0.027612,-1.610719,-1.952099,3.283627,1
6.162000,0.082835,-0.030680,-1.610719,-1.952099,3.344996,1
6.163000,0.079767,-0.036816,-1.610719,-1.678185,2.913761,1
6.164000,0.079767,-0.036816,-1.610719,-1.678185,2.913772,1
6.165000,0.079767,-0.036816,-1.610719,-1.678185,2.913783,1
6.166000,0.079767,-0.036816,-1.610719,-1.678185,2.913794,1
6.167000,0.076699,-0.036816,-1.610719,-1.678185,2.907669,1
6.168000,0.076699,-0.039884,-1.006403,-1.678185,3.573356,1
6.169000,0.076699,-0.039884,-1.006403,-1.678185,3.573368,1
6.170000,0.076699,-0.039884,-1.006403,-1.678185,3.573380,1
6.171000,0.076699,-0.039884,-1.006403,-1.678185,3.573392,1
6.172000,0.076699,-0.039884,-1.006403,-1.678185,3.573404,1
6.173000,0.076699,-0.039884,-1.006403,-1.678185,3.573416,1
6.174000,0.076699,-0.039884,-0.757596,-1.085234,2.636334,1
6.175000,0.076699,-0.039884,-0.757596,-1.085234,2.636346,1
6.176000,0.079767,-0.036816,-1.282178,0.857912,-2.429741,1
6.177000,0.079767,-0.036816,-1.282178,0.857912,-2.429730,1
6.178000,0.079767,-0.036816,-1.282178,0.857912,-2.429719,1
6.179000,0.079767,-0.036816,-1.282178,0.857912,-2.429708,1
6.180000,0.079767,-0.036816,-1.282178,0.857912,-2.429697,1
6.181000,0.079767,-0.036816,-1.282178,0.801519,-2.316900,1
6.182000,0.079767,-0.033748,-1.282178,0.752362,-2.279934,1
6.183000,0.082835,-0.030680,-1.282178,0.688529,-2.207482,1
6.184000,0.082835,-0.027612,-1.282178,-3.987566,6.000000,1
6.185000,0.082835,-0.027612,-1.282178,-3.987566,6.000000,1
6.186000,0.088971,-0.027612,0.808407,-1.766623,5.344343,1
6.187000,0.088971,-0.027612,0.808407,-1.766623,5.344352,1
6.188000,0.088971,-0.027612,0.808407,-1.766623,5.344360,1
6.189000,0.088971,-0.027612,0.808407,-1.766623,5.344368,1
6.190000,0.088971,-0.027612,0.808407,-1.766623,5.344376,1
6.191000,0.088971,-0.027612,0.808407,-1.766623,5.344385,1
6.192000,0.088971,-0.027612,0.808407,-1.766623,5.344393,1
6.193000,0.088971,-0.027612,0.808407,-1.766623,5.344401,1
6.194000,0.088971,-0.027612,0.808407,-1.766623,5.344410,1
6.195000,0.088971,-0.027612,0.758571,-1.766623,5.294582,1
6.196000,0.095107,-0.024544,0.528195,-1.766623,5.015126,1
6.197000,0.095107,-0.024544,0.528195,-1.766623,5.015133,1
6.198000,0.095107,-0.024544,0.528195,-1.766623,5.015140,1
6.199000,0.098175,-0.021476,0.528195,-1.766623,4.959923,1
6.200000,0.110447,-0.006136,1.447194,1.706820,-1.950214,1
6.201000,0.110447,-0.006136,1.447194,1.706820,-1.950212,1
6.202000,0.119651,0.009204,2.686783,5.566375,-6.000000,1
6.203000,0.119651,0.009204,2.686783,5.566375,-6.000000,1
6.204000,0.119651,0.009204,2.686783,5.566375,-6.000000,1
6.205000,0.119651,0.009204,2.686783,5.566375,-6.000000,1
6.206000,0.119651,0.009204,2.686783,5.566375,-6.000000,1
6.207000,0.119651,0.009204,2.686783,5.566375,-6.000000,1
6.208000,0.128854,0.021476,2.866761,3.070905,-3.774255,1
6.209000,0.128854,0.021476,2.866761,3.070905,-3.774261,1
6.210000,0.128854,0.021476,2.866761,3.070905,-3.774268,1
6.211000,0.128854,0.021476,2.866761,3.070905,-3.774274,1
6.212000,0.134990,0.027612,2.866761,3.070905,-3.884729,1
6.213000,0.138058,0.030680,1.759026,2.021023,-2.947933,1
6.214000,0.138058,0.030680,1.759026,2.021023,-2.947942,1
6.215000,0.138058,0.030680,1.759026,2.021023,-2.947951,1
6.216000,0.138058,0.030680,1.759026,2.021023,-2.947960,1
6.217000,0.138058,0.030680,1.759026,2.021023,-2.947969,1
6.218000,0.144194,0.033748,2.145834,1.645562,-1.859337,1
6.219000,0.144194,0.033748,2.145834,1.645562,-1.859348,1
6.220000,0.144194,0.033748,2.145834,1.645562,-1.859358,1
6.221000,0.144194,0.033748,2.145834,1.645562,-1.859368,1
6.222000,0.144194,0.033748,2.145834,1.645562,-1.859378,1
6.223000,0.144194,0.036816,2.077182,1.645562,-1.989400,1
6.224000,0.144194,0.036816,1.778017,1.645562,-2.288577,1
6.225000,0.144194,0.036816,1.552418,1.645562,-2.514186,1
6.226000,0.144194,0.036816,1.377885,1.613219,-2.624045,1
6.227000,0.144194,0.036816,0.830567,0.839892,-1.624719,1
6.228000,0.144194,0.036816,0.830567,0.839892,-1.624730,1
6.229000,0.144194,0.036816,0.830567,0.839892,-1.624742,1
6.230000,0.144194,0.036816,0.830567,0.839892,-1.624753,1
6.231000,0.144194,0.036816,0.830567,0.839892,-1.624764,1
6.232000,0.144194,0.036816,0.830567,0.839892,-1.624775,1
6.233000,0.144194,0.036816,0.830567,0.839892,-1.624786,1
6.234000,0.144194,0.033748,0.830567,-0.786440,2.289227,1
6.235000,0.144194,0.027612,0.830567,-0.519803,1.878662,1
6.236000,0.144194,0.027612,0.830567,-0.519803,1.878654,1
6.237000,0.144194,0.027612,-0.787266,-0.461185,-0.456423,1
6.238000,0.144194,0.027612,-0.787266,-0.461185,-0.456431,1
6.239000,0.144194,0.027612,-0.787266,-0.461185,-0.456439,1
6.240000,0.144194,0.027612,-0.787266,-0.461185,-0.456447,1
6.241000,0.144194,0.027612,-0.787266,-0.461185,-0.456456,1
6.242000,0.144194,0.027612,-0.787266,-0.461185,-0.456464,1
6.243000,0.144194,0.027612,-0.787266,-0.461185,-0.456472,1
6.244000,0.144194,0.027612,-0.787266,-0.461185,-0.456481,1
6.245000,0.144194,0.027612,-0.787266,-0.461185,-0.456489,1
6.246000,0.144194,0.027612,-0.740090,-0.444583,0.000000,1
6.247000,0.144194,0.030680,-0.697868,0.428992,-2.208822,1
6.248000,0.144194,0.030680,-0.660419,0.414542,-2.142482,1
6.249000,0.144194,0.033748,-0.626619,0.407390,-2.155747,1
6.250000,0.144194,0.033748,-0.596169,0.407390,-2.125308,1
6.251000,0.144194,0.033748,-0.568621,0.407390,-2.097770,1
6.252000,0.144194,0.030680,-0.543310,0.407390,-2.011109,1
6.253000,0.144194,0.033748,-0.520217,-3.176629,5.718653,1
6.254000,0.144194,0.033748,-0.499204,-3.176629,5.739656,1
6.255000,0.147262,0.030680,0.444874,2.655541,-5.513120,1
6.256000,0.147262,0.030680,0.444874,2.655541,-5.513129,1
6.257000,0.147262,0.030680,0.444874,2.655541,-5.513138,1
6.258000,0.147262,0.030680,-0.429336,2.183786,-5.443848,1
6.259000,0.147262,0.036816,-0.414790,2.089551,-5.363561,1
6.260000,0.147262,0.036816,-0.401265,2.089551,-5.350047,1
6.261000,0.147262,0.033748,-0.388509,2.089551,-5.275942,1
6.262000,0.147262,0.033748,-0.376616,2.089551,-5.264059,1
6.263000,0.147262,0.036816,-0.365377,2.089551,-5.314190,1
6.264000,0.147262,0.033748,-0.354842,2.089551,-5.242306,1
6.265000,0.147262,0.033748,-0.344828,-1.817038,3.180876,1
6.266000,0.144194,0.024544,-8.409454,-1.241924,-6.000000,1
6.267000,0.144194,0.024544,-8.409454,-1.241924,-6.000000,1
6.268000,0.144194,0.024544,-8.409454,-1.241924,-6.000000,1
6.269000,0.144194,0.024544,-8.409454,-1.241924,-6.000000,1
6.270000,0.141126,0.027612,-4.978184,-1.241924,-3.092300,1
6.271000,0.141126,0.030680,-3.540168,-1.241924,-1.715652,1
6.272000,0.141126,0.027612,-2.749523,-1.241924,-0.863656,1
6.273000,0.141126,0.024544,-2.249141,-2.617234,3.048698,1
6.274000,0.138058,0.024544,-1.899132,-2.617234,3.392564,1
6.275000,0.138058,0.021476,-1.644380,-2.617234,3.708669,1
6.276000,0.138058,0.021476,-1.449978,-2.617234,3.903064,1
6.277000,0.138058,0.018408,-0.984354,-1.709105,2.613783,1
6.278000,0.138058,0.018408,-0.984354,-1.709105,2.613778,1
6.279000,0.138058,0.018408,-0.911758,-1.501526,2.271211,1
6.280000,0.138058,0.018408,-0.911758,-1.501526,2.271205,1
6.281000,0.138058,0.018408,-0.911758,-1.501526,2.271200,1
6.282000,0.138058,0.018408,-0.911758,-1.501526,2.271194,1
6.283000,0.138058,0.018408,-0.793847,-1.206424,1.798896,1
6.284000,0.138058,0.021476,-0.745434,-1.144382,1.661859,1
6.285000,0.138058,0.021476,-0.702877,-1.144382,1.704410,1
6.286000,0.138058,0.021476,-0.702877,-1.144382,1.704404,1
6.287000,0.138058,0.021476,-0.702877,-1.144382,1.704398,1
6.288000,0.138058,0.021476,-0.702877,-1.144382,1.704391,1
6.289000,0.138058,0.021476,-0.702877,-1.144382,1.704385,1
6.290000,0.138058,0.021476,-0.664763,-1.144382,1.742492,1
6.291000,0.144194,0.027612,-1.922206,-1.144382,0.000000,1
6.292000,0.144194,0.027612,-1.922206,-1.144382,0.000000,1
6.293000,0.147262,0.030680,1.387187,0.985638,-1.231294,1
6.294000,0.165670,0.058291,1.454240,2.671729,-5.051859,1
6.295000,0.165670,0.058291,1.454240,2.671729,-5.051876,1
6.296000,0.165670,0.058291,1.454240,2.671729,-5.051894,1
6.297000,0.165670,0.058291,1.454240,2.671729,-5.051911,1
6.298000,0.165670,0.058291,1.454240,2.671729,-5.051929,1
6.299000,0.165670,0.058291,1.454240,2.671729,-5.051946,1
6.300000,0.165670,0.058291,1.454240,2.671729,-5.051964,1
6.301000,0.165670,0.058291,1.454240,2.671729,-5.051981,1
6.302000,0.165670,0.058291,1.454240,2.671729,-5.051999,1
6.303000,0.165670,0.058291,1.454240,2.671729,-5.052016,1
6.304000,0.165670,0.058291,1.454240,2.671729,-5.052034,1
6.305000,0.165670,0.058291,1.454240,2.671729,-5.052051,1
6.306000,0.165670,0.058291,1.454240,2.671729,-5.052069,1
6.307000,0.165670,0.058291,1.454240,2.671729,-5.052086,1
6.308000,0.165670,0.058291,1.454240,2.671729,-5.052104,1
6.309000,0.165670,0.058291,1.454240,2.671729,-5.052121,1
6.310000,0.165670,0.058291,1.454240,2.671729,-5.052139,1
6.311000,0.165670,0.058291,1.454240,2.671729,-5.052156,1
6.312000,0.168738,0.058291,1.454240,2.671729,-5.046038,1
6.313000,0.168738,0.058291,1.454240,2.671729,-5.046055,1
6.314000,0.168738,0.058291,1.454240,2.671729,-5.046073,1
6.315000,0.171806,0.067495,1.067601,1.204451,-2.676117,1
6.316000,0.171806,0.067495,1.067601,1.204451,-2.676137,1
6.317000,0.171806,0.067495,1.067601,1.204451,-2.676157,1
6.318000,0.171806,0.067495,1.067601,1.204451,-2.676177,1
6.319000,0.171806,0.067495,0.982091,1.096721,-2.546247,1
6.320000,0.171806,0.067495,0.909687,1.007197,-2.439625,1
6.321000,0.171806,0.067495,0.846870,0.930759,-2.349585,1
6.322000,0.171806,0.067495,0.846870,0.930759,-2.349605,1
6.323000,0.171806,0.067495,0.846870,0.930759,-2.349625,1
6.324000,0.171806,0.067495,0.846870,0.930759,-2.349645,1
6.325000,0.171806,0.064427,0.791835,-0.864705,1.847587,1
6.326000,0.165670,0.055223,1.422493,-0.702114,2.324852,1
6.327000,0.165670,0.055223,1.422493,-0.702114,2.324836,1
6.328000,0.165670,0.055223,1.422493,-0.702114,2.324819,1
6.329000,0.165670,0.055223,1.422493,-0.702114,2.324803,1
6.330000,0.165670,0.055223,1.422493,-0.702114,2.324786,1
6.331000,0.162602,0.055223,-1.415853,-0.702114,-1.119712,1
6.332000,0.162602,0.055223,-1.268519,-0.702114,-0.972395,1
6.333000,0.162602,0.055223,-1.150301,-0.702114,-0.854194,1
6.334000,0.159534,0.055223,-1.051391,-0.702114,-0.761436,1
6.335000,0.159534,0.055223,-1.051391,-0.702114,-0.761452,1
6.336000,0.159534,0.055223,-1.051391,-0.702114,-0.761469,1
6.337000,0.159534,0.055223,-1.051391,-0.702114,-0.761485,1
6.338000,0.159534,0.055223,-1.051391,-0.702114,-0.761502,1
6.339000,0.159534,0.055223,-1.051391,-0.702114,-0.761518,1
6.340000,0.159534,0.055223,-1.051391,-0.702114,-0.761535,1
6.341000,0.159534,0.055223,-0.968157,-0.702114,-0.678318,1
6.342000,0.156466,0.052155,-0.642506,-0.702114,0.000000,1
6.343000,0.153398,0.052155,-0.642506,-0.692515,0.000000,1
6.344000,0.153398,0.052155,-0.642506,-0.655698,0.000000,1
6.345000,0.153398,0.049087,-0.642506,-0.628987,0.000000,1
6.346000,0.153398,0.049087,-0.642506,-0.628987,0.000000,1
6.347000,0.153398,0.049087,-0.642506,-0.628987,0.000000,1
6.348000,0.153398,0.049087,-0.642506,-0.628987,0.000000,1
6.349000,0.153398,0.049087,-0.642506,-0.628987,0.000000,1
6.350000,0.153398,0.049087,-0.642506,-0.628987,0.000000,1
6.351000,0.153398,0.049087,-0.642506,-0.628987,0.000000,1
6.352000,0.153398,0.049087,-0.642506,-0.628987,0.000000,1
6.353000,0.147262,0.046019,-0.642506,-0.628987,0.000000,1
6.354000,0.147262,0.046019,-0.642506,-0.628987,0.000000,1
6.355000,0.144194,0.046019,-0.760573,-0.628987,-0.463797,1
6.356000,0.144194,0.046019,-0.760573,-0.628987,-0.463811,1
6.357000,0.144194,0.042951,-0.760573,-0.628987,0.000000,1
6.358000,0.144194,0.042951,-0.760573,-0.628987,0.000000,1
6.359000,0.144194,0.042951,-0.760573,-0.628987,0.000000,1
6.360000,0.144194,0.042951,-0.760573,-0.628987,0.000000,1
6.361000,0.144194,0.042951,-0.760573,-0.628987,0.000000,1
6.362000,0.141126,0.042951,-0.760573,-0.628987,0.000000,1
6.363000,0.141126,0.042951,-0.760573,-0.628987,0.000000,1
6.364000,0.141126,0.042951,-0.760573,-0.628987,0.000000,1
6.365000,0.141126,0.042951,-0.760573,-0.628987,0.000000,1
6.366000,0.141126,0.042951,-0.760573,-0.628987,0.000000,1
6.367000,0.141126,0.042951,-0.760573,-0.628987,0.000000,1
6.368000,0.134990,0.039884,-0.760573,-0.528813,-0.560002,1
6.369000,0.134990,0.039884,-0.760573,-0.506899,-0.603842,1
6.370000,0.134990,0.039884,-0.760573,-0.486882,-0.643886,1
6.371000,0.131922,0.039884,-0.764826,-0.468364,-0.691324,1
6.372000,0.131922,0.036816,-0.764826,-0.458742,-0.649221,1
6.373000,0.128854,0.036816,-0.764826,-0.458742,-0.655368,1
6.374000,0.128854,0.036816,-0.764826,-0.458742,-0.655379,1
6.375000,0.128854,0.036816,-0.764826,-0.458742,-0.655390,1
6.376000,0.128854,0.036816,-0.764826,-0.458742,-0.655401,1
6.377000,0.128854,0.036816,-0.764826,-0.458742,-0.655412,1
6.378000,0.128854,0.036816,-0.764826,-0.458742,-0.655423,1
6.379000,0.128854,0.036816,-0.764826,-0.458742,-0.655434,1
6.380000,0.125786,0.033748,-0.764826,-0.458742,-0.600221,1
6.381000,0.125786,0.033748,-0.764826,-0.458742,-0.600231,1
6.382000,0.125786,0.033748,-0.764826,-0.458742,-0.600241,1
6.383000,0.122718,0.033748,-0.764826,-0.458742,-0.606387,1
6.384000,0.122718,0.033748,-0.764826,-0.458742,-0.606397,1
6.385000,0.119651,0.030680,-0.792597,-0.458742,-0.578954,1
6.386000,0.119651,0.030680,-0.792597,-0.458742,-0.578964,1
6.387000,0.119651,0.030680,-0.792597,-0.458742,-0.578973,1
6.388000,0.119651,0.030680,-0.792597,-0.458742,-0.578982,1
6.389000,0.119651,0.030680,-0.792597,-0.458742,-0.578991,1
6.390000,0.119651,0.030680,-0.792597,-0.458742,-0.579000,1
6.391000,0.119651,0.030680,-0.792597,-0.458742,-0.579010,1
6.392000,0.113515,0.027612,-0.792597,-0.458742,-0.529930,1
6.393000,0.110447,0.027612,-0.792597,-0.458742,-0.536075,1
6.394000,0.110447,0.024544,-0.792597,-0.547809,0.000000,1
6.395000,0.110447,0.024544,-0.792597,-0.547809,0.000000,1
6.396000,0.107379,0.024544,-1.009450,-0.547809,-0.519593,1
6.397000,0.107379,0.024544,-1.009450,-0.547809,-0.519600,1
6.398000,0.107379,0.024544,-1.009450,-0.547809,-0.519608,1
6.399000,0.107379,0.024544,-1.009450,-0.547809,-0.519615,1
6.400000,0.107379,0.024544,-1.009450,-0.547809,-0.519622,1
6.401000,0.107379,0.024544,-1.009450,-0.547809,-0.519630,1
6.402000,0.104311,0.021476,-1.009450,-0.547809,-0.464413,1
6.403000,0.104311,0.021476,-1.009450,-0.547809,-0.464419,1
6.404000,0.104311,0.021476,-1.009450,-0.547809,-0.464426,1
6.405000,0.104311,0.021476,-1.009450,-0.547809,-0.464432,1
6.406000,0.098175,0.018408,-1.009450,-0.547809,0.000000,1
6.407000,0.095107,0.015340,-1.173851,-0.547809,-0.524532,1
6.408000,0.095107,0.015340,-1.173851,-0.547809,-0.524537,1
6.409000,0.095107,0.015340,-1.173851,-0.547809,-0.524541,1
6.410000,0.095107,0.015340,-1.173851,-0.547809,-0.524546,1
6.411000,0.092039,0.015340,-1.173851,-0.547809,-0.530687,1
6.412000,0.092039,0.015340,-1.173851,-0.547809,-0.530691,1
6.413000,0.092039,0.015340,-1.173851,-0.547809,-0.530696,1
6.414000,0.092039,0.015340,-1.173851,-0.547809,-0.530700,1
6.415000,0.092039,0.015340,-1.173851,-0.547809,-0.530705,1
6.416000,0.092039,0.015340,-1.173851,-0.547809,-0.530710,1
6.417000,0.092039,0.015340,-1.173851,-0.547809,-0.530714,1
6.418000,0.092039,0.015340,-1.173851,-0.547809,-0.530719,1
6.419000,0.079767,0.006136,-1.253627,-0.747271,0.547963,1
6.420000,0.079767,0.006136,-1.253627,-0.747271,0.547961,1
6.421000,0.076699,0.003068,-1.253627,-0.747271,0.603183,1
6.422000,0.076699,0.003068,-1.253627,-0.747271,0.603182,1
6.423000,0.076699,0.003068,-1.253627,-0.747271,0.603181,1
6.424000,0.076699,0.003068,-1.253627,-0.747271,0.603180,1
6.425000,0.076699,0.003068,-1.253627,-0.747271,0.603180,1
6.426000,0.064427,-0.006136,-1.295210,-0.988323,1.203237,1
6.427000,0.064427,-0.006136,-1.295210,-0.988323,1.203239,1
6.428000,0.061359,-0.009204,-1.295210,-0.988323,1.258465,1
6.429000,0.061359,-0.009204,-1.295210,-0.988323,1.258467,1
6.430000,0.061359,-0.009204,-1.295210,-0.988323,1.258470,1
6.431000,0.058291,-0.009204,-1.219253,-0.863161,1.077969,1
6.432000,0.058291,-0.009204,-1.219253,-0.863161,1.077972,1
6.433000,0.058291,-0.009204,-1.219253,-0.863161,1.077975,1
6.434000,0.058291,-0.009204,-1.219253,-0.863161,1.077978,1
6.435000,0.058291,-0.009204,-1.219253,-0.863161,1.077981,1
6.436000,0.058291,-0.009204,-1.219253,-0.863161,1.077983,1
6.437000,0.058291,-0.009204,-1.219253,-0.863161,1.077986,1
6.438000,0.058291,-0.009204,-1.219253,-0.863161,1.077989,1
6.439000,0.058291,-0.009204,-1.219253,-0.863161,1.077992,1
6.440000,0.055223,-0.012272,-1.219253,-0.792876,0.992648,1
6.441000,0.055223,-0.012272,-1.219253,-0.792876,0.992652,1
6.442000,0.055223,-0.012272,-1.219253,-0.792876,0.992656,1
6.443000,0.055223,-0.012272,-1.219253,-0.792876,0.992660,1
6.444000,0.052155,-0.012272,-1.219253,-0.792876,0.986527,1
6.445000,0.052155,-0.015340,-1.219253,-0.792876,1.047891,1
6.446000,0.052155,-0.015340,-1.186377,-0.792876,1.080772,1
6.447000,0.052155,-0.015340,-1.081741,-0.792876,1.185412,1
6.448000,0.052155,-0.015340,-0.994339,-0.792876,1.272818,1
6.449000,0.049087,-0.015340,-0.920017,-0.792876,1.341010,1
6.450000,0.049087,-0.015340,-0.855787,-0.792876,1.405244,1
6.451000,0.049087,-0.015340,-0.799913,-0.792876,1.461122,1
6.452000,0.049087,-0.015340,-0.799913,-0.792876,1.461127,1
6.453000,0.049087,-0.015340,-0.575059,-0.655249,1.410731,1
6.454000,0.049087,-0.015340,-0.575059,-0.655249,1.410736,1
6.455000,0.049087,-0.015340,-0.575059,-0.655249,1.410741,1
6.456000,0.049087,-0.015340,-0.575059,-0.655249,1.410745,1
6.457000,0.049087,-0.015340,-0.575059,-0.655249,1.410750,1
6.458000,0.049087,-0.015340,-0.575059,-0.655249,1.410754,1
6.459000,0.049087,-0.015340,-0.549182,-0.621860,1.369860,1
6.460000,0.049087,-0.015340,-0.549182,-0.621860,1.369864,1
6.461000,0.049087,-0.015340,-0.549182,-0.621860,1.369869,1
6.462000,0.049087,-0.012272,-0.465861,0.517130,-1.486148,1
6.463000,0.049087,-0.012272,-0.465861,0.517130,-1.486144,1
6.464000,0.049087,-0.012272,-0.432995,0.476944,-1.372901,1
6.465000,0.049087,-0.012272,-0.432995,0.476944,-1.372897,1
6.466000,0.049087,-0.006136,-0.391544,0.427136,-1.354547,1
6.467000,0.049087,-0.006136,-0.391544,0.427136,-1.354545,1
6.468000,0.049087,-0.006136,-0.379421,0.412749,-1.313646,1
6.469000,0.049087,-0.006136,-0.379421,0.412749,-1.313644,1
6.470000,0.049087,-0.006136,-0.379421,0.412749,-1.313643,1
6.471000,0.049087,-0.006136,-0.347191,0.374891,-1.205695,1
6.472000,0.049087,-0.006136,-0.337648,0.363788,-1.173943,1
6.473000,0.049087,-0.006136,-0.337648,0.363788,-1.173942,1
6.474000,0.049087,-0.003068,-0.320079,0.354795,-1.199746,1
6.475000,0.049087,-0.003068,-0.320079,0.354795,-1.199745,1
6.476000,0.049087,-0.003068,-0.304193,0.354795,-1.183858,1
6.477000,0.049087,-0.003068,-0.304193,0.354795,-1.183857,1
6.478000,0.049087,-0.003068,-0.304193,0.354795,-1.183856,1
6.479000,0.049087,-0.003068,-0.304193,0.354795,-1.183855,1
6.480000,0.049087,-0.003068,-0.304193,0.354795,-1.183854,1
6.481000,0.049087,-0.003068,-0.304193,0.354795,-1.183853,1
6.482000,0.049087,-0.003068,-0.304193,0.354795,-1.183852,1
6.483000,0.046019,-0.003068,-0.919823,0.354795,-1.805617,1
6.484000,0.046019,-0.003068,-0.919823,0.354795,-1.805616,1
6.485000,0.046019,-0.003068,-0.919823,0.354795,-1.805615,1
6.486000,0.046019,-0.003068,-0.919823,0.354795,-1.805614,1
6.487000,0.042951,-0.003068,-0.919823,0.354795,-1.811749,1
6.488000,0.042951,-0.006136,-0.919823,0.354795,-1.750388,1
6.489000,0.042951,-0.006136,-0.919823,0.354795,-1.750386,1
6.490000,0.042951,-0.006136,-0.919823,0.354795,-1.750384,1
6.491000,0.042951,-0.006136,-0.919823,0.354795,-1.750383,1
6.492000,0.042951,-0.006136,-0.919823,0.354795,-1.750381,1
6.493000,0.042951,-0.006136,-0.919823,0.354795,-1.750379,1
6.494000,0.042951,-0.006136,-0.919823,0.354795,-1.750377,1
6.495000,0.042951,-0.006136,-0.919823,0.354795,-1.750375,1
6.496000,0.039884,-0.006136,-0.919823,0.354795,-1.756509,1
6.497000,0.039884,-0.006136,-0.919823,0.354795,-1.756507,1
6.498000,0.039884,-0.006136,-0.919823,0.354795,-1.756506,1
6.499000,0.033748,-0.012272,-0.268520,-0.573891,1.462619,1
6.500000,0.027612,-0.018408,-0.268520,-0.573891,1.573071,1
6.501000,0.027612,-0.018408,-0.268520,-0.573891,1.573076,1
6.502000,0.024544,-0.024544,-0.268520,-1.599221,3.740328,1
6.503000,0.024544,-0.024544,-0.268520,-1.599221,3.740335,1
6.504000,0.021476,-0.024544,-1.301654,-1.599221,2.701072,1
6.505000,0.021476,-0.024544,-1.301654,-1.599221,2.701080,1
6.506000,0.021476,-0.024544,-1.301654,-1.599221,2.701087,1
6.507000,0.021476,-0.024544,-1.301654,-1.599221,2.701094,1
6.508000,0.021476,-0.024544,-1.301654,-1.599221,2.701102,1
6.509000,0.015340,-0.033748,-1.301654,-1.599221,2.872918,1
6.510000,0.015340,-0.033748,-1.301654,-1.516642,2.707770,1
6.511000,0.015340,-0.033748,-1.301654,-1.348812,2.372119,1
6.512000,0.015340,-0.033748,-1.301654,-1.216084,2.106675,1
6.513000,0.015340,-0.033748,-1.183675,-1.105883,2.004261,1
6.514000,0.015340,-0.036816,-1.080057,-1.068665,2.094812,1
6.515000,0.015340,-0.036816,-1.080057,-1.068665,2.094823,1
6.516000,0.015340,-0.036816,-1.080057,-1.068665,2.094834,1
6.517000,0.015340,-0.036816,-0.992643,-1.068665,2.182260,1
6.518000,0.015340,-0.036816,-0.992643,-1.068665,2.182271,1
6.519000,0.015340,-0.036816,-0.992643,-1.068665,2.182282,1
6.520000,0.015340,-0.036816,-0.992643,-1.068665,2.182293,1
6.521000,0.015340,-0.036816,-0.992643,-1.068665,2.182304,1
6.522000,0.015340,-0.036816,-0.992643,-1.068665,2.182315,1
6.523000,0.015340,-0.033748,-0.668214,-1.068665,2.445394,1
6.524000,0.015340,-0.033748,-0.633689,-1.068665,2.479929,1
6.525000,0.015340,-0.033748,-0.633689,-1.068665,2.479939,1
6.526000,0.018408,-0.030680,-1.218599,1.057136,-3.011785,1
6.527000,0.018408,-0.030680,-1.218599,0.901268,-2.700041,1
6.528000,0.018408,-0.030680,-1.218599,0.901268,-2.700032,1
6.529000,0.018408,-0.024544,-1.218599,0.872543,-2.765292,1
6.530000,0.018408,-0.024544,-1.218599,0.872543,-2.765285,1
6.531000,0.018408,-0.024544,-1.218599,0.872543,-2.765278,1
6.532000,0.018408,-0.024544,-1.218599,0.872543,-2.765270,1
6.533000,0.018408,-0.024544,-1.218599,0.872543,-2.765263,1
6.534000,0.018408,-0.024544,-1.218599,0.872543,-2.765255,1
6.535000,0.018408,-0.024544,-1.218599,0.872543,-2.765248,1
6.536000,0.018408,-0.024544,-1.218599,0.872543,-2.765241,1
6.537000,0.018408,-0.024544,-1.218599,0.872543,-2.765233,1
6.538000,0.018408,-0.024544,-1.218599,0.872543,-2.765226,1
6.539000,0.018408,-0.021476,1.216441,0.872543,0.000000,1
6.540000,0.018408,-0.021476,0.871689,0.872543,-0.736285,1
6.541000,0.018408,-0.021476,0.871689,0.872543,-0.736278,1
6.542000,0.015340,-0.024544,-0.643113,1.002380,-2.455523,1
6.543000,0.012272,-0.027612,-0.610835,1.002380,-2.368014,1
6.544000,0.012272,-0.027612,-0.610835,1.002380,-2.368005,1
6.545000,0.012272,-0.027612,-0.555562,1.002380,-2.312724,1
6.546000,0.012272,-0.027612,-0.555562,1.002380,-2.312716,1
6.547000,0.012272,-0.027612,-0.555562,1.002380,-2.312708,1
6.548000,0.012272,-0.027612,-0.555562,1.002380,-2.312699,1
6.549000,0.012272,-0.027612,-0.555562,1.002380,-2.312691,1
6.550000,0.012272,-0.027612,-0.555562,1.002380,-2.312683,1
6.551000,0.009204,-0.030680,-0.383325,1.002380,-2.085214,1
6.552000,0.009204,-0.030680,-0.383325,1.002380,-2.085205,1
6.553000,0.009204,-0.030680,-0.383325,1.002380,-2.085196,1
6.554000,0.009204,-0.030680,-0.383325,1.002380,-2.085186,1
6.555000,0.006136,-0.030680,-0.383325,1.002380,-2.091313,1
6.556000,0.006136,-0.030680,-0.383325,1.002380,-2.091304,1
6.557000,0.006136,-0.030680,-0.383325,1.002380,-2.091295,1
6.558000,0.006136,-0.030680,-0.383325,1.002380,-2.091285,1
6.559000,0.006136,-0.030680,-0.383325,1.002380,-2.091276,1
6.560000,-0.006136,-0.042951,-0.994542,-0.834504,1.792182,1
6.561000,-0.006136,-0.042951,-0.994542,-0.834504,1.792195,1
6.562000,-0.006136,-0.046019,-0.994542,-0.834504,1.853568,1
6.563000,-0.009204,-0.049087,-0.994542,-1.714723,3.669244,1
6.564000,-0.009204,-0.049087,-0.994542,-1.714723,3.669259,1
6.565000,-0.012272,-0.055223,-0.994542,-1.714723,3.785858,1
6.566000,-0.012272,-0.055223,-0.994542,-1.714723,3.785875,1
6.567000,-0.015340,-0.061359,-1.457478,-2.497719,5.005530,1
6.568000,-0.015340,-0.061359,-1.457478,-2.497719,5.005548,1
6.569000,-0.018408,-0.064427,-1.457478,-2.497719,5.060791,1
6.570000,-0.018408,-0.064427,-1.457478,-2.497719,5.060810,1
6.571000,-0.018408,-0.064427,-1.457478,-2.497719,5.060829,1
6.572000,-0.018408,-0.064427,-1.457478,-2.497719,5.060849,1
6.573000,-0.018408,-0.064427,-1.457478,-2.497719,5.060868,1
6.574000,-0.018408,-0.064427,-1.457478,-2.497719,5.060887,1
6.575000,-0.018408,-0.067495,-1.270343,-1.438559,3.191083,1
6.576000,-0.018408,-0.067495,-1.270343,-1.438559,3.191103,1
6.577000,-0.018408,-0.067495,-1.270343,-1.438559,3.191123,1
6.578000,-0.018408,-0.067495,-1.152251,-1.288964,3.010044,1
6.579000,-0.018408,-0.067495,-1.152251,-1.288964,3.010065,1
6.580000,-0.018408,-0.067495,-0.969724,-1.064768,2.744220,1
6.581000,-0.018408,-0.067495,-0.969724,-1.064768,2.744240,1
6.582000,-0.018408,-0.067495,-0.969724,-1.064768,2.744261,1
6.583000,-0.015340,-0.067495,0.837407,-0.907348,4.242710,1
6.584000,-0.015340,-0.067495,0.837407,-0.907348,4.242730,1
6.585000,-0.015340,-0.067495,0.837407,-0.907348,4.242750,1
6.586000,-0.015340,-0.064427,0.695083,-0.758772,3.741934,1
6.587000,-0.009204,-0.061359,0.566562,-0.758772,3.564344,1
6.588000,-0.006136,-0.061359,0.566712,-0.758772,3.570649,1
6.589000,-0.006136,-0.058291,0.566712,-0.758772,3.509307,1
6.590000,-0.006136,-0.058291,0.566712,-0.758772,3.509324,1
6.591000,-0.006136,-0.058291,0.566712,-0.758772,3.509342,1
6.592000,-0.006136,-0.058291,0.566712,-0.758772,3.509359,1
6.593000,-0.006136,-0.058291,0.566712,-0.758772,3.509377,1
6.594000,-0.006136,-0.058291,0.566712,-0.758772,3.509394,1
6.595000,-0.006136,-0.058291,0.566712,-0.758772,3.509412,1
6.596000,-0.003068,-0.058291,0.566712,-0.758772,3.515565,1
6.597000,-0.003068,-0.058291,0.566712,-0.758772,3.515583,1
6.598000,-0.003068,-0.058291,0.566712,-0.758772,3.515600,1
6.599000,0.009204,-0.046019,1.567377,1.294980,0.000000,1
6.600000,0.009204,-0.046019,1.567377,1.294980,0.000000,1
6.601000,0.018408,-0.036816,2.337167,2.356088,-1.930190,1
6.602000,0.018408,-0.036816,2.337167,2.356088,-1.930179,1
6.603000,0.018408,-0.036816,2.337167,2.356088,-1.930168,1
6.604000,0.018408,-0.036816,2.337167,2.356088,-1.930157,1
6.605000,0.018408,-0.036816,2.337167,2.356088,-1.930145,1
6.606000,0.018408,-0.036816,2.337167,2.356088,-1.930134,1
6.607000,0.018408,-0.036816,2.337167,2.356088,-1.930123,1
6.608000,0.018408,-0.036816,2.337167,2.356088,-1.930112,1
6.609000,0.018408,-0.036816,2.337167,2.356088,-1.930101,1
6.610000,0.018408,-0.036816,2.337167,2.356088,-1.930090,1
6.611000,0.030680,-0.027612,2.337167,3.021423,-3.420287,1
6.612000,0.030680,-0.027612,2.337167,3.021423,-3.420279,1
6.613000,0.030680,-0.027612,2.337167,3.021423,-3.420271,1
6.614000,0.058291,0.009204,3.505185,3.550453,-3.991403,1
6.615000,0.058291,0.009204,3.505185,3.550453,-3.991406,1
6.616000,0.058291,0.009204,3.505185,3.550453,-3.991409,1
6.617000,0.058291,0.009204,3.505185,3.550453,-3.991412,1
6.618000,0.058291,0.009204,3.505185,3.550453,-3.991414,1
6.619000,0.058291,0.009204,3.505185,3.550453,-3.991417,1
6.620000,0.070563,0.021476,3.491886,3.627206,-4.379121,1
6.621000,0.070563,0.021476,3.491886,3.627206,-4.379127,1
6.622000,0.070563,0.021476,3.491886,3.627206,-4.379134,1
6.623000,0.085903,0.036816,3.263283,3.007959,-3.645371,1
6.624000,0.095107,0.046019,2.822556,2.257872,-2.751606,1
6.625000,0.098175,0.046019,2.822556,2.257872,-2.745484,1
6.626000,0.098175,0.049087,2.770056,2.257872,-2.859358,1
6.627000,0.098175,0.049087,2.770056,2.257872,-2.859373,1
6.628000,0.098175,0.049087,2.770056,2.257872,-2.859388,1
6.629000,0.098175,0.049087,2.770056,2.257872,-2.859403,1
6.630000,0.098175,0.049087,2.770056,2.257872,-2.859417,1
6.631000,0.098175,0.049087,2.770056,2.257872,-2.859432,1
6.632000,0.098175,0.049087,2.770056,2.257872,-2.859447,1
6.633000,0.101243,0.049087,2.258945,2.257872,-3.364436,1
6.634000,0.101243,0.049087,2.258945,2.257872,-3.364451,1
6.635000,0.101243,0.049087,2.258945,2.257872,-3.364465,1
6.636000,0.107379,0.055223,2.217676,1.290651,-1.581756,1
6.637000,0.107379,0.055223,2.217676,1.290651,-1.581773,1
6.638000,0.107379,0.055223,2.217676,1.290651,-1.581789,1
6.639000,0.107379,0.055223,2.217676,1.290651,-1.581806,1
6.640000,0.107379,0.055223,2.217676,1.290651,-1.581822,1
6.641000,0.107379,0.055223,2.217676,1.290651,-1.581839,1
6.642000,0.110447,0.055223,1.581514,0.980916,-1.592412,1
6.643000,0.110447,0.055223,1.581514,0.980916,-1.592429,1
6.644000,0.110447,0.055223,1.581514,0.980916,-1.592445,1
6.645000,0.110447,0.055223,1.581514,0.980916,-1.592462,1
6.646000,0.110447,0.055223,1.581514,0.980916,-1.592478,1
6.647000,0.110447,0.055223,1.581514,0.980916,-1.592495,1
6.648000,0.113515,0.055223,0.891781,0.662910,-1.640096,1
6.649000,0.113515,0.055223,0.891781,0.662910,-1.640112,1
6.650000,0.113515,0.055223,0.891781,0.662910,-1.640129,1
6.651000,0.110447,0.049087,-0.621018,-0.515889,-0.678763,1
6.652000,0.107379,0.046019,-1.363242,-0.515889,-1.365778,1
6.653000,0.104311,0.042951,-1.363242,-0.515889,-1.310567,1
6.654000,0.104311,0.042951,-1.363242,-0.515889,-1.310580,1
6.655000,0.104311,0.042951,-1.363242,-0.515889,-1.310593,1
6.656000,0.104311,0.042951,-1.363242,-0.515889,-1.310606,1
6.657000,0.104311,0.042951,-1.363242,-0.515889,-1.310619,1
6.658000,0.104311,0.042951,-1.363242,-0.515889,-1.310632,1
6.659000,0.104311,0.042951,-1.363242,-0.515889,-1.310645,1
6.660000,0.104311,0.042951,-1.363242,-0.515889,-1.310657,1
6.661000,0.104311,0.042951,-1.363242,-0.515889,-1.310670,1
6.662000,0.104311,0.042951,-1.363242,-0.515889,-1.310683,1
6.663000,0.104311,0.042951,-1.363242,-0.515889,-1.310696,1
6.664000,0.098175,0.033748,-0.988872,-1.217846,1.239384,1
6.665000,0.098175,0.033748,-0.988872,-1.217846,1.239374,1
6.666000,0.098175,0.033748,-0.988872,-1.217846,1.239364,1
6.667000,0.092039,0.027612,-0.548559,-1.217846,1.790116,1
6.668000,0.085903,0.021476,-0.548559,-1.582219,2.629302,1
6.669000,0.085903,0.018408,-0.548559,-1.582219,2.690656,1
6.670000,0.085903,0.018408,-0.548559,-1.582219,2.690650,1
6.671000,0.085903,0.018408,-0.548559,-1.582219,2.690645,1
6.672000,0.085903,0.015340,-0.548559,-1.582219,2.751999,1
6.673000,0.085903,0.015340,-0.548559,-1.582219,2.751995,1
6.674000,0.082835,0.009204,-1.282462,-2.428032,3.826296,1
6.675000,0.082835,0.009204,-1.282462,-2.428032,3.826293,1
6.676000,0.082835,0.009204,-1.282462,-2.428032,3.826291,1
6.677000,0.079767,0.009204,-1.282462,-2.428032,3.820152,1
6.678000,0.079767,0.009204,-1.282462,-2.428032,3.820149,1
6.679000,0.079767,0.009204,-1.282462,-2.428032,3.820146,1
6.680000,0.079767,0.009204,-1.282462,-2.428032,3.820144,1
6.681000,0.079767,0.009204,-1.282462,-2.428032,3.820141,1
6.682000,0.079767,0.009204,-1.282462,-2.428032,3.820138,1
6.683000,0.076699,0.003068,-1.282462,-1.795019,2.670694,1
6.684000,0.076699,0.003068,-1.282462,-1.795019,2.670693,1
6.685000,0.076699,0.003068,-1.282462,-1.795019,2.670692,1
6.686000,0.076699,0.003068,-1.282462,-1.795019,2.670691,1
6.687000,0.076699,0.003068,-1.282462,-1.795019,2.670690,1
6.688000,0.076699,0.003068,-1.282462,-1.795019,2.670689,1
6.689000,0.076699,0.003068,-1.282462,-1.795019,2.670688,1
6.690000,0.076699,0.003068,-0.953590,-0.956302,1.322125,1
6.691000,0.085903,0.009204,-1.124309,0.603525,-2.672560,1
6.692000,0.085903,0.009204,-1.124309,0.603525,-2.672563,1
6.693000,0.088971,0.015340,-1.124309,0.603525,-2.789150,1
6.694000,0.088971,0.018408,-1.124309,0.603525,-2.850515,1
6.695000,0.088971,0.018408,-1.124309,0.603525,-2.850520,1
6.696000,0.092039,0.018408,0.885969,0.603525,-0.834111,1
6.697000,0.092039,0.018408,0.885969,0.603525,-0.834117,1
6.698000,0.092039,0.021476,0.885969,1.763566,-3.215565,1
6.699000,0.095107,0.021476,0.885969,1.763566,-3.209435,1
6.700000,0.095107,0.024544,0.885969,1.763566,-3.270802,1
6.701000,0.095107,0.024544,0.885969,1.763566,-3.270809,1
6.702000,0.095107,0.024544,0.885969,1.763566,-3.270816,1
6.703000,0.095107,0.024544,0.885969,1.763566,-3.270824,1
6.704000,0.098175,0.027612,0.885969,1.286646,-2.372215,1
6.705000,0.098175,0.027612,0.885969,1.286646,-2.372223,1
6.706000,0.098175,0.027612,0.885969,1.286646,-2.372231,1
6.707000,0.098175,0.027612,0.885969,1.286646,-2.372240,1
6.708000,0.098175,0.024544,0.885969,1.264791,-2.267179,1
6.709000,0.098175,0.024544,0.885969,1.264791,-2.267186,1
6.710000,0.095107,0.024544,0.935545,1.264791,-2.223754,1
6.711000,0.095107,0.024544,0.935545,1.264791,-2.223761,1
6.712000,0.095107,0.024544,0.935545,1.264791,-2.223769,1
6.713000,0.095107,0.021476,0.935545,1.264791,-2.162416,1
6.714000,0.095107,0.021476,0.935545,1.264791,-2.162422,1
6.715000,0.092039,0.021476,0.935545,1.264791,-2.168565,1
6.716000,0.088971,0.015340,0.935545,-1.036068,3.149731,1
6.717000,0.088971,0.015340,0.935545,-1.036068,3.149726,1
6.718000,0.088971,0.015340,0.935545,-1.036068,3.149722,1
6.719000,0.088971,0.015340,0.935545,-1.036068,3.149717,1
6.720000,0.088971,0.015340,0.935545,-0.955540,2.988658,1
6.721000,0.085903,0.009204,0.935545,-0.945103,3.084363,1
6.722000,0.085903,0.009204,0.935545,-0.945103,3.084360,1
6.723000,0.085903,0.006136,-0.900902,-0.945103,1.309270,1
6.724000,0.085903,0.006136,-0.838947,-0.945103,1.371223,1
6.725000,0.082835,0.006136,-0.869285,-0.945103,1.334747,1
6.726000,0.082835,0.006136,-0.869285,-0.945103,1.334745,1
6.727000,0.082835,0.003068,-0.869285,-0.945103,1.396104,1
6.728000,0.082835,0.003068,-0.869285,-0.945103,1.396103,1
6.729000,0.082835,0.003068,-0.869285,-0.945103,1.396102,1
6.730000,0.082835,0.000000,-0.869285,-1.301014,2.169282,1
6.731000,0.079767,0.000000,-0.869285,-1.301014,2.163146,1
6.732000,0.079767,0.000000,-0.869285,-1.301014,2.163146,1
6.733000,0.079767,0.000000,-0.869285,-1.301014,2.163146,1
6.734000,0.079767,0.000000,-0.869285,-1.301014,2.163146,1
6.735000,0.079767,0.000000,-0.869285,-1.301014,2.163146,1
6.736000,0.079767,-0.003068,-0.869285,-1.301014,2.224506,1
6.737000,0.079767,-0.003068,-0.869285,-1.301014,2.224507,1
6.738000,0.082835,0.000000,-0.869285,-1.301014,2.169284,1
6.739000,0.082835,0.000000,0.836344,-1.301014,3.874913,1
6.740000,0.082835,0.000000,0.783064,1.178201,-1.736795,1
6.741000,0.082835,0.000000,0.735882,1.074540,-1.576656,1
6.742000,0.082835,0.003068,0.694188,0.987899,-1.506428,1
6.743000,0.082835,0.003068,0.656991,0.914236,-1.396301,1
6.744000,0.085903,0.003068,0.623855,0.850771,-1.296370,1
6.745000,0.085903,0.006136,0.593665,0.796070,-1.278521,1
6.746000,0.085903,0.006136,0.566385,0.747775,-1.209212,1
6.747000,0.085903,0.006136,0.541175,0.704449,-1.147771,1
6.748000,0.085903,0.006136,0.518236,0.666071,-1.093957,1
6.749000,0.085903,0.006136,0.497347,0.631957,-1.046619,1
6.750000,0.085903,0.006136,0.477975,0.601006,-1.004091,1
6.751000,0.085903,0.006136,0.460151,0.573094,-0.966092,1
6.752000,0.085903,0.006136,0.443373,0.547299,-0.931282,1
6.753000,0.085903,0.006136,0.427997,0.524058,-0.900180,1
6.754000,0.085903,0.006136,0.413571,0.502593,-0.871677,1
6.755000,0.085903,0.006136,0.400039,0.482748,-0.845520,1
6.756000,0.085903,0.003068,0.387479,-0.464575,1.697925,1
6.757000,0.085903,0.003068,0.375597,-0.447598,1.652087,1
6.758000,0.088971,0.003068,0.364386,-0.431768,1.615351,1
6.759000,0.088971,0.000000,0.353883,-0.424775,1.652221,1
6.760000,0.088971,0.000000,0.343968,-0.424775,1.642306,1
6.761000,0.088971,0.000000,0.334643,-0.424775,1.632981,1
6.762000,0.088971,0.000000,0.325689,-0.424775,1.624028,1
6.763000,0.088971,0.000000,0.317309,-0.424775,1.615647,1
6.764000,0.088971,0.000000,0.309278,-0.424775,1.607616,1
6.765000,0.088971,0.000000,0.301718,-0.424775,1.600056,1
6.766000,0.088971,0.000000,0.294479,-0.424775,1.592817,1
6.767000,0.088971,0.000000,0.287615,-0.424775,1.585954,1
6.768000,0.092039,0.000000,0.468448,-0.424775,1.772922,1
6.769000,0.092039,0.000000,0.468448,-0.424775,1.772922,1
6.770000,0.092039,0.003068,0.468448,-0.424775,1.711562,1
6.771000,0.092039,0.003068,0.468448,-0.424775,1.711561,1
6.772000,0.092039,0.003068,0.468448,-0.424775,1.711560,1
6.773000,0.092039,0.003068,0.468448,-0.424775,1.711559,1
6.774000,0.092039,0.003068,0.468448,-0.424775,1.711558,1
6.775000,0.092039,0.003068,0.468448,-0.424775,1.711557,1
6.776000,0.092039,0.003068,0.468448,-0.424775,1.711556,1
6.777000,0.092039,0.003068,0.468448,-0.424775,1.711555,1
6.778000,0.092039,0.003068,0.468448,-0.424775,1.711555,1
6.779000,0.098175,0.006136,0.468448,-0.424775,1.662465,1
6.780000,0.101243,0.009204,0.468448,0.675842,-1.193994,1
6.781000,0.101243,0.009204,0.468448,0.675842,-1.193996,1
6.782000,0.101243,0.009204,0.468448,0.675842,-1.193999,1
6.783000,0.101243,0.009204,0.468448,0.675842,-1.194002,1
6.784000,0.101243,0.009204,0.468448,0.675842,-1.194005,1
6.785000,0.104311,0.012272,0.385975,0.675842,-1.331704,1
6.786000,0.104311,0.012272,0.385975,0.675842,-1.331708,1
6.787000,0.104311,0.012272,0.385975,0.675842,-1.331712,1
6.788000,0.107379,0.021476,0.385975,1.481866,-3.121709,1
6.789000,0.107379,0.021476,0.385975,1.481866,-3.121715,1
6.790000,0.107379,0.021476,0.385975,1.481866,-3.121722,1
6.791000,0.113515,0.024544,0.385975,1.481866,-3.170816,1
6.792000,0.113515,0.024544,0.385975,1.481866,-3.170824,1
6.793000,0.113515,0.024544,0.385975,1.481866,-3.170831,1
6.794000,0.116583,0.027612,1.253638,1.481866,-2.358400,1
6.795000,0.116583,0.027612,1.253638,1.481866,-2.358408,1
6.796000,0.116583,0.027612,1.253638,1.481866,-2.358416,1
6.797000,0.119651,0.030680,1.253638,1.350079,-2.150076,1
6.798000,0.119651,0.033748,1.253638,1.181383,-1.874052,1
6.799000,0.119651,0.033748,1.253638,1.181383,-1.874063,1
6.800000,0.119651,0.033748,1.243385,1.181383,-1.884326,1
6.801000,0.119651,0.033748,1.129021,1.181383,-1.998700,1
6.802000,0.119651,0.033748,1.033674,1.181383,-2.094057,1
6.803000,0.119651,0.033748,0.885077,1.181383,-2.242664,1
6.804000,0.119651,0.030680,0.617601,-0.834730,2.183435,1
6.805000,0.119651,0.030680,0.617601,-0.834730,2.183426,1
6.806000,0.119651,0.030680,0.617601,-0.834730,2.183417,1
6.807000,0.119651,0.030680,0.617601,-0.834730,2.183408,1
6.808000,0.119651,0.030680,0.617601,-0.834730,2.183398,1
6.809000,0.119651,0.030680,0.617601,-0.834730,2.183389,1
6.810000,0.119651,0.030680,0.617601,-0.834730,2.183380,1
6.811000,0.116583,0.021476,-0.514117,-0.746961,1.054060,1
6.812000,0.116583,0.021476,-0.514117,-0.746961,1.054054,1
6.813000,0.116583,0.021476,-0.456656,-0.746961,1.111508,1
6.814000,0.116583,0.021476,-0.440302,-0.746961,1.127856,1
6.815000,0.116583,0.021476,-0.440302,-0.746961,1.127850,1
6.816000,0.116583,0.021476,-0.440302,-0.746961,1.127843,1
6.817000,0.116583,0.021476,-0.424994,-0.746961,1.143145,1
6.818000,0.116583,0.018408,-0.315680,-0.710468,1.240825,1
6.819000,0.116583,0.018408,-0.315680,-0.710468,1.240819,1
6.820000,0.116583,0.018408,-0.315680,-0.710468,1.240814,1
6.821000,0.116583,0.018408,-0.315680,-0.710468,1.240808,1
6.822000,0.116583,0.018408,-0.315680,-0.710468,1.240803,1
6.823000,0.116583,0.018408,-0.315680,-0.710468,1.240797,1
6.824000,0.116583,0.018408,-0.315680,-0.710468,1.240792,1
6.825000,0.116583,0.018408,-0.315680,-0.710468,1.240786,1
6.826000,0.116583,0.018408,-0.315680,-0.710468,1.240781,1
6.827000,0.116583,0.018408,-0.315680,-0.710468,1.240775,1
6.828000,0.116583,0.018408,-0.315680,-0.710468,1.240770,1
6.829000,0.116583,0.018408,-0.315680,-0.710468,1.240764,1
6.830000,0.116583,0.018408,-0.307843,-0.671966,1.171592,1
6.831000,0.116583,0.018408,-0.307843,-0.671966,1.171587,1
6.832000,0.116583,0.018408,-0.307843,-0.671966,1.171581,1
6.833000,0.116583,0.018408,-0.300322,-0.637136,1.109437,1
6.834000,0.119651,0.021476,0.286223,-0.587305,1.541092,1
6.835000,0.119651,0.021476,0.286223,-0.587305,1.541085,1
6.836000,0.119651,0.021476,0.279699,-0.587305,1.534554,1
6.837000,0.119651,0.021476,0.261806,-0.587305,1.516655,1
6.838000,0.122718,0.021476,0.256332,-0.587305,1.517310,1
6.839000,0.122718,0.021476,0.251111,-0.587305,1.512083,1
6.840000,0.122718,0.021476,0.246059,-0.587305,1.507025,1
6.841000,0.122718,0.021476,0.246059,-0.587305,1.507018,1
6.842000,0.122718,0.021476,0.246059,-0.587305,1.507012,1
6.843000,0.128854,0.027612,0.234628,-0.587305,1.385126,1
6.844000,0.128854,0.027612,0.234628,-0.587305,1.385118,1
6.845000,0.128854,0.027612,0.234628,-0.587305,1.385109,1
6.846000,0.128854,0.027612,0.234628,-0.587305,1.385101,1
6.847000,0.128854,0.027612,0.234628,-0.587305,1.385093,1
6.848000,0.131922,0.027612,0.234628,-0.587305,1.391220,1
6.849000,0.134990,0.033748,0.234628,0.668626,-1.837235,1
6.850000,0.134990,0.033748,0.234628,0.668626,-1.837245,1
6.851000,0.134990,0.033748,0.234628,0.668626,-1.837255,1
6.852000,0.134990,0.033748,0.234628,0.668626,-1.837265,1
6.853000,0.138058,0.036816,0.234628,0.668626,-1.892500,1
6.854000,0.138058,0.039884,0.234628,0.668626,-1.953871,1
6.855000,0.138058,0.039884,0.234628,0.668626,-1.953883,1
6.856000,0.141126,0.042951,0.987492,0.668626,-1.256255,1
6.857000,0.141126,0.042951,0.987492,0.668626,-1.256268,1
6.858000,0.141126,0.042951,0.987492,0.668626,-1.256281,1
6.859000,0.141126,0.042951,0.987492,0.668626,-1.256294,1
6.860000,0.141126,0.042951,0.987492,0.668626,-1.256307,1
6.861000,0.141126,0.042951,0.987492,0.668626,-1.256320,1
6.862000,0.141126,0.042951,0.987492,0.668626,-1.256332,1
6.863000,0.144194,0.046019,0.987492,1.409225,-2.792768,1
6.864000,0.144194,0.046019,0.987492,1.409225,-2.792782,1
6.865000,0.144194,0.046019,0.987492,1.409225,-2.792796,1
6.866000,0.144194,0.046019,0.987492,1.409225,-2.792810,1
6.867000,0.147262,0.049087,0.987492,1.409225,-2.848048,1
6.868000,0.147262,0.049087,0.987492,1.409225,-2.848063,1
6.869000,0.147262,0.049087,0.987492,1.409225,-2.848077,1
6.870000,0.147262,0.052155,0.850448,1.189192,-2.606429,1
6.871000,0.147262,0.052155,0.795323,1.084120,-2.451426,1
6.872000,0.147262,0.052155,0.631739,0.801290,-2.049365,1
6.873000,0.147262,0.052155,0.631739,0.801290,-2.049381,1
6.874000,0.147262,0.052155,0.631739,0.801290,-2.049397,1
6.875000,0.147262,0.052155,0.631739,0.801290,-2.049412,1
6.876000,0.147262,0.052155,0.600729,0.752049,-1.981956,1
6.877000,0.147262,0.052155,0.523870,0.635353,-1.825439,1
6.878000,0.147262,0.052155,0.523870,0.635353,-1.825455,1
6.879000,0.147262,0.052155,0.523870,0.635353,-1.825471,1
6.880000,0.147262,0.052155,0.523870,0.635353,-1.825486,1
6.881000,0.144194,0.049087,0.899040,0.584667,-1.293735,1
6.882000,0.144194,0.049087,0.899040,0.584667,-1.293749,1
6.883000,0.144194,0.049087,0.899040,0.584667,-1.293764,1
6.884000,0.144194,0.049087,0.899040,0.584667,-1.293779,1
6.885000,0.138058,0.042951,0.899040,0.584667,-1.183345,1
6.886000,0.138058,0.042951,0.899040,0.584667,-1.183358,1
6.887000,0.138058,0.042951,0.899040,0.584667,-1.183371,1
6.888000,0.138058,0.042951,0.899040,0.584667,-1.183384,1
6.889000,0.134990,0.039884,0.899040,0.584667,-1.128173,1
6.890000,0.134990,0.039884,0.899040,0.584667,-1.128184,1
6.891000,0.134990,0.039884,0.899040,0.584667,-1.128196,1
6.892000,0.134990,0.039884,0.899040,0.584667,-1.128208,1
6.893000,0.134990,0.039884,0.899040,0.584667,-1.128220,1
6.894000,0.134990,0.039884,0.899040,0.584667,-1.128232,1
6.895000,0.134990,0.039884,0.899040,0.584667,-1.128244,1
6.896000,0.134990,0.039884,0.899040,0.584667,-1.128256,1
6.897000,0.131922,0.033748,-0.497035,-1.059270,1.480115,1
6.898000,0.128854,0.033748,-0.497035,-1.059270,1.473969,1
6.899000,0.125786,0.027612,-0.497035,-1.059270,1.590543,1
6.900000,0.125786,0.027612,-0.497035,-1.059270,1.590534,1
6.901000,0.122718,0.021476,-0.497035,-1.766694,3.121958,1
6.902000,0.122718,0.021476,-0.497035,-1.766694,3.121952,1
6.903000,0.122718,0.021476,-0.497035,-1.766694,3.121945,1
6.904000,0.122718,0.021476,-0.497035,-1.766694,3.121939,1
6.905000,0.122718,0.018408,-0.497035,-1.766694,3.183293,1
6.906000,0.122718,0.018408,-0.497035,-1.766694,3.183287,1
6.907000,0.119651,0.015340,-1.341411,-1.766694,2.394129,1
6.908000,0.119651,0.015340,-1.341411,-1.766694,2.394124,1
6.909000,0.116583,0.012272,-1.341411,-1.635214,2.186384,1
6.910000,0.116583,0.012272,-1.341411,-1.635214,2.186380,1
6.911000,0.116583,0.012272,-1.341411,-1.635214,2.186377,1
6.912000,0.116583,0.012272,-1.341411,-1.635214,2.186373,1
6.913000,0.116583,0.012272,-1.341411,-1.635214,2.186369,1
6.914000,0.116583,0.012272,-0.985703,-1.480895,2.233437,1
6.915000,0.116583,0.012272,-0.985703,-1.480895,2.233433,1
6.916000,0.116583,0.012272,-0.793912,-1.086546,1.636523,1
6.917000,0.116583,0.012272,-0.793912,-1.086546,1.636519,1
6.918000,0.116583,0.015340,-0.665047,0.858800,-2.786672,1
6.919000,0.116583,0.015340,-0.665047,0.858800,-2.786677,1
6.920000,0.119651,0.018408,0.571943,0.709629,-1.306573,1
6.921000,0.119651,0.018408,0.571943,0.709629,-1.306578,1
6.922000,0.122718,0.021476,0.501845,0.635686,-1.284021,1
6.923000,0.122718,0.021476,0.501845,0.635686,-1.284027,1
6.924000,0.125786,0.027612,0.447019,0.635686,-1.455444,1
6.925000,0.125786,0.027612,0.447019,0.635686,-1.455453,1
6.926000,0.125786,0.027612,0.447019,0.635686,-1.455461,1
6.927000,0.125786,0.027612,0.447019,0.635686,-1.455469,1
6.928000,0.125786,0.027612,0.447019,0.635686,-1.455477,1
6.929000,0.125786,0.027612,0.447019,0.635686,-1.455486,1
6.930000,0.125786,0.027612,0.447019,0.635686,-1.455494,1
6.931000,0.125786,0.027612,0.447019,0.635686,-1.455502,1
6.932000,0.125786,0.027612,0.447019,0.635686,-1.455511,1
6.933000,0.125786,0.027612,0.447019,0.635686,-1.455519,1
6.934000,0.128854,0.033748,0.443390,1.542849,-3.390067,1
6.935000,0.128854,0.033748,0.443390,1.542849,-3.390078,1
6.936000,0.128854,0.033748,0.443390,1.542849,-3.390088,1
6.937000,0.128854,0.033748,0.443390,1.542849,-3.390098,1
6.938000,0.128854,0.036816,0.443390,1.542849,-3.451468,1
6.939000,0.128854,0.036816,0.443390,1.542849,-3.451479,1
6.940000,0.128854,0.036816,0.443390,1.527444,-3.420679,1
6.941000,0.128854,0.036816,0.443390,1.527444,-3.420690,1
6.942000,0.122718,0.033748,0.443390,-0.941703,2.166682,1
6.943000,0.119651,0.030680,-0.673777,-0.765562,0.752447,1
6.944000,0.119651,0.030680,-0.673777,-0.765562,0.752438,1
6.945000,0.119651,0.027612,-0.673777,-0.720415,0.723495,1
6.946000,0.119651,0.027612,-0.673777,-0.720415,0.723487,1
6.947000,0.119651,0.027612,-0.673777,-0.720415,0.723478,1
6.948000,0.119651,0.027612,-0.673777,-0.720415,0.723470,1
6.949000,0.110447,0.018408,-0.673777,-0.688905,0.826115,1
6.950000,0.107379,0.018408,-1.190547,-0.688905,0.000000,1
6.951000,0.107379,0.015340,-1.190547,-0.688905,0.000000,1
6.952000,0.107379,0.015340,-1.190547,-0.688905,0.000000,1
6.953000,0.107379,0.015340,-1.190547,-0.688905,0.000000,1
6.954000,0.107379,0.015340,-1.190547,-0.688905,0.000000,1
6.955000,0.107379,0.015340,-1.190547,-0.688905,0.000000,1
6.956000,0.107379,0.015340,-1.190547,-0.688905,0.000000,1
6.957000,0.107379,0.015340,-1.190547,-0.688905,0.000000,1
6.958000,0.107379,0.015340,-1.190547,-0.688905,0.000000,1
6.959000,0.107379,0.015340,-1.190547,-0.688905,0.000000,1
6.960000,0.107379,0.015340,-1.190547,-0.688905,0.000000,1
6.961000,0.107379,0.015340,-1.190547,-0.688905,0.000000,1
6.962000,0.107379,0.015340,-1.190547,-0.688905,0.000000,1
6.963000,0.107379,0.015340,-1.190547,-0.688905,0.000000,1
6.964000,0.107379,0.015340,-1.190547,-0.688905,0.000000,1
6.965000,0.107379,0.015340,-1.190547,-0.688905,0.000000,1
6.966000,0.107379,0.015340,-1.190547,-0.688905,0.000000,1
6.967000,0.107379,0.015340,-1.190547,-0.688905,0.000000,1
6.968000,0.107379,0.015340,-1.190547,-0.688905,0.000000,1
6.969000,0.104311,0.012272,-1.190547,-1.067393,1.176674,1
6.970000,0.104311,0.012272,-1.190547,-1.067393,1.176670,1
6.971000,0.104311,0.012272,-1.190547,-1.067393,1.176667,1
6.972000,0.104311,0.009204,-1.190547,-1.067393,1.238023,1
6.973000,0.101243,0.009204,-0.927729,-1.067393,1.494702,1
6.974000,0.101243,0.009204,-0.863033,-1.067393,1.559396,1
6.975000,0.101243,0.009204,-0.806178,-1.047361,1.576185,1
6.976000,0.101243,0.009204,-0.806178,-1.047361,1.576182,1
6.977000,0.098175,0.006136,-0.712375,-0.894363,1.419209,1
6.978000,0.098175,0.003068,-0.638590,-0.780358,1.326343,1
6.979000,0.098175,0.003068,-0.638590,-0.780358,1.326342,1
6.980000,0.098175,0.003068,-0.638590,-0.780358,1.326341,1
6.981000,0.098175,0.003068,-0.606778,-0.733994,1.265424,1
6.982000,0.098175,0.006136,-0.578029,0.692340,-2.219856,1
6.983000,0.098175,0.006136,-0.552055,0.655405,-2.120014,1
6.984000,0.098175,0.006136,-0.528289,0.622176,-2.029791,1
6.985000,0.098175,0.006136,-0.528289,0.622176,-2.029793,1
6.986000,0.098175,0.006136,-0.528289,0.622176,-2.029795,1
6.987000,0.098175,0.006136,-0.528289,0.622176,-2.029796,1
6.988000,0.098175,0.006136,-0.506523,0.592205,-1.948090,1
6.989000,0.098175,0.006136,-0.506523,0.592205,-1.948092,1
6.990000,0.098175,0.006136,-0.506523,0.592205,-1.948093,1
6.991000,0.098175,0.006136,-0.506523,0.592205,-1.948095,1
6.992000,0.098175,0.006136,-0.506523,0.592205,-1.948097,1
6.993000,0.098175,0.006136,-0.506523,0.592205,-1.948099,1
6.994000,0.098175,0.006136,-0.506523,0.592205,-1.948101,1
6.995000,0.095107,0.006136,-0.802809,0.542510,-2.151135,1
6.996000,0.095107,0.006136,-0.802809,0.542510,-2.151137,1
6.997000,0.095107,0.006136,-0.802809,0.542510,-2.151139,1
6.998000,0.088971,0.003068,-0.802809,0.542510,-2.102052,1
6.999000,0.082835,0.000000,-0.488388,-1.184894,2.316263,1
7.000000,0.082835,-0.003068,-0.488388,-1.184894,2.377623,1
7.001000,0.082835,-0.003068,-0.488388,-1.184894,2.377624,1
7.002000,0.082835,-0.003068,-0.488388,-1.184894,2.377625,1
7.003000,0.082835,-0.006136,-0.488388,-1.184894,2.438986,1
7.004000,0.079767,-0.009204,-0.488388,-1.184894,2.494212,1
7.005000,0.079767,-0.009204,-0.488388,-1.184894,2.494215,1
7.006000,0.079767,-0.009204,-0.488388,-1.184894,2.494217,1
7.007000,0.079767,-0.009204,-0.488388,-1.184894,2.494220,1
7.008000,0.076699,-0.009204,-0.488388,-1.184894,2.488087,1
7.009000,0.076699,-0.009204,-0.488388,-1.184894,2.488090,1
7.010000,0.076699,-0.009204,-0.488388,-1.184894,2.488092,1
7.011000,0.073631,-0.012272,-0.488388,-1.352276,2.878083,1
7.012000,0.073631,-0.015340,-0.488388,-1.352276,2.939447,1
7.013000,0.073631,-0.015340,-0.488388,-1.352276,2.939452,1
7.014000,0.073631,-0.015340,-0.488388,-1.352276,2.939456,1
7.015000,0.073631,-0.015340,-0.488388,-1.352276,2.939461,1
7.016000,0.073631,-0.015340,-0.488388,-1.352276,2.939466,1
7.017000,0.073631,-0.015340,-0.488388,-1.268998,2.772915,1
7.018000,0.073631,-0.015340,-0.488388,-1.268998,2.772920,1
7.019000,0.073631,-0.015340,-0.488388,-1.268998,2.772924,1
7.020000,0.073631,-0.015340,-0.488388,-1.052014,2.338961,1
7.021000,0.073631,-0.015340,-0.488388,-1.052014,2.338965,1
7.022000,0.073631,-0.015340,-0.488388,-1.052014,2.338970,1
7.023000,0.073631,-0.012272,-0.488388,0.836522,-2.099458,1
7.024000,0.073631,-0.012272,-0.488388,0.836522,-2.099454,1
7.025000,0.073631,-0.012272,-0.488388,0.836522,-2.099450,1
7.026000,0.079767,-0.009204,1.225437,0.694730,0.000000,1
7.027000,0.082835,-0.003068,1.225437,0.577745,0.566263,1
7.028000,0.085903,0.000000,1.225437,0.577745,0.511039,1
7.029000,0.085903,0.000000,1.225437,0.577745,0.511039,1
7.030000,0.085903,0.000000,1.225437,0.577745,0.511039,1
7.031000,0.085903,0.000000,1.225437,0.577745,0.511039,1
7.032000,0.085903,0.000000,1.225437,0.577745,0.511039,1
7.033000,0.085903,0.000000,1.225437,0.577745,0.511039,1
7.034000,0.085903,0.000000,1.225437,0.577745,0.511039,1
7.035000,0.085903,0.000000,1.225437,0.577745,0.511039,1
7.036000,0.092039,0.009204,0.518221,2.247431,-4.307357,1
7.037000,0.098175,0.015340,0.518221,2.247431,-4.417808,1
7.038000,0.098175,0.018408,0.518221,2.058843,-4.101996,1
7.039000,0.098175,0.018408,0.518221,2.058843,-4.102002,1
7.040000,0.098175,0.018408,0.518221,2.058843,-4.102007,1
7.041000,0.098175,0.018408,0.518221,2.058843,-4.102013,1
7.042000,0.098175,0.018408,0.518221,2.058843,-4.102018,1
7.043000,0.101243,0.021476,0.518221,1.765345,-3.570253,1
7.044000,0.101243,0.021476,0.518221,1.765345,-3.570260,1
7.045000,0.101243,0.021476,0.518221,1.765345,-3.570266,1
7.046000,0.104311,0.024544,1.592968,1.765345,-2.550750,1
7.047000,0.104311,0.024544,1.592968,1.765345,-2.550758,1
7.048000,0.104311,0.024544,1.592968,1.765345,-2.550765,1
7.049000,0.104311,0.024544,1.592968,1.765345,-2.550772,1
7.050000,0.104311,0.024544,1.592968,1.765345,-2.550780,1
7.051000,0.104311,0.024544,1.592968,1.765345,-2.550787,1
7.052000,0.104311,0.024544,1.592968,1.751654,-2.523413,1
7.053000,0.104311,0.024544,1.592968,1.751654,-2.523420,1
7.054000,0.104311,0.024544,1.592968,1.751654,-2.523427,1
7.055000,0.101243,0.021476,-1.081002,-0.943307,0.847743,1
7.056000,0.095107,0.018408,-0.827312,-0.721751,0.707401,1
7.057000,0.095107,0.015340,-0.827312,-0.681549,0.688353,1
7.058000,0.095107,0.012272,-0.827312,-0.658658,0.703927,1
7.059000,0.092039,0.012272,-0.827312,-0.658658,0.697787,1
7.060000,0.092039,0.009204,-0.827312,-0.658658,0.759144,1
7.061000,0.088971,0.009204,-0.827312,-0.658658,0.753005,1
7.062000,0.088971,0.006136,-0.827312,-0.658658,0.814362,1
7.063000,0.088971,0.006136,-0.827312,-0.658658,0.814360,1
7.064000,0.085903,0.006136,-0.827312,-0.658658,0.808223,1
7.065000,0.085903,0.003068,-0.827312,-0.658658,0.869581,1
7.066000,0.082835,0.003068,-1.201432,-0.658658,0.489324,1
7.067000,0.082835,0.003068,-1.201432,-0.658658,0.489323,1
7.068000,0.082835,0.003068,-1.201432,-0.658658,0.489322,1
7.069000,0.079767,0.000000,-1.201432,-1.204278,1.635786,1
7.070000,0.079767,0.000000,-1.201432,-1.204278,1.635786,1
7.071000,0.079767,0.000000,-1.201432,-1.204278,1.635786,1
7.072000,0.076699,-0.003068,-1.201432,-1.204278,1.691010,1
7.073000,0.076699,-0.003068,-1.201432,-1.204278,1.691011,1
7.074000,0.076699,-0.003068,-1.201432,-1.204278,1.691012,1
7.075000,0.076699,-0.003068,-1.201432,-1.204278,1.691013,1
7.076000,0.076699,-0.003068,-1.201432,-1.204278,1.691014,1
7.077000,0.076699,-0.003068,-1.201432,-1.204278,1.691014,1
7.078000,0.076699,-0.003068,-1.201432,-1.204278,1.691015,1
7.079000,0.076699,-0.006136,-1.183902,-1.204278,1.769907,1
7.080000,0.073631,-0.006136,-0.918176,-1.096263,1.813469,1
7.081000,0.073631,-0.006136,-0.918176,-1.096263,1.813471,1
7.082000,0.073631,-0.006136,-0.854426,-1.006593,1.697881,1
7.083000,0.073631,-0.009204,-0.749795,-0.864475,1.579639,1
7.084000,0.073631,-0.009204,-0.749795,-0.864475,1.579641,1
7.085000,0.073631,-0.009204,-0.706579,-0.807529,1.508970,1
7.086000,0.073631,-0.006136,-0.602482,-0.674366,1.285382,1
7.087000,0.073631,-0.006136,-0.574270,0.639216,-1.913568,1
7.088000,0.073631,-0.006136,-0.574270,0.639216,-1.913566,1
7.089000,0.073631,-0.006136,-0.574270,0.639216,-1.913564,1
7.090000,0.073631,-0.006136,-0.548598,0.607569,-1.824596,1
7.091000,0.073631,-0.006136,-0.548598,0.607569,-1.824594,1
7.092000,0.073631,-0.003068,-0.503662,0.566514,-1.758906,1
7.093000,0.073631,-0.003068,-0.503662,0.566514,-1.758905,1
7.094000,0.073631,-0.003068,-0.503662,0.566514,-1.758905,1
7.095000,0.073631,-0.003068,-0.465499,0.566514,-1.720741,1
7.096000,0.073631,-0.003068,-0.465499,0.566514,-1.720740,1
7.097000,0.073631,-0.003068,-0.465499,0.566514,-1.720739,1
7.098000,0.073631,-0.003068,-0.465499,0.566514,-1.720739,1
7.099000,0.073631,-0.003068,-0.465499,0.566514,-1.720738,1
7.100000,0.073631,-0.003068,-0.465499,0.566514,-1.720737,1
7.101000,0.073631,-0.006136,-0.417968,0.566514,-1.611844,1
7.102000,0.073631,-0.006136,-0.417968,0.566514,-1.611842,1
7.103000,0.073631,-0.006136,-0.417968,0.566514,-1.611841,1
7.104000,0.070563,-0.006136,-1.096383,-2.124162,3.684962,1
7.105000,0.067495,-0.012272,-1.096383,-1.284127,2.121477,1
7.106000,0.067495,-0.015340,-1.096383,-1.284127,2.182841,1
7.107000,0.067495,-0.015340,-1.096383,-1.284127,2.182846,1
7.108000,0.067495,-0.018408,-1.096383,-1.284127,2.244211,1
7.109000,0.067495,-0.018408,-1.096383,-1.284127,2.244216,1
7.110000,0.064427,-0.015340,-1.096383,-2.608025,4.824523,1
7.111000,0.064427,-0.018408,-1.054596,-2.608025,4.927675,1
7.112000,0.064427,-0.018408,-1.054596,-2.608025,4.927681,1
7.113000,0.064427,-0.018408,-1.054596,-2.608025,4.927686,1
7.114000,0.064427,-0.018408,-0.971121,-2.608025,5.011166,1
7.115000,0.064427,-0.018408,-0.971121,-2.608025,5.011171,1
7.116000,0.064427,-0.018408,-0.971121,-2.608025,5.011177,1
7.117000,0.064427,-0.018408,-0.971121,-2.608025,5.011183,1
7.118000,0.064427,-0.018408,-0.971121,-2.608025,5.011188,1
7.119000,0.064427,-0.018408,-0.971121,-2.608025,5.011194,1
7.120000,0.067495,-0.018408,-0.325174,-2.608025,5.663282,1
7.121000,0.067495,-0.018408,-0.325174,-2.608025,5.663288,1
7.122000,0.067495,-0.018408,-0.325174,-2.608025,5.663294,1
7.123000,0.076699,-0.009204,-0.325174,1.340233,-2.998891,1
7.124000,0.076699,-0.009204,-0.325174,1.340233,-2.998888,1
7.125000,0.076699,-0.009204,-0.325174,1.340233,-2.998886,1
7.126000,0.079767,-0.006136,1.139153,1.340233,-1.589780,1
7.127000,0.079767,-0.006136,1.139153,1.340233,-1.589778,1
7.128000,0.079767,-0.006136,1.139153,1.340233,-1.589776,1
7.129000,0.082835,0.003068,1.139153,2.089260,-3.265771,1
7.130000,0.088971,0.009204,1.139153,2.895935,-4.989571,1
7.131000,0.088971,0.012272,1.139153,2.895935,-5.050934,1
7.132000,0.088971,0.012272,1.139153,2.895935,-5.050938,1
7.133000,0.092039,0.015340,1.710985,2.892105,-4.526676,1
7.134000,0.092039,0.015340,1.710985,2.892105,-4.526680,1
7.135000,0.092039,0.015340,1.710985,2.892105,-4.526685,1
7.136000,0.092039,0.015340,1.710985,2.892105,-4.526690,1
7.137000,0.092039,0.015340,1.710985,2.892105,-4.526694,1
7.138000,0.092039,0.015340,1.710985,2.892105,-4.526699,1
7.139000,0.092039,0.015340,1.710985,2.892105,-4.526703,1
7.140000,0.092039,0.015340,1.710985,2.340603,-3.423703,1
7.141000,0.092039,0.015340,1.555540,1.091046,-1.080039,1
7.142000,0.092039,0.015340,1.555540,1.091046,-1.080044,1
7.143000,0.092039,0.015340,1.555540,1.091046,-1.080048,1
7.144000,0.092039,0.015340,1.555540,1.091046,-1.080053,1
7.145000,0.092039,0.015340,1.555540,1.091046,-1.080058,1
7.146000,0.088971,0.012272,-1.127586,0.874516,-3.274902,1
7.147000,0.085903,0.009204,-0.883804,0.874516,-2.975899,1
7.148000,0.085903,0.009204,-0.883804,0.874516,-2.975902,1
7.149000,0.085903,0.009204,-0.824232,0.874516,-2.916333,1
7.150000,0.082835,0.006136,-0.822546,0.874516,-2.859425,1
7.151000,0.082835,0.006136,-0.822546,0.874516,-2.859427,1
7.152000,0.079767,0.003068,-0.822546,0.874516,-2.804205,1
7.153000,0.073631,-0.003068,-0.822546,-1.506066,2.667406,1
7.154000,0.073631,-0.006136,-0.822546,-1.506066,2.728767,1
7.155000,0.070563,-0.009204,-1.383601,-1.506066,2.222939,1
7.156000,0.070563,-0.009204,-1.383601,-1.506066,2.222941,1
7.157000,0.070563,-0.009204,-1.383601,-1.506066,2.222944,1
7.158000,0.070563,-0.009204,-1.383601,-1.506066,2.222947,1
7.159000,0.070563,-0.012272,-1.383601,-2.777815,4.827807,1
7.160000,0.070563,-0.012272,-1.383601,-2.777815,4.827811,1
7.161000,0.070563,-0.012272,-1.383601,-2.777815,4.827815,1
7.162000,0.064427,-0.018408,-1.383601,-2.777815,4.938267,1
7.163000,0.061359,-0.027612,-1.383601,-1.987764,3.536114,1
7.164000,0.058291,-0.027612,-1.706382,-1.987764,3.207206,1
7.165000,0.058291,-0.030680,-1.706382,-1.987764,3.268574,1
7.166000,0.058291,-0.030680,-1.706382,-1.987764,3.268584,1
7.167000,0.058291,-0.030680,-1.706382,-1.987764,3.268593,1
7.168000,0.058291,-0.030680,-1.706382,-1.987764,3.268602,1
7.169000,0.058291,-0.030680,-1.706382,-1.987764,3.268611,1
7.170000,0.058291,-0.030680,-1.706382,-1.987764,3.268620,1
7.171000,0.058291,-0.030680,-1.706382,-1.987764,3.268630,1
7.172000,0.055223,-0.030680,-1.706382,-1.642671,2.572317,1
7.173000,0.055223,-0.030680,-1.706382,-1.642671,2.572326,1
7.174000,0.055223,-0.030680,-1.706382,-1.642671,2.572335,1
7.175000,0.055223,-0.033748,-1.446974,-1.171751,1.951273,1
7.176000,0.058291,-0.033748,1.069226,-0.911093,3.952303,1
7.177000,0.058291,-0.033748,1.069226,-0.911093,3.952313,1
7.178000,0.058291,-0.033748,0.983762,-0.848297,3.741268,1
7.179000,0.058291,-0.033748,0.983762,-0.848297,3.741278,1
7.180000,0.058291,-0.033748,0.983762,-0.848297,3.741288,1
7.181000,0.061359,-0.030680,0.847480,0.744992,0.000000,1
7.182000,0.061359,-0.030680,0.847480,0.744992,0.000000,1
7.183000,0.061359,-0.030680,0.847480,0.744992,0.000000,1
7.184000,0.064427,-0.030680,0.702177,0.630331,0.453396,1
7.185000,0.070563,-0.024544,0.647523,0.607177,0.000000,1
7.186000,0.070563,-0.021476,0.647523,0.607177,0.000000,1
7.187000,0.070563,-0.018408,0.647523,0.607177,0.000000,1
7.188000,0.073631,-0.015340,0.647523,0.607177,0.000000,1
7.189000,0.076699,-0.015340,0.647523,1.958833,-3.140487,1
7.190000,0.076699,-0.012272,0.647523,1.958833,-3.201843,1
7.191000,0.076699,-0.009204,0.647523,1.958833,-3.263199,1
7.192000,0.079767,-0.006136,1.283856,1.958833,-2.682087,1
7.193000,0.082835,-0.003068,1.283856,1.841218,-2.502079,1
7.194000,0.082835,-0.003068,1.283856,1.841218,-2.502078,1
7.195000,0.082835,-0.003068,1.283856,1.841218,-2.502077,1
7.196000,0.082835,-0.003068,1.283856,1.841218,-2.502076,1
7.197000,0.082835,-0.003068,1.283856,1.841218,-2.502075,1
7.198000,0.082835,-0.003068,1.283856,1.841218,-2.502075,1
7.199000,0.082835,-0.003068,1.283856,1.841218,-2.502074,1
7.200000,0.082835,-0.003068,1.283856,1.841218,-2.502073,1
7.201000,0.085903,0.000000,1.283856,1.841218,-2.557296,1
7.202000,0.085903,0.000000,1.283856,1.841218,-2.557296,1
7.203000,0.085903,0.000000,1.262270,1.841218,-2.578882,1
7.204000,0.085903,0.000000,1.046452,1.473776,-2.059816,1
7.205000,0.085903,0.000000,1.046452,1.473776,-2.059816,1
7.206000,0.085903,0.000000,1.046452,1.473776,-2.059816,1
7.207000,0.085903,0.000000,1.046452,1.473776,-2.059816,1
7.208000,0.085903,0.000000,1.046452,1.473776,-2.059816,1
7.209000,0.085903,0.000000,0.833334,1.083519,-1.492420,1
7.210000,0.085903,0.000000,0.833334,1.083519,-1.492420,1
7.211000,0.085903,0.000000,0.833334,1.083519,-1.492420,1
7.212000,0.085903,-0.003068,0.692394,-0.856763,2.908564,1
7.213000,0.082835,-0.006136,1.144780,-0.708237,3.119124,1
7.214000,0.082835,-0.006136,1.144780,-0.708237,3.119126,1
7.215000,0.082835,-0.006136,1.144780,-0.669561,3.041775,1
7.216000,0.082835,-0.006136,1.144780,-0.669561,3.041777,1
7.217000,0.082835,-0.006136,1.144780,-0.669561,3.041778,1
7.218000,0.082835,-0.006136,1.144780,-0.669561,3.041780,1
7.219000,0.082835,-0.006136,1.144780,-0.669561,3.041782,1
7.220000,0.082835,-0.006136,1.144780,-0.669561,3.041784,1
7.221000,0.082835,-0.012272,1.144780,-0.612158,3.049701,1
7.222000,0.082835,-0.012272,1.144780,-0.612158,3.049704,1
7.223000,0.082835,-0.012272,1.144780,-0.612158,3.049708,1
7.224000,0.082835,-0.012272,1.144780,-0.612158,3.049712,1
7.225000,0.082835,-0.012272,1.144780,-0.612158,3.049715,1
7.226000,0.082835,-0.012272,1.144780,-0.612158,3.049719,1
7.227000,0.085903,-0.012272,0.815310,-0.612158,2.726389,1
7.228000,0.085903,-0.012272,0.815310,-0.612158,2.726392,1
7.229000,0.085903,-0.012272,0.815310,-0.612158,2.726396,1
7.230000,0.092039,-0.012272,0.484257,-0.612158,2.407619,1
7.231000,0.092039,-0.012272,0.484257,-0.612158,2.407622,1
7.232000,0.092039,-0.012272,0.484257,-0.612158,2.407626,1
7.233000,0.092039,-0.009204,0.484257,-0.612158,2.346270,1
7.234000,0.101243,-0.006136,0.484257,-0.612158,2.303320,1
7.235000,0.101243,-0.003068,0.484257,0.631774,-0.845903,1
7.236000,0.104311,0.000000,1.337910,0.631774,0.552527,1
7.237000,0.104311,0.000000,1.337910,0.631774,0.552527,1
7.238000,0.104311,0.000000,1.337910,0.631774,0.552527,1
7.239000,0.119651,0.015340,1.956171,2.199086,-2.839958,1
7.240000,0.128854,0.024544,2.064519,2.095900,-2.690915,1
7.241000,0.128854,0.027612,2.064519,2.095900,-2.752283,1
7.242000,0.131922,0.030680,2.064519,2.095900,-2.807515,1
7.243000,0.131922,0.030680,2.064519,2.095900,-2.807524,1
7.244000,0.131922,0.030680,2.064519,2.095900,-2.807534,1
7.245000,0.131922,0.030680,2.064519,2.095900,-2.807543,1
7.246000,0.131922,0.030680,2.064519,2.095900,-2.807552,1
7.247000,0.131922,0.030680,2.064519,2.095900,-2.807561,1
7.248000,0.131922,0.030680,2.064519,2.095900,-2.807571,1
7.249000,0.131922,0.030680,2.064519,2.095900,-2.807580,1
7.250000,0.131922,0.030680,2.064519,2.095900,-2.807589,1
7.251000,0.138058,0.036816,1.863296,2.123366,-3.174201,1
7.252000,0.138058,0.036816,1.863296,2.123366,-3.174212,1
7.253000,0.138058,0.036816,1.863296,2.123366,-3.174223,1
7.254000,0.138058,0.036816,1.863296,2.123366,-3.174234,1
7.255000,0.138058,0.036816,1.620292,2.123366,-3.417249,1
7.256000,0.144194,0.042951,1.838085,1.605142,-2.273468,1
7.257000,0.144194,0.042951,1.838085,1.605142,-2.273481,1
7.258000,0.144194,0.042951,1.838085,1.605142,-2.273494,1
7.259000,0.144194,0.042951,1.838085,1.605142,-2.273507,1
7.260000,0.144194,0.042951,1.838085,1.605142,-2.273519,1
7.261000,0.144194,0.042951,1.838085,1.605142,-2.273532,1
7.262000,0.144194,0.042951,1.838085,1.419449,-1.902159,1
7.263000,0.144194,0.042951,1.573754,1.053948,-1.435501,1
7.264000,0.144194,0.042951,1.394693,0.970503,-1.447684,1
7.265000,0.144194,0.042951,1.252654,0.899527,-1.447785,1
7.266000,0.147262,0.042951,0.889450,0.695565,-1.396941,1
7.267000,0.147262,0.042951,0.889450,0.695565,-1.396954,1
7.268000,0.147262,0.042951,0.889450,0.695565,-1.396967,1
7.269000,0.147262,0.042951,0.889450,0.695565,-1.396980,1
7.270000,0.147262,0.042951,0.829352,0.658263,-1.382486,1
7.271000,0.147262,0.042951,0.777125,0.624928,-1.368057,1
7.272000,0.147262,0.042951,0.777125,0.624928,-1.368070,1
7.273000,0.147262,0.042951,0.777125,0.624928,-1.368083,1
7.274000,0.147262,0.042951,0.730840,0.594644,-1.353812,1
7.275000,0.147262,0.042951,0.730840,0.594644,-1.353825,1
7.276000,0.147262,0.042951,0.730840,0.594644,-1.353838,1
7.277000,0.147262,0.042951,0.653046,0.542101,-1.326559,1
7.278000,0.147262,0.039884,0.563088,-0.478626,1.286284,1
7.279000,0.147262,0.039884,0.563088,-0.478626,1.286272,1
7.280000,0.147262,0.039884,0.563088,-0.478626,1.286260,1
7.281000,0.147262,0.039884,0.563088,-0.478626,1.286248,1
7.282000,0.144194,0.039884,0.875040,-0.428506,1.491812,1
7.283000,0.144194,0.039884,0.875040,-0.428506,1.491800,1
7.284000,0.144194,0.036816,0.875040,-0.419627,1.535390,1
7.285000,0.144194,0.033748,0.875040,-0.419627,1.596740,1
7.286000,0.144194,0.030680,0.875040,-0.419627,1.658090,1
7.287000,0.144194,0.030680,0.875040,-0.419627,1.658080,1
7.288000,0.144194,0.030680,0.875040,-0.419627,1.658071,1
7.289000,0.144194,0.027612,0.875040,-0.419627,1.719422,1
7.290000,0.144194,0.027612,0.875040,-0.419627,1.719414,1
7.291000,0.144194,0.027612,0.875040,-0.419627,1.719406,1
7.292000,0.144194,0.027612,0.875040,-0.419627,1.719397,1
7.293000,0.144194,0.027612,0.875040,-0.419627,1.719389,1
7.294000,0.144194,0.027612,-0.792990,-0.419627,-0.548650,1
7.295000,0.144194,0.027612,-0.792990,-0.419627,-0.548658,1
7.296000,0.144194,0.027612,-0.792990,-0.419627,-0.548667,1
7.297000,0.144194,0.027612,-0.792990,-0.419627,-0.548675,1
7.298000,0.147262,0.027612,0.571606,-0.419627,1.422049,1
7.299000,0.147262,0.027612,0.571606,-0.419627,1.422041,1
7.300000,0.147262,0.027612,0.571606,-0.419627,1.422032,1
7.301000,0.150330,0.030680,0.501471,-0.419627,1.296665,1
7.302000,0.150330,0.030680,0.501471,-0.419627,1.296656,1
7.303000,0.150330,0.030680,0.501471,-0.419627,1.296646,1
7.304000,0.150330,0.030680,0.501471,-0.419627,1.296637,1
7.305000,0.150330,0.030680,0.481718,-0.419627,1.276875,1
7.306000,0.153398,0.030680,0.393859,-0.419627,1.195143,1
7.307000,0.153398,0.033748,0.393859,0.479108,-1.263695,1
7.308000,0.153398,0.033748,0.393859,0.479108,-1.263705,1
7.309000,0.153398,0.036816,0.393859,0.479108,-1.325075,1
7.310000,0.153398,0.036816,0.393859,0.479108,-1.325086,1
7.311000,0.153398,0.036816,0.393859,0.479108,-1.325097,1
7.312000,0.153398,0.036816,0.393859,0.479108,-1.325108,1
7.313000,0.153398,0.036816,0.393859,0.479108,-1.325119,1
7.314000,0.153398,0.036816,0.393859,0.479108,-1.325130,1
7.315000,0.153398,0.036816,0.393859,0.479108,-1.325141,1
7.316000,0.153398,0.036816,0.393859,0.479108,-1.325152,1
7.317000,0.153398,0.036816,0.393859,0.479108,-1.325163,1
7.318000,0.153398,0.036816,0.393859,0.479108,-1.325174,1
7.319000,0.153398,0.036816,0.393859,0.479108,-1.325185,1
7.320000,0.153398,0.036816,0.393859,0.479108,-1.325196,1
7.321000,0.159534,0.046019,0.393859,1.105963,-2.750728,1
7.322000,0.159534,0.046019,0.393859,1.105963,-2.750742,1
7.323000,0.159534,0.046019,0.393859,1.105963,-2.750755,1
7.324000,0.159534,0.046019,0.393859,1.105963,-2.750769,1
7.325000,0.159534,0.046019,0.393859,1.105963,-2.750783,1
7.326000,0.159534,0.046019,0.393859,1.105963,-2.750797,1
7.327000,0.159534,0.046019,0.393859,1.105963,-2.750811,1
7.328000,0.159534,0.046019,0.393859,1.105963,-2.750825,1
7.329000,0.159534,0.046019,0.393859,1.050612,-2.640135,1
7.330000,0.159534,0.046019,0.393859,0.967563,-2.474052,1
7.331000,0.156466,0.042951,0.664138,-0.897023,2.180610,1
7.332000,0.156466,0.042951,0.664138,-0.835622,2.057794,1
7.333000,0.156466,0.039884,0.664138,-0.782189,2.012276,1
7.334000,0.156466,0.039884,0.664138,-0.735589,1.919064,1
7.335000,0.156466,0.036816,0.664138,-0.707976,1.925187,1
7.336000,0.156466,0.036816,0.664138,-0.707976,1.925176,1
7.337000,0.156466,0.036816,0.664138,-0.707976,1.925165,1
7.338000,0.156466,0.036816,0.664138,-0.707976,1.925154,1
7.339000,0.156466,0.036816,0.664138,-0.707976,1.925143,1
7.340000,0.156466,0.036816,0.664138,-0.707976,1.925132,1
7.341000,0.156466,0.036816,0.664138,-0.707976,1.925121,1
7.342000,0.156466,0.036816,0.664138,-0.707976,1.925110,1
7.343000,0.156466,0.036816,0.664138,-0.707976,1.925099,1
7.344000,0.156466,0.036816,0.664138,-0.707976,1.925088,1
7.345000,0.156466,0.036816,0.664138,-0.707976,1.925077,1
7.346000,0.156466,0.036816,0.664138,-0.707976,1.925066,1
7.347000,0.156466,0.036816,0.664138,-0.707976,1.925055,1
7.348000,0.162602,0.039884,0.607421,-0.707976,1.819238,1
7.349000,0.162602,0.039884,0.607421,-0.707976,1.819226,1
7.350000,0.162602,0.039884,0.607421,-0.707976,1.819214,1
7.351000,0.162602,0.039884,0.607421,-0.707976,1.819202,1
7.352000,0.162602,0.039884,0.578900,0.707205,-1.639694,1
7.353000,0.162602,0.039884,0.552753,0.668571,-1.588584,1
7.354000,0.165670,0.046019,0.380761,0.611696,-1.763423,1
7.355000,0.168738,0.049087,0.380761,0.611696,-1.818661,1
7.356000,0.168738,0.049087,0.380761,0.611696,-1.818676,1
7.357000,0.168738,0.049087,0.380761,0.611696,-1.818691,1
7.358000,0.168738,0.049087,0.380761,0.611696,-1.818705,1
7.359000,0.168738,0.049087,0.380761,0.611696,-1.818720,1
7.360000,0.168738,0.049087,0.380761,0.611696,-1.818735,1
7.361000,0.168738,0.049087,0.380761,0.611696,-1.818750,1
7.362000,0.168738,0.049087,0.380761,0.611696,-1.818764,1
7.363000,0.168738,0.049087,0.380761,0.611696,-1.818779,1
7.364000,0.168738,0.049087,0.380761,0.611696,-1.818794,1
7.365000,0.168738,0.049087,0.380761,0.611696,-1.818809,1
7.366000,0.168738,0.049087,0.380761,0.611696,-1.818823,1
7.367000,0.168738,0.049087,0.380761,0.611696,-1.818838,1
7.368000,0.168738,0.049087,0.380761,0.611696,-1.818853,1
7.369000,0.168738,0.049087,0.380761,0.611696,-1.818867,1
7.370000,0.168738,0.052155,0.380761,0.611696,-1.880242,1
7.371000,0.168738,0.052155,0.380761,0.611696,-1.880258,1
7.372000,0.168738,0.052155,0.380761,0.611696,-1.880274,1
7.373000,0.165670,0.049087,0.380761,0.664410,-1.930493,1
7.374000,0.165670,0.049087,0.380761,0.664410,-1.930508,1
7.375000,0.165670,0.049087,0.380761,0.664410,-1.930522,1
7.376000,0.165670,0.049087,0.380761,0.664410,-1.930537,1
7.377000,0.165670,0.049087,0.380761,0.664410,-1.930552,1
7.378000,0.159534,0.046019,0.380761,0.664410,-1.881478,1
7.379000,0.159534,0.046019,0.380761,0.664410,-1.881492,1
7.380000,0.159534,0.046019,0.380761,0.664410,-1.881506,1
7.381000,0.159534,0.046019,0.380761,0.664410,-1.881520,1
7.382000,0.156466,0.042951,-0.407413,0.664410,-2.614483,1
7.383000,0.156466,0.042951,-0.407413,0.664410,-2.614496,1
7.384000,0.156466,0.042951,-0.407413,0.664410,-2.614509,1
7.385000,0.153398,0.042951,-0.407413,0.664410,-2.620657,1
7.386000,0.153398,0.039884,-0.407413,0.664410,-2.559310,1
7.387000,0.147262,0.036816,-0.407413,-0.872779,1.164145,1
7.388000,0.147262,0.036816,-0.407413,-0.872779,1.164134,1
7.389000,0.147262,0.036816,-0.407413,-0.872779,1.164123,1
7.390000,0.147262,0.033748,-0.407413,-0.872779,1.225472,1
7.391000,0.144194,0.030680,-1.246804,-0.872779,0.000000,1
7.392000,0.144194,0.027612,-1.246804,-0.872779,0.502645,1
7.393000,0.131922,0.018408,-1.613487,-1.858487,2.266906,1
7.394000,0.131922,0.018408,-1.613487,-1.858487,2.266901,1
7.395000,0.131922,0.015340,-1.613487,-1.713912,2.039105,1
7.396000,0.131922,0.015340,-1.613487,-1.713912,2.039101,1
7.397000,0.128854,0.012272,-1.613487,-1.452395,1.571286,1
7.398000,0.128854,0.012272,-1.613487,-1.452395,1.571282,1
7.399000,0.128854,0.012272,-1.613487,-1.452395,1.571278,1
7.400000,0.128854,0.012272,-1.613487,-1.452395,1.571275,1
7.401000,0.128854,0.012272,-1.613487,-1.452395,1.571271,1
7.402000,0.128854,0.012272,-1.613487,-1.452395,1.571267,1
7.403000,0.128854,0.012272,-1.613487,-1.452395,1.571264,1
7.404000,0.128854,0.012272,-1.613487,-1.452395,1.571260,1
7.405000,0.128854,0.012272,-1.613487,-1.452395,1.571256,1
7.406000,0.128854,0.012272,-1.613487,-1.452395,1.571253,1
7.407000,0.128854,0.012272,-1.613487,-1.452395,1.571249,1
7.408000,0.125786,0.006136,-1.500901,-1.452395,1.800416,1
7.409000,0.125786,0.006136,-1.500901,-1.452395,1.800414,1
7.410000,0.122718,0.003068,-1.098675,-1.452395,2.257862,1
7.411000,0.122718,0.003068,-1.098675,-1.452395,2.257862,1
7.412000,0.122718,0.003068,-1.098675,-1.452395,2.257861,1
7.413000,0.122718,0.003068,-1.098675,-1.452395,2.257860,1
7.414000,0.122718,0.003068,-1.098675,-1.452395,2.257859,1
7.415000,0.122718,0.003068,-1.098675,-1.452395,2.257858,1
7.416000,0.119651,0.003068,-1.300468,-1.145640,1.436420,1
7.417000,0.119651,0.003068,-1.300468,-1.145640,1.436419,1
7.418000,0.119651,0.003068,-1.300468,-1.145640,1.436418,1
7.419000,0.119651,0.000000,-1.300468,-1.049112,1.304721,1
7.420000,0.119651,0.000000,-1.300468,-1.049112,1.304721,1
7.421000,0.119651,0.000000,-1.300468,-1.049112,1.304721,1
7.422000,0.119651,0.000000,-1.300468,-1.049112,1.304721,1
7.423000,0.119651,0.000000,-1.300468,-1.049112,1.304721,1
7.424000,0.119651,0.000000,-1.300468,-1.049112,1.304721,1
7.425000,0.119651,0.000000,-1.143753,-1.049112,1.461436,1
7.426000,0.119651,0.003068,-0.833246,1.022332,-3.032306,1
7.427000,0.119651,0.003068,-0.779914,0.943198,-2.820707,1
7.428000,0.119651,0.006136,-0.733362,0.875954,-2.701028,1
7.429000,0.119651,0.006136,-0.692060,0.817667,-2.543154,1
7.430000,0.116583,0.009204,-0.517060,3.718710,-6.000000,1
7.431000,0.116583,0.009204,-0.517060,3.718710,-6.000000,1
7.432000,0.116583,0.009204,-0.517060,3.718710,-6.000000,1
7.433000,0.116583,0.009204,-0.517060,3.718710,-6.000000,1
7.434000,0.116583,0.009204,-0.517060,3.718710,-6.000000,1
7.435000,0.116583,0.009204,-0.517060,3.718710,-6.000000,1
7.436000,0.113515,0.006136,-0.442544,-1.681913,3.293232,1
7.437000,0.113515,0.006136,-0.442544,-1.681913,3.293230,1
7.438000,0.113515,0.006136,-0.442544,-1.681913,3.293228,1
7.439000,0.113515,0.006136,-0.442544,-1.681913,3.293226,1
7.440000,0.113515,0.006136,-0.442544,-1.681913,3.293225,1
7.441000,0.113515,0.006136,-0.442544,-1.681913,3.293223,1
7.442000,0.113515,0.006136,-0.442544,-1.681913,3.293221,1
7.443000,0.110447,0.003068,-0.427084,-1.478499,2.957074,1
7.444000,0.107379,-0.006136,-0.370487,-1.409787,3.054193,1
7.445000,0.104311,-0.009204,-0.370487,-1.409787,3.109419,1
7.446000,0.104311,-0.009204,-0.370487,-1.158313,2.606474,1
7.447000,0.104311,-0.009204,-0.370487,-0.786832,1.863514,1
7.448000,0.104311,-0.009204,-0.370487,-0.786832,1.863517,1
7.449000,0.104311,-0.006136,-0.370487,0.739522,-1.850548,1
7.450000,0.104311,-0.006136,-0.370487,0.739522,-1.850546,1
7.451000,0.107379,-0.006136,-0.370487,0.659933,-1.685232,1
7.452000,0.110447,0.000000,-0.370487,3.115407,-6.000000,1
7.453000,0.110447,0.000000,-0.370487,3.115407,-6.000000,1
7.454000,0.110447,0.000000,-0.370487,3.115407,-6.000000,1
7.455000,0.110447,0.000000,-0.370487,3.115407,-6.000000,1
7.456000,0.110447,0.000000,-0.370487,3.115407,-6.000000,1
7.457000,0.110447,0.000000,-0.370487,3.115407,-6.000000,1
7.458000,0.110447,0.000000,-0.370487,3.115407,-6.000000,1
7.459000,0.110447,0.000000,-0.370487,3.115407,-6.000000,1
7.460000,0.110447,0.000000,-0.370487,3.115407,-6.000000,1
7.461000,0.110447,0.000000,-0.370487,3.115407,-6.000000,1
7.462000,0.110447,0.000000,-0.370487,3.115407,-6.000000,1
7.463000,0.110447,0.000000,-0.370487,3.115407,-6.000000,1
7.464000,0.110447,0.000000,-0.370487,3.115407,-6.000000,1
7.465000,0.110447,0.000000,-0.370487,3.115407,-6.000000,1
7.466000,0.110447,0.000000,-0.370487,3.115407,-6.000000,1
7.467000,0.110447,0.000000,-0.370487,3.115407,-6.000000,1
7.468000,0.110447,0.000000,-0.370487,3.115407,-6.000000,1
7.469000,0.110447,0.000000,-0.370487,3.115407,-6.000000,1
7.470000,0.110447,0.000000,-0.370487,3.115407,-6.000000,1
7.471000,0.110447,0.003068,-0.370487,3.115407,-6.000000,1
7.472000,0.110447,0.003068,-0.370487,3.115407,-6.000000,1
7.473000,0.110447,0.003068,-0.370487,3.115407,-6.000000,1
7.474000,0.110447,0.003068,-0.370487,3.115407,-6.000000,1
7.475000,0.110447,0.003068,-0.370487,3.115407,-6.000000,1
7.476000,0.110447,0.003068,-0.370487,3.115407,-6.000000,1
7.477000,0.110447,0.003068,-0.370487,1.808025,-4.159364,1
7.478000,0.110447,0.003068,-0.370487,1.808025,-4.159365,1
7.479000,0.110447,0.003068,-0.370487,1.808025,-4.159366,1
7.480000,0.110447,0.003068,-0.370487,1.808025,-4.159367,1
7.481000,0.110447,0.003068,-0.370487,1.808025,-4.159368,1
7.482000,0.110447,0.003068,-0.370487,1.808025,-4.159369,1
7.483000,0.101243,-0.003068,0.449776,1.239906,-2.098556,1
7.484000,0.101243,-0.003068,0.449776,1.239906,-2.098555,1
7.485000,0.101243,-0.003068,0.449776,1.239906,-2.098554,1
7.486000,0.101243,-0.003068,0.449776,1.239906,-2.098553,1
7.487000,0.101243,-0.003068,0.449776,1.239906,-2.098552,1
7.488000,0.101243,-0.003068,0.449776,1.239906,-2.098551,1
7.489000,0.082835,-0.018408,-2.555415,-2.004126,2.254308,1
7.490000,0.082835,-0.018408,-2.555415,-2.004126,2.254313,1
7.491000,0.082835,-0.018408,-2.555415,-2.004126,2.254319,1
7.492000,0.082835,-0.018408,-2.555415,-2.004126,2.254324,1
7.493000,0.082835,-0.018408,-2.555415,-2.004126,2.254330,1
7.494000,0.082835,-0.018408,-2.555415,-2.004126,2.254335,1
7.495000,0.058291,-0.046019,-4.125722,-4.201128,5.581193,1
7.496000,0.058291,-0.046019,-4.125722,-4.201128,5.581206,1
7.497000,0.058291,-0.046019,-4.125722,-4.201128,5.581220,1
7.498000,0.058291,-0.046019,-4.125722,-4.201128,5.581234,1
7.499000,0.058291,-0.046019,-4.125722,-4.201128,5.581248,1
7.500000,0.058291,-0.046019,-4.125722,-4.201128,5.581262,1
7.501000,0.030680,-0.076699,-4.916988,-5.100783,6.000000,1
7.502000,0.030680,-0.076699,-4.916988,-5.100783,6.000000,1
7.503000,0.030680,-0.076699,-4.916988,-5.100783,6.000000,1
7.504000,0.003068,-0.110447,-4.693465,-5.617120,6.000000,1
7.505000,0.003068,-0.110447,-4.693465,-5.617120,6.000000,1
7.506000,0.003068,-0.110447,-4.693465,-5.617120,6.000000,1
7.507000,-0.009204,-0.125786,-4.810052,-5.268049,6.000000,1
7.508000,-0.009204,-0.125786,-4.810052,-5.268049,6.000000,1
7.509000,-0.009204,-0.125786,-4.810052,-5.268049,6.000000,1
7.510000,-0.018408,-0.138058,-4.118338,-4.384803,6.000000,1
7.511000,-0.018408,-0.138058,-4.118338,-4.384803,6.000000,1
7.512000,-0.027612,-0.150330,-3.471936,-3.907955,6.000000,1
7.513000,-0.033748,-0.159534,-3.164671,-2.947857,6.000000,1
7.514000,-0.033748,-0.159534,-3.164671,-2.947857,6.000000,1
7.515000,-0.033748,-0.159534,-3.164671,-2.947857,6.000000,1
7.516000,-0.033748,-0.159534,-3.164671,-2.947857,6.000000,1
7.517000,-0.033748,-0.159534,-3.164671,-2.947857,6.000000,1
7.518000,-0.039884,-0.168738,-2.458638,-2.412176,5.929161,1
7.519000,-0.039884,-0.168738,-2.458638,-2.013708,5.132276,1
7.520000,-0.039884,-0.168738,-2.458638,-1.731223,4.567356,1
7.521000,-0.039884,-0.171806,-1.820839,-1.721113,5.246345,1
7.522000,-0.039884,-0.171806,-1.586142,-1.721113,5.481094,1
7.523000,-0.039884,-0.171806,-1.586142,-1.721113,5.481146,1
7.524000,-0.036816,-0.171806,1.261494,-1.721113,6.000000,1
7.525000,-0.036816,-0.171806,1.261494,-1.721113,6.000000,1
7.526000,-0.036816,-0.171806,1.261494,-1.721113,6.000000,1
7.527000,-0.036816,-0.171806,1.261494,-1.721113,6.000000,1
7.528000,-0.036816,-0.171806,1.261494,-1.721113,6.000000,1
7.529000,-0.036816,-0.171806,1.261494,-1.721113,6.000000,1
7.530000,-0.036816,-0.171806,1.261494,-1.721113,6.000000,1
7.531000,-0.036816,-0.171806,1.261494,-1.721113,6.000000,1
7.532000,-0.036816,-0.171806,1.261494,-1.721113,6.000000,1
7.533000,-0.033748,-0.171806,0.893713,-1.232773,6.000000,1
7.534000,-0.027612,-0.168738,0.897998,0.946972,2.592867,1
7.535000,-0.027612,-0.168738,0.897998,0.946972,2.592917,1
7.536000,-0.018408,-0.165670,1.581143,0.769124,3.588856,1
7.537000,-0.009204,-0.159534,1.581143,0.746659,3.529524,1
7.538000,-0.009204,-0.159534,1.581143,0.746659,3.529571,1
7.539000,-0.009204,-0.159534,1.581143,0.746659,3.529619,1
7.540000,-0.009204,-0.159534,1.581143,0.746659,3.529667,1
7.541000,-0.009204,-0.159534,1.581143,0.746659,3.529715,1
7.542000,-0.009204,-0.159534,1.581143,0.746659,3.529763,1
7.543000,-0.009204,-0.159534,1.581143,0.746659,3.529811,1
7.544000,-0.009204,-0.159534,1.581143,0.746659,3.529859,1
7.545000,0.000000,-0.150330,2.851965,2.587814,0.952745,1
7.546000,0.000000,-0.150330,2.851965,2.587814,0.952790,1
7.547000,0.000000,-0.150330,2.851965,2.587814,0.952835,1
7.548000,0.012272,-0.141126,3.367557,2.587814,1.308935,1
7.549000,0.012272,-0.141126,3.367557,2.587814,1.308978,1
7.550000,0.012272,-0.141126,3.367557,2.587814,1.309020,1
7.551000,0.012272,-0.141126,3.367557,2.587814,1.309062,1
7.552000,0.012272,-0.141126,3.367557,2.587814,1.309105,1
7.553000,0.024544,-0.131922,3.858919,3.162530,0.491541,1
7.554000,0.024544,-0.131922,3.858919,3.162530,0.491581,1
7.555000,0.024544,-0.131922,3.858919,3.162530,0.491620,1
7.556000,0.024544,-0.131922,3.858919,3.162530,0.491660,1
7.557000,0.046019,-0.110447,4.256378,4.499760,-2.771873,1
7.558000,0.046019,-0.110447,4.256378,4.499760,-2.771840,1
7.559000,0.046019,-0.110447,4.256378,4.499760,-2.771806,1
7.560000,0.064427,-0.095107,4.433159,3.687608,-1.240672,1
7.561000,0.064427,-0.095107,4.433159,3.687608,-1.240643,1
7.562000,0.101243,-0.064427,4.008970,2.817767,-0.465094,1
7.563000,0.101243,-0.064427,4.008970,2.817767,-0.465074,1
7.564000,0.101243,-0.064427,4.008970,2.817767,-0.465055,1
7.565000,0.113515,-0.058291,4.054854,2.817767,-0.517328,1
7.566000,0.113515,-0.058291,4.054854,2.817767,-0.517311,1
7.567000,0.116583,-0.055223,3.933214,2.802253,-0.663130,1
7.568000,0.116583,-0.055223,3.933214,2.802253,-0.663113,1
7.569000,0.116583,-0.055223,3.933214,2.802253,-0.663097,1
7.570000,0.116583,-0.055223,3.933214,2.802253,-0.663080,1
7.571000,0.116583,-0.055223,3.933214,2.802253,-0.663063,1
7.572000,0.116583,-0.055223,3.933214,2.802253,-0.663047,1
7.573000,0.116583,-0.055223,3.933214,2.802253,-0.663030,1
7.574000,0.116583,-0.055223,3.933214,2.802253,-0.663014,1
7.575000,0.116583,-0.055223,3.933214,2.802253,-0.662997,1
7.576000,0.128854,-0.049087,3.825024,2.494912,0.000000,1
7.577000,0.128854,-0.049087,3.825024,2.494912,0.000000,1
7.578000,0.128854,-0.049087,3.825024,2.494912,0.000000,1
7.579000,0.141126,-0.039884,3.729116,2.274044,0.531671,1
7.580000,0.141126,-0.039884,3.729116,2.274044,0.531683,1
7.581000,0.141126,-0.039884,3.729116,2.274044,0.531695,1
7.582000,0.150330,-0.033748,3.729116,2.274044,0.000000,1
7.583000,0.150330,-0.033748,3.729116,2.274044,0.000000,1
7.584000,0.150330,-0.033748,3.729116,2.274044,0.000000,1
7.585000,0.162602,-0.027612,3.633217,2.032351,0.716734,1
7.586000,0.171806,-0.024544,3.590811,2.032351,0.631384,1
7.587000,0.171806,-0.024544,3.590811,2.032351,0.631392,1
7.588000,0.171806,-0.024544,3.590811,2.032351,0.631399,1
7.589000,0.171806,-0.024544,3.590811,2.032351,0.631406,1
7.590000,0.184078,-0.018408,3.618694,2.032351,0.561120,1
7.591000,0.196350,-0.009204,3.544002,1.924534,0.542531,1
7.592000,0.208621,-0.003068,3.592286,1.894530,0.552649,1
7.593000,0.217825,0.000000,3.576885,1.894530,0.494297,1
7.594000,0.223961,0.003068,3.576885,1.894530,0.000000,1
7.595000,0.223961,0.003068,3.576885,1.894530,0.000000,1
7.596000,0.223961,0.003068,3.576885,1.894530,0.000000,1
7.597000,0.223961,0.003068,3.576885,1.894530,0.000000,1
7.598000,0.223961,0.003068,3.576885,1.894530,0.000000,1
7.599000,0.223961,0.003068,3.576885,1.894530,0.000000,1
7.600000,0.223961,0.003068,3.576885,1.894530,0.000000,1
7.601000,0.223961,0.003068,3.576885,1.894530,0.000000,1
7.602000,0.223961,0.003068,3.576885,1.894530,0.000000,1
7.603000,0.223961,0.003068,3.576885,1.894530,0.000000,1
7.604000,0.223961,0.003068,3.576885,1.894530,0.000000,1
7.605000,0.223961,0.003068,3.576885,1.894530,0.000000,1
7.606000,0.223961,0.003068,3.576885,1.894530,0.000000,1
7.607000,0.223961,0.003068,3.576885,1.894530,0.000000,1
7.608000,0.223961,0.003068,3.576885,1.894530,0.000000,1
7.609000,0.223961,0.003068,3.576885,1.894530,0.000000,1
7.610000,0.239301,0.012272,3.622893,1.967316,0.000000,1
7.611000,0.239301,0.012272,3.622893,1.967316,0.000000,1
7.612000,0.239301,0.012272,3.622893,1.967316,0.000000,1
7.613000,0.263845,0.027612,3.578522,2.041254,-0.857741,1
7.614000,0.263845,0.027612,3.578522,2.041254,-0.857749,1
7.615000,0.263845,0.027612,3.578522,2.041254,-0.857757,1
7.616000,0.273049,0.033748,3.578522,2.139977,-1.159525,1
7.617000,0.273049,0.033748,3.578522,2.139977,-1.159535,1
7.618000,0.273049,0.033748,3.578522,2.139977,-1.159545,1
7.619000,0.273049,0.033748,3.578522,2.139977,-1.159555,1
7.620000,0.273049,0.033748,3.578522,2.139977,-1.159565,1
7.621000,0.273049,0.033748,3.578522,2.139977,-1.159575,1
7.622000,0.282252,0.039884,3.567786,2.139977,-1.274634,1
7.623000,0.282252,0.039884,3.567786,2.139977,-1.274646,1
7.624000,0.282252,0.039884,3.567786,2.139977,-1.274658,1
7.625000,0.303728,0.049087,3.435527,2.064056,-1.396217,1
7.626000,0.303728,0.049087,3.435527,2.064056,-1.396231,1
7.627000,0.303728,0.049087,3.435527,2.064056,-1.396246,1
7.628000,0.312932,0.055223,3.313109,1.963919,-1.422717,1
7.629000,0.312932,0.055223,3.313109,1.963919,-1.422734,1
7.630000,0.322136,0.061359,3.313109,1.853710,-1.306646,1
7.631000,0.322136,0.061359,3.313109,1.853710,-1.306665,1
7.632000,0.322136,0.061359,3.313109,1.853710,-1.306683,1
7.633000,0.322136,0.061359,3.313109,1.853710,-1.306701,1
7.634000,0.328272,0.064427,3.103970,1.853710,-1.564947,1
7.635000,0.328272,0.064427,3.103970,1.853710,-1.564966,1
7.636000,0.328272,0.064427,3.103970,1.853710,-1.564986,1
7.637000,0.337476,0.070563,2.900460,1.464821,-1.095049,1
7.638000,0.337476,0.070563,2.900460,1.464821,-1.095070,1
7.639000,0.346680,0.073631,2.900460,1.464821,-1.138044,1
7.640000,0.346680,0.073631,2.900460,1.464821,-1.138066,1
7.641000,0.346680,0.073631,2.900460,1.464821,-1.138088,1
7.642000,0.349748,0.073631,2.662198,1.464821,-1.370236,1
7.643000,0.349748,0.073631,2.662198,1.464821,-1.370258,1
7.644000,0.349748,0.073631,2.662198,1.464821,-1.370280,1
7.645000,0.358952,0.076699,2.662198,1.464821,-1.413255,1
7.646000,0.358952,0.076699,2.662198,1.464821,-1.413278,1
7.647000,0.358952,0.076699,2.662198,1.464821,-1.413301,1
7.648000,0.365087,0.079767,2.437301,1.091197,-0.940060,1
7.649000,0.371223,0.082835,2.415460,0.889940,-0.608498,1
7.650000,0.371223,0.082835,2.415460,0.889940,-0.608523,1
7.651000,0.374291,0.082835,2.218990,0.889940,-0.798883,1
7.652000,0.374291,0.082835,2.218990,0.889940,-0.798907,1
7.653000,0.374291,0.082835,2.218990,0.889940,-0.798932,1
7.654000,0.377359,0.082835,2.218990,0.889940,-0.792821,1
7.655000,0.377359,0.082835,2.218990,0.889940,-0.792846,1
7.656000,0.377359,0.082835,2.218990,0.889940,-0.792871,1
7.657000,0.383495,0.082835,2.218990,0.889940,-0.780624,1
7.658000,0.389631,0.085903,1.984665,0.889940,-1.064062,1
7.659000,0.389631,0.085903,1.984665,0.889940,-1.064088,1
7.660000,0.392699,0.085903,1.984665,0.889940,-1.057977,1
7.661000,0.392699,0.085903,1.984665,0.889940,-1.058003,1
7.662000,0.395767,0.085903,1.844193,0.848609,-1.109704,1
7.663000,0.395767,0.085903,1.602432,0.793520,-1.241312,1
7.664000,0.395767,0.085903,1.602432,0.793520,-1.241338,1
7.665000,0.395767,0.085903,1.602432,0.793520,-1.241364,1
7.666000,0.395767,0.085903,1.602432,0.793520,-1.241389,1
7.667000,0.401903,0.085903,1.713862,0.630651,-0.791977,1
7.668000,0.404971,0.085903,1.713862,0.599750,-0.724064,1
7.669000,0.404971,0.085903,1.713862,0.599750,-0.724090,1
7.670000,0.404971,0.085903,1.713862,0.571742,-0.668100,1
7.671000,0.404971,0.085903,1.713862,0.546238,-0.617118,1
7.672000,0.404971,0.085903,1.713862,0.546238,-0.617143,1
7.673000,0.404971,0.085903,1.713862,0.546238,-0.617169,1
7.674000,0.404971,0.085903,1.713862,0.546238,-0.617195,1
7.675000,0.411107,0.085903,1.398171,0.446889,-0.721942,1
7.676000,0.411107,0.085903,1.398171,0.431133,-0.690455,1
7.677000,0.414175,0.085903,1.398171,0.416583,-0.655244,1
7.678000,0.414175,0.085903,1.398171,0.416583,-0.655270,1
7.679000,0.414175,0.085903,1.398171,0.416583,-0.655296,1
7.680000,0.414175,0.082835,1.398171,-0.402872,1.644948,1
7.681000,0.417243,0.082835,1.398171,-0.366781,1.578877,1
7.682000,0.417243,0.082835,1.398171,-0.356073,1.557436,1
7.683000,0.417243,0.079767,1.257997,-0.346079,1.458609,1
7.684000,0.420311,0.079767,1.140428,-0.336535,1.328064,1
7.685000,0.420311,0.079767,1.043402,-0.327546,1.213038,1
7.686000,0.423379,0.079767,1.002779,-0.319059,1.161552,1
7.687000,0.423379,0.079767,1.002779,-0.310975,1.145360,1
7.688000,0.423379,0.079767,1.002779,-0.303265,1.129915,1
7.689000,0.426447,0.079767,1.002779,-0.295990,1.121478,1
7.690000,0.426447,0.079767,1.002779,-0.289022,1.107518,1
7.691000,0.426447,0.079767,1.002779,-0.282376,1.094203,1
7.692000,0.426447,0.079767,1.002779,-0.282376,1.094179,1
7.693000,0.429515,0.079767,1.002779,-0.275990,1.087517,1
7.694000,0.429515,0.079767,1.002779,-0.275990,1.087493,1
7.695000,0.429515,0.079767,1.002779,-0.275990,1.087469,1
7.696000,0.429515,0.079767,1.002779,-0.269938,1.075343,1
7.697000,0.435651,0.082835,1.116893,-0.253343,1.107153,1
7.698000,0.435651,0.082835,1.116893,-0.253343,1.107128,1
7.699000,0.438719,0.082835,1.116893,-0.253343,1.113239,1
7.700000,0.438719,0.082835,1.116893,-0.253343,1.113214,1
7.701000,0.438719,0.082835,1.116893,-0.253343,1.113189,1
7.702000,0.438719,0.082835,1.116893,-0.253343,1.113164,1
7.703000,0.438719,0.082835,1.116893,-0.253343,1.113140,1
7.704000,0.438719,0.082835,1.116893,-0.253343,1.113115,1
7.705000,0.438719,0.082835,1.116893,-0.253343,1.113090,1
7.706000,0.438719,0.082835,1.116893,-0.253343,1.113065,1
7.707000,0.438719,0.082835,1.116893,-0.253343,1.113040,1
7.708000,0.438719,0.082835,1.116893,-0.253343,1.113015,1
7.709000,0.441786,0.085903,1.116893,-0.253343,1.057766,1
7.710000,0.441786,0.085903,1.116893,-0.253343,1.057740,1
7.711000,0.441786,0.085903,1.116893,-0.253343,1.057715,1
7.712000,0.441786,0.085903,1.116893,-0.253343,1.057689,1
7.713000,0.457126,0.092039,1.472033,-0.253343,1.320762,1
7.714000,0.457126,0.092039,1.472033,-0.253343,1.320735,1
7.715000,0.457126,0.092039,1.472033,-0.253343,1.320707,1
7.716000,0.466330,0.098175,1.775419,0.907035,-1.401002,1
7.717000,0.466330,0.098175,1.775419,0.907035,-1.401032,1
7.718000,0.466330,0.098175,1.775419,0.907035,-1.401061,1
7.719000,0.472466,0.101243,2.041136,0.907035,-1.184462,1
7.720000,0.472466,0.101243,2.041136,0.907035,-1.184493,1
7.721000,0.472466,0.101243,2.041136,0.907035,-1.184523,1
7.722000,0.478602,0.107379,2.041136,1.423311,-2.327553,1
7.723000,0.478602,0.107379,2.041136,1.423311,-2.327586,1
7.724000,0.478602,0.107379,2.041136,1.423311,-2.327618,1
7.725000,0.487806,0.113515,2.287769,1.423311,-2.185329,1
7.726000,0.497010,0.122718,2.318773,2.212594,-3.898599,1
7.727000,0.497010,0.122718,2.318773,2.212594,-3.898636,1
7.728000,0.500078,0.125786,2.318773,2.212594,-3.953897,1
7.729000,0.500078,0.125786,2.318773,2.212594,-3.953935,1
7.730000,0.500078,0.125786,2.318773,2.212594,-3.953972,1
7.731000,0.503146,0.128854,2.318773,1.940409,-3.464864,1
7.732000,0.506214,0.128854,1.948582,1.474543,-2.897226,1
7.733000,0.506214,0.128854,1.682823,1.317138,-2.848213,1
7.734000,0.509282,0.131922,2.017889,1.241113,-2.416359,1
7.735000,0.509282,0.131922,2.017889,1.241113,-2.416399,1
7.736000,0.509282,0.131922,2.017889,1.241113,-2.416439,1
7.737000,0.509282,0.131922,2.017889,1.241113,-2.416478,1
7.738000,0.509282,0.131922,2.017889,1.241113,-2.416518,1
7.739000,0.509282,0.131922,2.017889,1.241113,-2.416557,1
7.740000,0.509282,0.131922,2.017889,1.241113,-2.416597,1
7.741000,0.509282,0.131922,2.017889,1.241113,-2.416636,1
7.742000,0.509282,0.131922,2.017889,1.241113,-2.416676,1
7.743000,0.509282,0.131922,2.017889,1.241113,-2.416716,1
7.744000,0.509282,0.131922,2.017889,1.241113,-2.416755,1
7.745000,0.512350,0.131922,1.573454,1.241113,-2.855094,1
7.746000,0.512350,0.131922,1.573454,1.241113,-2.855133,1
7.747000,0.512350,0.131922,1.573454,1.241113,-2.855173,1
7.748000,0.515418,0.131922,1.136390,1.176006,-3.155926,1
7.749000,0.515418,0.131922,1.136390,1.176006,-3.155965,1
7.750000,0.515418,0.131922,1.136390,1.176006,-3.156005,1
7.751000,0.515418,0.131922,1.136390,1.176006,-3.156045,1
7.752000,0.515418,0.131922,1.136390,1.176006,-3.156084,1
7.753000,0.515418,0.131922,1.136390,1.176006,-3.156124,1
7.754000,0.515418,0.128854,0.888990,-0.913052,1.435912,1
7.755000,0.512350,0.122718,1.025451,-0.612267,1.087350,1
7.756000,0.512350,0.122718,1.025451,-0.612267,1.087313,1
7.757000,0.512350,0.122718,1.025451,-0.612267,1.087276,1
7.758000,0.509282,0.116583,1.025451,-0.612267,1.203824,1
7.759000,0.509282,0.113515,1.025451,-0.612267,1.265149,1
7.760000,0.506214,0.113515,1.025451,-0.612267,1.258979,1
7.761000,0.506214,0.113515,1.025451,-0.612267,1.258945,1
7.762000,0.506214,0.113515,1.025451,-0.612267,1.258911,1
7.763000,0.506214,0.113515,1.025451,-0.612267,1.258877,1
7.764000,0.506214,0.110447,-0.892520,-1.274762,0.727219,1
7.765000,0.506214,0.110447,-0.831657,-1.274762,0.788050,1
7.766000,0.503146,0.110447,-0.778988,-1.274762,0.834549,1
7.767000,0.503146,0.107379,-0.732454,-1.274762,0.942411,1
7.768000,0.503146,0.107379,-0.691181,-1.274762,0.983652,1
7.769000,0.503146,0.107379,-0.654304,-1.274762,1.020496,1
7.770000,0.503146,0.107379,-0.654304,-1.274762,1.020464,1
7.771000,0.503146,0.107379,-0.621285,-1.274762,1.053451,1
7.772000,0.503146,0.107379,-0.621285,-1.274762,1.053419,1
7.773000,0.503146,0.107379,-0.621285,-1.274762,1.053387,1
7.774000,0.503146,0.107379,-0.621285,-1.274762,1.053354,1
7.775000,0.503146,0.107379,-0.621285,-1.274762,1.053322,1
7.776000,0.503146,0.107379,-0.621285,-1.274762,1.053290,1
7.777000,0.503146,0.104311,-0.458591,-0.891364,0.510517,1
7.778000,0.503146,0.104311,-0.458591,-0.891364,0.510486,1
7.779000,0.503146,0.104311,-0.458591,-0.891364,0.510454,1
7.780000,0.503146,0.104311,-0.458591,-0.891364,0.510423,1
7.781000,0.503146,0.104311,-0.458591,-0.891364,0.510392,1
7.782000,0.503146,0.104311,-0.458591,-0.891364,0.510360,1
7.783000,0.503146,0.104311,-0.458591,-0.891364,0.510329,1
7.784000,0.503146,0.104311,-0.442111,-0.831144,0.000000,1
7.785000,0.503146,0.104311,-0.442111,-0.831144,0.000000,1
7.786000,0.503146,0.104311,-0.442111,-0.831144,0.000000,1
7.787000,0.506214,0.107379,0.363561,-0.751525,0.997454,1
7.788000,0.506214,0.107379,0.363561,-0.751525,0.997422,1
7.789000,0.506214,0.107379,0.363561,-0.751525,0.997389,1
7.790000,0.506214,0.107379,0.333852,-0.751525,0.967649,1
7.791000,0.506214,0.110447,0.308685,-0.751525,0.881089,1
7.792000,0.509282,0.113515,0.659042,-0.751525,1.176189,1
7.793000,0.509282,0.113515,0.659042,-0.751525,1.176155,1
7.794000,0.509282,0.113515,0.659042,-0.751525,1.176121,1
7.795000,0.509282,0.113515,0.659042,-0.751525,1.176087,1
7.796000,0.509282,0.113515,0.659042,0.746923,-2.420845,1
7.797000,0.509282,0.113515,0.659042,0.703993,-2.335018,1
7.798000,0.509282,0.116583,0.659042,0.665826,-2.320079,1
7.799000,0.512350,0.119651,0.659042,0.635648,-2.314980,1
7.800000,0.512350,0.119651,0.659042,0.635648,-2.315016,1
7.801000,0.512350,0.119651,0.659042,0.635648,-2.315052,1
7.802000,0.512350,0.119651,0.659042,0.635648,-2.315088,1
7.803000,0.512350,0.119651,0.659042,0.635648,-2.315124,1
7.804000,0.512350,0.122718,0.659042,0.635648,-2.376520,1
7.805000,0.512350,0.122718,0.659042,0.635648,-2.376557,1
7.806000,0.512350,0.122718,0.659042,0.635648,-2.376594,1
7.807000,0.512350,0.122718,0.659042,0.635648,-2.376631,1
7.808000,0.512350,0.122718,0.659042,0.635648,-2.376667,1
7.809000,0.512350,0.122718,0.659042,0.635648,-2.376704,1
7.810000,0.512350,0.122718,0.659042,0.635648,-2.376741,1
7.811000,0.512350,0.122718,0.659042,0.635648,-2.376778,1
7.812000,0.512350,0.122718,0.659042,0.635648,-2.376815,1
7.813000,0.512350,0.122718,0.659042,0.635648,-2.376851,1
7.814000,0.512350,0.122718,0.659042,0.635648,-2.376888,1
7.815000,0.512350,0.122718,0.659042,0.635648,-2.376925,1
7.816000,0.506214,0.119651,-0.528201,0.635648,-3.515117,1
7.817000,0.506214,0.119651,-0.528201,0.635648,-3.515153,1
7.818000,0.506214,0.119651,-0.528201,0.635648,-3.515189,1
7.819000,0.503146,0.119651,-0.450598,-0.609644,-0.953176,1
7.820000,0.500078,0.116583,-0.224909,-0.580687,-0.730211,1
7.821000,0.500078,0.116583,-0.224909,-0.554533,-0.782555,1
7.822000,0.500078,0.116583,-0.224909,-0.530429,-0.830798,1
7.823000,0.497010,0.113515,-0.224909,-0.508589,-0.819287,1
7.824000,0.497010,0.113515,-0.224909,-0.508589,-0.819321,1
7.825000,0.497010,0.113515,-0.224909,-0.508589,-0.819355,1
7.826000,0.497010,0.113515,-0.224909,-0.508589,-0.819389,1
7.827000,0.497010,0.113515,-0.224909,-0.508589,-0.819423,1
7.828000,0.484738,0.104311,-1.215842,-0.473689,-1.720654,1
7.829000,0.484738,0.104311,-1.215842,-0.473689,-1.720685,1
7.830000,0.484738,0.104311,-1.215842,-0.473689,-1.720716,1
7.831000,0.484738,0.104311,-1.215842,-0.473689,-1.720748,1
7.832000,0.484738,0.104311,-1.215842,-0.473689,-1.720779,1
7.833000,0.475534,0.101243,-1.510843,-0.473689,-1.972860,1
7.834000,0.472466,0.098175,-1.510843,-1.035856,-0.793332,1
7.835000,0.466330,0.092039,-1.510843,-1.035856,-0.682913,1
7.836000,0.463262,0.092039,-1.834235,-1.035856,-1.012468,1
7.837000,0.463262,0.092039,-1.834235,-1.035856,-1.012495,1
7.838000,0.463262,0.092039,-1.834235,-1.035856,-1.012523,1
7.839000,0.463262,0.092039,-1.834235,-1.035856,-1.012550,1
7.840000,0.463262,0.092039,-1.834235,-1.035856,-1.012578,1
7.841000,0.463262,0.092039,-1.834235,-1.035856,-1.012606,1
7.842000,0.463262,0.092039,-1.834235,-1.035856,-1.012633,1
7.843000,0.463262,0.092039,-1.834235,-1.035856,-1.012661,1
7.844000,0.463262,0.092039,-1.834235,-1.035856,-1.012688,1
7.845000,0.463262,0.092039,-1.834235,-1.035856,-1.012716,1
7.846000,0.457126,0.085903,-1.834235,-1.381831,0.000000,1
7.847000,0.454058,0.085903,-1.834235,-1.381831,0.000000,1
7.848000,0.454058,0.082835,-1.834235,-1.381831,0.000000,1
7.849000,0.450990,0.082835,-2.019268,-1.381831,0.000000,1
7.850000,0.447922,0.079767,-2.019268,-1.381831,0.000000,1
7.851000,0.447922,0.079767,-2.019268,-1.381831,0.000000,1
7.852000,0.444854,0.076699,-2.019268,-1.381831,0.000000,1
7.853000,0.441786,0.076699,-2.019268,-1.381831,0.000000,1
7.854000,0.438719,0.073631,-2.114347,-1.485453,0.525217,1
7.855000,0.438719,0.073631,-2.114347,-1.485453,0.525195,1
7.856000,0.438719,0.073631,-2.114347,-1.485453,0.525173,1
7.857000,0.438719,0.073631,-2.114347,-1.485453,0.525151,1
7.858000,0.438719,0.073631,-2.114347,-1.485453,0.525128,1
7.859000,0.438719,0.073631,-2.114347,-1.485453,0.525106,1
7.860000,0.438719,0.073631,-2.114347,-1.485453,0.525084,1
7.861000,0.438719,0.073631,-2.114347,-1.485453,0.525062,1
7.862000,0.438719,0.073631,-2.114347,-1.485453,0.525040,1
7.863000,0.438719,0.073631,-2.114347,-1.485453,0.525018,1
7.864000,0.435651,0.070563,-2.114347,-1.485453,0.580220,1
7.865000,0.417243,0.061359,-2.080160,-1.261708,0.000000,1
7.866000,0.417243,0.061359,-2.054687,-1.261708,0.000000,1
7.867000,0.414175,0.061359,-1.935160,-1.261708,0.452987,1
7.868000,0.414175,0.058291,-1.935160,-1.261708,0.514329,1
7.869000,0.411107,0.058291,-1.935160,-1.261708,0.508176,1
7.870000,0.411107,0.058291,-1.935160,-1.261708,0.508158,1
7.871000,0.408039,0.055223,-1.935160,-1.261708,0.563365,1
7.872000,0.408039,0.055223,-1.935160,-1.261708,0.563348,1
7.873000,0.404971,0.055223,-1.935160,-1.261708,0.557196,1
7.874000,0.401903,0.055223,-1.802754,-1.168287,0.496607,1
7.875000,0.401903,0.052155,-1.802754,-1.066419,0.000000,1
7.876000,0.398835,0.052155,-1.802754,-0.981170,0.000000,1
7.877000,0.395767,0.052155,-1.802754,-0.791436,-0.808055,1
7.878000,0.395767,0.052155,-1.802754,-0.791436,-0.808070,1
7.879000,0.395767,0.052155,-1.802754,-0.791436,-0.808086,1
7.880000,0.395767,0.052155,-1.802754,-0.791436,-0.808102,1
7.881000,0.395767,0.052155,-1.802754,-0.791436,-0.808117,1
7.882000,0.395767,0.052155,-1.802754,-0.791436,-0.808133,1
7.883000,0.395767,0.052155,-1.802754,-0.791436,-0.808149,1
7.884000,0.395767,0.052155,-1.802754,-0.791436,-0.808164,1
7.885000,0.395767,0.052155,-1.802754,-0.791436,-0.808180,1
7.886000,0.395767,0.052155,-1.802754,-0.791436,-0.808196,1
7.887000,0.383495,0.046019,-1.628085,-0.783499,-0.551239,1
7.888000,0.380427,0.046019,-1.628085,-0.783499,-0.557388,1
7.889000,0.377359,0.046019,-1.592873,-0.783499,-0.528326,1
7.890000,0.377359,0.042951,-1.592873,-0.783499,-0.466980,1
7.891000,0.374291,0.042951,-1.592873,-0.783499,-0.473129,1
7.892000,0.374291,0.042951,-1.592873,-0.783499,-0.473142,1
7.893000,0.371223,0.042951,-1.592873,-0.783499,-0.479290,1
7.894000,0.371223,0.039884,-1.592873,-0.783499,0.000000,1
7.895000,0.368155,0.039884,-1.592873,-0.774901,0.000000,1
7.896000,0.368155,0.039884,-1.592873,-0.729022,-0.533057,1
7.897000,0.365087,0.039884,-1.695738,-0.688259,-0.723597,1
7.898000,0.365087,0.039884,-1.695738,-0.688259,-0.723609,1
7.899000,0.365087,0.039884,-1.695738,-0.688259,-0.723621,1
7.900000,0.365087,0.039884,-1.695738,-0.688259,-0.723633,1
7.901000,0.365087,0.039884,-1.695738,-0.688259,-0.723645,1
7.902000,0.365087,0.039884,-1.695738,-0.688259,-0.723657,1
7.903000,0.365087,0.039884,-1.695738,-0.688259,-0.723668,1
7.904000,0.365087,0.039884,-1.695738,-0.688259,-0.723680,1
7.905000,0.365087,0.039884,-1.695738,-0.688259,-0.723692,1
7.906000,0.362019,0.036816,-1.695738,-0.684923,-0.675152,1
7.907000,0.362019,0.036816,-1.695738,-0.684923,-0.675163,1
7.908000,0.362019,0.036816,-1.695738,-0.684923,-0.675174,1
7.909000,0.362019,0.036816,-1.695738,-0.684923,-0.675185,1
7.910000,0.362019,0.036816,-1.695738,-0.684923,-0.675197,1
7.911000,0.362019,0.036816,-1.695738,-0.684923,-0.675208,1
7.912000,0.349748,0.030680,-1.774182,-0.684923,-0.655486,1
7.913000,0.349748,0.030680,-1.774182,-0.684923,-0.655495,1
7.914000,0.349748,0.030680,-1.774182,-0.684923,-0.655504,1
7.915000,0.349748,0.030680,-1.774182,-0.684923,-0.655514,1
7.916000,0.349748,0.030680,-1.774182,-0.684923,-0.655523,1
7.917000,0.349748,0.030680,-1.774182,-0.684923,-0.655532,1
7.918000,0.349748,0.030680,-1.774182,-0.684923,-0.655541,1
7.919000,0.349748,0.030680,-1.774182,-0.684923,-0.655550,1
7.920000,0.349748,0.030680,-1.774182,-0.684923,-0.655560,1
7.921000,0.349748,0.030680,-1.774182,-0.684923,-0.655569,1
7.922000,0.337476,0.024544,-1.871164,-0.878870,0.000000,1
7.923000,0.337476,0.024544,-1.871164,-0.878870,0.000000,1
7.924000,0.337476,0.024544,-1.871164,-0.878870,0.000000,1
7.925000,0.316000,0.012272,-2.120838,-1.120786,0.770137,1
7.926000,0.316000,0.012272,-2.120838,-1.120786,0.770133,1
7.927000,0.316000,0.012272,-2.120838,-1.120786,0.770130,1
7.928000,0.316000,0.012272,-2.120838,-1.120786,0.770126,1
7.929000,0.316000,0.012272,-2.120838,-1.120786,0.770122,1
7.930000,0.316000,0.012272,-2.120838,-1.120786,0.770118,1
7.931000,0.306796,0.009204,-2.120838,-1.120786,0.813067,1
7.932000,0.306796,0.009204,-2.120838,-1.120786,0.813064,1
7.933000,0.306796,0.009204,-2.120838,-1.120786,0.813062,1
7.934000,0.294524,0.003068,-2.230862,-1.120786,0.801212,1
7.935000,0.294524,0.003068,-2.230862,-1.120786,0.801211,1
7.936000,0.294524,0.003068,-2.230862,-1.120786,0.801210,1
7.937000,0.294524,0.003068,-2.230862,-1.120786,0.801209,1
7.938000,0.294524,0.003068,-2.230862,-1.120786,0.801208,1
7.939000,0.294524,0.003068,-2.230862,-1.120786,0.801207,1
7.940000,0.288388,-0.003068,-2.278442,-1.302871,1.228243,1
7.941000,0.288388,-0.003068,-2.278442,-1.302871,1.228244,1
7.942000,0.288388,-0.003068,-2.278442,-1.302871,1.228245,1
7.943000,0.276117,-0.009204,-2.242468,-1.302871,1.362396,1
7.944000,0.266913,-0.012272,-2.091549,-1.188940,1.328410,1
7.945000,0.266913,-0.012272,-2.091549,-1.188940,1.328414,1
7.946000,0.263845,-0.015340,-2.091549,-1.188940,1.383642,1
7.947000,0.263845,-0.015340,-2.091549,-1.188940,1.383646,1
7.948000,0.263845,-0.015340,-2.091549,-1.188940,1.383651,1
7.949000,0.263845,-0.015340,-2.091549,-1.188940,1.383655,1
7.950000,0.260777,-0.015340,-2.091549,-1.188940,1.377524,1
7.951000,0.260777,-0.015340,-2.091549,-1.188940,1.377529,1
7.952000,0.260777,-0.015340,-2.091549,-1.188940,1.377533,1
7.953000,0.251573,-0.018408,-1.863472,-1.088981,1.448648,1
7.954000,0.251573,-0.018408,-1.863472,-0.999974,1.270640,1
7.955000,0.251573,-0.018408,-1.863472,-0.925024,1.120746,1
7.956000,0.251573,-0.018408,-1.863472,-0.925024,1.120751,1
7.957000,0.251573,-0.018408,-1.863472,-0.925024,1.120757,1
7.958000,0.251573,-0.018408,-1.863472,-0.925024,1.120762,1
7.959000,0.248505,-0.018408,-1.863472,-0.860066,0.984715,1
7.960000,0.248505,-0.018408,-1.863472,-0.860066,0.984720,1
7.961000,0.248505,-0.018408,-1.863472,-0.860066,0.984726,1
7.962000,0.248505,-0.018408,-1.863472,-0.860066,0.984731,1
7.963000,0.248505,-0.018408,-1.863472,-0.860066,0.984737,1
7.964000,0.245437,-0.021476,-1.450666,-0.710612,1.153865,1
7.965000,0.245437,-0.021476,-1.450666,-0.710612,1.153872,1
7.966000,0.245437,-0.021476,-1.450666,-0.710612,1.153878,1
7.967000,0.239301,-0.021476,-1.496868,-0.551099,0.776384,1
7.968000,0.236233,-0.021476,-1.496868,-0.467180,0.602417,1
7.969000,0.236233,-0.018408,-1.372692,0.450017,-1.769153,1
7.970000,0.236233,-0.018408,-1.372692,0.450017,-1.769148,1
7.971000,0.230097,-0.018408,-1.040580,0.380305,-1.309877,1
7.972000,0.230097,-0.018408,-1.040580,0.380305,-1.309872,1
7.973000,0.230097,-0.018408,-1.040580,0.380305,-1.309866,1
7.974000,0.230097,-0.018408,-1.040580,0.368839,-1.286931,1
7.975000,0.230097,-0.018408,-1.040580,0.368839,-1.286925,1
7.976000,0.230097,-0.018408,-1.040580,0.368839,-1.286920,1
7.977000,0.227029,-0.018408,-1.040580,0.348034,-1.251440,1
7.978000,0.227029,-0.018408,-1.040580,0.338344,-1.232055,1
7.979000,0.227029,-0.018408,-1.040580,0.329268,-1.213895,1
7.980000,0.223961,-0.018408,-1.040580,0.320682,-1.202854,1
7.981000,0.217825,-0.021476,-1.008691,-0.283596,0.686684,1
7.982000,0.217825,-0.021476,-1.008691,-0.283596,0.686691,1
7.983000,0.217825,-0.021476,-1.008691,-0.283596,0.686697,1
7.984000,0.217825,-0.021476,-1.008691,-0.283596,0.686703,1
7.985000,0.217825,-0.021476,-1.008691,-0.283596,0.686710,1
7.986000,0.214757,-0.024544,-1.008691,-0.278530,0.731809,1
7.987000,0.214757,-0.024544,-1.008691,-0.278530,0.731816,1
7.988000,0.211689,-0.024544,-1.008691,-0.278530,0.725688,1
7.989000,0.211689,-0.024544,-1.008691,-0.278530,0.725695,1
7.990000,0.208621,-0.024544,-1.008691,-0.278530,0.719566,1
7.991000,0.208621,-0.027612,-1.008691,-0.278530,0.780934,1
7.992000,0.205553,-0.027612,-1.422030,-0.278530,0.000000,1
7.993000,0.205553,-0.027612,-1.422030,-0.278530,0.000000,1
7.994000,0.205553,-0.027612,-1.422030,-0.278530,0.000000,1
7.995000,0.202485,-0.027612,-1.422030,-0.278530,0.000000,1
7.996000,0.202485,-0.027612,-1.422030,-0.278530,0.000000,1
7.997000,0.199418,-0.030680,-1.422030,-0.278530,0.000000,1
7.998000,0.199418,-0.030680,-1.422030,-0.278530,0.000000,1
7.999000,0.196350,-0.030680,-1.422030,-0.278530,0.000000,1
8.000000,0.196350,-0.030680,-1.422030,-0.278530,0.000000,1
8.001000,0.193282,-0.030680,-1.407750,-0.278530,0.000000,1
8.002000,0.193282,-0.030680,-1.407750,-0.278530,0.000000,1
8.003000,0.193282,-0.033748,-1.407750,-0.278530,0.474020,1
8.004000,0.193282,-0.033748,-1.407750,-0.278530,0.474030,1
8.005000,0.193282,-0.033748,-1.407750,-0.278530,0.474041,1
8.006000,0.190214,-0.033748,-1.407750,-0.278530,0.467915,1
8.007000,0.190214,-0.033748,-1.407750,-0.278530,0.467925,1
8.008000,0.187146,-0.033748,-1.407750,-0.278530,0.461799,1
8.009000,0.184078,-0.036816,-1.407750,-0.576377,1.112727,1
8.010000,0.184078,-0.036816,-1.407750,-0.576377,1.112738,1
8.011000,0.184078,-0.036816,-1.407750,-0.576377,1.112749,1
8.012000,0.181010,-0.036816,-1.329427,-0.576377,1.184947,1
8.013000,0.181010,-0.036816,-1.329427,-0.576377,1.184958,1
8.014000,0.181010,-0.036816,-1.329427,-0.576377,1.184969,1
8.015000,0.181010,-0.036816,-1.329427,-0.576377,1.184980,1
8.016000,0.181010,-0.036816,-1.329427,-0.576377,1.184992,1
8.017000,0.181010,-0.036816,-1.329427,-0.576377,1.185003,1
8.018000,0.181010,-0.036816,-1.329427,-0.576377,1.185014,1
8.019000,0.174874,-0.039884,-1.329427,-0.576377,1.234113,1
8.020000,0.174874,-0.039884,-1.329427,-0.576377,1.234125,1
8.021000,0.174874,-0.039884,-1.329427,-0.576377,1.234137,1
8.022000,0.174874,-0.039884,-1.329427,-0.576377,1.234149,1
8.023000,0.174874,-0.039884,-1.329427,-0.576377,1.234161,1
8.024000,0.174874,-0.039884,-1.329427,-0.576377,1.234173,1
8.025000,0.168738,-0.039884,-1.189115,-0.576377,1.362225,1
8.026000,0.168738,-0.039884,-1.189115,-0.576377,1.362237,1
8.027000,0.168738,-0.039884,-1.189115,-0.576377,1.362249,1
8.028000,0.165670,-0.039884,-1.189115,-0.576377,1.356125,1
8.029000,0.165670,-0.036816,-0.744523,0.384445,-0.782275,1
8.030000,0.165670,-0.036816,-0.744523,0.384445,-0.782264,1
8.031000,0.165670,-0.036816,-0.744523,0.384445,-0.782253,1
8.032000,0.165670,-0.036816,-0.744523,0.384445,-0.782242,1
8.033000,0.165670,-0.036816,-0.744523,0.384445,-0.782231,1
8.034000,0.165670,-0.036816,-0.744523,0.384445,-0.782220,1
8.035000,0.165670,-0.036816,-0.744523,0.384445,-0.782209,1
8.036000,0.165670,-0.036816,-0.744523,0.384445,-0.782198,1
8.037000,0.165670,-0.036816,-0.744523,0.384445,-0.782186,1
8.038000,0.165670,-0.036816,-0.744523,0.384445,-0.782175,1
8.039000,0.165670,-0.036816,-0.744523,0.384445,-0.782164,1
8.040000,0.165670,-0.036816,-0.744523,0.384445,-0.782153,1
8.041000,0.162602,-0.036816,-0.701782,0.372723,-0.722094,1
8.042000,0.162602,-0.033748,-0.629764,0.351381,-0.668741,1
8.043000,0.162602,-0.033748,-0.599239,0.341671,-0.618785,1
8.044000,0.162602,-0.033748,-0.571301,0.332402,-0.572299,1
8.045000,0.162602,-0.033748,-0.545852,0.323623,-0.529282,1
8.046000,0.162602,-0.033748,-0.522767,0.315367,-0.489674,1
8.047000,0.162602,-0.030680,-0.501255,0.307408,-0.513595,1
8.048000,0.162602,-0.030680,-0.481614,0.299907,-0.478944,1
8.049000,0.162602,-0.030680,-0.463382,0.292735,0.000000,1
8.050000,0.162602,-0.030680,-0.463382,0.292735,0.000000,1
8.051000,0.162602,-0.030680,-0.463382,0.292735,0.000000,1
8.052000,0.162602,-0.030680,-0.463382,0.292735,0.000000,1
8.053000,0.162602,-0.030680,-0.446517,0.285913,0.000000,1
8.054000,0.162602,-0.030680,-0.446517,0.285913,0.000000,1
8.055000,0.162602,-0.030680,-0.446517,0.285913,0.000000,1
8.056000,0.162602,-0.030680,-0.402579,0.267237,0.000000,1
8.057000,0.162602,-0.027612,-0.355898,0.257638,0.000000,1
8.058000,0.159534,-0.027612,-0.345899,0.257638,0.000000,1
8.059000,0.159534,-0.027612,-0.336406,0.257638,0.000000,1
8.060000,0.159534,-0.027612,-0.327426,0.257638,0.000000,1
8.061000,0.159534,-0.027612,-0.318912,0.257638,0.000000,1
8.062000,0.159534,-0.027612,-0.310779,0.257638,0.000000,1
8.063000,0.159534,-0.027612,-0.303124,0.257638,0.000000,1
8.064000,0.159534,-0.027612,-0.295815,0.257638,0.000000,1
8.065000,0.159534,-0.027612,-0.288849,0.257638,0.000000,1
8.066000,0.159534,-0.024544,-0.282204,0.257638,0.000000,1
8.067000,0.159534,-0.024544,-0.275912,0.257638,0.000000,1
8.068000,0.159534,-0.024544,-0.269809,0.257638,0.000000,1
8.069000,0.156466,-0.024544,-0.515836,0.257638,-0.563439,1
8.070000,0.156466,-0.024544,-0.515836,0.257638,-0.563431,1
8.071000,0.156466,-0.024544,-0.515836,0.257638,-0.563424,1
8.072000,0.156466,-0.024544,-0.515836,0.257638,-0.563417,1
8.073000,0.156466,-0.024544,-0.515836,0.257638,-0.563409,1
8.074000,0.156466,-0.024544,-0.515836,0.257638,-0.563402,1
8.075000,0.156466,-0.024544,-0.515836,0.257638,-0.563394,1
8.076000,0.156466,-0.024544,-0.515836,0.257638,-0.563387,1
8.077000,0.156466,-0.024544,-0.515836,0.257638,-0.563380,1
8.078000,0.156466,-0.024544,-0.515836,0.257638,-0.563372,1
8.079000,0.153398,-0.024544,-0.515836,0.257638,-0.569501,1
8.080000,0.153398,-0.024544,-0.515836,0.257638,-0.569494,1
8.081000,0.153398,-0.024544,-0.515836,0.257638,-0.569486,1
8.082000,0.153398,-0.024544,-0.515836,0.257638,-0.569479,1
8.083000,0.153398,-0.024544,-0.515836,0.257638,-0.569471,1
8.084000,0.153398,-0.024544,-0.515836,0.257638,-0.569464,1
8.085000,0.153398,-0.024544,-0.515836,0.257638,-0.569457,1
8.086000,0.150330,-0.024544,-0.515836,0.257638,-0.575585,1
8.087000,0.150330,-0.024544,-0.515836,0.257638,-0.575578,1
8.088000,0.150330,-0.024544,-0.515836,0.257638,-0.575571,1
8.089000,0.150330,-0.024544,-0.515836,0.257638,-0.575563,1
8.090000,0.150330,-0.024544,-0.515836,0.257638,-0.575556,1
8.091000,0.147262,-0.024544,-0.515836,0.257638,-0.581684,1
8.092000,0.147262,-0.027612,-0.515836,0.257638,-0.520317,1
8.093000,0.147262,-0.027612,-0.505115,0.257638,-0.509588,1
8.094000,0.147262,-0.027612,-0.485259,0.257638,-0.489723,1
8.095000,0.147262,-0.027612,-0.485259,0.257638,-0.489715,1
8.096000,0.147262,-0.027612,-0.485259,0.257638,-0.489707,1
8.097000,0.144194,-0.027612,-0.270513,0.257638,0.000000,1
8.098000,0.144194,-0.027612,-0.270513,0.257638,0.000000,1
8.099000,0.144194,-0.027612,-0.270513,0.257638,0.000000,1
8.100000,0.144194,-0.027612,-0.270513,0.257638,0.000000,1
8.101000,0.141126,-0.030680,-0.270513,0.257638,0.000000,1
8.102000,0.141126,-0.030680,-0.270513,0.257638,0.000000,1
8.103000,0.141126,-0.030680,-0.270513,0.257638,0.000000,1
8.104000,0.141126,-0.030680,-0.270513,0.257638,0.000000,1
8.105000,0.141126,-0.030680,-0.270513,0.257638,0.000000,1
8.106000,0.138058,-0.033748,-0.270513,-0.239260,1.423234,1
8.107000,0.134990,-0.033748,-0.270513,-0.234675,1.407938,1
8.108000,0.134990,-0.033748,-0.270513,-0.230286,1.399171,1
8.109000,0.134990,-0.036816,-0.270513,-0.229318,1.458605,1
8.110000,0.134990,-0.036816,-0.270513,-0.229318,1.458616,1
8.111000,0.131922,-0.036816,-0.703897,-0.229318,1.019107,1
8.112000,0.131922,-0.036816,-0.703897,-0.229318,1.019118,1
8.113000,0.131922,-0.036816,-0.703897,-0.229318,1.019129,1
8.114000,0.131922,-0.036816,-0.703897,-0.229318,1.019140,1
8.115000,0.131922,-0.036816,-0.703897,-0.229318,1.019151,1
8.116000,0.128854,-0.036816,-0.703897,-0.229318,1.013027,1
8.117000,0.128854,-0.036816,-0.703897,-0.229318,1.013038,1
8.118000,0.128854,-0.036816,-0.703897,-0.229318,1.013049,1
8.119000,0.128854,-0.036816,-0.703897,-0.229318,1.013060,1
8.120000,0.128854,-0.036816,-0.703897,-0.229318,1.013071,1
8.121000,0.128854,-0.036816,-0.703897,-0.229318,1.013082,1
8.122000,0.128854,-0.036816,-0.703897,-0.229318,1.013093,1
8.123000,0.128854,-0.036816,-0.703897,-0.229318,1.013104,1
8.124000,0.128854,-0.039884,-0.703897,-0.229318,1.074475,1
8.125000,0.128854,-0.039884,-0.703897,-0.229318,1.074487,1
8.126000,0.128854,-0.039884,-0.703897,-0.229318,1.074499,1
8.127000,0.128854,-0.039884,-0.703897,-0.229318,1.074511,1
8.128000,0.128854,-0.039884,-0.703897,-0.229318,1.074523,1
8.129000,0.128854,-0.039884,-0.703897,-0.229318,1.074535,1
8.130000,0.128854,-0.039884,-0.703897,-0.229318,1.074547,1
8.131000,0.128854,-0.039884,-0.703897,-0.229318,1.074559,1
8.132000,0.128854,-0.039884,-0.703897,-0.229318,1.074571,1
8.133000,0.128854,-0.039884,-0.703897,-0.229318,1.074583,1
8.134000,0.128854,-0.039884,-0.703897,-0.229318,1.074595,1
8.135000,0.128854,-0.039884,-0.703897,-0.229318,1.074607,1
8.136000,0.128854,-0.036816,-0.622861,-0.229318,1.094295,1
8.137000,0.128854,-0.036816,-0.622861,-0.229318,1.094306,1
8.138000,0.128854,-0.036816,-0.622861,-0.229318,1.094317,1
8.139000,0.128854,-0.036816,-0.477416,-0.229318,1.239773,1
8.140000,0.128854,-0.036816,-0.477416,-0.229318,1.239784,1
8.141000,0.128854,-0.036816,-0.477416,-0.229318,1.239795,1
8.142000,0.128854,-0.036816,-0.477416,-0.229318,1.239806,1
8.143000,0.128854,-0.036816,-0.477416,-0.229318,1.239817,1
8.144000,0.128854,-0.036816,-0.477416,-0.229318,1.239828,1
8.145000,0.128854,-0.033748,-0.427472,-0.229318,1.228423,1
8.146000,0.128854,-0.033748,-0.427472,-0.229318,1.228433,1
8.147000,0.128854,-0.033748,-0.427472,-0.229318,1.228444,1
8.148000,0.131922,-0.030680,0.353585,-0.229318,1.954286,1
8.149000,0.131922,-0.030680,0.353585,-0.229318,1.954296,1
8.150000,0.131922,-0.030680,0.353585,-0.229318,1.954305,1
8.151000,0.131922,-0.030680,0.353585,-0.229318,1.954314,1
8.152000,0.131922,-0.030680,0.353585,-0.229318,1.954323,1
8.153000,0.131922,-0.030680,0.353585,-0.229318,1.954332,1
8.154000,0.134990,-0.027612,0.325454,0.312348,0.787652,1
8.155000,0.134990,-0.027612,0.325454,0.312348,0.787661,1
8.156000,0.134990,-0.027612,0.325454,0.312348,0.787669,1
8.157000,0.141126,-0.024544,0.278926,0.312348,0.692062,1
8.158000,0.141126,-0.024544,0.278926,0.312348,0.692069,1
8.159000,0.141126,-0.024544,0.278926,0.312348,0.692076,1
8.160000,0.141126,-0.024544,0.278926,0.312348,0.692084,1
8.161000,0.141126,-0.024544,0.278926,0.312348,0.692091,1
8.162000,0.141126,-0.024544,0.278926,0.312348,0.692098,1
8.163000,0.144194,-0.021476,0.278926,0.312348,0.636881,1
8.164000,0.144194,-0.021476,0.278926,0.312348,0.636888,1
8.165000,0.144194,-0.021476,0.278926,0.312348,0.636894,1
8.166000,0.150330,-0.012272,0.278926,1.052861,-1.615934,1
8.167000,0.156466,-0.006136,0.945325,1.052861,-1.059980,1
8.168000,0.156466,-0.003068,0.945325,1.455193,-1.926001,1
8.169000,0.159534,-0.003068,0.945325,1.455193,-1.919864,1
8.170000,0.159534,-0.003068,0.945325,1.455193,-1.919863,1
8.171000,0.159534,-0.003068,0.945325,1.455193,-1.919863,1
8.172000,0.159534,-0.003068,0.945325,1.455193,-1.919862,1
8.173000,0.159534,0.000000,0.945325,1.455193,-1.981221,1
8.174000,0.159534,0.000000,0.945325,1.455193,-1.981221,1
8.175000,0.159534,0.000000,0.945325,1.455193,-1.981221,1
8.176000,0.162602,0.003068,0.945325,1.455193,-2.036445,1
8.177000,0.162602,0.003068,0.945325,1.455193,-2.036446,1
8.178000,0.162602,0.003068,0.945325,1.455193,-2.036447,1
8.179000,0.165670,0.006136,1.305932,1.455193,-1.731065,1
8.180000,0.165670,0.006136,1.305932,0.990313,-0.801306,1
8.181000,0.168738,0.009204,1.305932,0.950229,-0.776364,1
8.182000,0.168738,0.009204,1.305932,0.950229,-0.776367,1
8.183000,0.168738,0.009204,1.305932,0.950229,-0.776369,1
8.184000,0.168738,0.009204,1.305932,0.950229,-0.776372,1
8.185000,0.168738,0.009204,1.183846,0.950229,-0.898461,1
8.186000,0.168738,0.009204,1.183846,0.950229,-0.898464,1
8.187000,0.168738,0.009204,1.183846,0.950229,-0.898467,1
8.188000,0.168738,0.009204,1.079669,0.950229,-1.002647,1
8.189000,0.168738,0.009204,1.079669,0.950229,-1.002649,1
8.190000,0.168738,0.009204,1.079669,0.950229,-1.002652,1
8.191000,0.168738,0.009204,1.079669,0.950229,-1.002655,1
8.192000,0.168738,0.009204,1.079669,0.950229,-1.002658,1
8.193000,0.168738,0.009204,0.918286,0.950229,-1.164043,1
8.194000,0.168738,0.009204,0.918286,0.950229,-1.164046,1
8.195000,0.168738,0.009204,0.918286,0.950229,-1.164049,1
8.196000,0.168738,0.009204,0.668321,0.950229,-1.414016,1
8.197000,0.168738,0.009204,0.548833,0.744528,-1.122106,1
8.198000,0.168738,0.009204,0.525314,0.702266,-1.061104,1
8.199000,0.168738,0.009204,0.525314,0.702266,-1.061107,1
8.200000,0.168738,0.009204,0.483738,0.629892,-0.957937,1
8.201000,0.168738,0.006136,0.465500,-0.599318,2.143602,1
8.202000,0.168738,0.006136,0.448426,-0.571311,2.070513,1
8.203000,0.168738,0.006136,0.432584,-0.545843,2.003733,1
8.204000,0.168738,0.003068,0.417954,-0.522754,2.004282,1
8.205000,0.168738,0.003068,0.404209,-0.501428,1.947884,1
8.206000,0.168738,0.003068,0.391216,-0.481587,1.895208,1
8.207000,0.168738,0.003068,0.379205,-0.463513,1.847049,1
8.208000,0.168738,0.003068,0.367816,-0.446610,1.801854,1
8.209000,0.168738,0.003068,0.367816,-0.446610,1.801853,1
8.210000,0.168738,0.003068,0.367816,-0.446610,1.801852,1
8.211000,0.168738,0.003068,0.367816,-0.446610,1.801851,1
8.212000,0.168738,0.003068,0.367816,-0.446610,1.801850,1
8.213000,0.168738,0.003068,0.357090,-0.430894,1.759691,1
8.214000,0.168738,0.003068,0.357090,-0.430894,1.759690,1
8.215000,0.168738,0.003068,0.357090,-0.430894,1.759689,1
8.216000,0.168738,0.003068,0.319857,-0.377825,1.616316,1
8.217000,0.168738,0.003068,0.319857,-0.377825,1.616315,1
8.218000,0.168738,0.003068,0.319857,-0.377825,1.616314,1
8.219000,0.174874,0.009204,0.276636,0.323203,-0.539412,1
8.220000,0.174874,0.009204,0.270513,0.323203,-0.545539,1
8.221000,0.177942,0.015340,0.268385,0.323203,-0.664253,1
8.222000,0.177942,0.015340,0.268385,0.323203,-0.664258,1
8.223000,0.177942,0.015340,0.268385,0.323203,-0.664263,1
8.224000,0.177942,0.015340,0.268385,0.323203,-0.664267,1
8.225000,0.177942,0.015340,0.268385,0.323203,-0.664272,1
8.226000,0.177942,0.015340,0.268385,0.323203,-0.664276,1
8.227000,0.181010,0.015340,0.268385,0.323203,-0.658145,1
8.228000,0.181010,0.018408,0.268385,0.323203,-0.719510,1
8.229000,0.181010,0.018408,0.268385,0.323203,-0.719515,1
8.230000,0.181010,0.018408,0.268385,0.323203,-0.719521,1
8.231000,0.181010,0.018408,0.268385,0.323203,-0.719526,1
8.232000,0.181010,0.018408,0.268385,0.323203,-0.719532,1
8.233000,0.181010,0.018408,0.268385,0.323203,-0.719537,1
8.234000,0.181010,0.018408,0.268385,0.323203,-0.719543,1
8.235000,0.181010,0.018408,0.268385,0.323203,-0.719548,1
8.236000,0.184078,0.021476,0.268385,0.932332,-1.993036,1
8.237000,0.184078,0.021476,0.268385,0.932332,-1.993042,1
8.238000,0.184078,0.021476,0.268385,0.932332,-1.993049,1
8.239000,0.187146,0.021476,0.268385,0.932332,-1.986919,1
8.240000,0.187146,0.024544,0.268385,0.932332,-2.048286,1
8.241000,0.187146,0.024544,0.268385,0.932332,-2.048293,1
8.242000,0.187146,0.024544,0.268385,0.932332,-2.048300,1
8.243000,0.187146,0.024544,0.268385,0.932332,-2.048308,1
8.244000,0.190214,0.024544,0.769617,0.932332,-1.540947,1
8.245000,0.190214,0.024544,0.769617,0.932332,-1.540954,1
8.246000,0.190214,0.024544,0.769617,0.932332,-1.540962,1
8.247000,0.190214,0.024544,0.769617,0.932332,-1.540969,1
8.248000,0.190214,0.024544,0.769617,0.932332,-1.540976,1
8.249000,0.190214,0.024544,0.769617,0.932332,-1.540984,1
8.250000,0.190214,0.024544,0.769617,0.919658,-1.515644,1
8.251000,0.190214,0.024544,0.769617,0.919658,-1.515651,1
8.252000,0.190214,0.024544,0.769617,0.919658,-1.515659,1
8.253000,0.187146,0.024544,0.769617,0.668875,-1.020235,1
8.254000,0.187146,0.024544,0.769617,0.668875,-1.020242,1
8.255000,0.187146,0.024544,0.769617,0.668875,-1.020249,1
8.256000,0.187146,0.024544,0.769617,0.574987,-0.832481,1
8.257000,0.187146,0.024544,0.769617,0.574987,-0.832488,1
8.258000,0.187146,0.024544,0.769617,0.574987,-0.832495,1
8.259000,0.184078,0.021476,0.769617,-0.504076,1.980846,1
8.260000,0.184078,0.021476,0.769617,-0.504076,1.980840,1
8.261000,0.184078,0.021476,0.769617,-0.504076,1.980833,1
8.262000,0.181010,0.018408,-0.723409,-0.448743,0.000000,1
8.263000,0.177942,0.015340,-0.723409,-0.391471,0.000000,1
8.264000,0.177942,0.015340,-0.723409,-0.379380,0.000000,1
8.265000,0.177942,0.015340,-0.723409,-0.379380,0.000000,1
8.266000,0.177942,0.012272,-0.723409,-0.366534,0.000000,1
8.267000,0.174874,0.012272,-0.723409,-0.366534,0.000000,1
8.268000,0.174874,0.012272,-0.723409,-0.366534,0.000000,1
8.269000,0.174874,0.009204,-0.723409,-0.366534,0.000000,1
8.270000,0.171806,0.009204,-0.723409,-0.366534,0.000000,1
8.271000,0.171806,0.009204,-0.723409,-0.366534,0.000000,1
8.272000,0.171806,0.009204,-0.723409,-0.366534,0.000000,1
8.273000,0.171806,0.006136,-0.723409,-0.366534,0.494934,1
8.274000,0.171806,0.006136,-0.723409,-0.366534,0.494932,1
8.275000,0.171806,0.006136,-0.723409,-0.366534,0.494930,1
8.276000,0.171806,0.006136,-0.723409,-0.366534,0.494928,1
8.277000,0.171806,0.006136,-0.723409,-0.366534,0.494926,1
8.278000,0.168738,0.006136,-0.651819,-0.366534,0.560378,1
8.279000,0.168738,0.006136,-0.651819,-0.366534,0.560377,1
8.280000,0.168738,0.006136,-0.651819,-0.366534,0.560375,1
8.281000,0.165670,0.003068,-0.651819,-0.366534,0.615597,1
8.282000,0.165670,0.003068,-0.651819,-0.366534,0.615596,1
8.283000,0.165670,0.003068,-0.651819,-0.366534,0.615595,1
8.284000,0.165670,0.000000,-0.651819,-0.908871,1.761629,1
8.285000,0.165670,0.000000,-0.651819,-0.908871,1.761629,1
8.286000,0.165670,0.000000,-0.651819,-0.908871,1.761629,1
8.287000,0.165670,0.000000,-0.651819,-0.908871,1.761629,1
8.288000,0.165670,0.000000,-0.651819,-0.908871,1.761629,1
8.289000,0.165670,0.000000,-0.651819,-0.908871,1.761629,1
8.290000,0.162602,-0.003068,-0.651819,-0.908871,1.816853,1
8.291000,0.162602,-0.003068,-0.651819,-0.908871,1.816854,1
8.292000,0.162602,-0.003068,-0.651819,-0.908871,1.816855,1
8.293000,0.159534,-0.006136,-0.651819,-0.908871,1.872080,1
8.294000,0.159534,-0.009204,-0.598459,-0.798563,1.766186,1
8.295000,0.159534,-0.009204,-0.570842,-0.750138,1.696954,1
8.296000,0.159534,-0.009204,-0.545278,-0.706606,1.635457,1
8.297000,0.159534,-0.009204,-0.522131,-0.668217,1.581829,1
8.298000,0.159534,-0.009204,-0.500799,-0.633674,1.534078,1
8.299000,0.162602,-0.006136,0.355642,0.417867,0.000000,1
8.300000,0.162602,-0.006136,0.355642,0.417867,0.000000,1
8.301000,0.162602,-0.006136,0.355642,0.417867,0.000000,1
8.302000,0.162602,-0.006136,0.355642,0.417867,0.000000,1
8.303000,0.162602,-0.006136,0.355642,0.417867,0.000000,1
8.304000,0.162602,-0.006136,0.355642,0.417867,0.000000,1
8.305000,0.162602,-0.006136,0.355642,0.417867,0.000000,1
8.306000,0.162602,-0.006136,0.355642,0.417867,0.000000,1
8.307000,0.162602,-0.006136,0.355642,0.417867,0.000000,1
8.308000,0.162602,-0.006136,0.355642,0.417867,0.000000,1
8.309000,0.162602,-0.006136,0.345628,0.404109,0.000000,1
8.310000,0.162602,-0.006136,0.336185,0.391260,0.000000,1
8.311000,0.168738,0.000000,0.754196,0.369121,0.617835,1
8.312000,0.168738,0.000000,0.754196,0.369121,0.617835,1
8.313000,0.171806,0.000000,0.754196,0.369121,0.623971,1
8.314000,0.171806,0.000000,0.754196,0.369121,0.623971,1
8.315000,0.171806,0.000000,0.754196,0.369121,0.623971,1
8.316000,0.171806,0.000000,0.754196,0.369121,0.623971,1
8.317000,0.171806,0.000000,0.754196,0.369121,0.623971,1
8.318000,0.171806,0.000000,0.754196,0.369121,0.623971,1
8.319000,0.171806,0.000000,0.754196,0.369121,0.623971,1
8.320000,0.171806,0.000000,0.754196,0.369121,0.623971,1
8.321000,0.171806,0.000000,0.754196,0.369121,0.623971,1
8.322000,0.171806,0.000000,0.754196,0.369121,0.623971,1
8.323000,0.171806,0.000000,0.754196,0.369121,0.623971,1
8.324000,0.171806,0.003068,0.754196,0.369121,0.562611,1
8.325000,0.171806,0.003068,0.754196,0.369121,0.562610,1
8.326000,0.177942,0.006136,0.309857,0.369121,-0.530818,1
8.327000,0.177942,0.009204,0.309857,0.605419,-1.064775,1
8.328000,0.177942,0.009204,0.309857,0.605419,-1.064778,1
8.329000,0.181010,0.012272,0.309857,0.605419,-1.120005,1
8.330000,0.181010,0.012272,0.309857,0.605419,-1.120009,1
8.331000,0.181010,0.012272,0.309857,0.605419,-1.120013,1
8.332000,0.181010,0.012272,0.309857,0.605419,-1.120016,1
8.333000,0.181010,0.012272,0.309857,0.605419,-1.120020,1
8.334000,0.181010,0.012272,0.309857,0.605419,-1.120024,1
8.335000,0.181010,0.012272,0.309857,0.605419,-1.120027,1
8.336000,0.181010,0.012272,0.309857,0.605419,-1.120031,1
8.337000,0.181010,0.012272,0.309857,0.605419,-1.120035,1
8.338000,0.181010,0.012272,0.309857,0.605419,-1.120038,1
8.339000,0.181010,0.012272,0.309857,0.605419,-1.120042,1
8.340000,0.181010,0.012272,0.309857,0.605419,-1.120046,1
8.341000,0.181010,0.012272,0.309857,0.605419,-1.120049,1
8.342000,0.181010,0.012272,0.309857,0.605419,-1.120053,1
8.343000,0.181010,0.012272,0.309857,0.605419,-1.120057,1
8.344000,0.181010,0.012272,0.309857,0.605419,-1.120060,1
8.345000,0.184078,0.015340,0.309857,0.605419,-1.175288,1
8.346000,0.184078,0.015340,0.309857,0.605419,-1.175293,1
8.347000,0.184078,0.015340,0.309857,0.605419,-1.175297,1
8.348000,0.184078,0.015340,0.309857,0.605419,-1.175302,1
8.349000,0.184078,0.015340,0.309857,0.605419,-1.175307,1
8.350000,0.184078,0.015340,0.309857,0.605419,-1.175311,1
8.351000,0.187146,0.015340,0.309857,0.605419,-1.169180,1
8.352000,0.187146,0.015340,0.309857,0.605419,-1.169185,1
8.353000,0.184078,0.015340,0.309857,0.440769,-0.846026,1
8.354000,0.184078,0.015340,0.309857,0.440769,-0.846030,1
8.355000,0.184078,0.015340,0.309857,0.440769,-0.846035,1
8.356000,0.184078,0.012272,0.309857,0.427146,-0.757433,1
8.357000,0.181010,0.009204,-0.665526,0.427146,-1.677596,1
8.358000,0.181010,0.009204,-0.665526,0.427146,-1.677598,1
8.359000,0.181010,0.009204,-0.665526,0.427146,-1.677601,1
8.360000,0.181010,0.009204,-0.665526,0.427146,-1.677604,1
8.361000,0.181010,0.009204,-0.665526,0.427146,-1.677607,1
8.362000,0.181010,0.009204,-0.665526,0.427146,-1.677610,1
8.363000,0.181010,0.009204,-0.665526,0.427146,-1.677612,1
8.364000,0.181010,0.009204,-0.665526,0.427146,-1.677615,1
8.365000,0.181010,0.009204,-0.665526,0.427146,-1.677618,1
8.366000,0.181010,0.009204,-0.665526,0.427146,-1.677621,1
8.367000,0.181010,0.009204,-0.665526,0.427146,-1.677623,1
8.368000,0.181010,0.009204,-0.665526,0.427146,-1.677626,1
8.369000,0.181010,0.009204,-0.665526,0.427146,-1.677629,1
8.370000,0.181010,0.009204,-0.665526,0.427146,-1.677632,1
8.371000,0.181010,0.006136,-0.665526,0.427146,-1.616274,1
8.372000,0.181010,0.006136,-0.665526,0.427146,-1.616276,1
8.373000,0.177942,0.006136,-0.665526,0.427146,-1.622414,1
8.374000,0.177942,0.006136,-0.665526,0.427146,-1.622416,1
8.375000,0.177942,0.003068,-0.665526,0.427146,-1.561057,1
8.376000,0.171806,-0.003068,-0.665526,-0.773712,1.551106,1
8.377000,0.171806,-0.003068,-0.665526,-0.773712,1.551107,1
8.378000,0.171806,-0.003068,-0.665526,-0.773712,1.551108,1
8.379000,0.171806,-0.003068,-0.665526,-0.773712,1.551109,1
8.380000,0.171806,-0.003068,-0.665526,-0.773712,1.551110,1
8.381000,0.171806,-0.003068,-0.665526,-0.773712,1.551110,1
8.382000,0.165670,-0.012272,-0.345327,-1.757092,4.009879,1
8.383000,0.165670,-0.012272,-0.345327,-1.757092,4.009883,1
8.384000,0.165670,-0.012272,-0.345327,-1.757092,4.009887,1
8.385000,0.165670,-0.012272,-0.345327,-1.757092,4.009890,1
8.386000,0.165670,-0.012272,-0.345327,-1.757092,4.009894,1
8.387000,0.165670,-0.018408,-0.345327,-1.089008,2.796450,1
8.388000,0.165670,-0.018408,-0.345327,-1.089008,2.796455,1
8.389000,0.165670,-0.018408,-0.345327,-1.089008,2.796461,1
8.390000,0.165670,-0.018408,-0.345327,-1.089008,2.796466,1
8.391000,0.165670,-0.018408,-0.345327,-0.999969,2.618395,1
8.392000,0.165670,-0.018408,-0.345327,-0.999969,2.618401,1
8.393000,0.165670,-0.018408,-0.345327,-0.999969,2.618406,1
8.394000,0.165670,-0.018408,-0.345327,-0.999969,2.618412,1
8.395000,0.165670,-0.018408,-0.345327,-0.999969,2.618417,1
8.396000,0.165670,-0.018408,-0.345327,-0.999969,2.618423,1
8.397000,0.165670,-0.018408,-0.345327,-0.999969,2.618428,1
8.398000,0.168738,-0.015340,-0.345327,-0.868267,2.299805,1
8.399000,0.168738,-0.015340,-0.345327,-0.868267,2.299810,1
8.400000,0.168738,-0.015340,-0.345327,-0.868267,2.299814,1
8.401000,0.171806,-0.015340,-0.345327,-0.868267,2.305955,1
8.402000,0.171806,-0.012272,-0.345327,-0.868267,2.244599,1
8.403000,0.174874,-0.012272,-0.345327,-0.868267,2.250739,1
8.404000,0.193282,0.009204,1.549935,1.955595,-2.494425,1
8.405000,0.193282,0.009204,1.549935,1.955595,-2.494428,1
8.406000,0.199418,0.018408,1.549935,1.955595,-2.666239,1
8.407000,0.205553,0.024544,2.165302,3.629247,-5.508632,1
8.408000,0.205553,0.024544,2.165302,3.629247,-5.508639,1
8.409000,0.205553,0.024544,2.165302,3.629247,-5.508646,1
8.410000,0.208621,0.027612,2.165302,3.160358,-4.626100,1
8.411000,0.208621,0.027612,2.165302,3.160358,-4.626108,1
8.412000,0.208621,0.027612,2.165302,3.160358,-4.626116,1
8.413000,0.208621,0.027612,2.165302,3.160358,-4.626124,1
8.414000,0.208621,0.027612,2.165302,3.160358,-4.626133,1
8.415000,0.208621,0.027612,2.165302,3.160358,-4.626141,1
8.416000,0.208621,0.027612,2.165302,3.160358,-4.626149,1
8.417000,0.208621,0.027612,2.165302,3.160358,-4.626158,1
8.418000,0.208621,0.027612,2.165302,3.160358,-4.626166,1
8.419000,0.208621,0.027612,2.165302,3.160358,-4.626174,1
8.420000,0.208621,0.027612,2.165302,3.160358,-4.626182,1
8.421000,0.208621,0.027612,2.165302,3.160358,-4.626191,1
8.422000,0.208621,0.027612,2.165302,3.160358,-4.626199,1
8.423000,0.208621,0.027612,2.165302,3.160358,-4.626207,1
8.424000,0.208621,0.027612,2.165302,3.160358,-4.626216,1
8.425000,0.208621,0.027612,2.165302,3.160358,-4.626224,1
8.426000,0.208621,0.027612,2.165302,3.160358,-4.626232,1
8.427000,0.208621,0.027612,2.165302,3.160358,-4.626240,1
8.428000,0.208621,0.027612,2.165302,3.160358,-4.626249,1
8.429000,0.211689,0.033748,1.376001,1.584276,-2.379978,1
8.430000,0.211689,0.033748,1.376001,1.584276,-2.379988,1
8.431000,0.211689,0.033748,1.376001,1.584276,-2.379998,1
8.432000,0.211689,0.033748,1.029946,1.584276,-2.726063,1
8.433000,0.208621,0.030680,-0.770833,-1.507595,2.312114,1
8.434000,0.208621,0.027612,-0.725301,-1.342736,2.089280,1
8.435000,0.205553,0.021476,-1.939838,-1.245325,0.796496,1
8.436000,0.205553,0.021476,-1.939838,-1.245325,0.796489,1
8.437000,0.205553,0.021476,-1.939838,-1.245325,0.796483,1
8.438000,0.205553,0.018408,-1.939838,-1.245325,0.857837,1
8.439000,0.205553,0.021476,-1.939838,-3.492052,5.289925,1
8.440000,0.205553,0.021476,-1.939838,-3.492052,5.289919,1
8.441000,0.205553,0.018408,-1.939838,-3.492052,5.351272,1
8.442000,0.205553,0.015340,-1.939838,-3.255144,4.938811,1
8.443000,0.208621,0.015340,1.189896,-1.398618,4.361625,1
8.444000,0.208621,0.015340,1.189896,-1.398618,4.361621,1
8.445000,0.208621,0.015340,1.189896,-1.398618,4.361616,1
8.446000,0.208621,0.018408,1.084968,1.255858,-1.713630,1
8.447000,0.211689,0.021476,0.921559,1.045151,-1.510855,1
8.448000,0.211689,0.021476,0.921559,1.045151,-1.510861,1
8.449000,0.211689,0.021476,0.921559,1.045151,-1.510868,1
8.450000,0.211689,0.021476,0.921559,1.045151,-1.510874,1
8.451000,0.211689,0.021476,0.857469,1.045151,-1.574970,1
8.452000,0.214757,0.024544,0.463230,1.045151,-2.024440,1
8.453000,0.217825,0.030680,0.463230,1.045151,-2.141032,1
8.454000,0.217825,0.030680,0.463230,1.045151,-2.141041,1
8.455000,0.217825,0.030680,0.463230,1.045151,-2.141050,1
8.456000,0.217825,0.030680,0.463230,1.045151,-2.141060,1
8.457000,0.220893,0.033748,0.463230,1.971385,-4.048761,1
8.458000,0.223961,0.036816,0.463230,1.804171,-3.769567,1
8.459000,0.223961,0.036816,0.463230,1.804171,-3.769578,1
8.460000,0.223961,0.036816,0.463230,1.804171,-3.769589,1
8.461000,0.223961,0.036816,0.463230,1.804171,-3.769600,1
8.462000,0.223961,0.036816,0.463230,1.804171,-3.769611,1
8.463000,0.223961,0.036816,0.463230,1.804171,-3.769622,1
8.464000,0.223961,0.036816,0.463230,1.135742,-2.432774,1
8.465000,0.223961,0.036816,0.463230,1.135742,-2.432786,1
8.466000,0.223961,0.036816,0.463230,1.135742,-2.432797,1
8.467000,0.223961,0.036816,0.463230,1.135742,-2.432808,1
8.468000,0.220893,0.033748,0.463230,-0.889126,2.272140,1
8.469000,0.220893,0.033748,0.463230,-0.889126,2.272130,1
8.470000,0.220893,0.033748,0.463230,-0.889126,2.272120,1
8.471000,0.220893,0.033748,0.463230,-0.889126,2.272110,1
8.472000,0.220893,0.033748,0.463230,-0.889126,2.272099,1
8.473000,0.220893,0.033748,0.463230,-0.889126,2.272089,1
8.474000,0.220893,0.033748,0.463230,-0.889126,2.272079,1
8.475000,0.220893,0.033748,0.463230,-0.889126,2.272069,1
8.476000,0.220893,0.033748,0.463230,-0.889126,2.272059,1
8.477000,0.220893,0.033748,0.463230,-0.828646,2.151090,1
8.478000,0.220893,0.033748,0.463230,-0.828646,2.151080,1
8.479000,0.220893,0.033748,0.463230,-0.828646,2.151070,1
8.480000,0.220893,0.027612,0.463230,-0.589758,1.796003,1
8.481000,0.220893,0.027612,0.463230,-0.589758,1.795994,1
8.482000,0.220893,0.027612,0.463230,-0.589758,1.795986,1
8.483000,0.217825,0.024544,-1.249057,-0.539036,-0.562528,1
8.484000,0.220893,0.024544,-1.249057,-0.539036,-0.556399,1
8.485000,0.220893,0.027612,-1.249057,-0.539036,-0.617766,1
8.486000,0.220893,0.027612,-1.249057,-0.539036,-0.617775,1
8.487000,0.220893,0.027612,-1.249057,-0.539036,-0.617783,1
8.488000,0.220893,0.030680,-1.249057,-0.539036,-0.679151,1
8.489000,0.220893,0.030680,1.201586,-0.539036,2.371482,1
8.490000,0.223961,0.030680,0.756865,-0.539036,1.932888,1
8.491000,0.223961,0.030680,0.756865,-0.539036,1.932879,1
8.492000,0.223961,0.030680,0.756865,-0.539036,1.932870,1
8.493000,0.223961,0.030680,0.756865,-0.539036,1.932861,1
8.494000,0.223961,0.030680,0.756865,-0.539036,1.932852,1
8.495000,0.223961,0.030680,0.756865,-0.539036,1.932842,1
8.496000,0.227029,0.033748,0.500933,0.627911,-1.312218,1
8.497000,0.227029,0.033748,0.500933,0.627911,-1.312228,1
8.498000,0.227029,0.033748,0.500933,0.627911,-1.312238,1
8.499000,0.227029,0.033748,0.500933,0.627911,-1.312248,1
8.500000,0.227029,0.033748,0.500933,0.627911,-1.312258,1
8.501000,0.230097,0.039884,0.500933,0.627911,-1.428853,1
8.502000,0.230097,0.039884,0.500933,0.627911,-1.428865,1
8.503000,0.230097,0.039884,0.500933,0.627911,-1.428877,1
8.504000,0.230097,0.039884,0.500933,0.627911,-1.428889,1
8.505000,0.230097,0.039884,0.500933,0.627911,-1.428901,1
8.506000,0.233165,0.042951,0.500933,0.627911,-1.484137,1
8.507000,0.233165,0.042951,0.500933,0.627911,-1.484150,1
8.508000,0.233165,0.042951,0.500933,0.627911,-1.484163,1
8.509000,0.236233,0.046019,0.500933,1.188028,-2.659633,1
8.510000,0.236233,0.046019,0.500933,1.188028,-2.659647,1
8.511000,0.236233,0.046019,0.500933,1.188028,-2.659661,1
8.512000,0.236233,0.049087,0.500933,1.188028,-2.721035,1
8.513000,0.236233,0.049087,0.500933,1.188028,-2.721049,1
8.514000,0.236233,0.049087,0.500933,1.099256,-2.543520,1
8.515000,0.236233,0.049087,0.500933,1.099256,-2.543535,1
8.516000,0.236233,0.049087,0.500933,1.099256,-2.543550,1
8.517000,0.236233,0.049087,0.500933,1.099256,-2.543565,1
8.518000,0.236233,0.049087,0.500933,1.099256,-2.543579,1
8.519000,0.236233,0.049087,0.500933,1.099256,-2.543594,1
8.520000,0.236233,0.049087,0.500933,1.099256,-2.543609,1
8.521000,0.236233,0.046019,0.500933,-1.008744,2.333736,1
8.522000,0.236233,0.046019,0.481417,-0.931805,2.160329,1
8.523000,0.236233,0.042951,0.463321,-0.866313,2.072594,1
8.524000,0.233165,0.042951,-0.446528,-0.809398,1.042767,1
8.525000,0.233165,0.042951,-0.366497,0.579870,-2.255751,1
8.526000,0.233165,0.042951,-0.366497,0.579870,-2.255764,1
8.527000,0.230097,0.042951,-0.548342,0.507755,-2.299527,1
8.528000,0.230097,0.042951,-0.548342,0.507755,-2.299540,1
8.529000,0.230097,0.042951,-0.548342,0.469052,-2.222148,1
8.530000,0.230097,0.042951,-0.548342,0.469052,-2.222161,1
8.531000,0.230097,0.042951,-0.548342,0.469052,-2.222173,1
8.532000,0.230097,0.042951,-0.548342,0.469052,-2.222186,1
8.533000,0.230097,0.042951,-0.548342,0.469052,-2.222199,1
8.534000,0.230097,0.042951,-0.548342,0.469052,-2.222212,1
8.535000,0.230097,0.042951,-0.548342,0.469052,-2.222225,1
8.536000,0.230097,0.042951,-0.548342,0.469052,-2.222238,1
8.537000,0.230097,0.042951,-0.548342,0.469052,-2.222251,1
8.538000,0.230097,0.042951,-0.548342,0.469052,-2.222264,1
8.539000,0.230097,0.042951,-0.548342,0.469052,-2.222277,1
8.540000,0.230097,0.042951,-0.548342,0.469052,-2.222289,1
8.541000,0.227029,0.039884,-0.548342,-0.420781,0.000000,1
8.542000,0.227029,0.039884,-0.548342,-0.420781,0.000000,1
8.543000,0.227029,0.039884,-0.548342,-0.420781,0.000000,1
8.544000,0.223961,0.036816,-0.548342,-0.392488,0.000000,1
8.545000,0.223961,0.036816,-0.548342,-0.392488,0.000000,1
8.546000,0.223961,0.036816,-0.548342,-0.392488,0.000000,1
8.547000,0.220893,0.033748,-0.548342,-0.392488,0.000000,1
8.548000,0.214757,0.027612,-0.331096,-0.392488,0.594067,1
8.549000,0.214757,0.027612,-0.331096,-0.392488,0.594058,1
8.550000,0.211689,0.021476,-0.331096,-1.340902,2.607463,1
8.551000,0.211689,0.021476,-0.331096,-1.340902,2.607457,1
8.552000,0.211689,0.021476,-0.331096,-1.340902,2.607450,1
8.553000,0.211689,0.021476,-0.331096,-1.340902,2.607444,1
8.554000,0.208621,0.018408,-0.331096,-1.340902,2.662662,1
8.555000,0.208621,0.015340,-0.331096,-1.340902,2.724016,1
8.556000,0.205553,0.012272,-1.238590,-1.256651,1.703239,1
8.557000,0.205553,0.012272,-1.238590,-1.256651,1.703236,1
8.558000,0.205553,0.012272,-1.238590,-1.256651,1.703232,1
8.559000,0.205553,0.012272,-1.238590,-1.256651,1.703228,1
8.560000,0.205553,0.012272,-1.238590,-1.256651,1.703225,1
8.561000,0.205553,0.012272,-1.238590,-1.256651,1.703221,1
8.562000,0.205553,0.012272,-1.238590,-1.256651,1.703217,1
8.563000,0.205553,0.012272,-1.238590,-1.256651,1.703214,1
8.564000,0.205553,0.012272,-1.238590,-1.256651,1.703210,1
8.565000,0.205553,0.012272,-1.238590,-1.256651,1.703206,1
8.566000,0.205553,0.012272,-1.238590,-1.256651,1.703203,1
8.567000,0.205553,0.012272,-1.238590,-1.256651,1.703199,1
8.568000,0.205553,0.012272,-1.238590,-1.256651,1.703195,1
8.569000,0.205553,0.012272,-1.238590,-1.256651,1.703192,1
8.570000,0.205553,0.012272,-1.238590,-1.256651,1.703188,1
8.571000,0.205553,0.012272,-1.238590,-1.256651,1.703184,1
8.572000,0.205553,0.012272,-1.238590,-1.256651,1.703181,1
8.573000,0.205553,0.012272,-1.238590,-1.256651,1.703177,1
8.574000,0.205553,0.012272,-1.238590,-1.256651,1.703173,1
8.575000,0.205553,0.012272,-1.238590,-1.256651,1.703170,1
8.576000,0.205553,0.012272,-1.238590,-1.256651,1.703166,1
8.577000,0.205553,0.012272,-1.238590,-1.256651,1.703162,1
8.578000,0.205553,0.015340,-0.778028,0.945837,-2.902617,1
8.579000,0.205553,0.015340,-0.778028,0.945837,-2.902622,1
8.580000,0.205553,0.015340,-0.778028,0.945837,-2.902626,1
8.581000,0.205553,0.015340,-0.778028,0.945837,-2.902631,1
8.582000,0.205553,0.015340,-0.778028,0.945837,-2.902636,1
8.583000,0.205553,0.015340,-0.778028,0.945837,-2.902640,1
8.584000,0.211689,0.021476,0.563516,0.747118,-1.274111,1
8.585000,0.211689,0.021476,0.563516,0.747118,-1.274117,1
8.586000,0.211689,0.021476,0.563516,0.747118,-1.274124,1
8.587000,0.211689,0.021476,0.563516,0.747118,-1.274130,1
8.588000,0.211689,0.021476,0.563516,0.747118,-1.274137,1
8.589000,0.211689,0.021476,0.563516,0.747118,-1.274143,1
8.590000,0.220893,0.030680,0.563261,0.747118,-1.440078,1
8.591000,0.220893,0.030680,0.563261,0.747118,-1.440087,1
8.592000,0.220893,0.030680,0.563261,0.747118,-1.440097,1
8.593000,0.220893,0.030680,0.563261,0.747118,-1.440106,1
8.594000,0.220893,0.030680,0.563261,0.747118,-1.440115,1
8.595000,0.220893,0.030680,0.563261,0.747118,-1.440124,1
8.596000,0.227029,0.042951,1.085476,1.381127,-2.419103,1
8.597000,0.227029,0.042951,1.085476,1.381127,-2.419116,1
8.598000,0.227029,0.042951,1.085476,1.381127,-2.419129,1
8.599000,0.227029,0.042951,1.085476,1.381127,-2.419142,1
8.600000,0.227029,0.042951,1.085476,1.381127,-2.419155,1
8.601000,0.227029,0.042951,1.085476,1.381127,-2.419168,1
8.602000,0.230097,0.049087,1.085476,1.946286,-3.666084,1
8.603000,0.230097,0.049087,1.085476,1.946286,-3.666098,1
8.604000,0.230097,0.049087,1.085476,1.946286,-3.666113,1
8.605000,0.230097,0.049087,1.085476,1.946286,-3.666128,1
8.606000,0.230097,0.049087,1.085476,1.946286,-3.666142,1
8.607000,0.230097,0.049087,1.085476,1.946286,-3.666157,1
8.608000,0.233165,0.055223,0.925495,1.079421,-2.209007,1
8.609000,0.233165,0.055223,0.925495,1.079421,-2.209024,1
8.610000,0.233165,0.055223,0.925495,1.079421,-2.209040,1
8.611000,0.233165,0.055223,0.925495,1.079421,-2.209057,1
8.612000,0.233165,0.055223,0.925495,1.079421,-2.209073,1
8.613000,0.233165,0.055223,0.925495,1.079421,-2.209090,1
8.614000,0.230097,0.055223,0.772866,0.706668,-1.622366,1
8.615000,0.230097,0.055223,0.772866,0.706668,-1.622383,1
8.616000,0.230097,0.055223,0.772866,0.706668,-1.622399,1
8.617000,0.230097,0.055223,0.772866,0.706668,-1.622416,1
8.618000,0.230097,0.055223,0.772866,0.706668,-1.622433,1
8.619000,0.230097,0.055223,0.772866,0.706668,-1.622449,1
8.620000,0.227029,0.052155,0.772866,-0.525219,1.496534,1
8.621000,0.227029,0.052155,0.772866,-0.525219,1.496518,1
8.622000,0.227029,0.052155,0.772866,-0.525219,1.496502,1
8.623000,0.217825,0.046019,-0.778687,-0.473537,-0.654119,1
8.624000,0.211689,0.042951,-0.778687,-0.473537,-0.605044,1
8.625000,0.211689,0.042951,-0.778687,-0.473537,-0.605057,1
8.626000,0.211689,0.042951,-0.778687,-0.473537,-0.605070,1
8.627000,0.211689,0.042951,-0.778687,-0.473537,-0.605083,1
8.628000,0.211689,0.042951,-0.778687,-0.473537,-0.605096,1
8.629000,0.208621,0.036816,-0.778687,-1.508249,2.180900,1
8.630000,0.208621,0.036816,-0.778687,-1.508249,2.180889,1
8.631000,0.208621,0.036816,-0.778687,-1.508249,2.180878,1
8.632000,0.202485,0.030680,-1.630202,-1.508249,1.439800,1
8.633000,0.202485,0.030680,-1.630202,-1.508249,1.439791,1
8.634000,0.196350,0.024544,-1.630202,-1.716722,1.967177,1
8.635000,0.196350,0.024544,-1.630202,-1.716722,1.967170,1
8.636000,0.193282,0.021476,-1.868402,-1.716722,1.784187,1
8.637000,0.193282,0.021476,-1.868402,-1.716722,1.784180,1
8.638000,0.187146,0.012272,-1.868402,-2.444489,3.411517,1
8.639000,0.184078,0.012272,-1.852428,-2.444489,3.421351,1
8.640000,0.184078,0.009204,-1.610141,-2.444489,3.724995,1
8.641000,0.177942,0.006136,-1.620132,-1.101248,1.077606,1
8.642000,0.177942,0.006136,-1.620132,-1.101248,1.077604,1
8.643000,0.177942,0.006136,-1.620132,-1.101248,1.077602,1
8.644000,0.177942,0.006136,-1.431488,-1.010712,1.085174,1
8.645000,0.177942,0.006136,-1.160814,-0.867836,1.070093,1
8.646000,0.177942,0.006136,-1.060191,-0.810338,1.055718,1
8.647000,0.177942,0.006136,-1.060191,-0.810338,1.055716,1
8.648000,0.177942,0.009204,-0.787704,-0.798227,1.242619,1
8.649000,0.177942,0.009204,-0.787704,-0.798227,1.242616,1
8.650000,0.177942,0.009204,-0.787704,-0.798227,1.242613,1
8.651000,0.177942,0.009204,-0.787704,-0.798227,1.242610,1
8.652000,0.177942,0.009204,-0.787704,-0.798227,1.242607,1
8.653000,0.177942,0.009204,-0.787704,-0.798227,1.242605,1
8.654000,0.177942,0.009204,-0.787704,-0.798227,1.242602,1
8.655000,0.177942,0.009204,-0.787704,-0.798227,1.242599,1
8.656000,0.177942,0.009204,-0.787704,-0.798227,1.242596,1
8.657000,0.177942,0.009204,-0.787704,-0.798227,1.242594,1
8.658000,0.177942,0.009204,-0.787704,-0.798227,1.242591,1
8.659000,0.177942,0.009204,-0.787704,-0.798227,1.242588,1
8.660000,0.177942,0.009204,-0.787704,-0.798227,1.242585,1
8.661000,0.177942,0.009204,-0.787704,-0.798227,1.242583,1
8.662000,0.177942,0.012272,-0.660578,-0.798227,1.308345,1
8.663000,0.177942,0.012272,-0.660578,-0.798227,1.308342,1
8.664000,0.177942,0.012272,-0.660578,-0.798227,1.308338,1
8.665000,0.177942,0.012272,-0.660578,-0.798227,1.308334,1
8.666000,0.177942,0.012272,-0.660578,-0.798227,1.308331,1
8.667000,0.177942,0.012272,-0.660578,-0.798227,1.308327,1
8.668000,0.181010,0.015340,0.568883,-0.798227,2.482560,1
8.669000,0.181010,0.015340,0.568883,-0.798227,2.482556,1
8.670000,0.181010,0.015340,0.568883,-0.798227,2.482551,1
8.671000,0.184078,0.021476,0.444970,0.849448,-1.653300,1
8.672000,0.184078,0.021476,0.444970,0.849448,-1.653306,1
8.673000,0.184078,0.021476,0.444970,0.849448,-1.653313,1
8.674000,0.187146,0.024544,0.401354,0.849448,-1.752160,1
8.675000,0.190214,0.030680,0.406064,0.849448,-1.864042,1
8.676000,0.190214,0.033748,0.406064,1.419499,-3.065513,1
8.677000,0.190214,0.036816,0.406064,1.419499,-3.126883,1
8.678000,0.193282,0.039884,0.406064,1.419499,-3.182119,1
8.679000,0.193282,0.042951,0.406064,1.419499,-3.243491,1
8.680000,0.193282,0.042951,0.406064,1.419499,-3.243504,1
8.681000,0.193282,0.042951,0.406064,1.419499,-3.243517,1
8.682000,0.193282,0.042951,0.406064,1.419499,-3.243530,1
8.683000,0.196350,0.046019,0.406064,1.719776,-3.899321,1
8.684000,0.193282,0.049087,0.721860,1.719776,-3.651035,1
8.685000,0.193282,0.049087,0.721860,1.628070,-3.467636,1
8.686000,0.190214,0.046019,0.721860,-1.164020,2.771753,1
8.687000,0.190214,0.046019,0.721860,-1.164020,2.771739,1
8.688000,0.190214,0.046019,0.721860,-1.164020,2.771726,1
8.689000,0.190214,0.046019,0.721860,-1.164020,2.771712,1
8.690000,0.190214,0.046019,0.721860,-1.164020,2.771698,1
8.691000,0.190214,0.046019,0.721860,-1.164020,2.771684,1
8.692000,0.190214,0.046019,0.721860,-1.164020,2.771670,1
8.693000,0.190214,0.046019,0.721860,-1.164020,2.771657,1
8.694000,0.190214,0.046019,0.721860,-1.164020,2.771643,1
8.695000,0.190214,0.046019,0.721860,-1.164020,2.771629,1
8.696000,0.190214,0.046019,0.721860,-1.164020,2.771615,1
8.697000,0.190214,0.046019,0.721860,-1.164020,2.771601,1
8.698000,0.190214,0.046019,0.721860,-1.164020,2.771588,1
8.699000,0.190214,0.046019,0.721860,-1.164020,2.771574,1
8.700000,0.190214,0.046019,0.721860,-1.164020,2.771560,1
8.701000,0.190214,0.046019,0.721860,-1.164020,2.771546,1
8.702000,0.187146,0.046019,0.721860,-0.906485,2.250326,1
8.703000,0.187146,0.046019,0.721860,-0.906485,2.250312,1
8.704000,0.187146,0.046019,0.721860,-0.906485,2.250299,1
8.705000,0.174874,0.036816,-1.079337,-0.683629,0.000000,1
8.706000,0.174874,0.036816,-1.079337,-0.683629,0.000000,1
8.707000,0.174874,0.036816,-1.079337,-0.683629,0.000000,1
8.708000,0.171806,0.024544,-1.079337,-2.778138,4.591203,1
8.709000,0.162602,0.021476,-1.781602,-2.778138,3.931882,1
8.710000,0.162602,0.018408,-1.781602,-2.372823,3.182606,1
8.711000,0.162602,0.018408,-1.781602,-2.372823,3.182601,1
8.712000,0.162602,0.018408,-1.781602,-2.372823,3.182595,1
8.713000,0.159534,0.015340,-1.781602,-1.989205,2.470577,1
8.714000,0.156466,0.015340,-1.810252,-1.338337,1.134052,1
8.715000,0.156466,0.015340,-1.810252,-1.338337,1.134047,1
8.716000,0.153398,0.015340,-1.810252,-1.252819,0.956869,1
8.717000,0.153398,0.015340,-1.810252,-1.252819,0.956865,1
8.718000,0.153398,0.015340,-1.810252,-1.252819,0.956860,1
8.719000,0.153398,0.015340,-1.810252,-1.252819,0.956856,1
8.720000,0.153398,0.015340,-1.810252,-1.252819,0.956851,1
8.721000,0.153398,0.015340,-1.810252,-1.252819,0.956846,1
8.722000,0.153398,0.015340,-1.810252,-1.252819,0.956842,1
8.723000,0.153398,0.015340,-1.810252,-1.252819,0.956837,1
8.724000,0.153398,0.015340,-1.810252,-1.252819,0.956833,1
8.725000,0.150330,0.015340,-1.397782,-1.252819,1.363162,1
8.726000,0.150330,0.015340,-1.397782,-1.252819,1.363157,1
8.727000,0.150330,0.015340,-1.397782,-1.252819,1.363152,1
8.728000,0.150330,0.012272,-1.041976,1.419057,-4.163437,1
8.729000,0.150330,0.012272,-1.041976,1.419057,-4.163441,1
8.730000,0.150330,0.012272,-1.041976,1.419057,-4.163445,1
8.731000,0.150330,0.012272,-0.830213,1.419057,-3.951685,1
8.732000,0.147262,0.015340,-0.653476,1.405303,-3.814940,1
8.733000,0.144194,0.018408,-0.921202,0.964336,-3.268233,1
8.734000,0.144194,0.018408,-0.921202,0.964336,-3.268239,1
8.735000,0.141126,0.018408,-0.921202,0.780175,-2.906058,1
8.736000,0.141126,0.018408,-0.921202,0.780175,-2.906063,1
8.737000,0.141126,0.018408,-0.921202,0.780175,-2.906069,1
8.738000,0.141126,0.018408,-0.921202,0.733389,-2.812504,1
8.739000,0.141126,0.018408,-0.921202,0.733389,-2.812509,1
8.740000,0.131922,0.012272,-0.659196,-0.620083,0.860749,1
8.741000,0.131922,0.012272,-0.659196,-0.620083,0.860745,1
8.742000,0.131922,0.012272,-0.659196,-0.620083,0.860741,1
8.743000,0.131922,0.012272,-0.659196,-0.620083,0.860738,1
8.744000,0.131922,0.012272,-0.659196,-0.620083,0.860734,1
8.745000,0.131922,0.012272,-0.659196,-0.620083,0.860730,1
8.746000,0.131922,0.012272,-0.659196,-0.620083,0.860727,1
8.747000,0.131922,0.012272,-0.659196,-0.620083,0.860723,1
8.748000,0.131922,0.012272,-0.659196,-0.620083,0.860719,1
8.749000,0.131922,0.012272,-0.659196,-0.620083,0.860715,1
8.750000,0.131922,0.012272,-0.659196,-0.620083,0.860712,1
8.751000,0.131922,0.012272,-0.659196,-0.620083,0.860708,1
8.752000,0.131922,0.012272,-0.659196,-0.620083,0.860704,1
8.753000,0.131922,0.012272,-0.659196,-0.620083,0.860701,1
8.754000,0.125786,0.006136,-0.659196,-0.620083,0.971146,1
8.755000,0.125786,0.006136,-0.659196,-0.620083,0.971144,1
8.756000,0.125786,0.006136,-0.659196,-0.620083,0.971142,1
8.757000,0.125786,0.006136,-0.659196,-0.620083,0.971140,1
8.758000,0.125786,0.006136,-0.659196,-0.620083,0.971138,1
8.759000,0.125786,0.006136,-0.659196,-0.620083,0.971136,1
8.760000,0.110447,-0.006136,-1.893706,-1.781577,2.274373,1
8.761000,0.110447,-0.006136,-1.893706,-1.781577,2.274375,1
8.762000,0.110447,-0.006136,-1.893706,-1.781577,2.274377,1
8.763000,0.110447,-0.006136,-1.893706,-1.781577,2.274379,1
8.764000,0.110447,-0.006136,-1.893706,-1.781577,2.274381,1
8.765000,0.110447,-0.006136,-1.893706,-1.781577,2.274382,1
8.766000,0.098175,-0.015340,-2.230152,-1.914858,2.364038,1
8.767000,0.098175,-0.015340,-2.230152,-1.914858,2.364042,1
8.768000,0.098175,-0.015340,-2.230152,-1.914858,2.364047,1
8.769000,0.088971,-0.024544,-2.103400,-1.386001,1.598763,1
8.770000,0.082835,-0.030680,-1.816564,-1.386001,1.996055,1
8.771000,0.082835,-0.030680,-1.816564,-1.386001,1.996064,1
8.772000,0.079767,-0.033748,-1.816564,-1.386001,2.051297,1
8.773000,0.073631,-0.036816,-1.033622,-1.180466,2.472267,1
8.774000,0.073631,-0.036816,-1.033622,-1.180466,2.472279,1
8.775000,0.073631,-0.036816,-1.033622,-1.180466,2.472290,1
8.776000,0.073631,-0.036816,-1.033622,-1.180466,2.472301,1
8.777000,0.073631,-0.036816,-0.953438,-1.180466,2.552495,1
8.778000,0.073631,-0.036816,-0.953438,-1.180466,2.552506,1
8.779000,0.073631,-0.036816,-0.773086,-1.180466,2.732870,1
8.780000,0.073631,-0.036816,-0.650223,-0.990342,2.475495,1
8.781000,0.073631,-0.036816,-0.650223,-0.990342,2.475506,1
8.782000,0.073631,-0.036816,-0.650223,-0.990342,2.475517,1
8.783000,0.073631,-0.036816,-0.650223,-0.990342,2.475528,1
8.784000,0.073631,-0.036816,-0.650223,-0.990342,2.475539,1
8.785000,0.073631,-0.036816,-0.650223,-0.990342,2.475550,1
8.786000,0.073631,-0.036816,-0.650223,-0.990342,2.475561,1
8.787000,0.073631,-0.036816,-0.650223,-0.990342,2.475572,1
8.788000,0.073631,-0.036816,-0.650223,-0.990342,2.475583,1
8.789000,0.073631,-0.036816,-0.650223,-0.990342,2.475594,1
8.790000,0.073631,-0.036816,-0.650223,-0.990342,2.475605,1
8.791000,0.073631,-0.036816,-0.650223,-0.990342,2.475616,1
8.792000,0.073631,-0.036816,-0.650223,-0.990342,2.475627,1
8.793000,0.073631,-0.036816,-0.650223,-0.990342,2.475638,1
8.794000,0.076699,-0.033748,0.560968,0.797161,-0.543389,1
8.795000,0.076699,-0.033748,0.560968,0.797161,-0.543379,1
8.796000,0.076699,-0.033748,0.560968,0.797161,-0.543369,1
8.797000,0.076699,-0.030680,0.493459,0.667410,0.000000,1
8.798000,0.079767,-0.024544,1.224357,0.615571,0.905274,1
8.799000,0.082835,-0.021476,1.224357,0.615571,0.850057,1
8.800000,0.082835,-0.021476,1.224357,0.615571,0.850064,1
8.801000,0.088971,-0.009204,1.224357,2.087300,-2.926556,1
8.802000,0.088971,-0.009204,1.224357,2.087300,-2.926554,1
8.803000,0.088971,-0.009204,1.124864,2.087300,-3.026043,1
8.804000,0.088971,-0.009204,1.124864,2.087300,-3.026041,1
8.805000,0.088971,-0.006136,1.029869,2.087300,-3.182393,1
8.806000,0.088971,-0.006136,1.029869,2.087300,-3.182392,1
8.807000,0.092039,0.000000,0.462785,1.973865,-3.639187,1
8.808000,0.095107,0.003068,0.462785,1.973865,-3.694411,1
8.809000,0.095107,0.006136,0.462785,1.467310,-2.742662,1
8.810000,0.095107,0.006136,0.462785,1.467310,-2.742664,1
8.811000,0.095107,0.006136,0.462785,1.467310,-2.742666,1
8.812000,0.095107,0.006136,0.462785,1.467310,-2.742668,1
8.813000,0.095107,0.006136,0.462785,1.467310,-2.742670,1
8.814000,0.095107,0.006136,0.462785,1.467310,-2.742672,1
8.815000,0.095107,0.006136,0.462785,1.467310,-2.742673,1
8.816000,0.095107,0.006136,0.462785,1.467310,-2.742675,1
8.817000,0.095107,0.006136,0.462785,1.467310,-2.742677,1
8.818000,0.095107,0.006136,0.462785,1.467310,-2.742679,1
8.819000,0.095107,0.006136,0.462785,1.467310,-2.742681,1
8.820000,0.095107,0.006136,0.462785,1.467310,-2.742683,1
8.821000,0.095107,0.006136,0.462785,1.467310,-2.742685,1
8.822000,0.095107,0.006136,0.462785,1.467310,-2.742686,1
8.823000,0.095107,0.006136,0.462785,1.467310,-2.742688,1
8.824000,0.095107,0.006136,0.462785,1.467310,-2.742690,1
8.825000,0.095107,0.006136,0.462785,1.080538,-1.969147,1
8.826000,0.095107,0.006136,0.462785,1.080538,-1.969149,1
8.827000,0.095107,0.006136,0.462785,1.080538,-1.969151,1
8.828000,0.095107,0.006136,0.462785,1.080538,-1.969153,1
8.829000,0.095107,0.006136,0.462785,1.080538,-1.969155,1
8.830000,0.095107,0.006136,0.462785,1.080538,-1.969157,1
8.831000,0.088971,0.003068,0.462785,-0.706674,2.254353,1
8.832000,0.088971,0.003068,0.462785,-0.706674,2.254352,1
8.833000,0.088971,0.003068,0.462785,-0.706674,2.254351,1
8.834000,0.088971,0.003068,0.462785,-0.706674,2.254351,1
8.835000,0.088971,0.003068,0.462785,-0.706674,2.254350,1
8.836000,0.088971,0.003068,0.462785,-0.706674,2.254349,1
8.837000,0.079767,-0.006136,-0.554868,-0.693339,1.375698,1
8.838000,0.079767,-0.006136,-0.554868,-0.693339,1.375700,1
8.839000,0.079767,-0.006136,-0.554868,-0.693339,1.375702,1
8.840000,0.079767,-0.006136,-0.554868,-0.693339,1.375704,1
8.841000,0.079767,-0.006136,-0.554868,-0.693339,1.375705,1
8.842000,0.079767,-0.006136,-0.554868,-0.693339,1.375707,1
8.843000,0.067495,-0.018408,-1.547972,-1.636986,2.490795,1
8.844000,0.067495,-0.018408,-1.547972,-1.636986,2.490801,1
8.845000,0.067495,-0.018408,-1.547972,-1.636986,2.490806,1
8.846000,0.055223,-0.036816,-2.130498,-3.358163,5.694256,1
8.847000,0.049087,-0.042951,-1.859848,-2.389042,4.137125,1
8.848000,0.046019,-0.046019,-1.966721,-2.001397,3.310199,1
8.849000,0.046019,-0.049087,-1.966721,-1.794490,2.957759,1
8.850000,0.042951,-0.052155,-1.966721,-1.794490,3.012998,1
8.851000,0.042951,-0.052155,-1.966721,-1.794490,3.013014,1
8.852000,0.042951,-0.052155,-1.966721,-1.794490,3.013029,1
8.853000,0.042951,-0.052155,-1.966721,-1.794490,3.013045,1
8.854000,0.042951,-0.052155,-1.966721,-1.794490,3.013061,1
8.855000,0.039884,-0.052155,-1.884566,-1.794490,3.089096,1
8.856000,0.039884,-0.052155,-1.884566,-1.794490,3.089111,1
8.857000,0.039884,-0.052155,-1.066496,-1.191501,2.701217,1
8.858000,0.039884,-0.052155,-1.066496,-1.191501,2.701233,1
8.859000,0.039884,-0.052155,-1.066496,-1.191501,2.701249,1
8.860000,0.039884,-0.052155,-0.845928,-1.072556,2.683943,1
8.861000,0.039884,-0.052155,-0.845928,-1.072556,2.683959,1
8.862000,0.039884,-0.052155,-0.845928,-1.072556,2.683974,1
8.863000,0.039884,-0.052155,-0.845928,-1.072556,2.683990,1
8.864000,0.039884,-0.052155,-0.845928,-1.072556,2.684006,1
8.865000,0.039884,-0.052155,-0.845928,-1.072556,2.684021,1
8.866000,0.039884,-0.052155,-0.845928,-1.072556,2.684037,1
8.867000,0.039884,-0.052155,-0.845928,-1.072556,2.684053,1
8.868000,0.039884,-0.049087,-0.700832,-1.072556,2.767805,1
8.869000,0.042951,-0.046019,-1.236597,-1.072556,2.176830,1
8.870000,0.042951,-0.046019,-1.236597,-1.072556,2.176844,1
8.871000,0.042951,-0.046019,-1.236597,-1.072556,2.176858,1
8.872000,0.042951,-0.046019,-1.236597,-1.072556,2.176872,1
8.873000,0.046019,-0.042951,-1.236597,-1.072556,2.121661,1
8.874000,0.046019,-0.042951,-1.236597,-1.072556,2.121674,1
8.875000,0.046019,-0.042951,-1.236597,-1.072556,2.121687,1
8.876000,0.052155,-0.036816,-1.236597,1.036718,-2.807297,1
8.877000,0.055223,-0.033748,0.691239,1.036718,-0.934675,1
8.878000,0.055223,-0.033748,0.691239,1.036718,-0.934665,1
8.879000,0.055223,-0.033748,0.691239,1.036718,-0.934655,1
8.880000,0.061359,-0.027612,0.691239,2.097602,-3.166861,1
8.881000,0.064427,-0.018408,0.691239,2.097602,-3.344798,1
8.882000,0.064427,-0.015340,0.691239,3.035822,-5.282592,1
8.883000,0.064427,-0.015340,0.691239,3.035822,-5.282587,1
8.884000,0.064427,-0.015340,0.691239,3.035822,-5.282583,1
8.885000,0.067495,-0.012272,1.664515,3.035822,-4.364526,1
8.886000,0.067495,-0.012272,1.664515,3.035822,-4.364522,1
8.887000,0.067495,-0.009204,1.664515,3.035822,-4.425878,1
8.888000,0.067495,-0.009204,1.664515,3.035822,-4.425876,1
8.889000,0.067495,-0.009204,1.664515,3.035822,-4.425873,1
8.890000,0.070563,-0.009204,1.664515,2.394416,-3.136922,1
8.891000,0.070563,-0.009204,1.664515,2.394416,-3.136919,1
8.892000,0.070563,-0.009204,1.664515,2.394416,-3.136916,1
8.893000,0.070563,-0.006136,1.638282,1.509855,-1.455385,1
8.894000,0.070563,-0.006136,1.068150,1.012025,-1.029856,1
8.895000,0.070563,-0.009204,0.982801,-0.935087,3.440382,1
8.896000,0.070563,-0.009204,0.982801,-0.935087,3.440384,1
8.897000,0.070563,-0.009204,0.982801,-0.935087,3.440387,1
8.898000,0.070563,-0.009204,0.982801,-0.935087,3.440390,1
8.899000,0.070563,-0.009204,0.982801,-0.935087,3.440393,1
8.900000,0.070563,-0.009204,0.909935,-0.868885,3.235125,1
8.901000,0.070563,-0.009204,0.909935,-0.868885,3.235128,1
8.902000,0.070563,-0.009204,0.909935,-0.868885,3.235131,1
8.903000,0.070563,-0.009204,0.909935,-0.868885,3.235134,1
8.904000,0.070563,-0.009204,0.909935,-0.868885,3.235136,1
8.905000,0.070563,-0.012272,0.702035,-0.826357,3.003543,1
8.906000,0.070563,-0.012272,0.702035,-0.826357,3.003546,1
8.907000,0.070563,-0.012272,0.702035,-0.826357,3.003550,1
8.908000,0.070563,-0.012272,0.702035,-0.826357,3.003554,1
8.909000,0.070563,-0.012272,0.702035,-0.826357,3.003558,1
8.910000,0.070563,-0.012272,0.702035,-0.826357,3.003561,1
8.911000,0.073631,-0.015340,0.545822,-0.826357,2.914848,1
8.912000,0.073631,-0.015340,0.545822,-0.826357,2.914853,1
8.913000,0.073631,-0.015340,0.545822,-0.826357,2.914857,1
8.914000,0.073631,-0.015340,0.545822,-0.826357,2.914862,1
8.915000,0.073631,-0.015340,0.545822,-0.826357,2.914866,1
8.916000,0.073631,-0.015340,0.545822,-0.826357,2.914871,1
8.917000,0.079767,-0.009204,0.479677,-0.826357,2.738282,1
8.918000,0.079767,-0.009204,0.479677,-0.826357,2.738285,1
8.919000,0.079767,-0.009204,0.479677,-0.826357,2.738288,1
8.920000,0.079767,-0.009204,0.479677,-0.826357,2.738290,1
8.921000,0.079767,-0.009204,0.479677,-0.826357,2.738293,1
8.922000,0.079767,-0.009204,0.479677,-0.826357,2.738296,1
8.923000,0.092039,0.003068,1.335473,0.743675,0.000000,1
8.924000,0.092039,0.003068,1.335473,0.743675,0.000000,1
8.925000,0.092039,0.003068,1.335473,0.743675,0.000000,1
8.926000,0.092039,0.003068,1.335473,0.743675,0.000000,1
8.927000,0.092039,0.003068,1.335473,0.743675,0.000000,1
8.928000,0.092039,0.003068,1.335473,0.743675,0.000000,1
8.929000,0.107379,0.018408,2.242616,2.066779,-2.382058,1
8.930000,0.107379,0.018408,2.242616,2.066779,-2.382063,1
8.931000,0.107379,0.018408,2.242616,2.066779,-2.382069,1
8.932000,0.107379,0.018408,2.242616,2.066779,-2.382074,1
8.933000,0.107379,0.018408,2.242616,2.066779,-2.382080,1
8.934000,0.107379,0.018408,2.242616,2.066779,-2.382085,1
8.935000,0.128854,0.036816,3.181226,3.219713,-4.074557,1
8.936000,0.128854,0.036816,3.181226,3.219713,-4.074569,1
8.937000,0.128854,0.036816,3.181226,3.219713,-4.074580,1
8.938000,0.128854,0.036816,3.181226,3.219713,-4.074591,1
8.939000,0.128854,0.036816,3.181226,3.219713,-4.074602,1
8.940000,0.128854,0.036816,3.181226,3.219713,-4.074613,1
8.941000,0.147262,0.061359,3.417033,4.224206,-6.000000,1
8.942000,0.147262,0.061359,3.417033,4.224206,-6.000000,1
8.943000,0.147262,0.061359,3.417033,4.224206,-6.000000,1
8.944000,0.165670,0.085903,3.203638,4.357427,-6.000000,1
8.945000,0.177942,0.098175,2.912900,3.056658,-5.145950,1
8.946000,0.177942,0.101243,2.912900,3.056658,-5.207340,1
8.947000,0.177942,0.101243,2.912900,3.056658,-5.207370,1
8.948000,0.177942,0.101243,2.912900,3.056658,-5.207400,1
8.949000,0.177942,0.101243,2.912900,3.056658,-5.207431,1
8.950000,0.177942,0.101243,2.912900,3.056658,-5.207461,1
8.951000,0.177942,0.101243,2.912900,3.056658,-5.207492,1
8.952000,0.181010,0.104311,2.912900,3.056658,-5.262746,1
8.953000,0.187146,0.113515,1.703007,2.801667,-6.000000,1
8.954000,0.187146,0.113515,1.703007,2.801667,-6.000000,1
8.955000,0.187146,0.113515,1.703007,2.801667,-6.000000,1
8.956000,0.187146,0.113515,1.496164,2.290936,-5.319981,1
8.957000,0.187146,0.113515,1.496164,2.290936,-5.320015,1
8.958000,0.187146,0.113515,1.496164,2.290936,-5.320049,1
8.959000,0.187146,0.116583,1.095460,1.468461,-4.137196,1
8.960000,0.187146,0.116583,1.095460,1.468461,-4.137231,1
8.961000,0.187146,0.116583,1.095460,1.468461,-4.137266,1
8.962000,0.187146,0.116583,0.864204,1.080776,-3.593187,1
8.963000,0.187146,0.116583,0.864204,1.080776,-3.593222,1
8.964000,0.187146,0.116583,0.864204,1.080776,-3.593257,1
8.965000,0.184078,0.113515,-0.713209,-0.854526,-1.244877,1
8.966000,0.177942,0.107379,-2.003662,-0.779975,-2.574017,1
8.967000,0.177942,0.107379,-2.003662,-0.779975,-2.574050,1
8.968000,0.168738,0.098175,-0.655234,-1.690939,1.361946,1
8.969000,0.168738,0.098175,-0.655234,-1.690939,1.361917,1
8.970000,0.165670,0.092039,-0.655234,-1.690939,1.478472,1
8.971000,0.165670,0.092039,-0.655234,-1.690939,1.478444,1
8.972000,0.165670,0.092039,-0.655234,-1.690939,1.478417,1
8.973000,0.162602,0.092039,-0.655234,-1.690939,1.472253,1
8.974000,0.162602,0.092039,-0.655234,-1.690939,1.472225,1
8.975000,0.162602,0.092039,-0.655234,-1.690939,1.472198,1
8.976000,0.162602,0.092039,-0.655234,-1.690939,1.472170,1
8.977000,0.162602,0.092039,-0.655234,-1.690939,1.472143,1
8.978000,0.162602,0.092039,-0.655234,-1.690939,1.472115,1
8.979000,0.162602,0.092039,-0.655234,-1.690939,1.472087,1
8.980000,0.162602,0.092039,-0.655234,-1.690939,1.472060,1
8.981000,0.162602,0.092039,-0.655234,-1.690939,1.472032,1
8.982000,0.162602,0.092039,-0.655234,-1.690939,1.472005,1
8.983000,0.156466,0.082835,-1.925075,-2.755568,2.503203,1
8.984000,0.156466,0.082835,-1.925075,-2.755568,2.503178,1
8.985000,0.156466,0.082835,-1.925075,-2.755568,2.503154,1
8.986000,0.156466,0.082835,-1.925075,-2.755568,2.503129,1
8.987000,0.156466,0.082835,-1.925075,-2.755568,2.503104,1
8.988000,0.156466,0.082835,-1.925075,-2.755568,2.503079,1
8.989000,0.147262,0.073631,-1.925075,-1.641231,0.000000,1
8.990000,0.147262,0.073631,-1.925075,-1.641231,0.000000,1
8.991000,0.147262,0.073631,-1.925075,-1.641231,0.000000,1
8.992000,0.147262,0.073631,-1.925075,-1.641231,0.000000,1
8.993000,0.147262,0.073631,-1.925075,-1.641231,0.000000,1
8.994000,0.147262,0.073631,-1.925075,-1.641231,0.000000,1
8.995000,0.141126,0.070563,-1.769460,-1.641231,0.644622,1
8.996000,0.141126,0.070563,-1.769460,-1.641231,0.644601,1
8.997000,0.141126,0.070563,-1.769460,-1.641231,0.644580,1
8.998000,0.141126,0.070563,-1.769460,-1.641231,0.644559,1
8.999000,0.141126,0.070563,-1.769460,-1.641231,0.644538,1
9.000000,0.141126,0.070563,-1.769460,-1.641231,0.644517,1
9.001000,0.134990,0.067495,-1.186206,-0.986867,-0.631889,1
9.002000,0.134990,0.067495,-1.186206,-0.986867,-0.631909,1
9.003000,0.134990,0.067495,-1.186206,-0.986867,-0.631929,1
9.004000,0.134990,0.067495,-1.186206,-0.986867,-0.631949,1
9.005000,0.134990,0.067495,-1.186206,-0.986867,-0.631970,1
9.006000,0.134990,0.067495,-1.186206,-0.986867,-0.631990,1
9.007000,0.131922,0.070563,-1.291464,-0.771564,-1.235371,1
9.008000,0.131922,0.070563,-1.291464,-0.771564,-1.235393,1
9.009000,0.131922,0.070563,-1.291464,-0.771564,-1.235414,1
9.010000,0.131922,0.070563,-1.291464,-0.771564,-1.235435,1
9.011000,0.131922,0.070563,-1.291464,-0.771564,-1.235456,1
9.012000,0.131922,0.070563,-1.291464,-0.771564,-1.235477,1
9.013000,0.128854,0.073631,-1.272223,-0.771564,-1.283754,1
9.014000,0.128854,0.073631,-1.272223,-0.771564,-1.283776,1
9.015000,0.128854,0.073631,-1.272223,-0.771564,-1.283798,1
9.016000,0.128854,0.073631,-1.272223,-0.771564,-1.283820,1
9.017000,0.128854,0.073631,-1.272223,-0.771564,-1.283842,1
9.018000,0.128854,0.073631,-1.272223,-0.771564,-1.283864,1
9.019000,0.125786,0.076699,-0.784703,-0.771564,-0.863862,1
9.020000,0.125786,0.076699,-0.784703,-0.771564,-0.863885,1
9.021000,0.125786,0.076699,-0.784703,-0.771564,-0.863908,1
9.022000,0.125786,0.076699,-0.784703,-0.771564,-0.863931,1
9.023000,0.125786,0.076699,-0.784703,-0.771564,-0.863954,1
9.024000,0.125786,0.076699,-0.784703,-0.771564,-0.863977,1
9.025000,0.122718,0.079767,-0.567074,0.597787,-3.452568,1
9.026000,0.122718,0.079767,-0.567074,0.597787,-3.452592,1
9.027000,0.122718,0.079767,-0.567074,0.597787,-3.452616,1
9.028000,0.122718,0.079767,-0.567074,0.597787,-3.452640,1
9.029000,0.122718,0.079767,-0.567074,0.597787,-3.452663,1
9.030000,0.122718,0.079767,-0.567074,0.597787,-3.452687,1
9.031000,0.119651,0.082835,-0.570966,0.558741,-3.446009,1
9.032000,0.119651,0.082835,-0.570966,0.558741,-3.446034,1
9.033000,0.119651,0.082835,-0.570966,0.558741,-3.446059,1
9.034000,0.119651,0.082835,-0.570966,0.558741,-3.446084,1
9.035000,0.119651,0.082835,-0.570966,0.558741,-3.446109,1
9.036000,0.119651,0.082835,-0.570966,0.558741,-3.446133,1
9.037000,0.116583,0.082835,-0.570966,0.558741,-3.452294,1
9.038000,0.116583,0.082835,-0.570966,0.558741,-3.452319,1
9.039000,0.116583,0.082835,-0.570966,0.558741,-3.452344,1
9.040000,0.116583,0.082835,-0.570966,0.558741,-3.452369,1
9.041000,0.116583,0.082835,-0.570966,0.558741,-3.452394,1
9.042000,0.116583,0.082835,-0.570966,0.558741,-3.452418,1
9.043000,0.110447,0.082835,-0.570966,0.558741,-3.464715,1
9.044000,0.110447,0.082835,-0.570966,0.558741,-3.464740,1
9.045000,0.110447,0.082835,-0.570966,0.558741,-3.464765,1
9.046000,0.110447,0.082835,-0.570966,0.558741,-3.464790,1
9.047000,0.110447,0.082835,-0.570966,0.558741,-3.464815,1
9.048000,0.110447,0.082835,-0.570966,0.558741,-3.464839,1
9.049000,0.098175,0.076699,-0.593608,-0.543816,-1.184214,1
9.050000,0.098175,0.076699,-0.593608,-0.543816,-1.184237,1
9.051000,0.098175,0.076699,-0.593608,-0.543816,-1.184260,1
9.052000,0.082835,0.064427,-2.326459,-0.542948,-2.704109,1
9.053000,0.070563,0.055223,-2.969005,-1.852451,-0.568132,1
9.054000,0.067495,0.052155,-2.969005,-1.852451,-0.512924,1
9.055000,0.064427,0.049087,-2.969005,-2.615715,1.668812,1
9.056000,0.046019,0.030680,-3.521053,-3.372390,2.961445,1
9.057000,0.046019,0.030680,-3.521053,-3.372390,2.961436,1
9.058000,0.046019,0.030680,-3.521053,-3.372390,2.961427,1
9.059000,0.033748,0.021476,-3.196290,-2.657618,2.016172,1
9.060000,0.033748,0.021476,-3.196290,-2.657618,2.016166,1
9.061000,0.021476,0.015340,-2.793544,-1.919993,1.041831,1
9.062000,0.021476,0.015340,-2.793544,-1.919993,1.041827,1
9.063000,0.021476,0.015340,-2.793544,-1.919993,1.041822,1
9.064000,0.021476,0.015340,-2.793544,-1.919993,1.041818,1
9.065000,0.021476,0.015340,-2.793544,-1.919993,1.041813,1
9.066000,0.018408,0.015340,-2.793544,-1.661520,0.518727,1
9.067000,0.018408,0.015340,-2.793544,-1.661520,0.518722,1
9.068000,0.018408,0.015340,-2.793544,-1.661520,0.518717,1
9.069000,0.018408,0.015340,-2.793544,-1.661520,0.518713,1
9.070000,0.018408,0.015340,-2.793544,-1.661520,0.518708,1
9.071000,0.018408,0.015340,-2.793544,-1.661520,0.518704,1
9.072000,0.018408,0.015340,-2.793544,-1.661520,0.518699,1
9.073000,0.018408,0.015340,-2.793544,-1.661520,0.518694,1
9.074000,0.018408,0.015340,-2.793544,-1.661520,0.518690,1
9.075000,0.018408,0.015340,-2.793544,-1.661520,0.518685,1
9.076000,0.018408,0.015340,-2.793544,-1.661520,0.518681,1
9.077000,0.018408,0.015340,-2.793544,-1.661520,0.518676,1
9.078000,0.009204,0.009204,-2.327703,-1.528882,0.823549,1
9.079000,0.009204,0.009204,-2.327703,-1.528882,0.823546,1
9.080000,0.009204,0.009204,-2.327703,-1.528882,0.823544,1
9.081000,0.003068,0.009204,-2.327703,-1.528882,0.811269,1
9.082000,0.003068,0.009204,-2.327703,-1.528882,0.811266,1
9.083000,0.003068,0.009204,-2.327703,-1.528882,0.811263,1
9.084000,-0.003068,0.006136,-1.936229,-1.185050,0.564159,1
9.085000,-0.003068,0.006136,-1.936229,-1.185050,0.564157,1
9.086000,-0.003068,0.006136,-1.936229,-1.185050,0.564155,1
9.087000,-0.006136,0.006136,-1.936229,-0.918658,-0.574765,1
9.088000,-0.006136,0.006136,-1.936229,-0.918658,-0.574767,1
9.089000,-0.006136,0.006136,-1.936229,-0.918658,-0.574769,1
9.090000,-0.012272,0.003068,-1.936229,-0.750240,-0.862519,1
9.091000,-0.012272,0.003068,-1.936229,-0.750240,-0.862519,1
9.092000,-0.012272,0.003068,-1.936229,-0.750240,-0.862520,1
9.093000,-0.015340,0.003068,-1.659348,-0.633921,-0.824415,1
9.094000,-0.021476,0.003068,-1.659348,-0.525371,-1.053786,1
9.095000,-0.021476,0.003068,-1.659348,-0.503816,-1.096899,1
9.096000,-0.027612,0.000000,-1.465835,-0.442913,-0.976105,1
9.097000,-0.027612,0.000000,-1.465835,-0.442913,-0.976105,1
9.098000,-0.030680,0.000000,-1.465835,-0.442913,-0.982241,1
9.099000,-0.030680,0.000000,-1.465835,-0.442913,-0.982241,1
9.100000,-0.030680,0.000000,-1.465835,-0.442913,-0.982241,1
9.101000,-0.030680,0.000000,-1.465835,-0.442913,-0.982241,1
9.102000,-0.033748,0.000000,-1.465835,-0.442913,-0.988376,1
9.103000,-0.033748,0.000000,-1.465835,-0.442913,-0.988376,1
9.104000,-0.033748,0.000000,-1.465835,-0.442913,-0.988376,1
9.105000,-0.033748,0.000000,-1.465835,-0.442913,-0.988376,1
9.106000,-0.033748,0.000000,-1.465835,-0.442913,-0.988376,1
9.107000,-0.033748,0.000000,-1.465835,-0.442913,-0.988376,1
9.108000,-0.033748,0.000000,-1.465835,-0.442913,-0.988376,1
9.109000,-0.033748,0.000000,-1.465835,-0.442913,-0.988376,1
9.110000,-0.033748,0.000000,-1.465835,-0.442913,-0.988376,1
9.111000,-0.033748,0.000000,-1.465835,-0.442913,-0.988376,1
9.112000,-0.039884,-0.003068,-1.537954,-0.442913,-1.011407,1
9.113000,-0.039884,-0.003068,-1.537954,-0.442913,-1.011406,1
9.114000,-0.039884,-0.003068,-1.537954,-0.442913,-1.011405,1
9.115000,-0.039884,-0.003068,-1.537954,-0.442913,-1.011404,1
9.116000,-0.039884,-0.003068,-1.537954,-0.442913,-1.011404,1
9.117000,-0.039884,-0.003068,-1.537954,-0.442913,-1.011403,1
9.118000,-0.052155,-0.006136,-1.782529,-0.442913,-1.219161,1
9.119000,-0.052155,-0.006136,-1.782529,-0.442913,-1.219159,1
9.120000,-0.052155,-0.006136,-1.782529,-0.442913,-1.219157,1
9.121000,-0.052155,-0.006136,-1.782529,-0.442913,-1.219155,1
9.122000,-0.064427,-0.012272,-1.970168,-0.726394,-0.741653,1
9.123000,-0.064427,-0.012272,-1.970168,-0.726394,-0.741649,1
9.124000,-0.064427,-0.012272,-1.970168,-0.726394,-0.741646,1
9.125000,-0.064427,-0.012272,-1.970168,-0.726394,-0.741642,1
9.126000,-0.064427,-0.012272,-1.970168,-0.726394,-0.741638,1
9.127000,-0.064427,-0.012272,-1.970168,-0.726394,-0.741635,1
9.128000,-0.076699,-0.021476,-2.128825,-0.726394,-0.740751,1
9.129000,-0.076699,-0.021476,-2.128825,-0.726394,-0.740745,1
9.130000,-0.076699,-0.021476,-2.128825,-0.726394,-0.740738,1
9.131000,-0.076699,-0.021476,-2.128825,-0.726394,-0.740732,1
9.132000,-0.076699,-0.021476,-2.128825,-0.726394,-0.740725,1
9.133000,-0.076699,-0.021476,-2.128825,-0.726394,-0.740719,1
9.134000,-0.076699,-0.021476,-2.128825,-0.726394,-0.740712,1
9.135000,-0.076699,-0.021476,-2.128825,-0.726394,-0.740706,1
9.136000,-0.092039,-0.030680,-2.276857,-1.222888,0.857657,1
9.137000,-0.092039,-0.030680,-2.276857,-1.222888,0.857666,1
9.138000,-0.092039,-0.030680,-2.276857,-1.222888,0.857675,1
9.139000,-0.107379,-0.039884,-2.377516,-1.528927,1.522505,1
9.140000,-0.116583,-0.046019,-2.457229,-1.528927,1.547116,1
9.141000,-0.119651,-0.049087,-2.457229,-1.774157,2.092815,1
9.142000,-0.119651,-0.049087,-2.457229,-1.774157,2.092830,1
9.143000,-0.119651,-0.049087,-2.457229,-1.774157,2.092845,1
9.144000,-0.122718,-0.052155,-2.457229,-1.774157,2.148084,1
9.145000,-0.122718,-0.052155,-2.457229,-1.774157,2.148099,1
9.146000,-0.125786,-0.055223,-2.492041,-1.774157,2.168528,1
9.147000,-0.125786,-0.055223,-2.492041,-1.774157,2.168544,1
9.148000,-0.125786,-0.055223,-2.492041,-1.774157,2.168561,1
9.149000,-0.125786,-0.055223,-2.492041,-1.774157,2.168577,1
9.150000,-0.125786,-0.055223,-2.492041,-1.774157,2.168594,1
9.151000,-0.125786,-0.055223,-2.492041,-1.774157,2.168610,1
9.152000,-0.128854,-0.061359,-2.492041,-2.198790,3.134478,1
9.153000,-0.128854,-0.061359,-2.492041,-2.198790,3.134496,1
9.154000,-0.128854,-0.061359,-2.492041,-2.198790,3.134514,1
9.155000,-0.141126,-0.067495,-2.231324,-1.977350,3.050546,1
9.156000,-0.141126,-0.067495,-2.231324,-1.977350,3.050566,1
9.157000,-0.141126,-0.067495,-2.231324,-1.977350,3.050586,1
9.158000,-0.144194,-0.067495,-2.123927,-1.334583,1.866333,1
9.159000,-0.144194,-0.067495,-2.123927,-1.334583,1.866354,1
9.160000,-0.144194,-0.067495,-2.123927,-1.334583,1.866374,1
9.161000,-0.147262,-0.070563,-1.397000,-1.005741,1.990862,1
9.162000,-0.150330,-0.070563,-1.719964,-0.807164,1.264629,1
9.163000,-0.150330,-0.070563,-1.719964,-0.807164,1.264650,1
9.164000,-0.150330,-0.070563,-1.719964,-0.757200,1.164743,1
9.165000,-0.150330,-0.070563,-1.719964,-0.757200,1.164764,1
9.166000,-0.150330,-0.070563,-1.719964,-0.757200,1.164785,1
9.167000,-0.153398,-0.070563,-1.719964,-0.674036,0.992342,1
9.168000,-0.153398,-0.070563,-1.719964,-0.674036,0.992364,1
9.169000,-0.153398,-0.070563,-1.719964,-0.674036,0.992385,1
9.170000,-0.153398,-0.067495,-1.427745,0.578829,-1.882466,1
9.171000,-0.153398,-0.067495,-1.427745,0.578829,-1.882446,1
9.172000,-0.153398,-0.067495,-1.427745,0.578829,-1.882426,1
9.173000,-0.153398,-0.067495,-1.058038,0.507005,-1.369051,1
9.174000,-0.153398,-0.064427,-0.840740,0.493879,-1.186839,1
9.175000,-0.153398,-0.064427,-0.840740,0.493879,-1.186820,1
9.176000,-0.153398,-0.064427,-0.786861,0.493879,-1.132921,1
9.177000,-0.153398,-0.064427,-0.786861,0.493879,-1.132902,1
9.178000,-0.153398,-0.064427,-0.786861,0.493879,-1.132883,1
9.179000,-0.153398,-0.061359,-0.697403,0.493879,-1.104766,1
9.180000,-0.153398,-0.058291,-0.595731,0.493879,-1.064435,1
9.181000,-0.153398,-0.058291,-0.595731,0.493879,-1.064418,1
9.182000,-0.156466,-0.058291,-0.568205,0.493879,-1.043010,1
9.183000,-0.156466,-0.058291,-0.568205,0.493879,-1.042993,1
9.184000,-0.156466,-0.058291,-0.568205,0.493879,-1.042976,1
9.185000,-0.156466,-0.058291,-0.520100,0.493879,-0.994853,1
9.186000,-0.156466,-0.058291,-0.520100,0.493879,-0.994836,1
9.187000,-0.156466,-0.058291,-0.520100,0.493879,-0.994818,1
9.188000,-0.156466,-0.055223,-0.461340,0.493879,-0.997401,1
9.189000,-0.156466,-0.055223,-0.461340,0.493879,-0.997384,1
9.190000,-0.156466,-0.055223,-0.461340,0.493879,-0.997368,1
9.191000,-0.156466,-0.055223,-0.461340,0.493879,-0.997351,1
9.192000,-0.159534,-0.055223,-0.414670,0.493879,-0.956801,1
9.193000,-0.162602,-0.055223,-0.459856,0.493879,-1.008106,1
9.194000,-0.162602,-0.055223,-0.459856,0.493879,-1.008089,1
9.195000,-0.162602,-0.055223,-0.459856,0.493879,-1.008073,1
9.196000,-0.162602,-0.055223,-0.459856,0.493879,-1.008056,1
9.197000,-0.165670,-0.058291,-0.459856,0.493879,-0.952815,1
9.198000,-0.165670,-0.058291,-0.459856,-0.465709,1.566377,1
9.199000,-0.168738,-0.058291,-0.459856,-0.448624,1.526090,1
9.200000,-0.168738,-0.058291,-0.459856,-0.448624,1.526108,1
9.201000,-0.168738,-0.058291,-0.459856,-0.448624,1.526125,1
9.202000,-0.168738,-0.058291,-0.459856,-0.432807,1.494507,1
9.203000,-0.171806,-0.061359,-0.459856,-0.416206,1.516547,1
9.204000,-0.171806,-0.064427,-0.459856,-0.416206,1.577925,1
9.205000,-0.171806,-0.064427,-0.459856,-0.416206,1.577945,1
9.206000,-0.174874,-0.064427,-0.689559,-0.416206,1.342125,1
9.207000,-0.174874,-0.064427,-0.689559,-0.416206,1.342145,1
9.208000,-0.174874,-0.064427,-0.689559,-0.416206,1.342164,1
9.209000,-0.174874,-0.064427,-0.689559,-0.416206,1.342183,1
9.210000,-0.174874,-0.064427,-0.689559,-0.416206,1.342203,1
9.211000,-0.174874,-0.064427,-0.689559,-0.416206,1.342222,1
9.212000,-0.174874,-0.064427,-0.689559,-0.416206,1.342241,1
9.213000,-0.174874,-0.064427,-0.689559,-0.416206,1.342261,1
9.214000,-0.174874,-0.064427,-0.689559,-0.416206,1.342280,1
9.215000,-0.174874,-0.064427,-0.689559,-0.416206,1.342299,1
9.216000,-0.174874,-0.064427,-0.689559,-0.416206,1.342319,1
9.217000,-0.174874,-0.064427,-0.689559,-0.416206,1.342338,1
9.218000,-0.174874,-0.064427,-0.689559,-0.416206,1.342357,1
9.219000,-0.174874,-0.064427,-0.689559,-0.416206,1.342377,1
9.220000,-0.174874,-0.064427,-0.689559,-0.416206,1.342396,1
9.221000,-0.174874,-0.064427,-0.689559,-0.416206,1.342415,1
9.222000,-0.174874,-0.064427,-0.689559,-0.416206,1.342435,1
9.223000,-0.174874,-0.064427,-0.689559,-0.416206,1.342454,1
9.224000,-0.174874,-0.064427,-0.689559,-0.416206,1.342473,1
9.225000,-0.174874,-0.064427,-0.689559,-0.416206,1.342493,1
9.226000,-0.174874,-0.061359,-0.655274,-0.416206,1.315437,1
9.227000,-0.174874,-0.061359,-0.655274,-0.416206,1.315455,1
9.228000,-0.174874,-0.061359,-0.592187,-0.416206,1.378561,1
9.229000,-0.174874,-0.061359,-0.592187,-0.416206,1.378579,1
9.230000,-0.174874,-0.061359,-0.592187,-0.416206,1.378597,1
9.231000,-0.171806,-0.061359,0.539974,-0.416206,2.516913,1
9.232000,-0.171806,-0.061359,0.539974,-0.416206,2.516931,1
9.233000,-0.171806,-0.061359,0.539974,-0.416206,2.516949,1
9.234000,-0.171806,-0.061359,0.539974,-0.416206,2.516968,1
9.235000,-0.171806,-0.061359,0.539974,-0.416206,2.516986,1
9.236000,-0.171806,-0.061359,0.539974,-0.416206,2.517005,1
9.237000,-0.171806,-0.061359,0.539974,-0.416206,2.517023,1
9.238000,-0.171806,-0.061359,0.539974,-0.416206,2.517041,1
9.239000,-0.171806,-0.061359,0.539974,-0.416206,2.517060,1
9.240000,-0.171806,-0.058291,0.477039,0.397550,0.765272,1
9.241000,-0.171806,-0.058291,0.477039,0.397550,0.765289,1
9.242000,-0.171806,-0.058291,0.477039,0.397550,0.765307,1
9.243000,-0.165670,-0.049087,0.412649,0.336017,0.652192,1
9.244000,-0.165670,-0.049087,0.412649,0.336017,0.652207,1
9.245000,-0.165670,-0.049087,0.412649,0.336017,0.652222,1
9.246000,-0.165670,-0.049087,0.412649,0.336017,0.652236,1
9.247000,-0.165670,-0.049087,0.412649,0.336017,0.652251,1
9.248000,-0.165670,-0.049087,0.412649,0.336017,0.652266,1
9.249000,-0.159534,-0.046019,0.412649,0.336017,0.603192,1
9.250000,-0.159534,-0.046019,0.412649,0.336017,0.603206,1
9.251000,-0.159534,-0.046019,0.412649,0.336017,0.603220,1
9.252000,-0.159534,-0.046019,0.412649,0.336017,0.603234,1
9.253000,-0.159534,-0.046019,0.412649,0.336017,0.603248,1
9.254000,-0.159534,-0.046019,0.412649,0.336017,0.603261,1
9.255000,-0.153398,-0.036816,0.798457,1.253932,-1.618556,1
9.256000,-0.153398,-0.036816,0.798457,1.253932,-1.618545,1
9.257000,-0.153398,-0.036816,0.798457,1.253932,-1.618534,1
9.258000,-0.153398,-0.036816,0.798457,1.253932,-1.618523,1
9.259000,-0.153398,-0.036816,0.798457,1.253932,-1.618512,1
9.260000,-0.153398,-0.036816,0.798457,1.253932,-1.618501,1
9.261000,-0.144194,-0.024544,0.798457,1.878867,-3.095393,1
9.262000,-0.144194,-0.024544,0.798457,1.878867,-3.095386,1
9.263000,-0.144194,-0.024544,0.798457,1.878867,-3.095378,1
9.264000,-0.144194,-0.024544,0.798457,1.878867,-3.095371,1
9.265000,-0.144194,-0.024544,0.798457,1.878867,-3.095364,1
9.266000,-0.144194,-0.024544,0.798457,1.878867,-3.095356,1
9.267000,-0.134990,-0.015340,1.306566,1.629640,-2.254459,1
9.268000,-0.134990,-0.015340,1.306566,1.629640,-2.254454,1
9.269000,-0.134990,-0.015340,1.306566,1.629640,-2.254449,1
9.270000,-0.134990,-0.015340,1.306566,1.629640,-2.254445,1
9.271000,-0.134990,-0.015340,1.306566,1.629640,-2.254440,1
9.272000,-0.134990,-0.015340,1.306566,1.629640,-2.254436,1
9.273000,-0.125786,-0.006136,1.525519,1.629640,-2.201150,1
9.274000,-0.125786,-0.006136,1.525519,1.629640,-2.201149,1
9.275000,-0.125786,-0.006136,1.525519,1.629640,-2.201147,1
9.276000,-0.125786,-0.006136,1.525519,1.629640,-2.201145,1
9.277000,-0.125786,-0.006136,1.525519,1.629640,-2.201143,1
9.278000,-0.125786,-0.006136,1.525519,1.629640,-2.201141,1
9.279000,-0.119651,0.003068,1.410379,1.832382,-2.893572,1
9.280000,-0.119651,0.003068,1.410379,1.832382,-2.893573,1
9.281000,-0.119651,0.003068,1.410379,1.832382,-2.893574,1
9.282000,-0.119651,0.003068,1.410379,1.832382,-2.893575,1
9.283000,-0.119651,0.003068,1.410379,1.832382,-2.893576,1
9.284000,-0.119651,0.003068,1.410379,1.832382,-2.893577,1
9.285000,-0.119651,0.003068,0.834988,1.040107,-1.884419,1
9.286000,-0.119651,0.003068,0.834988,1.040107,-1.884420,1
9.287000,-0.119651,0.003068,0.834988,1.040107,-1.884421,1
9.288000,-0.119651,0.000000,0.592846,0.689825,-1.364639,1
9.289000,-0.122718,-0.003068,-0.496870,0.689825,-2.399130,1
9.290000,-0.122718,-0.003068,-0.477535,0.689825,-2.379795,1
9.291000,-0.122718,-0.003068,-0.459597,0.689825,-2.361855,1
9.292000,-0.125786,-0.006136,-1.348880,0.689825,-3.195913,1
9.293000,-0.125786,-0.006136,-1.348880,0.689825,-3.195911,1
9.294000,-0.128854,-0.009204,-1.348880,0.689825,-3.140685,1
9.295000,-0.134990,-0.015340,-1.348880,-1.151631,1.252678,1
9.296000,-0.134990,-0.015340,-1.348880,-1.151631,1.252683,1
9.297000,-0.134990,-0.015340,-1.348880,-1.151631,1.252687,1
9.298000,-0.144194,-0.030680,-0.460238,-2.515560,5.157585,1
9.299000,-0.144194,-0.030680,-0.460238,-2.515560,5.157594,1
9.300000,-0.147262,-0.036816,-0.460238,-2.346035,4.935136,1
9.301000,-0.147262,-0.036816,-0.460238,-2.346035,4.935147,1
9.302000,-0.150330,-0.039884,-1.678450,-2.346035,3.772171,1
9.303000,-0.150330,-0.039884,-1.678450,-2.346035,3.772183,1
9.304000,-0.150330,-0.039884,-1.678450,-2.346035,3.772195,1
9.305000,-0.150330,-0.039884,-1.678450,-2.346035,3.772207,1
9.306000,-0.150330,-0.039884,-1.678450,-2.346035,3.772219,1
9.307000,-0.150330,-0.039884,-1.678450,-2.346035,3.772230,1
9.308000,-0.150330,-0.039884,-1.678450,-2.346035,3.772242,1
9.309000,-0.150330,-0.039884,-1.678450,-2.346035,3.772254,1
9.310000,-0.150330,-0.039884,-1.678450,-2.346035,3.772266,1
9.311000,-0.150330,-0.039884,-1.678450,-2.346035,3.772278,1
9.312000,-0.150330,-0.039884,-1.678450,-2.346035,3.772290,1
9.313000,-0.150330,-0.039884,-1.678450,-2.346035,3.772302,1
9.314000,-0.150330,-0.039884,-1.678450,-2.346035,3.772314,1
9.315000,-0.150330,-0.039884,-1.678450,-2.346035,3.772326,1
9.316000,-0.150330,-0.039884,-1.678450,-2.346035,3.772338,1
9.317000,-0.150330,-0.039884,-1.678450,-2.346035,3.772350,1
9.318000,-0.150330,-0.042951,-1.678450,-1.328026,1.797705,1
9.319000,-0.147262,-0.042951,1.338562,-1.002652,4.170118,1
9.320000,-0.147262,-0.039884,1.206732,-0.960823,3.893283,1
9.321000,-0.144194,-0.039884,1.099290,-0.960823,3.791988,1
9.322000,-0.144194,-0.039884,1.099290,-0.960823,3.792000,1
9.323000,-0.144194,-0.039884,1.099290,-0.960823,3.792012,1
9.324000,-0.144194,-0.039884,1.099290,-0.960823,3.792024,1
9.325000,-0.144194,-0.039884,0.931981,-0.960823,3.624727,1
9.326000,-0.144194,-0.039884,0.931981,-0.960823,3.624739,1
9.327000,-0.144194,-0.039884,0.931981,-0.960823,3.624751,1
9.328000,-0.138058,-0.033748,0.919344,-0.960823,3.501678,1
9.329000,-0.138058,-0.033748,0.919344,-0.960823,3.501688,1
9.330000,-0.138058,-0.033748,0.919344,-0.960823,3.501698,1
9.331000,-0.131922,-0.027612,0.919344,1.324506,-1.779400,1
9.332000,-0.122718,-0.018408,1.335128,1.324506,-1.529280,1
9.333000,-0.119651,-0.015340,1.335128,2.620657,-4.176800,1
9.334000,-0.116583,-0.009204,2.391978,2.620657,-3.236529,1
9.335000,-0.116583,-0.009204,2.391978,2.620657,-3.236527,1
9.336000,-0.116583,-0.009204,2.391978,2.620657,-3.236524,1
9.337000,-0.116583,-0.009204,2.391978,2.620657,-3.236521,1
9.338000,-0.116583,-0.006136,2.391978,2.620657,-3.297878,1
9.339000,-0.116583,-0.006136,2.391978,2.620657,-3.297877,1
9.340000,-0.116583,-0.006136,2.391978,2.620657,-3.297875,1
9.341000,-0.107379,0.003068,2.255802,3.620637,-5.599681,1
9.342000,-0.107379,0.003068,2.255802,3.620637,-5.599682,1
9.343000,-0.107379,0.003068,2.255802,3.620637,-5.599683,1
9.344000,-0.104311,0.006136,2.265467,2.279735,-2.963440,1
9.345000,-0.098175,0.009204,2.203797,1.751640,-2.018010,1
9.346000,-0.098175,0.012272,1.869244,1.751640,-2.413926,1
9.347000,-0.098175,0.012272,1.869244,1.751640,-2.413930,1
9.348000,-0.098175,0.012272,1.869244,1.751640,-2.413934,1
9.349000,-0.098175,0.012272,1.620908,1.751640,-2.662274,1
9.350000,-0.098175,0.012272,1.620908,1.751640,-2.662277,1
9.351000,-0.095107,0.012272,1.282853,1.751640,-2.994199,1
9.352000,-0.095107,0.012272,1.282853,1.751640,-2.994203,1
9.353000,-0.095107,0.012272,1.282853,1.751640,-2.994207,1
9.354000,-0.095107,0.012272,1.282853,1.751640,-2.994211,1
9.355000,-0.095107,0.012272,1.282853,1.751640,-2.994214,1
9.356000,-0.095107,0.012272,1.282853,1.751640,-2.994218,1
9.357000,-0.095107,0.015340,0.904607,1.181712,-2.293971,1
9.358000,-0.095107,0.015340,0.904607,1.181712,-2.293976,1
9.359000,-0.095107,0.015340,0.904607,1.181712,-2.293980,1
9.360000,-0.095107,0.015340,0.904607,1.181712,-2.293985,1
9.361000,-0.095107,0.015340,0.904607,1.181712,-2.293989,1
9.362000,-0.095107,0.015340,0.904607,1.181712,-2.293994,1
9.363000,-0.095107,0.012272,0.698352,0.886417,-1.848305,1
9.364000,-0.095107,0.012272,0.698352,0.886417,-1.848309,1
9.365000,-0.095107,0.012272,0.698352,0.886417,-1.848312,1
9.366000,-0.095107,0.012272,0.698352,0.886417,-1.848316,1
9.367000,-0.095107,0.012272,0.698352,0.886417,-1.848320,1
9.368000,-0.095107,0.012272,0.698352,0.886417,-1.848323,1
9.369000,-0.098175,0.009204,-0.520706,0.886417,-3.012161,1
9.370000,-0.098175,0.009204,-0.520706,0.886417,-3.012164,1
9.371000,-0.098175,0.009204,-0.520706,0.886417,-3.012166,1
9.372000,-0.104311,0.000000,-1.638145,-1.076815,0.568665,1
9.373000,-0.107379,-0.009204,-1.638145,-1.076815,0.746610,1
9.374000,-0.110447,-0.012272,-1.474428,-2.080508,2.972940,1
9.375000,-0.110447,-0.012272,-1.474428,-2.080508,2.972944,1
9.376000,-0.110447,-0.012272,-1.474428,-2.080508,2.972947,1
9.377000,-0.110447,-0.015340,-1.316084,-2.080508,3.192655,1
9.378000,-0.110447,-0.015340,-1.316084,-2.080508,3.192659,1
9.379000,-0.113515,-0.018408,-0.453364,-2.080508,4.110608,1
9.380000,-0.113515,-0.018408,-0.453364,-2.080508,4.110614,1
9.381000,-0.113515,-0.018408,-0.453364,-2.080508,4.110619,1
9.382000,-0.116583,-0.024544,-0.453364,-2.685567,5.437327,1
9.383000,-0.116583,-0.024544,-0.453364,-2.685567,5.437335,1
9.384000,-0.116583,-0.024544,-0.453364,-2.685567,5.437342,1
9.385000,-0.116583,-0.024544,-0.453364,-2.685567,5.437349,1
9.386000,-0.116583,-0.024544,-0.453364,-2.685567,5.437357,1
9.387000,-0.116583,-0.024544,-0.453364,-2.685567,5.437364,1
9.388000,-0.116583,-0.027612,-0.453364,-2.685567,5.498731,1
9.389000,-0.116583,-0.027612,-0.453364,-2.685567,5.498740,1
9.390000,-0.116583,-0.027612,-0.453364,-2.685567,5.498748,1
9.391000,-0.116583,-0.027612,-0.453364,-2.685567,5.498756,1
9.392000,-0.116583,-0.027612,-0.453364,-2.685567,5.498765,1
9.393000,-0.116583,-0.027612,-0.453364,-2.685567,5.498773,1
9.394000,-0.116583,-0.033748,-0.453364,-1.268277,2.786922,1
9.395000,-0.116583,-0.033748,-0.453364,-1.268277,2.786932,1
9.396000,-0.116583,-0.033748,-0.453364,-1.268277,2.786942,1
9.397000,-0.116583,-0.033748,-0.453364,-1.268277,2.786952,1
9.398000,-0.116583,-0.033748,-0.453364,-1.268277,2.786962,1
9.399000,-0.116583,-0.033748,-0.453364,-1.268277,2.786972,1
9.400000,-0.110447,-0.030680,-0.453364,0.782548,-1.963755,1
9.401000,-0.110447,-0.030680,-0.453364,0.782548,-1.963746,1
9.402000,-0.110447,-0.030680,-0.453364,0.782548,-1.963736,1
9.403000,-0.110447,-0.030680,-0.453364,0.782548,-1.963727,1
9.404000,-0.110447,-0.030680,-0.453364,0.782548,-1.963718,1
9.405000,-0.110447,-0.030680,-0.453364,0.782548,-1.963709,1
9.406000,-0.095107,-0.018408,0.551088,0.751731,-1.112374,1
9.407000,-0.095107,-0.018408,0.551088,0.751731,-1.112369,1
9.408000,-0.095107,-0.018408,0.551088,0.751731,-1.112363,1
9.409000,-0.095107,-0.018408,0.551088,0.751731,-1.112358,1
9.410000,-0.095107,-0.018408,0.551088,0.751731,-1.112352,1
9.411000,-0.095107,-0.018408,0.551088,0.751731,-1.112347,1
9.412000,-0.076699,0.000000,2.943075,3.154930,-3.858099,1
9.413000,-0.076699,0.000000,2.943075,3.154930,-3.858099,1
9.414000,-0.076699,0.000000,2.943075,3.154930,-3.858099,1
9.415000,-0.076699,0.000000,2.943075,3.154930,-3.858099,1
9.416000,-0.076699,0.000000,2.943075,3.154930,-3.858099,1
9.417000,-0.076699,0.000000,2.943075,3.154930,-3.858099,1
9.418000,-0.058291,0.027612,3.504531,4.797907,-6.000000,1
9.419000,-0.058291,0.027612,3.504531,4.797907,-6.000000,1
9.420000,-0.058291,0.027612,3.504531,4.797907,-6.000000,1
9.421000,-0.039884,0.046019,3.176709,3.079746,-4.320893,1
9.422000,-0.030680,0.055223,2.985145,2.956972,-4.432596,1
9.423000,-0.027612,0.058291,2.985145,2.717791,-4.009475,1
9.424000,-0.027612,0.058291,2.985145,2.717791,-4.009492,1
9.425000,-0.027612,0.058291,2.985145,2.717791,-4.009510,1
9.426000,-0.024544,0.061359,2.985145,2.717791,-4.064751,1
9.427000,-0.024544,0.061359,2.985145,2.717791,-4.064770,1
9.428000,-0.021476,0.064427,2.319875,2.717791,-4.785282,1
9.429000,-0.021476,0.064427,2.319875,2.717791,-4.785302,1
9.430000,-0.021476,0.064427,2.319875,2.717791,-4.785321,1
9.431000,-0.018408,0.067495,2.419263,2.178327,-3.662247,1
9.432000,-0.015340,0.070563,2.419263,1.441236,-2.243311,1
9.433000,-0.015340,0.070563,2.419263,1.441236,-2.243332,1
9.434000,-0.012272,0.070563,2.323468,1.441236,-2.333012,1
9.435000,-0.012272,0.070563,2.323468,1.441236,-2.333034,1
9.436000,-0.012272,0.070563,2.323468,1.441236,-2.333055,1
9.437000,-0.012272,0.070563,1.686642,1.441236,-2.969901,1
9.438000,-0.012272,0.070563,1.686642,1.441236,-2.969922,1
9.439000,-0.012272,0.070563,1.686642,1.441236,-2.969944,1
9.440000,-0.009204,0.070563,1.194119,1.441236,-3.456352,1
9.441000,-0.009204,0.070563,1.194119,1.441236,-3.456373,1
9.442000,-0.009204,0.070563,1.194119,1.441236,-3.456394,1
9.443000,-0.009204,0.070563,0.924045,1.345515,-3.535048,1
9.444000,-0.009204,0.067495,0.710122,-0.935261,1.473921,1
9.445000,-0.009204,0.067495,0.671382,-0.869206,1.303051,1
9.446000,-0.009204,0.064427,0.636531,-0.811670,1.214468,1
9.447000,-0.009204,0.061359,0.605165,-0.772553,1.166207,1
9.448000,-0.009204,0.061359,0.605165,-0.772553,1.166189,1
9.449000,-0.009204,0.061359,0.605165,-0.772553,1.166170,1
9.450000,-0.009204,0.061359,0.605165,-0.772553,1.166152,1
9.451000,-0.009204,0.061359,0.576750,-0.772553,1.137718,1
9.452000,-0.009204,0.061359,0.576750,-0.772553,1.137700,1
9.453000,-0.009204,0.061359,0.576750,-0.772553,1.137681,1
9.454000,-0.009204,0.061359,0.576750,-0.772553,1.137663,1
9.455000,-0.009204,0.061359,0.576750,-0.772553,1.137645,1
9.456000,-0.012272,0.061359,-0.505486,-0.772553,-0.550745,1
9.457000,-0.012272,0.061359,-0.505486,-0.772553,-0.550764,1
9.458000,-0.012272,0.061359,-0.505486,-0.772553,-0.550782,1
9.459000,-0.012272,0.058291,-0.419152,-0.772553,0.000000,1
9.460000,-0.009204,0.058291,0.368797,-0.962178,1.370212,1
9.461000,-0.009204,0.058291,0.358001,-0.962178,1.359399,1
9.462000,-0.009204,0.058291,0.347822,-0.962178,1.349203,1
9.463000,-0.009204,0.058291,0.347822,-0.962178,1.349185,1
9.464000,-0.009204,0.058291,0.347822,-0.962178,1.349168,1
9.465000,-0.009204,0.058291,0.347822,-0.962178,1.349150,1
9.466000,-0.009204,0.058291,0.347822,-0.962178,1.349133,1
9.467000,-0.009204,0.058291,0.347822,-0.962178,1.349115,1
9.468000,-0.009204,0.058291,0.347822,-0.962178,1.349098,1
9.469000,-0.009204,0.058291,0.338292,-0.962178,1.339549,1
9.470000,-0.009204,0.058291,0.338292,-0.962178,1.339532,1
9.471000,-0.009204,0.058291,0.338292,-0.962178,1.339514,1
9.472000,-0.006136,0.058291,1.480466,-0.962178,2.487807,1
9.473000,-0.006136,0.058291,1.480466,-0.962178,2.487789,1
9.474000,-0.003068,0.064427,1.480466,0.792663,-1.738495,1
9.475000,-0.003068,0.064427,1.480466,0.792663,-1.738514,1
9.476000,-0.003068,0.064427,1.480466,0.792663,-1.738534,1
9.477000,-0.003068,0.064427,1.421927,0.744713,-1.701191,1
9.478000,-0.003068,0.064427,1.421927,0.744713,-1.701210,1
9.479000,-0.003068,0.064427,1.421927,0.744713,-1.701229,1
9.480000,0.000000,0.064427,1.274113,0.702056,-1.757613,1
9.481000,0.000000,0.064427,1.274113,0.702056,-1.757632,1
9.482000,0.000000,0.064427,1.274113,0.702056,-1.757652,1
9.483000,0.000000,0.064427,1.274113,0.702056,-1.757671,1
9.484000,0.003068,0.070563,0.971909,0.636298,-2.044962,1
9.485000,0.003068,0.070563,0.971909,0.636298,-2.044984,1
9.486000,0.003068,0.070563,0.971909,0.636298,-2.045005,1
9.487000,0.003068,0.070563,0.971909,0.636298,-2.045026,1
9.488000,0.003068,0.070563,0.971909,0.636298,-2.045047,1
9.489000,0.003068,0.070563,0.971909,0.636298,-2.045068,1
9.490000,0.003068,0.070563,0.971909,0.636298,-2.045089,1
9.491000,0.003068,0.070563,0.971909,0.636298,-2.045111,1
9.492000,0.003068,0.070563,0.971909,0.636298,-2.045132,1
9.493000,0.006136,0.073631,0.276349,0.636298,-2.795937,1
9.494000,0.006136,0.073631,0.276349,0.636298,-2.795959,1
9.495000,0.006136,0.073631,0.276349,0.636298,-2.795981,1
9.496000,0.009204,0.082835,0.276349,0.985674,-3.672701,1
9.497000,0.009204,0.082835,0.276349,0.985674,-3.672726,1
9.498000,0.009204,0.082835,0.276349,0.985674,-3.672750,1
9.499000,0.009204,0.082835,0.276349,0.985674,-3.672775,1
9.500000,0.009204,0.082835,0.276349,0.985674,-3.672800,1
9.501000,0.009204,0.082835,0.276349,0.985674,-3.672825,1
9.502000,0.009204,0.082835,0.276349,0.985674,-3.672850,1
9.503000,0.009204,0.082835,0.276349,0.985674,-3.672875,1
9.504000,0.009204,0.082835,0.276349,0.985674,-3.672900,1
9.505000,0.009204,0.082835,0.276349,0.985674,-3.672924,1
9.506000,0.009204,0.082835,0.276349,0.985674,-3.672949,1
9.507000,0.009204,0.082835,0.276349,0.985674,-3.672974,1
9.508000,0.006136,0.082835,0.276349,0.985674,-3.679135,1
9.509000,0.006136,0.082835,0.276349,0.985674,-3.679160,1
9.510000,0.006136,0.082835,0.276349,0.985674,-3.679185,1
9.511000,0.006136,0.082835,0.276349,0.985674,-3.679209,1
9.512000,0.006136,0.082835,0.276349,0.985674,-3.679234,1
9.513000,0.006136,0.082835,0.276349,0.985674,-3.679259,1
9.514000,0.000000,0.079767,0.276349,-0.733029,0.000000,1
9.515000,0.000000,0.079767,0.276349,-0.733029,0.000000,1
9.516000,0.000000,0.079767,0.276349,-0.733029,0.000000,1
9.517000,0.000000,0.079767,0.276349,-0.733029,0.000000,1
9.518000,0.000000,0.079767,0.276349,-0.733029,0.000000,1
9.519000,0.000000,0.079767,0.276349,-0.733029,0.000000,1
9.520000,-0.009204,0.067495,-0.421672,-0.637935,-0.854109,1
9.521000,-0.009204,0.067495,-0.421672,-0.637935,-0.854130,1
9.522000,-0.009204,0.067495,-0.421672,-0.637935,-0.854150,1
9.523000,-0.024544,0.055223,-1.500129,-2.024352,1.654968,1
9.524000,-0.036816,0.039884,-2.441808,-2.759320,2.465466,1
9.525000,-0.039884,0.036816,-2.900241,-3.523046,3.589697,1
9.526000,-0.039884,0.036816,-2.900241,-3.523046,3.589686,1
9.527000,-0.039884,0.036816,-2.900241,-3.523046,3.589675,1
9.528000,-0.039884,0.033748,-2.900241,-3.523046,3.651024,1
9.529000,-0.039884,0.033748,-2.900241,-3.523046,3.651014,1
9.530000,-0.046019,0.027612,-2.900241,-3.492991,3.701341,1
9.531000,-0.046019,0.027612,-2.900241,-3.492991,3.701333,1
9.532000,-0.046019,0.027612,-2.900241,-3.492991,3.701325,1
9.533000,-0.052155,0.024544,-2.639383,-3.282791,3.590863,1
9.534000,-0.052155,0.024544,-2.639383,-3.282791,3.590856,1
9.535000,-0.052155,0.024544,-2.639383,-3.282791,3.590848,1
9.536000,-0.052155,0.024544,-2.639383,-3.282791,3.590841,1
9.537000,-0.052155,0.024544,-2.639383,-3.282791,3.590833,1
9.538000,-0.052155,0.024544,-2.639383,-3.282791,3.590826,1
9.539000,-0.052155,0.024544,-2.639383,-3.282791,3.590819,1
9.540000,-0.052155,0.024544,-2.639383,-3.282791,3.590811,1
9.541000,-0.052155,0.024544,-2.639383,-3.282791,3.590804,1
9.542000,-0.055223,0.015340,-2.639383,-2.569094,2.341347,1
9.543000,-0.055223,0.015340,-2.639383,-2.569094,2.341343,1
9.544000,-0.055223,0.015340,-2.639383,-2.569094,2.341338,1
9.545000,-0.064427,0.009204,-2.096696,-1.722512,1.295169,1
9.546000,-0.064427,0.009204,-2.096696,-1.722512,1.295167,1
9.547000,-0.064427,0.009204,-2.096696,-1.722512,1.295164,1
9.548000,-0.064427,0.009204,-2.096696,-1.722512,1.295161,1
9.549000,-0.064427,0.009204,-2.096696,-1.722512,1.295158,1
9.550000,-0.064427,0.009204,-2.096696,-1.722512,1.295156,1
9.551000,-0.064427,0.009204,-1.702613,-1.211536,0.667283,1
9.552000,-0.064427,0.009204,-1.702613,-1.211536,0.667280,1
9.553000,-0.064427,0.009204,-1.702613,-1.211536,0.667277,1
9.554000,-0.064427,0.009204,-1.702613,-1.211536,0.667274,1
9.555000,-0.064427,0.009204,-1.702613,-1.211536,0.667272,1
9.556000,-0.058291,0.021476,0.674102,0.606550,-1.425355,1
9.557000,-0.055223,0.030680,0.691067,0.606550,-1.586341,1
9.558000,-0.055223,0.030680,0.691067,0.606550,-1.586350,1
9.559000,-0.055223,0.030680,0.691067,0.606550,-1.586360,1
9.560000,-0.055223,0.030680,0.691067,0.606550,-1.586369,1
9.561000,-0.055223,0.033748,0.691067,2.329250,-5.093138,1
9.562000,-0.055223,0.033748,0.691067,2.329250,-5.093149,1
9.563000,-0.055223,0.033748,0.691067,2.329250,-5.093159,1
9.564000,-0.052155,0.033748,0.691067,2.329250,-5.087033,1
9.565000,-0.052155,0.033748,0.691067,2.329250,-5.087043,1
9.566000,-0.052155,0.033748,0.691067,2.329250,-5.087053,1
9.567000,-0.052155,0.039884,0.691067,2.177940,-4.907165,1
9.568000,-0.052155,0.039884,0.691067,1.851291,-4.253878,1
9.569000,-0.052155,0.039884,0.691067,1.851291,-4.253890,1
9.570000,-0.052155,0.039884,0.691067,1.851291,-4.253902,1
9.571000,-0.052155,0.039884,0.691067,1.607250,-3.765832,1
9.572000,-0.055223,0.039884,0.691067,1.054937,-2.667354,1
9.573000,-0.058291,0.039884,0.691067,0.971292,-2.506212,1
9.574000,-0.058291,0.039884,0.691067,0.971292,-2.506224,1
9.575000,-0.058291,0.039884,0.691067,0.971292,-2.506236,1
9.576000,-0.061359,0.036816,0.691067,0.932720,-2.373879,1
9.577000,-0.061359,0.036816,0.691067,0.932720,-2.373890,1
9.578000,-0.061359,0.036816,0.691067,0.932720,-2.373901,1
9.579000,-0.061359,0.036816,0.691067,0.932720,-2.373912,1
9.580000,-0.061359,0.036816,0.691067,0.932720,-2.373923,1
9.581000,-0.064427,0.033748,-0.576164,0.932720,-3.585941,1
9.582000,-0.073631,0.027612,-0.576164,0.932720,-3.481639,1
9.583000,-0.073631,0.027612,-0.576164,0.932720,-3.481647,1
9.584000,-0.073631,0.027612,-0.576164,0.932720,-3.481655,1
9.585000,-0.073631,0.027612,-0.576164,0.932720,-3.481664,1
9.586000,-0.073631,0.027612,-0.576164,0.932720,-3.481672,1
9.587000,-0.076699,0.024544,-1.528567,-1.287078,0.660738,1
9.588000,-0.082835,0.018408,-1.528567,-1.287078,0.771179,1
9.589000,-0.082835,0.018408,-1.528567,-1.287078,0.771174,1
9.590000,-0.082835,0.018408,-1.528567,-1.287078,0.771168,1
9.591000,-0.085903,0.015340,-1.528567,-1.287078,0.826387,1
9.592000,-0.095107,0.003068,-2.114489,-2.080180,2.053696,1
9.593000,-0.098175,0.000000,-2.114489,-3.109585,4.167729,1
9.594000,-0.098175,0.000000,-2.114489,-3.109585,4.167729,1
9.595000,-0.098175,0.000000,-2.114489,-3.109585,4.167729,1
9.596000,-0.101243,-0.006136,-2.373958,-3.109585,4.024844,1
9.597000,-0.101243,-0.006136,-2.373958,-3.109585,4.024846,1
9.598000,-0.101243,-0.006136,-2.373958,-3.109585,4.024848,1
9.599000,-0.101243,-0.006136,-2.373958,-3.109585,4.024850,1
9.600000,-0.101243,-0.006136,-2.373958,-3.109585,4.024851,1
9.601000,-0.104311,-0.006136,-2.373958,-3.109585,4.018717,1
9.602000,-0.104311,-0.006136,-2.373958,-3.109585,4.018719,1
9.603000,-0.104311,-0.006136,-2.373958,-3.109585,4.018721,1
9.604000,-0.110447,-0.015340,-1.701567,-2.425646,3.495044,1
9.605000,-0.110447,-0.015340,-1.701567,-2.425646,3.495049,1
9.606000,-0.110447,-0.015340,-1.701567,-2.425646,3.495053,1
9.607000,-0.113515,-0.015340,-1.981536,-2.030413,2.418489,1
9.608000,-0.113515,-0.015340,-1.981536,-1.357407,1.072481,1
9.609000,-0.113515,-0.015340,-1.981536,-1.357407,1.072485,1
9.610000,-0.113515,-0.015340,-1.981536,-1.357407,1.072490,1
9.611000,-0.113515,-0.015340,-1.981536,-1.357407,1.072495,1
9.612000,-0.113515,-0.015340,-1.981536,-1.357407,1.072499,1
9.613000,-0.113515,-0.015340,-1.981536,-1.357407,1.072504,1
9.614000,-0.113515,-0.015340,-1.981536,-1.222794,0.803283,1
9.615000,-0.113515,-0.015340,-1.981536,-1.222794,0.803288,1
9.616000,-0.113515,-0.015340,-1.981536,-1.222794,0.803292,1
9.617000,-0.113515,-0.012272,-1.073792,0.765118,-2.926144,1
9.618000,-0.110447,-0.009204,0.795598,0.612511,-0.806760,1
9.619000,-0.110447,-0.006136,0.747142,0.583382,-0.858316,1
9.620000,-0.110447,-0.006136,0.747142,0.583382,-0.858314,1
9.621000,-0.110447,-0.006136,0.747142,0.583382,-0.858313,1
9.622000,-0.110447,-0.003068,0.703969,0.582885,-0.961850,1
9.623000,-0.110447,-0.003068,0.703969,0.582885,-0.961849,1
9.624000,-0.110447,0.000000,0.631702,0.582885,-1.095475,1
9.625000,-0.110447,0.000000,0.631702,0.582885,-1.095475,1
9.626000,-0.110447,0.000000,0.631702,0.582885,-1.095475,1
9.627000,-0.110447,0.003068,0.572732,0.582885,-1.215806,1
9.628000,-0.110447,0.003068,0.572732,0.582885,-1.215807,1
9.629000,-0.110447,0.003068,0.572732,0.582885,-1.215808,1
9.630000,-0.107379,0.006136,0.502303,0.582885,-1.341462,1
9.631000,-0.107379,0.009204,0.431619,1.030586,-2.368909,1
9.632000,-0.107379,0.009204,0.417004,1.030586,-2.383527,1
9.633000,-0.107379,0.009204,0.403341,1.030586,-2.397193,1
9.634000,-0.107379,0.009204,0.390440,1.030586,-2.410097,1
9.635000,-0.107379,0.009204,0.390440,1.030586,-2.410100,1
9.636000,-0.107379,0.009204,0.390440,1.030586,-2.410102,1
9.637000,-0.107379,0.009204,0.390440,1.030586,-2.410105,1
9.638000,-0.107379,0.009204,0.390440,1.030586,-2.410108,1
9.639000,-0.107379,0.009204,0.390440,1.030586,-2.410111,1
9.640000,-0.107379,0.009204,0.390440,1.030586,-2.410113,1
9.641000,-0.110447,0.009204,-0.378464,1.030586,-3.185155,1
9.642000,-0.110447,0.009204,-0.378464,1.030586,-3.185158,1
9.643000,-0.110447,0.009204,-0.378464,1.030586,-3.185161,1
9.644000,-0.113515,0.009204,-0.679412,1.030586,-3.492248,1
9.645000,-0.113515,0.009204,-0.679412,1.030586,-3.492250,1
9.646000,-0.113515,0.009204,-0.679412,1.030586,-3.492253,1
9.647000,-0.113515,0.009204,-0.679412,1.030586,-3.492256,1
9.648000,-0.113515,0.009204,-0.679412,1.030586,-3.492259,1
9.649000,-0.113515,0.009204,-0.679412,1.030586,-3.492261,1
9.650000,-0.116583,0.009204,-0.679412,0.938542,-3.314313,1
9.651000,-0.116583,0.009204,-0.679412,0.938542,-3.314316,1
9.652000,-0.116583,0.009204,-0.679412,0.938542,-3.314318,1
9.653000,-0.116583,0.009204,-0.679412,0.938542,-3.314321,1
9.654000,-0.116583,0.009204,-0.679412,0.938542,-3.314324,1
9.655000,-0.116583,0.009204,-0.679412,0.938542,-3.314327,1
9.656000,-0.122718,0.000000,-0.679412,-0.644492,0.623547,1
9.657000,-0.122718,0.000000,-0.679412,-0.644492,0.623547,1
9.658000,-0.122718,0.000000,-0.679412,-0.644492,0.623547,1
9.659000,-0.134990,-0.009204,-0.394100,-0.644492,1.068396,1
9.660000,-0.144194,-0.021476,-1.681235,-1.951448,2.622210,1
9.661000,-0.147262,-0.024544,-1.681235,-2.905878,4.586300,1
9.662000,-0.147262,-0.024544,-1.681235,-2.905878,4.586308,1
9.663000,-0.147262,-0.024544,-1.681235,-2.905878,4.586315,1
9.664000,-0.150330,-0.030680,-2.477367,-2.905878,3.906774,1
9.665000,-0.150330,-0.030680,-2.477367,-2.905878,3.906783,1
9.666000,-0.153398,-0.036816,-2.477367,-4.140221,6.000000,1
9.667000,-0.153398,-0.036816,-2.477367,-4.140221,6.000000,1
9.668000,-0.153398,-0.036816,-2.477367,-4.140221,6.000000,1
9.669000,-0.159534,-0.039884,-2.477367,-4.140221,6.000000,1
9.670000,-0.159534,-0.039884,-2.477367,-4.140221,6.000000,1
9.671000,-0.159534,-0.039884,-2.477367,-4.140221,6.000000,1
9.672000,-0.162602,-0.046019,-2.269331,-2.207580,3.000560,1
9.673000,-0.165670,-0.049087,-2.236186,-1.758183,2.190147,1
9.674000,-0.165670,-0.049087,-1.889587,-1.758183,2.536761,1
9.675000,-0.165670,-0.049087,-1.889587,-1.758183,2.536775,1
9.676000,-0.165670,-0.049087,-1.889587,-1.758183,2.536790,1
9.677000,-0.165670,-0.049087,-1.889587,-1.758183,2.536805,1
9.678000,-0.165670,-0.049087,-1.889587,-1.758183,2.536819,1
9.679000,-0.165670,-0.049087,-1.889587,-1.758183,2.536834,1
9.680000,-0.165670,-0.049087,-1.889587,-1.758183,2.536849,1
9.681000,-0.165670,-0.049087,-1.889587,-1.758183,2.536864,1
9.682000,-0.168738,-0.049087,-1.639054,-1.758183,2.781276,1
9.683000,-0.168738,-0.049087,-1.639054,-1.758183,2.781291,1
9.684000,-0.168738,-0.049087,-1.639054,-1.758183,2.781305,1
9.685000,-0.168738,-0.049087,-0.846946,-1.060222,2.177506,1
9.686000,-0.168738,-0.049087,-0.846946,-1.060222,2.177521,1
9.687000,-0.168738,-0.049087,-0.846946,-1.060222,2.177536,1
9.688000,-0.168738,-0.049087,-0.846946,-1.060222,2.177550,1
9.689000,-0.165670,-0.046019,-1.261150,0.841843,-2.695992,1
9.690000,-0.165670,-0.046019,-1.261150,0.841843,-2.695978,1
9.691000,-0.165670,-0.046019,-1.261150,0.841843,-2.695965,1
9.692000,-0.165670,-0.046019,-1.261150,0.841843,-2.695951,1
9.693000,-0.165670,-0.046019,-1.261150,0.841843,-2.695937,1
9.694000,-0.162602,-0.039884,-1.261150,0.657663,-2.444148,1
9.695000,-0.156466,-0.030680,1.184455,0.657663,0.000000,1
9.696000,-0.156466,-0.027612,1.080456,1.875445,-2.771255,1
9.697000,-0.153398,-0.024544,0.682578,1.875445,-3.224348,1
9.698000,-0.153398,-0.024544,0.682578,1.875445,-3.224341,1
9.699000,-0.153398,-0.021476,0.682578,1.875445,-3.285693,1
9.700000,-0.153398,-0.021476,0.682578,1.875445,-3.285687,1
9.701000,-0.153398,-0.021476,0.682578,1.875445,-3.285681,1
9.702000,-0.153398,-0.021476,0.682578,1.875445,-3.285674,1
9.703000,-0.153398,-0.021476,0.682578,1.875445,-3.285668,1
9.704000,-0.153398,-0.021476,0.682578,1.875445,-3.285661,1
9.705000,-0.153398,-0.021476,0.682578,1.875445,-3.285655,1
9.706000,-0.153398,-0.021476,0.682578,1.875445,-3.285648,1
9.707000,-0.150330,-0.018408,0.682578,1.875445,-3.340866,1
9.708000,-0.150330,-0.018408,0.682578,1.875445,-3.340861,1
9.709000,-0.150330,-0.018408,0.682578,1.875445,-3.340855,1
9.710000,-0.147262,-0.012272,0.682578,2.055485,-3.817514,1
9.711000,-0.150330,-0.012272,0.854233,1.303849,-2.148719,1
9.712000,-0.150330,-0.012272,0.854233,1.179291,-1.899599,1
9.713000,-0.150330,-0.015340,0.854233,-1.076627,3.273601,1
9.714000,-0.150330,-0.015340,0.854233,-1.076627,3.273606,1
9.715000,-0.150330,-0.015340,0.854233,-1.076627,3.273610,1
9.716000,-0.150330,-0.015340,0.854233,-1.076627,3.273615,1
9.717000,-0.150330,-0.015340,0.854233,-0.988984,3.098332,1
9.718000,-0.150330,-0.015340,0.854233,-0.988984,3.098337,1
9.719000,-0.150330,-0.021476,0.854233,-0.796299,2.835693,1
9.720000,-0.150330,-0.018408,0.854233,0.666709,-0.751678,1
9.721000,-0.150330,-0.018408,0.854233,0.632296,-0.682847,1
9.722000,-0.150330,-0.018408,0.854233,0.632296,-0.682841,1
9.723000,-0.150330,-0.018408,0.854233,0.601225,-0.620693,1
9.724000,-0.150330,-0.018408,-0.823790,0.547548,-2.191355,1
9.725000,-0.150330,-0.018408,-0.771746,0.524261,-2.092732,1
9.726000,-0.150330,-0.018408,-0.771746,0.524261,-2.092727,1
9.727000,-0.150330,-0.015340,-0.685445,0.518795,-2.056848,1
9.728000,-0.150330,-0.015340,-0.649141,0.518795,-2.020540,1
9.729000,-0.150330,-0.015340,-0.616518,0.518795,-1.987912,1
9.730000,-0.150330,-0.015340,-0.587114,0.518795,-1.958503,1
9.731000,-0.150330,-0.018408,-0.560296,0.518795,-1.870321,1
9.732000,-0.150330,-0.018408,-0.560296,0.518795,-1.870315,1
9.733000,-0.150330,-0.018408,-0.560296,0.518795,-1.870310,1
9.734000,-0.150330,-0.018408,-0.560296,0.518795,-1.870304,1
9.735000,-0.150330,-0.018408,-0.560296,0.518795,-1.870299,1
9.736000,-0.150330,-0.018408,-0.560296,0.518795,-1.870293,1
9.737000,-0.150330,-0.018408,-0.535897,0.518795,-1.845889,1
9.738000,-0.150330,-0.018408,-0.535897,0.518795,-1.845883,1
9.739000,-0.150330,-0.018408,-0.535897,0.518795,-1.845878,1
9.740000,-0.153398,-0.021476,-0.439884,0.518795,-1.694634,1
9.741000,-0.153398,-0.021476,-0.439884,0.518795,-1.694628,1
9.742000,-0.153398,-0.021476,-0.439884,0.518795,-1.694622,1
9.743000,-0.156466,-0.024544,-0.397107,-0.905643,1.852262,1
9.744000,-0.159534,-0.030680,-0.351640,-0.905643,2.014321,1
9.745000,-0.162602,-0.030680,-0.371308,-0.905643,1.988527,1
9.746000,-0.162602,-0.030680,-0.371308,-0.905643,1.988536,1
9.747000,-0.162602,-0.030680,-0.371308,-0.905643,1.988545,1
9.748000,-0.162602,-0.033748,-0.371308,-0.905643,2.049915,1
9.749000,-0.162602,-0.033748,-0.371308,-0.905643,2.049925,1
9.750000,-0.165670,-0.036816,-0.371308,-1.575651,3.445174,1
9.751000,-0.165670,-0.036816,-0.371308,-1.575651,3.445185,1
9.752000,-0.165670,-0.036816,-0.371308,-1.575651,3.445196,1
9.753000,-0.165670,-0.039884,-0.371308,-1.575651,3.506567,1
9.754000,-0.165670,-0.039884,-0.371308,-1.575651,3.506579,1
9.755000,-0.165670,-0.039884,-0.371308,-1.575651,3.506591,1
9.756000,-0.168738,-0.042951,-0.371308,-1.575651,3.561827,1
9.757000,-0.168738,-0.046019,-0.371308,-1.178731,2.829360,1
9.758000,-0.168738,-0.046019,-0.371308,-1.178731,2.829374,1
9.759000,-0.168738,-0.046019,-0.371308,-1.178731,2.829387,1
9.760000,-0.168738,-0.046019,-0.371308,-1.074884,2.621708,1
9.761000,-0.168738,-0.046019,-0.371308,-1.074884,2.621722,1
9.762000,-0.168738,-0.046019,-0.371308,-0.915019,2.302006,1
9.763000,-0.168738,-0.046019,-0.371308,-0.915019,2.302020,1
9.764000,-0.168738,-0.046019,-0.371308,-0.915019,2.302034,1
9.765000,-0.168738,-0.042951,-0.371308,0.796063,-1.781476,1
9.766000,-0.168738,-0.042951,-0.371308,0.796063,-1.781463,1
9.767000,-0.168738,-0.042951,-0.371308,0.796063,-1.781450,1
9.768000,-0.165670,-0.042951,-0.998046,0.666525,-2.142965,1
9.769000,-0.162602,-0.036816,-0.998046,0.636019,-2.198524,1
9.770000,-0.162602,-0.036816,-0.998046,0.636019,-2.198513,1
9.771000,-0.162602,-0.036816,-0.998046,0.636019,-2.198502,1
9.772000,-0.162602,-0.033748,-0.998046,0.636019,-2.259851,1
9.773000,-0.162602,-0.033748,-0.998046,0.636019,-2.259841,1
9.774000,-0.159534,-0.030680,-0.998046,0.636019,-2.315055,1
9.775000,-0.159534,-0.030680,-0.998046,0.636019,-2.315046,1
9.776000,-0.159534,-0.030680,-0.998046,0.636019,-2.315037,1
9.777000,-0.159534,-0.030680,-0.998046,0.636019,-2.315028,1
9.778000,-0.159534,-0.030680,-0.998046,0.636019,-2.315018,1
9.779000,-0.159534,-0.030680,-0.998046,0.636019,-2.315009,1
9.780000,-0.156466,-0.027612,0.935973,1.174188,-1.512543,1
9.781000,-0.156466,-0.027612,0.935973,1.174188,-1.512535,1
9.782000,-0.156466,-0.027612,0.935973,1.174188,-1.512526,1
9.783000,-0.156466,-0.027612,0.935973,1.174188,-1.512518,1
9.784000,-0.156466,-0.027612,0.935973,1.174188,-1.512510,1
9.785000,-0.156466,-0.027612,0.935973,1.174188,-1.512502,1
9.786000,-0.156466,-0.027612,0.761585,1.174188,-1.686882,1
9.787000,-0.156466,-0.027612,0.761585,1.174188,-1.686874,1
9.788000,-0.156466,-0.027612,0.761585,1.174188,-1.686866,1
9.789000,-0.156466,-0.027612,0.761585,1.174188,-1.686857,1
9.790000,-0.156466,-0.027612,0.761585,1.174188,-1.686849,1
9.791000,-0.156466,-0.027612,0.761585,1.174188,-1.686841,1
9.792000,-0.156466,-0.030680,0.554907,1.174188,-1.832149,1
9.793000,-0.156466,-0.030680,0.554907,1.174188,-1.832140,1
9.794000,-0.156466,-0.030680,0.554907,1.174188,-1.832131,1
9.795000,-0.156466,-0.030680,0.554907,1.174188,-1.832122,1
9.796000,-0.156466,-0.030680,0.554907,1.174188,-1.832113,1
9.797000,-0.156466,-0.030680,0.554907,1.174188,-1.832103,1
9.798000,-0.159534,-0.036816,-0.436621,-0.798832,1.839002,1
9.799000,-0.159534,-0.036816,-0.436621,-0.798832,1.839013,1
9.800000,-0.159534,-0.036816,-0.436621,-0.798832,1.839024,1
9.801000,-0.165670,-0.042951,-0.627157,-0.798832,1.758947,1
9.802000,-0.171806,-0.049087,-0.627157,-1.425697,3.123139,1
9.803000,-0.171806,-0.055223,-0.627157,-1.425697,3.245874,1
9.804000,-0.174874,-0.064427,-0.447161,-2.665483,6.000000,1
9.805000,-0.174874,-0.064427,-0.447161,-2.665483,6.000000,1
9.806000,-0.174874,-0.064427,-0.447161,-2.665483,6.000000,1
9.807000,-0.177942,-0.067495,-0.447161,-2.412025,5.631768,1
9.808000,-0.174874,-0.067495,-0.447161,-1.516317,3.846508,1
9.809000,-0.174874,-0.067495,-0.447161,-1.350372,3.514640,1
9.810000,-0.174874,-0.067495,-0.447161,-1.216419,3.246754,1
9.811000,-0.174874,-0.067495,-0.447161,-1.216419,3.246774,1
9.812000,-0.165670,-0.064427,0.740640,-0.895962,3.750729,1
9.813000,-0.165670,-0.064427,0.740640,-0.895962,3.750749,1
9.814000,-0.165670,-0.064427,0.740640,-0.895962,3.750768,1
9.815000,-0.165670,-0.064427,0.740640,-0.895962,3.750787,1
9.816000,-0.165670,-0.064427,0.740640,-0.895962,3.750807,1
9.817000,-0.165670,-0.064427,0.740640,-0.895962,3.750826,1
9.818000,-0.165670,-0.064427,0.740640,-0.895962,3.750845,1
9.819000,-0.165670,-0.064427,0.740640,-0.895962,3.750865,1
9.820000,-0.165670,-0.064427,0.740640,-0.895962,3.750884,1
9.821000,-0.165670,-0.064427,0.740640,-0.895962,3.750903,1
9.822000,-0.165670,-0.064427,0.740640,-0.895962,3.750923,1
9.823000,-0.165670,-0.064427,0.740640,-0.895962,3.750942,1
9.824000,-0.165670,-0.064427,0.740640,-0.895962,3.750961,1
9.825000,-0.165670,-0.064427,0.740640,-0.895962,3.750980,1
9.826000,-0.165670,-0.064427,0.740640,-0.895962,3.751000,1
9.827000,-0.165670,-0.064427,0.740640,-0.895962,3.751019,1
9.828000,-0.165670,-0.064427,0.740640,-0.895962,3.751038,1
9.829000,-0.153398,-0.055223,1.649703,-0.895962,4.500585,1
9.830000,-0.141126,-0.046019,2.468191,1.510916,0.000000,1
9.831000,-0.138058,-0.042951,2.468191,1.510916,0.000000,1
9.832000,-0.138058,-0.042951,2.468191,1.510916,0.000000,1
9.833000,-0.138058,-0.042951,2.468191,1.510916,0.000000,1
9.834000,-0.131922,-0.030680,2.468191,2.564441,-2.649594,1
9.835000,-0.131922,-0.030680,2.468191,2.564441,-2.649585,1
9.836000,-0.131922,-0.030680,2.468191,2.564441,-2.649576,1
9.837000,-0.131922,-0.030680,2.468191,2.564441,-2.649567,1
9.838000,-0.131922,-0.030680,2.468191,2.564441,-2.649558,1
9.839000,-0.131922,-0.030680,2.468191,2.564441,-2.649548,1
9.840000,-0.125786,-0.024544,2.786268,4.028785,-5.370599,1
9.841000,-0.125786,-0.024544,2.786268,4.028785,-5.370592,1
9.842000,-0.125786,-0.024544,2.786268,4.028785,-5.370584,1
9.843000,-0.125786,-0.024544,2.786268,4.028785,-5.370577,1
9.844000,-0.125786,-0.024544,2.786268,4.028785,-5.370569,1
9.845000,-0.107379,-0.009204,3.045491,2.543673,-2.411102,1
9.846000,-0.101243,-0.003068,2.808015,2.375962,-2.423601,1
9.847000,-0.098175,-0.003068,2.808015,2.375962,-2.417464,1
9.848000,-0.098175,-0.003068,2.808015,2.375962,-2.417463,1
9.849000,-0.098175,-0.003068,2.808015,2.375962,-2.417462,1
9.850000,-0.098175,-0.003068,2.808015,2.375962,-2.417461,1
9.851000,-0.098175,0.000000,2.594890,2.375962,-2.691946,1
9.852000,-0.098175,0.000000,2.594890,2.375962,-2.691946,1
9.853000,-0.098175,0.000000,2.594890,2.375962,-2.691946,1
9.854000,-0.098175,0.000000,2.594890,2.375962,-2.691946,1
9.855000,-0.095107,0.003068,1.586503,1.900848,-2.805327,1
9.856000,-0.095107,0.003068,1.586503,1.900848,-2.805328,1
9.857000,-0.095107,0.003068,1.586503,1.900848,-2.805329,1
9.858000,-0.095107,0.003068,1.586503,1.900848,-2.805330,1
9.859000,-0.095107,0.003068,1.586503,1.900848,-2.805331,1
9.860000,-0.095107,0.003068,1.586503,1.900848,-2.805332,1
9.861000,-0.088971,0.003068,2.070620,1.174388,-0.856024,1
9.862000,-0.088971,0.003068,2.070620,1.174388,-0.856025,1
9.863000,-0.088971,0.003068,2.070620,1.174388,-0.856026,1
9.864000,-0.088971,0.003068,2.070620,1.174388,-0.856027,1
9.865000,-0.088971,0.003068,2.070620,1.174388,-0.856028,1
9.866000,-0.088971,0.003068,2.070620,1.174388,-0.856029,1
9.867000,-0.085903,0.003068,1.233785,-0.745985,2.754017,1
9.868000,-0.085903,0.003068,1.233785,-0.745985,2.754016,1
9.869000,-0.085903,0.003068,1.233785,-0.745985,2.754015,1
9.870000,-0.085903,0.000000,0.769363,-0.620944,2.100870,1
9.871000,-0.088971,-0.006136,0.958970,-0.620944,2.407061,1
9.872000,-0.088971,-0.006136,0.958970,-0.620944,2.407063,1
9.873000,-0.088971,-0.006136,0.958970,-0.620944,2.407065,1
9.874000,-0.088971,-0.006136,0.958970,-0.620944,2.407067,1
9.875000,-0.088971,-0.009204,0.958970,-0.620944,2.468429,1
9.876000,-0.088971,-0.009204,0.958970,-0.620944,2.468432,1
9.877000,-0.088971,-0.009204,0.958970,-0.620944,2.468434,1
9.878000,-0.088971,-0.009204,0.958970,-0.620944,2.468437,1
9.879000,-0.088971,-0.015340,0.958970,-1.546170,4.441613,1
9.880000,-0.085903,-0.021476,0.958970,-1.546170,4.570474,1
9.881000,-0.085903,-0.021476,0.958970,-1.402185,4.282510,1
9.882000,-0.085903,-0.021476,0.958970,-1.259282,3.996710,1
9.883000,-0.085903,-0.021476,0.902573,-1.142116,3.705987,1
9.884000,-0.082835,-0.021476,0.840717,-1.044840,3.455722,1
9.885000,-0.082835,-0.021476,0.840717,-1.044840,3.455728,1
9.886000,-0.082835,-0.021476,0.840717,-1.044840,3.455734,1
9.887000,-0.082835,-0.021476,0.840717,-1.044840,3.455741,1
9.888000,-0.082835,-0.021476,0.840717,-1.044840,3.455747,1
9.889000,-0.082835,-0.021476,0.840717,-1.044840,3.455754,1
9.890000,-0.082835,-0.021476,0.840717,-1.044840,3.455760,1
9.891000,-0.082835,-0.021476,0.840717,-1.044840,3.455767,1
9.892000,-0.082835,-0.021476,0.786482,-0.962364,3.236586,1
9.893000,-0.082835,-0.021476,0.786482,-0.962364,3.236592,1
9.894000,-0.082835,-0.021476,0.786482,-0.962364,3.236599,1
9.895000,-0.070563,-0.015340,0.604600,0.651012,-0.870206,1
9.896000,-0.070563,-0.015340,0.604600,0.651012,-0.870202,1
9.897000,-0.070563,-0.015340,0.604600,0.651012,-0.870197,1
9.898000,-0.064427,-0.012272,1.219813,0.651012,0.000000,1
9.899000,-0.064427,-0.012272,1.219813,0.651012,0.000000,1
9.900000,-0.064427,-0.012272,1.219813,0.651012,0.000000,1
9.901000,-0.064427,-0.012272,1.219813,0.651012,0.000000,1
9.902000,-0.064427,-0.012272,1.219813,0.651012,0.000000,1
9.903000,-0.064427,-0.012272,1.219813,0.651012,0.000000,1
9.904000,-0.055223,-0.003068,2.164220,1.803000,-1.829287,1
9.905000,-0.055223,-0.003068,2.164220,1.803000,-1.829286,1
9.906000,-0.055223,-0.003068,2.164220,1.803000,-1.829286,1
9.907000,-0.039884,0.015340,2.475285,3.336567,-4.922833,1
9.908000,-0.030680,0.021476,2.746386,2.190483,-2.463881,1
9.909000,-0.030680,0.021476,2.746386,2.190483,-2.463888,1
9.910000,-0.030680,0.021476,2.746386,2.190483,-2.463894,1
9.911000,-0.027612,0.024544,2.746386,2.190483,-2.519125,1
9.912000,-0.027612,0.024544,2.746386,2.190483,-2.519132,1
9.913000,-0.024544,0.027612,2.746386,2.190483,-2.574364,1
9.914000,-0.024544,0.027612,2.746386,2.190483,-2.574372,1
9.915000,-0.024544,0.027612,2.746386,2.190483,-2.574381,1
9.916000,-0.018408,0.030680,2.391370,2.108016,-2.813560,1
9.917000,-0.018408,0.030680,2.391370,2.108016,-2.813569,1
9.918000,-0.018408,0.030680,2.391370,2.108016,-2.813579,1
9.919000,-0.015340,0.036816,2.391370,2.084302,-2.882743,1
9.920000,-0.015340,0.036816,2.391370,2.084302,-2.882754,1
9.921000,-0.015340,0.036816,2.391370,2.084302,-2.882765,1
9.922000,-0.015340,0.036816,2.391370,2.084302,-2.882776,1
9.923000,-0.015340,0.036816,2.391370,2.084302,-2.882787,1
9.924000,-0.015340,0.036816,2.391370,2.084302,-2.882798,1
9.925000,-0.009204,0.039884,1.955149,2.070154,-3.339824,1
9.926000,-0.009204,0.039884,1.955149,2.070154,-3.339836,1
9.927000,-0.009204,0.039884,1.955149,2.070154,-3.339848,1
9.928000,-0.003068,0.042951,1.918167,1.028574,-1.342770,1
9.929000,0.000000,0.039884,1.423366,-0.770258,2.427577,1
9.930000,0.000000,0.039884,1.277074,-0.725297,2.191350,1
9.931000,0.003068,0.039884,1.155564,-0.684423,1.994217,1
9.932000,0.003068,0.036816,1.056338,-0.675923,1.939339,1
9.933000,0.003068,0.036816,0.972362,-0.675923,1.855352,1
9.934000,0.009204,0.036816,1.125252,-0.675923,2.020503,1
9.935000,0.009204,0.036816,1.125252,-0.675923,2.020492,1
9.936000,0.009204,0.036816,1.125252,-0.675923,2.020481,1
9.937000,0.009204,0.036816,1.125252,-0.675923,2.020469,1
9.938000,0.009204,0.036816,1.125252,-0.675923,2.020458,1
9.939000,0.009204,0.036816,1.125252,-0.675923,2.020447,1
9.940000,0.009204,0.036816,1.125252,-0.675923,2.020436,1
9.941000,0.009204,0.036816,1.125252,-0.675923,2.020425,1
9.942000,0.009204,0.036816,1.125252,-0.675923,2.020414,1
9.943000,0.009204,0.036816,1.125252,-0.675923,2.020403,1
9.944000,0.009204,0.036816,1.125252,-0.675923,2.020392,1
9.945000,0.009204,0.036816,1.125252,-0.675923,2.020381,1
9.946000,0.009204,0.036816,1.125252,-0.675923,2.020370,1
9.947000,0.009204,0.036816,1.125252,-0.675923,2.020359,1
9.948000,0.018408,0.039884,0.941934,-0.675923,1.794077,1
9.949000,0.024544,0.042951,0.941934,-0.675923,1.744977,1
9.950000,0.024544,0.042951,0.941934,-0.675923,1.744964,1
9.951000,0.024544,0.042951,0.941934,-0.675923,1.744951,1
9.952000,0.024544,0.042951,0.941934,-0.675923,1.744939,1
9.953000,0.024544,0.042951,0.941934,-0.675923,1.744926,1
9.954000,0.030680,0.046019,1.624552,0.649310,-0.872023,1
9.955000,0.036816,0.049087,1.624552,0.649310,-0.921125,1
9.956000,0.036816,0.049087,1.624552,0.649310,-0.921140,1
9.957000,0.036816,0.049087,1.624552,0.649310,-0.921155,1
9.958000,0.046019,0.058291,2.063574,1.664086,-2.677371,1
9.959000,0.052155,0.067495,2.063574,1.664086,-2.849198,1
9.960000,0.052155,0.067495,2.063574,1.664086,-2.849218,1
9.961000,0.052155,0.067495,2.063574,1.664086,-2.849238,1
9.962000,0.052155,0.070563,2.063574,3.061021,-5.704489,1
9.963000,0.055223,0.070563,2.143908,3.061021,-5.618041,1
9.964000,0.058291,0.076699,1.622214,1.445509,-3.025315,1
9.965000,0.058291,0.076699,1.622214,1.445509,-3.025338,1
9.966000,0.058291,0.076699,1.062924,1.170671,-3.034975,1
9.967000,0.058291,0.076699,1.062924,1.170671,-3.034998,1
9.968000,0.058291,0.076699,1.062924,1.170671,-3.035021,1
9.969000,0.058291,0.076699,1.062924,1.170671,-3.035044,1
9.970000,0.058291,0.076699,1.062924,1.170671,-3.035067,1
9.971000,0.058291,0.076699,1.062924,1.170671,-3.035090,1
9.972000,0.058291,0.076699,1.062924,1.170671,-3.035113,1
9.973000,0.058291,0.076699,1.062924,1.170671,-3.035136,1
9.974000,0.058291,0.076699,1.062924,1.170671,-3.035159,1
9.975000,0.058291,0.076699,1.062924,1.170671,-3.035182,1
9.976000,0.058291,0.076699,1.062924,1.170671,-3.035205,1
9.977000,0.058291,0.076699,1.062924,1.170671,-3.035228,1
9.978000,0.058291,0.076699,1.062924,1.170671,-3.035251,1
9.979000,0.058291,0.076699,1.062924,1.068774,-2.831482,1
9.980000,0.055223,0.070563,1.062924,1.023590,-2.624551,1
9.981000,0.055223,0.070563,1.062924,1.023590,-2.624572,1
9.982000,0.055223,0.070563,1.062924,1.023590,-2.624593,1
9.983000,0.052155,0.064427,1.062924,1.023590,-2.508030,1
9.984000,0.049087,0.061359,-0.995424,-1.253802,0.643610,1
9.985000,0.049087,0.058291,-0.920211,-1.253802,0.780164,1
9.986000,0.049087,0.058291,-0.920211,-1.253802,0.780147,1
9.987000,0.049087,0.058291,-0.920211,-1.253802,0.780129,1
9.988000,0.046019,0.049087,-1.190422,-2.238838,2.657917,1
9.989000,0.046019,0.049087,-1.190422,-2.238838,2.657902,1
9.990000,0.039884,0.042951,-1.190422,-2.238838,2.768336,1
9.991000,0.039884,0.042951,-1.190422,-2.238838,2.768323,1
9.992000,0.039884,0.042951,-1.190422,-2.238838,2.768310,1
9.993000,0.039884,0.042951,-1.190422,-2.238838,2.768297,1
9.994000,0.039884,0.042951,-1.190422,-2.238838,2.768284,1
9.995000,0.039884,0.042951,-1.190422,-2.238838,2.768272,1
9.996000,0.039884,0.042951,-1.190422,-2.238838,2.768259,1
9.997000,0.039884,0.042951,-1.190422,-2.238838,2.768246,1
9.998000,0.039884,0.042951,-1.190422,-2.238838,2.768233,1
9.999000,0.039884,0.036816,-1.190422,-1.855096,2.123457,1
